ts_ms,bb_middle,bb_upper_band,bb_lower_band
1542211200000,,,
1542225600000,,,
1542240000000,,,
1542254400000,,,
1542268800000,,,
1542283200000,,,
1542297600000,,,
1542312000000,,,
1542326400000,,,
1542340800000,,,
1542355200000,,,
1542369600000,,,
1542384000000,,,
1542398400000,5528,5628.67285,5427.32715
1542412800000,5525.85693,5630.49023,5421.22412
1542427200000,5519,5615.14355,5422.85645
1542441600000,5512.78564,5604.67041,5420.90088
1542456000000,5506,5592.99658,5419.00342
1542470400000,5511.71436,5582.04492,5441.38379
1542484800000,5514.92871,5578.67676,5451.18018
1542499200000,5515.92871,5581.1084,5450.74854
1542513600000,5512.25,5567.8916,5456.6084
1542528000000,5508.5,5554.75684,5462.24316
1542542400000,5510.17871,5557.56982,5462.78711
1542556800000,5511.57129,5564.13281,5459.01025
1542571200000,5513.28564,5569.81592,5456.75537
1542585600000,5513.75,5570.14014,5457.35986
1542600000000,5504.85693,5592.00342,5417.71094
1542614400000,5489.64307,5646.30566,5332.97998
1542628800000,5462.28564,5707.21484,5217.35645
1542643200000,5424.46436,5780.05176,5068.87695
1542657600000,5371.5,5871.12988,4871.87012
1542672000000,5322.39307,5895.00586,4749.77979
1542686400000,5255.71436,5936.55078,4574.87793
1542700800000,5168.60693,5978.64258,4358.57178
1542715200000,5110.78564,5925.64551,4295.92627
1542729600000,5037.39307,5877.73584,4197.05029
1542744000000,4953.89307,5814.32275,4093.46313
1542758400000,4873.32129,5699.58984,4047.05298
1542772800000,4796.35693,5551.60986,4041.10449
1542787200000,4723.85693,5378.35596,4069.3584
1542801600000,4661.60693,5209.89795,4113.31641
1542816000000,4601.28564,5054.24072,4148.33057
1542830400000,4559.35693,4908.29053,4210.42383
1542844800000,4528.21436,4797.69531,4258.7334
1542859200000,4512.5,4755.96729,4269.03271
1542873600000,4487.25,4670.40723,4304.09277
1542888000000,4478.67871,4657.08789,4300.26953
1542902400000,4483.85693,4647.8667,4319.84766
1542916800000,4451.32129,4596.23779,4306.40479
1542931200000,4432.07129,4617.93311,4246.20996
1542945600000,4422.21436,4635.00635,4209.42236
1542960000000,4411.64307,4634.51514,4188.77051
1542974400000,4396.75,4627.48779,4166.01221
1542988800000,4377.71436,4615.91553,4139.51318
1543003200000,4361.75,4591.20752,4132.29248
1543017600000,4354.42871,4584.18408,4124.67285
1543032000000,4335.10693,4545.37305,4124.84131
1543046400000,4316.42871,4501.57031,4131.28711
1543060800000,4295.96436,4448.60693,4143.32178
1543075200000,4273.25,4421.7334,4124.7666
1543089600000,4225.57129,4496.86719,3954.27563
1543104000000,4171.28564,4560.82617,3781.74512
1543118400000,4131.57129,4584.09473,3679.0481
1543132800000,4100.10693,4584.10156,3616.11279
1543147200000,4065.10718,4578.7417,3551.47266
1543161600000,4029.53564,4544.64209,3514.4292
1543176000000,4005.60718,4504.68311,3506.53101
1543190400000,3987.71436,4470.89307,3504.53564
1543204800000,3964.57153,4417.72314,3511.41968
1543219200000,3937.46436,4349.58057,3525.3479
1543233600000,3895.35718,4284.84863,3505.86548
1543248000000,3860.46436,4196.3335,3524.59497
1543262400000,3824.28564,4096.16113,3552.4104
1543276800000,3792.03564,4012.21802,3571.85352
1543291200000,3788.78564,4010.88794,3566.68359
1543305600000,3789.5,4009.7207,3569.2793
1543320000000,3786.42847,4012.32031,3560.53662
1543334400000,3781.89282,4010.76978,3553.01611
1543348800000,3784.71436,4012.02979,3557.39868
1543363200000,3788.14282,4017.29541,3558.99023
1543377600000,3794.28564,4042.66064,3545.91089
1543392000000,3796.25,4050.8418,3541.6582
1543406400000,3811.82153,4125.78223,3497.8606
1543420800000,3836,4224.41064,3447.5896
1543435200000,3874.78564,4298.20898,3451.36255
1543449600000,3900.64282,4339.95898,3461.32666
1543464000000,3931.75,4378.10596,3485.39404
1543478400000,3979.07153,4448.91309,3509.22974
1543492800000,4014.92847,4481.40039,3548.45679
1543507200000,4053.07153,4479.0249,3627.11792
1543521600000,4093.53564,4468.32812,3718.74341
1543536000000,4132.21436,4450.22852,3814.19995
1543550400000,4159.75,4406.93457,3912.56567
1543564800000,4166.53564,4381.45654,3951.61499
1543579200000,4162.57129,4389.77979,3935.36304
1543593600000,4159,4397.12451,3920.87549
1543608000000,4144.10693,4399.56396,3888.65039
1543622400000,4122.75,4384.62354,3860.87671
1543636800000,4103.10693,4374.39111,3831.823
1543651200000,4103.28564,4374.65674,3831.91455
1543665600000,4104.17871,4376.35791,3831.99902
1543680000000,4096.32129,4345.81836,3846.82422
1543694400000,4089.14282,4327.57422,3850.71143
1543708800000,4085.82153,4320.21973,3851.42334
1543723200000,4077.14282,4298.16064,3856.125
1543737600000,4063.85718,4261.25098,3866.46313
1543752000000,4060.28564,4252.55225,3868.01929
1543766400000,4073.17847,4254.26123,3892.09595
1543780800000,4083.28564,4254.73926,3911.83203
1543795200000,4082.75,4255.80566,3909.69434
1543809600000,4081.67847,4257.54004,3905.81714
1543824000000,4081.78564,4257.36279,3906.2085
1543838400000,4072.64282,4285.45459,3859.8313
1543852800000,4049.64282,4296.34717,3802.93848
1543867200000,4025.35718,4285.85156,3764.86279
1543881600000,3995.25,4249.92529,3740.57471
1543896000000,3983.57153,4225.96582,3741.17725
1543910400000,3970.57153,4197.92676,3743.21606
1543924800000,3960.42847,4174.55029,3746.30688
1543939200000,3948.96436,4155.33154,3742.59717
1543953600000,3934.53564,4122.0752,3746.99609
1543968000000,3914.39282,4078.54834,3750.2373
1543982400000,3892.03564,4028.01221,3756.05908
1543996800000,3886.25,4018.62915,3753.87085
1544011200000,3876.42847,4005.6814,3747.17578
1544025600000,3857.07153,4006.46973,3707.6731
1544040000000,3848.42847,4018.95288,3677.9043
1544054400000,3841,4025.13306,3656.86694
1544068800000,3839.96436,4024.46216,3655.46631
1544083200000,3837.21436,4024.42529,3650.00317
1544097600000,3812.5,4012.40649,3612.59351
1544112000000,3789.5,3993.05493,3585.94507
1544126400000,3751.07153,4003.67969,3498.46313
1544140800000,3708.92847,4029.21338,3388.6438
1544155200000,3670.64282,4015.2439,3326.04175
1544169600000,3638.10718,4000.24805,3275.96631
1544184000000,3603.17847,3991.79834,3214.55884
1544198400000,3574.07153,3938.854,3209.28882
1544212800000,3541.85718,3892.39575,3191.3186
1544227200000,3523.67847,3866.88403,3180.47314
1544241600000,3504.46436,3837.22559,3171.70312
1544256000000,3483,3797.85913,3168.14087
1544270400000,3449.71436,3710.11719,3189.31128
1544284800000,3419.85718,3611.75952,3227.95483
1544299200000,3403.46436,3557.20093,3249.72778
1544313600000,3387.17847,3474.65234,3299.70483
1544328000000,3385.60718,3470.81616,3300.39795
1544342400000,3392.75,3471.26538,3314.23462
1544356800000,3405.75,3517.47583,3294.02417
1544371200000,3418.67847,3554.35352,3283.00366
1544385600000,3434.5,3565.021,3303.979
1544400000000,3439.60718,3579.30542,3299.90894
1544414400000,3447.5,3583.46387,3311.53613
1544428800000,3451.07153,3588.72827,3313.41455
1544443200000,3449.89282,3588.68311,3311.10254
1544457600000,3447.17847,3590.32324,3304.03394
1544472000000,3451.10718,3586.27441,3315.93994
1544486400000,3453.17847,3583.21289,3323.14429
1544500800000,3452.82153,3583.49146,3322.15137
1544515200000,3448.60718,3588.76489,3308.44946
1544529600000,3442.21436,3596.88428,3287.54419
1544544000000,3435.96436,3600.47803,3271.45044
1544558400000,3421.17847,3578.74072,3263.61646
1544572800000,3405.5,3547.61304,3263.38696
1544587200000,3394.96436,3520.5415,3269.38696
1544601600000,3387.57153,3489.64136,3285.50146
1544616000000,3385.07153,3479.11768,3291.02515
1544630400000,3380.78564,3459.43115,3302.14038
1544644800000,3382.39282,3464.13745,3300.64844
1544659200000,3383.21436,3464.79565,3301.63281
1544673600000,3380.92847,3461.61646,3300.24048
1544688000000,3379.14282,3460.53906,3297.74658
1544702400000,3379.28564,3460.78223,3297.78931
1544716800000,3377.03564,3463.76562,3290.30591
1544731200000,3372.75,3475.39282,3270.10718
1544745600000,3366.57153,3487.0293,3246.11353
1544760000000,3360.71436,3492.43994,3228.98853
1544774400000,3354.17847,3497.80933,3210.54785
1544788800000,3343.39282,3500.03687,3186.74902
1544803200000,3325.53564,3495.08374,3155.98779
1544817600000,3307.46436,3475.08276,3139.84595
1544832000000,3292.35718,3450.76782,3133.94653
1544846400000,3275.75,3420.48853,3131.01147
1544860800000,3259.53564,3402.76196,3116.30933
1544875200000,3242.17847,3384.6062,3099.75073
1544889600000,3228.57153,3359.50049,3097.64233
1544904000000,3213.64282,3308.0603,3119.22559
1544918400000,3208.07153,3286.03271,3130.11011
1544932800000,3205,3278.25488,3131.74512
1544947200000,3204.25,3276.01025,3132.48975
1544961600000,3200.5,3264.90723,3136.09277
1544976000000,3199.03564,3259.79468,3138.27686
1544990400000,3196.35718,3255.04321,3137.6709
1545004800000,3197.67847,3255.66089,3139.69629
1545019200000,3200.89282,3262.67847,3139.10742
1545033600000,3202.03564,3265.68262,3138.38892
1545048000000,3215.96436,3333.44165,3098.48706
1545062400000,3242.92847,3440.40552,3045.45166
1545076800000,3269,3494.82617,3043.17383
1545091200000,3295.10718,3551.14233,3039.07202
1545105600000,3317.64282,3586.34717,3048.93848
1545120000000,3334.96436,3611.40796,3058.52075
1545134400000,3356.10718,3637.54248,3074.67163
1545148800000,3376.5,3661.37695,3091.62305
1545163200000,3408.85718,3712.77979,3104.93457
1545177600000,3445.57153,3776.46143,3114.6814
1545192000000,3482.71436,3807.4209,3158.00757
1545206400000,3526.28564,3850.45508,3202.11621
1545220800000,3564.14282,3868.7002,3259.58545
1545235200000,3601.57153,3860.5061,3342.63672
1545249600000,3622.07153,3856.29004,3387.85278
1545264000000,3635.03564,3868.63281,3401.43848
1545278400000,3652.21436,3877.61499,3426.81348
1545292800000,3687.10718,3972.16333,3402.05103
1545307200000,3724.10718,4036.12842,3412.08569
1545321600000,3764.60718,4085.40552,3443.80884
1545336000000,3804.60718,4128.08398,3481.13013
1545350400000,3841.82153,4145.49609,3538.14673
1545364800000,3866.53564,4164.06787,3569.00366
1545379200000,3886.25,4184.86865,3587.63135
1545393600000,3904.25,4188.35059,3620.14941
1545408000000,3904.75,4188.19873,3621.30151
1545422400000,3909.64282,4185.85645,3633.4292
1545436800000,3914.10718,4182.34229,3645.87183
1545451200000,3925.39282,4165.24072,3685.54492
1545465600000,3936.96436,4149.45459,3724.47388
1545480000000,3943.32153,4135.82764,3750.81519
1545494400000,3933.57153,4122.74609,3744.39697
1545508800000,3930.82153,4116.02637,3745.6167
1545523200000,3928.21436,4107.86084,3748.56787
1545537600000,3921.32153,4085.40967,3757.23315
1545552000000,3919.28564,4077.95239,3760.61914
1545566400000,3913.28564,4064.16577,3762.40552
1545580800000,3908.75,4050.23071,3767.26929
1545595200000,3907.53564,4047.43335,3767.63818
1545609600000,3933.07153,4119.29053,3746.85229
1545624000000,3958.32153,4178.83545,3737.80762
1545638400000,3980.75,4204.88135,3756.61865
1545652800000,3996.46436,4209.19824,3783.73047
1545667200000,4007.03564,4209.74365,3804.32788
1545681600000,4021.85718,4197.89307,3845.82129
1545696000000,4011.03564,4231.93408,3790.13745
1545710400000,3995.92847,4249.60986,3742.24707
1545724800000,3978.07153,4259.38965,3696.75317
1545739200000,3960.28564,4270.51074,3650.06055
1545753600000,3940.39282,4269.55664,3611.22925
1545768000000,3929.96436,4269.56689,3590.36157
1545782400000,3921.32153,4264.07959,3578.56323
1545796800000,3909.14282,4259.62842,3558.65747
1545811200000,3878.85718,4205.36426,3552.3501
1545825600000,3846.21436,4129.71289,3562.71582
1545840000000,3822.14282,4056.22363,3588.06226
1545854400000,3804.07153,3997.80566,3610.33716
1545868800000,3783.42847,3934.95117,3631.90601
1545883200000,3762.64282,3825.29541,3699.99023
1545897600000,3763.39282,3824.94556,3701.84009
1545912000000,3761.10718,3824.0188,3698.19556
1545926400000,3749.82153,3853.82324,3645.81958
1545940800000,3740,3873.49854,3606.50146
1545955200000,3730.21436,3882.5061,3577.92236
1545969600000,3717.35718,3881.13208,3553.58228
1545984000000,3702.57153,3858.75439,3546.38843
1545998400000,3706.32153,3871.54028,3541.10278
1546012800000,3716,3904.34229,3527.65771
1546027200000,3727.10718,3935.75,3518.46411
1546041600000,3733.35718,3955.01636,3511.698
1546056000000,3740.67847,3977.69116,3503.66602
1546070400000,3749.92847,3995.67017,3504.18677
1546084800000,3759.10718,4012.45996,3505.75439
1546099200000,3765.71436,4022.10938,3509.31934
1546113600000,3763.35718,4021.36646,3505.3479
1546128000000,3772.57153,4015.427,3529.71582
1546142400000,3784.42847,4005.07959,3563.77759
1546156800000,3800.92847,3996.46704,3605.39014
1546171200000,3815.42847,3975.69873,3655.15845
1546185600000,3828.42847,3950.40381,3706.45337
1546200000000,3828.64282,3950.62134,3706.66431
1546214400000,3821.5,3941.24976,3701.75024
1546228800000,3813.75,3928.71191,3698.78809
1546243200000,3803.25,3916.74121,3689.75879
1546257600000,3793.28564,3891.53662,3695.03467
1546272000000,3779.85718,3885.26685,3674.44751
1546286400000,3767.03564,3868.82983,3665.24146
1546300800000,3756.14282,3857.86816,3654.41748
1546315200000,3756.10718,3857.90601,3654.30811
1546329600000,3754,3859.08301,3648.91699
1546344000000,3748.64282,3860.79297,3636.49292
1546358400000,3739.42847,3844.63843,3634.21875
1546372800000,3741.03564,3850.58716,3631.48438
1546387200000,3740.35718,3848.32227,3632.39185
1546401600000,3737.75,3838.39697,3637.10303
1546416000000,3739.21436,3843.08423,3635.34448
1546430400000,3741.60718,3850.67676,3632.5376
1546444800000,3748.96436,3869.61816,3628.31055
1546459200000,3757.46436,3897.73828,3617.19043
1546473600000,3771.10718,3915.30005,3626.91431
1546488000000,3782.25,3924.04956,3640.45044
1546502400000,3792.92847,3926.23853,3659.61865
1546516800000,3802.39282,3927.52612,3677.25977
1546531200000,3807.89282,3920.70264,3695.08325
1546545600000,3815.46436,3904.00366,3726.92505
1546560000000,3822.60718,3885.01147,3760.20264
1546574400000,3821.25,3884.29736,3758.20264
1546588800000,3819.82153,3885.62158,3754.02124
1546603200000,3816.64282,3890.8833,3742.40259
1546617600000,3813.35718,3893.22607,3733.48804
1546632000000,3813.5,3893.38745,3733.61255
1546646400000,3813.42847,3893.21558,3733.6416
1546660800000,3808.71436,3877.33813,3740.09033
1546675200000,3806.35718,3868.34497,3744.36938
1546689600000,3805.25,3864.80029,3745.69971
1546704000000,3805.64282,3866.03979,3745.24609
1546718400000,3802.71436,3860.87378,3744.55469
1546732800000,3804.03564,3860.61743,3747.45386
1546747200000,3804.32153,3860.53491,3748.10815
1546761600000,3805.03564,3861.26538,3748.80591
1546776000000,3806.39282,3863.46436,3749.32129
1546790400000,3826.03564,3964.22021,3687.85132
1546804800000,3846.75,4016.23193,3677.26807
1546819200000,3866.75,4055.12231,3678.37769
1546833600000,3882.57153,4088.00684,3677.13599
1546848000000,3895.39282,4111.00342,3679.78247
1546862400000,3908.92847,4128.17188,3689.68506
1546876800000,3922.25,4145.02832,3699.47192
1546891200000,3934.64282,4155.14062,3714.14526
1546905600000,3944.67847,4159.84863,3729.50879
1546920000000,3958.07153,4157.03955,3759.10352
1546934400000,3975.25,4155.78174,3794.71826
1546948800000,3992.60718,4141.79395,3843.42017
1546963200000,4006.75,4116.28125,3897.21875
1546977600000,4018.96436,4062.52612,3975.40234
1546992000000,4016.71436,4055.71753,3977.71118
1547006400000,4015.21436,4052.15771,3978.27075
1547020800000,4014.39282,4049.65747,3979.12817
1547035200000,4010.89282,4045.6145,3976.17114
1547049600000,4010.14282,4044.45337,3975.83252
1547064000000,4009.35718,4044.00928,3974.70483
1547078400000,4008.53564,4042.34277,3974.72852
1547092800000,3993.57153,4108.50879,3878.63428
1547107200000,3979.64282,4136.8042,3822.48169
1547121600000,3965.14282,4153.02881,3777.25659
1547136000000,3935.92847,4187.16846,3684.68848
1547150400000,3906.5,4199.37061,3613.62939
1547164800000,3879.25,4199.03027,3559.46973
1547179200000,3853.67847,4189.2124,3518.14478
1547193600000,3826.07153,4164.9209,3487.22168
1547208000000,3798.85718,4132.67871,3465.03564
1547222400000,3771.60718,4088.16016,3455.05396
1547236800000,3746,4045.44409,3446.55591
1547251200000,3719.57153,3984.46753,3454.67529
1547265600000,3692.67847,3910.25146,3475.10571
1547280000000,3664.17847,3793.67627,3534.68091
1547294400000,3651.82153,3760.11694,3543.52588
1547308800000,3640.42847,3719.47266,3561.38452
1547323200000,3628.53564,3647.80249,3609.26904
1547337600000,3628.17847,3647.72925,3608.62793
1547352000000,3627.78564,3648.25781,3607.31372
1547366400000,3627,3648.43091,3605.56909
1547380800000,3625.17847,3647.22583,3603.1311
1547395200000,3615.92847,3679.94067,3551.9165
1547409600000,3606.78564,3689.65015,3523.92114
1547424000000,3597.64282,3688.99414,3506.2915
1547438400000,3590.78564,3685.44434,3496.1272
1547452800000,3582.57153,3678.66943,3486.47339
1547467200000,3585.67847,3689.44116,3481.91602
1547481600000,3590.32153,3703.91016,3476.73291
1547496000000,3593.28564,3712.12329,3474.448
1547510400000,3596.32153,3720.45142,3472.19165
1547524800000,3600.14282,3729.28418,3471.00146
1547539200000,3601.92847,3732.90771,3470.94946
1547553600000,3602.78564,3734.21289,3471.35864
1547568000000,3603.78564,3735.79639,3471.77515
1547582400000,3601.42847,3733.98145,3468.87573
1547596800000,3607.5,3729.56787,3485.43213
1547611200000,3612.25,3723.37964,3501.12036
1547625600000,3619.21436,3717.30005,3521.12842
1547640000000,3624.64282,3711.22192,3538.06396
1547654400000,3629.60718,3699.03467,3560.17969
1547668800000,3625.03564,3692.27466,3557.79688
1547683200000,3618.21436,3681.85693,3554.57153
1547697600000,3613.03564,3672.60132,3553.46997
1547712000000,3607.60718,3659.08545,3556.12866
1547726400000,3603.53564,3643.45801,3563.61353
1547740800000,3601.96436,3636.25391,3567.67456
1547755200000,3602.92847,3640.42114,3565.43604
1547769600000,3602.64282,3639.37427,3565.91138
1547784000000,3605.78564,3641.22314,3570.34814
1547798400000,3607.10718,3641.76099,3572.45337
1547812800000,3610.57153,3641.60107,3579.54175
1547827200000,3609.35718,3640.84741,3577.86694
1547841600000,3609.14282,3640.62622,3577.65942
1547856000000,3610.92847,3641.71558,3580.1416
1547870400000,3611.71436,3642.26343,3581.16528
1547884800000,3621.71436,3683.3269,3560.10181
1547899200000,3630.03564,3703.42163,3556.6499
1547913600000,3638.03564,3717.67993,3558.39136
1547928000000,3643.42847,3724.81909,3562.03809
1547942400000,3648.39282,3733.09253,3563.69336
1547956800000,3651.89282,3738.77222,3565.01343
1547971200000,3649.10718,3741.51782,3556.69653
1547985600000,3641.25,3757.10498,3525.39502
1548000000000,3634.17847,3767.45361,3500.90356
1548014400000,3627.53564,3770.9624,3484.10913
1548028800000,3623.14282,3773.45947,3472.82642
1548043200000,3617.57153,3775.31836,3459.82446
1548057600000,3612.71436,3774.0708,3451.35767
1548072000000,3607.17847,3773.16162,3441.19556
1548086400000,3593.82153,3750.36206,3437.28076
1548100800000,3581.03564,3727.07251,3434.99878
1548115200000,3569,3699.09009,3438.90991
1548129600000,3557.25,3672.1355,3442.3645
1548144000000,3545.57153,3631.98804,3459.15479
1548158400000,3537.82153,3579.78003,3495.86304
1548172800000,3537.14282,3576.13257,3498.15308
1548187200000,3541.85718,3583.64819,3500.06616
1548201600000,3546.96436,3590.12085,3503.80762
1548216000000,3549.32153,3592.44678,3506.19604
1548230400000,3552,3596.37183,3507.62817
1548244800000,3553.42847,3596.13159,3510.72559
1548259200000,3552.32153,3595.96045,3508.68237
1548273600000,3553.32153,3596.14429,3510.49854
1548288000000,3553.07153,3596.34595,3509.79688
1548302400000,3554.21436,3595.6936,3512.73511
1548316800000,3555.67847,3595.98389,3515.37329
1548331200000,3558.10718,3593.43042,3522.78369
1548345600000,3561.25,3594.1106,3528.3894
1548360000000,3560.42847,3591.97192,3528.88525
1548374400000,3559.85718,3590.45459,3529.25977
1548388800000,3558.57153,3587.38818,3529.75464
1548403200000,3555.14282,3582.92114,3527.3645
1548417600000,3554.75,3582.14062,3527.35938
1548432000000,3552.60718,3578.11108,3527.10303
1548446400000,3553.35718,3579.12646,3527.58765
1548460800000,3555.82153,3581.07324,3530.56958
1548475200000,3560.75,3602.11035,3519.38965
1548489600000,3564.64282,3604.68457,3524.60107
1548504000000,3565.03564,3604.40112,3525.67017
1548518400000,3564.75,3604.40161,3525.09839
1548532800000,3564.75,3604.40161,3525.09839
1548547200000,3563.57153,3602.91406,3524.22876
1548561600000,3562.10718,3602.2002,3522.01416
1548576000000,3559.60718,3601.96973,3517.24438
1548590400000,3557.96436,3601.8186,3514.10986
1548604800000,3558.82153,3601.29419,3516.34863
1548619200000,3556.64282,3601.89355,3511.39209
1548633600000,3551.32153,3614.85962,3487.78345
1548648000000,3542.42847,3629.01025,3455.84668
1548662400000,3530.85718,3639.76294,3421.95117
1548676800000,3516.32153,3628.0415,3404.60132
1548691200000,3503.78564,3620.46875,3387.10254
1548705600000,3495.07153,3614.68384,3375.45898
1548720000000,3484.71436,3607.53687,3361.8916
1548734400000,3470.71436,3602.85571,3338.57275
1548748800000,3457.53564,3588.8269,3326.24463
1548763200000,3447.17847,3571.1189,3323.23804
1548777600000,3437.89282,3553.63086,3322.15479
1548792000000,3427.64282,3531.03906,3324.24658
1548806400000,3417.39282,3497.18481,3337.60107
1548820800000,3409,3459.69092,3358.30908
1548835200000,3405.07153,3443.21558,3366.92725
1548849600000,3405.46436,3444.96387,3365.96484
1548864000000,3407.25,3449.31421,3365.18579
1548878400000,3408.5,3452.58105,3364.41895
1548892800000,3411.39282,3460.75049,3362.0354
1548907200000,3412.92847,3465.54956,3360.30737
1548921600000,3412.92847,3465.54956,3360.30737
1548936000000,3416.85718,3459.99561,3373.71875
1548950400000,3419.60718,3455.81909,3383.39502
1548964800000,3420.25,3455.53198,3384.96802
1548979200000,3419.57153,3456.40869,3382.73413
1548993600000,3418.75,3458.24829,3379.25171
1549008000000,3419.92847,3458.51025,3381.34692
1549022400000,3421.35718,3459.9917,3382.72266
1549036800000,3423.32153,3463.23853,3383.4043
1549051200000,3422.96436,3462.30981,3383.6189
1549065600000,3423.21436,3462.86768,3383.56104
1549080000000,3422.46436,3461.66797,3383.26074
1549094400000,3421.60718,3458.7019,3384.51221
1549108800000,3419.78564,3453.47266,3386.09863
1549123200000,3421.71436,3455.57275,3387.85596
1549137600000,3425.35718,3465.32031,3385.3938
1549152000000,3427.32153,3467.26709,3387.37573
1549166400000,3428.14282,3467.2168,3389.06885
1549180800000,3430.03564,3464.72925,3395.34229
1549195200000,3432.67847,3456.38086,3408.97632
1549209600000,3431.46436,3459.06201,3403.86646
1549224000000,3430.25,3459.28149,3401.21851
1549238400000,3428,3457.75854,3398.24146
1549252800000,3426.57153,3456.48047,3396.66235
1549267200000,3423.82153,3456.354,3391.28882
1549281600000,3422.82153,3456.18213,3389.46069
1549296000000,3421.10718,3453.31006,3388.9043
1549310400000,3420,3452.72168,3387.27832
1549324800000,3418.25,3450.18677,3386.31323
1549339200000,3414.57153,3433.6123,3395.53076
1549353600000,3413.17847,3426.59814,3399.75903
1549368000000,3412.78564,3425.32544,3400.24609
1549382400000,3412.82153,3425.45703,3400.18579
1549396800000,3413.32153,3427.44141,3399.20142
1549411200000,3411.35718,3435.06787,3387.64624
1549425600000,3408.64282,3438.44092,3378.84497
1549440000000,3405.28564,3442.84473,3367.72681
1549454400000,3401.67847,3443.67456,3359.68262
1549468800000,3398.96436,3446.03638,3351.89209
1549483200000,3395.78564,3445.51733,3346.05396
1549497600000,3392.57153,3442.60693,3342.53589
1549512000000,3389.64282,3440.28516,3339.00073
1549526400000,3386.60718,3436.97876,3336.23535
1549540800000,3383.10718,3432.45605,3333.7583
1549555200000,3378.53564,3424.95215,3332.11914
1549569600000,3374.14282,3416.43506,3331.85059
1549584000000,3369.82153,3403.32544,3336.31738
1549598400000,3364.89282,3377.17627,3352.60938
1549612800000,3365.78564,3382.15942,3349.41187
1549627200000,3370.71436,3414.69116,3326.73755
1549641600000,3389.92847,3531.7019,3248.15527
1549656000000,3408.14282,3592.16602,3224.11987
1549670400000,3425.89282,3634.41724,3217.36841
1549684800000,3444.17847,3672.12988,3216.22729
1549699200000,3462.53564,3704.7439,3220.32764
1549713600000,3479.60718,3726.40356,3232.81079
1549728000000,3497.25,3744.9231,3249.5769
1549742400000,3515.96436,3760.104,3271.82446
1549756800000,3534.53564,3766.58545,3302.48608
1549771200000,3551.82153,3763.23462,3340.4082
1549785600000,3569.17847,3753.20215,3385.15503
1549800000000,3586.25,3728.05957,3444.44043
1549814400000,3601.96436,3691.56299,3512.36572
1549828800000,3616.39282,3643.50952,3589.27612
1549843200000,3613.60718,3641.33325,3585.8811
1549857600000,3611.85718,3640.57104,3583.14331
1549872000000,3610.32153,3641.66187,3578.98096
1549886400000,3608.67847,3640.01904,3577.33813
1549900800000,3606.60718,3636.4978,3576.71655
1549915200000,3605.42847,3636.44434,3574.41284
1549929600000,3602.60718,3636.66431,3568.55005
1549944000000,3599.10718,3632.89893,3565.31543
1549958400000,3595.89282,3630.99097,3560.79468
1549972800000,3594.10718,3631.08813,3557.12622
1549987200000,3593.67847,3630.32861,3557.02856
1550001600000,3593.07153,3629.7959,3556.34692
1550016000000,3592.21436,3628.05469,3556.37402
1550030400000,3588,3607,3569
1550044800000,3586.5,3606.64941,3566.35059
1550059200000,3584.32153,3606.19653,3562.44653
1550073600000,3583.42847,3605.72803,3561.12915
1550088000000,3581.92847,3602.89062,3560.96655
1550102400000,3580.25,3599.31274,3561.18726
1550116800000,3578.67847,3597.72974,3559.62744
1550131200000,3577.17847,3599.94019,3554.41699
1550145600000,3576.5,3599.80225,3553.19775
1550160000000,3576.57153,3599.81812,3553.32471
1550174400000,3575.67847,3600.32349,3551.03369
1550188800000,3574.07153,3595.39502,3552.7478
1550203200000,3573.10718,3592.99683,3553.21753
1550217600000,3571.64282,3587.09985,3556.18579
1550232000000,3569.28564,3584.09741,3554.47388
1550246400000,3568.64282,3583.53491,3553.75073
1550260800000,3568.57153,3583.52295,3553.61987
1550275200000,3569.32153,3586.39111,3552.25171
1550289600000,3569.92847,3588.57886,3551.27808
1550304000000,3570.96436,3592.07446,3549.85425
1550318400000,3572.92847,3597.57715,3548.28003
1550332800000,3575.64282,3599.94287,3551.34277
1550347200000,3576.60718,3600.60767,3552.60669
1550361600000,3577.53564,3601.83276,3553.23853
1550376000000,3580.07153,3604.13647,3556.00635
1550390400000,3580.42847,3604.35962,3556.49756
1550404800000,3579.92847,3604.61475,3555.24243
1550419200000,3579.42847,3604.72925,3554.12793
1550433600000,3584.07153,3613.28955,3554.85327
1550448000000,3592.35718,3647.97363,3536.74048
1550462400000,3601.14282,3673.14429,3529.14136
1550476800000,3609.42847,3697.27661,3521.58057
1550491200000,3625.17847,3757.84937,3492.50781
1550505600000,3645.03564,3825.14014,3464.93115
1550520000000,3664.42847,3875.10938,3453.7478
1550534400000,3683.92847,3914.01245,3453.84473
1550548800000,3705.96436,3951.00195,3460.92651
1550563200000,3726.5,3975.86353,3477.13647
1550577600000,3752.17847,4016.11401,3488.24316
1550592000000,3778.28564,4041.43579,3515.13574
1550606400000,3801.25,4041.97021,3560.52979
1550620800000,3824.57153,4031.46265,3617.68018
1550635200000,3844.10718,4019.25806,3668.95605
1550649600000,3861.57153,4015.22632,3707.9165
1550664000000,3877.10718,3997.88794,3756.32617
1550678400000,3892.85718,3966.07446,3819.63989
1550692800000,3902.35718,3961.11621,3843.59814
1550707200000,3907.75,3966.58105,3848.91895
1550721600000,3912.25,3967.61353,3856.88647
1550736000000,3914.25,3964.50049,3863.99951
1550750400000,3914.39282,3964.37158,3864.41406
1550764800000,3915.46436,3962.39819,3868.53052
1550779200000,3911.14282,3953.44849,3868.83716
1550793600000,3908.5,3946.12988,3870.87012
1550808000000,3908.89282,3945.80811,3871.97754
1550822400000,3911.14282,3948.23633,3874.04956
1550836800000,3913.75,3950.64697,3876.85303
1550851200000,3914.75,3953.47192,3876.02808
1550865600000,3917.46436,3958.47217,3876.45654
1550880000000,3918.57153,3960.82715,3876.31567
1550894400000,3917.75,3958.81567,3876.68433
1550908800000,3917.67847,3958.57153,3876.78564
1550923200000,3917.03564,3957.38159,3876.68994
1550937600000,3931.53564,4030.6853,3832.38623
1550952000000,3947,4078.57935,3815.42065
1550966400000,3966.35718,4132.67285,3800.0415
1550980800000,3985.03564,4172.49316,3797.57812
1550995200000,4000.85718,4197.15527,3804.55908
1551009600000,3992.32153,4214.99658,3769.64624
1551024000000,3981.28564,4229.7373,3732.83398
1551038400000,3967.14282,4246.30566,3687.97998
1551052800000,3955.21436,4251.9707,3658.45776
1551067200000,3941.89282,4255.80469,3627.98096
1551081600000,3930.57153,4255.53857,3605.60425
1551096000000,3920.53564,4253.8335,3587.23779
1551110400000,3913.25,4248.8042,3577.6958
1551124800000,3905.85718,4244.90088,3566.81323
1551139200000,3886.28564,4210.35303,3562.21826
1551153600000,3863.32153,4166.1582,3560.48438
1551168000000,3836.75,4092.81934,3580.68066
1551182400000,3811.82153,3996.53418,3627.10864
1551196800000,3788.35718,3842.46875,3734.24561
1551211200000,3789.89282,3843.61987,3736.16577
1551225600000,3791.75,3844.66602,3738.83398
1551240000000,3797.07153,3838.65234,3755.49048
1551254400000,3799.82153,3839.31396,3760.32886
1551268800000,3802.67847,3834.38623,3770.97095
1551283200000,3804.03564,3833.08862,3774.98291
1551297600000,3804.64282,3832.58008,3776.70557
1551312000000,3801.85718,3821.75854,3781.95581
1551326400000,3800.57153,3818.34717,3782.79565
1551340800000,3800.42847,3817.51587,3783.34106
1551355200000,3804.14282,3828.54541,3779.74023
1551369600000,3805.07153,3827.72046,3782.42236
1551384000000,3803.67847,3827.90259,3779.45459
1551398400000,3803.64282,3827.87817,3779.40771
1551412800000,3804.10718,3828.02417,3780.19019
1551427200000,3804.67847,3828.36572,3780.99121
1551441600000,3805.07153,3829.04712,3781.0957
1551456000000,3806.10718,3832.01953,3780.19482
1551470400000,3806.5,3832.01196,3780.98804
1551484800000,3807.46436,3832.63647,3782.29224
1551499200000,3807.10718,3833.07739,3781.13696
1551513600000,3807.92847,3833.80151,3782.05566
1551528000000,3807.71436,3833.89429,3781.53442
1551542400000,3806.53564,3831.77588,3781.29565
1551556800000,3804.39282,3822.50049,3786.2854
1551571200000,3804.75,3822.69336,3786.80664
1551585600000,3806,3821.35303,3790.64697
1551600000000,3806.42847,3821.58887,3791.26831
1551614400000,3805.25,3823.53638,3786.96362
1551628800000,3803.92847,3824.35571,3783.50146
1551643200000,3802,3824.04858,3779.95142
1551657600000,3798.78564,3819.87646,3777.69507
1551672000000,3792.96436,3838.06494,3747.86377
1551686400000,3785.21436,3848.52393,3721.90479
1551700800000,3778.71436,3855.72241,3701.7063
1551715200000,3770.75,3854.86865,3686.63135
1551729600000,3763.71436,3854.11646,3673.31226
1551744000000,3755.78564,3850.05176,3661.51953
1551758400000,3748.89282,3840.81616,3656.96973
1551772800000,3742.96436,3830.23682,3655.69165
1551787200000,3744.25,3835.60474,3652.89526
1551801600000,3747.10718,3848.18091,3646.03345
1551816000000,3751.35718,3863.13599,3639.57837
1551830400000,3753.5,3869.05444,3637.94556
1551844800000,3757.28564,3879.97266,3634.59863
1551859200000,3762.46436,3894.2478,3630.68066
1551873600000,3771.42847,3907.70752,3635.14941
1551888000000,3781.46436,3916.79858,3646.13013
1551902400000,3792.14282,3923.45508,3660.83057
1551916800000,3804.17847,3930.66895,3677.68823
1551931200000,3815.64282,3930.28101,3701.00464
1551945600000,3826.82153,3919.94556,3733.69751
1551960000000,3837.46436,3906.64478,3768.28394
1551974400000,3847.35718,3874.50342,3820.21094
1551988800000,3849.53564,3873.36694,3825.70459
1552003200000,3849.92847,3873.79395,3826.06323
1552017600000,3851.46436,3876.83984,3826.08862
1552032000000,3855.32153,3874.54419,3836.09863
1552046400000,3858.5,3879.81738,3837.18262
1552060800000,3861.53564,3889.38867,3833.68286
1552075200000,3861.03564,3890.17212,3831.89941
1552089600000,3861.85718,3889.58398,3834.13037
1552104000000,3864.78564,3895.0105,3834.56104
1552118400000,3866.53564,3900.28149,3832.78979
1552132800000,3870.85718,3913.86108,3827.85303
1552147200000,3874.96436,3919.96191,3829.9668
1552161600000,3878.89282,3927.76465,3830.021
1552176000000,3881.60718,3930.31201,3832.90234
1552190400000,3883.71436,3929.94922,3837.47925
1552204800000,3886.35718,3929.38599,3843.32812
1552219200000,3887.75,3929.49023,3846.00977
1552233600000,3888.39282,3929.38281,3847.40308
1552248000000,3889.5,3930.63037,3848.36963
1552262400000,3890.53564,3932.8313,3848.23999
1552276800000,3892.21436,3927.57104,3856.85742
1552291200000,3892.10718,3927.92041,3856.2937
1552305600000,3888.07153,3934.94946,3841.19336
1552320000000,3884,3937.53906,3830.46094
1552334400000,3878.71436,3931.80005,3825.62842
1552348800000,3871.60718,3933.54614,3809.66797
1552363200000,3864.89282,3926.50586,3803.27979
1552377600000,3862.03564,3920.7937,3803.27783
1552392000000,3859.5,3917.3916,3801.6084
1552406400000,3856.71436,3912.16919,3801.25928
1552420800000,3854.53564,3907.396,3801.67554
1552435200000,3853.71436,3905.27661,3802.15186
1552449600000,3851,3896.60864,3805.39136
1552464000000,3846.10718,3878.58398,3813.63037
1552478400000,3845.14282,3876.33228,3813.95361
1552492800000,3844.92847,3875.92603,3813.93115
1552507200000,3846.07153,3876.47314,3815.66968
1552521600000,3847.03564,3877.07959,3816.9917
1552536000000,3846.42847,3876.91235,3815.94482
1552550400000,3848.89282,3870.74683,3827.03882
1552564800000,3851,3866.97314,3835.02686
1552579200000,3850.21436,3865.70947,3834.71899
1552593600000,3850.67847,3866.26978,3835.0874
1552608000000,3851.21436,3867.31982,3835.10889
1552622400000,3851,3866.89697,3835.10303
1552636800000,3851.96436,3872.93872,3830.98999
1552651200000,3854.46436,3884.88867,3824.04004
1552665600000,3858.64282,3895.61279,3821.67285
1552680000000,3862.07153,3903.63184,3820.51099
1552694400000,3869.53564,3932.25317,3806.81812
1552708800000,3880.32153,3971.17261,3789.47021
1552723200000,3891.5,4001.43188,3781.56812
1552737600000,3901.32153,4014.5415,3788.10132
1552752000000,3910.85718,4024.97021,3796.74414
1552766400000,3920.5,4035.73022,3805.26978
1552780800000,3927.96436,4036.66602,3819.26245
1552795200000,3935.14282,4036.51733,3833.76831
1552809600000,3942.67847,4035.4646,3849.89258
1552824000000,3951.03564,4030.27441,3871.79688
1552838400000,3957.17847,4026.98511,3887.37207
1552852800000,3961.92847,4022.61963,3901.23755
1552867200000,3967.96436,4018.35474,3917.57373
1552881600000,3971.92847,4005.42017,3938.43677
1552896000000,3972.07153,4005.28906,3938.85376
1552910400000,3969.35718,3998.83936,3939.87476
1552924800000,3965.89282,3987.10669,3944.67896
1552939200000,3965.46436,3986.20239,3944.72632
1552953600000,3965.14282,3985.38232,3944.90356
1552968000000,3963.10718,3979.75977,3946.45459
1552982400000,3964.10718,3979.61377,3948.60059
1552996800000,3965.57153,3981.23242,3949.9104
1553011200000,3967.5,3987.85742,3947.14258
1553025600000,3969.32153,3994.43433,3944.2085
1553040000000,3969.78564,3995.06055,3944.51099
1553054400000,3971.57153,3997.76807,3945.37476
1553068800000,3972.14282,3999.67065,3944.61523
1553083200000,3975.03564,4002.42041,3947.65088
1553097600000,3978.64282,4008.74365,3948.54199
1553112000000,3983.42847,4021.88599,3944.97095
1553126400000,3988.46436,4030.81226,3946.11621
1553140800000,3993.03564,4039.40308,3946.66846
1553155200000,3997.5,4046.48242,3948.51758
1553169600000,3997.89282,4045.67529,3950.11035
1553184000000,3998.28564,4045.09351,3951.47803
1553198400000,3997.85718,4045.59229,3950.12207
1553212800000,3996.46436,4046.02148,3946.90698
1553227200000,3994.28564,4046.35132,3942.22021
1553241600000,3994.60718,4046.24634,3942.96802
1553256000000,3994.25,4046.17676,3942.32324
1553270400000,3993.92847,4045.9751,3941.88208
1553284800000,3993.03564,4045.50806,3940.56323
1553299200000,3992.17847,4044.06665,3940.29053
1553313600000,3989.28564,4036.86523,3941.70605
1553328000000,3985.53564,4028.00488,3943.06641
1553342400000,3981.39282,4015.15088,3947.63501
1553356800000,3976.82153,3994.72827,3958.91455
1553371200000,3977.92847,3994.25049,3961.60645
1553385600000,3977.89282,3994.27295,3961.5127
1553400000000,3977.25,3995.49731,3959.00269
1553414400000,3977.21436,3995.5083,3958.92017
1553428800000,3977.32153,3995.35547,3959.28735
1553443200000,3975.92847,3995.97437,3955.88281
1553457600000,3974.82153,3995.22314,3954.41968
1553472000000,3973.60718,3992.96167,3954.25269
1553486400000,3972.35718,3991.8999,3952.81445
1553500800000,3970.53564,3985.27368,3955.79761
1553515200000,3967.25,3984.37451,3950.12549
1553529600000,3961.42847,4001.73608,3921.12109
1553544000000,3956.35718,4005.67017,3907.04419
1553558400000,3951.96436,4006.49268,3897.43579
1553572800000,3946.32153,4004.70508,3887.93774
1553587200000,3940.78564,4003.30957,3878.26172
1553601600000,3937.28564,4000.48584,3874.08569
1553616000000,3933.03564,3994.57593,3871.49536
1553630400000,3929.28564,3988.44263,3870.12891
1553644800000,3930.53564,3992.88892,3868.18262
1553659200000,3931.46436,3996.24243,3866.68604
1553673600000,3934.96436,4011.85522,3858.07349
1553688000000,3938.5,4024.34546,3852.65454
1553702400000,3940.96436,4032.10278,3849.82593
1553716800000,3946.85718,4047.89136,3845.823
1553731200000,3954.64282,4055.29102,3853.99463
1553745600000,3962.46436,4063.01807,3861.9104
1553760000000,3968.92847,4066.22925,3871.62793
1553774400000,3977.07153,4068.85986,3885.28296
1553788800000,3985.21436,4065.39502,3905.03345
1553803200000,3992.17847,4061.77808,3922.5791
1553817600000,4000.10718,4054.83911,3945.375
1553832000000,4008.57153,4038.97314,3978.16968
1553846400000,4017,4067.23242,3966.76758
1553860800000,4023.92847,4077.90332,3969.95386
1553875200000,4027.96436,4087.97314,3967.95532
1553889600000,4033.17847,4099.44043,3966.9165
1553904000000,4039.35718,4109.77148,3968.94263
1553918400000,4043.78564,4117.86084,3969.71069
1553932800000,4049.17847,4121.8623,3976.49463
1553947200000,4052.85718,4123.01367,3982.70068
1553961600000,4058.28564,4122.26758,3994.30396
1553976000000,4063.57153,4124.18359,4002.95923
1553990400000,4069,4121.6416,4016.3584
1554004800000,4073.89282,4114.72754,4033.05835
1554019200000,4079.10718,4109.7251,4048.48926
1554033600000,4082.46436,4099.35254,4065.57617
1554048000000,4082.21436,4098.4126,4066.01587
1554062400000,4083.28564,4099.68115,4066.89014
1554076800000,4087.35718,4116.97461,4057.7395
1554091200000,4089.57153,4122.85986,4056.28296
1554105600000,4090.67847,4125.09521,4056.26172
1554120000000,4093.85718,4134.21875,4053.49561
1554134400000,4097.07129,4139.46387,4054.67896
1554148800000,4102.03564,4144.28564,4059.78564
1554163200000,4109.35693,4163.75977,4054.95459
1554177600000,4152.64307,4457.5918,3847.69385
1554192000000,4202.57129,4644.16504,3760.97754
1554206400000,4250.39307,4766.21729,3734.5686
1554220800000,4298.07129,4868.33691,3727.80591
1554235200000,4356.96436,4991.6416,3722.28711
1554249600000,4425.57129,5134.1958,3716.94702
1554264000000,4487.75,5220.39209,3755.10815
1554278400000,4547.5,5290.86914,3804.13062
1554292800000,4611,5348.2793,3873.72046
1554307200000,4684.64307,5411.53223,3957.75317
1554321600000,4745.21436,5417.04492,4073.38379
1554336000000,4805.21436,5388.83545,4221.59326
1554350400000,4869.5,5328.10156,4410.89844
1554364800000,4927.57129,5180.47217,4674.67041
1554379200000,4949.82129,5169.19873,4730.44434
1554393600000,4953.60693,5162.90137,4744.3125
1554408000000,4965.25,5143.03955,4787.46045
1554422400000,4974.85693,5119.30176,4830.4126
1554436800000,4977.14307,5118.03076,4836.25537
1554451200000,4973.32129,5108.61719,4838.02588
1554465600000,4975.14307,5110.43945,4839.84619
1554480000000,4978.42871,5115.19531,4841.66211
1554494400000,4980.85693,5120.66943,4841.04492
1554508800000,4970.92871,5081.5249,4860.33203
1554523200000,4972.42871,5084.0415,4860.81592
1554537600000,4975.07129,5087.55713,4862.58594
1554552000000,4981.25,5113.72949,4848.77051
1554566400000,4993.14307,5153.57422,4832.71143
1554580800000,4995.03564,5156.62646,4833.44482
1554595200000,5015.82129,5164.31201,4867.33057
1554609600000,5031.71436,5179.12305,4884.30518
1554624000000,5047.03564,5179.26807,4914.80371
1554638400000,5060.10693,5181.80908,4938.40527
1554652800000,5069.35693,5190.75977,4947.95459
1554667200000,5083.85693,5210.81445,4956.89941
1554681600000,5101.03564,5249.36182,4952.70947
1554696000000,5116.17871,5279.06055,4953.29688
1554710400000,5126.35693,5275.80762,4976.90674
1554724800000,5143.03564,5284.71973,5001.35156
1554739200000,5156.96436,5276.92871,5036.99951
1554753600000,5168.89307,5304.21045,5033.5752
1554768000000,5174.82129,5314.64551,5034.99707
1554782400000,5188.25,5304.80322,5071.69678
1554796800000,5194.14307,5305.854,5082.43164
1554811200000,5199.5,5305.94189,5093.05811
1554825600000,5206.67871,5301.46533,5111.89209
1554840000000,5211.5,5294.14795,5128.85205
1554854400000,5217.96436,5286.60352,5149.3252
1554868800000,5222,5290.23047,5153.76953
1554883200000,5220.85693,5287.31836,5154.396
1554897600000,5223.14307,5295.65625,5150.62939
1554912000000,5241.75,5346.79492,5136.70508
1554926400000,5247.53564,5359.06836,5136.00342
1554940800000,5247.57129,5359.03906,5136.104
1554955200000,5241.25,5352.98047,5129.51953
1554969600000,5227.64307,5376.98193,5078.30371
1554984000000,5214.42871,5393.84521,5035.01221
1554998400000,5204.64307,5398.53662,5010.74902
1555012800000,5192.89307,5403.85596,4981.92969
1555027200000,5179.32129,5407.25635,4951.38672
1555041600000,5168.42871,5408.12646,4928.73047
1555056000000,5158,5400.67529,4915.32471
1555070400000,5145.42871,5386.69385,4904.16357
1555084800000,5132.21436,5371.68066,4892.74756
1555099200000,5117.32129,5342.6958,4891.94727
1555113600000,5096,5257.12158,4934.87842
1555128000000,5079.71436,5185.32715,4974.10107
1555142400000,5069.92871,5153.30615,4986.55078
1555156800000,5061.82129,5106.52441,5017.11816
1555171200000,5064.10693,5109.22461,5018.98975
1555185600000,5066.32129,5108.45166,5024.19141
1555200000000,5064.96436,5107.49756,5022.43115
1555214400000,5066.5,5107.26611,5025.73389
1555228800000,5069.5,5102.26953,5036.73047
1555243200000,5072.32129,5098.7373,5045.90527
1555257600000,5073.25,5100.59375,5045.90625
1555272000000,5079.64307,5131.91357,5027.37256
1555286400000,5087.25,5152.14404,5022.35596
1555300800000,5093.17871,5167.2168,5019.14014
1555315200000,5095.21436,5171.74609,5018.68262
1555329600000,5099.85693,5181.65869,5018.05566
1555344000000,5096.07129,5189.04346,5003.09912
1555358400000,5092,5191.24805,4992.75195
1555372800000,5089.5,5191.45654,4987.54346
1555387200000,5089.71436,5191.48486,4987.94385
1555401600000,5090.82129,5191.29932,4990.34375
1555416000000,5092.07129,5191.63965,4992.50342
1555430400000,5101.14307,5211.56055,4990.7251
1555444800000,5110.5,5231.79785,4989.20215
1555459200000,5120.71436,5255.38574,4986.04297
1555473600000,5124.75,5267.05859,4982.44141
1555488000000,5131,5286.22705,4975.77295
1555502400000,5134.32129,5293.69434,4974.94824
1555516800000,5142.03564,5310.32178,4973.74951
1555531200000,5147.35693,5321.24854,4973.46582
1555545600000,5166.42871,5332.97314,4999.88379
1555560000000,5183.32129,5338.03467,5028.60791
1555574400000,5196.92871,5333.36865,5060.48877
1555588800000,5209.78564,5328.33252,5091.23877
1555603200000,5225.75,5321.98828,5129.51172
1555617600000,5239.75,5297.66211,5181.83789
1555632000000,5242.17871,5294.36182,5189.99561
1555646400000,5244.92871,5292.87012,5196.98682
1555660800000,5247,5294.51367,5199.48633
1555675200000,5251.57129,5298.78223,5204.36084
1555689600000,5255.21436,5308.40625,5202.02246
1555704000000,5261.10693,5308.72949,5213.48486
1555718400000,5265.75,5316.60498,5214.89502
1555732800000,5273.03564,5328.60498,5217.4668
1555747200000,5275.5,5334.00391,5216.99609
1555761600000,5279.14307,5340.8418,5217.44385
1555776000000,5284.89307,5344.5957,5225.18994
1555790400000,5289.92871,5348.55566,5231.30176
1555804800000,5293.03564,5356.20703,5229.86426
1555819200000,5295.78564,5359.44971,5232.12158
1555833600000,5298.14307,5353.06689,5243.21875
1555848000000,5300.60693,5348.0957,5253.11865
1555862400000,5300.42871,5348.5708,5252.28613
1555876800000,5301.53564,5348.49219,5254.5791
1555891200000,5298.53564,5350.70654,5246.36523
1555905600000,5297.78564,5350.86328,5244.70801
1555920000000,5298.14307,5351.46338,5244.82227
1555934400000,5296.60693,5347.46582,5245.74854
1555948800000,5301.85693,5369.08301,5234.63086
1555963200000,5306.64307,5385.71094,5227.57471
1555977600000,5314.5,5415.06348,5213.93652
1555992000000,5330,5482.40088,5177.59912
1556006400000,5345.39307,5535.71924,5155.06641
1556020800000,5362.78564,5581.7251,5143.84619
1556035200000,5386.10693,5624.35059,5147.86328
1556049600000,5404.10693,5645.02344,5163.19092
1556064000000,5426.89307,5667.61963,5186.16602
1556078400000,5438.85693,5668.78027,5208.93408
1556092800000,5451.21436,5658.28076,5244.14795
1556107200000,5464,5647.1875,5280.8125
1556121600000,5472.42871,5636.23926,5308.61768
1556136000000,5481.89307,5619.74902,5344.03662
1556150400000,5485.82129,5614.92383,5356.71924
1556164800000,5488.67871,5610.09375,5367.26318
1556179200000,5491.5,5608.81787,5374.18213
1556193600000,5485.82129,5601.5625,5370.08057
1556208000000,5481,5590.95801,5371.04199
1556222400000,5449.60693,5658.1665,5241.04785
1556236800000,5422.07129,5652.50391,5191.63916
1556251200000,5395.71436,5653.52441,5137.9043
1556265600000,5365.82129,5630.73096,5100.91211
1556280000000,5342.25,5626.23828,5058.26172
1556294400000,5316.89307,5627.02588,5006.75977
1556308800000,5294.96436,5606.06543,4983.86328
1556323200000,5274.17871,5585.96631,4962.39111
1556337600000,5254.85693,5556.50732,4953.20703
1556352000000,5235.14307,5522.32959,4947.95605
1556366400000,5215.78564,5485.72949,4945.84229
1556380800000,5196.39307,5427.75684,4965.02881
1556395200000,5175.39307,5356.16699,4994.61865
1556409600000,5152.64307,5211.94775,5093.33789
1556424000000,5156.53564,5214.0166,5099.05469
1556438400000,5157.10693,5216.41504,5097.79883
1556452800000,5159.17871,5220.86377,5097.49316
1556467200000,5158,5220.5083,5095.4917
1556481600000,5159.39307,5220.50879,5098.27686
1556496000000,5166.25,5205.97559,5126.52441
1556510400000,5166.67871,5205.7749,5127.58252
1556524800000,5167.57129,5204.37354,5130.76904
1556539200000,5165.57129,5204.70654,5126.43652
1556553600000,5164.46436,5204.90918,5124.01953
1556568000000,5163.64307,5205.50879,5121.77686
1556582400000,5160.07129,5199.06006,5121.08252
1556596800000,5158.78564,5198.48389,5119.0874
1556611200000,5162,5209.67578,5114.32422
1556625600000,5167.57129,5234.40381,5100.73926
1556640000000,5169.35693,5241.4873,5097.22705
1556654400000,5174.64307,5261.40967,5087.87598
1556668800000,5187.07129,5296.91992,5077.22314
1556683200000,5198.25,5322.81982,5073.68018
1556697600000,5208.28564,5344.69385,5071.87744
1556712000000,5217.67871,5356.20996,5079.14697
1556726400000,5228.28564,5366.89893,5089.67236
1556740800000,5240.71436,5377.15869,5104.27002
1556755200000,5254.25,5387.79395,5120.70605
1556769600000,5268.03564,5391.20752,5144.86377
1556784000000,5283.35693,5394.25098,5172.46289
1556798400000,5301.21436,5396.68066,5205.74805
1556812800000,5314.17871,5405.79395,5222.56299
1556827200000,5323.78564,5415.93115,5231.64014
1556841600000,5340.35693,5443.64697,5237.06738
1556856000000,5363.17871,5517.48584,5208.87158
1556870400000,5390.78564,5619.85059,5161.7207
1556884800000,5419.57129,5696.77148,5142.37109
1556899200000,5445.03564,5742.76807,5147.30322
1556913600000,5471.5,5773.98779,5169.01221
1556928000000,5502.85693,5817.46777,5188.24658
1556942400000,5532.96436,5850.75098,5215.17773
1556956800000,5560.67871,5872.18652,5249.1709
1556971200000,5575.89307,5861.23975,5290.5459
1556985600000,5592.75,5851.62695,5333.87305
1557000000000,5619.64307,5868.80225,5370.4834
1557014400000,5645.42871,5868.12305,5422.73389
1557028800000,5668.03564,5839.85205,5496.21924
1557043200000,5685.5,5815.66943,5555.33057
1557057600000,5694.14307,5811.51367,5576.77197
1557072000000,5693.75,5811.07666,5576.42334
1557086400000,5693.92871,5811.37646,5576.48096
1557100800000,5690.39307,5813.53223,5567.25342
1557115200000,5685.17871,5819.23096,5551.12598
1557129600000,5678.10693,5811.02441,5545.18994
1557144000000,5671.82129,5801.28223,5542.36084
1557158400000,5672.39307,5802.81934,5541.96631
1557172800000,5682.10693,5792.26367,5571.95068
1557187200000,5703.21436,5847.00879,5559.41992
1557201600000,5710.60693,5876.61133,5544.60254
1557216000000,5720,5907.86475,5532.13525
1557230400000,5730.96436,5931.31641,5530.6123
1557244800000,5740.25,5947.59766,5532.90234
1557259200000,5742.53564,5948.95996,5536.11182
1557273600000,5748.28564,5953.51855,5543.05273
1557288000000,5755.82129,5963.34668,5548.2959
1557302400000,5771.82129,5968.96533,5574.67773
1557316800000,5793.53564,5968.91211,5618.15918
1557331200000,5812.21436,5972.16113,5652.26758
1557345600000,5832.67871,5976.34277,5689.01465
1557360000000,5854.35693,6020.01758,5688.69678
1557374400000,5880.92871,6047.1377,5714.71924
1557388800000,5890.85693,6074.02783,5707.68652
1557403200000,5899.07129,6088.85596,5709.28711
1557417600000,5911.17871,6116.55811,5705.79932
1557432000000,5931.35693,6165.21289,5697.50146
1557446400000,5962.25,6247.71484,5676.78516
1557460800000,6003.35693,6311.77295,5694.94141
1557475200000,6039.85693,6352.4541,5727.26025
1557489600000,6074.71436,6390.5127,5758.91602
1557504000000,6112.32129,6434.12744,5790.51514
1557518400000,6144.75,6461.05322,5828.44678
1557532800000,6190.46436,6535.2002,5845.72852
1557547200000,6251.46436,6684.95264,5817.97607
1557561600000,6305.14307,6799.68701,5810.59863
1557576000000,6368.35693,6938.9834,5797.73096
1557590400000,6433.53564,7041.88916,5825.18213
1557604800000,6522.92871,7207.35449,5838.50244
1557619200000,6601.53564,7304.77686,5898.29492
1557633600000,6700.75,7500.80078,5900.69922
1557648000000,6767,7567.50586,5966.49414
1557662400000,6807.75,7568.55811,6046.94189
1557676800000,6860.42871,7569.83008,6151.02734
1557691200000,6908.07129,7549.10059,6267.04199
1557705600000,6953.82129,7521.83594,6385.80664
1557720000000,7002.35693,7457.9624,6546.75146
1557734400000,7054.14307,7447.92676,6660.35889
1557748800000,7129.92871,7671.479,6588.37793
1557763200000,7210.03564,7847.65625,6572.41504
1557777600000,7273.28564,7964.44287,6582.12842
1557792000000,7346.75,8097.70605,6595.79395
1557806400000,7424.57129,8326.41992,6522.72314
1557820800000,7487.78564,8428.1543,6547.41748
1557835200000,7517.67871,8487.53223,6547.8252
1557849600000,7559.39307,8521.0332,6597.75244
1557864000000,7638.92871,8546.12402,6731.7334
1557878400000,7713.67871,8577.11914,6850.23779
1557892800000,7780.96436,8544.90234,7017.02588
1557907200000,7850.14307,8487.1543,7213.13135
1557921600000,7921.5,8365.93555,7477.06494
1557936000000,7988.82129,8270.04199,7707.60107
1557950400000,8014.46436,8305.84375,7723.08447
1557964800000,8039.17871,8348.23438,7730.12305
1557979200000,8052.17871,8338.58496,7765.77197
1557993600000,8044.5,8344.63574,7744.36475
1558008000000,8022.5,8277.1084,7767.89209
1558022400000,8008.17871,8279.47266,7736.88477
1558036800000,8003.78564,8280.79883,7726.77295
1558051200000,7968.67871,8419.05176,7518.30566
1558065600000,7917.57129,8489.83594,7345.30713
1558080000000,7852.78564,8535.96875,7169.60303
1558094400000,7793.46436,8580.24023,7006.68799
1558108800000,7733.60693,8580.2002,6887.01367
1558123200000,7685.75,8537.79297,6833.70703
1558137600000,7626.57129,8439.92773,6813.21484
1558152000000,7563.35693,8321.34668,6805.36768
1558166400000,7496.5,8158.20508,6834.79492
1558180800000,7449.78564,8050.24268,6849.3291
1558195200000,7405.17871,7967.65625,6842.70117
1558209600000,7350.53564,7799.49951,6901.57178
1558224000000,7358.53564,7844.46387,6872.60742
1558238400000,7365.60693,7883.84033,6847.37354
1558252800000,7419.25,8040.85791,6797.64209
1558267200000,7470.28564,8152.33252,6788.23877
1558281600000,7527.21436,8229.89941,6824.5293
1558296000000,7607.17871,8345.1875,6869.16943
1558310400000,7673.32129,8398.03613,6948.60645
1558324800000,7713.57129,8424.56152,7002.58154
1558339200000,7748.5,8437.83203,7059.16797
1558353600000,7785.07129,8433.66699,7136.47559
1558368000000,7820.46436,8414.95996,7225.96875
1558382400000,7867.5,8408.39551,7326.60449
1558396800000,7917.17871,8330.84277,7503.51465
1558411200000,7966.03564,8159.93848,7772.1333
1558425600000,7960.96436,8159.87598,7762.05225
1558440000000,7957.28564,8156.18848,7758.3833
1558454400000,7956,8152.90527,7759.09473
1558468800000,7953.39307,8149.12646,7757.65918
1558483200000,7951.89307,8147.72314,7756.0625
1558497600000,7931.57129,8067.33447,7795.80859
1558512000000,7913.96436,8038.6499,7789.27881
1558526400000,7919.35693,8049.97217,7788.7417
1558540800000,7923.82129,8051.20605,7796.43701
1558555200000,7908.57129,8105.98779,7711.15479
1558569600000,7898.21436,8127.27783,7669.15088
1558584000000,7868.57129,8135.5874,7601.55518
1558598400000,7844.21436,8143.04688,7545.38184
1558612800000,7832.14307,8127.83691,7536.44873
1558627200000,7825.64307,8120.8877,7530.39795
1558641600000,7821.32129,8111.8584,7530.78418
1558656000000,7811.10693,8081.72559,7540.48828
1558670400000,7805.89307,8067.61768,7544.16797
1558684800000,7813.28564,8094.73584,7531.83545
1558699200000,7827.17871,8145.50781,7508.84912
1558713600000,7845.67871,8189.28906,7502.06787
1558728000000,7846.42871,8191.33496,7501.52197
1558742400000,7852.60693,8206.2334,7498.98096
1558756800000,7879.85693,8216.91895,7542.79541
1558771200000,7911.75,8247.08398,7576.4165
1558785600000,7945.64307,8240.09961,7651.18652
1558800000000,7975.85693,8197.34668,7754.36768
1558814400000,7996.89307,8191.64844,7802.13721
1558828800000,8013.10693,8169.85254,7856.36182
1558843200000,8022.39307,8158.93896,7885.84668
1558857600000,8026.17871,8149.1543,7903.20264
1558872000000,8036.42871,8131.56348,7941.29346
1558886400000,8078.14307,8396.8291,7759.45654
1558900800000,8123.64307,8596.05762,7651.22754
1558915200000,8173.35693,8751.23242,7595.48193
1558929600000,8229.67871,8878.35352,7581.00391
1558944000000,8279.96387,8962.83301,7597.0957
1558958400000,8340.82129,9065.24121,7616.40137
1558972800000,8390.35742,9140.48633,7640.22852
1558987200000,8441.10742,9194.07715,7688.13721
1559001600000,8496.96387,9231.44727,7762.48096
1559016000000,8546.17871,9250.68262,7841.67432
1559030400000,8599.5,9245.87305,7953.12646
1559044800000,8650.07129,9206.36328,8093.77979
1559059200000,8704.64258,9094.41211,8314.87305
1559073600000,8754.03613,8862.69531,8645.37598
1559088000000,8754.46387,8861.1377,8647.79102
1559102400000,8739.14258,8893.10449,8585.18164
1559116800000,8729.46387,8890.08496,8568.84375
1559131200000,8723.71387,8881.20215,8566.22656
1559145600000,8722.64258,8880.4209,8564.86426
1559160000000,8708.92871,8850.30859,8567.54883
1559174400000,8701.75,8832.05078,8571.44922
1559188800000,8696.78613,8819.6377,8573.93359
1559203200000,8691.03613,8801.18555,8580.88574
1559217600000,8703.42871,8866.55371,8540.30371
1559232000000,8693.53613,8858.04492,8529.02637
1559246400000,8662.28613,8933.35449,8391.2168
1559260800000,8631.25,8969.73828,8292.76172
1559275200000,8601.32129,8975.19629,8227.44629
1559289600000,8574.89258,8986.61035,8163.17578
1559304000000,8561.35742,8989.05469,8133.66016
1559318400000,8547.78613,8976.75977,8118.81201
1559332800000,8536.64258,8956.39648,8116.88965
1559347200000,8525.39258,8934.80957,8115.97607
1559361600000,8516.82129,8919.19434,8114.44873
1559376000000,8507.57129,8897.75391,8117.38867
1559390400000,8495.28613,8869.4502,8121.12109
1559404800000,8482.32129,8836.7793,8127.86377
1559419200000,8455.64258,8714.68652,8196.59961
1559433600000,8451.64258,8701.77148,8201.51465
1559448000000,8483.25,8746.81836,8219.68164
1559462400000,8517.78613,8784.08203,8251.48926
1559476800000,8547.35742,8802.7373,8291.97656
1559491200000,8577.35742,8786.29102,8368.42285
1559505600000,8605.14258,8787.21484,8423.07031
1559520000000,8621.75,8785.49805,8458.00195
1559534400000,8615.53613,8795.22754,8435.84375
1559548800000,8611.82129,8798.97949,8424.66309
1559563200000,8607.78613,8802.84668,8412.72461
1559577600000,8607.25,8802.67578,8411.82422
1559592000000,8575.92871,8901.59082,8250.2666
1559606400000,8529.42871,9012.29492,8046.56201
1559620800000,8479.60742,9072.43359,7886.78027
1559635200000,8431.64258,9092.96582,7770.32031
1559649600000,8374.60742,9065.08496,7684.12988
1559664000000,8293.03613,9054.2334,7531.8374
1559678400000,8217.96387,9004.57715,7431.35107
1559692800000,8154.71436,8923.95703,7385.47168
1559707200000,8089.42871,8802.49707,7376.35986
1559721600000,8025.39307,8672.02344,7378.76221
1559736000000,7966.5,8592.09473,7340.90576
1559750400000,7915.89307,8473.00586,7358.77979
1559764800000,7865.64307,8325.74219,7405.54346
1559779200000,7814.67871,8058.3457,7571.01123
1559793600000,7790.75,7975.79541,7605.70459
1559808000000,7788.14307,7968.75049,7607.53516
1559822400000,7777.60693,7957.65967,7597.55469
1559836800000,7756,7946.34424,7565.65576
1559851200000,7747.85693,7918.61523,7577.09912
1559865600000,7762.53564,7916.30664,7608.76465
1559880000000,7782.5,7951.95068,7613.04932
1559894400000,7791.21436,7974.7168,7607.71143
1559908800000,7799.64307,7998.66992,7600.61572
1559923200000,7812.71436,8029.5498,7595.87891
1559937600000,7838.25,8052.12988,7624.37012
1559952000000,7850.14307,8069.74121,7630.54492
1559966400000,7861.32129,8082.34375,7640.29883
1559980800000,7872.25,8106.09521,7638.40479
1559995200000,7884.78564,8113.36816,7656.20312
1560009600000,7883.67871,8113.09229,7654.26465
1560024000000,7899.07129,8108.23389,7689.90869
1560038400000,7920.25,8043.94336,7796.55664
1560052800000,7928.25,8033.87256,7822.62744
1560067200000,7932.89307,8021.89844,7843.88721
1560081600000,7918.32129,8051.24316,7785.39941
1560096000000,7905.71436,8066.53906,7744.88916
1560110400000,7883.39307,8096.00635,7670.7793
1560124800000,7861.32129,8096.92432,7625.71826
1560139200000,7841.14307,8074.84814,7607.43799
1560153600000,7840.5,8073.01172,7607.98828
1560168000000,7840.75,8073.70068,7607.79932
1560182400000,7838.64307,8065.89551,7611.39014
1560196800000,7844.10693,8084.3457,7603.86865
1560211200000,7853.57129,8101.70312,7605.43994
1560225600000,7854.82129,8104.59082,7605.05176
1560240000000,7847.67871,8098.73145,7596.62549
1560254400000,7838.21436,8088.31494,7588.11377
1560268800000,7839.32129,8090.21729,7588.42529
1560283200000,7851.92871,8099.30762,7604.54932
1560297600000,7869.85693,8119.28809,7620.42627
1560312000000,7896.71436,8116.2334,7677.19531
1560326400000,7921.03564,8102.12451,7739.94678
1560340800000,7955.42871,8149.72412,7761.1333
1560355200000,7971.57129,8194.93262,7748.21045
1560369600000,7988.21436,8234.56543,7741.86279
1560384000000,7998.35693,8254.11621,7742.59814
1560398400000,8006.32129,8270.88574,7741.75684
1560412800000,8017.85693,8288.39941,7747.31494
1560427200000,8035.42871,8316.38477,7754.47217
1560441600000,8067.46436,8330.91016,7804.01904
1560456000000,8099.64307,8323.29004,7875.99512
1560470400000,8122.32129,8319.80469,7924.83789
1560484800000,8146.89307,8319.91406,7973.87158
1560499200000,8166.57129,8327.58301,8005.56006
1560513600000,8195.46387,8374.96094,8015.96729
1560528000000,8224.35742,8398.85254,8049.8623
1560542400000,8259.92871,8557.35156,7962.50586
1560556800000,8294.42871,8648.92969,7939.92725
1560571200000,8332.35742,8738.55566,7926.1582
1560585600000,8372.42871,8798.12891,7946.72803
1560600000000,8420.32129,8875.96387,7964.6792
1560614400000,8473.03613,8951.17773,7994.89307
1560628800000,8520.67871,9009.51953,8031.8374
1560643200000,8576.42871,9100.57812,8052.27881
1560657600000,8656.10742,9277.61523,8034.59961
1560672000000,8722.78613,9338.3877,8107.18359
1560686400000,8792.42871,9403.66797,8181.18945
1560700800000,8839.25,9379.20215,8299.29785
1560715200000,8879.57129,9367.20703,8391.93555
1560729600000,8934.14258,9364.54297,8503.74316
1560744000000,8967.57129,9391.12598,8544.0166
1560758400000,9015.14258,9436.50977,8593.77539
1560772800000,9050.28613,9444.69824,8655.87402
1560787200000,9095.46387,9454.81348,8736.11523
1560801600000,9134.60742,9475.83691,8793.37695
1560816000000,9163.85742,9476.83691,8850.87793
1560830400000,9183.35742,9447.81445,8918.90039
1560844800000,9195.14258,9443.46484,8946.82031
1560859200000,9176.46387,9414.82422,8938.10449
1560873600000,9171.67871,9415.20801,8928.14844
1560888000000,9160.78613,9405.56152,8916.00977
1560902400000,9176.53613,9384.00293,8969.06934
1560916800000,9191.78613,9366.56641,9017.00488
1560931200000,9189.78613,9366.21973,9013.35156
1560945600000,9185.03613,9367.57324,9002.49805
1560960000000,9172.57129,9339.87598,9005.26758
1560974400000,9178.71387,9355.7041,9001.72461
1560988800000,9181.28613,9367.00977,8995.56152
1561003200000,9176.46387,9347.49805,9005.43066
1561017600000,9176.89258,9348.93945,9004.84668
1561032000000,9195.25,9396.02344,8994.47656
1561046400000,9219.71387,9482.83105,8956.59766
1561060800000,9251.64258,9549.08105,8954.20508
1561075200000,9300.28613,9678.39062,8922.18066
1561089600000,9348.71387,9773.84668,8923.58203
1561104000000,9398.14258,9874.82812,8921.45801
1561118400000,9442.96387,9949.44531,8936.4834
1561132800000,9497.35742,10025.3291,8969.38574
1561147200000,9581.14258,10193.6035,8968.68262
1561161600000,9687.57129,10457.4863,8917.65625
1561176000000,9787.92871,10679.2686,8896.58887
1561190400000,9897.14258,10913.9287,8880.35742
1561204800000,10006.7139,11064.1016,8949.32715
1561219200000,10105.75,11131.9629,9079.53711
1561233600000,10199.1074,11183.9385,9214.27637
1561248000000,10287.25,11235.7246,9338.77539
1561262400000,10371.4639,11243.9619,9498.96582
1561276800000,10431.75,11240.2373,9623.2627
1561291200000,10501.5713,11231.291,9771.85156
1561305600000,10582.6074,11248.2891,9916.92578
1561320000000,10656.4639,11179.752,10133.1758
1561334400000,10709.4639,11025.7012,10393.2275
1561348800000,10745.4287,10947.1211,10543.7363
1561363200000,10762.8574,10965.5352,10560.1797
1561377600000,10779.1426,10992.6211,10565.6641
1561392000000,10781.0361,10998.5254,10563.5459
1561406400000,10797.6787,11055.0244,10540.332
1561420800000,10831.7861,11133.7764,10529.7949
1561435200000,10879.5,11275.96,10483.04
1561449600000,10924.6426,11393.8701,10455.416
1561464000000,10970.5361,11472.7051,10468.3662
1561478400000,11025.25,11521.1074,10529.3926
1561492800000,11098.4287,11695.4785,10501.3789
1561507200000,11189.75,12024.8535,10354.6465
1561521600000,11306.4287,12349.5908,10263.2666
1561536000000,11450.1426,12633.6045,10266.6816
1561550400000,11598.1074,12916.248,10279.9658
1561564800000,11812.9287,13516.2686,10109.5889
1561579200000,11956.6787,13673.7852,10239.5713
1561593600000,12092.1787,13755.2715,10429.085
1561608000000,12189.6787,13753.5664,10625.791
1561622400000,12257.1426,13712.6807,10801.6045
1561636800000,12280.5361,13687.5254,10873.5459
1561651200000,12242.7139,13766.7549,10718.6738
1561665600000,12228.6787,13788.3291,10669.0283
1561680000000,12208.5,13818.7363,10598.2637
1561694400000,12173.1074,13841.6816,10504.5332
1561708800000,12160.3926,13829.1426,10491.6436
1561723200000,12119.2861,13782.5166,10456.0547
1561737600000,12097.0361,13739.1523,10454.9189
1561752000000,12063.8926,13662.4805,10465.3057
1561766400000,11892.4639,13151.0625,10633.8662
1561780800000,11813.5361,12932.2949,10694.7764
1561795200000,11751.8926,12731.957,10771.8281
1561809600000,11714.8574,12629.1738,10800.54
1561824000000,11699.0713,12594.4043,10803.7383
1561838400000,11712.1426,12611.8965,10812.3887
1561852800000,11803.5713,12592.9688,11014.1748
1561867200000,11842.8574,12550.6562,11135.0576
1561881600000,11873.5361,12476.5918,11270.4805
1561896000000,11857.6787,12531.2002,11184.1572
1561910400000,11797,12532.5625,11061.4375
1561924800000,11715.5,12617.7617,10813.2383
1561939200000,11625.5713,12509.9287,10741.2139
1561953600000,11520.6787,12369.6338,10671.7227
1561968000000,11484.4287,12378.2793,10590.5781
1561982400000,11378.1787,12424.5127,10331.8447
1561996800000,11253.5713,12411.4424,10095.7012
1562011200000,11159.3213,12307.9395,10010.7031
1562025600000,11048.0361,12202.1357,9893.93555
1562040000000,10903,12114.8545,9691.14551
1562054400000,10749,11832.5781,9665.42188
1562068800000,10669.9639,11614.2402,9725.68848
1562083200000,10616.5361,11440.8818,9792.18945
1562097600000,10602.0713,11402.5635,9801.5791
1562112000000,10609.1787,11433.0049,9785.35156
1562126400000,10644.7861,11533.3672,9756.20508
1562140800000,10653.7139,11562.1201,9745.30859
1562155200000,10692.75,11685.2705,9700.22949
1562169600000,10714.2861,11743.1348,9685.43652
1562184000000,10831.8926,12025.6875,9638.09766
1562198400000,10954.25,12212.0986,9696.40137
1562212800000,11035.7861,12332.1279,9739.44336
1562227200000,11138.7139,12417.0664,9860.36133
1562241600000,11277.3926,12371.0928,10183.6934
1562256000000,11412.7861,12279.8047,10545.7666
1562270400000,11451.7139,12212.1973,10691.2314
1562284800000,11477.5713,12163.9775,10791.165
1562299200000,11486.0713,12143.1553,10828.9873
1562313600000,11477.6074,12145.8848,10809.3301
1562328000000,11477.3926,12145.9443,10808.8418
1562342400000,11472.2139,12150.0137,10794.415
1562356800000,11439,12160.4033,10717.5967
1562371200000,11456.9287,12174.1475,10739.709
1562385600000,11420.25,12075.3193,10765.1807
1562400000000,11385.8926,11982.4541,10789.3311
1562414400000,11380.0713,11965.0938,10795.0498
1562428800000,11363.9287,11918.7568,10809.1006
1562443200000,11324.7861,11830.7148,10818.8564
1562457600000,11272.1426,11678.582,10865.7031
1562472000000,11275.6426,11678.5742,10872.7109
1562486400000,11291.1787,11686.7705,10895.5869
1562500800000,11311.5361,11664.2861,10958.7852
1562515200000,11338.3926,11710.8555,10965.9297
1562529600000,11353.8574,11730.3877,10977.3271
1562544000000,11373.6426,11731.3643,11015.9209
1562558400000,11408.8213,11700.9404,11116.7031
1562572800000,11440.1787,11849.126,11031.2305
1562587200000,11470.7861,11943.9307,10997.6406
1562601600000,11527.4639,12137.3555,10917.5732
1562616000000,11574.4287,12300.4199,10848.4375
1562630400000,11657.0361,12578.7588,10735.3125
1562644800000,11746.3213,12727.8379,10764.8047
1562659200000,11832.3213,12799.0693,10865.5742
1562673600000,11919.1426,12860.0459,10978.2393
1562688000000,12002.5361,12931.9932,11073.0781
1562702400000,12096.8574,12966.5723,11227.1416
1562716800000,12197.8213,13129.8115,11265.832
1562731200000,12299.6074,13206.2578,11392.9561
1562745600000,12413.3926,13244.0703,11582.7158
1562760000000,12476.2861,13131.3428,11821.2285
1562774400000,12483.2139,13118.4795,11847.9492
1562788800000,12496.8926,13088.1455,11905.6396
1562803200000,12459.6074,13169.3389,11749.875
1562817600000,12411.0713,13242.3965,11579.7461
1562832000000,12333.7139,13247.2842,11420.1445
1562846400000,12266.5361,13260.2363,11272.835
1562860800000,12212.6426,13262.7393,11162.5459
1562875200000,12135.6074,13270.5645,11000.6504
1562889600000,12040.5,13253.6465,10827.3535
1562904000000,11976.7861,13165.9873,10787.584
1562918400000,11884.1787,12936.4561,10831.9014
1562932800000,11786.0361,12684.6162,10887.4551
1562947200000,11688.5,12278.9678,11098.0322
1562961600000,11648.3926,12111.8125,11184.9727
1562976000000,11616.9287,12017.8555,11216.001
1562990400000,11575.5713,11879.4434,11271.7002
1563004800000,11546.8574,11873.2227,11220.4912
1563019200000,11532.5361,11863.5977,11201.4736
1563033600000,11502.75,11876.7793,11128.7207
1563048000000,11490.3926,11869.3555,11111.4307
1563062400000,11468.7861,11855.8359,11081.7363
1563076800000,11454.8213,11873.1572,11036.4854
1563091200000,11418.9287,11985.1641,10852.6934
1563105600000,11329.8574,12071.7129,10588.001
1563120000000,11243.25,12071.7188,10414.7812
1563134400000,11147.6787,12118.2881,10177.0693
1563148800000,11047.8926,12079.8076,10015.9785
1563163200000,10942.5713,11944.4424,9940.7002
1563177600000,10847.8213,11823.415,9872.22852
1563192000000,10779.6787,11690.915,9868.44238
1563206400000,10747.8574,11614.4189,9881.29492
1563220800000,10708.3574,11497.0498,9919.66504
1563235200000,10675.8574,11420.0439,9931.6709
1563249600000,10632.5361,11272.8232,9992.24805
1563264000000,10591.1074,11120.7168,10061.498
1563278400000,10546.6426,10980.8994,10112.3867
1563292800000,10474.9639,11091.5146,9858.41406
1563307200000,10402.9287,11225.5742,9580.28223
1563321600000,10326.5361,11291.2461,9361.82617
1563336000000,10282.75,11320.7695,9244.73047
1563350400000,10206.6787,11390.3467,9023.00977
1563364800000,10164.2861,11369.4951,8959.07617
1563379200000,10124.9287,11345.6621,8904.19531
1563393600000,10063.2139,11277.1689,8849.25977
1563408000000,9983.60742,11123.8896,8843.3252
1563422400000,9908.64258,10941.6865,8875.59863
1563436800000,9840.17871,10768.9932,8911.36426
1563451200000,9818.10742,10669.3154,8966.89941
1563465600000,9805.10742,10605.3105,9004.90332
1563480000000,9814.53613,10650.3408,8978.73047
1563494400000,9880.96387,10805.0205,8956.9082
1563508800000,9968.42871,10932.3457,9004.51074
1563523200000,10031.2139,10956.3594,9106.06934
1563537600000,10090.1787,10997.5762,9182.78125
1563552000000,10177.2861,10941.4922,9413.0791
1563566400000,10233.4287,10975.1602,9491.69727
1563580800000,10288.9639,10992.9121,9585.0166
1563595200000,10353.2861,10989.917,9716.6543
1563609600000,10414.2139,10960.7256,9867.70312
1563624000000,10474.6426,10917.8857,10031.4004
1563638400000,10557.7861,10851.4521,10264.1191
1563652800000,10579.6787,10885.4756,10273.8818
1563667200000,10583.5,10888.0781,10278.9219
1563681600000,10580.1787,10882.8789,10277.4785
1563696000000,10577.5713,10880,10275.1426
1563710400000,10563.5,10870.4609,10256.5391
1563724800000,10571.9287,10854.2646,10289.5928
1563739200000,10584.8926,10851.5176,10318.2686
1563753600000,10600.4639,10846.7666,10354.1621
1563768000000,10605.9639,10848.5117,10363.417
1563782400000,10608.4639,10848.4121,10368.5166
1563796800000,10582.1787,10892.2188,10272.1387
1563811200000,10549.75,10934.9648,10164.5352
1563825600000,10525.8213,10923.0938,10128.5488
1563840000000,10475.9639,10829.3438,10122.585
1563854400000,10423.0713,10808.6699,10037.4727
1563868800000,10382,10810.3994,9953.60059
1563883200000,10335,10799.6104,9870.38965
1563897600000,10304.2139,10759.8877,9848.54102
1563912000000,10261.2139,10765.6904,9756.73828
1563926400000,10205.6787,10795.6836,9615.67383
1563940800000,10141.5,10747.3213,9535.67871
1563955200000,10076.2861,10659.0156,9493.55566
1563969600000,10026.2139,10536.2734,9516.15527
1563984000000,9961.17871,10409.8887,9512.46875
1563998400000,9928.53613,10361.0527,9496.01855
1564012800000,9927.32129,10357.5742,9497.06836
1564027200000,9909.60742,10291.2422,9527.97266
1564041600000,9900,10254.2236,9545.77637
1564056000000,9897.75,10249.209,9546.29102
1564070400000,9887.53613,10233.7412,9541.33105
1564084800000,9882.57129,10227.415,9537.72852
1564099200000,9851.82129,10176.4346,9527.20801
1564113600000,9846.35742,10173.7754,9518.93945
1564128000000,9858.25,10165.4199,9551.08008
1564142400000,9865.82129,10160.7646,9570.87793
1564156800000,9876.96387,10158.2334,9595.69531
1564171200000,9873.14258,10154.5635,9591.72168
1564185600000,9908.42871,10193.6924,9623.16504
1564200000000,9930.85742,10218.7373,9642.97754
1564214400000,9885.71387,10232.6387,9538.79004
1564228800000,9839.21387,10243.0996,9435.3291
1564243200000,9788.96387,10224.3838,9353.54395
1564257600000,9751.39258,10200.9678,9301.81738
1564272000000,9722.42871,10190.6016,9254.25586
1564286400000,9694.21387,10169.9961,9218.43164
1564300800000,9680.82129,10164.8936,9196.74902
1564315200000,9661.75,10151.4297,9172.07031
1564329600000,9642.42871,10130.0264,9154.83105
1564344000000,9623.75,10106.7812,9140.71875
1564358400000,9607.17871,10072.0947,9142.2627
1564372800000,9589.42871,10035.1729,9143.68359
1564387200000,9540.10742,9865.33594,9214.87793
1564401600000,9499.07129,9619.31055,9378.83203
1564416000000,9497.64258,9618.82227,9376.46289
1564430400000,9503.53613,9617.2207,9389.85059
1564444800000,9505.5,9612.47168,9398.52832
1564459200000,9507.96387,9612.70215,9403.22656
1564473600000,9513.39258,9615.5752,9411.21094
1564488000000,9529.67871,9670.21973,9389.13672
1564502400000,9535.82129,9681.47168,9390.1709
1564516800000,9542.35742,9689.55371,9395.16113
1564531200000,9553.35742,9717.28223,9389.43262
1564545600000,9568.53613,9758.95117,9378.12012
1564560000000,9578.17871,9792.08887,9364.26758
1564574400000,9610.60742,9935.14453,9286.07031
1564588800000,9649.78613,10019.0693,9280.50195
1564603200000,9691.17871,10114.667,9267.69043
1564617600000,9729.67871,10163.0771,9296.28027
1564632000000,9763.39258,10194.9092,9331.87598
1564646400000,9802.82129,10202.8115,9402.83105
1564660800000,9840.32129,10217.5088,9463.13379
1564675200000,9893.96387,10295.8604,9492.06738
1564689600000,9944.5,10412.1904,9476.80957
1564704000000,9998.71387,10472.5742,9524.85449
1564718400000,10067,10562.6338,9571.36621
1564732800000,10124.3926,10615.3984,9633.3877
1564747200000,10186.6787,10690.1914,9683.16504
1564761600000,10237.0361,10700.8359,9773.23535
1564776000000,10271.2861,10745.7705,9796.80078
1564790400000,10326.9639,10843.7441,9810.18359
1564804800000,10380.0713,10939.5752,9820.56738
1564819200000,10434.6426,10987.1367,9882.14941
1564833600000,10490.6074,11003.4385,9977.77539
1564848000000,10554.5713,11015.46,10093.6826
1564862400000,10611.4287,10985.1152,10237.7422
1564876800000,10646.7861,10982.9736,10310.5977
1564891200000,10666.6426,10977.4902,10355.7949
1564905600000,10690.1426,10951.9453,10428.3408
1564920000000,10721.25,11010.833,10431.667
1564934400000,10755.1426,11038.3613,10471.9248
1564948800000,10781.5361,11076.7666,10486.3047
1564963200000,10861.7139,11331.7988,10391.6299
1564977600000,10945.8926,11551.2061,10340.5801
1564992000000,11019.6426,11763.3691,10275.917
1565006400000,11087.9287,11920.9434,10254.9141
1565020800000,11158.8926,12039.8818,10277.9043
1565035200000,11234.3574,12146.1992,10322.5146
1565049600000,11292.25,12207.501,10376.999
1565064000000,11391.75,12380.376,10403.124
1565078400000,11463.0361,12408.6475,10517.4238
1565092800000,11536.25,12385.7236,10686.7764
1565107200000,11608.25,12319.4102,10897.0898
1565121600000,11642.8213,12271.7295,11013.9131
1565136000000,11690.3213,12194.4424,11186.2002
1565150400000,11728.9639,12066.6807,11391.248
1565164800000,11740.0361,12069.0508,11411.0205
1565179200000,11736.9639,12067.8789,11406.0498
1565193600000,11733.9639,12062.7305,11405.1982
1565208000000,11748.3574,12102.2695,11394.4453
1565222400000,11762.6426,12133.8145,11391.4717
1565236800000,11770,12149.1475,11390.8525
1565251200000,11780.2139,12157.0264,11403.4023
1565265600000,11742.9287,12034.2822,11451.5752
1565280000000,11728,12031.2959,11424.7041
1565294400000,11749.8926,12089.1172,11410.6689
1565308800000,11762.8926,12107.6074,11418.1787
1565323200000,11790.6787,12096.6953,11484.6621
1565337600000,11795.8574,12092.9424,11498.7715
1565352000000,11809.0361,12071.6104,11546.4609
1565366400000,11813.1426,12073.4658,11552.8203
1565380800000,11828.1074,12076.6982,11579.5166
1565395200000,11833.0361,12079.8301,11586.2412
1565409600000,11822.1787,12053.083,11591.2744
1565424000000,11777.6426,12102.5576,11452.7275
1565438400000,11739.7861,12110.0986,11369.4727
1565452800000,11702.4639,12131.5557,11273.373
1565467200000,11673.2861,12153.7383,11192.833
1565481600000,11659.3926,12161.5723,11157.2139
1565496000000,11611.25,12093.2041,11129.2959
1565510400000,11581.6426,12043.5713,11119.7139
1565524800000,11547.5,11993.0459,11101.9541
1565539200000,11524.3213,11969.5889,11079.0537
1565553600000,11513.0361,11946.6094,11079.4619
1565568000000,11487.0361,11890.2949,11083.7764
1565582400000,11453.6074,11795.4258,11111.7891
1565596800000,11417.1426,11686.4678,11147.8184
1565611200000,11385.0713,11518.4326,11251.71
1565625600000,11392.4639,11526.8154,11258.1123
1565640000000,11393.1426,11527.5234,11258.7617
1565654400000,11399.8213,11524.46,11275.1836
1565668800000,11404.5,11515.4912,11293.5088
1565683200000,11395.5,11531.5557,11259.4443
1565697600000,11364.5713,11646.5488,11082.5947
1565712000000,11323.9287,11686.4922,10961.3643
1565726400000,11287.0713,11717.8369,10856.3057
1565740800000,11232.3213,11782.7031,10681.9404
1565755200000,11162.4287,11776.7207,10548.1357
1565769600000,11096.9639,11771.3809,10422.5479
1565784000000,11030.1074,11752.0342,10308.1807
1565798400000,10944.25,11779.1973,10109.3027
1565812800000,10846.7139,11765.415,9928.01367
1565827200000,10730.5713,11725.335,9735.80762
1565841600000,10619.1787,11638.5537,9599.80371
1565856000000,10529.3926,11478.2559,9580.5293
1565870400000,10439.3574,11294.6494,9584.06445
1565884800000,10357.0361,11098.2471,9615.82422
1565899200000,10312.6426,10985.6992,9639.58691
1565913600000,10271.3213,10860.9229,9681.7207
1565928000000,10203.8574,10718.0811,9689.63281
1565942400000,10170.6426,10633.5391,9707.74609
1565956800000,10158.2861,10585.1816,9731.39062
1565971200000,10153.8926,10566.6982,9741.08691
1565985600000,10145.4287,10536.1045,9754.75293
1566000000000,10157.7139,10556.4121,9759.0166
1566014400000,10181.7861,10586.0596,9777.51172
1566028800000,10218.4287,10574.6719,9862.18457
1566043200000,10253.1074,10543.4854,9962.72949
1566057600000,10254.4287,10542.8789,9965.97754
1566072000000,10262.8574,10538.0107,9987.70312
1566086400000,10264.0713,10536.4492,9991.69336
1566100800000,10252.4287,10532.2705,9972.58691
1566115200000,10259.1074,10549.4883,9968.72656
1566129600000,10293.3926,10522.0811,10064.7051
1566144000000,10309.9287,10526.002,10093.8545
1566158400000,10303.9639,10514.0703,10093.8584
1566172800000,10300.25,10500.6641,10099.8359
1566187200000,10326.8574,10623.8535,10029.8604
1566201600000,10355.4287,10708.9453,10001.9111
1566216000000,10380.5713,10779.4053,9981.73828
1566230400000,10406.3926,10835.002,9977.78418
1566244800000,10449.5713,10952.1035,9947.04004
1566259200000,10495.4639,11000.2676,9990.66113
1566273600000,10539.6787,11043.9307,10035.4258
1566288000000,10582.6074,11034.7402,10130.4736
1566302400000,10625.4287,11006.9805,10243.877
1566316800000,10648.6787,11015.4902,10281.8662
1566331200000,10675.7139,11020.1934,10331.2354
1566345600000,10669.6787,11037.2109,10302.1455
1566360000000,10654.6787,11089.3301,10220.0273
1566374400000,10636.1426,11129.1641,10143.1221
1566388800000,10582.1787,11178.7725,9985.58496
1566403200000,10538.8574,11180.7207,9896.99414
1566417600000,10497.0713,11163.707,9830.43652
1566432000000,10437.8926,11168.3154,9707.4707
1566446400000,10369.1074,11082.5703,9655.64453
1566460800000,10309.25,11008.5371,9609.96289
1566475200000,10258.3926,10901.3994,9615.38574
1566489600000,10219.4287,10810.7041,9628.15332
1566504000000,10175.5,10694.9414,9656.05859
1566518400000,10133.3574,10547.709,9719.00586
1566532800000,10094.5361,10317.8047,9871.2666
1566547200000,10084.0361,10281.8262,9886.24609
1566561600000,10105.8213,10366.7139,9844.92871
1566576000000,10125.2861,10433.0557,9817.51562
1566590400000,10156.75,10484.0342,9829.46582
1566604800000,10177.1074,10521.6201,9832.59375
1566619200000,10191.1426,10542.5342,9839.75195
1566633600000,10201.5,10520.9219,9882.07812
1566648000000,10203.3926,10517.4922,9889.29395
1566662400000,10213.6426,10504.0342,9923.25098
1566676800000,10215.5361,10503.6279,9927.44336
1566691200000,10213.2139,10503.2217,9923.20703
1566705600000,10213.7861,10503.0635,9924.50781
1566720000000,10212.6426,10503.0361,9922.25
1566734400000,10200.6426,10500.1719,9901.11328
1566748800000,10195.0361,10501.4932,9888.5791
1566763200000,10176.0361,10457.96,9894.11133
1566777600000,10166.6426,10422.5947,9910.69043
1566792000000,10162.25,10402.9678,9921.53223
1566806400000,10162.7139,10405.1328,9920.29492
1566820800000,10163.1426,10406.7266,9919.55957
1566835200000,10185.2861,10425.4951,9945.07617
1566849600000,10212.25,10444.6924,9979.80762
1566864000000,10217.5,10443.2861,9991.71387
1566878400000,10219.6074,10442.999,9996.21582
1566892800000,10217.6787,10444.2812,9991.07617
1566907200000,10221.9287,10443.5967,10000.2607
1566921600000,10223.7139,10442.9258,10004.5029
1566936000000,10231.9639,10434.9834,10028.9453
1566950400000,10233.6426,10431.4336,10035.8516
1566964800000,10234.6787,10430.7988,10038.5586
1566979200000,10224.6074,10422.4951,10026.7197
1566993600000,10217.3213,10403.5186,10031.124
1567008000000,10165.0361,10490.3857,9839.68555
1567022400000,10120.3574,10508.0859,9732.62891
1567036800000,10068.1426,10524.9893,9611.2959
1567051200000,9997.78613,10541.7822,9453.79004
1567065600000,9945.89258,10546.502,9345.28418
1567080000000,9897.96387,10526.0137,9269.91504
1567094400000,9853.42871,10502.6621,9204.19531
1567108800000,9804.03613,10450.2139,9157.8584
1567123200000,9754.5,10390.3281,9118.67188
1567137600000,9703.07129,10307.9893,9098.15332
1567152000000,9665.39258,10234.2246,9096.56055
1567166400000,9624.21387,10122.3594,9126.06934
1567180800000,9583.17871,9986.83789,9179.51953
1567195200000,9535.53613,9702.75391,9368.31836
1567209600000,9533.14258,9694.30273,9371.98242
1567224000000,9525.14258,9660.30859,9389.97754
1567238400000,9523.96387,9657.15527,9390.77344
1567252800000,9538.96387,9652.20801,9425.7207
1567267200000,9548.17871,9652.41602,9443.94043
1567281600000,9555.89258,9660.26758,9451.51758
1567296000000,9566.10742,9669.89355,9462.32129
1567310400000,9575.32129,9674.30371,9476.33887
1567324800000,9584,9662.25586,9505.74414
1567339200000,9595.17871,9636.55078,9553.80664
1567353600000,9599.92871,9639.75488,9560.10254
1567368000000,9613.32129,9710.10645,9516.53613
1567382400000,9626.75,9748.1377,9505.3623
1567396800000,9640.32129,9779.01855,9501.625
1567411200000,9656.21387,9829.35645,9483.07227
1567425600000,9679,9892.41016,9465.58984
1567440000000,9722.75,10051.0791,9394.4209
1567454400000,9779.28613,10244.5312,9314.04004
1567468800000,9838.42871,10390.4814,9286.37598
1567483200000,9894.60742,10498.4619,9290.75195
1567497600000,9952.03613,10596.2646,9307.80762
1567512000000,10030.2861,10756.1143,9304.45703
1567526400000,10107.6787,10858.7725,9356.58496
1567540800000,10180.5,10925.4258,9435.57422
1567555200000,10252.3926,10963.4668,9541.31836
1567569600000,10309.5,10984.9229,9634.07715
1567584000000,10364.7861,10976.2334,9753.33887
1567598400000,10411.5361,10926.3828,9896.68848
1567612800000,10474.3926,10904.6611,10044.124
1567627200000,10522.2861,10820.8145,10223.7568
1567641600000,10550.7139,10784.0303,10317.3975
1567656000000,10563.7139,10778.6523,10348.7764
1567670400000,10576.7861,10774.1602,10379.4111
1567684800000,10589.5361,10758.8398,10420.2314
1567699200000,10597.9639,10746.0781,10449.8506
1567713600000,10588.8213,10721.2656,10456.3779
1567728000000,10589.1074,10722.2744,10455.9404
1567742400000,10597.5713,10754.9551,10440.1875
1567756800000,10615.3574,10830.7686,10399.9453
1567771200000,10637.7861,10892.4824,10383.0889
1567785600000,10626.8213,10909.4424,10344.2012
1567800000000,10618.8926,10928.6934,10309.0928
1567814400000,10591.8926,10925.3311,10258.4551
1567828800000,10578.1426,10927.4141,10228.8711
1567843200000,10567.25,10924.6533,10209.8467
1567857600000,10560.9639,10921.1084,10200.8203
1567872000000,10554.5361,10915.4111,10193.6602
1567886400000,10549.0713,10911.0684,10187.0742
1567900800000,10549.7861,10911.8506,10187.7207
1567915200000,10546.6787,10908.0732,10185.2842
1567929600000,10528.25,10887.8994,10168.6006
1567944000000,10503.1074,10844.1484,10162.0664
1567958400000,10464.75,10740.8701,10188.6299
1567972800000,10429.1426,10577.5781,10280.708
1567987200000,10423.1074,10584.6094,10261.6055
1568001600000,10410.1074,10625.2119,10195.0029
1568016000000,10415.3213,10627.4766,10203.167
1568030400000,10409.8213,10628.167,10191.4756
1568044800000,10399.9639,10626.0098,10173.9189
1568059200000,10387.3213,10613.623,10161.0205
1568073600000,10372.5,10593.8105,10151.1895
1568088000000,10356.5713,10572.3535,10140.7891
1568102400000,10334.3926,10522.8438,10145.9424
1568116800000,10307.4287,10473.7861,10141.0713
1568131200000,10277.0361,10498.5469,10055.5244
1568145600000,10254.8574,10482.957,10026.7578
1568160000000,10235.3926,10475.2637,9995.52246
1568174400000,10210.3926,10454.3525,9966.43262
1568188800000,10192.6074,10444.0352,9941.17969
1568203200000,10181.0713,10456.3438,9905.79883
1568217600000,10156.1426,10402.3945,9909.8916
1568232000000,10144.7139,10375.0283,9914.40039
1568246400000,10131.2139,10346.9941,9915.43457
1568260800000,10114.3213,10309.3838,9919.25977
1568275200000,10104.7861,10275.0635,9934.50879
1568289600000,10109,10297.5615,9920.43848
1568304000000,10114.25,10321.6523,9906.84766
1568318400000,10133.1426,10397.2949,9868.99121
1568332800000,10162.1426,10446.127,9878.15918
1568347200000,10178.5713,10471.3613,9885.78223
1568361600000,10197.1426,10493.875,9900.41113
1568376000000,10217.1426,10505.9111,9928.375
1568390400000,10229.0361,10502.7773,9955.29395
1568404800000,10257.3926,10498.1934,10016.5918
1568419200000,10275.0361,10493.4893,10056.582
1568433600000,10288.5713,10498.5439,10078.5986
1568448000000,10303.3574,10486.5654,10120.1484
1568462400000,10325.5361,10457.0488,10194.0225
1568476800000,10341.7139,10440.0791,10243.3496
1568491200000,10344.25,10443.208,10245.292
1568505600000,10344.7139,10443.3857,10246.043
1568520000000,10337.7139,10423.3887,10252.04
1568534400000,10332.8574,10411.875,10253.8398
1568548800000,10332.4287,10411.6982,10253.1592
1568563200000,10330.6074,10410.8604,10250.3535
1568577600000,10329.8926,10410.7578,10249.0273
1568592000000,10337.5,10389.543,10285.457
1568606400000,10333.7139,10384.3135,10283.1152
1568620800000,10331.3574,10387.6094,10275.1045
1568635200000,10316.1426,10433.5479,10198.7383
1568649600000,10303.2861,10454.8125,10151.7598
1568664000000,10295.5361,10441.998,10149.0732
1568678400000,10286,10424.2959,10147.7041
1568692800000,10275.25,10410.2021,10140.2979
1568707200000,10263.8213,10404.4258,10123.2168
1568721600000,10254.9287,10392.1074,10117.749
1568736000000,10250.3213,10381.3682,10119.2744
1568750400000,10241.0361,10369.9912,10112.0801
1568764800000,10235.0713,10358.7002,10111.4424
1568779200000,10228.8574,10345.7617,10111.9531
1568793600000,10217.6426,10325.6729,10109.6133
1568808000000,10208.5,10303.207,10113.793
1568822400000,10201.2861,10286.833,10115.7383
1568836800000,10203.8574,10282.5703,10125.1436
1568851200000,10181,10397.2803,9964.71973
1568865600000,10153.2861,10412.3135,9894.25781
1568880000000,10125.1426,10417.5342,9832.75098
1568894400000,10101.5,10413.5498,9789.4502
1568908800000,10097.2861,10406.9707,9787.60059
1568923200000,10102.1787,10420.8965,9783.45996
1568937600000,10099.8213,10414.1465,9785.49707
1568952000000,10097.3926,10409.4717,9785.31348
1568966400000,10093.5,10400.458,9786.54199
1568980800000,10090.0713,10392.292,9787.85156
1568995200000,10089.1787,10390.5576,9787.7998
1569009600000,10088.75,10389.5938,9787.90625
1569024000000,10085.3574,10382.9258,9787.78809
1569038400000,10079.3213,10373.5107,9785.13184
1569052800000,10095.8213,10351.2041,9840.43945
1569067200000,10106.9639,10336.249,9877.67969
1569081600000,10117.2139,10311.6992,9922.72852
1569096000000,10123.2861,10291.9941,9954.57812
1569110400000,10105.6787,10320.0645,9891.29297
1569124800000,10087.3213,10282.3369,9892.30566
1569139200000,10070.7139,10252.7881,9888.64062
1569153600000,10058.5713,10239.4795,9877.66309
1569168000000,10045,10218.8027,9871.19727
1569182400000,10034.1074,10192.9248,9875.29004
1569196800000,10020.4639,10167.9824,9872.94629
1569211200000,9999.46387,10133.2236,9865.70508
1569225600000,9982.92871,10101.7324,9864.12402
1569240000000,9966.78613,10088.9961,9844.5752
1569254400000,9948.64258,10094.2715,9803.01465
1569268800000,9923.39258,10114.2119,9732.57422
1569283200000,9901.89258,10117.7266,9686.05859
1569297600000,9885.5,10112.7139,9658.28613
1569312000000,9874.39258,10118.6982,9630.08691
1569326400000,9836.28613,10136.6162,9535.95508
1569340800000,9719.96387,10521.1572,8918.77051
1569355200000,9616.07129,10607.9043,8624.23828
1569369600000,9517.35742,10614.1924,8420.52148
1569384000000,9397.96387,10607.8057,8188.12256
1569398400000,9280.89258,10564.1504,7997.63525
1569412800000,9166.92871,10497.5049,7836.35205
1569427200000,9056.17871,10381.0176,7731.33984
1569441600000,8955.21387,10235.7031,7674.72559
1569456000000,8854.39258,10077.8838,7630.90137
1569470400000,8761.92871,9914.24805,7609.60889
1569484800000,8668.71387,9706.93066,7630.49805
1569499200000,8538.60742,9456.52148,7620.69287
1569513600000,8424.75,9094.32324,7755.17725
1569528000000,8321.64258,8673.35645,7969.92969
1569542400000,8296.10742,8680.19922,7912.01465
1569556800000,8261.17871,8642.95117,7879.40576
1569571200000,8216.92871,8575.16797,7858.68945
1569585600000,8191.78564,8558.72266,7824.84912
1569600000000,8168.53564,8540.10938,7796.9624
1569614400000,8161.39307,8527.1123,7795.67383
1569628800000,8149.71436,8500.27734,7799.15137
1569643200000,8134.35693,8449.39453,7819.31934
1569657600000,8118.10693,8403.70508,7832.50879
1569672000000,8096.85693,8339.57324,7854.1416
1569686400000,8080.07129,8262.06934,7898.07324
1569700800000,8101,8271.09277,7930.90723
1569715200000,8102.64307,8273.78223,7931.50342
1569729600000,8106.75,8274.89258,7938.60742
1569744000000,8112.28564,8272.70996,7951.86182
1569758400000,8107.25,8280.2998,7934.19971
1569772800000,8105.78564,8283.4541,7928.11719
1569787200000,8109.85693,8279.8125,7939.90186
1569801600000,8108.57129,8282.09668,7935.04639
1569816000000,8079.96436,8312.16309,7847.76562
1569830400000,8069.17871,8293.83594,7844.521
1569844800000,8073.71436,8313.02051,7834.4082
1569859200000,8083.46436,8344.31641,7822.61182
1569873600000,8098.10693,8381.29102,7814.92285
1569888000000,8117,8446.48828,7787.51221
1569902400000,8132.21436,8495.75488,7768.67383
1569916800000,8149.14307,8534.0918,7764.19385
1569931200000,8169.75,8572.95996,7766.53955
1569945600000,8185.64307,8592.70605,7778.57959
1569960000000,8210.60742,8604.35938,7816.85498
1569974400000,8233.10742,8601.74805,7864.46582
1569988800000,8245.07129,8600.31348,7889.82959
1570003200000,8266.89258,8590.71094,7943.07422
1570017600000,8299.03613,8488.64941,8109.42188
1570032000000,8314.78613,8441.625,8187.94678
1570046400000,8321.07129,8451.15332,8190.98926
1570060800000,8325.21387,8454.12695,8196.30176
1570075200000,8323.67871,8454.39844,8192.95898
1570089600000,8309.71387,8434.73145,8184.69678
1570104000000,8287.28613,8432.55078,8142.02051
1570118400000,8271.25,8422.57812,8119.92188
1570132800000,8260.42871,8396.89355,8123.96338
1570147200000,8245.96387,8398.80664,8093.12207
1570161600000,8233.07129,8389.33984,8076.80273
1570176000000,8224.5,8384.19434,8064.80566
1570190400000,8219.96387,8383.30762,8056.62109
1570204800000,8213.5,8372.91504,8054.08545
1570219200000,8207.07129,8368.93262,8045.20996
1570233600000,8198.75,8360.95215,8036.54736
1570248000000,8180.14307,8312.64355,8047.64258
1570262400000,8162.67871,8265.94043,8059.41699
1570276800000,8149.42871,8237.93359,8060.92383
1570291200000,8138.92871,8220.35449,8057.50293
1570305600000,8141.28564,8221.23828,8061.3335
1570320000000,8134.35693,8225.12793,8043.58643
1570334400000,8115.42871,8220.06543,8010.79199
1570348800000,8104.60693,8236.59766,7972.61621
1570363200000,8096.60693,8232.7998,7960.41455
1570377600000,8078.10693,8245.4375,7910.77734
1570392000000,8056.89307,8251.4248,7862.36084
1570406400000,8033.53564,8234.08105,7832.99023
1570420800000,8013.10693,8220.19629,7806.01807
1570435200000,8002.17871,8196.44629,7807.91064
1570449600000,8007.25,8216.47852,7798.02148
1570464000000,8016.25,8249.82812,7782.67236
1570478400000,8024.85693,8276.82715,7772.88672
1570492800000,8038.32129,8320.09082,7756.55176
1570507200000,8043.67871,8335.93848,7751.41895
1570521600000,8052.64307,8353.43848,7751.84717
1570536000000,8067.57129,8372.09473,7763.04834
1570550400000,8082.25,8384.32227,7780.17773
1570564800000,8093.21436,8397.60352,7788.82568
1570579200000,8109.64307,8393.37695,7825.90918
1570593600000,8131.78564,8380.69434,7882.87744
1570608000000,8154.67871,8357.36133,7951.99561
1570622400000,8205.35742,8443.65039,7967.06445
1570636800000,8249.10742,8533.60645,7964.60791
1570651200000,8277.64258,8608.64258,7946.64258
1570665600000,8302.32129,8663.89941,7940.74316
1570680000000,8331.92871,8725.08594,7938.77148
1570694400000,8352.14258,8760.03027,7944.25586
1570708800000,8376.64258,8790.75488,7962.53076
1570723200000,8405.85742,8818.48535,7993.229
1570737600000,8435.14258,8838.58398,8031.70166
1570752000000,8465.21387,8845.73926,8084.68945
1570766400000,8481.07129,8830.00781,8132.13525
1570780800000,8494.5,8799.08789,8189.91211
1570795200000,8507.57129,8768.0127,8247.12988
1570809600000,8519.07129,8732.24805,8305.89453
1570824000000,8497.85742,8742.00781,8253.70703
1570838400000,8477.85742,8730.17969,8225.53516
1570852800000,8460.82129,8713.16797,8208.47559
1570867200000,8443.75,8696.5791,8190.9209
1570881600000,8427.35742,8660.00879,8194.70605
1570896000000,8410.60742,8637.34668,8183.86768
1570910400000,8393.03613,8607.94141,8178.12988
1570924800000,8375.67871,8561.23535,8190.12207
1570939200000,8357.14258,8498.55469,8215.73145
1570953600000,8341.89258,8406.46777,8277.31836
1570968000000,8343.5,8414.79785,8272.20215
1570982400000,8353.28613,8440.44629,8266.125
1570996800000,8348.53613,8442.04004,8255.03125
1571011200000,8345,8441.63086,8248.36914
1571025600000,8347.60742,8438.50488,8256.70996
1571040000000,8345.92871,8439.44824,8252.4082
1571054400000,8339.71387,8442.43555,8236.99316
1571068800000,8340.64258,8443.26758,8238.01855
1571083200000,8338.07129,8436.79883,8239.34375
1571097600000,8338.14258,8436.8252,8239.46094
1571112000000,8336.67871,8437.22266,8236.13477
1571126400000,8333.57129,8435.26758,8231.875
1571140800000,8333.10742,8434.85059,8231.36328
1571155200000,8319.32129,8445.37598,8193.26758
1571169600000,8300.57129,8435.91992,8165.22314
1571184000000,8280.46387,8404.83008,8156.09863
1571198400000,8270.17871,8412.96973,8127.3877
1571212800000,8252.53613,8432.04883,8073.02246
1571227200000,8226.46387,8460.89844,7992.03027
1571241600000,8202.07129,8469.92383,7934.21875
1571256000000,8183.35693,8467.67188,7899.04248
1571270400000,8156.78564,8445.57812,7867.99365
1571284800000,8129.42871,8408.62891,7850.22803
1571299200000,8111.39307,8370.11719,7852.66846
1571313600000,8096.03564,8333.9082,7858.16357
1571328000000,8078.92871,8287.11035,7870.74658
1571342400000,8061.21436,8217.51855,7904.90967
1571356800000,8053.92871,8196.39648,7911.46094
1571371200000,8036.32129,8181.66406,7890.97852
1571385600000,8019.03564,8155.13037,7882.94092
1571400000000,8003.07129,8129.08154,7877.06152
1571414400000,7995.92871,8120.91406,7870.94287
1571428800000,7996.75,8120.61084,7872.88916
1571443200000,7996.21436,8120.8125,7871.61621
1571457600000,7991.89307,8119.68311,7864.10254
1571472000000,7990.57129,8119.53418,7861.6084
1571486400000,7992.03564,8120.7915,7863.27979
1571500800000,7985.85693,8107.03809,7864.67627
1571515200000,7977.53564,8087.01221,7868.05957
1571529600000,7967,8069.11426,7864.88574
1571544000000,7955.35693,8039.00879,7871.70508
1571558400000,7946.10693,7995.18164,7897.03271
1571572800000,7954.35693,8017.28955,7891.4248
1571587200000,7977.10693,8137.17529,7817.03906
1571601600000,7999.25,8201.73828,7796.76172
1571616000000,8019.17871,8252.5,7785.85693
1571630400000,8038.42871,8292.43262,7784.4248
1571644800000,8059.25,8328.19531,7790.3042
1571659200000,8077.53564,8346.51074,7808.56104
1571673600000,8095.17871,8361.6875,7828.66992
1571688000000,8110.42871,8377.15332,7843.70361
1571702400000,8126.96436,8388.94922,7864.97949
1571716800000,8145.67871,8395.57715,7895.77979
1571731200000,8172.28564,8397.2002,7947.37109
1571745600000,8194.07129,8369.24805,8018.89502
1571760000000,8210.07129,8321.88281,8098.26025
1571774400000,8209.53613,8324.7832,8094.28857
1571788800000,8188.96436,8361.05664,8016.87256
1571803200000,8170.03564,8375.05469,7965.0166
1571817600000,8151.82129,8375.67285,7927.96973
1571832000000,8094.57129,8524.91406,7664.22852
1571846400000,8040.92871,8562.24902,7519.6084
1571860800000,7988.85693,8578.74023,7398.97363
1571875200000,7932.60693,8578.55957,7286.65479
1571889600000,7876.71436,8551.58105,7201.84766
1571904000000,7821.60693,8502.78418,7140.42969
1571918400000,7765.96436,8433.03906,7098.88965
1571932800000,7708.14307,8321.87598,7094.40967
1571947200000,7651.03564,8209.35547,7092.71582
1571961600000,7599.46436,8084.32129,7114.60742
1571976000000,7560,7986.66211,7133.33789
1571990400000,7533.67871,7900.66748,7166.68994
1572004800000,7557.78564,8055.86621,7059.70508
1572019200000,7605.25,8329.67676,6880.82324
1572033600000,7693.75,8591.65039,6795.8501
1572048000000,7845.32129,9169.86328,6520.7793
1572062400000,7991.60693,9548.85742,6434.35742
1572076800000,8122.46436,9768.5918,6476.33691
1572091200000,8249.71387,9936.36328,6563.06543
1572105600000,8363.03613,10031.0039,6695.06787
1572120000000,8493,10138.6055,6847.39404
1572134400000,8613.92871,10191.4102,7036.44727
1572148800000,8739.60742,10192.6709,7286.54395
1572163200000,8871.85742,10158.8975,7584.81689
1572177600000,9020.53613,10088.3955,7952.67627
1572192000000,9174.35742,9953.61621,8395.09766
1572206400000,9263.42871,9894.72656,8632.12988
1572220800000,9335.60742,9893.19336,8778.02051
1572235200000,9393.5,9812.17969,8974.82031
1572249600000,9380.32129,9781.8623,8978.78027
1572264000000,9372.96387,9768.05078,8977.87793
1572278400000,9386.32129,9775.80469,8996.83887
1572292800000,9387.92871,9774.65527,9001.20117
1572307200000,9407.92871,9744.33496,9071.52246
1572321600000,9422.57129,9750.82617,9094.31641
1572336000000,9442.39258,9740.06152,9144.72363
1572350400000,9456.14258,9720.22559,9192.05957
1572364800000,9451.85742,9727.53223,9176.18164
1572379200000,9443.78613,9713.7002,9173.87109
1572393600000,9412.17871,9635,9189.35645
1572408000000,9385.21387,9625.70312,9144.72461
1572422400000,9346.92871,9575.0459,9118.81152
1572436800000,9320.14258,9568.08203,9072.2041
1572451200000,9305,9550.625,9059.375
1572465600000,9287.42871,9534.9668,9039.88965
1572480000000,9265.03613,9512.92969,9017.1416
1572494400000,9256.53613,9516.25586,8996.81543
1572508800000,9243.5,9509.32617,8977.67383
1572523200000,9227.25,9461.24707,8993.25293
1572537600000,9212.39258,9411.63672,9013.14941
1572552000000,9197.10742,9376.23242,9017.98242
1572566400000,9186.07129,9371.81152,9000.33105
1572580800000,9163.60742,9286.51465,9040.69922
1572595200000,9155.53613,9254.44824,9056.62305
1572609600000,9150.60742,9252.57617,9048.6377
1572624000000,9156.07129,9258.44922,9053.69336
1572638400000,9167.35742,9277.91211,9056.80176
1572652800000,9170.82129,9289.96289,9051.67969
1572667200000,9176.21387,9300.7959,9051.63281
1572681600000,9187.17871,9316.44336,9057.91406
1572696000000,9203.60742,9348.50293,9058.71094
1572710400000,9218.92871,9373.63574,9064.2207
1572724800000,9224.35742,9387.31641,9061.39844
1572739200000,9232.57129,9409.36621,9055.77637
1572753600000,9240.28613,9413.12207,9067.44922
1572768000000,9246.60742,9402.16602,9091.04883
1572782400000,9251,9395.72656,9106.27344
1572796800000,9248.89258,9398.16113,9099.625
1572811200000,9256.57129,9384.57422,9128.56836
1572825600000,9254.17871,9387.93164,9120.4248
1572840000000,9249.67871,9386.54883,9112.80859
1572854400000,9250.75,9388.30078,9113.19922
1572868800000,9255.71387,9396.61914,9114.80957
1572883200000,9256.03613,9397.10742,9114.96387
1572897600000,9261.57129,9420.77637,9102.36719
1572912000000,9268.60742,9448.81641,9088.39844
1572926400000,9262.21387,9441.02148,9083.40723
1572940800000,9258.14258,9430.56836,9085.71777
1572955200000,9266.57129,9451.2041,9081.93848
1572969600000,9283.17871,9473.78613,9092.57129
1572984000000,9292.71387,9476.35156,9109.07715
1572998400000,9304.42871,9471.89844,9136.95898
1573012800000,9318.39258,9484.80469,9151.98047
1573027200000,9335.28613,9480.63574,9189.93555
1573041600000,9346.25,9469.7334,9222.7666
1573056000000,9348.21387,9468.21387,9228.21484
1573070400000,9351.03613,9469.29395,9232.77734
1573084800000,9352.82129,9467.21582,9238.42676
1573099200000,9340.92871,9459.25781,9222.59961
1573113600000,9324,9447.90039,9200.09961
1573128000000,9320.85742,9455.82324,9185.8916
1573142400000,9313.78613,9462.00098,9165.57031
1573156800000,9301.42871,9452.32324,9150.53418
1573171200000,9289.17871,9431.05273,9147.30371
1573185600000,9275.92871,9436.97949,9114.87695
1573200000000,9254.17871,9461.22559,9047.13184
1573214400000,9210.53613,9508.70605,8912.36523
1573228800000,9168.03613,9513.87207,8822.2002
1573243200000,9126.67871,9511.61328,8741.74414
1573257600000,9092.89258,9491.38086,8694.40527
1573272000000,9054.85742,9449.1709,8660.54297
1573286400000,9020.78613,9406.29883,8635.27246
1573300800000,8988.5,9366.1084,8610.8916
1573315200000,8957.28613,9330.70215,8583.86914
1573329600000,8930.71387,9287.68652,8573.74219
1573344000000,8900.35742,9231.39844,8569.31641
1573358400000,8874.32129,9156.66504,8591.97852
1573372800000,8846.14258,9044.54102,8647.74414
1573387200000,8822.67871,8940.02051,8705.33691
1573401600000,8825,8957.7793,8692.2207
1573416000000,8842.46387,9013.63379,8671.29492
1573430400000,8858.21387,9050.66309,8665.76562
1573444800000,8860.17871,9049.58496,8670.77246
1573459200000,8852.42871,9053.97461,8650.88184
1573473600000,8844.17871,9059.58398,8628.77344
1573488000000,8838.85742,9059.55957,8618.1543
1573502400000,8832.96387,9061.55371,8604.375
1573516800000,8830.96387,9062.30078,8599.62793
1573531200000,8827.64258,9061.1543,8594.13086
1573545600000,8824.60742,9061.77539,8587.43848
1573560000000,8812.35742,9060.77344,8563.94043
1573574400000,8806.96387,9055.84961,8558.0791
1573588800000,8807.85742,9056.81934,8558.89453
1573603200000,8784.78613,8997.71289,8571.85938
1573617600000,8762.75,8923.01562,8602.48438
1573632000000,8744.10742,8815.4707,8672.74414
1573646400000,8739.64258,8804.20801,8675.07812
1573660800000,8742.5,8807.84375,8677.15625
1573675200000,8746.85742,8809.14844,8684.56543
1573689600000,8747.5,8810.09277,8684.90723
1573704000000,8742.07129,8823.71875,8660.42383
1573718400000,8733.03613,8838.55273,8627.51855
1573732800000,8722.82129,8839.87695,8605.7666
1573747200000,8715.78613,8840.87305,8590.69824
1573761600000,8712.67871,8843.49512,8581.8623
1573776000000,8696.85742,8849.55664,8544.15723
1573790400000,8677.82129,8831.31152,8524.33105
1573804800000,8670.32129,8824.11816,8516.52441
1573819200000,8651.71387,8832.33789,8471.09082
1573833600000,8631.78613,8821.13477,8442.43652
1573848000000,8612.21387,8810.64844,8413.78027
1573862400000,8589.89258,8784.60449,8395.18164
1573876800000,8569.57129,8745.87109,8393.27148
1573891200000,8549.21387,8696.79883,8401.62988
1573905600000,8538.57129,8678.72656,8398.41602
1573920000000,8528.75,8666.04785,8391.45215
1573934400000,8518.82129,8646.61719,8391.02539
1573948800000,8507.46387,8618.98926,8395.93848
1573963200000,8492.39258,8587.54199,8397.24414
1573977600000,8491.42871,8584.67969,8398.17676
1573992000000,8490.07129,8580.22949,8399.91309
1574006400000,8486.03613,8555.17773,8416.89355
1574020800000,8489,8558.7793,8419.2207
1574035200000,8489.14258,8558.87207,8419.41309
1574049600000,8487.89258,8560.07227,8415.71289
1574064000000,8486.39258,8562.19238,8410.59277
1574078400000,8480.96387,8568.0127,8393.91602
1574092800000,8461.60742,8629.35742,8293.85645
1574107200000,8439.21387,8659.03809,8219.39062
1574121600000,8415.17871,8682.54102,8147.81592
1574136000000,8388.64258,8693.70605,8083.5791
1574150400000,8359.21387,8701.87109,8016.55713
1574164800000,8335.96387,8701.68555,7970.24316
1574179200000,8304.85742,8672.83789,7936.87695
1574193600000,8275.85742,8630.95801,7920.75684
1574208000000,8244.42871,8568.67871,7920.17871
1574222400000,8216.28613,8509.68164,7922.88965
1574236800000,8187.46436,8447.36621,7927.56201
1574251200000,8164.39307,8382.7832,7946.00244
1574265600000,8139.07129,8302.85742,7975.28516
1574280000000,8116.21436,8191.31885,8041.10986
1574294400000,8109.5,8167.14795,8051.85205
1574308800000,8102,8146.25244,8057.74756
1574323200000,8081.57129,8214.59082,7948.55225
1574337600000,8044.71436,8325.11426,7764.31396
1574352000000,8012.60693,8369.18457,7656.02979
1574366400000,7978.42871,8384.40527,7572.45215
1574380800000,7942.32129,8388.02246,7496.62061
1574395200000,7901.14307,8376.34961,7425.93604
1574409600000,7827.78564,8440.28516,7215.28613
1574424000000,7756.25,8445.57812,7066.92236
1574438400000,7700.92871,8401.50879,7000.34814
1574452800000,7640.5,8331.25195,6949.74756
1574467200000,7583.96436,8251.56934,6916.35889
1574481600000,7519.92871,8154.76855,6885.08887
1574496000000,7453.64307,8018.55225,6888.7334
1574510400000,7398.39307,7848.69727,6948.08838
1574524800000,7358.57129,7733.49463,6983.64844
1574539200000,7338.82129,7689.45215,6988.19043
1574553600000,7310.53564,7629.98975,6991.08154
1574568000000,7279.78564,7554.4873,7005.08398
1574582400000,7252.75,7467.8457,7037.6543
1574596800000,7213.03564,7396.13037,7029.94092
1574611200000,7208.92871,7404.45312,7013.4043
1574625600000,7193.82129,7441.3457,6946.29736
1574640000000,7149,7503.27393,6794.72607
1574654400000,7106.46436,7526.43652,6686.4917
1574668800000,7077.5,7499.87451,6655.12549
1574683200000,7082.39307,7511.26465,6653.521
1574697600000,7084.17871,7514.88232,6653.4751
1574712000000,7071.35693,7485.67627,6657.03809
1574726400000,7066.89307,7472.73682,6661.04883
1574740800000,7056.35693,7442.33594,6670.37842
1574755200000,7053.03564,7434.12842,6671.94287
1574769600000,7046.21436,7420.76221,6671.6665
1574784000000,7036.57129,7400.34619,6672.79639
1574798400000,7048.32129,7416.56543,6680.07764
1574812800000,7050.89307,7419.34326,6682.44238
1574827200000,7062.10693,7421.56055,6702.65381
1574841600000,7096.03564,7387.48779,6804.5835
1574856000000,7141.46436,7344.5459,6938.38281
1574870400000,7191.21436,7448.27734,6934.15088
1574884800000,7210.71436,7520.36426,6901.06445
1574899200000,7232.28564,7577.63574,6886.93604
1574913600000,7259.85693,7626.85938,6892.85449
1574928000000,7278.25,7663.2915,6893.2085
1574942400000,7310,7727.52051,6892.47949
1574956800000,7342.35693,7781.87256,6902.8418
1574971200000,7366.42871,7784.98438,6947.87256
1574985600000,7396.5,7787.12012,7005.87988
1575000000000,7422.39307,7794.35254,7050.43311
1575014400000,7454.67871,7775.35059,7134.00684
1575028800000,7508.85693,7800.86572,7216.84863
1575043200000,7549.71436,7786.19238,7313.23633
1575057600000,7581.17871,7801.85596,7360.50098
1575072000000,7593.53564,7830.65527,7356.41602
1575086400000,7610.03564,7858.62793,7361.44336
1575100800000,7621.42871,7864.83691,7378.02002
1575115200000,7624.53564,7863.18848,7385.8833
1575129600000,7625.89307,7861.66846,7390.11719
1575144000000,7621.39307,7859.91162,7382.87402
1575158400000,7597.64307,7889.94775,7305.33789
1575172800000,7587.03564,7911.93701,7262.13428
1575187200000,7574.17871,7925.34082,7223.0166
1575201600000,7558.82129,7935.63574,7182.00684
1575216000000,7546.28564,7937.88721,7154.68408
1575230400000,7516.25,7882.81982,7149.68018
1575244800000,7490.39307,7845.15381,7135.63184
1575259200000,7454.25,7795.85791,7112.64209
1575273600000,7421.85693,7729.45703,7114.25732
1575288000000,7389.89307,7637.69678,7142.08887
1575302400000,7362.21436,7561.64893,7162.77979
1575316800000,7344.28564,7515.15479,7173.4165
1575331200000,7333.28564,7478.17676,7188.39453
1575345600000,7314.67871,7391.12793,7238.229
1575360000000,7312.96436,7392.30322,7233.62549
1575374400000,7317.07129,7395.31201,7238.83105
1575388800000,7317.92871,7396.45312,7239.40381
1575403200000,7316.96436,7396.3291,7237.59961
1575417600000,7302.71436,7416.38477,7189.04395
1575432000000,7283.78564,7413.47852,7154.09277
1575446400000,7272.53564,7399.92188,7145.14941
1575460800000,7288.28564,7450.80615,7125.76514
1575475200000,7301.78564,7493.55908,7110.01221
1575489600000,7293.67871,7492.50586,7094.85107
1575504000000,7289.07129,7491.90186,7086.24072
1575518400000,7289.5,7492.45898,7086.54102
1575532800000,7290.64307,7495.23828,7086.04785
1575547200000,7293.42871,7499.27051,7087.58643
1575561600000,7301.42871,7511.51318,7091.34375
1575576000000,7305.07129,7519.32812,7090.81445
1575590400000,7308.28564,7525.2749,7091.29688
1575604800000,7313.64307,7532.60156,7094.68408
1575619200000,7327.39307,7527.37646,7127.40918
1575633600000,7344.25,7514.02734,7174.47266
1575648000000,7361.39307,7519.96777,7202.81787
1575662400000,7366.32129,7541.67969,7190.96338
1575676800000,7370.67871,7560.13037,7181.22705
1575691200000,7394.71436,7575.89307,7213.53564
1575705600000,7417.60693,7582.70166,7252.5127
1575720000000,7432.96436,7594.18604,7271.74219
1575734400000,7444,7607.87451,7280.12549
1575748800000,7456.14307,7610.69092,7301.59473
1575763200000,7458.39307,7609.37549,7307.41016
1575777600000,7462.75,7608.97412,7316.52588
1575792000000,7473.78564,7615.0918,7332.47949
1575806400000,7487.46436,7622.28076,7352.64795
1575820800000,7500.46436,7610.44238,7390.48584
1575835200000,7510.96436,7594.3501,7427.57861
1575849600000,7516.21436,7591.43359,7440.99512
1575864000000,7511.57129,7588.23193,7434.91113
1575878400000,7506.64307,7582.55566,7430.72998
1575892800000,7498.42871,7584.49805,7412.35889
1575907200000,7486.85693,7591.2251,7382.48926
1575921600000,7473.53564,7601.29346,7345.77783
1575936000000,7462.53564,7596.85352,7328.21826
1575950400000,7450.89307,7596.43115,7305.35449
1575964800000,7445.64307,7601.29395,7289.99219
1575979200000,7430.14307,7620.18994,7240.0957
1575993600000,7408.53564,7616.43115,7200.64014
1576008000000,7384.21436,7595.18701,7173.2417
1576022400000,7361.25,7575.24121,7147.25879
1576036800000,7339.28564,7547.45703,7131.11426
1576051200000,7318.14307,7508.13867,7128.14697
1576065600000,7295.96436,7479.69531,7112.2334
1576080000000,7275.46436,7436.20703,7114.72168
1576094400000,7259.57129,7403.08398,7116.05908
1576108800000,7243.75,7382.05762,7105.44238
1576123200000,7229.35693,7368.20605,7090.5083
1576137600000,7216.03564,7331.61523,7100.45605
1576152000000,7204.28564,7297.79639,7110.7749
1576166400000,7193.96436,7250.18115,7137.74707
1576180800000,7190.42871,7242.31445,7138.54297
1576195200000,7189.35693,7238.73682,7139.97754
1576209600000,7189.60693,7239.62598,7139.58838
1576224000000,7190.25,7241.26514,7139.23486
1576238400000,7192.67871,7250.14746,7135.20996
1576252800000,7194.64307,7257.79053,7131.49512
1576267200000,7200.35693,7266.16357,7134.55078
1576281600000,7204.78564,7275.50439,7134.06738
1576296000000,7208.85693,7283.8623,7133.85205
1576310400000,7211.10693,7280.92529,7141.28906
1576324800000,7205.28564,7306.30322,7104.26807
1576339200000,7197.25,7319.17773,7075.32227
1576353600000,7188.75,7330.17285,7047.32715
1576368000000,7178.14307,7337.40088,7018.88525
1576382400000,7174.96436,7335.39941,7014.52881
1576396800000,7167.14307,7330.24756,7004.03809
1576411200000,7158.89307,7321.54541,6996.24023
1576425600000,7150.92871,7312.92578,6988.93115
1576440000000,7141.32129,7295.75879,6986.88379
1576454400000,7127.82129,7274.39111,6981.25195
1576468800000,7114.28564,7249.64111,6978.93018
1576483200000,7101.42871,7214.12598,6988.73145
1576497600000,7088.71436,7163.12598,7014.30273
1576512000000,7068.10693,7177.24268,6958.97168
1576526400000,7055.57129,7202.53125,6908.61182
1576540800000,7041.46436,7214.771,6868.15771
1576555200000,7027.53564,7223.19092,6831.88037
1576569600000,7019.57129,7220.57617,6818.56689
1576584000000,6987.39307,7239.13428,6735.65137
1576598400000,6952.35693,7260.48193,6644.23242
1576612800000,6917.07129,7257.49854,6576.64453
1576627200000,6887.03564,7230.90527,6543.16602
1576641600000,6851.53564,7198.60547,6504.46582
1576656000000,6819.17871,7166.19482,6472.16211
1576670400000,6802.42871,7123.89795,6480.95898
1576684800000,6794.21436,7092.7168,6495.71191
1576699200000,6809.28564,7176.64258,6441.9292
1576713600000,6828.5,7237.64697,6419.35303
1576728000000,6843.53564,7273.71094,6413.36035
1576742400000,6862.82129,7320.25586,6405.38721
1576756800000,6882.60693,7361.80566,6403.40869
1576771200000,6899.78564,7401.88916,6397.68213
1576785600000,6932.5,7435.0874,6429.9126
1576800000000,6969.10693,7447.0376,6491.17627
1576814400000,7006.57129,7447.95898,6565.18408
1576828800000,7039.17871,7445.92676,6632.43066
1576843200000,7077.5,7410.89697,6744.10303
1576857600000,7118.78564,7331.03369,6906.53809
1576872000000,7144.96436,7280.31836,7009.60986
1576886400000,7159.78564,7246.48047,7073.09131
1576900800000,7148.78564,7199.47217,7098.09961
1576915200000,7147.71436,7197.65527,7097.77344
1576929600000,7151.03564,7189.52051,7112.55127
1576944000000,7151.10693,7189.55029,7112.66406
1576958400000,7151.10693,7189.55029,7112.66406
1576972800000,7148.32129,7185.04932,7111.59326
1576987200000,7151,7192.15479,7109.84521
1577001600000,7153.42871,7191.97119,7114.88574
1577016000000,7156.42871,7196.21875,7116.63818
1577030400000,7175.17871,7306.23291,7044.12451
1577044800000,7200.53564,7413.61182,6987.45996
1577059200000,7229.71436,7523.84668,6935.58154
1577073600000,7252.21436,7576.62207,6927.80664
1577088000000,7280.17871,7635.69727,6924.66016
1577102400000,7312.60693,7690.79297,6934.42139
1577116800000,7332.82129,7704.16504,6961.47803
1577131200000,7345.35693,7700.57324,6990.14062
1577145600000,7357.03564,7695.62891,7018.44287
1577160000000,7365.21436,7687.58545,7042.84326
1577174400000,7381.75,7678.09375,7085.40625
1577188800000,7387.82129,7670.93945,7104.70361
1577203200000,7393.67871,7660.50146,7126.85596
1577217600000,7398.96436,7651.17773,7146.75098
1577232000000,7386.78564,7653.47998,7120.09131
1577246400000,7368.39307,7635.59424,7101.19189
1577260800000,7340.82129,7587.46436,7094.17871
1577275200000,7317.82129,7559.87891,7075.76416
1577289600000,7294.53564,7500.26611,7088.80518
1577304000000,7266.5,7398.74756,7134.25244
1577318400000,7248.25,7351.07373,7145.42627
1577332800000,7240.17871,7340.04395,7140.31299
1577347200000,7230.89307,7327.3667,7134.41943
1577361600000,7228.85693,7324.45117,7133.26318
1577376000000,7223.71436,7293.06396,7154.36475
1577390400000,7218.46436,7284.18848,7152.74023
1577404800000,7216.46436,7281.0791,7151.84961
1577419200000,7210,7276.38428,7143.61572
1577433600000,7201,7285.51562,7116.48438
1577448000000,7199.35693,7281.08008,7117.63428
1577462400000,7198.92871,7280.49707,7117.36035
1577476800000,7203.39307,7287.24756,7119.53809
1577491200000,7206.71436,7297.9585,7115.46973
1577505600000,7213.5,7313.91895,7113.08105
1577520000000,7221.39307,7326.36328,7116.42285
1577534400000,7228.25,7338.3667,7118.1333
1577548800000,7239.10693,7357.51758,7120.69678
1577563200000,7244.42871,7366.63965,7122.21729
1577577600000,7244.35693,7366.44971,7122.26465
1577592000000,7252.25,7375.10205,7129.39795
1577606400000,7260.75,7387.81982,7133.68018
1577620800000,7276.35693,7405.47217,7147.24219
1577635200000,7302,7426.93311,7177.06689
1577649600000,7313.35693,7436.76172,7189.95264
1577664000000,7322.92871,7430.5415,7215.31543
1577678400000,7331.46436,7431.01953,7231.90918
1577692800000,7332.82129,7429.85596,7235.78711
1577707200000,7329.14307,7435.81738,7222.46826
1577721600000,7323.64307,7445.23535,7202.05029
1577736000000,7318.32129,7450.84229,7185.80029
1577750400000,7310.03564,7452.36719,7167.70459
1577764800000,7304.78564,7453.41943,7156.15186
1577779200000,7299.75,7454.10352,7145.39648
1577793600000,7290.46436,7457.21924,7123.70947
1577808000000,7277.89307,7456.49365,7099.29199
1577822400000,7262.67871,7439.49365,7085.86328
1577836800000,7243.92871,7383.29053,7104.56689
1577851200000,7229.89307,7348.42578,7111.35986
1577865600000,7218.5,7323.34229,7113.65771
1577880000000,7207.60693,7275.52832,7139.68555
1577894400000,7201.46436,7248.70459,7154.22412
1577908800000,7197.32129,7240.87207,7153.771
1577923200000,7189.39307,7255.19238,7123.59326
1577937600000,7179.5,7263.85107,7095.14893
1577952000000,7172.71436,7259.63525,7085.79346
1577966400000,7164.35693,7251.29199,7077.42236
1577980800000,7145.78564,7274.74756,7016.82422
1577995200000,7129.35693,7292.5415,6966.17285
1578009600000,7113.5,7304.25635,6922.74365
1578024000000,7114.96436,7307.70654,6922.22168
1578038400000,7123.89307,7341.70117,6906.08447
1578052800000,7132.85693,7369.73047,6895.98389
1578067200000,7143.71436,7400.9292,6886.49951
1578081600000,7152.89307,7427.49707,6878.28857
1578096000000,7161.35693,7449.45459,6873.25977
1578110400000,7172.89307,7475.69043,6870.09521
1578124800000,7188.85693,7497.99414,6879.72021
1578139200000,7204.82129,7512.90527,6896.7373
1578153600000,7219.32129,7529.26904,6909.37402
1578168000000,7236.14307,7546.09424,6926.19141
1578182400000,7272.10693,7563.7041,6980.51025
1578196800000,7308.82129,7552.71924,7064.92334
1578211200000,7343.71436,7477.98486,7209.44385
1578225600000,7363,7479.51709,7246.48291
1578240000000,7370.85693,7491.11035,7250.604
1578254400000,7373.53564,7490.0376,7257.03418
1578268800000,7388.42871,7529.56348,7247.29346
1578283200000,7400.14307,7549.72803,7250.55762
1578297600000,7414.82129,7573.46191,7256.18115
1578312000000,7427.14307,7588.02539,7266.26025
1578326400000,7442.5,7601.72412,7283.27588
1578340800000,7475.07129,7685.5459,7264.59668
1578355200000,7516.10693,7802.64697,7229.56738
1578369600000,7554.10693,7878.65088,7229.56348
1578384000000,7584.21436,7946.98633,7221.44238
1578398400000,7606.14307,7973.4375,7238.84814
1578412800000,7653.17871,8078.2168,7228.14014
1578427200000,7702.67871,8183.69189,7221.66504
1578441600000,7764.60693,8311.125,7218.08936
1578456000000,7832.39307,8391.41895,7273.36719
1578470400000,7889.35693,8478.69141,7300.02295
1578484800000,7946.57129,8530.06543,7363.07715
1578499200000,7977.03564,8513.85547,7440.21582
1578513600000,8015.10693,8486.9873,7543.22656
1578528000000,8044.21436,8438.71289,7649.71582
1578542400000,8057.42871,8424.32227,7690.53516
1578556800000,8055.53564,8425.95605,7685.11523
1578571200000,8057.03564,8424.7207,7689.35107
1578585600000,8059.03564,8423.33105,7694.74023
1578600000000,8062.25,8416.86523,7707.63477
1578614400000,8042.21436,8421.29395,7663.13477
1578628800000,8012.57129,8416.60156,7608.54199
1578643200000,7978.78564,8358.3877,7599.18311
1578657600000,7961.92871,8302.16211,7621.69531
1578672000000,7942.82129,8221.32324,7664.31934
1578686400000,7935.42871,8178.47998,7692.37695
1578700800000,7950.03564,8220.4043,7679.66748
1578715200000,7951.92871,8225.35352,7678.50391
1578729600000,7958.60693,8235.62207,7681.59277
1578744000000,7969.14307,8254.30957,7683.97607
1578758400000,7989.21436,8283.47656,7694.95215
1578772800000,7998.25,8288.55762,7707.94238
1578787200000,8009.85693,8299.23535,7720.47949
1578801600000,8029.85693,8299.97266,7759.7417
1578816000000,8051.57129,8291.46973,7811.67285
1578830400000,8081,8250.24609,7911.75439
1578844800000,8102,8198.99512,8005.00439
1578859200000,8110.75,8213.82422,8007.67529
1578873600000,8112.82129,8213.55566,8012.0874
1578888000000,8103.28564,8193.97852,8012.59277
1578902400000,8096.53564,8181.75244,8011.31885
1578916800000,8096.64307,8181.75,8011.53564
1578931200000,8101.60693,8180.57227,8022.64209
1578945600000,8102.5,8181.29248,8023.70752
1578960000000,8125.10693,8329.625,7920.58936
1578974400000,8159.82129,8436.75195,7882.89111
1578988800000,8192.07129,8523.81055,7860.33252
1579003200000,8235.46387,8651.875,7819.05322
1579017600000,8284.10742,8779.36328,7788.85107
1579032000000,8332.60742,8894.18359,7771.03076
1579046400000,8375.67871,8958.73535,7792.62158
1579060800000,8406.28613,8991.07617,7821.49512
1579075200000,8451.17871,9030.73047,7871.62598
1579089600000,8500.32129,9057.30273,7943.33984
1579104000000,8549.82129,9066.95996,8032.68311
1579118400000,8602.57129,9062.96484,8142.17822
1579132800000,8640.07129,9010.02441,8270.11816
1579147200000,8680.14258,8900.76465,8459.52148
1579161600000,8697.78613,8885.02539,8510.54688
1579176000000,8711.82129,8867.7998,8555.84277
1579190400000,8723.35742,8844.0293,8602.68457
1579204800000,8724.67871,8844.70215,8604.65527
1579219200000,8724.25,8843.44922,8605.05078
1579233600000,8731.71387,8884.45898,8578.96973
1579248000000,8743.78613,8918.29395,8569.27832
1579262400000,8760.03613,8925.10254,8594.96875
1579276800000,8770.28613,8943.25781,8597.31348
1579291200000,8780.82129,8966.18848,8595.4541
1579305600000,8792.39258,8991.69238,8593.09375
1579320000000,8794.57129,8995.42871,8593.71484
1579334400000,8811,8993.2334,8628.7666
1579348800000,8827.78613,8996.07617,8659.49512
1579363200000,8841.10742,9001.22168,8680.99316
1579377600000,8856.10742,9002.06543,8710.14941
1579392000000,8888.60742,9072.1582,8705.05664
1579406400000,8914.10742,9095.2207,8732.99414
1579420800000,8906.42871,9116.58887,8696.26855
1579435200000,8884.89258,9137.29395,8632.49121
1579449600000,8867.21387,9147.19141,8587.2373
1579464000000,8857.21387,9149.93359,8564.49512
1579478400000,8842,9152.20312,8531.79688
1579492800000,8823.78613,9147.41309,8500.15918
1579507200000,8801.17871,9137.20703,8465.15039
1579521600000,8788.42871,9130.40723,8446.4502
1579536000000,8773.75,9119.20312,8428.29688
1579550400000,8754.89258,9099.43262,8410.35352
1579564800000,8737.39258,9074.9834,8399.80176
1579579200000,8716.46387,9042.94336,8389.98535
1579593600000,8680.64258,8903.78223,8457.50391
1579608000000,8649.32129,8692.50684,8606.13672
1579622400000,8638.07129,8718.38379,8557.75879
1579636800000,8644.89258,8737.14844,8552.63672
1579651200000,8649,8746.50293,8551.49707
1579665600000,8650.25,8750.78906,8549.71094
1579680000000,8649.57129,8750.06055,8549.08203
1579694400000,8648.85742,8749.55176,8548.16309
1579708800000,8651.82129,8750.06152,8553.58105
1579723200000,8651.71387,8749.89551,8553.5332
1579737600000,8645.35742,8752.22754,8538.48633
1579752000000,8639.57129,8756.07031,8523.07227
1579766400000,8620.96387,8790.98438,8450.94434
1579780800000,8600.5,8824.3418,8376.6582
1579795200000,8579,8836.51855,8321.48145
1579809600000,8561.82129,8833.28125,8290.36133
1579824000000,8547.28613,8847.68262,8246.88867
1579838400000,8518.78613,8821.27637,8216.29492
1579852800000,8496.10742,8786.41602,8205.79883
1579867200000,8479.89258,8742.7666,8217.01953
1579881600000,8468.78613,8715.09668,8222.47461
1579896000000,8453.78613,8682.22266,8225.34961
1579910400000,8427.82129,8643.17773,8212.46484
1579924800000,8401.60742,8581.82129,8221.39258
1579939200000,8382.5,8543.35547,8221.64453
1579953600000,8365.78613,8497.19727,8234.37402
1579968000000,8362.17871,8492.73438,8231.62305
1579982400000,8361.28613,8492.65918,8229.91211
1579996800000,8361.32129,8492.67773,8229.96582
1580011200000,8359.25,8489.22852,8229.27148
1580025600000,8369.89258,8506.39844,8233.38672
1580040000000,8377.21387,8514.93652,8239.49121
1580054400000,8388.75,8552.84961,8224.65039
1580068800000,8396.21387,8585.84961,8206.5791
1580083200000,8407.21387,8632.24512,8182.18359
1580097600000,8422.64258,8678.49219,8166.79297
1580112000000,8452.96387,8736.4502,8169.47852
1580126400000,8485.82129,8795.0752,8176.56738
1580140800000,8529.82129,8892.35254,8167.29004
1580155200000,8570.82129,8958.7793,8182.86328
1580169600000,8624.60742,9076.73535,8172.47852
1580184000000,8675.46387,9141.53516,8209.39355
1580198400000,8727.07129,9195.56348,8258.5791
1580212800000,8773.07129,9217.1377,8329.00488
1580227200000,8811.64258,9233.30469,8389.98047
1580241600000,8880.89258,9345.66699,8416.11914
1580256000000,8937.78613,9421.23633,8454.33496
1580270400000,8992.71387,9483.04688,8502.38184
1580284800000,9038.42871,9509.71875,8567.13867
1580299200000,9083.89258,9514.90918,8652.87598
1580313600000,9131.96387,9535.36035,8728.56836
1580328000000,9169.96387,9522.07129,8817.85742
1580342400000,9194.21387,9519.14551,8869.28223
1580356800000,9228.32129,9519.12305,8937.51953
1580371200000,9244.92871,9530.92188,8958.93555
1580385600000,9268.78613,9536.74023,9000.83105
1580400000000,9299.28613,9566.08301,9032.48828
1580414400000,9334.78613,9569.26953,9100.30176
1580428800000,9365.25,9511.97559,9218.52441
1580443200000,9361.75,9507.32617,9216.17383
1580457600000,9359.57129,9506.89844,9212.24512
1580472000000,9356.35742,9505.02734,9207.6875
1580486400000,9356.71387,9504.72461,9208.7041
1580500800000,9361.46387,9503.40137,9219.52734
1580515200000,9363.96387,9508.64258,9219.28613
1580529600000,9372.92871,9513.53516,9232.32227
1580544000000,9378.78613,9505.75879,9251.8125
1580558400000,9375.39258,9505.30762,9245.47852
1580572800000,9376.67871,9505.19824,9248.1582
1580587200000,9377.25,9505.74414,9248.75586
1580601600000,9360.35742,9484.60156,9236.1123
1580616000000,9350.21387,9443.83984,9256.58887
1580630400000,9349.96387,9442.79395,9257.13477
1580644800000,9357.57129,9465.68945,9249.45312
1580659200000,9366.71387,9480.71289,9252.71582
1580673600000,9367.53613,9480.33594,9254.73633
1580688000000,9373.75,9478.16309,9269.33691
1580702400000,9374.89258,9478.41211,9271.37305
1580716800000,9368.75,9471.15332,9266.34668
1580731200000,9358.07129,9469.71777,9246.4248
1580745600000,9356.07129,9469.99316,9242.14941
1580760000000,9352.92871,9472.3457,9233.51172
1580774400000,9347.92871,9473.13867,9222.71875
1580788800000,9340.10742,9470.04199,9210.17188
1580803200000,9334.28613,9484.10547,9184.46582
1580817600000,9321.71387,9487.31738,9156.11133
1580832000000,9303,9477.77637,9128.22363
1580846400000,9282.5,9447.00488,9117.99512
1580860800000,9266,9407.07031,9124.92969
1580875200000,9260.10742,9396.55762,9123.65625
1580889600000,9262.28613,9406.89355,9117.67773
1580904000000,9271.10742,9449.97852,9092.23535
1580918400000,9295.42871,9569.09766,9021.75977
1580932800000,9321,9641.58496,9000.41504
1580947200000,9343.78613,9701.48633,8986.08496
1580961600000,9368.32129,9751.76367,8984.87891
1580976000000,9398.35742,9813.94922,8982.76465
1580990400000,9435.75,9890.75293,8980.74707
1581004800000,9475.46387,9930.25488,9020.67383
1581019200000,9515.53613,9961.6084,9069.46289
1581033600000,9559.03613,9975.95898,9142.1123
1581048000000,9603.60742,9975.88184,9231.33203
1581062400000,9645.5,9960.04688,9330.95312
1581076800000,9684.46387,9917.47168,9451.45703
1581091200000,9710.21387,9888.5957,9531.83301
1581105600000,9733.42871,9868.00293,9598.85449
1581120000000,9735.92871,9867.25488,9604.60156
1581134400000,9745.35742,9861.06836,9629.64648
1581148800000,9759.21387,9862.10254,9656.32617
1581163200000,9774.89258,9855.72754,9694.05859
1581177600000,9786.78613,9869.31543,9704.25586
1581192000000,9795.07129,9899.12012,9691.02246
1581206400000,9818.35742,9984.06445,9652.65039
1581220800000,9846.21387,10076.2412,9616.1875
1581235200000,9871.25,10136.0898,9606.41016
1581249600000,9893.92871,10181.957,9605.90039
1581264000000,9914.32129,10212.9521,9615.69141
1581278400000,9941.03613,10258.3408,9623.73047
1581292800000,9964.67871,10276.3125,9653.04492
1581307200000,9977.67871,10277.4609,9677.89648
1581321600000,9984.89258,10262.5059,9707.2793
1581336000000,9993.57129,10248.6387,9738.50488
1581350400000,9994.28613,10247.498,9741.07324
1581364800000,9995.14258,10246.3955,9743.89062
1581379200000,9985.46387,10264.6074,9706.32129
1581393600000,9973.17871,10278.5244,9667.83301
1581408000000,9955.17871,10267.7891,9642.56738
1581422400000,9961.21387,10290.7842,9631.64453
1581436800000,9974.28613,10340.4902,9608.08105
1581451200000,9986.35742,10380.0352,9592.67871
1581465600000,10002.6074,10428.6787,9576.53516
1581480000000,10020,10489.415,9550.58496
1581494400000,10039.4639,10541.8887,9537.03906
1581508800000,10064.7139,10590.1641,9539.26465
1581523200000,10102.6787,10625.8262,9579.53027
1581537600000,10137.4639,10660.7266,9614.20215
1581552000000,10178.8213,10691.0137,9666.62891
1581566400000,10214.3213,10700.4639,9728.17871
1581580800000,10244.1074,10653.2764,9834.93848
1581595200000,10282.1787,10579.6543,9984.70312
1581609600000,10315.0361,10455.4863,10174.585
1581624000000,10316.3926,10453.708,10179.0781
1581638400000,10313.3574,10453.5713,10173.1436
1581652800000,10302,10473.1934,10130.8066
1581667200000,10299.0361,10470.835,10127.2363
1581681600000,10288.5,10449.0166,10127.9834
1581696000000,10287.9287,10447.3057,10128.5518
1581710400000,10289.8926,10452.7246,10127.0615
1581724800000,10285.8574,10446.1533,10125.5605
1581739200000,10276.75,10432.6816,10120.8184
1581753600000,10264.4287,10401.4639,10127.3936
1581768000000,10237.8926,10428.9053,10046.8809
1581782400000,10220.0361,10476.624,9963.44727
1581796800000,10194.3574,10493.9551,9894.75879
1581811200000,10176.1787,10486.6279,9865.72949
1581825600000,10156.6074,10481.4473,9831.7666
1581840000000,10133.3926,10471.4014,9795.38379
1581854400000,10116.1426,10478.4902,9753.7959
1581868800000,10080.2861,10472.3721,9688.19922
1581883200000,10056.8926,10441.2275,9672.55859
1581897600000,10018.7861,10378.7871,9658.78418
1581912000000,9975.75,10297.9082,9653.5918
1581926400000,9929.96387,10245.4346,9614.49414
1581940800000,9888.60742,10183.6377,9593.57617
1581955200000,9849.25,10087.5664,9610.93359
1581969600000,9830.03613,10065.8047,9594.26758
1581984000000,9818.71387,10055.4648,9581.96387
1581998400000,9811.96387,10043.1279,9580.80078
1582012800000,9792,9997.26562,9586.73438
1582027200000,9784.03613,9968.50195,9599.57031
1582041600000,9793.85742,10019.5654,9568.14844
1582056000000,9816.39258,10121.3086,9511.47754
1582070400000,9845.53613,10200.625,9490.44727
1582084800000,9855.64258,10228.1953,9483.08984
1582099200000,9884.75,10305.46,9464.04004
1582113600000,9911.53613,10347.3457,9475.72559
1582128000000,9949.82129,10379.0176,9520.625
1582142400000,9945.85742,10386.6484,9505.06543
1582156800000,9937.07129,10402.1836,9471.95898
1582171200000,9929.35742,10412.3193,9446.39551
1582185600000,9917.71387,10425.5908,9409.83789
1582200000000,9901.32129,10435.3496,9367.29395
1582214400000,9888.78613,10445.7754,9331.7959
1582228800000,9871.35742,10445.9141,9296.7998
1582243200000,9845.85742,10414.0068,9277.70801
1582257600000,9809.75,10347.752,9271.74805
1582272000000,9776.75,10275.8691,9277.63086
1582286400000,9752.39258,10222.6826,9282.10352
1582300800000,9713.60742,10099.25,9327.96387
1582315200000,9682,9984.21777,9379.78223
1582329600000,9646.46387,9770.66699,9522.26172
1582344000000,9647.32129,9770.44531,9524.19727
1582358400000,9653.53613,9768.20801,9538.86426
1582372800000,9656.89258,9768.39258,9545.39355
1582387200000,9665.28613,9768.875,9561.69629
1582401600000,9671.67871,9765.76465,9577.5918
1582416000000,9689.96387,9787.62012,9592.30859
1582430400000,9711.35742,9854.85156,9567.8623
1582444800000,9721.96387,9885.7793,9558.14941
1582459200000,9736.92871,9923.24219,9550.61523
1582473600000,9750.71387,9956.08398,9545.34473
1582488000000,9767.32129,10001.3359,9533.30762
1582502400000,9773.03613,10003.5879,9542.4834
1582516800000,9777.21387,10004.6738,9549.75488
1582531200000,9787.53613,10009.9248,9565.14648
1582545600000,9795.21387,9999.81836,9590.61035
1582560000000,9791.39258,10008.083,9574.70312
1582574400000,9792.10742,10007.0127,9577.20117
1582588800000,9784.60742,10019.0557,9550.15918
1582603200000,9773.67871,10039.4385,9507.91895
1582617600000,9761.25,10034.5654,9487.93457
1582632000000,9724.03613,10041.75,9406.32129
1582646400000,9687.67871,10046.5986,9328.75879
1582660800000,9646.14258,10030.8291,9261.45703
1582675200000,9593.25,10020.6357,9165.86426
1582689600000,9534,9966.00488,9101.99512
1582704000000,9489.17871,9941.59277,9036.76465
1582718400000,9433.75,9927.16895,8940.33105
1582732800000,9361.82129,9896.80566,8826.83691
1582747200000,9294.85742,9866.43652,8723.27832
1582761600000,9233.03613,9845.02148,8621.05078
1582776000000,9173,9769.59375,8576.40625
1582790400000,9116.71387,9693.87988,8539.54883
1582804800000,9068.64258,9613.47949,8523.80664
1582819200000,9016.92871,9463.85352,8570.00391
1582833600000,8976.07129,9380.17188,8571.9707
1582848000000,8939.60742,9288.54004,8590.6748
1582862400000,8897.60742,9191.16113,8604.05273
1582876800000,8855.57129,9151.03223,8560.11035
1582891200000,8825.60742,9081.89648,8569.31836
1582905600000,8784.60742,9002.58691,8566.62695
1582920000000,8765.25,8954.49219,8576.00781
1582934400000,8759.32129,8946.52051,8572.12207
1582948800000,8758.60742,8945.5,8571.71387
1582963200000,8756.96387,8945.07617,8568.85254
1582977600000,8746.10742,8935.60742,8556.60645
1582992000000,8737.64258,8927.07617,8548.20898
1583006400000,8715.10742,8919.91699,8510.29688
1583020800000,8693.89258,8870.92383,8516.86133
1583035200000,8674.10742,8851.36133,8496.85254
1583049600000,8660.46387,8810.28418,8510.64453
1583064000000,8648.28613,8801.04395,8495.52734
1583078400000,8645.78613,8804.04395,8487.52734
1583092800000,8631.96387,8795.25195,8468.67676
1583107200000,8634.5,8795.15918,8473.84082
1583121600000,8627.67871,8782.07422,8473.2832
1583136000000,8629.03613,8787.53027,8470.54102
1583150400000,8633.25,8809.12402,8457.37598
1583164800000,8646.10742,8864.22656,8427.98828
1583179200000,8663.92871,8923.59473,8404.2627
1583193600000,8677.82129,8959.92578,8395.7168
1583208000000,8694,8967.32812,8420.67188
1583222400000,8712.85742,8998.88086,8426.83398
1583236800000,8727.67871,8998.47266,8456.88477
1583251200000,8732.25,9000.05859,8464.44141
1583265600000,8746.67871,8997.00781,8496.34961
1583280000000,8764.46387,8988.68652,8540.24219
1583294400000,8785.14258,8967.6543,8602.63184
1583308800000,8793.64258,8952.04004,8635.24609
1583323200000,8799.96387,8935.4668,8664.46191
1583337600000,8799.42871,8935.67969,8663.17773
1583352000000,8794.39258,8930.51953,8658.2666
1583366400000,8794,8929.03027,8658.96973
1583380800000,8793.28613,8925.74512,8660.82617
1583395200000,8810.21387,9019.62402,8600.80469
1583409600000,8834.17871,9087.90332,8580.4541
1583424000000,8854.96387,9162.98633,8546.94238
1583438400000,8877.96387,9199.72852,8556.2002
1583452800000,8902.07129,9222.85547,8581.28809
1583467200000,8927.10742,9254.88867,8599.3252
1583481600000,8952.25,9288.9082,8615.5918
1583496000000,8967.71387,9297.92871,8637.5
1583510400000,8994.71387,9303.21289,8686.21582
1583524800000,9026.89258,9301.13184,8752.6543
1583539200000,9053.17871,9282.51172,8823.8457
1583553600000,9078.10742,9242.2373,8913.97754
1583568000000,9094.64258,9220.11719,8969.16797
1583582400000,9111,9184.24023,9037.75977
1583596800000,9096.17871,9224.13281,8968.22461
1583611200000,9082.57129,9243.54004,8921.60254
1583625600000,9053.07129,9276.0166,8830.12598
1583640000000,9030.25,9300.2041,8760.2959
1583654400000,9008.82129,9312.83496,8704.80859
1583668800000,8957.96387,9387.77441,8528.1543
1583683200000,8897.46387,9430.8916,8364.03711
1583697600000,8826.60742,9511.08496,8142.12939
1583712000000,8753,9518.32617,7987.67383
1583726400000,8663.71387,9506.69824,7820.73047
1583740800000,8570.60742,9478.43262,7662.78223
1583755200000,8474.35742,9417.43164,7531.28223
1583769600000,8383.53613,9306.0459,7461.02588
1583784000000,8297.5,9144.05078,7450.94873
1583798400000,8226.28613,9021.97754,7430.59424
1583812800000,8154.35693,8869.02051,7439.69385
1583827200000,8105.21436,8736.10547,7474.32324
1583841600000,8034.39307,8573.54883,7495.2373
1583856000000,7979,8340.51172,7617.48828
1583870400000,7942.42871,8219.77344,7665.08398
1583884800000,7915.78564,8110.83545,7720.73584
1583899200000,7903.03564,8086.54248,7719.52881
1583913600000,7885.78564,8044.99609,7726.5752
1583928000000,7877,8043.62939,7710.37061
1583942400000,7878.53564,8043.16162,7713.91016
1583956800000,7891.10693,8045.38184,7736.83203
1583971200000,7877.92871,8071.80322,7684.05371
1583985600000,7838.60693,8155.63623,7521.57812
1584000000000,7699.96436,8710.33984,6689.58887
1584014400000,7573.82129,8857.14648,6290.49658
1584028800000,7429.82129,8896.35352,5963.28906
1584043200000,7202.78564,9258.26953,5147.30225
1584057600000,7008.07129,9240.97168,4775.1709
1584072000000,6826.92871,9154.20996,4499.64697
1584086400000,6651.5,8991.47559,4311.52441
1584100800000,6460.53564,8810.20898,4110.86279
1584115200000,6286.35693,8563.35547,4009.3584
1584129600000,6129.60693,8270.27734,3988.9375
1584144000000,5970.92871,7901.60986,4040.24756
1584158400000,5798.10693,7397.55859,4198.65576
1584172800000,5643.57129,6866.83984,4420.30322
1584187200000,5496.85693,6254.54932,4739.16504
1584201600000,5456.78564,6168.29053,4745.28076
1584216000000,5387.82129,6004.42676,4771.21582
1584230400000,5324.17871,5824.54932,4823.80811
1584244800000,5372.21436,5665.98535,5078.44336
1584259200000,5385,5672.59424,5097.40576
1584273600000,5382.42871,5671.77734,5093.07959
1584288000000,5371.21436,5658.43506,5083.99365
1584302400000,5382.28564,5652.0542,5112.51758
1584316800000,5372.10693,5649.75146,5094.46289
1584331200000,5313.85693,5703.11475,4924.59961
1584345600000,5237.28564,5759.93359,4714.63818
1584360000000,5210.5,5710.28076,4710.71924
1584374400000,5171.32129,5660.69629,4681.94629
1584388800000,5150.57129,5636.06348,4665.07959
1584403200000,5145.96436,5622.74316,4669.18555
1584417600000,5160.64307,5651.67188,4669.61377
1584432000000,5168.96436,5663.97314,4673.95557
1584446400000,5177.71436,5682.8999,4672.52881
1584460800000,5175.10693,5675.34863,4674.86572
1584475200000,5175.96436,5677.21191,4674.7168
1584489600000,5182.85693,5693.95508,4671.75928
1584504000000,5169.67871,5672.87891,4666.47852
1584518400000,5162.82129,5663.90527,4661.73779
1584532800000,5203.60693,5663.18066,4744.0332
1584547200000,5261.35693,5541.54785,4981.1665
1584561600000,5280.25,5562.30811,4998.19189
1584576000000,5305,5519.29297,5090.70703
1584590400000,5333.03564,5497.41748,5168.65381
1584604800000,5354.28564,5582.9375,5125.63428
1584619200000,5393.32129,5764.15674,5022.48633
1584633600000,5461.39307,6025.17432,4897.61133
1584648000000,5518.75,6190.74219,4846.75781
1584662400000,5573.53564,6317.89453,4829.17676
1584676800000,5644.64307,6467.80957,4821.47607
1584691200000,5735.32129,6701.69287,4768.94971
1584705600000,5840.39307,6852.49756,4828.28809
1584720000000,5914.67871,6866.08789,4963.26904
1584734400000,5976.10693,6882.84912,5069.36523
1584748800000,6041.21436,6887.52002,5194.90869
1584763200000,6094.25,6865.40723,5323.09277
1584777600000,6152.85693,6784.54346,5521.1709
1584792000000,6209,6697.58496,5720.41504
1584806400000,6250.57129,6624.31006,5876.83301
1584820800000,6269.89307,6598.52051,5941.26514
1584835200000,6278.78564,6609.88379,5947.6875
1584849600000,6287.75,6614.75977,5960.74023
1584864000000,6287.60693,6614.83545,5960.37891
1584878400000,6270.64307,6612.84814,5928.4375
1584892800000,6216.35693,6522.02979,5910.68457
1584907200000,6158.07129,6435.1084,5881.03467
1584921600000,6141.42871,6434.63428,5848.22314
1584936000000,6116.82129,6440.3125,5793.33057
1584950400000,6087.35693,6427.6582,5747.05615
1584964800000,6093.67871,6441.78369,5745.57324
1584979200000,6105.53564,6466.99512,5744.07666
1584993600000,6125.35693,6536.15869,5714.55518
1585008000000,6148.5,6611.84277,5685.15723
1585022400000,6177.28564,6694.43848,5660.1333
1585036800000,6205.53564,6797.25049,5613.8208
1585051200000,6226.75,6852.05273,5601.44727
1585065600000,6266.60693,6939.51465,5593.69971
1585080000000,6314.92871,7025.2793,5604.57764
1585094400000,6361.46436,7046.61914,5676.30908
1585108800000,6424.10693,7056.27441,5791.93994
1585123200000,6464.39307,7043.82568,5884.96045
1585137600000,6519.10693,6996.32422,6041.89014
1585152000000,6574.46436,6874.63525,6274.29346
1585166400000,6606.28564,6846.84229,6365.72949
1585180800000,6639.5,6810.37646,6468.62354
1585195200000,6647.07129,6800.03174,6494.11133
1585209600000,6651.71436,6795.93896,6507.48926
1585224000000,6653.85693,6795.42578,6512.28857
1585238400000,6647.89307,6778.52783,6517.25781
1585252800000,6658.92871,6799.12744,6518.72998
1585267200000,6665.5,6823.88428,6507.11572
1585281600000,6662.21436,6814.14893,6510.27979
1585296000000,6666.60693,6810.93066,6522.28369
1585310400000,6662.46436,6806.96436,6517.96436
1585324800000,6672.32129,6796.13281,6548.51025
1585339200000,6653.28564,6855.57617,6450.99512
1585353600000,6616.42871,6963.33398,6269.52344
1585368000000,6580.78564,6988.7373,6172.83447
1585382400000,6544.25,6976.81055,6111.68945
1585396800000,6517.32129,6978.51416,6056.12891
1585411200000,6489.32129,6971.25342,6007.38916
1585425600000,6462.46436,6953.31787,5971.61035
1585440000000,6430,6921.37793,5938.62207
1585454400000,6386.85693,6860.50586,5913.2085
1585468800000,6339,6764.27783,5913.72217
1585483200000,6297.35693,6678.2876,5916.42676
1585497600000,6245.53564,6628.20166,5862.87012
1585512000000,6190.78564,6554.32227,5827.24902
1585526400000,6143.39307,6405.6543,5881.13135
1585540800000,6136.07129,6378.54541,5893.59717
1585555200000,6155.28564,6426.57812,5883.99316
1585569600000,6167.07129,6456.65723,5877.48535
1585584000000,6177.10693,6484.729,5869.48535
1585598400000,6189.71436,6517.70068,5861.72803
1585612800000,6205.89307,6559.5957,5852.18994
1585627200000,6219.92871,6594.12354,5845.73389
1585641600000,6232.85693,6618.09814,5847.61621
1585656000000,6254.35693,6653.39111,5855.32324
1585670400000,6277.92871,6686.38721,5869.47021
1585684800000,6298.64307,6705.21338,5892.07227
1585699200000,6332.25,6676.24268,5988.25732
1585713600000,6365.60693,6594.01367,6137.20068
1585728000000,6386.57129,6505.42188,6267.72119
1585742400000,6385.03564,6510.79492,6259.27637
1585756800000,6373.21436,6527.77637,6218.65234
1585771200000,6395.92871,6612.61768,6179.23975
1585785600000,6413.92871,6660.91943,6166.93799
1585800000000,6432.85693,6711.29248,6154.42139
1585814400000,6451.25,6762.89941,6139.60059
1585828800000,6477.57129,6840.37305,6114.76953
1585843200000,6506.42871,6902.10205,6110.75488
1585857600000,6530.85693,6952.67383,6109.04053
1585872000000,6553.17871,6992.76758,6113.58936
1585886400000,6589.71436,7063.94434,6115.48438
1585900800000,6635.57129,7141.37891,6129.76416
1585915200000,6662.5,7140.71484,6184.28516
1585929600000,6696.67871,7131.67627,6261.68115
1585944000000,6732.46436,7085.10986,6379.81885
1585958400000,6767.42871,6972.5332,6562.32422
1585972800000,6772.42871,6971.15137,6573.70605
1585987200000,6777.32129,6964.67627,6589.9668
1586001600000,6782.57129,6960.94629,6604.19678
1586016000000,6785.89307,6959.97168,6611.81396
1586030400000,6790.07129,6969.23828,6610.9043
1586044800000,6790.28564,6969.5166,6611.05469
1586059200000,6788.75,6968.02441,6609.47559
1586073600000,6788.67871,6967.96094,6609.396
1586088000000,6778.32129,6938.18115,6618.46191
1586102400000,6762.53564,6853.3374,6671.73438
1586116800000,6767.10693,6853.5083,6680.70605
1586131200000,6772.39307,6868.46875,6676.31689
1586145600000,6794.28564,6962.26758,6626.30371
1586160000000,6823.46436,7048.4043,6598.52441
1586174400000,6853.10693,7129.90283,6576.31152
1586188800000,6894.75,7233.54883,6555.95117
1586203200000,6937.64307,7333.67041,6541.61523
1586217600000,6979,7407.79102,6550.20898
1586232000000,7015.5,7486.24707,6544.75293
1586246400000,7057.21436,7548.98682,6565.44189
1586260800000,7096.17871,7579.49658,6612.86035
1586275200000,7132.35693,7591.72168,6672.99268
1586289600000,7161.25,7580.06689,6742.43311
1586304000000,7200.89307,7577.20264,6824.58301
1586318400000,7240.14307,7537.03516,6943.25049
1586332800000,7272.32129,7475.22266,7069.41992
1586347200000,7288.75,7447.89502,7129.60498
1586361600000,7303.39307,7427.5708,7179.21484
1586376000000,7318.39307,7415.20703,7221.57861
1586390400000,7318.82129,7415.00342,7222.63965
1586404800000,7318.82129,7415.00342,7222.63965
1586419200000,7308.78564,7425.53662,7192.03467
1586433600000,7301.92871,7411.74463,7192.11279
1586448000000,7293.28564,7392.90283,7193.66895
1586462400000,7291.14307,7389.39209,7192.89355
1586476800000,7283.32129,7397.06152,7169.58154
1586491200000,7263.60693,7480.57812,7046.63623
1586505600000,7231.17871,7511.94287,6950.41455
1586520000000,7192.07129,7551.24121,6832.90137
1586534400000,7164.32129,7545.51465,6783.12842
1586548800000,7135.28564,7539.56152,6731.01025
1586563200000,7107.32129,7512.44092,6702.20166
1586577600000,7073.5,7465.60791,6681.39209
1586592000000,7045.42871,7428.83838,6662.01855
1586606400000,7010.25,7369.04736,6651.45264
1586620800000,6983,7341.30322,6624.69678
1586635200000,6954.14307,7273.1001,6635.18555
1586649600000,6921.82129,7195.50439,6648.13867
1586664000000,6889.35693,7071.85742,6706.85693
1586678400000,6866.28564,6951.96582,6780.60547
1586692800000,6874.32129,6993.0127,6755.62988
1586707200000,6890.82129,7067.93799,6713.70508
1586721600000,6900,7065.62012,6734.37988
1586736000000,6883.25,7084.7749,6681.7251
1586750400000,6871.32129,7093.625,6649.01758
1586764800000,6861.21436,7086.14258,6636.28564
1586779200000,6853.21436,7081.14111,6625.2876
1586793600000,6845.75,7074.81738,6616.68262
1586808000000,6846.57129,7075.72656,6617.4165
1586822400000,6852.75,7082.02246,6623.47754
1586836800000,6849.07129,7078.00098,6620.14209
1586851200000,6851.07129,7079.28076,6622.86182
1586865600000,6856.46436,7086.78906,6626.13965
1586880000000,6861.25,7094.18994,6628.31006
1586894400000,6849.92871,7063.25049,6636.60645
1586908800000,6834.21436,6986.73926,6681.68945
1586923200000,6831.71436,6980.55371,6682.875
1586937600000,6838.85693,6964.98486,6712.72949
1586952000000,6839,6964.5083,6713.4917
1586966400000,6835.39307,6969.93896,6700.84717
1586980800000,6824,6996.91846,6651.08154
1586995200000,6814.14307,7008.44336,6619.84229
1587009600000,6816.96436,7014.84424,6619.08447
1587024000000,6826.75,7050.72949,6602.77051
1587038400000,6843,7096.74316,6589.25684
1587052800000,6860.10693,7142.36963,6577.84473
1587067200000,6874.14307,7183.9292,6564.35645
1587081600000,6885.85693,7214.14893,6557.56543
1587096000000,6898.57129,7237.50146,6559.64111
1587110400000,6910.89307,7262.73975,6559.0459
1587124800000,6923.21436,7280.64746,6565.78125
1587139200000,6944.57129,7299.99268,6589.1499
1587153600000,6967.71436,7298.68652,6636.74219
1587168000000,6993.96436,7303.09033,6684.83838
1587182400000,7028.57129,7261.89648,6795.24658
1587196800000,7061.60693,7167.77832,6955.43604
1587211200000,7086.78564,7192.53271,6981.03906
1587225600000,7100.32129,7221.43604,6979.20654
1587240000000,7114.32129,7256.16943,6972.47363
1587254400000,7125.32129,7279.12842,6971.51465
1587268800000,7128.28564,7282.43506,6974.13672
1587283200000,7133.78564,7287.28613,6980.28516
1587297600000,7137.57129,7285.22119,6989.92188
1587312000000,7141.89307,7286.22949,6997.55615
1587326400000,7147.78564,7281.95068,7013.62061
1587340800000,7154.57129,7282.80322,7026.33936
1587355200000,7166.21436,7274.17969,7058.24902
1587369600000,7156.35693,7304.97803,7007.73633
1587384000000,7154.42871,7306.32959,7002.52734
1587398400000,7129.92871,7379.74268,6880.11475
1587412800000,7100.14307,7382.86084,6817.4248
1587427200000,7074.60693,7373.35449,6775.85986
1587441600000,7048.39307,7343.96436,6752.82129
1587456000000,7017.46436,7318.19287,6716.73535
1587470400000,6995.14307,7298.98877,6691.29688
1587484800000,6974.42871,7268.51514,6680.34229
1587499200000,6956.17871,7247.53516,6664.82178
1587513600000,6936.89307,7211.77441,6662.01123
1587528000000,6923.92871,7178.26416,6669.59326
1587542400000,6908.92871,7125.39551,6692.46143
1587556800000,6903.96436,7096.20654,6711.72217
1587571200000,6913.64307,7128.50781,6698.77783
1587585600000,6917.64307,7146.24365,6689.04199
1587600000000,6942.78564,7178.229,6707.34229
1587614400000,6959.39307,7194.31641,6724.46924
1587628800000,6979.25,7224.97412,6733.52588
1587643200000,7026.07129,7400.00049,6652.14209
1587657600000,7078.28564,7512.83105,6643.74023
1587672000000,7124.96436,7586.44287,6663.48535
1587686400000,7171.53564,7653.83838,6689.23291
1587700800000,7223.78564,7713.22412,6734.34717
1587715200000,7268.35693,7734.63721,6802.07715
1587729600000,7309.25,7754.69971,6863.80029
1587744000000,7349.89307,7763.12988,6936.65576
1587758400000,7377.60693,7777.55273,6977.66162
1587772800000,7408.28564,7781.99756,7034.57422
1587787200000,7438.92871,7787.13623,7090.72119
1587801600000,7468.89307,7772.1499,7165.63574
1587816000000,7502.14307,7707.45117,7296.83447
1587830400000,7531.32129,7577.39355,7485.24902
1587844800000,7531.07129,7576.93604,7485.20703
1587859200000,7533.53564,7583.50342,7483.56787
1587873600000,7537.75,7583.06738,7492.43262
1587888000000,7548.25,7631.21777,7465.28223
1587902400000,7546.25,7627.38965,7465.11035
1587916800000,7557.78564,7651.9458,7463.62598
1587931200000,7571.07129,7688.15967,7453.98291
1587945600000,7585.96436,7728.19873,7443.72998
1587960000000,7599.60693,7746.26709,7452.94727
1587974400000,7613.57129,7766.2627,7460.88037
1587988800000,7621.82129,7775.1709,7468.47168
1588003200000,7633.67871,7786.01953,7481.3374
1588017600000,7651.92871,7811.72852,7492.12891
1588032000000,7663.78564,7815.87354,7511.69775
1588046400000,7676.03564,7812.80176,7539.26953
1588060800000,7688.21436,7814.85498,7561.57373
1588075200000,7700.21436,7802.43604,7597.99268
1588089600000,7703.5,7805.09521,7601.90479
1588104000000,7717.60693,7777.37598,7657.83838
1588118400000,7729.39307,7801.00293,7657.78271
1588132800000,7747.46436,7882.7207,7612.20752
1588147200000,7776.75,8022.83496,7530.66504
1588161600000,7825.10693,8215.57324,7434.64062
1588176000000,7897.17871,8499.05371,7295.30322
1588190400000,7976.5,8718.56738,7234.43213
1588204800000,8090.71436,9082.28418,7099.14453
1588219200000,8191,9314.44043,7067.55908
1588233600000,8272.17871,9410.5957,7133.76123
1588248000000,8348.96387,9470.37305,7227.55566
1588262400000,8428.5,9523.50293,7333.49756
1588276800000,8493.39258,9518.18262,7468.60303
1588291200000,8561.92871,9494.88379,7628.97363
1588305600000,8635.32129,9455.9873,7814.65576
1588320000000,8720.39258,9425.12012,8015.66553
1588334400000,8775.85742,9339.27148,8212.44238
1588348800000,8817.42871,9262.76855,8372.08887
1588363200000,8849.89258,9222.37988,8477.40625
1588377600000,8857.71387,9224.3125,8491.11621
1588392000000,8858.82129,9224.67578,8492.9668
1588406400000,8826.25,9095.25586,8557.24414
1588420800000,8808.78613,9002.00391,8615.56836
1588435200000,8810.92871,9006.66504,8615.19238
1588449600000,8824.96387,9038.74316,8611.18555
1588464000000,8846.32129,9118.89355,8573.74902
1588478400000,8872.17871,9125.16992,8619.1875
1588492800000,8898.78613,9143.33496,8654.23633
1588507200000,8901.39258,9141.42969,8661.35547
1588521600000,8891.03613,9123.21484,8658.85742
1588536000000,8903.35742,9118.23926,8688.47461
1588550400000,8903.67871,9117.53027,8689.82617
1588564800000,8891.03613,9138.71484,8643.35645
1588579200000,8879.89258,9149.03906,8610.74609
1588593600000,8883.46387,9149.82715,8617.10156
1588608000000,8882.53613,9149.44141,8615.62988
1588622400000,8878.03613,9142.62402,8613.44727
1588636800000,8876.78613,9141.45312,8612.11816
1588651200000,8879.85742,9150.27246,8609.44141
1588665600000,8858.5,9082.6875,8634.3125
1588680000000,8848.35742,9060.25098,8636.46387
1588694400000,8838.39258,9022.31836,8654.46777
1588708800000,8853.25,9059.03613,8647.46387
1588723200000,8861.42871,9077.81738,8645.04004
1588737600000,8870.5,9103.44922,8637.55078
1588752000000,8913.82129,9237.16211,8590.48047
1588766400000,8958.85742,9300.30469,8617.40918
1588780800000,8999.78613,9336.49121,8663.08008
1588795200000,9020.96387,9355.74609,8686.18262
1588809600000,9054.17871,9401.59082,8706.76562
1588824000000,9085.64258,9444.93066,8726.35547
1588838400000,9115.75,9466.4043,8765.0957
1588852800000,9151.89258,9557.66016,8746.12598
1588867200000,9225.25,9744.24805,8706.25195
1588881600000,9308.21387,9922.40039,8694.02832
1588896000000,9382.07129,10035.5752,8728.56738
1588910400000,9440.03613,10099.2607,8780.81055
1588924800000,9506.57129,10155.8086,8857.33496
1588939200000,9572.71387,10203.4961,8941.93262
1588953600000,9617.60742,10265.1309,8970.08301
1588968000000,9655.32129,10282.1367,9028.50586
1588982400000,9699.75,10294.4014,9105.09863
1588996800000,9732.39258,10247.8701,9216.91504
1589011200000,9757.14258,10218.0674,9296.21875
1589025600000,9784,10179.9648,9388.03516
1589040000000,9817.89258,10103.3623,9532.42383
1589054400000,9819.28613,10099.2793,9539.29199
1589068800000,9729.39258,10403.6133,9055.17285
1589083200000,9643.96387,10445.3975,8842.53027
1589097600000,9557.57129,10463.835,8651.30762
1589112000000,9473.75,10474.7363,8472.76367
1589126400000,9372.96387,10456.8496,8289.0791
1589140800000,9284.85742,10364.7227,8204.99219
1589155200000,9194.21387,10241.71,8146.71924
1589169600000,9112.03613,10132.6289,8091.44189
1589184000000,9044,9974.27344,8113.72656
1589198400000,8992.07129,9870.3252,8113.81836
1589212800000,8927.67871,9732.99316,8122.36377
1589227200000,8846.82129,9546.28027,8147.3623
1589241600000,8772.17871,9255.25977,8289.09766
1589256000000,8708.35742,8926.95215,8489.76172
1589270400000,8721.21387,8939.15332,8503.27539
1589284800000,8725.28613,8951.95996,8498.61133
1589299200000,8728.85742,8957.72266,8499.99219
1589313600000,8740.21387,8969.96387,8510.46484
1589328000000,8769.17871,8973.03906,8565.31738
1589342400000,8779.35742,8987.46387,8571.25
1589356800000,8803.46387,9044.76074,8562.16797
1589371200000,8837.75,9121.80273,8553.69727
1589385600000,8854.57129,9181.99902,8527.14453
1589400000000,8885.25,9288.53125,8481.96875
1589414400000,8928.60742,9389.70215,8467.5127
1589428800000,8996.5,9502.62891,8490.37109
1589443200000,9065.64258,9656.68555,8474.60059
1589457600000,9143.92871,9785.87402,8501.9834
1589472000000,9204.89258,9867.15918,8542.62695
1589486400000,9271,9970.47266,8571.52734
1589500800000,9320.14258,9971.72754,8668.55859
1589515200000,9380.89258,9991.3623,8770.42285
1589529600000,9429.46387,9988.02246,8870.90625
1589544000000,9473,9936.2998,9009.7002
1589558400000,9494,9899.48145,9088.51855
1589572800000,9505.89258,9877.81641,9133.96875
1589587200000,9523.60742,9848.82812,9198.38672
1589601600000,9528.96387,9842.21777,9215.71094
1589616000000,9532.96387,9838.54004,9227.3877
1589630400000,9522.71387,9839.04785,9206.38086
1589644800000,9497.14258,9815.22754,9179.05859
1589659200000,9470.28613,9759.61719,9180.9541
1589673600000,9461.92871,9735.71973,9188.1377
1589688000000,9443.57129,9651.7793,9235.36328
1589702400000,9447.17871,9659.15527,9235.20117
1589716800000,9458.42871,9725.78516,9191.07227
1589731200000,9471.71387,9779.18066,9164.24707
1589745600000,9485.89258,9810.75,9161.03516
1589760000000,9524.35742,9891.72266,9156.99121
1589774400000,9557.96387,9926.45898,9189.46973
1589788800000,9573.32129,9933.53027,9213.1123
1589803200000,9593.07129,9939.99805,9246.14453
1589817600000,9613.35742,9948.21191,9278.50195
1589832000000,9638.53613,9949.95312,9327.11816
1589846400000,9652.92871,9920.71484,9385.14258
1589860800000,9666.53613,9893.03223,9440.04004
1589875200000,9681.53613,9899.79297,9463.27832
1589889600000,9691.5,9895.1582,9487.8418
1589904000000,9699.89258,9884.26758,9515.51855
1589918400000,9696.71387,9873.63184,9519.7959
1589932800000,9692.82129,9865.0127,9520.62988
1589947200000,9698.89258,9874.11035,9523.67578
1589961600000,9688.25,9836.65039,9539.84961
1589976000000,9660.60742,9864.51367,9456.7002
1589990400000,9653.57129,9868.54199,9438.60059
1590004800000,9642.46387,9870.2334,9414.69531
1590019200000,9626.75,9867.95117,9385.54883
1590033600000,9606.60742,9857.84766,9355.36719
1590048000000,9595.60742,9872.04688,9319.16699
1590062400000,9560.32129,9946.45312,9174.19043
1590076800000,9510.71387,9960.58398,9060.84473
1590091200000,9466.25,9961.55664,8970.94336
1590105600000,9418.78613,9962.25879,8875.3125
1590120000000,9367.82129,9899.17578,8836.4668
1590134400000,9327.71387,9830.53125,8824.89746
1590148800000,9288.60742,9732.57617,8844.63867
1590163200000,9249.25,9625.43262,8873.06738
1590177600000,9232.92871,9602.60645,8863.25098
1590192000000,9215.57129,9549.79004,8881.35352
1590206400000,9197.60742,9492.00879,8903.20508
1590220800000,9176.03613,9427.2041,8924.86719
1590235200000,9157.85742,9360.72266,8954.99121
1590249600000,9144.17871,9309.53027,8978.82715
1590264000000,9151.14258,9312.15625,8990.12891
1590278400000,9161.17871,9314.0293,9008.32812
1590292800000,9175.75,9324.75293,9026.74707
1590307200000,9185.53613,9293.88477,9077.18652
1590321600000,9184.21387,9298.52734,9069.90137
1590336000000,9173.89258,9317.73047,9030.05566
1590350400000,9137.75,9416.05566,8859.44434
1590364800000,9109.82129,9442.70117,8776.94141
1590379200000,9088.03613,9443.06543,8733.00586
1590393600000,9049.5,9428.07129,8670.92871
1590408000000,9015.32129,9399.8623,8630.78125
1590422400000,8997.92871,9374.40137,8621.45605
1590436800000,8976.60742,9340.64551,8612.56836
1590451200000,8956.32129,9303.69922,8608.94336
1590465600000,8940.78613,9267.19141,8614.38086
1590480000000,8916.78613,9213.06152,8620.50977
1590494400000,8877.78613,9121.9834,8633.58789
1590508800000,8854.53613,9063.16602,8645.90527
1590523200000,8839.25,9017.50293,8660.99707
1590537600000,8825.60742,8975.02441,8676.18945
1590552000000,8835.25,8969.31152,8701.18848
1590566400000,8861.67871,9067.5918,8655.76562
1590580800000,8881.96387,9133.68652,8630.24219
1590595200000,8910.85742,9184.08398,8637.63086
1590609600000,8941.25,9241.28125,8641.21875
1590624000000,8958.10742,9279.26562,8636.94824
1590638400000,8976.14258,9308.58789,8643.69824
1590652800000,9002.07129,9361.46777,8642.6748
1590667200000,9041,9480.1377,8601.8623
1590681600000,9083.32129,9556.80859,8609.83398
1590696000000,9145.17871,9635.7334,8654.62402
1590710400000,9197.42871,9681.31152,8713.5459
1590724800000,9246.21387,9711.87988,8780.54883
1590739200000,9287.07129,9693.86523,8880.27734
1590753600000,9327.32129,9653.28223,9001.36035
1590768000000,9345.42871,9657.62793,9033.22852
1590782400000,9365.42871,9658.48145,9072.375
1590796800000,9382.85742,9649.8584,9115.85547
1590811200000,9406.07129,9662.44043,9149.70215
1590825600000,9433.96387,9662.84961,9205.0791
1590840000000,9462.25,9631.04297,9293.45703
1590854400000,9482.35742,9612.97656,9351.7373
1590868800000,9496.92871,9670.08789,9323.76855
1590883200000,9506.46387,9683.125,9329.80371
1590897600000,9505.10742,9679.75195,9330.46191
1590912000000,9510,9689.96484,9330.03516
1590926400000,9507.25,9687.75684,9326.74316
1590940800000,9515.53613,9685.08008,9345.99121
1590955200000,9518.25,9681.7373,9354.7627
1590969600000,9528.82129,9679.65332,9377.98926
1590984000000,9539,9678.7168,9399.2832
1590998400000,9547.64258,9662.5625,9432.72363
1591012800000,9548.78613,9663.17871,9434.39355
1591027200000,9550.07129,9665.13965,9435.00293
1591041600000,9599.89258,9972.04688,9227.73828
1591056000000,9640.42871,10093.3838,9187.47363
1591070400000,9670.82129,10188.793,9152.84961
1591084800000,9708.10742,10269.2109,9147.00293
1591099200000,9699.96387,10272.5342,9127.39453
1591113600000,9693.53613,10272.8809,9114.19141
1591128000000,9696.35742,10271.8965,9120.81738
1591142400000,9694.46387,10272.5918,9116.33691
1591156800000,9698.96387,10270.1309,9127.79785
1591171200000,9703.78613,10270.9844,9136.58691
1591185600000,9703.07129,10270.9893,9135.15332
1591200000000,9707.85742,10270.374,9145.33984
1591214400000,9716.39258,10272.2314,9160.55371
1591228800000,9723.39258,10274.3037,9172.48242
1591243200000,9681.25,10152.7998,9209.7002
1591257600000,9646.5,10054.0527,9238.94727
1591272000000,9625.42871,9954.09375,9296.76367
1591286400000,9604.96387,9830.88281,9379.0459
1591300800000,9629.78613,9857.40137,9402.1709
1591315200000,9650.92871,9881.36621,9420.49121
1591329600000,9669.35742,9896.20215,9442.51172
1591344000000,9684.07129,9886.59473,9481.54785
1591358400000,9698.64258,9875.55664,9521.72852
1591372800000,9706.14258,9877.56348,9534.72168
1591387200000,9710.39258,9869.14551,9551.63965
1591401600000,9713.78613,9862.94434,9564.62695
1591416000000,9709.39258,9867.67773,9551.1084
1591430400000,9710.46387,9867.90918,9553.01953
1591444800000,9710.75,9867.75488,9553.74512
1591459200000,9713.46387,9865.54297,9561.38477
1591473600000,9701.75,9839.81348,9563.68652
1591488000000,9691.96387,9813.55273,9570.37598
1591502400000,9682,9790.32031,9573.67969
1591516800000,9665.92871,9768.43359,9563.42383
1591531200000,9645.46387,9763.51758,9527.41113
1591545600000,9651.85742,9787.46875,9516.24512
1591560000000,9655.10742,9798.11621,9512.09863
1591574400000,9655.71387,9799.9375,9511.49121
1591588800000,9664.14258,9811.61914,9516.66699
1591603200000,9672.71387,9824.44629,9520.98242
1591617600000,9679.92871,9826.86426,9532.99316
1591632000000,9680.42871,9827.49805,9533.35938
1591646400000,9690.17871,9846.24023,9534.11719
1591660800000,9691.67871,9846.99121,9536.36523
1591675200000,9692.78613,9847.65625,9537.91504
1591689600000,9695.89258,9851.59668,9540.18848
1591704000000,9700.64258,9855.18066,9546.10449
1591718400000,9712.25,9849.54395,9574.95605
1591732800000,9733.07129,9801.06055,9665.08203
1591747200000,9731.39258,9795.6748,9667.11133
1591761600000,9731.21387,9795.24121,9667.1875
1591776000000,9731,9795.04102,9666.95898
1591790400000,9732.89258,9798.60352,9667.18262
1591804800000,9740.60742,9831.61816,9649.5957
1591819200000,9753.96387,9869.87402,9638.05469
1591833600000,9768.60742,9900.90039,9636.31348
1591848000000,9769.10742,9901.75,9636.46387
1591862400000,9776.5,9900.12988,9652.87012
1591876800000,9763.96387,9944.74609,9583.18164
1591891200000,9731.5,10043.2959,9419.7041
1591905600000,9698.71387,10093.1797,9304.24805
1591920000000,9671,10104.3945,9237.60547
1591934400000,9645.32129,10091.54,9199.10254
1591948800000,9626.46387,10074.5205,9178.4082
1591963200000,9602.25,10056.9277,9147.57227
1591977600000,9580.67871,10037.999,9123.3584
1591992000000,9559.21387,10009.0947,9109.33301
1592006400000,9527.10742,9951.39844,9102.81543
1592020800000,9494.78613,9869.98047,9119.59082
1592035200000,9459.17871,9761.99805,9156.35938
1592049600000,9433.21387,9671.74316,9194.68457
1592064000000,9405.67871,9542.49902,9268.85742
1592078400000,9403.21387,9533.59375,9272.83496
1592092800000,9414.53613,9523.06934,9306.00195
1592107200000,9424.75,9494.19238,9355.30762
1592121600000,9430.46387,9484.29102,9376.6377
1592136000000,9429.60742,9484.22656,9374.9873
1592150400000,9422.21387,9467.77832,9376.65039
1592164800000,9416.28613,9481.80957,9350.76172
1592179200000,9396.53613,9548.07031,9245.00098
1592193600000,9370.92871,9581.31934,9160.53809
1592208000000,9349.25,9599.66309,9098.83691
1592222400000,9338.82129,9585.9707,9091.67285
1592236800000,9339.78613,9587.98535,9091.58594
1592251200000,9339.10742,9586.34473,9091.87012
1592265600000,9351.07129,9623.83203,9078.31152
1592280000000,9353.07129,9629.80371,9076.33887
1592294400000,9358.57129,9644.16016,9072.98242
1592308800000,9361.35742,9649.49121,9073.22266
1592323200000,9366.64258,9661.91602,9071.36914
1592337600000,9374.42871,9679.60449,9069.25195
1592352000000,9378.78613,9686.42969,9071.1416
1592366400000,9391.42871,9704.67578,9078.18164
1592380800000,9414.60742,9699.72559,9129.48828
1592395200000,9434.78613,9662.29395,9207.27734
1592409600000,9448.42871,9606.91309,9289.94336
1592424000000,9460,9592.1377,9327.8623
1592438400000,9460.57129,9591.9668,9329.17578
1592452800000,9460.85742,9591.9375,9329.77637
1592467200000,9450.67871,9568.51562,9332.84082
1592481600000,9441.57129,9561.66699,9321.47559
1592496000000,9433.03613,9550.12402,9315.94727
1592510400000,9428.03613,9548.58105,9307.49121
1592524800000,9410.92871,9552.23926,9269.61816
1592539200000,9394.10742,9535.30762,9252.90723
1592553600000,9388.92871,9526.75391,9251.10352
1592568000000,9379.42871,9500.42188,9258.43555
1592582400000,9366.82129,9482.21387,9251.42871
1592596800000,9360.67871,9481.02246,9240.33496
1592611200000,9362.60742,9479.36328,9245.85156
1592625600000,9351.21387,9461.61426,9240.81348
1592640000000,9344.10742,9448.11914,9240.09473
1592654400000,9331.46387,9435.37207,9227.55566
1592668800000,9321.03613,9414.03418,9228.03809
1592683200000,9319.67871,9410.00293,9229.35449
1592697600000,9318.25,9404.75879,9231.74121
1592712000000,9317.21387,9401.29395,9233.13477
1592726400000,9324,9403.73633,9244.26367
1592740800000,9329.67871,9408.81738,9250.54004
1592755200000,9326.82129,9401.54102,9252.10254
1592769600000,9320.32129,9392.94824,9247.69434
1592784000000,9325.46387,9401.17188,9249.75684
1592798400000,9333.89258,9420.53223,9247.25293
1592812800000,9343.53613,9449.69531,9237.37598
1592827200000,9357.78613,9484.5459,9231.02539
1592841600000,9375.25,9539.34863,9211.15137
1592856000000,9406.92871,9624.28418,9189.57324
1592870400000,9434,9674.09668,9193.90332
1592884800000,9456.17871,9719.58984,9192.76758
1592899200000,9475.21387,9748.70996,9201.71875
1592913600000,9498.75,9785.11523,9212.38477
1592928000000,9519.67871,9803.7793,9235.57715
1592942400000,9538.28613,9813.27246,9263.29883
1592956800000,9560.53613,9816.875,9304.19629
1592971200000,9576.14258,9785.54395,9366.74121
1592985600000,9571.92871,9799.35449,9344.50293
1593000000000,9559.28613,9834.79688,9283.77441
1593014400000,9547.57129,9852.22754,9242.91602
1593028800000,9532.85742,9865.35742,9200.35742
1593043200000,9497.92871,9903.63281,9092.22461
1593057600000,9459.75,9884.96875,9034.53125
1593072000000,9430.5,9853.47656,9007.52344
1593086400000,9399.21387,9812.4209,8986.00781
1593100800000,9373.85742,9769.38867,8978.3252
1593115200000,9341.5,9700.73926,8982.26074
1593129600000,9312.17871,9631.33887,8993.01855
1593144000000,9276.39258,9557.2832,8995.50293
1593158400000,9242.35742,9436.12402,9048.58984
1593172800000,9216.28613,9352.78809,9079.7832
1593187200000,9205.35742,9334.05273,9076.66113
1593201600000,9198.92871,9329.43848,9068.41895
1593216000000,9188.96387,9310.85059,9067.07812
1593230400000,9180.39258,9289.88574,9070.90039
1593244800000,9185.71387,9281.00781,9090.4209
1593259200000,9183.17871,9283.01465,9083.34277
1593273600000,9159.71387,9321.99609,8997.43262
1593288000000,9143.21387,9320.4502,8965.97852
1593302400000,9120.5,9303.46484,8937.53516
1593316800000,9104.78613,9282.75,8926.82129
1593331200000,9090.57129,9255.15039,8925.99219
1593345600000,9092.39258,9258.96387,8925.82227
1593360000000,9087.71387,9248.54688,8926.88184
1593374400000,9085.89258,9244.99707,8926.78906
1593388800000,9080.96387,9235.02344,8926.90527
1593403200000,9076.14258,9225.66699,8926.61914
1593417600000,9071.17871,9214.86621,8927.49121
1593432000000,9067.75,9204.28906,8931.21094
1593446400000,9067.92871,9204.91309,8930.94336
1593460800000,9072.25,9219.35449,8925.14551
1593475200000,9089.53613,9216.5127,8962.55859
1593489600000,9099.53613,9217.68945,8981.38184
1593504000000,9112.71387,9204.57617,9020.85254
1593518400000,9123.25,9201.62891,9044.87109
1593532800000,9129.96387,9192.69531,9067.2334
1593547200000,9128.60742,9190.4043,9066.80957
1593561600000,9130.53613,9191.25293,9069.81836
1593576000000,9132.17871,9192.04004,9072.31738
1593590400000,9136.89258,9192.66602,9081.12012
1593604800000,9150.57129,9232.23535,9068.90723
1593619200000,9162.25,9248.00977,9076.49023
1593633600000,9170.5,9259.97852,9081.02148
1593648000000,9176.5,9271.94824,9081.05176
1593662400000,9178.39258,9275.36035,9081.4248
1593676800000,9180.85742,9277.78711,9083.92773
1593691200000,9173.89258,9293.61328,9054.17188
1593705600000,9166.78613,9302.96777,9030.60352
1593720000000,9161.10742,9303.67676,9018.53711
1593734400000,9158.07129,9304.7002,9011.44238
1593748800000,9155.96387,9304.94629,9006.98145
1593763200000,9152.89258,9305.25293,9000.53223
1593777600000,9150.03613,9305.10742,8994.96387
1593792000000,9144.71387,9303.80078,8985.62793
1593806400000,9129.35742,9277.45898,8981.25488
1593820800000,9117.42871,9252.52148,8982.33594
1593835200000,9105.92871,9225.93848,8985.91895
1593849600000,9093.03613,9189.84668,8996.22461
1593864000000,9082.17871,9155.27344,9009.08398
1593878400000,9077.42871,9124.03125,9030.8252
1593892800000,9084.64258,9136.77832,9032.50781
1593907200000,9090.39258,9142.18848,9038.59766
1593921600000,9088.85742,9142.44434,9035.26953
1593936000000,9084.85742,9145.41309,9024.30078
1593950400000,9079.46387,9146.41895,9012.50977
1593964800000,9075.14258,9146.12109,9004.16504
1593979200000,9074,9144.17285,9003.82715
1593993600000,9074.64258,9145.20605,9004.0791
1594008000000,9084.71387,9178.69434,8990.73438
1594022400000,9095.35742,9214.49219,8976.22168
1594036800000,9111.64258,9269.98438,8953.30078
1594051200000,9128.42871,9308.76172,8948.09473
1594065600000,9148.96387,9356.03613,8941.8916
1594080000000,9160.92871,9381.17188,8940.68457
1594094400000,9169.42871,9395.05859,8943.79785
1594108800000,9179.75,9409.84863,8949.65137
1594123200000,9194.71387,9419.82129,8969.60742
1594137600000,9209,9416.16602,9001.83398
1594152000000,9225.14258,9406.16992,9044.11523
1594166400000,9244.60742,9393.74023,9095.47363
1594180800000,9259.07129,9377.21094,9140.93262
1594195200000,9274.53613,9348.11523,9200.95605
1594209600000,9289.92871,9381.08789,9198.76953
1594224000000,9304.75,9415.79395,9193.70605
1594238400000,9314.39258,9444.30371,9184.48242
1594252800000,9321.14258,9455.64453,9186.64062
1594267200000,9325.25,9465.84961,9184.65039
1594281600000,9332.35742,9476.63867,9188.07617
1594296000000,9328.75,9482.31348,9175.18652
1594310400000,9324.96387,9486.39746,9163.53125
1594324800000,9322.17871,9488.37793,9155.97852
1594339200000,9320.85742,9490.10645,9151.60742
1594353600000,9313.35742,9502.38574,9124.3291
1594368000000,9302.96387,9508.3125,9097.61621
1594382400000,9300,9507.68652,9092.31348
1594396800000,9294.39258,9505.3418,9083.44336
1594411200000,9285.21387,9485.55078,9084.87793
1594425600000,9272.89258,9455.27832,9090.50781
1594440000000,9260.85742,9419.2627,9102.45215
1594454400000,9247.64258,9391.81055,9103.47461
1594468800000,9234.75,9350.52637,9118.97363
1594483200000,9220.96387,9294.39844,9147.5293
1594497600000,9222.53613,9295.86328,9149.20801
1594512000000,9226.42871,9304.1416,9148.71582
1594526400000,9227.82129,9306.7168,9148.92578
1594540800000,9230.21387,9309.50098,9150.92773
1594555200000,9235.42871,9300.29883,9170.55859
1594569600000,9239.78613,9289.75,9189.82227
1594584000000,9244.21387,9303.57617,9184.85254
1594598400000,9247.64258,9308.27832,9187.00781
1594612800000,9246.5,9304.83496,9188.16504
1594627200000,9249.85742,9316.33105,9183.38281
1594641600000,9251.28613,9320.03516,9182.53613
1594656000000,9253.10742,9317.82324,9188.39062
1594670400000,9254.03613,9317.32617,9190.74609
1594684800000,9254.67871,9316.07715,9193.28027
1594699200000,9250.67871,9323.77832,9177.5791
1594713600000,9247.82129,9320.33203,9175.31055
1594728000000,9245.57129,9319.18457,9171.95898
1594742400000,9246.96387,9321.51562,9172.41309
1594756800000,9249.46387,9322.49609,9176.43262
1594771200000,9250.53613,9322.1748,9178.89648
1594785600000,9245.25,9311.64941,9178.85059
1594800000000,9240.82129,9306.82812,9174.81445
1594814400000,9235.67871,9303.30176,9168.05469
1594828800000,9225.92871,9287.23242,9164.625
1594843200000,9218.96387,9272.34766,9165.58105
1594857600000,9216.17871,9271.42285,9160.93457
1594872000000,9207.5,9282.51367,9132.48633
1594886400000,9197.39258,9299.83496,9094.95117
1594900800000,9193.03613,9303.69141,9082.37988
1594915200000,9184.78613,9299.44238,9070.12891
1594929600000,9178.21387,9294.125,9062.30273
1594944000000,9166.85742,9276.125,9057.58887
1594958400000,9155.96387,9258.29785,9053.63086
1594972800000,9148.75,9241.8877,9055.6123
1594987200000,9142.60742,9224.71875,9060.49512
1595001600000,9138.57129,9211.375,9065.76758
1595016000000,9135.35742,9201.19922,9069.51465
1595030400000,9132.71387,9195.18457,9070.24414
1595044800000,9128.75,9182.62891,9074.87109
1595059200000,9126.78613,9173.22754,9080.34375
1595073600000,9130.78613,9181.57617,9079.99512
1595088000000,9137.35742,9178.69141,9096.02344
1595102400000,9141.5,9184.43555,9098.56445
1595116800000,9143.92871,9184.96289,9102.89355
1595131200000,9145.5,9185.96191,9105.03809
1595145600000,9146.5,9183.93164,9109.06836
1595160000000,9148.21387,9178.93359,9117.49512
1595174400000,9150.35742,9180.71582,9119.99902
1595188800000,9155.28613,9198.3584,9112.21289
1595203200000,9157.67871,9204.43066,9110.92578
1595217600000,9159.75,9207.8623,9111.6377
1595232000000,9160.92871,9207.4375,9114.41895
1595246400000,9163.78613,9208.32227,9119.24902
1595260800000,9163.60742,9208.19922,9119.01465
1595275200000,9162.96387,9207.42871,9118.5
1595289600000,9163.85742,9208.82812,9118.88672
1595304000000,9174.28613,9265.92969,9082.6416
1595318400000,9188,9313.21582,9062.78418
1595332800000,9201.14258,9345.62793,9056.65723
1595347200000,9217.96387,9376.52539,9059.40332
1595361600000,9237,9410.14551,9063.85449
1595376000000,9251.5,9431.30078,9071.69922
1595390400000,9258.60742,9439.30664,9077.9082
1595404800000,9269.78613,9451.6084,9087.96289
1595419200000,9281.17871,9459.27051,9103.08691
1595433600000,9296.46387,9464.1875,9128.74121
1595448000000,9322.17871,9515.63379,9128.72363
1595462400000,9347.07129,9539.81738,9154.3252
1595476800000,9372,9551.88281,9192.11719
1595491200000,9396.25,9554.08887,9238.41113
1595505600000,9411.28613,9576.5625,9246.00879
1595520000000,9429.78613,9617.08594,9242.48535
1595534400000,9449.10742,9649.09961,9249.11426
1595548800000,9463.92871,9665.76074,9262.09668
1595563200000,9472.67871,9671.9707,9273.38672
1595577600000,9485.03613,9677.67969,9292.3916
1595592000000,9502.46387,9671.49609,9333.43262
1595606400000,9519.75,9670.11816,9369.38184
1595620800000,9534.42871,9647.41309,9421.44336
1595635200000,9550.03613,9616.85449,9483.2168
1595649600000,9552.92871,9620.31152,9485.5459
1595664000000,9558.53613,9622.85938,9494.21191
1595678400000,9564.92871,9626.41406,9503.44336
1595692800000,9576.89258,9657.47168,9496.31445
1595707200000,9589.71387,9690.35547,9489.07324
1595721600000,9596.10742,9709.71973,9482.49512
1595736000000,9604.57129,9736.24121,9472.90137
1595750400000,9635,9872.09961,9397.90039
1595764800000,9667.5,9950.23828,9384.76172
1595779200000,9691.42871,9983.17578,9399.68164
1595793600000,9718.67871,10025.0762,9412.28125
1595808000000,9768.57129,10182.7725,9354.37012
1595822400000,9813.53613,10256.9688,9370.10254
1595836800000,9863.17871,10346.9365,9379.4209
1595851200000,9916,10423.2773,9408.72266
1595865600000,10003.9287,10657.5596,9350.29688
1595880000000,10108.4639,10919.1787,9297.75
1595894400000,10202.6426,11095.9062,9309.37891
1595908800000,10288.0361,11204.2949,9371.77637
1595923200000,10381.6426,11302.959,9460.32617
1595937600000,10485.3574,11414.5205,9556.19434
1595952000000,10558.3574,11481.7334,9634.98047
1595966400000,10627.3574,11507.9375,9746.77637
1595980800000,10707.6787,11499.3955,9915.96094
1595995200000,10786.3926,11466.8838,10105.9014
1596009600000,10845.8574,11485.8652,10205.8496
1596024000000,10917.5713,11458.3574,10376.7861
1596038400000,10984.6426,11413.9121,10555.373
1596052800000,11041.7861,11260.2285,10823.3428
1596067200000,11055.0361,11236.748,10873.3232
1596081600000,11047.6787,11235.7354,10859.6221
1596096000000,11043.7139,11237.7422,10849.6865
1596110400000,11052.5,11230.9404,10874.0596
1596124800000,11061.9287,11242.7383,10881.1191
1596139200000,11057.5,11229.6484,10885.3516
1596153600000,11055.75,11230.0957,10881.4043
1596168000000,11071.3926,11239.127,10903.6582
1596182400000,11088.5361,11271.3467,10905.7246
1596196800000,11112.4287,11343.6113,10881.2461
1596211200000,11127.5713,11385.0332,10870.1094
1596225600000,11140.5,11423.959,10857.041
1596240000000,11152.25,11460.3203,10844.1797
1596254400000,11193,11604.0352,10781.9648
1596268800000,11240.9639,11705.165,10776.7637
1596283200000,11290.4639,11771.7471,10809.1807
1596297600000,11351.75,11859.7422,10843.7578
1596312000000,11409.1426,11938.5146,10879.7705
1596326400000,11473.3213,12067.8018,10878.8408
1596340800000,11488.5361,12055.8379,10921.2344
1596355200000,11497.25,12036.7178,10957.7822
1596369600000,11492.7861,12044.4053,10941.166
1596384000000,11490.3926,12046.6748,10934.1104
1596398400000,11468.7861,12063.8535,10873.7178
1596412800000,11455.0713,12070.6143,10839.5283
1596427200000,11444.3213,12071.2471,10817.3955
1596441600000,11433.9639,12069.3018,10798.627
1596456000000,11412.75,12032.791,10792.709
1596470400000,11394.6426,11997.6826,10791.6035
1596484800000,11364.9287,11954.9746,10774.8828
1596499200000,11326.4639,11864.9619,10787.9668
1596513600000,11288.5361,11748.8037,10828.2676
1596528000000,11223.75,11434.1201,11013.3799
1596542400000,11215.7139,11417.9805,11013.4482
1596556800000,11224.2139,11418.1631,11030.2656
1596571200000,11231.3926,11412.3115,11050.4746
1596585600000,11233.9287,11414.29,11053.5664
1596600000000,11249.1787,11406.1006,11092.2568
1596614400000,11271.4287,11447.3086,11095.5488
1596628800000,11304.7861,11573.8613,11035.71
1596643200000,11335.4287,11659.4336,11011.4238
1596657600000,11362.0361,11753.165,10970.9062
1596672000000,11379.5361,11800.3594,10958.7119
1596686400000,11408.8574,11842.8672,10974.8477
1596700800000,11440.1426,11891.1211,10989.1641
1596715200000,11479.7861,11970.1924,10989.3789
1596729600000,11533.5361,12022.0049,11045.0664
1596744000000,11573.1787,12041.6445,11104.7129
1596758400000,11616.5713,12062.2041,11170.9395
1596772800000,11659.7139,12045.957,11273.4717
1596787200000,11697.3213,12008.1318,11386.5107
1596801600000,11723.3926,11937.0215,11509.7637
1596816000000,11727.0361,11923.0039,11531.0674
1596830400000,11721.7861,11926.5742,11516.9971
1596844800000,11713.6787,11934.7598,11492.5977
1596859200000,11702.25,11928.9395,11475.5605
1596873600000,11711,11940.7754,11481.2246
1596888000000,11718.7139,11946.6885,11490.7402
1596902400000,11720.1787,11948.0068,11492.3506
1596916800000,11714.7139,11932.8574,11496.5713
1596931200000,11705.7139,11905.7295,11505.6992
1596945600000,11701.5361,11898.3818,11504.6904
1596960000000,11691.3926,11873.0078,11509.7773
1596974400000,11675.8574,11855.8828,11495.8311
1596988800000,11666.6787,11840.165,11493.1914
1597003200000,11669.7861,11843.417,11496.1543
1597017600000,11708.8926,11948.3477,11469.4385
1597032000000,11736.7861,12009.3242,11464.2471
1597046400000,11750.4287,12003.4229,11497.4336
1597060800000,11774.3926,12029.5898,11519.1953
1597075200000,11781.1426,12042.3516,11519.9346
1597089600000,11791.75,12059.9004,11523.5996
1597104000000,11800.3213,12066.9277,11533.7148
1597118400000,11799.2861,12066.3438,11532.2275
1597132800000,11799.2139,12066.3223,11532.1064
1597147200000,11783.3574,12092.3652,11474.3496
1597161600000,11761.5361,12129.5166,11393.5547
1597176000000,11747.6426,12154.6787,11340.6064
1597190400000,11729.4639,12175.2607,11283.668
1597204800000,11712.1787,12180.6367,11243.7207
1597219200000,11670.3213,12114.6592,11225.9834
1597233600000,11641.25,12048.8105,11233.6895
1597248000000,11629.5713,12033.9277,11225.2148
1597262400000,11603.2861,11970.7031,11235.8682
1597276800000,11582.0361,11915.2178,11248.8535
1597291200000,11555.5,11837.0625,11273.9375
1597305600000,11535.6787,11767.9717,11303.3857
1597320000000,11517.3574,11712.3516,11322.3623
1597334400000,11501.2861,11647.4023,11355.1699
1597348800000,11523.8926,11738.1016,11309.6846
1597363200000,11549.8574,11780.8047,11318.9092
1597377600000,11574.3574,11802.9131,11345.8008
1597392000000,11603.0713,11829.7529,11376.3896
1597406400000,11624.8213,11846.9688,11402.6738
1597420800000,11650.6074,11875.8828,11425.3311
1597435200000,11663.9287,11894.5771,11433.2803
1597449600000,11687.3926,11944.9883,11429.7979
1597464000000,11711.5361,11982.8379,11440.2334
1597478400000,11731.3574,12003.332,11459.3818
1597492800000,11755,12010.7832,11499.2168
1597507200000,11775.3926,12012.665,11538.1211
1597521600000,11800.8574,11988.8486,11612.8652
1597536000000,11830.4287,11956.5557,11704.3008
1597550400000,11835.5,11963.0723,11707.9277
1597564800000,11836.1426,11962.1572,11710.1289
1597579200000,11846.5713,11958.4316,11734.7109
1597593600000,11849.6787,11956.959,11742.3984
1597608000000,11861.7861,11961.3477,11762.2236
1597622400000,11864.1426,11961.6514,11766.6348
1597636800000,11867.6787,11954.8223,11780.5342
1597651200000,11868.5713,11957.666,11779.4766
1597665600000,11906.8926,12216.3701,11597.416
1597680000000,11941.7861,12324.793,11558.7783
1597694400000,11973.1787,12395.4111,11550.9463
1597708800000,12006.4639,12457.7129,11555.2158
1597723200000,12035.5,12498.3779,11572.6221
1597737600000,12052.8574,12518.4004,11587.3135
1597752000000,12057.6787,12517.2178,11598.1396
1597766400000,12074.1787,12506.0361,11642.3203
1597780800000,12080.1426,12502.9902,11657.2959
1597795200000,12081.8926,12500.7607,11663.0254
1597809600000,12074.8574,12507.1895,11642.5244
1597824000000,12074.2139,12507.8594,11640.5693
1597838400000,12068.0713,12517.9111,11618.2324
1597852800000,12049.8213,12540.666,11558.9766
1597867200000,12001.75,12460.0947,11543.4053
1597881600000,11955.9639,12393.1875,11518.7412
1597896000000,11913.5713,12322.1318,11505.0117
1597910400000,11878.1074,12221.0068,11535.207
1597924800000,11849.2861,12114.6465,11583.9248
1597939200000,11826.2139,12017.0254,11635.4033
1597953600000,11820.5,12001.2666,11639.7334
1597968000000,11811.8926,11968.5703,11655.2148
1597982400000,11803.5361,11939.3477,11667.7246
1597996800000,11794.6426,11932.3633,11656.9229
1598011200000,11788.2861,11927.9248,11648.6465
1598025600000,11776.8926,11920.8193,11632.9658
1598040000000,11762.3213,11953.126,11571.5176
1598054400000,11748.4287,11987.2529,11509.6045
1598068800000,11735,11988.2793,11481.7207
1598083200000,11724.5713,11992.6973,11456.4453
1598097600000,11715.8213,11993.1797,11438.4629
1598112000000,11699.3574,11977.0332,11421.6807
1598126400000,11685.5713,11947.3975,11423.7451
1598140800000,11667.6787,11912.9561,11422.4004
1598155200000,11650.3574,11870.4023,11430.3125
1598169600000,11626.2861,11814.6553,11437.916
1598184000000,11613.1426,11761.2715,11465.0137
1598198400000,11610.2139,11750.4355,11469.9922
1598212800000,11604.4639,11729.2529,11479.6758
1598227200000,11603.75,11726.6846,11480.8154
1598241600000,11619.8213,11759.2754,11480.3672
1598256000000,11642.9287,11784.2754,11501.582
1598270400000,11656.2139,11806.6426,11505.7861
1598284800000,11669.7861,11818.7627,11520.8086
1598299200000,11682.25,11830.6348,11533.8652
1598313600000,11688.1787,11827.8848,11548.4727
1598328000000,11681.75,11831.4883,11532.0117
1598342400000,11682.6787,11830.7783,11534.5791
1598356800000,11668.75,11865.543,11471.957
1598371200000,11651.1787,11921.9238,11380.4336
1598385600000,11627.5361,11945.9121,11309.1592
1598400000000,11604.4639,11947.6709,11261.2578
1598414400000,11582.5713,11948.2051,11216.9375
1598428800000,11561.4639,11936.2803,11186.6475
1598443200000,11542.2139,11902.0615,11182.3672
1598457600000,11519.0361,11851.252,11186.8193
1598472000000,11497.75,11800.4346,11195.0654
1598486400000,11471.8574,11742.7822,11200.9316
1598500800000,11446.75,11665.8457,11227.6543
1598515200000,11421.6426,11609.0928,11234.1934
1598529600000,11404,11572.7559,11235.2441
1598544000000,11377.4287,11513.9551,11240.9023
1598558400000,11370.75,11505.9668,11235.5332
1598572800000,11377.4287,11505.2646,11249.5928
1598587200000,11381.75,11506.3203,11257.1797
1598601600000,11389.8926,11523.7109,11256.0752
1598616000000,11403.4287,11555.2852,11251.5723
1598630400000,11412.7861,11574.5234,11251.0488
1598644800000,11415.75,11584.3066,11247.1934
1598659200000,11418.5,11591.7949,11245.2051
1598673600000,11425.9287,11615.4844,11236.3721
1598688000000,11430.4287,11619.4922,11241.3652
1598702400000,11437.25,11629.7334,11244.7666
1598716800000,11452.1074,11638.8936,11265.3203
1598731200000,11462.0361,11637.6279,11286.4434
1598745600000,11488.3574,11638.0947,11338.6201
1598760000000,11507.3926,11640.6504,11374.1357
1598774400000,11523.6426,11648.1924,11399.0928
1598788800000,11540.6074,11649.2236,11431.9912
1598803200000,11552.6074,11668.4482,11436.7656
1598817600000,11565.5361,11709.4229,11421.6484
1598832000000,11577.8574,11731.5342,11424.1797
1598846400000,11585,11738.4111,11431.5889
1598860800000,11598.0361,11754.7197,11441.3516
1598875200000,11610.6074,11784.6777,11436.5371
1598889600000,11631.2139,11794.4541,11467.9746
1598904000000,11642.25,11790.1729,11494.3271
1598918400000,11654.6787,11791.8008,11517.5566
1598932800000,11687.3574,11853.1592,11521.5547
1598947200000,11706.7139,11897.6768,11515.752
1598961600000,11739.4639,11993.2588,11485.6699
1598976000000,11765.7139,12036.7773,11494.6504
1598990400000,11788.1426,12060.3857,11515.9004
1599004800000,11802.9639,12065.3818,11540.5469
1599019200000,11804.6426,12065.2109,11544.0752
1599033600000,11785,12111.1406,11458.8594
1599048000000,11763.75,12158.9697,11368.5303
1599062400000,11743.2861,12178.7627,11307.8086
1599076800000,11718.3574,12188.1611,11248.5537
1599091200000,11691.6426,12194.1953,11189.0908
1599105600000,11674.1426,12196.5547,11151.7314
1599120000000,11640,12210.2988,11069.7012
1599134400000,11549.8926,12282.1719,10817.6143
1599148800000,11463.7861,12292.7334,10634.8379
1599163200000,11327.3213,12330.1777,10324.4658
1599177600000,11205.25,12274.6875,10135.8125
1599192000000,11088.6426,12169.2295,10008.0566
1599206400000,10987.2861,12026.7422,9947.8291
1599220800000,10893.5361,11878.5947,9908.47656
1599235200000,10834,11786.6172,9881.38281
1599249600000,10771.3213,11699.6562,9842.9873
1599264000000,10699.9639,11574.1895,9825.73926
1599278400000,10628.9639,11421.7432,9836.18555
1599292800000,10547.1787,11248.6953,9845.66211
1599307200000,10465.75,10986.8965,9944.60352
1599321600000,10374.5713,10760.5576,9988.58594
1599336000000,10337.8574,10700.9902,9974.72363
1599350400000,10301.3213,10617.2539,9985.38867
1599364800000,10307.25,10614.4844,10000.0156
1599379200000,10306.6426,10614.1992,9999.08691
1599393600000,10297.2139,10612.3926,9982.03613
1599408000000,10284.3574,10590.3936,9978.32129
1599422400000,10271.5713,10566.7988,9976.34375
1599436800000,10244.6074,10486.7852,10002.4287
1599451200000,10220.3213,10440.4199,10000.2227
1599465600000,10193.2139,10408.0869,9978.3418
1599480000000,10174.5713,10354.6631,9994.47949
1599494400000,10169.1426,10347.5215,9990.76465
1599508800000,10176.0713,10376.5273,9975.61523
1599523200000,10201.4287,10368.0352,10034.8223
1599537600000,10209.4287,10377.5781,10041.2793
1599552000000,10195.4287,10401.5605,9989.29688
1599566400000,10185.5,10397.0449,9973.95508
1599580800000,10165.7139,10395.9297,9935.49902
1599595200000,10162.3574,10393.4189,9931.2959
1599609600000,10146.0713,10380.5508,9911.5918
1599624000000,10141.3213,10369.6387,9913.00488
1599638400000,10142.6426,10372.5459,9912.73926
1599652800000,10152.2139,10387.8047,9916.62402
1599667200000,10170.5361,10404.3701,9936.70215
1599681600000,10175.8926,10410.6221,9941.16406
1599696000000,10192.2861,10448.0469,9936.52539
1599710400000,10185.0713,10425.3789,9944.76367
1599724800000,10184.6787,10424.2178,9945.13965
1599739200000,10195.6074,10462.0752,9929.13867
1599753600000,10217.0361,10456.8125,9977.25879
1599768000000,10234.7139,10471.6357,9997.79297
1599782400000,10251.2139,10444.415,10058.0137
1599796800000,10260.5713,10440.8662,10080.2764
1599811200000,10277.1787,10403.4678,10150.8896
1599825600000,10286.6426,10403.542,10169.7441
1599840000000,10294.1787,10406.4316,10181.9258
1599854400000,10304.3926,10424.1182,10184.667
1599868800000,10309.0361,10430.2695,10187.8018
1599883200000,10317.75,10429.4385,10206.0615
1599897600000,10315.1074,10422.6904,10207.5234
1599912000000,10321.2861,10427.959,10214.6133
1599926400000,10332.75,10460.0898,10205.4102
1599940800000,10334,10465.126,10202.874
1599955200000,10353.7139,10522.5137,10184.915
1599969600000,10368.3926,10563.5508,10173.2344
1599984000000,10375.8574,10554.418,10197.2969
1599998400000,10377.6426,10551.8604,10203.4248
1600012800000,10380.4287,10548.1924,10212.665
1600027200000,10380.6787,10548.0791,10213.2773
1600041600000,10382.3213,10547.9668,10216.6768
1600056000000,10382.9639,10548.8242,10217.1045
1600070400000,10391.2139,10560.9404,10221.4873
1600084800000,10416.8213,10646.877,10186.7666
1600099200000,10440.6787,10701.3613,10179.9961
1600113600000,10463.3213,10745.3652,10181.2783
1600128000000,10484.0361,10802.3281,10165.7432
1600142400000,10505.1787,10847.3877,10162.9697
1600156800000,10524.5361,10904.1074,10144.9648
1600171200000,10541.6426,10944.3359,10138.9502
1600185600000,10574.0361,10973.3066,10174.7646
1600200000000,10609.6787,10986.7822,10232.5752
1600214400000,10643.5,10986.667,10300.333
1600228800000,10685.8574,11005.1475,10366.5664
1600243200000,10725.25,11001.5186,10448.9814
1600257600000,10768.4639,11016.123,10520.8057
1600272000000,10805.6074,11012.375,10598.8398
1600286400000,10823.2139,11033.3066,10613.1221
1600300800000,10837.25,11031.375,10643.125
1600315200000,10852.5361,11025.5449,10679.5264
1600329600000,10862.0713,11025.8965,10698.2461
1600344000000,10869.3926,11018.5303,10720.2559
1600358400000,10875.8213,11024.4219,10727.2207
1600372800000,10886.6787,11029.2383,10744.1191
1600387200000,10897.3213,11026.2383,10768.4043
1600401600000,10909.7139,11024.0527,10795.375
1600416000000,10924.25,11014.5957,10833.9043
1600430400000,10923.0713,11014.3213,10831.8213
1600444800000,10920.4287,11016.2285,10824.6289
1600459200000,10914.6787,10998.1084,10831.249
1600473600000,10914.1426,10995.8506,10832.4346
1600488000000,10910.8213,10990.5928,10831.0498
1600502400000,10929.75,11067.4619,10792.0381
1600516800000,10944.1074,11102.0479,10786.166
1600531200000,10956.5361,11120.7051,10792.3662
1600545600000,10973.6074,11134.8086,10812.4062
1600560000000,10975.7861,11134.5391,10817.0322
1600574400000,10977.1426,11134.8682,10819.418
1600588800000,10979.0713,11134.748,10823.3945
1600603200000,10970.0713,11143.9004,10796.2432
1600617600000,10961.8574,11144.3477,10779.3672
1600632000000,10963.0713,11144.0654,10782.0771
1600646400000,10970.0361,11142.3887,10797.6826
1600660800000,10967.9639,11143.084,10792.8447
1600675200000,10942.8926,11190.9668,10694.8193
1600689600000,10907.8926,11277.9883,10537.7979
1600704000000,10861.7139,11266.1758,10457.2529
1600718400000,10812.6074,11259.2617,10365.9521
1600732800000,10768.75,11230.916,10306.584
1600747200000,10718.2139,11188.9316,10247.4971
1600761600000,10682.4639,11154.877,10210.0518
1600776000000,10645.9287,11107.0527,10184.8047
1600790400000,10612.75,11047.6855,10177.8145
1600804800000,10591.0361,11010.8076,10171.2637
1600819200000,10563.3574,10958.5244,10168.1895
1600833600000,10528.3213,10876.7852,10179.8584
1600848000000,10493.3574,10746.5576,10240.1572
1600862400000,10461.2861,10580.2871,10342.2842
1600876800000,10437.0361,10550.1113,10323.96
1600891200000,10424.1787,10579.291,10269.0654
1600905600000,10410.2139,10574.2344,10246.1943
1600920000000,10405.4639,10573.9521,10236.9766
1600934400000,10402.3213,10569.4902,10235.1523
1600948800000,10414.8213,10596.0342,10233.6084
1600963200000,10429.4639,10647.3271,10211.6016
1600977600000,10450.1426,10718.8193,10181.4668
1600992000000,10462.9639,10753.415,10172.5127
1601006400000,10474.3926,10785.4873,10163.2979
1601020800000,10485.6787,10807.1865,10164.1699
1601035200000,10501.6074,10831.4023,10171.8115
1601049600000,10519.2861,10866.6875,10171.8838
1601064000000,10536.25,10891.0889,10181.4111
1601078400000,10566.4287,10902.542,10230.3145
1601092800000,10600.6426,10887.0566,10314.2285
1601107200000,10630.3213,10864.9053,10395.7373
1601121600000,10657.8926,10829.7363,10486.0498
1601136000000,10680.8926,10778.3291,10583.4561
1601150400000,10693.9287,10758.415,10629.4414
1601164800000,10703.5713,10778.1797,10628.9629
1601179200000,10699.1426,10773.3604,10624.9258
1601193600000,10696.3574,10778.043,10614.6709
1601208000000,10701.25,10787.583,10614.917
1601222400000,10708.4639,10786.9697,10629.959
1601236800000,10717.5361,10795.1113,10639.96
1601251200000,10729.8574,10848.21,10611.5039
1601265600000,10742.2139,10874.5527,10609.876
1601280000000,10754.5,10903.1533,10605.8467
1601294400000,10768.0361,10931.7617,10604.3096
1601308800000,10779.1074,10946.4258,10611.7881
1601323200000,10776.9287,10947.9443,10605.9131
1601337600000,10774.3213,10949.6953,10598.9473
1601352000000,10773.9639,10949.7383,10598.1904
1601366400000,10771.6426,10947.6572,10595.6289
1601380800000,10775.2861,10944.8945,10605.6768
1601395200000,10783.3926,10933.4014,10633.3838
1601409600000,10789.5361,10941.0986,10637.9736
1601424000000,10790.1426,10940.8604,10639.4258
1601438400000,10784.6787,10942.6416,10626.7158
1601452800000,10769.4287,10924.5879,10614.2695
1601467200000,10763.4287,10910.7207,10616.1367
1601481600000,10751.0713,10885.2822,10616.8613
1601496000000,10742.0713,10849.4844,10634.6582
1601510400000,10737.3213,10827.0908,10647.5518
1601524800000,10746.8213,10842.9004,10650.7432
1601539200000,10762.7861,10883.5674,10642.0039
1601553600000,10762.6074,10883.6338,10641.5801
1601568000000,10752.2861,10897.417,10607.1553
1601582400000,10744.2139,10906.5156,10581.9131
1601596800000,10737.25,10907.915,10566.585
1601611200000,10712.2861,10915.2949,10509.2764
1601625600000,10690.5361,10936.9678,10444.1035
1601640000000,10677.75,10939.4102,10416.0898
1601654400000,10666,10941.0791,10390.9209
1601668800000,10651.3213,10923.7002,10378.9424
1601683200000,10640.3213,10915.084,10365.5586
1601697600000,10622.7861,10892.6035,10352.9678
1601712000000,10604.3574,10858.5811,10350.1328
1601726400000,10584.4287,10808.625,10360.2324
1601740800000,10561.0361,10695.4688,10426.6025
1601755200000,10548.3574,10649.8828,10446.8311
1601769600000,10544.0713,10640.1699,10447.9736
1601784000000,10544.2861,10640.9824,10447.5889
1601798400000,10541.2139,10627.4688,10454.96
1601812800000,10548.6787,10633.8193,10463.5381
1601827200000,10565.6787,10649.873,10481.4844
1601841600000,10576.6787,10672.9746,10480.3828
1601856000000,10588.1426,10689.4697,10486.8164
1601870400000,10596.75,10709.7402,10483.7598
1601884800000,10605,10721.123,10488.877
1601899200000,10618.6426,10740.1299,10497.1553
1601913600000,10632.1074,10757.4678,10506.7471
1601928000000,10649.2861,10787.4502,10511.1211
1601942400000,10662.7139,10808.0781,10517.3506
1601956800000,10675.0713,10806.1709,10543.9727
1601971200000,10685.3926,10795.8145,10574.9717
1601985600000,10693.8926,10798.9033,10588.8828
1602000000000,10691.6426,10805.6533,10577.6318
1602014400000,10691.8574,10805.1426,10578.5723
1602028800000,10684.7861,10812.7988,10556.7725
1602043200000,10680.9287,10813.3096,10548.5479
1602057600000,10676.1074,10814.0205,10538.1943
1602072000000,10671.7861,10811.5908,10531.9805
1602086400000,10670.4287,10810.6641,10530.1934
1602100800000,10666.75,10804.374,10529.126
1602115200000,10660.5361,10794.2461,10526.8252
1602129600000,10646.5,10765.2051,10527.7949
1602144000000,10635.0361,10733.4746,10536.5967
1602158400000,10647.9639,10811.3789,10484.5498
1602172800000,10661.7139,10865.1338,10458.2949
1602187200000,10675.4639,10918.2441,10432.6846
1602201600000,10698.8926,10958.2178,10439.5684
1602216000000,10720.4287,10992.1113,10448.7461
1602230400000,10754.6074,11062.9346,10446.2803
1602244800000,10788.1787,11130.5986,10445.7588
1602259200000,10819.2861,11168.9043,10469.667
1602273600000,10850.1074,11203.0781,10497.1357
1602288000000,10904.75,11343.6074,10465.8926
1602302400000,10956.4639,11439.6924,10473.2363
1602316800000,11005.6787,11490.9102,10520.4473
1602331200000,11060.3926,11517.2666,10603.5195
1602345600000,11114.3213,11520.5293,10708.1133
1602360000000,11143.5,11541.5342,10745.4658
1602374400000,11175.8213,11557.6387,10794.0039
1602388800000,11207,11572.5781,10841.4219
1602403200000,11241.3926,11572.2236,10910.5615
1602417600000,11277.7861,11557.9453,10997.626
1602432000000,11298.1074,11550.4229,11045.791
1602446400000,11318.2139,11544.1582,11092.2705
1602460800000,11343.2139,11511.166,11175.2627
1602475200000,11366,11425.8291,11306.1709
1602489600000,11354.3213,11432.084,11276.5586
1602504000000,11366.3213,11497.1045,11235.5381
1602518400000,11382.3926,11543.4199,11221.3652
1602532800000,11395.7139,11575.2646,11216.1641
1602547200000,11403.0361,11585.0771,11220.9951
1602561600000,11414.2139,11589.9121,11238.5166
1602576000000,11425.5713,11600.3896,11250.7529
1602590400000,11427.5713,11600.0137,11255.1289
1602604800000,11428.7139,11600.0088,11257.4199
1602619200000,11429.5713,11600.5625,11258.5801
1602633600000,11433.6074,11598.4121,11268.8018
1602648000000,11436.9287,11598.3525,11275.5049
1602662400000,11435.5361,11598.8291,11272.2422
1602676800000,11431.3213,11603.0605,11259.583
1602691200000,11438.0361,11587.0537,11289.0176
1602705600000,11428.3213,11561.2646,11295.3779
1602720000000,11415.6074,11530.2549,11300.96
1602734400000,11405.6074,11496.5605,11314.6533
1602748800000,11394.3926,11491.3154,11297.4697
1602763200000,11390.6426,11480.71,11300.5762
1602777600000,11392.1787,11489.7959,11294.5615
1602792000000,11400.5,11514.1582,11286.8418
1602806400000,11408.6787,11534.7969,11282.5605
1602820800000,11401.1426,11535.9619,11266.3232
1602835200000,11399.5361,11535.1201,11263.9512
1602849600000,11393.5,11532.9062,11254.0938
1602864000000,11389.8213,11533.9414,11245.7012
1602878400000,11389.9639,11533.8105,11246.1182
1602892800000,11391.0361,11533.7754,11248.2959
1602907200000,11385.6426,11528.7734,11242.5127
1602921600000,11383.25,11527.9561,11238.5439
1602936000000,11378.4639,11524.8613,11232.0664
1602950400000,11380.5361,11523.7285,11237.3428
1602964800000,11376.8926,11519.5977,11234.1875
1602979200000,11366.5361,11486.0869,11246.9844
1602993600000,11363.0361,11468.0996,11257.9717
1603008000000,11357.2139,11435.1426,11279.2861
1603022400000,11367.2139,11455.8467,11278.582
1603036800000,11372.0361,11468.4082,11275.6631
1603051200000,11384.8213,11502.0576,11267.585
1603065600000,11392.25,11505.3486,11279.1514
1603080000000,11402.6787,11514.8652,11290.4922
1603094400000,11411.4639,11528.3838,11294.5449
1603108800000,11444.4287,11675.5977,11213.2588
1603123200000,11469.7139,11727.3398,11212.0889
1603137600000,11499.5713,11783.1729,11215.9707
1603152000000,11528.75,11823.6846,11233.8154
1603166400000,11556.0361,11853.4053,11258.666
1603180800000,11584.7139,11883.1904,11286.2373
1603195200000,11618.6787,11956.667,11280.6895
1603209600000,11654.5,12009.1055,11299.8945
1603224000000,11688,12049.251,11326.749
1603238400000,11742.3574,12162.499,11322.2148
1603252800000,11792.3574,12255.1494,11329.5645
1603267200000,11857.9287,12352.6904,11363.167
1603281600000,11949.1787,12576.1738,11322.1836
1603296000000,12036.3574,12717.459,11355.2559
1603310400000,12108.1787,12883.9268,11332.4297
1603324800000,12182.7861,12986.7832,11378.7881
1603339200000,12255.4639,13074.5518,11436.377
1603353600000,12343.3213,13188.6357,11498.0068
1603368000000,12429.5361,13257.1514,11601.9199
1603382400000,12523.9287,13332.165,11715.6924
1603396800000,12600.5713,13372.4287,11828.7139
1603411200000,12675.75,13372.0645,11979.4355
1603425600000,12745.4287,13309.3379,12181.5195
1603440000000,12801.0713,13287.7607,12314.3828
1603454400000,12853.1426,13216.8213,12489.4639
1603468800000,12894.7861,13123.5205,12666.0508
1603483200000,12908.5361,13122.3809,12694.6904
1603497600000,12928.3213,13112.1426,12744.5
1603512000000,12937.3926,13110.1514,12764.6338
1603526400000,12956.5,13094.4824,12818.5176
1603540800000,12981.9287,13103.2695,12860.5879
1603555200000,12993,13136.585,12849.415
1603569600000,13005.75,13161.8848,12849.6152
1603584000000,13021.5,13241.9219,12801.0781
1603598400000,13024.1426,13244.5967,12803.6885
1603612800000,13023.4287,13244.5137,12802.3428
1603627200000,13027.7139,13241.1807,12814.248
1603641600000,13033.0713,13245.29,12820.8525
1603656000000,13040.3213,13246.2363,12834.4072
1603670400000,13052.8213,13250.416,12855.2266
1603684800000,13060.25,13247.5723,12872.9277
1603699200000,13072.4639,13259.9541,12884.9746
1603713600000,13075.9287,13255.2627,12896.5947
1603728000000,13076,13255.2295,12896.7705
1603742400000,13071.9287,13249.0068,12894.8506
1603756800000,13069,13243.376,12894.624
1603771200000,13070.9287,13248.332,12893.5244
1603785600000,13081.0361,13318.9434,12843.1279
1603800000000,13122.0713,13484.4932,12759.6494
1603814400000,13171.7139,13617.9258,12725.5029
1603828800000,13221.0713,13712.7949,12729.3486
1603843200000,13273.6426,13835.668,12711.6172
1603857600000,13318.7139,13900.0771,12737.3516
1603872000000,13335.0713,13903.7021,12766.4404
1603886400000,13348.25,13897.3164,12799.1836
1603900800000,13349.5361,13896.8447,12802.2275
1603915200000,13369.6787,13882.3076,12857.0488
1603929600000,13389,13865.1934,12912.8066
1603944000000,13394.2139,13857.707,12930.7217
1603958400000,13392.4639,13860.6914,12924.2373
1603972800000,13413.75,13863.1211,12964.3789
1603987200000,13417.4287,13869.0098,12965.8477
1604001600000,13406.9287,13846.1738,12967.6836
1604016000000,13391.5713,13808.0977,12975.0449
1604030400000,13361.1426,13759.5547,12962.7314
1604044800000,13330.6426,13650.1699,13011.1152
1604059200000,13322.5713,13611.3252,13033.8174
1604073600000,13338.2861,13649.8799,13026.6914
1604088000000,13362.6074,13688.3369,13036.877
1604102400000,13386.3574,13700.8906,13071.8242
1604116800000,13409.25,13733.7979,13084.7021
1604131200000,13457.3213,13877.2822,13037.3604
1604145600000,13509.1787,13939.748,13078.6094
1604160000000,13561.25,13937.7725,13184.7275
1604174400000,13586.7861,13978.0049,13195.5664
1604188800000,13601.0361,13994.4111,13207.6602
1604203200000,13625.5713,14025.8584,13225.2842
1604217600000,13644.5713,14034.8467,13254.2959
1604232000000,13687.25,14008.8643,13365.6357
1604246400000,13718.1074,13988.8008,13447.4141
1604260800000,13732.7139,13989.4131,13476.0156
1604275200000,13744.25,13980.6943,13507.8057
1604289600000,13756.9639,13972.0986,13541.8301
1604304000000,13750.8574,13997.0898,13504.625
1604318400000,13743.8926,14012.123,13475.6631
1604332800000,13715.8574,13971.9492,13459.7646
1604347200000,13694.3213,13946.29,13442.3525
1604361600000,13666.4287,13951.874,13380.9834
1604376000000,13640.8926,13934.9434,13346.8418
1604390400000,13628.7139,13924.6729,13332.7559
1604404800000,13621.9639,13904.8232,13339.1055
1604419200000,13622.6074,13906.3574,13338.8564
1604433600000,13638.5713,13983.7793,13293.3633
1604448000000,13647.1787,14013.0957,13281.2617
1604462400000,13636.1426,13996.5186,13275.7676
1604476800000,13637.5713,13999.2783,13275.8643
1604491200000,13649.8574,14036.1729,13263.542
1604505600000,13700.0713,14132.5234,13267.6191
1604520000000,13747.3926,14222.8027,13271.9834
1604534400000,13801.8574,14349.1113,13254.6035
1604548800000,13868.3213,14503.9736,13232.6689
1604563200000,13963.0713,14683.7041,13242.4395
1604577600000,14081.6426,14955.8154,13207.4707
1604592000000,14196.25,15170.2852,13222.2148
1604606400000,14331.3574,15506.7588,13155.9551
1604620800000,14456.4639,15716.8555,13196.0732
1604635200000,14579.0713,15981.458,13176.6846
1604649600000,14699.75,16143.6338,13255.8662
1604664000000,14829.75,16182.6211,13476.8789
1604678400000,14953.3213,16193.5234,13713.1191
1604692800000,15074.1426,16212.3467,13935.9385
1604707200000,15178.6787,16211.2637,14146.0938
1604721600000,15272.7139,16143.4678,14401.9609
1604736000000,15359.7139,16061.0293,14658.3994
1604750400000,15421.2861,15935.1221,14907.4492
1604764800000,15417.2139,15953.2861,14881.1416
1604779200000,15398.0361,15992.6436,14803.4277
1604793600000,15387.5,16004.6455,14770.3545
1604808000000,15340.4287,15982.5342,14698.3232
1604822400000,15320.75,15961.8545,14679.6455
1604836800000,15292.9287,15887.2061,14698.6514
1604851200000,15276.4639,15847.3926,14705.5352
1604865600000,15282.1074,15860.5068,14703.707
1604880000000,15282.7861,15862.0449,14703.5264
1604894400000,15262.5361,15813.9873,14711.084
1604908800000,15280.1074,15884.543,14675.6709
1604923200000,15246.4639,15856.2832,14636.6455
1604937600000,15234.3926,15826.7344,14642.0518
1604952000000,15232.5,15823.4043,14641.5957
1604966400000,15281.1787,15786.0459,14776.3115
1604980800000,15313.75,15756.04,14871.46
1604995200000,15335.0361,15741.1172,14928.9541
1605009600000,15351.5361,15709.8184,14993.2529
1605024000000,15360.6787,15709.5371,15011.8193
1605038400000,15356.8213,15706.2881,15007.3545
1605052800000,15360.3926,15711.5879,15009.1973
1605067200000,15354.0361,15697.375,15010.6963
1605081600000,15363.5713,15726.1934,15000.9492
1605096000000,15390.2139,15790.4453,14989.9824
1605110400000,15390.7139,15793.1533,14988.2754
1605124800000,15441.5713,15814.2803,15068.8623
1605139200000,15462.3926,15849.8418,15074.9434
1605153600000,15502.6787,15941.5938,15063.7627
1605168000000,15532.9639,15985.3838,15080.5449
1605182400000,15595,16131.835,15058.165
1605196800000,15652,16217.1797,15086.8203
1605211200000,15732.9639,16329.5156,15136.4131
1605225600000,15814.1787,16474.7773,15153.5791
1605240000000,15883.3213,16524.0488,15242.5938
1605254400000,15941.4639,16552.6953,15330.2334
1605268800000,15991.3213,16534.3418,15448.3008
1605283200000,16041.8926,16562.625,15521.1611
1605297600000,16088.6787,16594.9102,15582.4473
1605312000000,16115.2139,16604.5586,15625.8701
1605326400000,16143.1426,16579.8477,15706.4385
1605340800000,16162.2861,16531.8008,15792.7705
1605355200000,16166.7139,16524.6875,15808.7412
1605369600000,16175.2861,16499.9609,15850.6113
1605384000000,16169.5361,16497.4648,15841.6074
1605398400000,16158.0713,16506.7461,15809.3965
1605412800000,16138.0713,16480.3945,15795.748
1605427200000,16102.4639,16401.9668,15802.9619
1605441600000,16085,16367.7002,15802.2998
1605456000000,16058.6426,16347.3662,15769.9199
1605470400000,16048.25,16338.1504,15758.3496
1605484800000,16028.1074,16278.3857,15777.8291
1605499200000,16022.3926,16244.8447,15799.9404
1605513600000,16026.2139,16262.7178,15789.7109
1605528000000,16051.1074,16373.8213,15728.3936
1605542400000,16112.3926,16603.8672,15620.9189
1605556800000,16166.7139,16739.5254,15593.9043
1605571200000,16216.2861,16807.8281,15624.7422
1605585600000,16265.25,16916.0645,15614.4365
1605600000000,16342.75,17069.6191,15615.8809
1605614400000,16435.3223,17299.2715,15571.3711
1605628800000,16559.1777,17598.6875,15519.6709
1605643200000,16676.25,17820.1172,15532.3828
1605657600000,16834,18093.4551,15574.5439
1605672000000,16986.0352,18305.2676,15666.8047
1605686400000,17146.3223,18506.623,15786.0205
1605700800000,17261.8574,18579.9395,15943.7744
1605715200000,17362.6777,18570.7617,16154.5957
1605729600000,17458.3926,18572.3164,16344.4697
1605744000000,17539.6074,18612.0762,16467.1387
1605758400000,17607.5352,18579.2305,16635.8398
1605772800000,17692.1777,18485.9629,16898.3926
1605787200000,17786.0352,18416.0137,17156.0566
1605801600000,17855.5723,18324.2578,17386.8848
1605816000000,17891.5352,18260.5098,17522.5625
1605830400000,17911.2148,18266.6875,17555.7402
1605844800000,17951.75,18321.8691,17581.6309
1605859200000,17968.0352,18377.209,17558.8613
1605873600000,18009.6426,18558.916,17460.3691
1605888000000,18036.6777,18666.668,17406.6895
1605902400000,18093.6074,18799.8906,17387.3223
1605916800000,18165.6426,18891.2949,17439.9902
1605931200000,18230.2852,18973.3789,17487.1914
1605945600000,18275.4277,19016.3672,17534.4902
1605960000000,18358.25,19068.5586,17647.9414
1605974400000,18425.5,19079.5684,17771.4316
1605988800000,18471.3223,19113.4668,17829.1758
1606003200000,18514.0352,19099.1934,17928.8789
1606017600000,18563.75,19011.9297,18115.5703
1606032000000,18559.6074,19029.9316,18089.2832
1606046400000,18565.5,19021.9219,18109.0781
1606060800000,18588.0352,19021.873,18154.1973
1606075200000,18572.3223,19007.127,18137.5176
1606089600000,18555.2148,18994.873,18115.5547
1606104000000,18540.4648,18975.209,18105.7188
1606118400000,18536.2852,18966.6113,18105.9609
1606132800000,18508.4277,18943.2246,18073.6309
1606147200000,18502.1777,18936.3457,18068.0117
1606161600000,18471,18867.7461,18074.2539
1606176000000,18447.3926,18820.7031,18074.082
1606190400000,18423.3926,18763.4355,18083.3516
1606204800000,18460.0352,18943.1602,17976.9121
1606219200000,18520.3574,19196.2754,17844.4395
1606233600000,18611.8574,19284.1875,17939.5254
1606248000000,18672.7148,19385.1992,17960.2285
1606262400000,18688.0352,19404.7988,17971.2734
1606276800000,18726.6426,19449.0723,18004.2129
1606291200000,18792.4648,19555.3789,18029.5508
1606305600000,18839.7852,19601.7383,18077.834
1606320000000,18868.3574,19625.7109,18111.0039
1606334400000,18898.4648,19595.7695,18201.1602
1606348800000,18860.25,19692.3535,18028.1465
1606363200000,18806.3926,19828.4219,17784.3633
1606377600000,18715.1777,20049.8691,17380.4883
1606392000000,18609.3223,20233.707,16984.9355
1606406400000,18426.9648,20337.9883,16515.9395
1606420800000,18269.25,20205.3984,16333.1016
1606435200000,18118.5352,20069.8477,16167.2227
1606449600000,17969.5723,19891.4395,16047.7031
1606464000000,17823.2148,19770.3203,15876.1084
1606478400000,17645.1074,19583.7461,15706.4678
1606492800000,17465.1074,19200.1562,15730.0576
1606507200000,17322.5352,18789.8633,15855.207
1606521600000,17178.6777,18306.3398,16051.0176
1606536000000,17056.2148,17784.3398,16328.0879
1606550400000,17001.5723,17549.4609,16453.6816
1606564800000,16993.6777,17506.6836,16480.6738
1606579200000,17045.1426,17715.8301,16374.4561
1606593600000,17103.7148,17854.9922,16352.4355
1606608000000,17199.7148,17984.6309,16414.7969
1606622400000,17247.9277,18099.1328,16396.7246
1606636800000,17320.3223,18271.9531,16368.6895
1606651200000,17393.8574,18421.1914,16366.5225
1606665600000,17484.25,18505.2988,16463.2012
1606680000000,17604.9648,18532.2832,16677.6465
1606694400000,17733.2148,18684.1094,16782.3184
1606708800000,17840.0723,18838.6992,16841.4434
1606723200000,17955.6777,18916.9688,16994.3887
1606737600000,18122.0352,19177.459,17066.6133
1606752000000,18272.6777,19344.8926,17200.4648
1606766400000,18430.25,19656.0742,17204.4258
1606780800000,18546.1074,19829.4902,17262.7246
1606795200000,18675.5723,19968.7656,17382.377
1606809600000,18787.75,20061.5742,17513.9258
1606824000000,18890.8574,20072.2734,17709.4395
1606838400000,18960.5352,20060.2246,17860.8477
1606852800000,19006.7148,20012.7402,18000.6895
1606867200000,19047.0723,19935.4336,18158.709
1606881600000,19114.8926,19869.248,18360.5391
1606896000000,19152.8926,19853.3574,18452.4277
1606910400000,19171.4277,19829.4414,18513.416
1606924800000,19206.5,19793.416,18619.584
1606939200000,19198.0352,19780.0586,18616.0137
1606953600000,19186.0352,19767.6074,18604.4648
1606968000000,19150.1426,19647.8672,18652.418
1606982400000,19149.0352,19644.1035,18653.9668
1606996800000,19151.3574,19654.0117,18648.7031
1607011200000,19150.4648,19650.9512,18649.9766
1607025600000,19162.1777,19682.1074,18642.25
1607040000000,19170.0352,19688.0195,18652.0527
1607054400000,19209.4277,19682.5859,18736.2715
1607068800000,19224.4277,19630.293,18818.5645
1607083200000,19211.2852,19637.3535,18785.2168
1607097600000,19205.0352,19637.5039,18772.5664
1607112000000,19187.7852,19681.9355,18693.6367
1607126400000,19166.5,19695.1367,18637.8633
1607140800000,19144.5,19686.6152,18602.3848
1607155200000,19138.0723,19683.6289,18592.5137
1607169600000,19129.9648,19673.0645,18586.8633
1607184000000,19107.5,19622.8359,18592.1641
1607198400000,19077.9277,19525.9062,18629.9512
1607212800000,19060.1426,19465.5254,18654.7617
1607227200000,19045.4277,19405.5703,18685.2871
1607241600000,19038.9648,19391.7383,18686.1895
1607256000000,19025.3926,19346.3691,18704.416
1607270400000,19049,19357.084,18740.916
1607284800000,19080.0352,19432.7324,18727.3398
1607299200000,19097.2852,19466.5332,18728.0371
1607313600000,19150,19461.5527,18838.4473
1607328000000,19171.4277,19425.4805,18917.377
1607342400000,19193.5352,19406.6094,18980.4609
1607356800000,19189.3574,19417.375,18961.3379
1607371200000,19194.8223,19419.4277,18970.2168
1607385600000,19198.9648,19420.3828,18977.5469
1607400000000,19199.8574,19420.7402,18978.9746
1607414400000,19169,19482.4746,18855.5254
1607428800000,19138.25,19497.3965,18779.1035
1607443200000,19116,19518.25,18713.75
1607457600000,19057.1777,19634.2539,18480.1016
1607472000000,18994.8223,19690.6445,18298.998
1607486400000,18888.5352,19740.9766,18036.0957
1607500800000,18813.5,19693.748,17933.252
1607515200000,18738.2148,19584.7539,17891.6738
1607529600000,18675.6074,19529.2656,17821.9492
1607544000000,18626.5,19424.4512,17828.5488
1607558400000,18586.5352,19368.5547,17804.5156
1607572800000,18525.1074,19238.3809,17811.834
1607587200000,18454.1074,19084.3516,17823.8633
1607601600000,18380.0352,18886.7988,17873.2715
1607616000000,18353.6074,18813.0664,17894.1465
1607630400000,18313.0723,18697.0117,17929.1309
1607644800000,18254.9277,18575.4844,17934.3711
1607659200000,18218,18614.3652,17821.6348
1607673600000,18171.5723,18665.2852,17677.8574
1607688000000,18185.25,18659.7324,17710.7676
1607702400000,18165.2148,18651.373,17679.0547
1607716800000,18142.2852,18622.5137,17662.0586
1607731200000,18144.6074,18627.0977,17662.1172
1607745600000,18133.4648,18584.9883,17681.9414
1607760000000,18140.7148,18612.291,17669.1367
1607774400000,18145.2852,18625.4688,17665.1016
1607788800000,18188.6074,18774.541,17602.6738
1607803200000,18236.2852,18900.5664,17572.0039
1607817600000,18264,18983.0723,17544.9277
1607832000000,18336.1074,19217.6133,17454.6016
1607846400000,18433,19424.8574,17441.1426
1607860800000,18535.2148,19537.4844,17532.9453
1607875200000,18646.5723,19567.8418,17725.3008
1607889600000,18723.25,19629.6992,17816.8008
1607904000000,18816.3574,19657.5742,17975.1406
1607918400000,18897.2852,19629.0957,18165.4746
1607932800000,18956.8223,19608.3027,18305.3398
1607947200000,19015.2148,19593.8711,18436.5566
1607961600000,19062.8574,19571.9473,18553.7656
1607976000000,19125.1074,19485.7676,18764.4473
1607990400000,19175.3574,19534.3516,18816.3633
1608004800000,19202.4648,19496.2988,18908.6309
1608019200000,19240,19425.8613,19054.1387
1608033600000,19251.4277,19458.1973,19044.6602
1608048000000,19267.2852,19523.6699,19010.9023
1608062400000,19282.3574,19551.5156,19013.1992
1608076800000,19294.7852,19562.8203,19026.752
1608091200000,19313.3223,19582.2383,19044.4043
1608105600000,19349.0723,19703.9746,18994.168
1608120000000,19458.8926,20223.6191,18694.166
1608134400000,19577.9277,20572.8418,18583.0156
1608148800000,19734.2148,21072.5703,18395.8594
1608163200000,19921.4277,21587.1758,18255.6816
1608177600000,20151.8223,22233.9258,18069.7168
1608192000000,20386.1074,22828.6172,17943.5957
1608206400000,20684.4277,23463.123,17905.7344
1608220800000,20942.3223,23831.4473,18053.1953
1608235200000,21186.1074,24094.6699,18277.543
1608249600000,21420.4648,24292.9375,18547.9922
1608264000000,21682.5,24450.4512,18914.5488
1608278400000,21934.0352,24443.4551,19424.6152
1608292800000,22158.1074,24263.3125,20052.9023
1608307200000,22373.1777,24024.4082,20721.9492
1608321600000,22547.8574,23950.7402,21144.9746
1608336000000,22717.5352,23747.7734,21687.2969
1608350400000,22824.0723,23545.8711,22102.2715
1608364800000,22904.7852,23346.6895,22462.8828
1608379200000,22984.4648,23499.0879,22469.8398
1608393600000,23061.75,23731.3789,22392.1211
1608408000000,23098.3223,23876.0859,22320.5566
1608422400000,23131.9648,23917.0234,22346.9043
1608436800000,23191.2148,24000.5508,22381.8789
1608451200000,23245.6426,24053.6523,22437.6328
1608465600000,23303.5,24176.207,22430.793
1608480000000,23381.2148,24286.3184,22476.1094
1608494400000,23445.9648,24232.7871,22659.1406
1608508800000,23530.8926,24266.8848,22794.9004
1608523200000,23591.7148,24329.3398,22854.0879
1608537600000,23555.7852,24414.541,22697.0312
1608552000000,23572.3926,24386.2422,22758.5449
1608566400000,23565.6074,24402.2012,22729.0137
1608580800000,23502.6074,24442.3652,22562.8477
1608595200000,23430.0352,24404.1699,22455.9023
1608609600000,23343.8574,24359.2949,22328.418
1608624000000,23326.4648,24346.2715,22306.6562
1608638400000,23305.7852,24309.4785,22302.0938
1608652800000,23293.2852,24286.5879,22299.9824
1608667200000,23286.8926,24265.1602,22308.627
1608681600000,23266.6074,24197.2441,22335.9707
1608696000000,23273.7148,24212.2617,22335.166
1608710400000,23210.8223,24069.1523,22352.4902
1608724800000,23173.8223,23933.2227,22414.4199
1608739200000,23239,23963.0195,22514.9805
1608753600000,23248.1777,23968.9277,22527.4297
1608768000000,23251.7148,23964.666,22538.7617
1608782400000,23283.6426,23937.8008,22629.4844
1608796800000,23311.1074,23920.0156,22702.1992
1608811200000,23353.6777,23848.4453,22858.9121
1608825600000,23365.5,23847.9434,22883.0566
1608840000000,23391.8574,23911,22872.7148
1608854400000,23396.8926,23918.373,22875.4141
1608868800000,23385.6777,23875.6504,22895.7051
1608883200000,23450.75,24238.9629,22662.5371
1608897600000,23482.4277,24322.7969,22642.0605
1608912000000,23580.3926,24527.248,22633.5371
1608926400000,23669.5,24780.166,22558.834
1608940800000,23767.5,25051.5195,22483.4805
1608955200000,23878.1777,25227.8926,22528.4648
1608969600000,24019.8574,25336.5137,22703.2012
1608984000000,24195.5352,25662.9082,22728.1641
1608998400000,24389.9648,26007.4648,22772.4629
1609012800000,24623.1426,26449.8145,22796.4707
1609027200000,24856.3223,26786.0469,22926.5957
1609041600000,25133.0352,27419.6855,22846.3848
1609056000000,25427.2148,27848.3984,23006.0293
1609070400000,25690.75,28091.7227,23289.7773
1609084800000,25868.1074,28289.1094,23447.1055
1609099200000,26025.6074,28222.6445,23828.5703
1609113600000,26224.8574,28321.4785,24128.2363
1609128000000,26385.9648,28337.3477,24434.582
1609142400000,26524.5352,28312.4941,24736.5781
1609156800000,26676.8926,28191.2773,25162.5078
1609171200000,26829.1777,27964.7188,25693.6387
1609185600000,26927.5723,27851.5137,26003.6309
1609200000000,26961.8574,27766.2656,26157.4492
1609214400000,26954.0352,27777.1934,26130.8789
1609228800000,26974.3926,27773.2305,26175.5547
1609243200000,26902.1074,27637.9219,26166.293
1609257600000,26854.5352,27479.25,26229.8203
1609272000000,26856.5352,27487.8223,26225.248
1609286400000,26928.75,27825.4082,26032.0918
1609300800000,27084.7148,28177.9551,25991.4727
1609315200000,27126.3574,28284.0488,25968.666
1609329600000,27209.9277,28476.25,25943.6074
1609344000000,27346.8926,28833.8262,25859.9609
1609358400000,27487.3223,29149.7227,25824.9219
1609372800000,27633.25,29448.7871,25817.7129
1609387200000,27789.75,29737.5293,25841.9707
1609401600000,27967.6777,29840.3008,26095.0566
1609416000000,28137.8926,29840.7383,26435.0469
1609430400000,28283.8926,29871.5938,26696.1914
1609444800000,28452.1426,29765.7715,27138.5137
1609459200000,28623.7852,29712.2012,27535.3691
1609473600000,28750.3926,29624.4473,27876.3379
1609488000000,28844.1074,29700.2871,27987.9258
1609502400000,28906.0352,29753.6172,28058.4551
1609516800000,28995.2148,29600.2344,28390.1934
1609531200000,29084.3223,29501.7891,28666.8535
1609545600000,29129.4648,29547.1934,28711.7344
1609560000000,29197.8926,29734.541,28661.2441
1609574400000,29255.1777,29875.9531,28634.4043
1609588800000,29441.7852,30897.9668,27985.6055
1609603200000,29742.6074,32104.0527,27381.1621
1609617600000,29986.6074,32599.9199,27373.2949
1609632000000,30255.6777,33132.043,27379.3145
1609646400000,30653.5352,34169.8828,27137.1895
1609660800000,31017.25,34946.3281,27088.1719
1609675200000,31332.3926,35321.7031,27343.082
1609689600000,31574.75,35479.3086,27670.1934
1609704000000,31847.1074,35602.1992,28092.0137
1609718400000,32170.0352,35688.1875,28651.8828
1609732800000,32372.1426,35536.6055,29207.6816
1609747200000,32466.9277,35338.3555,29595.5039
1609761600000,32600.1777,35125.793,30074.5645
1609776000000,32733.7852,34821.0664,30646.5059
1609790400000,32750.4648,34811.7461,30689.1836
1609804800000,32613.8574,34804.7773,30422.9395
1609819200000,32516.1074,34884.5,30147.7148
1609833600000,32455.9277,34847.7617,30064.0957
1609848000000,32286.8574,34386.5547,30187.1602
1609862400000,32242.8926,34180.1133,30305.6719
1609876800000,32279.8926,34333.3867,30226.4004
1609891200000,32381.25,34656.5156,30105.9844
1609905600000,32505.7148,35092.2344,29919.1934
1609920000000,32611.75,35476.1367,29747.3633
1609934400000,32789.1797,35837.3477,29741.0098
1609948800000,33092.75,36114.7266,30070.7715
1609963200000,33462.1055,36948.7773,29975.4375
1609977600000,33882,37811.5156,29952.4863
1609992000000,34231.9648,38316.3359,30147.5918
1610006400000,34715.4297,38861.8555,30569.002
1610020800000,35306.7852,39438.5781,31174.9941
1610035200000,35827.5,39914.1094,31740.8926
1610049600000,36351.9297,40302.4414,32401.416
1610064000000,36677.8945,40490.2891,32865.4961
1610078400000,37025.2148,40714.5273,33335.8984
1610092800000,37541.2852,41528.1602,33554.4102
1610107200000,37976.1055,42014.8008,33937.4141
1610121600000,38358.75,42241.9375,34475.5625
1610136000000,38780.6445,42246.6211,35314.6641
1610150400000,39151.3945,41970.7539,36332.0312
1610164800000,39345.1797,41873.0859,36817.2695
1610179200000,39562.4648,41969.2578,37155.668
1610193600000,39827.5,41803.9062,37851.0938
1610208000000,40028.1797,41774.6992,38281.6562
1610222400000,40112.1055,41788.4727,38435.7383
1610236800000,40214.1445,41809.1992,38619.0859
1610251200000,40330.6445,41938.2422,38723.043
1610265600000,40385.7148,41758.707,39012.7227
1610280000000,40440.1797,41629.3047,39251.0547
1610294400000,40153.5352,41990.1562,38316.9141
1610308800000,39960.6445,41990.9453,37930.3398
1610323200000,39602.75,42668.7227,36536.7773
1610337600000,39156.7852,43173.3164,35140.2539
1610352000000,38726.9297,43436.9609,34016.8945
1610366400000,38149.9297,44105.5078,32194.3477
1610380800000,37552.6445,44046.0781,31059.209
1610395200000,37171.5,43515.1914,30827.8086
1610409600000,36758.4297,42851.5469,30665.3105
1610424000000,36484.3555,42252.1055,30716.6094
1610438400000,36118.0703,41440.2539,30795.8887
1610452800000,35596.1445,40239.3945,30952.8906
1610467200000,35278.7148,39492.75,31064.6797
1610481600000,34873.3203,38326.2773,31420.3633
1610496000000,34611.5352,37792.6641,31430.4062
1610510400000,34381.6797,36877.4258,31885.9297
1610524800000,34306.7852,36733.8281,31879.7441
1610539200000,34328.1797,36762.3789,31893.9805
1610553600000,34459.5,37040.0156,31878.9863
1610568000000,34880.9297,37328.1914,32433.6641
1610582400000,35226.1797,37456.2539,32996.1055
1610596800000,35437.1055,38167.0625,32707.1504
1610611200000,35680.3555,38796.6094,32564.1035
1610625600000,35897.6055,39575.3164,32219.8984
1610640000000,36220.8555,40431.9141,32009.7988
1610654400000,36600.8945,40838.3555,32363.4297
1610668800000,36887.9648,41119.3438,32656.584
1610683200000,37201.1055,41183.9219,33218.293
1610697600000,37512.1055,41027.5273,33996.6875
1610712000000,37546.7852,40970.9297,34122.6406
1610726400000,37599.8555,40844.6367,34355.0742
1610740800000,37747.4648,40611.4531,34883.4766
1610755200000,37783.9648,40570.5039,34997.4258
1610769600000,37727.1797,40572.7266,34881.6328
1610784000000,37772.75,40597.1758,34948.3242
1610798400000,37720.6797,40532.8164,34908.5391
1610812800000,37575.6797,40437.1289,34714.2305
1610827200000,37320.6055,40083.793,34557.4219
1610841600000,37055.7148,39446.1094,34665.3164
1610856000000,36742.8555,39104.1719,34381.543
1610870400000,36495.8203,38691.0586,34300.5859
1610884800000,36305.0703,38247.3711,34362.7734
1610899200000,36128.3203,37808.6953,34447.9492
1610913600000,36156.2148,37805.8945,34506.5312
1610928000000,36153.9648,37809.3281,34498.6016
1610942400000,36109.4297,37732.8945,34485.9648
1610956800000,36106.6055,37727.3281,34485.8867
1610971200000,36095.1445,37703.2109,34487.0742
1610985600000,35969.6055,37293.5977,34645.6172
1611000000000,35906.2148,36983.8047,34828.625
1611014400000,35920.0352,37026.7656,34813.3086
1611028800000,36014.8945,37319.8672,34709.918
1611043200000,36098.6445,37588.2227,34609.0664
1611057600000,36287.5,37722.0117,34852.9883
1611072000000,36362.6445,37682.332,35042.9531
1611086400000,36369.2148,37677.5234,35060.9023
1611100800000,36323.5703,37766.6367,34880.5039
1611115200000,36307.1055,37775.1094,34839.1055
1611129600000,36258.0352,37918.0625,34598.0078
1611144000000,36121.6055,38091.707,34151.5039
1611158400000,36032.1445,38041.832,34022.4531
1611172800000,35965.8555,37975.1484,33956.5664
1611187200000,35868.3555,37993.9648,33742.75
1611201600000,35723.3555,37889.4688,33557.2461
1611216000000,35407.2852,38183.418,32631.1523
1611230400000,34987.4648,38250.0391,31724.8887
1611244800000,34634.3203,37840.0703,31428.5723
1611259200000,34163.7852,37532.3203,30795.25
1611273600000,33780.4648,37296.1641,30264.7637
1611288000000,33423.5703,37042.2305,29804.9121
1611302400000,33189.8945,36790.6797,29589.1055
1611316800000,32964.5352,36307.1562,29621.916
1611331200000,32908.8555,36178.5508,29639.1621
1611345600000,32822.9297,36014.3047,29631.5508
1611360000000,32620.8223,35521.8984,29719.7441
1611374400000,32437.4648,34863.4492,30011.4805
1611388800000,32227.75,34352.3789,30103.1211
1611403200000,32032.7852,33688.7539,30376.8164
1611417600000,32047.5723,33711.5156,30383.627
1611432000000,32097.8223,33720.5547,30475.0898
1611446400000,32100.5,33725.7969,30475.2051
1611460800000,32244.8574,33744.0469,30745.666
1611475200000,32383.6074,33732.9766,31034.2383
1611489600000,32465.6777,33543.5625,31387.7949
1611504000000,32435.4648,33612.2031,31258.7266
1611518400000,32420.9277,33599.4414,31242.416
1611532800000,32419.7148,33593.2695,31246.1602
1611547200000,32448.2852,33694.25,31202.3203
1611561600000,32506.0723,33811.5234,31200.6191
1611576000000,32615.4648,34268.75,30962.1758
1611590400000,32739.6426,34354.5391,31124.748
1611604800000,32763.8574,34337.3945,31190.3203
1611619200000,32702.75,34395.0703,31010.4297
1611633600000,32670.3926,34424.7188,30916.0684
1611648000000,32620.9648,34429.1406,30812.7852
1611662400000,32543.6074,34399.3789,30687.834
1611676800000,32495.5352,34346.6484,30644.4238
1611691200000,32532.1426,34362.4062,30701.8809
1611705600000,32569.0723,34318.8672,30819.2754
1611720000000,32533.5723,34324.2227,30742.9199
1611734400000,32321.25,34249.457,30393.0449
1611748800000,32104.1426,34176.4648,30031.8203
1611763200000,31928.4277,34013.0195,29843.8359
1611777600000,31634.5,33303.4141,29965.5879
1611792000000,31496.5352,32839.5977,30153.4746
1611806400000,31424.3574,32706.9844,30141.7305
1611820800000,31421.6426,32703.6777,30139.6074
1611835200000,31445.25,32753.9863,30136.5137
1611849600000,31503.3223,32938.4844,30068.1582
1611864000000,31624.7852,33378.4453,29871.125
1611878400000,31739.6074,33816.8633,29662.3516
1611892800000,31728.3223,33790.418,29666.2266
1611907200000,32111.1777,35603.75,28618.6074
1611921600000,32500.2852,36868.6016,28131.9688
1611936000000,32760.8223,37089.1602,28432.4824
1611950400000,33036.5,37207.0898,28865.9102
1611964800000,33215.6445,37188.7695,29242.5156
1611979200000,33478.8945,37144.0391,29813.7461
1611993600000,33637.0703,37132.2539,30141.8906
1612008000000,33854.8203,37093.457,30616.1875
1612022400000,34059.5703,37020.8125,31098.332
1612036800000,34228.5,36952.8711,31504.1289
1612051200000,34324.5352,36907.5117,31741.5605
1612065600000,34337.2148,36904.7773,31769.6523
1612080000000,34321.3945,36903.8125,31738.9727
1612094400000,34360.8945,36836.1836,31885.6016
1612108800000,34050.5703,36075.7266,32025.418
1612123200000,33757.3945,34800.4258,32714.3594
1612137600000,33710.6055,34712.2695,32708.9434
1612152000000,33684.8203,34650.5938,32719.0469
1612166400000,33754.9648,34729.1562,32780.7695
1612180800000,33691.1797,34690.3438,32692.0137
1612195200000,33702.8945,34706.1992,32699.5879
1612209600000,33649.6055,34602.9688,32696.2461
1612224000000,33595.7852,34468.7383,32722.832
1612238400000,33592.6055,34455.1055,32730.1094
1612252800000,33651.0352,34699.2578,32602.8164
1612267200000,33729.8945,34918.7031,32541.082
1612281600000,33886.6797,35482.3477,32291.0098
1612296000000,34073.9297,35775.6523,32372.2051
1612310400000,34333.2148,36295.8555,32370.5742
1612324800000,34564.6055,36667.1992,32462.0156
1612339200000,34737.2852,36901.4883,32573.082
1612353600000,34958.3203,37339.9492,32576.6934
1612368000000,35147.9648,37688.1445,32607.7852
1612382400000,35471.7148,38080.5078,32862.918
1612396800000,35737.6445,38396.6445,33078.6406
1612411200000,36052,38633.3438,33470.6562
1612425600000,36323.3555,38590.7734,34055.9414
1612440000000,36489.8945,38456.7031,34523.082
1612454400000,36686.7148,38477.2891,34896.1406
1612468800000,36849.2852,38281.0508,35417.5195
1612483200000,36964.3945,38298.9258,35629.8594
1612497600000,37123.8945,38249.3125,35998.4727
1612512000000,37217.0352,38329.4805,36104.5898
1612526400000,37334.1055,38412.3203,36255.8945
1612540800000,37447.3555,38263.4883,36631.2266
1612555200000,37550.1055,38449.8398,36650.3711
1612569600000,37734.3945,39003.1289,36465.6562
1612584000000,37857.6797,39399.9062,36315.4492
1612598400000,38049.25,40018.3555,36080.1445
1612612800000,38262.5352,40721.2734,35803.7969
1612627200000,38470.8555,41086.4414,35855.2734
1612641600000,38663.0703,41094.4844,36231.6562
1612656000000,38760.6055,41113.1445,36408.0664
1612670400000,38907.9648,41054.6172,36761.3125
1612684800000,39034.4648,41018.125,37050.8008
1612699200000,39052.7852,40993.1992,37112.3711
1612713600000,39078.1797,40959.9023,37196.4531
1612728000000,39139.25,40932.4023,37346.0977
1612742400000,39172.5352,40867.4023,37477.668
1612756800000,39237.3203,40876.3906,37598.25
1612771200000,39240.2852,40881.2148,37599.3594
1612785600000,39577.7852,42602.8398,36552.7344
1612800000000,39783.3203,43317.4414,36249.2031
1612814400000,40185.6445,45141.8242,35229.4648
1612828800000,40644.5,46639.6055,34649.3945
1612843200000,41240.3945,48171.0898,34309.6953
1612857600000,41783.0352,49079.2227,34486.8477
1612872000000,42335.3203,49895.2539,34775.3906
1612886400000,42904.4648,50629.8984,35179.0312
1612900800000,43511.3203,50933.5938,36089.0469
1612915200000,44098.8203,51011.7344,37185.9102
1612929600000,44659.9297,51038.6953,38281.1602
1612944000000,45275.5,50576.0195,39974.9805
1612958400000,45637.4648,49833.1328,41441.793
1612972800000,46051.8945,48550.1094,43553.6758
1612987200000,46103.6445,48469.7695,43737.5195
1613001600000,46277.25,48027.5664,44526.9336
1613016000000,46147.7852,48058.4453,44237.125
1613030400000,46108.4648,47992.3359,44224.5938
1613044800000,46144.75,48160.9531,44128.5469
1613059200000,46246.0352,48458.0195,44034.0547
1613073600000,46338.25,48736.6992,43939.8008
1613088000000,46377.9648,48846.8711,43909.0547
1613102400000,46443.3555,48970.5977,43916.1172
1613116800000,46542.3945,49156.6016,43928.1836
1613131200000,46568.1055,49196.0625,43940.1523
1613145600000,46617.0703,49279.7969,43954.3438
1613160000000,46837.6445,49214.5312,44460.7539
1613174400000,47030.5,49319.5742,44741.4258
1613188800000,47187.75,49144.8945,45230.6055
1613203200000,47262.3945,49040.1406,45484.6445
1613217600000,47433.9297,48542.2305,46325.6289
1613232000000,47490.7148,48398.7617,46582.668
1613246400000,47426.2148,48260.6641,46591.7656
1613260800000,47391.9648,48179.5977,46604.332
1613275200000,47450.8203,48516.3242,46385.3203
1613289600000,47559.3555,48965.6562,46153.0586
1613304000000,47646.8555,49157.5195,46136.1953
1613318400000,47723.8203,49352.9102,46094.7305
1613332800000,47838.75,49498.2344,46179.2656
1613347200000,47820.8945,49503.8789,46137.9102
1613361600000,47804.9297,49505.6406,46104.2188
1613376000000,47797.3555,49495.1406,46099.5742
1613390400000,47863.3203,49517.1602,46209.4844
1613404800000,48020.1055,49588.8164,46451.3984
1613419200000,48081,49572.7812,46589.2188
1613433600000,48274.25,49839.9219,46708.5781
1613448000000,48413.1445,49937.1133,46889.1719
1613462400000,48523.4297,49973.293,47073.5625
1613476800000,48526.1797,49979.2383,47073.1211
1613491200000,48481.7148,49882.4453,47080.9805
1613505600000,48523.4648,49975.7266,47071.2031
1613520000000,48590,50171.5703,47008.4297
1613534400000,48772.5703,50867.1562,46677.9883
1613548800000,49075.7852,51365.8359,46785.7344
1613563200000,49359.0703,51647.6719,47070.4688
1613577600000,49667.75,52240.7227,47094.7773
1613592000000,49965.9648,52667.2383,47264.6914
1613606400000,50205.5703,53049.2617,47361.8789
1613620800000,50491.6055,53189.6055,47793.6094
1613635200000,50617.8945,53316.9648,47918.8203
1613649600000,50787.1797,53405.375,48168.9805
1613664000000,50987.8945,53450.5938,48525.1914
1613678400000,51177.0352,53382.7148,48971.3555
1613692800000,51364.6055,53051.6992,49677.5156
1613707200000,51542.1055,52750.6406,50333.5703
1613721600000,51760.2852,52668.2734,50852.2969
1613736000000,51948.6445,53327.4648,50569.8242
1613750400000,52202.3555,54235.7891,50168.9258
1613764800000,52534.6797,55219.0977,49850.2578
1613779200000,52791.8203,55958.1992,49625.4453
1613793600000,53016.5,56417.3242,49615.6758
1613808000000,53321.25,57108.5156,49533.9844
1613822400000,53624.25,57612.9727,49635.5273
1613836800000,54026.4297,58186.668,49866.1875
1613851200000,54340.5703,58373.6719,50307.4727
1613865600000,54682.8555,58607.4922,50758.2227
1613880000000,55005.1797,58595.5156,51414.8398
1613894400000,55449.8203,58575.9531,52323.6914
1613908800000,55859.2148,58363.6758,53354.7539
1613923200000,56243.5352,58386,54101.0742
1613937600000,56498.1445,58276.3789,54719.9062
1613952000000,56569.5352,58164.5586,54974.5117
1613966400000,56622.9648,58167.3047,55078.6211
1613980800000,56534.75,58364.0742,54705.4258
1613995200000,56387.8945,58812.6016,53963.1836
1614009600000,56183.1797,59006.4102,53359.9492
1614024000000,56027.1445,59054.6406,52999.6445
1614038400000,55661.1055,59275.5781,52046.6367
1614052800000,55211.2852,59952.7695,50469.8008
1614067200000,54485.5352,60954.8008,48016.2695
1614081600000,53948.9648,61004.5195,46893.4102
1614096000000,53094.75,61076.418,45113.082
1614110400000,52484.6797,60345.8047,44623.5508
1614124800000,51962.25,59182.082,44742.418
1614139200000,51437.1055,58025.2031,44849.0078
1614153600000,51040.7148,57144.6367,44936.793
1614168000000,50562.3203,55843.4258,45281.2188
1614182400000,50164.4648,54988.6719,45340.2578
1614196800000,49912.0352,54417.5742,45406.5
1614211200000,49678.5,53714.7734,45642.2266
1614225600000,49426.1055,52707.3008,46144.9141
1614240000000,49316.3945,52345.6602,46287.125
1614254400000,49404.1797,52538.8047,46269.5547
1614268800000,49624.25,52291.0039,46957.4961
1614283200000,49516.0703,52447.6953,46584.4492
1614297600000,49651.5,51932.2656,47370.7344
1614312000000,49373.5,52670.2617,46076.7383
1614326400000,49056,52560.6797,45551.3203
1614340800000,48882.7148,52403.6445,45361.7852
1614355200000,48638.8555,52177.9648,45099.75
1614369600000,48385.8555,52032.8008,44738.9141
1614384000000,48272.3555,51931.0586,44613.6562
1614398400000,48089.3945,51691.2695,44487.5156
1614412800000,47876.9297,51275.9375,44477.9219
1614427200000,47593.3203,50713.332,44473.3086
1614441600000,47382.3203,50081.8438,44682.8008
1614456000000,47044.2852,48972.4727,45116.0977
1614470400000,46696.2148,48469.2305,44923.1992
1614484800000,46507.1797,48602.8633,44411.4922
1614499200000,46360.9297,48472.5508,44249.3086
1614513600000,46247.5,48766.6523,43728.3477
1614528000000,46107.4297,48782.4453,43432.4141
1614542400000,45933.5352,48492.5977,43374.4727
1614556800000,45889.7148,48395.5039,43383.9219
1614571200000,45889.0703,48394.3867,43383.7578
1614585600000,45918.2148,48503.2383,43333.1914
1614600000000,46067.1445,49123.5156,43010.7695
1614614400000,46139.8555,49357.2852,42922.4297
1614628800000,46363.9297,50065.3555,42662.5
1614643200000,46476.6797,50394.6797,42558.6797
1614657600000,46635.4297,50668.7773,42602.0781
1614672000000,46939.9297,50968.3906,42911.4688
1614686400000,47245.8555,51119.9648,43371.75
1614700800000,47397.2148,51126.5586,43667.8711
1614715200000,47760.1055,50799.8477,44720.3672
1614729600000,48065.5352,50527.8047,45603.2656
1614744000000,48393.3203,50452.2422,46334.3984
1614758400000,48779.4648,51178.6836,46380.2422
1614772800000,49100.1055,51306.75,46893.4648
1614787200000,49318.4648,51590.3281,47046.6016
1614801600000,49395.9648,51728.7266,47063.1992
1614816000000,49483.3555,51743.293,47223.4219
1614830400000,49485.2148,51745.8633,47224.5664
1614844800000,49509.25,51757.5312,47260.9688
1614859200000,49588.1445,51749.5547,47426.7305
1614873600000,49524.1797,51812.2031,47236.1523
1614888000000,49499.8203,51827.8008,47171.8398
1614902400000,49487.9297,51858.5352,47117.3203
1614916800000,49409.0352,51970.2891,46847.7852
1614931200000,49320.4648,52047.1055,46593.8242
1614945600000,49183.8555,51985.5977,46382.1172
1614960000000,49012,51423.5469,46600.4531
1614974400000,48865.8555,51054.6289,46677.0859
1614988800000,48705.1797,50579.2266,46831.1289
1615003200000,48598.6445,50241.4102,46955.875
1615017600000,48499.5,50060.5938,46938.4062
1615032000000,48322.5352,49853.9961,46791.0781
1615046400000,48253.9297,49672.4492,46835.4062
1615060800000,48213.8945,49517.1094,46910.6758
1615075200000,48327.6797,49805.4297,46849.9258
1615089600000,48453.5352,50207.1641,46699.9062
1615104000000,48701,50697.707,46704.293
1615118400000,48930.4297,51015.6211,46845.2383
1615132800000,49138.7148,51197.3359,47080.0898
1615147200000,49358.2852,51502.3828,47214.1875
1615161600000,49450.4297,51697.7812,47203.0742
1615176000000,49521.5703,51744.0312,47299.1094
1615190400000,49659.0352,51888.2773,47429.7969
1615204800000,49823.1797,52130.1133,47516.2422
1615219200000,50054.4297,52306.5625,47802.2969
1615233600000,50432.4297,52427.9648,48436.8906
1615248000000,50832.4648,53250.5859,48414.3438
1615262400000,51163.7148,53717.3047,48610.1211
1615276800000,51502.25,54373.9609,48630.5391
1615291200000,51787.4648,54854.5977,48720.332
1615305600000,52031.9297,55276.1719,48787.6875
1615320000000,52342.5703,55811.0703,48874.0742
1615334400000,52566.3555,55913.6445,49219.0703
1615348800000,52803.7148,56141.4766,49465.9531
1615363200000,53111.9648,56399.2578,49824.6719
1615377600000,53591,56753.6797,50428.3203
1615392000000,54034.6797,57125.2188,50944.1367
1615406400000,54369.9297,57141.5586,51598.2969
1615420800000,54697.1445,57049.5898,52344.6953
1615435200000,54868.6797,56890.75,52846.6055
1615449600000,55035.9648,57134.1016,52937.8281
1615464000000,55231.3203,57255.4727,53207.168
1615478400000,55416.5703,57552.168,53280.9766
1615492800000,55678.5703,58018.5547,53338.5898
1615507200000,55892,58195.6602,53588.3398
1615521600000,56013.6055,58288.7852,53738.4297
1615536000000,56226.3203,58057.4727,54395.1719
1615550400000,56421.8203,57954.1836,54889.4609
1615564800000,56563.2852,57888.8164,55237.7539
1615579200000,56614.8555,57981.2969,55248.418
1615593600000,56608.7148,57972.6953,55244.7344
1615608000000,56719,58070.0273,55367.9727
1615622400000,57008.6055,59136.7344,54880.4805
1615636800000,57352.9297,59582.1914,55123.668
1615651200000,57681.6797,60505.082,54858.2734
1615665600000,58028.8945,61256.7969,54800.9883
1615680000000,58348.8203,61945.793,54751.8477
1615694400000,58533.7148,62266.0977,54801.332
1615708800000,58766.0352,62537.2773,54994.7969
1615723200000,58979.3555,62586.5078,55372.207
1615737600000,59223.6797,62591.582,55855.7734
1615752000000,59362.25,62513.6953,56210.8047
1615766400000,59618.6797,62521.0703,56716.2852
1615780800000,59666.9648,62426.9258,56907.0039
1615795200000,59623.9297,62579.1406,56668.7148
1615809600000,59531.2852,62822.3047,56240.2656
1615824000000,59288.25,62876.8672,55699.6328
1615838400000,58997.6445,63021.8047,54973.4805
1615852800000,58522.1055,63048.418,53995.7969
1615867200000,58100.25,62662.6445,53537.8555
1615881600000,57677.8945,62025.293,53330.4922
1615896000000,57353.2852,61511.8086,53194.7656
1615910400000,57020.7148,60874.4023,53167.0273
1615924800000,56833.0703,60400.3008,53265.8438
1615939200000,56516.3203,59682.3516,53350.293
1615953600000,56288.1055,59154.4219,53421.793
1615968000000,55878.3945,57602.8867,54153.8984
1615982400000,55670.8945,57037.8438,54303.9414
1615996800000,55800.4648,57586.375,54014.5547
1616011200000,56007.6445,58439.9805,53575.3047
1616025600000,56158.5703,58966.2461,53350.8945
1616040000000,56355.8945,59381.8125,53329.9727
1616054400000,56637.5352,59579.3711,53695.7031
1616068800000,56953.5703,60173.4766,53733.6641
1616083200000,57081.5352,60200.9492,53962.125
1616097600000,57208.8203,60263.5547,54154.0898
1616112000000,57352.9648,60312.8125,54393.1172
1616126400000,57407.9297,60370.2852,54445.5703
1616140800000,57645.9648,60497.8828,54794.043
1616155200000,57879.1445,60619.2109,55139.0781
1616169600000,58171.75,60359.5,55984
1616184000000,58390.4648,59695.4844,57085.4453
1616198400000,58430.1055,59708.6367,57151.5781
1616212800000,58394.3203,59634.5703,57154.0703
1616227200000,58434.4648,59754.3828,57114.5469
1616241600000,58495.6055,59889.0664,57102.1445
1616256000000,58574.3555,60025.7852,57122.9258
1616270400000,58462.4297,59790.2656,57134.5898
1616284800000,58502.3555,59715.5625,57289.1523
1616299200000,58460.0703,59822.1367,57098.0078
1616313600000,58350.75,60099.5586,56601.9414
1616328000000,58310.25,60132.9922,56487.5078
1616342400000,58218.8945,60051.25,56386.5391
1616356800000,58102.5,59913.375,56291.625
1616371200000,58011.7148,59778.25,56245.1797
1616385600000,57984.5703,59759.5781,56209.5664
1616400000000,57935.8945,59692.0391,56179.75
1616414400000,57834.1797,59613.0039,56055.3516
1616428800000,57560.8203,59504.4375,55617.207
1616443200000,57186.1445,59607.207,54765.0781
1616457600000,56852.3945,59277.5977,54427.1875
1616472000000,56570.8555,59245.1094,53896.6055
1616486400000,56311.5,59139.1172,53483.8828
1616500800000,56182.6797,59027.8906,53337.4688
1616515200000,56096,58999.3047,53192.6953
1616529600000,55894.25,58845.8984,52942.6016
1616544000000,55666.1055,58555.3164,52776.8984
1616558400000,55529.0352,58247.5469,52810.5273
1616572800000,55455.8945,57992.2812,52919.5039
1616587200000,55359.9297,57642.9844,53076.8711
1616601600000,55146.3945,56998.7734,53294.0156
1616616000000,54798.3203,56886.9453,52709.6992
1616630400000,54557.1055,57012.1328,52102.082
1616644800000,54426,57154.9336,51697.0664
1616659200000,54245.5,57208.7734,51282.2266
1616673600000,54015.7148,57429.3008,50602.125
1616688000000,53869.8203,57408.4844,50331.1602
1616702400000,53590.2852,57264.832,49915.7383
1616716800000,53402.1445,57027.6641,49776.6211
1616731200000,53344,56929.0469,49758.9531
1616745600000,53227.8555,56775.8984,49679.8125
1616760000000,53070.3945,56387.2969,49753.4922
1616774400000,52868.8203,55588.5859,50149.0586
1616788800000,52782.1445,55103.8125,50460.4766
1616803200000,52783.9297,55111.8359,50456.0234
1616817600000,52984.2852,55548.0781,50420.4922
1616832000000,53153.1055,55779.2383,50526.9766
1616846400000,53353.1055,56088.7227,50617.4922
1616860800000,53620.2148,56556.1172,50684.3125
1616875200000,53970.6797,56718.0352,51223.3242
1616889600000,54249.5,57004.2188,51494.7812
1616904000000,54596.0703,56994.7422,52197.4023
1616918400000,54840.5,56985.1094,52695.8906
1616932800000,55040.9648,57206.418,52875.5078
1616947200000,55219.0352,56975.2852,53462.7852
1616961600000,55396.4297,56812.9727,53979.8828
1616976000000,55510.4648,56615.4258,54405.5
1616990400000,55571.3203,56675.8672,54466.7773
1617004800000,55788.75,57332.0898,54245.4102
1617019200000,55984.1055,57757.2109,54211
1617033600000,56214.8945,57991.1211,54438.668
1617048000000,56401.4297,58185.0273,54617.8281
1617062400000,56496.8945,58303.2734,54690.5117
1617076800000,56662.6445,58626.2383,54699.0469
1617091200000,56899.9648,59282.8711,54517.0586
1617105600000,57072.8555,59572.1562,54573.5586
1617120000000,57310.1055,59923.8359,54696.3789
1617134400000,57476.7852,60134.3555,54819.2188
1617148800000,57723.1055,60137.582,55308.6328
1617163200000,57895.1797,60065.0352,55725.3242
1617177600000,58088.7148,59755.457,56421.9727
1617192000000,58332.4297,59646.2109,57018.6484
1617206400000,58389.2148,59686.7617,57091.668
1617220800000,58466.3945,59728.7109,57204.0742
1617235200000,58572.0352,59814.543,57329.5273
1617249600000,58655.8203,59786.5039,57525.1406
1617264000000,58755.25,59563.9531,57946.5469
1617278400000,58815.5703,59569.8867,58061.2539
1617292800000,58787.5,59478.9922,58096.0078
1617307200000,58800.3945,59484.6719,58116.1133
1617321600000,58857.5703,59753.6602,57961.4844
1617336000000,58908.4648,59850.3477,57966.582
1617350400000,58975.7148,59980.3789,57971.0469
1617364800000,59065.0703,59997.4453,58132.6992
1617379200000,59123.1797,59895.3672,58350.9922
1617393600000,59098.1445,59858.4258,58337.8594
1617408000000,59146.1797,59875.2617,58417.0938
1617422400000,59187.0703,59902.9414,58471.2031
1617436800000,59199.6055,59922.0586,58477.1562
1617451200000,59196.3945,59926.2109,58466.5742
1617465600000,59197.4648,59923.9102,58471.0195
1617480000000,59056.7148,60377.6016,57735.8242
1617494400000,58956.75,60474.0273,57439.4727
1617508800000,58879,60528.6797,57229.3203
1617523200000,58691.0352,60403.2305,56978.8398
1617537600000,58585.2852,60280.6992,56889.8711
1617552000000,58471.6445,60080.0938,56863.1953
1617566400000,58386.3203,59902.1914,56870.4531
1617580800000,58290.2148,59830.6133,56749.8125
1617595200000,58166.5,59728.5469,56604.4531
1617609600000,58057.3555,59484.582,56630.1289
1617624000000,58033.5352,59379.5156,56687.5547
1617638400000,58015.3203,59293.3555,56737.2891
1617652800000,58053.4648,59444.9023,56662.0234
1617667200000,58058.7852,59459.5664,56658.0039
1617681600000,58165.1797,59469.6094,56860.75
1617696000000,58236.1055,59519.8984,56952.3164
1617710400000,58248,59514.6562,56981.3438
1617724800000,58317.75,59477.4375,57158.0625
1617739200000,58319.25,59477.1641,57161.3359
1617753600000,58317.1797,59477.1211,57157.2344
1617768000000,58291.2852,59471.5859,57110.9844
1617782400000,58204.2148,59717.875,56690.5547
1617796800000,58147.3203,59842.4688,56452.1719
1617811200000,58029.6797,60007.3398,56052.0195
1617825600000,57806,59966.4023,55645.5977
1617840000000,57621.6055,59742.0547,55501.1602
1617854400000,57461.0352,59381.8047,55540.2656
1617868800000,57303.8945,59150.0625,55457.7266
1617883200000,57248.5352,58985.0898,55511.9805
1617897600000,57188.6797,58786.5938,55590.7617
1617912000000,57207.2852,58841.9609,55572.6133
1617926400000,57187.3945,58774.1758,55600.6094
1617940800000,57194.6055,58796.7031,55592.5117
1617955200000,57230.0703,58923.082,55537.0586
1617969600000,57254.8945,58995.5703,55514.2148
1617984000000,57401.1797,59156.9062,55645.4492
1617998400000,57517.7148,59234.3242,55801.1016
1618012800000,57738.2148,59494.4648,55981.9648
1618027200000,58071.9648,60083.7734,56060.1562
1618041600000,58362.5,60570.1445,56154.8555
1618056000000,58593.9297,60878.7578,56309.0977
1618070400000,58808.4648,60816.0234,56800.9062
1618084800000,58947.6797,60919.3945,56975.9648
1618099200000,59132.3555,61110.7031,57154.0117
1618113600000,59248.3203,61166.6523,57329.9922
1618128000000,59373.2148,61181.8945,57564.5352
1618142400000,59487.8945,61153.9141,57821.8711
1618156800000,59573.3555,61151.7383,57994.9727
1618171200000,59700.1797,61105.6562,58294.7031
1618185600000,59841.5,61082.6914,58600.3086
1618200000000,60034.8555,60949.4414,59120.2734
1618214400000,60111.5,60924.1367,59298.8633
1618228800000,60071.8945,60837.75,59306.0352
1618243200000,60034.75,60741.4453,59328.0547
1618257600000,60006.2852,60702.3125,59310.2578
1618272000000,60084,60783.75,59384.25
1618286400000,60181,61017.625,59344.375
1618300800000,60371.0352,62054.9414,58687.1289
1618315200000,60630.7148,62878.3555,58383.0703
1618329600000,60869.4648,63396.0195,58342.9102
1618344000000,61145.2852,63928.0078,58362.5625
1618358400000,61441.4297,64426.5078,58456.3516
1618372800000,61752.1797,64975.2969,58529.0625
1618387200000,62058.8203,65508.582,58609.0625
1618401600000,62222.9297,65642.9453,58802.9102
1618416000000,62357.9297,65612.4297,59103.4297
1618430400000,62570.1797,65572.0547,59568.3008
1618444800000,62789.5703,65464.4492,60114.6914
1618459200000,63003.6055,65140.6914,60866.5195
1618473600000,63134.6055,64848.6406,61420.5742
1618488000000,63257.9297,64563.3711,61952.4844
1618502400000,63292.9648,64596.3438,61989.582
1618516800000,63288.6797,64591.207,61986.1484
1618531200000,63284.8203,64589.6641,61979.9805
1618545600000,63140.25,64714.2734,61566.2266
1618560000000,62932.6055,64810.2695,61054.9453
1618574400000,62741.5352,64539.3789,60943.6914
1618588800000,62540.9297,64035.0469,61046.8125
1618603200000,62422.3945,63971.7852,60873
1618617600000,62441.5352,63986.6992,60896.3711
1618632000000,62384.2148,63898.6719,60869.7578
1618646400000,62231.0703,63832.6719,60629.4688
1618660800000,62054.25,63862.0234,60246.4766
1618675200000,61938.6055,63839.7773,60037.4375
1618689600000,61750.0703,63787.2305,59712.9102
1618704000000,61168.6797,64853.8906,57483.4648
1618718400000,60665.1445,64916.8477,56413.4375
1618732800000,59978.4648,65402.0938,54554.8359
1618747200000,59556.2852,65339.1953,53773.375
1618761600000,59189.3945,65218.0898,53160.6953
1618776000000,58800.75,64835.6484,52765.8516
1618790400000,58461.1797,64301.1602,52621.1953
1618804800000,58170.2852,63782.1602,52558.4102
1618819200000,57793.5352,62881.0742,52705.9961
1618833600000,57253.4648,61937.5391,52569.3906
1618848000000,56893.3945,61118.3086,52668.4766
1618862400000,56557.0703,60335.3594,52778.7852
1618876800000,56108.6797,59185.2891,53032.0664
1618891200000,55701.1055,57906.3047,53495.9102
1618905600000,55775.0703,57999.1953,53550.9492
1618920000000,55712.5,57925.9961,53499.0039
1618934400000,55942.5352,57810.5312,54074.5391
1618948800000,56006.3203,57886.8516,54125.793
1618963200000,55968.3555,57883.8984,54052.8164
1618977600000,55905.1055,57837.6055,53972.6055
1618992000000,55727.75,57642.5195,53812.9805
1619006400000,55641.3555,57343.5078,53939.207
1619020800000,55519.7852,56984.0703,54055.5
1619035200000,55461.9648,57110.5312,53813.3945
1619049600000,55289.4297,57176.3203,53402.5352
1619064000000,55184.5,57130.9492,53238.0508
1619078400000,55213.2148,57132.1562,53294.2734
1619092800000,55230.7852,57126.3086,53335.2656
1619107200000,54984.0703,57094.8477,52873.2969
1619121600000,54720.8203,57400.9453,52040.6992
1619136000000,54263.6055,57567.9023,50959.3125
1619150400000,53652.5703,58050.0312,49255.1094
1619164800000,53279.25,57938.9141,48619.5859
1619179200000,52883.7852,57705.2109,48062.3633
1619193600000,52615.4648,57437.9727,47792.957
1619208000000,52253.4648,56693.2617,47813.668
1619222400000,51873.0703,56037.7188,47708.4258
1619236800000,51591.6797,55717.2578,47466.1016
1619251200000,51273,55431.0742,47114.9258
1619265600000,50988.4297,54831.2969,47145.5625
1619280000000,50687.2148,53844.8516,47529.5781
1619294400000,50359.0703,52597.5586,48120.582
1619308800000,50126.9648,51862.8633,48391.0625
1619323200000,49977.8555,51486.418,48469.2969
1619337600000,49927.0703,51440.6719,48413.4727
1619352000000,50091.8203,51144.3516,49039.293
1619366400000,50043.75,51157.832,48929.668
1619380800000,49989.8555,51208.4688,48771.2461
1619395200000,50098,51786.6602,48409.3398
1619409600000,50224.8203,52399.5352,48050.1094
1619424000000,50474.25,53279.9766,47668.5234
1619438400000,50741.5703,53962.4258,47520.7188
1619452800000,51097.1055,54599.4648,47594.75
1619467200000,51366.6797,55136.4102,47596.9453
1619481600000,51566.5352,55472.168,47660.9023
1619496000000,51885.3555,55988.8516,47781.8633
1619510400000,52277.75,56516.4062,48039.0938
1619524800000,52662.8945,56847.6641,48478.1211
1619539200000,53037.8555,56976.6523,49099.0625
1619553600000,53378.8945,57120.1289,49637.6562
1619568000000,53769.6797,56843.8203,50695.5391
1619582400000,54143.9297,55779.3984,52508.4609
1619596800000,54322.8203,55670.1055,52975.5352
1619611200000,54426.7148,55519.3633,53334.0664
1619625600000,54555.7148,55686.5547,53424.875
1619640000000,54643.1445,55663.9727,53622.3125
1619654400000,54660.4648,55649.7852,53671.1406
1619668800000,54692.7148,55624.2344,53761.1914
1619683200000,54753.9648,55451.9648,54055.9648
1619697600000,54695.75,55558.832,53832.668
1619712000000,54532.3555,55753.168,53311.5469
1619726400000,54428.75,55711.4062,53146.0938
1619740800000,54352.3945,55662.3984,53042.3867
1619755200000,54305,55558.9531,53051.0469
1619769600000,54264.5703,55480.8555,53048.2891
1619784000000,54470.7852,56412.7773,52528.7969
1619798400000,54628.9648,56994.668,52263.2617
1619812800000,54872.4648,57726.4258,52018.5039
1619827200000,55072.3945,58417.4961,51727.2891
1619841600000,55279.5,58897.4844,51661.5156
1619856000000,55537.0703,59352.0781,51722.0625
1619870400000,55747.8945,59629.793,51865.9922
1619884800000,55996.0703,59939.0625,52053.082
1619899200000,56290.75,60137.9141,52443.5859
1619913600000,56551.5352,59907.5859,53195.4883
1619928000000,56777.6445,59697.5156,53857.7695
1619942400000,57022.6445,59408.6797,54636.6055
1619956800000,57186.1797,59089.1484,55283.2109
1619971200000,57377.2852,58422.1914,56332.3828
1619985600000,57338.2852,58445.5664,56231.0039
1620000000000,57405.4297,58559.6523,56251.2031
1620014400000,57485.8555,58863.9023,56107.8125
1620028800000,57520.3555,58996.4453,56044.2695
1620043200000,57514,58986.4531,56041.5469
1620057600000,57492.5703,58949.2969,56035.8438
1620072000000,57475.0352,58940.5508,56009.5234
1620086400000,57306.2852,59073.293,55539.2812
1620100800000,57170.4648,59027.3086,55313.6172
1620115200000,57145.4297,59043.9922,55246.8672
1620129600000,56939.75,59485.5898,54393.9102
1620144000000,56756.1797,59566.0703,53946.2891
1620158400000,56513.2148,59851.0859,53175.3438
1620172800000,56362.3945,59794.4648,52930.3203
1620187200000,56237.4297,59744.4414,52730.418
1620201600000,56031.8203,59427.8867,52635.7578
1620216000000,55942.6445,59090.3477,52794.9375
1620230400000,55833.1055,58672.9062,52993.3086
1620244800000,55822.1445,58634.3281,53009.957
1620259200000,55772.8945,58479.4375,53066.3477
1620273600000,55754.8203,58426.7539,53082.8867
1620288000000,55940.8555,58863.3672,53018.3477
1620302400000,56028.8203,59024.918,53032.7266
1620316800000,56030.1797,59026.6016,53033.7539
1620331200000,56210.9648,58955.3125,53466.6172
1620345600000,56297.4297,58906.2344,53688.6211
1620360000000,56484.4297,58505.875,54462.9805
1620374400000,56600.4297,58409.4219,54791.4336
1620388800000,56792.5352,58400.6094,55184.4648
1620403200000,56973.8555,58362.6914,55585.0234
1620417600000,56958.75,58322.6055,55594.8945
1620432000000,57031.25,58543.8164,55518.6836
1620446400000,57108.8945,58815.0938,55402.6914
1620460800000,57231.25,59106.6094,55355.8906
1620475200000,57283.0352,59161.7422,55404.3281
1620489600000,57361.6797,59449.7656,55273.5938
1620504000000,57490.5703,59743.8789,55237.2656
1620518400000,57668.2852,59884.7188,55451.8516
1620532800000,57783.7852,59886.3984,55681.1758
1620547200000,57940.3203,59735.8828,56144.7617
1620561600000,58053.4297,59477.0859,56629.7734
1620576000000,58117.2148,59314.7891,56919.6367
1620590400000,58167.2852,59331.4062,57003.1641
1620604800000,58297.8945,59622.0664,56973.7188
1620619200000,58372.5,59607.2344,57137.7656
1620633600000,58368.75,59605.3906,57132.1094
1620648000000,58356.8203,59586.8555,57126.7852
1620662400000,58153.3945,59940.8789,56365.9062
1620676800000,58029.8555,60147.918,55911.7969
1620691200000,57748.0352,60196.2617,55299.8125
1620705600000,57522.3945,60039.9453,55004.8398
1620720000000,57278.6797,59946.2773,54611.082
1620734400000,57145.3945,59841.3281,54449.457
1620748800000,57051.6445,59712.9648,54390.3203
1620763200000,57003.2148,59657.3164,54349.1133
1620777600000,57037.0352,59720.8984,54353.1758
1620792000000,56959.8203,59555.1562,54364.4844
1620806400000,56746.6445,58918.9844,54574.3008
1620820800000,56535.4648,58565.2031,54505.7266
1620835200000,56273.3203,58329.6914,54216.9492
1620849600000,55636.6055,59407.8594,51865.3555
1620864000000,55254.6055,59871.8242,50637.3906
1620878400000,54896.7148,60002.8594,49790.5703
1620892800000,54507.5703,60239.5117,48775.6328
1620907200000,54071.4648,60236.6172,47906.3125
1620921600000,53591.8555,60320.4414,46863.2734
1620936000000,53132.75,59980.25,46285.25
1620950400000,52598.3945,59419.8008,45776.9844
1620964800000,52119.8945,58631.5547,45608.2305
1620979200000,51605.1055,57315.4883,45894.7227
1620993600000,51183.4648,55972.1914,46394.7383
1621008000000,50728.9648,54495.1914,46962.7383
1621022400000,50328.3555,53008.5,47648.2148
1621036800000,49983.5703,51328.9023,48638.2383
1621051200000,49910.7148,51442.6445,48378.7852
1621065600000,49805.8203,51376.4336,48235.207
1621080000000,49670.3203,51161.8398,48178.8047
1621094400000,49554.25,51229.1367,47879.3633
1621108800000,49342.5352,51530.7773,47154.293
1621123200000,49332.6445,51535.7695,47129.5156
1621137600000,49311.0703,51504.9297,47117.2148
1621152000000,49300.3203,51497.5586,47103.0859
1621166400000,49137.8945,51412.8828,46862.9023
1621180800000,48777.1055,51537.0664,46017.1484
1621195200000,48427.8203,51050.7188,45804.9258
1621209600000,47906.6797,51607.3672,44205.9883
1621224000000,47570.0703,51337.6914,43802.4531
1621238400000,47291.9648,50966.0859,43617.8438
1621252800000,46924.6797,51037.75,42811.6094
1621267200000,46582.3203,50751.2773,42413.3633
1621281600000,46192.7148,50399.543,41985.8867
1621296000000,45953.0703,50062.125,41844.0156
1621310400000,45836.5703,49935.9531,41737.1875
1621324800000,45615.6445,49454.5547,41776.7305
1621339200000,45156.8203,48587.2266,41726.4141
1621353600000,44744.3555,47526.7109,41962
1621368000000,44391.2852,46747.543,42035.0273
1621382400000,44036.0352,46988.8516,41083.2227
1621396800000,43602.5,46799.25,40405.75
1621411200000,43301.75,47382.207,39221.293
1621425600000,42734.8555,47711.6328,37758.082
1621440000000,42283.9297,47212.957,37354.8984
1621454400000,41814.8203,47440.4453,36189.1953
1621468800000,41399.7852,47120.3867,35679.1875
1621483200000,41145.6055,46775.457,35515.7578
1621497600000,40835.1797,46087.0742,35583.2852
1621512000000,40570.8945,45267.8086,35873.9766
1621526400000,40200.25,44077.7891,36322.7109
1621540800000,40031.6055,43603.6133,36459.6016
1621555200000,39849,42970.3164,36727.6836
1621569600000,39636.0352,42272.6133,36999.457
1621584000000,39676,42386.4961,36965.5039
1621598400000,39422.8945,42474.0039,36371.7812
1621612800000,39236.4648,42734.1055,35738.8242
1621627200000,39239.3555,42730.5156,35748.1992
1621641600000,39059.7148,42735.9492,35383.4766
1621656000000,39026.5703,42790.7773,35262.3633
1621670400000,39012.2852,42787.7383,35236.832
1621684800000,38882.4648,42638.0781,35126.8516
1621699200000,38655.9648,42382.8125,34929.1172
1621713600000,38370.1445,41792.9414,34947.3438
1621728000000,38176.0703,41476.7383,34875.4023
1621742400000,37840.75,41031.1406,34650.3594
1621756800000,37461.6055,40444.75,34478.4648
1621771200000,36993.3203,40340.6875,33645.957
1621785600000,36415.6055,39456.5586,33374.6562
1621800000000,36265.5,39419.4258,33111.5742
1621814400000,36211.1797,39403.0859,33019.2734
1621828800000,36166.2148,39312.8867,33019.543
1621843200000,36213.3555,39425.8164,33000.8984
1621857600000,36301.8203,39590.9297,33012.7148
1621872000000,36404.5703,39997.4844,32811.6562
1621886400000,36451.6797,40152.2773,32751.0781
1621900800000,36527.5352,40336.7344,32718.3359
1621915200000,36637.7852,40633.6758,32641.8945
1621929600000,36575.7148,40546.5312,32604.8965
1621944000000,36746.0352,40794.9023,32697.168
1621958400000,36881.5352,40870.2148,32892.8594
1621972800000,37241.1055,40766.4414,33715.7734
1621987200000,37703.6445,40562.0234,34845.2617
1622001600000,38118.1445,40795.3789,35440.9062
1622016000000,38446.0703,40764.5859,36127.5547
1622030400000,38597.4648,40699.2461,36495.6836
1622044800000,38659.3555,40693.3555,36625.3594
1622059200000,38779.3203,40741.6133,36817.0312
1622073600000,38638.1055,40623.6406,36652.5742
1622088000000,38599.3945,40588.6445,36610.1406
1622102400000,38697.9297,40765.9844,36629.875
1622116800000,38748.4297,40877.7773,36619.082
1622131200000,38908.3203,40664.1055,37152.5391
1622145600000,38922.6055,40661.9453,37183.2695
1622160000000,38990.9648,40536.8281,37445.1016
1622174400000,38891.8945,40734.125,37049.6602
1622188800000,38594.0352,41127.0938,36060.9766
1622203200000,38325.8555,40784.6484,35867.0664
1622217600000,38031.8555,40649.2734,35414.4375
1622232000000,37809,40651.6953,34966.3047
1622246400000,37664.1055,40558.3867,34769.8281
1622260800000,37444.9297,40286.7109,34603.1445
1622275200000,37285,40311.1289,34258.8711
1622289600000,37008.8555,40307.4062,33710.3086
1622304000000,36602.3945,39854.7148,33350.0703
1622318400000,36237.0352,39139.7148,33334.3555
1622332800000,35948.75,38557.6367,33339.8633
1622347200000,35769.3945,37960.3867,33578.3984
1622361600000,35632.7852,37374.8438,33890.7266
1622376000000,35528.7852,37102.1562,33955.418
1622390400000,35579.6445,37177.5508,33981.7344
1622404800000,35501.4648,36962.875,34040.0547
1622419200000,35411.25,36947.1484,33875.3516
1622433600000,35425.1797,36973.7148,33876.6445
1622448000000,35451.3945,37079.9453,33822.8398
1622462400000,35509.0703,37288.6523,33729.4883
1622476800000,35613.5703,37522.3867,33704.7539
1622491200000,35814.9648,37777.6641,33852.2617
1622505600000,36004.8945,37751.7656,34258.0195
1622520000000,36165.2852,37772.9883,34557.582
1622534400000,36295.6797,37717.1719,34874.1836
1622548800000,36311.3203,37724.3164,34898.3242
1622563200000,36281.3555,37706.6484,34856.0664
1622577600000,36363.4648,37736.4922,34990.4375
1622592000000,36390.3203,37756.4922,35024.1484
1622606400000,36502.0352,37867.168,35136.9062
1622620800000,36693.0352,37544.6055,35841.4688
1622635200000,36846.8555,37814.9492,35878.7656
1622649600000,36919.9297,38018.7148,35821.1406
1622664000000,36958.8203,38103.7031,35813.9414
1622678400000,37012.9297,38205.1992,35820.6602
1622692800000,37109.25,38554.7031,35663.7969
1622707200000,37256.9648,38916.8125,35597.1133
1622721600000,37377.8945,39143.1172,35612.668
1622736000000,37520.75,39334.8828,35706.6172
1622750400000,37735.4297,39594.0625,35876.7969
1622764800000,37878.7148,39448.8047,36308.6211
1622779200000,37875.1445,39456.3633,36293.9219
1622793600000,37882,39439.5742,36324.4258
1622808000000,37863.8555,39457.125,36270.5859
1622822400000,37837.0703,39486.4102,36187.7305
1622836800000,37753.3203,39474.7031,36031.9375
1622851200000,37721.5,39450.4961,35992.5039
1622865600000,37725.6445,39453.1953,35998.0938
1622880000000,37600.1445,39577.2656,35623.0234
1622894400000,37436.9297,39433.4492,35440.4102
1622908800000,37221.2148,39242.8906,35199.5391
1622923200000,37004.9297,39064.7891,34945.0703
1622937600000,36817.9648,38734.0039,34901.9258
1622952000000,36598.7852,37994.1094,35203.4648
1622966400000,36451.1445,37670.9805,35231.3047
1622980800000,36419.5,37642.6875,35196.3125
1622995200000,36360.3945,37627.293,35093.4922
1623009600000,36275.7852,37526.3789,35025.1914
1623024000000,36245.2148,37462.1055,35028.3203
1623038400000,36196.5,37366.9258,35026.0742
1623052800000,36122.1445,37088.918,35155.3672
1623067200000,36010.1797,36521.0547,35499.3008
1623081600000,35993.0703,36537.3945,35448.7461
1623096000000,35794.2148,37149.6719,34438.7578
1623110400000,35583.2852,37634.5469,33532.0234
1623124800000,35401.7852,37857.0938,32946.4766
1623139200000,35195.7148,37892.9844,32498.4434
1623153600000,34879.5,38048.3789,31710.623
1623168000000,34663.1445,37940.9766,31385.3086
1623182400000,34463.7852,37687.0273,31240.543
1623196800000,34257.1797,37495.9531,31018.4023
1623211200000,34142.3945,37268.1641,31016.6211
1623225600000,34041.3555,36954.6719,31128.043
1623240000000,34054.5352,37007.5469,31101.5254
1623254400000,34049.4297,36986.6055,31112.252
1623268800000,34146.8945,37413.1992,30880.5859
1623283200000,34242.5703,37746.1992,30738.9434
1623297600000,34489.3555,38236.5508,30742.1621
1623312000000,34848.4648,38837.8945,30859.0352
1623326400000,35131.5352,39109.4531,31153.6172
1623340800000,35387.8555,39270.4414,31505.2734
1623355200000,35742.1055,39093.9961,32390.2188
1623369600000,36022.2852,38994.9844,33049.5859
1623384000000,36291.2148,38924.7695,33657.6562
1623398400000,36614.7148,38480.3867,34749.043
1623412800000,36803.2148,38090.1133,35516.3164
1623427200000,36966.5703,37773.1797,36159.9609
1623441600000,37036.6445,37784.8047,36288.4805
1623456000000,36984.6797,37988.0781,35981.2812
1623470400000,36831.1797,38143.9102,35518.4492
1623484800000,36732.3945,38190.5195,35274.2656
1623499200000,36617.4648,38223.0703,35011.8594
1623513600000,36467.3555,37979.8242,34954.8906
1623528000000,36367.9648,37927.6445,34808.2852
1623542400000,36237.0703,37965.6172,34508.5273
1623556800000,36135.1055,37912.4727,34357.7422
1623571200000,36072.5,37816.9531,34328.0469
1623585600000,35993.5703,37631.625,34355.5195
1623600000000,36012.75,37720.2188,34305.2812
1623614400000,36170.8203,38458.543,33883.0977
1623628800000,36294.1055,38958.1836,33630.0312
1623643200000,36454.9648,39581.5977,33328.3281
1623657600000,36713.9297,40095.1719,33332.6836
1623672000000,37102.5703,40941.2578,33263.8867
1623686400000,37398.8203,41360.125,33437.5195
1623700800000,37766,41861.0547,33670.9453
1623715200000,38101.6445,42245.3203,33957.9688
1623729600000,38447.7852,42485.7891,34409.7812
1623744000000,38803.2852,42361.6875,35244.8828
1623758400000,39146.6445,42157.7344,36135.5508
1623772800000,39435.0352,41862.8242,37007.2461
1623787200000,39726.1797,41281.4336,38170.9219
1623801600000,39896.0703,40944.5312,38847.6133
1623816000000,39974.25,40910.3906,39038.1094
1623830400000,39980.5703,40890.7383,39070.4023
1623844800000,39923.9648,41008.1836,38839.7461
1623859200000,39884.0352,41104.957,38663.1172
1623873600000,39714.9297,41088.2422,38341.6133
1623888000000,39649.8945,41098.7305,38201.0547
1623902400000,39557.1445,40935.9883,38178.2969
1623916800000,39465.9648,40767.8906,38164.0391
1623931200000,39366.9297,40582.0391,38151.8164
1623945600000,39213.7148,40671.7617,37755.6641
1623960000000,39069.5352,40559.4258,37579.6484
1623974400000,38924.8203,40443.8281,37405.8164
1623988800000,38751.5,40235.8398,37267.1602
1624003200000,38591.9297,39968.8398,37215.0156
1624017600000,38323.6797,39855.2109,36792.1484
1624032000000,38055.1797,40172.668,35937.6875
1624046400000,37840.9297,40209.9141,35471.9414
1624060800000,37585.6445,40300.9961,34870.293
1624075200000,37404.1055,40235.2227,34572.9883
1624089600000,37198.6797,40007.0352,34390.3242
1624104000000,36978.1797,39594.9961,34361.3594
1624118400000,36747.5703,39113.0117,34382.1289
1624132800000,36496.3945,38582.5234,34410.2617
1624147200000,36341.8203,38371.8047,34311.8359
1624161600000,36167.9648,37988.7812,34347.1445
1624176000000,35878.0352,37788.3711,33967.7031
1624190400000,35642.8203,37402.9062,33882.7344
1624204800000,35475.2852,36768.4375,34182.1328
1624219200000,35419.8945,36617.8477,34221.9414
1624233600000,35372.25,36634.5078,34109.9922
1624248000000,35171.0352,36910.625,33431.4453
1624262400000,34988.1055,37206.8633,32769.3516
1624276800000,34766.0352,37231.168,32300.9023
1624291200000,34523.6055,37141.4844,31905.7305
1624305600000,34200.5,37049.9492,31351.0527
1624320000000,33989.9297,36731.4219,31248.4336
1624334400000,33787.25,36476.4492,31098.0527
1624348800000,33479.2148,36287.418,30671.0098
1624363200000,33196.1797,35881.5352,30510.8242
1624377600000,33094.3203,35781.0039,30407.6387
1624392000000,32959.4297,35557.0977,30361.7578
1624406400000,32853.4297,35138.1953,30568.6621
1624420800000,32739.3574,34581.8867,30896.8281
1624435200000,32686.0352,34337.9453,31034.127
1624449600000,32723.4277,34422.6484,31024.207
1624464000000,32749.3223,34445.3633,31053.2793
1624478400000,32820.9297,34581.4609,31060.3984
1624492800000,32823.8555,34582.6953,31065.0195
1624507200000,32911.25,34536.7812,31285.7188
1624521600000,32973.25,34669.1523,31277.3457
1624536000000,33060.5,34804.8711,31316.1309
1624550400000,33317.4297,34952.9648,31681.8926
1624564800000,33530.7148,35014.9883,32046.4414
1624579200000,33716.9297,35252.1055,32181.75
1624593600000,33842.0703,35246.1133,32438.0293
1624608000000,33792.2852,35224.3672,32360.2031
1624622400000,33688.7852,35250.0586,32127.5156
1624636800000,33566.3945,35300.9648,31831.8203
1624651200000,33428.1445,35448.0234,31408.2617
1624665600000,33362.7852,35506.668,31218.9062
1624680000000,33150.0352,35683.3398,30616.7305
1624694400000,33091.5,35710.4258,30472.5742
1624708800000,32998.7148,35736.8867,30260.543
1624723200000,32836.3555,35623.0859,30049.6309
1624737600000,32722.5,35461.4102,29983.5898
1624752000000,32600.4648,35098.3672,30102.5605
1624766400000,32500.0723,34763.957,30236.1855
1624780800000,32372.8926,34214.5547,30531.2324
1624795200000,32296.4648,33888.6992,30704.2285
1624809600000,32263.3574,33791.3047,30735.4082
1624824000000,32417.9277,34400.4141,30435.4434
1624838400000,32576.8574,34801.875,30351.8398
1624852800000,32824.7852,35301.1094,30348.4609
1624867200000,32978.3203,35485.1367,30471.5059
1624881600000,33285.6797,35649.3711,30921.9883
1624896000000,33475.7852,35747.2852,31204.2871
1624910400000,33686.1055,35734.1328,31638.0801
1624924800000,33900.0703,35620.6953,32179.4473
1624939200000,34083.6797,35607.7773,32559.5801
1624953600000,34259.9297,35857.1836,32662.6738
1624968000000,34474.6055,36259.9648,32689.25
1624982400000,34699.6055,36601.1094,32798.1055
1624996800000,34894.5352,36698.3672,33090.7031
1625011200000,35058.1055,36440.6562,33675.5547
1625025600000,35094.6797,36465.8203,33723.5391
1625040000000,35125.5352,36452.6133,33798.457
1625054400000,35063.9648,36479.7148,33648.2148
1625068800000,35109.75,36436.5,33783
1625083200000,35111.6797,36437.8633,33785.4922
1625097600000,35088.8945,36470.8984,33706.8867
1625112000000,35007.1445,36636.8672,33377.418
1625126400000,34945,36698.3203,33191.6797
1625140800000,34844.0703,36764.0156,32924.125
1625155200000,34666.0352,36740.6562,32591.416
1625169600000,34471.1445,36426.7422,32515.5449
1625184000000,34219.8945,36017.0977,32422.6895
1625198400000,34036.6055,35608.2422,32464.9707
1625212800000,33887.25,35425.043,32349.457
1625227200000,33777.25,35125.1328,32429.3672
1625241600000,33666.6445,34894.8906,32438.3965
1625256000000,33638.4297,34836.9141,32439.9434
1625270400000,33551.8555,34582.6211,32521.0918
1625284800000,33514.2148,34346.0391,32682.3887
1625299200000,33547.3945,34500.1328,32594.6543
1625313600000,33638.5,34726.8633,32550.1367
1625328000000,33712.8945,34941.2734,32484.5117
1625342400000,33802.9297,35116.9648,32488.8926
1625356800000,33916.25,35233.2695,32599.2305
1625371200000,34062.5703,35603.5625,32521.5801
1625385600000,34249,35805.2617,32692.7363
1625400000000,34400.75,35995.8711,32805.6289
1625414400000,34583,36078.2812,33087.7188
1625428800000,34697.8555,36145.8633,33249.8477
1625443200000,34772.75,36017.1289,33528.3711
1625457600000,34806.4297,35963.4219,33649.4336
1625472000000,34793.3945,36010.2305,33576.5547
1625486400000,34728.8203,36088.625,33369.0195
1625500800000,34695.5,36091.043,33299.957
1625515200000,34629.7852,36118.6719,33140.9023
1625529600000,34569.6445,36102.9805,33036.3086
1625544000000,34581.8555,36121.5625,33042.1523
1625558400000,34538.2148,36100.8789,32975.5469
1625572800000,34429.1445,35901.7344,32956.5508
1625587200000,34322.7148,35683.6562,32961.7734
1625601600000,34231.6445,35429.332,33033.9531
1625616000000,34153.3945,35114.543,33192.2422
1625630400000,34113.9297,34917.0508,33310.8086
1625644800000,34148.8945,35028.1367,33269.6484
1625659200000,34169.0703,35069.0703,33269.0742
1625673600000,34259.6797,35060.0859,33459.2695
1625688000000,34277,35028.1914,33525.8086
1625702400000,34218.5,35124.3906,33312.6094
1625716800000,34132.5703,35384.5898,32880.5508
1625731200000,34047.3945,35497.7891,32596.9961
1625745600000,33906.9648,35395.0859,32418.8418
1625760000000,33831.1445,35388.8281,32273.4551
1625774400000,33747.4648,35376.8906,32118.0371
1625788800000,33671.2148,35345.0703,31997.3574
1625803200000,33575.1797,35267.8516,31882.5078
1625817600000,33453.75,35118.6367,31788.8633
1625832000000,33367.6445,34874.6289,31860.6562
1625846400000,33267.5352,34539.457,31995.6152
1625860800000,33215.4648,34326,32104.9297
1625875200000,33156.8203,34026.0352,32287.6094
1625889600000,33150.8203,34002.1055,32299.5391
1625904000000,33186.3203,34097.3008,32275.3418
1625918400000,33284.0352,34167.2695,32400.8008
1625932800000,33332.1055,34155.7305,32508.4824
1625947200000,33375.1797,34165.3594,32584.998
1625961600000,33406.5703,34167.2578,32645.8848
1625976000000,33450.4648,34148.75,32752.1777
1625990400000,33512.1055,34168.6133,32855.6016
1626004800000,33589.2148,34175.0039,33003.4219
1626019200000,33668.5,34048.4922,33288.5078
1626033600000,33719.0703,34191.6953,33246.4492
1626048000000,33790.1445,34358.5586,33221.7266
1626062400000,33823.7148,34443.6719,33203.7539
1626076800000,33803.8945,34443.8086,33163.9766
1626091200000,33775.0352,34456.3555,33093.7148
1626105600000,33704.2852,34551.2969,32857.2734
1626120000000,33649.8945,34547.375,32752.4102
1626134400000,33627.75,34565.1836,32690.3164
1626148800000,33603.8945,34569.8359,32637.9492
1626163200000,33575.1445,34583.293,32566.9922
1626177600000,33524.8555,34614.6016,32435.1133
1626192000000,33416.7148,34665.4609,32167.9688
1626206400000,33328.6797,34588.918,32068.4395
1626220800000,33180.8203,34624.4688,31737.1738
1626235200000,33013.5352,34468.8086,31558.2637
1626249600000,32871,34120.7773,31621.2227
1626264000000,32765.2852,33745.0391,31785.5312
1626278400000,32707.6426,33594.3672,31820.918
1626292800000,32668,33482.9375,31853.0625
1626307200000,32656.25,33468.1484,31844.3535
1626321600000,32611.75,33390.4102,31833.0898
1626336000000,32527,33344.9922,31709.0078
1626350400000,32419.8223,33268.2539,31571.3887
1626364800000,32312.5,33205.9883,31419.0117
1626379200000,32247.6074,33129.9297,31365.2871
1626393600000,32221.1074,33119.6016,31322.6133
1626408000000,32154.5,33034.5859,31274.4141
1626422400000,32103.9648,33128.8867,31079.041
1626436800000,32117.5,33136.332,31098.6699
1626451200000,32079.9277,33088.3398,31071.5195
1626465600000,31979.3926,32964.9766,30993.8086
1626480000000,31878.6426,32832.9688,30924.3164
1626494400000,31785.3574,32609.3828,30961.332
1626508800000,31696.2852,32394.7988,30997.7715
1626523200000,31646.7852,32202.2559,31091.3145
1626537600000,31643,32192.6582,31093.3418
1626552000000,31630.9277,32185.6113,31076.2461
1626566400000,31675.3926,32285.5293,31065.2559
1626580800000,31662.8223,32264.084,31061.5586
1626595200000,31654.4277,32244.668,31064.1895
1626609600000,31624.1074,32228.2617,31019.9531
1626624000000,31663.3223,32190.9102,31135.7324
1626638400000,31640.6426,32117.709,31163.5762
1626652800000,31615.4277,32070.5391,31160.3184
1626667200000,31630.9648,32067.6875,31194.2422
1626681600000,31627.7852,32074.6562,31180.916
1626696000000,31567.5352,32242.1543,30892.918
1626710400000,31519.8574,32321.5762,30718.1387
1626724800000,31450.8223,32315.6992,30585.9453
1626739200000,31290.75,32553.3652,30028.1348
1626753600000,31171.1074,32635.0234,29707.1914
1626768000000,30995.5723,32537.0918,29454.0508
1626782400000,30868.2852,32453.7441,29282.8262
1626796800000,30722.8926,32314.8828,29130.9023
1626811200000,30609.8223,32229.793,28989.8496
1626825600000,30480.5352,32038.0684,28923.0039
1626840000000,30411.4648,31811.3984,29011.5312
1626854400000,30409.8926,31804.7383,29015.0488
1626868800000,30431.8926,31908.4492,28955.3359
1626883200000,30458.7852,32006.3008,28911.2695
1626897600000,30562.8223,32327.3145,28798.3281
1626912000000,30649.2852,32549.1621,28749.4082
1626926400000,30742.5352,32787.7031,28697.3672
1626940800000,30908.0723,32928.1406,28888.0039
1626955200000,31099.5,33177.9375,29021.0625
1626969600000,31290.8926,33306.8984,29274.8848
1626984000000,31460.25,33378.4297,29542.0703
1626998400000,31661.6426,33407.8203,29915.4648
1627012800000,31854.4277,33294.1562,30414.7012
1627027200000,32030.1074,32944.0586,31116.1543
1627041600000,32136.3926,32754.3691,31518.416
1627056000000,32187.2852,32706.9941,31667.5762
1627070400000,32310.5723,33196.5781,31424.5645
1627084800000,32455.1426,33497.1992,31413.0859
1627099200000,32577.1777,33808.4492,31345.9102
1627113600000,32714.75,34051.2578,31378.2422
1627128000000,32839.9648,34255.1562,31424.7734
1627142400000,32980.2148,34386.9219,31573.5078
1627156800000,33105,34624.5898,31585.4121
1627171200000,33233.4297,34785.7227,31681.1348
1627185600000,33406.7852,35033.418,31780.1543
1627200000000,33535.1445,35163.9922,31906.293
1627214400000,33657.8555,35205.4219,32110.291
1627228800000,33804.7852,35187.3516,32422.2207
1627243200000,34027.0352,35366.3828,32687.6895
1627257600000,34460.6445,36780.9453,32140.3398
1627272000000,34785.8945,37741.1992,31830.5859
1627286400000,35130.9297,38566.4531,31695.4043
1627300800000,35470.75,39241.6133,31699.8887
1627315200000,35862.7148,40002.8086,31722.6211
1627329600000,36102.5703,40140.9219,32064.2207
1627344000000,36313,40167,32459
1627358400000,36518.3945,40213.2891,32823.4961
1627372800000,36795.6797,40321.6016,33269.7578
1627387200000,37047.1055,40440.0586,33654.1562
1627401600000,37290.25,40354.8164,34225.6836
1627416000000,37669.1797,40401.8438,34936.5117
1627430400000,38061.8945,40310.1172,35813.668
1627444800000,38382.75,40277.293,36488.207
1627459200000,38557.3945,40811.1133,36303.6719
1627473600000,38663.25,40975.9766,36350.5234
1627488000000,38799.2148,41272.4023,36326.0273
1627502400000,38902.0352,41446.957,36357.1133
1627516800000,38920.9648,41482.582,36359.3477
1627531200000,39113.0703,41537.7578,36688.3828
1627545600000,39324.1055,41402.0195,37246.1953
1627560000000,39524.9297,41221.3359,37828.5234
1627574400000,39639,41124.4727,38153.5273
1627588800000,39767.1445,41035.9727,38498.3164
1627603200000,39923.5703,40553.0312,39294.1133
1627617600000,39939.8203,40535.2695,39344.3711
1627632000000,39854.6445,40746.5117,38962.7734
1627646400000,39795,40774.7773,38815.2227
1627660800000,39733.6445,40559.8008,38907.4844
1627675200000,39917.6445,41450.168,38385.1172
1627689600000,40021.1055,41836.4414,38205.7734
1627704000000,40131.3945,42110.3672,38152.418
1627718400000,40274.8945,42368.9648,38180.8203
1627732800000,40391.8555,42574.082,38209.6289
1627747200000,40501.0703,42701.0508,38301.0938
1627761600000,40609.1445,42835.5664,38382.7188
1627776000000,40809.8945,43155.9922,38463.793
1627790400000,40929.4648,43272.5664,38586.3594
1627804800000,41046.4648,43349.5859,38743.3398
1627819200000,41158.0352,43342.5664,38973.5039
1627833600000,41344.2852,43030.9961,39657.5742
1627848000000,41399.3203,42812.7773,39985.8633
1627862400000,41390.6797,42841.6836,39939.6719
1627876800000,41236.8555,42748.1055,39725.6094
1627891200000,41070.9297,42779.2148,39362.6445
1627905600000,40937.4297,42762.5898,39112.2695
1627920000000,40762.6055,42755.4531,38769.7617
1627934400000,40589.9297,42694.0508,38485.8086
1627948800000,40399.3555,42686.9922,38111.7188
1627963200000,40193.2852,42583.7617,37802.8125
1627977600000,39908.2148,42094.7734,37721.6523
1627992000000,39656.0703,41774.7617,37537.3828
1628006400000,39398.2148,41377.8008,37418.6289
1628020800000,39177,40943.582,37410.418
1628035200000,38939.8203,40385.7852,37493.8555
1628049600000,38794.5703,40260.8633,37328.2773
1628064000000,38676.7852,40070.9961,37282.5742
1628078400000,38619.0352,39828.7539,37409.3203
1628092800000,38634.6797,39894.918,37374.4414
1628107200000,38638.5703,39912.0078,37365.1367
1628121600000,38658.3203,39971.9609,37344.6836
1628136000000,38639.1055,39931.8516,37346.3633
1628150400000,38593.2148,39928.625,37257.8047
1628164800000,38605.6797,39942.9453,37268.4102
1628179200000,38767.2148,40488.4688,37045.9609
1628193600000,38961.3555,40957.0234,36965.6875
1628208000000,39122.3555,41144.8359,37099.8789
1628222400000,39304.2852,41414.8633,37193.707
1628236800000,39487,41535.8516,37438.1484
1628251200000,39802.7852,42065.5625,37540.0078
1628265600000,40145.3945,42722.0273,37568.7578
1628280000000,40400.75,43276.3516,37525.1484
1628294400000,40683.2148,43986.2695,37380.1602
1628308800000,40932.3203,44432.6523,37431.9883
1628323200000,41245.1055,44935.3711,37554.8438
1628337600000,41567,45156.6953,37977.3047
1628352000000,41996.1055,45186.6836,38805.5312
1628366400000,42414.9648,45309.832,39520.0977
1628380800000,42673.5,45565.3359,39781.6641
1628395200000,42955.1055,45861.2969,40048.918
1628409600000,43256.4297,45835.6602,40677.1953
1628424000000,43489.2148,45675.1641,41303.2656
1628438400000,43721.1055,45144.9648,42297.25
1628452800000,43835.4297,44990.6641,42680.1953
1628467200000,43877.1055,44936.2734,42817.9414
1628481600000,43945.8945,44844.4141,43047.3711
1628496000000,44108,45464.2383,42751.7617
1628510400000,44300.0703,45849.5703,42750.5703
1628524800000,44455.5352,46206.4336,42704.6367
1628539200000,44664.2852,46542.3516,42786.2188
1628553600000,44787.3203,46699.7812,42874.8633
1628568000000,44887.5352,46895.0117,42880.0625
1628582400000,44961.8945,46960.6484,42963.1367
1628596800000,44985.6797,46985.1602,42986.1992
1628611200000,45059.6797,47054.168,43065.1914
1628625600000,45174.1055,47093.7812,43254.4336
1628640000000,45306.7148,47062.8477,43550.582
1628654400000,45490.1797,47119.1875,43861.168
1628668800000,45665.5,46879.8633,44451.1367
1628683200000,45850.9297,46577.0117,45124.8477
1628697600000,45888.6445,46684.4531,45092.832
1628712000000,45859.0703,46679.3086,45038.8359
1628726400000,45852.8555,46670.0234,45035.6875
1628740800000,45777.1445,46611.7305,44942.5547
1628755200000,45708.8555,46693.9961,44723.7188
1628769600000,45579.1445,46819.9844,44338.3047
1628784000000,45509.7852,46887,44132.5742
1628798400000,45455,46940.957,43969.043
1628812800000,45434,46924.7266,43943.2734
1628827200000,45468.6055,46995.0234,43942.1914
1628841600000,45508.5,47075.4297,43941.5703
1628856000000,45509.2148,47077.7617,43940.668
1628870400000,45544,47171.8672,43916.1328
1628884800000,45645.25,47617.7031,43672.7969
1628899200000,45723.7852,47900.7617,43546.8125
1628913600000,45877.5,48263.4336,43491.5664
1628928000000,45923.3945,48334.9102,43511.875
1628942400000,46043.8945,48474.793,43612.9922
1628956800000,46207.4648,48579.1914,43835.7383
1628971200000,46413.75,48536.0977,44291.4023
1628985600000,46591.1445,48409.082,44773.2031
1629000000000,46691.4648,48126.9023,45256.0273
1629014400000,46743.5,48002.793,45484.207
1629028800000,46751.2852,47995.3906,45507.1797
1629043200000,46763.6445,47987.2969,45539.9883
1629057600000,46808.3555,48021.2227,45595.4922
1629072000000,46877.8203,48112.1836,45643.4609
1629086400000,46842,47989.2031,45694.7969
1629100800000,46838.8555,47978.1133,45699.6016
1629115200000,46744.6445,47815.4336,45673.8516
1629129600000,46712.8203,47829.6367,45596.0078
1629144000000,46639.7852,47823.4141,45456.1602
1629158400000,46594.4297,47759.6875,45429.168
1629172800000,46512.0703,47692.5703,45331.5742
1629187200000,46510.3555,47688.668,45332.043
1629201600000,46506.7852,47694.043,45319.5273
1629216000000,46474.8203,47742.5977,45207.043
1629230400000,46366.1445,47937.0547,44795.2305
1629244800000,46274.7148,47985.3633,44564.0664
1629259200000,46128.8203,47905.5742,44352.0703
1629273600000,45937.5703,47691.7695,44183.375
1629288000000,45829.2148,47403.2773,44255.1484
1629302400000,45640.5352,46961.5352,44319.5352
1629316800000,45523.1445,46869,44177.2852
1629331200000,45375.25,46876.5039,43873.9961
1629345600000,45294.5703,46795.3242,43793.8203
1629360000000,45136.9648,46595.3281,43678.6016
1629374400000,45129.2148,46571.8672,43686.5625
1629388800000,45116.8203,46501.0703,43732.5703
1629403200000,45192.0703,46800.6602,43583.4805
1629417600000,45306.1797,47187.7305,43424.625
1629432000000,45461,47460.6797,43461.3203
1629446400000,45599.75,47732.2305,43467.2695
1629460800000,45869.2148,48513.7734,43224.6523
1629475200000,46152,49086.6406,43217.3594
1629489600000,46403.75,49755.1797,43052.3203
1629504000000,46686.4297,50148.4375,43224.418
1629518400000,46996.9297,50466.5781,43527.2773
1629532800000,47319.75,50453.6133,44185.8867
1629547200000,47638.8203,50573.6133,44704.0273
1629561600000,47980.25,50285.6172,45674.8828
1629576000000,48196.4648,50196.125,46196.8047
1629590400000,48349.25,50189.1484,46509.3516
1629604800000,48524.9648,50200.6836,46849.2461
1629619200000,48674.2852,50175.9844,47172.5859
1629633600000,48796.2852,49908.2031,47684.3672
1629648000000,48917.5352,49422.082,48412.9883
1629662400000,48956.6445,49488.9961,48424.2891
1629676800000,49073.2852,49943.0781,48203.4961
1629691200000,49136.5352,50185.3594,48087.7148
1629705600000,49250.3945,50483.0781,48017.707
1629720000000,49288.1797,50524.7461,48051.6133
1629734400000,49339.8203,50508.8945,48170.7461
1629748800000,49361.75,50533.9883,48189.5117
1629763200000,49387.4297,50541.7539,48233.1016
1629777600000,49458.75,50592.418,48325.082
1629792000000,49502.9297,50583.7539,48422.1016
1629806400000,49437.6055,50670.0195,48205.1953
1629820800000,49372.0352,50741.8906,48002.1797
1629835200000,49311.6797,50881.7227,47741.6328
1629849600000,49261.9648,50947.0195,47576.9062
1629864000000,49181.2148,50956.5938,47405.832
1629878400000,48984.7148,50812.4336,47156.9922
1629892800000,48883.0703,50576.6016,47189.543
1629907200000,48754.8203,50209.0039,47300.6406
1629921600000,48715.1445,50107.6875,47322.5977
1629936000000,48617.25,50029.0469,47205.4531
1629950400000,48428.1055,49992.5195,46863.6953
1629964800000,48249.4297,49919.043,46579.8125
1629979200000,48029.8555,49611.4844,46448.2305
1629993600000,47849.7852,49308.8594,46390.7109
1630008000000,47743.5703,49259.2539,46227.8867
1630022400000,47639.7148,49197.207,46082.2227
1630036800000,47624.8203,49183.6914,46065.9531
1630051200000,47585.8555,49132.7422,46038.9727
1630065600000,47588.8555,49140.4375,46037.2773
1630080000000,47641.3945,49238.375,46044.4102
1630094400000,47661.9648,49324.375,45999.5547
1630108800000,47682.4648,49399.5547,45965.375
1630123200000,47680.8945,49393.1523,45968.6328
1630137600000,47740.8555,49537.9883,45943.7266
1630152000000,47881.1797,49699.957,46062.3984
1630166400000,48013.4297,49781.6055,46245.25
1630180800000,48168.5,49850.3906,46486.6094
1630195200000,48262.4648,49799.6367,46725.293
1630209600000,48381.0352,49707.2695,47054.8008
1630224000000,48480.3203,49492.0742,47468.5703
1630238400000,48552.9648,49403.6641,47702.2656
1630252800000,48650.6797,49250.3047,48051.0508
1630267200000,48693.5703,49246.3359,48140.8047
1630281600000,48668.25,49311.6445,48024.8555
1630296000000,48587.7852,49279.2891,47896.2812
1630310400000,48516.5,49251.4414,47781.5586
1630324800000,48451.6445,49168.7422,47734.543
1630339200000,48443.6445,49149.5938,47737.6914
1630353600000,48310.0703,49299.0117,47321.1289
1630368000000,48199.8555,49324.3711,47075.3438
1630382400000,48118.1445,49181.2461,47055.0391
1630396800000,48103.6445,49164.5039,47042.7852
1630411200000,48028.4648,49111.0156,46945.9141
1630425600000,47969.5,49097.2383,46841.7617
1630440000000,47874.3555,49028.4219,46720.2891
1630454400000,47751.2148,48841.5391,46660.8867
1630468800000,47637.4297,48582.793,46692.0625
1630483200000,47624.0352,48555.4727,46692.6016
1630497600000,47593.8945,48506.3594,46681.4258
1630512000000,47613.9648,48567.8203,46660.1055
1630526400000,47671.9297,48812.3945,46531.4609
1630540800000,47744.2852,49204.7656,46283.8086
1630555200000,47953.25,49727.4258,46179.0742
1630569600000,48167.0703,50208.0625,46126.082
1630584000000,48296.5352,50452.75,46140.3203
1630598400000,48392.3203,50614.4453,46170.1992
1630612800000,48525.7148,50732.7148,46318.7148
1630627200000,48678.6055,50841.5469,46515.668
1630641600000,48835.1797,50853.1484,46817.2109
1630656000000,49060.1055,50950.4766,47169.7383
1630670400000,49303.7148,51057.9102,47549.5195
1630684800000,49502.6055,51149.2344,47855.9805
1630699200000,49680.6797,50933.1445,48428.2109
1630713600000,49829.0352,50822.0586,48836.0117
1630728000000,49926.0703,50790.8984,49061.2422
1630742400000,49948.0703,50799.5078,49096.6328
1630756800000,49946.8555,50798.5078,49095.207
1630771200000,49938.8945,50784.7891,49093
1630785600000,49964.6797,50790.0469,49139.3086
1630800000000,49989.4648,50763.7578,49215.1719
1630814400000,50032.5703,50717.2148,49347.9297
1630828800000,50086.5,50716.3164,49456.6836
1630843200000,50148.4648,50639.0273,49657.8984
1630857600000,50183.7148,50760.332,49607.0938
1630872000000,50269.5352,51281.2734,49257.8008
1630886400000,50347.3945,51581.5586,49113.2266
1630900800000,50475.6797,51910.7266,49040.6328
1630915200000,50557.0703,52070.7031,49043.4375
1630929600000,50656.7148,52257.5273,49055.9023
1630944000000,50788.7852,52442.2734,49135.2969
1630958400000,50989.8555,52836.2344,49143.4805
1630972800000,51180.8945,53144.5469,49217.2383
1630987200000,51356,53292.1055,49419.8945
1631001600000,51444.3555,53179.6172,49709.0977
1631016000000,51212.25,54147.8945,48276.6055
1631030400000,50958.5703,54683.6992,47233.4414
1631044800000,50716.5703,54996.7383,46436.4023
1631059200000,50411.1797,55219.0938,45603.2656
1631073600000,49929.8555,55378.1797,44481.5352
1631088000000,49555.1055,55195.4531,43914.7617
1631102400000,49142.5352,54900.1055,43384.9648
1631116800000,48784.75,54548.8164,43020.6836
1631131200000,48386.1055,54075.25,42696.9648
1631145600000,47970.5352,53444.6016,42496.4688
1631160000000,47512.5352,52358.5586,42666.5117
1631174400000,47055.0703,50969.9961,43140.1484
1631188800000,46667.3945,49219.0117,44115.7734
1631203200000,46352.8945,47255.6094,45450.1758
1631217600000,46330.6797,47214.8242,45446.5312
1631232000000,46329.2852,47211.043,45447.5312
1631246400000,46279.0703,47115.75,45442.3906
1631260800000,46269.1055,47100.0898,45438.1211
1631275200000,46293.0703,46996.918,45589.2227
1631289600000,46236.5,47017.1094,45455.8906
1631304000000,46148.8945,47214.2383,45083.5508
1631318400000,46060.0352,47219.1602,44900.9102
1631332800000,45986.2148,47260.8164,44711.6133
1631347200000,45955.75,47248.6445,44662.8555
1631361600000,45903.5352,47194.918,44612.1523
1631376000000,45835.0352,47134.5156,44535.5547
1631390400000,45703.5352,46875.2109,44531.8594
1631404800000,45613.6797,46694.4336,44532.9258
1631419200000,45542.6445,46542.0977,44543.1875
1631433600000,45495.9297,46320.6953,44671.1602
1631448000000,45478,46255.0391,44700.9609
1631462400000,45446.8945,46113,44780.7891
1631476800000,45490,46221.332,44758.668
1631491200000,45417.8203,46273.6367,44562.0078
1631505600000,45392.4648,46333.3125,44451.6133
1631520000000,45369.75,46343.9141,44395.5859
1631534400000,45320.7852,46419.2188,44222.3516
1631548800000,45263.3945,46388.4336,44138.3555
1631563200000,45220.3945,46340.7422,44100.043
1631577600000,45208.8555,46326.8945,44090.8203
1631592000000,45250.75,46400.1875,44101.3125
1631606400000,45298.25,46507.6953,44088.8047
1631620800000,45395.1445,46813.9961,43976.2891
1631635200000,45425.3555,46914.5508,43936.1641
1631649600000,45512.1055,47225.1797,43799.0352
1631664000000,45596.6797,47483.6992,43709.6562
1631678400000,45678.4297,47726.5273,43630.332
1631692800000,45886.8203,48046.8867,43726.7578
1631707200000,46159,48491.9961,43826.0039
1631721600000,46386.8945,48794.2344,43979.5508
1631736000000,46656.6445,48930.9922,44382.293
1631750400000,46859.7852,48918.5898,44800.9805
1631764800000,47101.1797,49004.3867,45197.9727
1631779200000,47296.2148,48914.3125,45678.1172
1631793600000,47459.6797,48862.082,46057.2734
1631808000000,47563.8555,48702.9258,46424.7852
1631822400000,47638.3945,48683.4453,46593.3398
1631836800000,47740.2852,48563.6758,46916.8984
1631851200000,47784.0352,48530.0586,47038.0117
1631865600000,47807.8945,48478.8984,47136.8867
1631880000000,47829.6055,48434.1914,47225.0234
1631894400000,47825.25,48439.3828,47211.1172
1631908800000,47752.2852,48373.2812,47131.2891
1631923200000,47742.2852,48347.3477,47137.2266
1631937600000,47778.8203,48517.9766,47039.668
1631952000000,47833.5,48624.7031,47042.2969
1631966400000,47836.25,48634.8594,47037.6406
1631980800000,47857.6797,48679.9297,47035.4258
1631995200000,47876.9297,48726.0352,47027.8203
1632009600000,47904,48718.8828,47089.1172
1632024000000,47928.5703,48747.5703,47109.5742
1632038400000,47887.5352,48764.75,47010.3203
1632052800000,47884.7852,48764.3047,47005.2656
1632067200000,47883.1445,48766.3125,46999.9766
1632081600000,47867.7852,48785.0703,46950.5
1632096000000,47732.3555,49226.9102,46237.8008
1632110400000,47557.6055,49673.5234,45441.6875
1632124800000,47258.3203,50132.9648,44383.6758
1632139200000,46914.9297,50173.5977,43656.2617
1632153600000,46592.75,50094.6836,43090.8164
1632168000000,46207.75,50007.3906,42408.1094
1632182400000,45810.2148,49841.832,41778.5977
1632196800000,45449.0703,49431.7109,41466.4297
1632211200000,45123.9297,49022.5742,41225.2812
1632225600000,44764.3945,48410.832,41117.9531
1632240000000,44384.4297,47994.9102,40773.9453
1632254400000,43886.4297,47462.7812,40310.0781
1632268800000,43504.5352,46617.6641,40391.4102
1632283200000,43165.2852,45502.4258,40828.1445
1632297600000,42905.4648,44900.5742,40910.3555
1632312000000,42789.4297,44494.1719,41084.6836
1632326400000,42763.9648,44421.6602,41106.2656
1632340800000,42744.3203,44357.1484,41131.4961
1632355200000,42759.1797,44416.0898,41102.2695
1632369600000,42849.2148,44676.7773,41021.6523
1632384000000,42920.2852,44789.0352,41051.5352
1632398400000,42958.2148,44872.1836,41044.2461
1632412800000,43066.5,45196.9414,40936.0586
1632427200000,43193.4648,45517.2266,40869.6992
1632441600000,43358.3945,45647.5664,41069.2188
1632456000000,43650.4648,45518.7227,41782.2031
1632470400000,43615.7852,45615.957,41615.6133
1632484800000,43575.3945,45682.5508,41468.2344
1632499200000,43607.4297,45625.2656,41589.5938
1632513600000,43582.0352,45628.8594,41535.2148
1632528000000,43529.5703,45631.832,41427.3086
1632542400000,43446.3203,45629.4297,41263.2148
1632556800000,43335.1055,45538.6406,41131.5742
1632571200000,43223.0703,45386.2383,41059.9023
1632585600000,43152.5703,45319.8203,40985.3242
1632600000000,43073.5703,45225.832,40921.3086
1632614400000,42891.1055,44858.6211,40923.5898
1632628800000,42633.3945,44436.7461,40830.0391
1632643200000,42546.9297,44122.1914,40971.6641
1632657600000,42443.4648,43526.6133,41360.3164
1632672000000,42566.4648,43606.5273,41526.3984
1632686400000,42654.8203,43681.5,41628.1445
1632700800000,42774,44010.4141,41537.5859
1632715200000,42836.4648,44164.2812,41508.6484
1632729600000,42918.9648,44328.8164,41509.1133
1632744000000,42984.6055,44374.3359,41594.8789
1632758400000,43023.9648,44388.8555,41659.0742
1632772800000,42984.1797,44416.332,41552.0273
1632787200000,42976.8945,44416.5234,41537.2617
1632801600000,42912.7148,44477.3672,41348.0625
1632816000000,42903.1055,44486.0391,41320.1719
1632830400000,42916.25,44446.5273,41385.9727
1632844800000,42807.1797,44480.7695,41133.5898
1632859200000,42639.8555,44518.1836,40761.5312
1632873600000,42562.4297,44419.2188,40705.6406
1632888000000,42509.2148,44333.4258,40685
1632902400000,42389.5352,44002.207,40776.8672
1632916800000,42241.7852,43716,40767.5703
1632931200000,42055.2148,43345.3086,40765.1211
1632945600000,41925.8555,43040.3789,40811.3359
1632960000000,41964.4297,43256.8125,40672.0469
1632974400000,42047.9648,43513.1523,40582.7773
1632988800000,42083.6055,43619.5508,40547.6602
1633003200000,42180.6055,43793.1758,40568.0391
1633017600000,42283.6055,44038.3242,40528.8906
1633032000000,42452,44301.4492,40602.5508
1633046400000,42597.5352,44467.6406,40727.4336
1633060800000,42868.3203,44835.2891,40901.3555
1633075200000,43247.7852,46296.4531,40199.1172
1633089600000,43598.1445,47262.4688,39933.8164
1633104000000,44003.25,48244.0156,39762.4844
1633118400000,44466.7148,48983.6289,39949.7969
1633132800000,44922.4297,49307.8594,40537
1633147200000,45367.8203,49530.5078,41205.1367
1633161600000,45659.6797,49859.1484,41460.207
1633176000000,45984,50106.2773,41861.7227
1633190400000,46354.6797,50287.5156,42421.8438
1633204800000,46679.5703,50222.7188,43136.4258
1633219200000,46993.5352,50120.6641,43866.4062
1633233600000,47287.9297,49888.7734,44687.0859
1633248000000,47602.9297,49232.1758,45973.6797
1633262400000,47821.8555,48309.3672,47334.3477
1633276800000,47915.8945,48591.5312,47240.2539
1633291200000,47977.1797,48589.0156,47365.3398
1633305600000,47938.4648,48595.7695,47281.1562
1633320000000,47918.6797,48568.1797,47269.1758
1633334400000,47923.4297,48563.375,47283.4844
1633348800000,47928.5352,48563.2969,47293.7734
1633363200000,48049.2148,49012.7891,47085.6406
1633377600000,48148.4648,49279.0234,47017.9062
1633392000000,48224.0703,49503.3398,46944.8008
1633406400000,48355.8203,49754.2812,46957.3633
1633420800000,48496.1797,50077.7578,46914.5977
1633435200000,48628.9297,50304.4766,46953.3828
1633449600000,48856,50949.2227,46762.7773
1633464000000,49114.0352,51521.9727,46706.0977
1633478400000,49309.2148,52014.1797,46604.2461
1633492800000,49540.0703,52378.0977,46702.043
1633507200000,49814.4297,52551.5742,47077.2812
1633521600000,50328,53954.9492,46701.0508
1633536000000,50861.4648,54915.9492,46806.9805
1633550400000,51399.0352,55676.875,47121.1953
1633564800000,51791,56257.7188,47324.2812
1633579200000,52191.3945,56674.418,47708.3672
1633593600000,52552.7852,56860.0664,48245.5078
1633608000000,52869.6797,56878.8359,48860.5234
1633622400000,53165.3203,56850.6523,49479.9922
1633636800000,53452.5,56629.3906,50275.6094
1633651200000,53641.5352,56564.2305,50718.8398
1633665600000,53881.1055,56597.5625,51164.6523
1633680000000,54151.0352,56627.957,51674.1133
1633694400000,54360.3555,56328.5352,52392.1797
1633708800000,54601.3555,55637.4922,53565.2227
1633723200000,54523.3945,55578.5039,53468.2812
1633737600000,54489.3203,55497.7188,53480.9219
1633752000000,54461.9648,55396.1328,53527.7969
1633766400000,54463.8203,55401.2891,53526.3555
1633780800000,54477.75,55442.5273,53512.9727
1633795200000,54500.5703,55468.9453,53532.1953
1633809600000,54573,55517.6641,53628.3359
1633824000000,54650.7852,55584.2188,53717.3516
1633838400000,54787.7148,55744.1875,53831.2422
1633852800000,54884.5,55704.2656,54064.7344
1633867200000,54926.5,55790.1758,54062.8242
1633881600000,54939.3945,55831.6641,54047.1211
1633896000000,54964.75,55809.8398,54119.6602
1633910400000,55098.6445,56273.1289,53924.1562
1633924800000,55305.6055,56613.2539,53997.9609
1633939200000,55436.8945,56810.8281,54062.957
1633953600000,55618.9648,57319.5859,53918.3438
1633968000000,55806.2852,57710.6484,53901.9219
1633982400000,55983.7852,58025.5938,53941.9766
1633996800000,56129.6797,58069.332,54190.0234
1634011200000,56302.5352,58227.6602,54377.4102
1634025600000,56456.2852,58322.8047,54589.7656
1634040000000,56500.5,58323.7461,54677.2539
1634054400000,56509.4297,58308.1719,54710.6836
1634068800000,56551.2852,58272.2188,54830.3516
1634083200000,56604.8555,58237.2109,54972.5
1634097600000,56600.0703,58254.6797,54945.4648
1634112000000,56500.6055,58306.207,54695.0078
1634126400000,56453.3945,58254.4883,54652.2969
1634140800000,56512.25,58363.4531,54661.0469
1634155200000,56506.2852,58345.3242,54667.25
1634169600000,56551.3555,58513.7656,54588.9492
1634184000000,56544.4297,58493.7578,54595.1016
1634198400000,56611.3555,58644.0664,54578.6484
1634212800000,56608.9648,58638.0977,54579.832
1634227200000,56653.6797,58765.4531,54541.9023
1634241600000,56727.0703,58860.957,54593.1875
1634256000000,57024.1797,59434.8047,54613.5508
1634270400000,57259.1445,59860.5117,54657.7734
1634284800000,57493.5352,60277.5039,54709.5703
1634299200000,57880.2852,60479.668,55280.9023
1634313600000,58331.6055,61099.6992,55563.5117
1634328000000,58724.8945,61719.168,55730.6172
1634342400000,59039.9297,62279.3477,55800.5078
1634356800000,59350.3945,62734.7695,55966.0156
1634371200000,59604.3555,63119.8789,56088.8359
1634385600000,59859.8945,63220.5586,56499.2266
1634400000000,60089.7852,63253.3828,56926.1875
1634414400000,60344.5352,63137.9961,57551.0781
1634428800000,60579.75,63045.9844,58113.5156
1634443200000,60793.75,62513.7344,59073.7656
1634457600000,60904.1797,62464.8945,59343.4648
1634472000000,61010.9297,62297.0703,59724.7852
1634486400000,61080.7852,62123.2461,60038.3281
1634500800000,61188.0352,62093.6719,60282.4023
1634515200000,61232.75,62253.2695,60212.2305
1634529600000,61247.3555,62299.3203,60195.3945
1634544000000,61195.4297,62225.625,60165.2344
1634558400000,61215.2852,62297.2734,60133.2969
1634572800000,61198.2852,62256.4609,60140.1094
1634587200000,61275.2852,62418.0469,60132.5234
1634601600000,61398.5,62706.4141,60090.5859
1634616000000,61499.6445,62861.3359,60137.9492
1634630400000,61572,62968.2578,60175.7422
1634644800000,61721.3203,63010.1797,60432.4648
1634659200000,61952.5,63730.8672,60174.1328
1634673600000,62203.6797,64230.0898,60177.2695
1634688000000,62445.8555,64418.9727,60472.7422
1634702400000,62626.25,64706.6016,60545.8984
1634716800000,62749.6797,64904.1836,60595.1719
1634731200000,63112.8945,66118.3984,60107.3906
1634745600000,63503.8203,66708.3203,60299.3203
1634760000000,63789.8945,67130.2891,60449.4922
1634774400000,64056.8555,67202.2734,60911.4375
1634788800000,64276.2852,67263.5391,61289.0352
1634803200000,64438.25,67289.3438,61587.1602
1634817600000,64488.9297,67210.9375,61766.918
1634832000000,64534.1055,67120.75,61947.4609
1634846400000,64515.8203,67164.0156,61867.6289
1634860800000,64443.2852,67169.25,61717.3164
1634875200000,64380.1445,67156.3984,61603.8906
1634889600000,64343.7148,67156.8281,61530.6016
1634904000000,64100.4648,67486.4219,60714.5039
1634918400000,63899.8555,67631.7812,60167.9336
1634932800000,63454,67095.4297,59812.5742
1634947200000,63084.8203,66480.1562,59689.4883
1634961600000,62720.7148,65854.3906,59587.0352
1634976000000,62462.8945,65319.9492,59605.8359
1634990400000,62203.4297,64670.375,59736.4805
1635004800000,61933,63958.7148,59907.2852
1635019200000,61811.8945,63758.6328,59865.1523
1635033600000,61701.5,63576.5938,59826.4062
1635048000000,61599.8555,63510.9609,59688.7539
1635062400000,61391.7148,63167.9219,59615.5039
1635076800000,61141.0703,62674.25,59607.8906
1635091200000,60948.2852,61842.3633,60054.207
1635105600000,60964.8203,61848.0117,60081.6328
1635120000000,61040.6445,62107.2305,59974.0547
1635134400000,61176.8555,62510.3047,59843.4062
1635148800000,61284.6445,62854.2969,59714.9883
1635163200000,61478.8555,63451.2969,59506.418
1635177600000,61561.6797,63640.4219,59482.9336
1635192000000,61677.5703,63908.8594,59446.2852
1635206400000,61801.1797,64080.125,59522.2344
1635220800000,61883.0352,64173.3594,59592.7109
1635235200000,61993.8945,64309.543,59678.2422
1635249600000,62125.7852,64356.707,59894.8633
1635264000000,62251.7852,64251.7773,60251.793
1635278400000,62276.25,64166.582,60385.918
1635292800000,62281,64155.7461,60406.2539
1635307200000,62210.3945,64340.957,60079.832
1635321600000,61961.6797,64777.6758,59145.6797
1635336000000,61692.1797,64889.457,58494.8984
1635350400000,61431.9297,64819.9453,58043.9102
1635364800000,61061.7148,64527.0117,57596.418
1635379200000,60785.3945,64284.9062,57285.8789
1635393600000,60491.8203,63838.1953,57145.4492
1635408000000,60361.4648,63468.1992,57254.7305
1635422400000,60269.0352,63187.7344,57350.3359
1635436800000,60166.2852,62802.4844,57530.0859
1635451200000,60029.25,62317.9727,57740.5273
1635465600000,60002.3555,62200.0898,57804.6211
1635480000000,60024.5,62238.1797,57810.8203
1635494400000,60038.9648,62274.4141,57803.5156
1635508800000,60215.2852,62759.0508,57671.5195
1635523200000,60499.6797,63163.2734,57836.082
1635537600000,60746.9297,63404.7422,58089.1133
1635552000000,60933.5703,63477.5,58389.6406
1635566400000,61158.4648,63322.0156,58994.9141
1635580800000,61355.2852,63118.8398,59591.7344
1635595200000,61524.1797,62729.0078,60319.3477
1635609600000,61580.0703,62754.0977,60406.0469
1635624000000,61632.6055,62799.7969,60465.418
1635638400000,61660.5352,62823.5469,60497.5234
1635652800000,61713.6445,62758.1289,60669.1562
1635667200000,61626.8203,62841.332,60412.3125
1635681600000,61625.75,62844.0234,60407.4766
1635696000000,61612.5352,62862.5742,60362.4961
1635710400000,61542.2148,62714.1172,60370.3086
1635724800000,61352.7852,62618.5625,60087.0078
1635739200000,61350.0352,62607.3711,60092.6992
1635753600000,61362.0703,62637.5859,60086.5547
1635768000000,61362.1055,62637.6523,60086.5625
1635782400000,61351.4648,62620.125,60082.8047
1635796800000,61316.8945,62605.2031,60028.582
1635811200000,61270.8203,62535.582,60006.0625
1635825600000,61247.6055,62474.0273,60021.1875
1635840000000,61338.9648,62868.9102,59809.0195
1635854400000,61530.9297,63632.5273,59429.332
1635868800000,61757.2852,64044.5117,59470.0586
1635883200000,61952.8945,64262.1328,59643.6523
1635897600000,62130.6445,64436.0273,59825.2617
1635912000000,62274.25,64634.8594,59913.6406
1635926400000,62506.3203,64530.1719,60482.4688
1635940800000,62501.6797,64527.6992,60475.6562
1635955200000,62569.6445,64576.6016,60562.6875
1635969600000,62664.5352,64608.5977,60720.4727
1635984000000,62739.25,64574.0312,60904.4688
1635998400000,62812.4648,64416.8438,61208.0859
1636012800000,62840,64337.9414,61342.0586
1636027200000,62804.5703,64434.7344,61174.4062
1636041600000,62674.75,64477.625,60871.875
1636056000000,62484.3945,64192.5273,60776.2578
1636070400000,62384.6445,63960.1523,60809.1328
1636084800000,62306.5,63801.293,60811.707
1636099200000,62166.6445,63639.5977,60693.6875
1636113600000,61981.8203,63422.2891,60541.3555
1636128000000,61835.6055,63154.2812,60516.9336
1636142400000,61751.6797,63107.0469,60396.3086
1636156800000,61632.3945,62861.1055,60403.6797
1636171200000,61481,62530.2422,60431.7578
1636185600000,61330.5,62335.9414,60325.0586
1636200000000,61243.7852,62234.8594,60252.7148
1636214400000,61224.3203,62203.5625,60245.082
1636228800000,61254.25,62243.8555,60264.6445
1636243200000,61324.25,62436.6055,60211.8945
1636257600000,61350.75,62492.5898,60208.9102
1636272000000,61331.9648,62419.2539,60244.6758
1636286400000,61321.8945,62379.2188,60264.5703
1636300800000,61400.9297,62600.3945,60201.4648
1636315200000,61579.2148,63095.1133,60063.3125
1636329600000,61873.1445,64288.5273,59457.7578
1636344000000,62227.0703,65396.5391,59057.6016
1636358400000,62578.3945,66263.1016,58893.6875
1636372800000,62982,67033.7891,58930.207
1636387200000,63373.3203,67420.7031,59325.9414
1636401600000,63866.3203,68174.5781,59558.0664
1636416000000,64390.3945,69066.2109,59714.5703
1636430400000,64850.2852,69578.1094,60122.4648
1636444800000,65241.2852,69946.2969,60536.2734
1636459200000,65599.0391,69963.4219,61234.6484
1636473600000,65947.6406,69869.7656,62025.5195
1636488000000,66298.75,69593.7031,63003.793
1636502400000,66595.6406,69092.1328,64099.1523
1636516800000,66821.75,68554.625,65088.8789
1636531200000,66916.3906,68435.2656,65397.5195
1636545600000,67089.5,68707.1875,65471.8125
1636560000000,67134.1094,68674.8438,65593.3672
1636574400000,67021.4297,68923.8516,65119.0039
1636588800000,66940.5703,69104.1406,64777.0039
1636603200000,66769.8594,69064.1562,64475.5586
1636617600000,66534.1797,68709.2031,64359.1562
1636632000000,66310.6406,68491.6875,64129.6016
1636646400000,66130.6094,68233.2656,64027.9492
1636660800000,65988.2891,68147.2344,63829.3359
1636675200000,65844,68010.0625,63677.9375
1636689600000,65670.6094,67837.1641,63504.0469
1636704000000,65472.5352,67773.7188,63171.3555
1636718400000,65236.0703,67735.6719,62736.4688
1636732800000,65044.3945,67503.6328,62585.1484
1636747200000,64739.3945,66352.9453,63125.8398
1636761600000,64529.5,65766.4609,63292.5391
1636776000000,64469.75,65708.7109,63230.7852
1636790400000,64387.0703,65686.9141,63087.2305
1636804800000,64349.6445,65578.0469,63121.2344
1636819200000,64254.6445,65380.4375,63128.8477
1636833600000,64224.0703,65306.7148,63141.4258
1636848000000,64187.4648,65166.1875,63208.7422
1636862400000,64174,65120.4102,63227.5898
1636876800000,64145,65025.7656,63264.2344
1636891200000,64113.6445,64966.4531,63260.832
1636905600000,64140,64975.7266,63304.2734
1636920000000,64308.9297,65260.7305,63357.125
1636934400000,64441.1797,65630.0625,63252.293
1636948800000,64545.1797,65867.6797,63222.6758
1636963200000,64688.3203,66090.5703,63286.0742
1636977600000,64708.2852,66082.4922,63334.082
1636992000000,64753.0352,66018.5469,63487.5195
1637006400000,64674.3945,66071.0078,63277.7812
1637020800000,64456.8555,66836.6094,62077.1094
1637035200000,64199.3203,67232.1953,61166.4492
1637049600000,63908.1797,67441.4688,60374.8867
1637064000000,63625.3945,67489.6641,59761.1211
1637078400000,63325.3555,67517.9688,59132.7422
1637092800000,63041.1797,67514.375,58567.9805
1637107200000,62675.9297,67537.5234,57814.332
1637121600000,62262.6055,67056.4062,57468.8125
1637136000000,61905.6055,66328.3594,57482.8555
1637150400000,61481.3555,65518.457,57444.2578
1637164800000,61082.1445,64363.2812,57801.0039
1637179200000,60797.8203,63542.8828,58052.7578
1637193600000,60488.8203,62485.1016,58492.543
1637208000000,60218.2148,61237.6953,59198.7344
1637222400000,60099.4648,61155.8281,59043.1016
1637236800000,59906.9648,61303.1641,58510.7656
1637251200000,59718.1797,61376.0156,58060.3438
1637265600000,59448.25,61547.3555,57349.1445
1637280000000,59138.2852,61850.6914,56425.8789
1637294400000,58845.8555,61927.5312,55764.1836
1637308800000,58701.1055,61916.2461,55485.9688
1637323200000,58567.25,61748.4336,55386.0664
1637337600000,58375.3203,61313.6992,55436.9414
1637352000000,58263.1445,61111.4922,55414.793
1637366400000,58145.6797,60789.9492,55501.4062
1637380800000,58007.25,60357.8555,55656.6445
1637395200000,57917.5352,60056.1289,55778.9453
1637409600000,57764.3203,59625.0664,55903.5742
1637424000000,57781.75,59701.3594,55862.1406
1637438400000,57896.6445,60059.3203,55733.9688
1637452800000,57952.3945,60158.7305,55746.0547
1637467200000,58103.0703,60296.5391,55909.6055
1637481600000,58305.1055,60156.3789,56453.8359
1637496000000,58536.1797,59950.0117,57122.3438
1637510400000,58702.2148,59901.2969,57503.1328
1637524800000,58756.5,59871.2422,57641.7578
1637539200000,58710.0703,59975.082,57445.0586
1637553600000,58654.2852,60078.3203,57230.25
1637568000000,58556.6797,60164.5352,56948.8242
1637582400000,58542.3945,60157.9609,56926.8242
1637596800000,58351.3203,60431.6953,56270.9492
1637611200000,58251.8945,60571.375,55932.4102
1637625600000,58071.75,60369.9531,55773.5469
1637640000000,57811.2148,60128.4883,55493.9375
1637654400000,57625.1055,60030.1602,55220.0547
1637668800000,57472.3945,59768.8906,55175.8945
1637683200000,57404.6797,59598.7031,55210.6562
1637697600000,57284.4297,59227.5078,55341.3516
1637712000000,57073.2852,58682.4883,55464.082
1637726400000,56922.5703,58285.5,55559.6406
1637740800000,56867.6797,58203.5781,55531.7812
1637755200000,56826.8945,58138.0508,55515.7344
1637769600000,56804.0703,58098.8867,55509.2578
1637784000000,56731.3555,57790.0547,55672.6602
1637798400000,56861,57966.1055,55755.8945
1637812800000,56960.4297,58089.8438,55831.0156
1637827200000,57039.3945,58306.3711,55772.4141
1637841600000,57256.2148,58798.2539,55714.1719
1637856000000,57456.7852,59092.0039,55821.5703
1637870400000,57606.9297,59388.6094,55825.25
1637884800000,57619.4648,59409.2461,55829.6836
1637899200000,57580.2852,59395.4648,55765.1055
1637913600000,57390.6797,60026.9805,54754.375
1637928000000,57235.3203,60276.7031,54193.9375
1637942400000,57070.2148,60447.3438,53693.0859
1637956800000,56858.25,60634.9023,53081.5977
1637971200000,56681.5703,60661.8789,52701.2656
1637985600000,56483.4297,60611.4336,52355.4258
1638000000000,56257.6055,60418.4688,52096.7422
1638014400000,56062.0703,60195.3203,51928.8203
1638028800000,55840.5703,59849.1836,51831.9609
1638043200000,55530,59129.8594,51930.1406
1638057600000,55188.1797,58302.0547,52074.3047
1638072000000,54871.0352,57163.7383,52578.332
1638086400000,54624.6797,56130.1406,53119.2188
1638100800000,54432.7148,55127.9609,53737.4688
1638115200000,54498.2852,55088.2227,53908.3477
1638129600000,54709.7852,56279.9766,53139.5938
1638144000000,54927.1055,57006.25,52847.9648
1638158400000,55196.0352,57572.5781,52819.4922
1638172800000,55377.8945,57874.3164,52881.4688
1638187200000,55570.6055,58162.3984,52978.8164
1638201600000,55806.9297,58610.5352,53003.3242
1638216000000,56013.8945,58954.6523,53073.1367
1638230400000,56168.5703,59101.9609,53235.1836
1638244800000,56295.1055,59126.0977,53464.1172
1638259200000,56543.8555,59186.25,53901.4648
1638273600000,56736.3945,59155.7734,54317.0117
1638288000000,56961.7852,59091.4805,54832.0938
1638302400000,57149.8555,58711.6641,55588.0508
1638316800000,57347.3555,58084.8281,56609.8867
1638331200000,57339.9648,58079.8125,56600.1172
1638345600000,57325.4297,58067.3516,56583.5039
1638360000000,57407.8203,58436.4492,56379.1953
1638374400000,57447.6797,58446.8633,56448.4961
1638388800000,57453.5352,58446.332,56460.7422
1638403200000,57341.0352,58436.1133,56245.957
1638417600000,57271.3555,58355.9375,56186.7773
1638432000000,57218.5703,58392.0703,56045.0742
1638446400000,57219.3555,58391.0352,56047.6797
1638460800000,57150.1055,58328.2656,55971.9492
1638475200000,57098.3945,58316.4766,55880.3086
1638489600000,57002.8203,58228.2891,55777.3516
1638504000000,56989.9648,58219.9336,55759.9961
1638518400000,56963.8203,58170.4766,55757.168
1638532800000,56877.5352,58165.0547,55590.0195
1638547200000,56640.8203,58628.8555,54652.7891
1638561600000,56278.0352,58464.5117,54091.5625
1638576000000,55887.3555,58860.1172,52914.5977
1638590400000,55177.6445,60418.1641,49937.1211
1638604800000,54478.2148,61276.4297,47680
1638619200000,53867.8203,61213.6836,46521.957
1638633600000,53361.9648,60913.168,45810.7578
1638648000000,52837.75,60450.8633,45224.6367
1638662400000,52304.7852,59813.4375,44796.1328
1638676800000,51792.5703,59052.3867,44532.7539
1638691200000,51289.0352,58180.957,44397.1133
1638705600000,50661.8555,57010.6445,44313.0703
1638720000000,50081.3555,55381.5039,44781.2109
1638734400000,49610.4648,53761.7734,45459.1562
1638748800000,49265.9648,52673.1562,45858.7734
1638763200000,48895.3945,51303.4883,46487.2969
1638777600000,48651.5,50305.8867,46997.1133
1638792000000,48773.3945,50248.5547,47298.2344
1638806400000,48956.25,49797.0352,48115.4648
1638820800000,49110.6445,50184.5039,48036.7812
1638835200000,49228.5,50667.5898,47789.4102
1638849600000,49354.1445,51048.1758,47660.1094
1638864000000,49518.2148,51538.5312,47497.8984
1638878400000,49690.6445,52016.4688,47364.8164
1638892800000,49805.1055,52201.1133,47409.1016
1638907200000,49991.4648,52201.2578,47781.6719
1638921600000,50078.9648,52210.6836,47947.2461
1638936000000,50157,52268.1602,48045.8398
1638950400000,50167.6797,52258.0977,48077.2578
1638964800000,50326.6445,52196.1406,48457.1445
1638979200000,50457.3945,52074.5078,48840.2773
1638993600000,50563.7852,51962.0469,49165.5234
1639008000000,50591.25,51888.0312,49294.4688
1639022400000,50559.1445,51887.668,49230.6172
1639036800000,50432.8555,51909.75,48955.9648
1639051200000,50255.2148,52005.9922,48504.4375
1639065600000,49978.7852,52044.7578,47912.8164
1639080000000,49678.2852,51834.2422,47522.3281
1639094400000,49498.7148,51632.7383,47364.6914
1639108800000,49289.6445,51512.0391,47067.2461
1639123200000,49185.8203,51370.7109,47000.9297
1639137600000,49003.5703,51136.4414,46870.6992
1639152000000,48925.8945,51100.8125,46750.9727
1639166400000,48674.2148,50797.5156,46550.9141
1639180800000,48520.25,50400.168,46640.332
1639195200000,48348.2148,49889.6172,46806.8125
1639209600000,48255.7852,49652.2148,46859.3555
1639224000000,48165.6055,49212.4141,47118.8008
1639238400000,48108.3555,48998.5742,47218.1406
1639252800000,48172.8203,49268.0234,47077.6211
1639267200000,48292.4648,49489.0898,47095.8359
1639281600000,48416.1797,49644.9102,47187.4453
1639296000000,48469.7852,49754.6953,47184.875
1639310400000,48607.1797,49943.9766,47270.3789
1639324800000,48716.3555,50296.4453,47136.2695
1639339200000,48867.8945,50538.1016,47197.6836
1639353600000,48920.25,50539.7734,47300.7266
1639368000000,49034.9297,50331.5664,47738.293
1639382400000,49072.4648,50312.2227,47832.707
1639396800000,49013.4648,50493.4844,47533.4414
1639411200000,48903.7852,50775.2969,47032.2773
1639425600000,48755,50950.6016,46559.3984
1639440000000,48650.9297,51034.3477,46267.5117
1639454400000,48479.75,50970.6562,45988.8438
1639468800000,48357.8945,50840.7266,45875.0586
1639483200000,48181.6055,50721.9258,45641.2891
1639497600000,48018.0352,50583.2969,45452.7734
1639512000000,47928.5703,50346.7031,45510.4414
1639526400000,47786.6797,49853.6094,45719.7461
1639540800000,47652,49303.9336,46000.0664
1639555200000,47601.1055,49140.8242,46061.3906
1639569600000,47447.2148,48924.668,45969.7617
1639584000000,47436.4297,48874.8594,45997.9961
1639598400000,47552.3945,49162.125,45942.6602
1639612800000,47705.7148,49367.8164,46043.6133
1639627200000,47852.75,49490.082,46215.418
1639641600000,48014,49704.3906,46323.6094
1639656000000,48127.6445,49737.9297,46517.3555
1639670400000,48146.5,49738.0312,46554.9688
1639684800000,48203.1797,49653.5352,46752.8203
1639699200000,48269.8945,49541.4141,46998.3711
1639713600000,48172.2852,49598.0625,46746.5078
1639728000000,48090.7148,49616.1094,46565.3203
1639742400000,47967.9297,49698.4219,46237.4375
1639756800000,47867.3203,49704.2734,46030.3672
1639771200000,47834.2148,49775.1367,45893.293
1639785600000,47664.9297,49691.0508,45638.8047
1639800000000,47486.5352,49496.918,45476.1523
1639814400000,47359.8555,49231.3398,45488.375
1639828800000,47225.6055,48945.6211,45505.5938
1639843200000,47042.3555,48388.3281,45696.3867
1639857600000,46918.4297,47962.5859,45874.2695
1639872000000,46908.3203,47917.5586,45899.0859
1639886400000,46903,47897.7578,45908.2422
1639900800000,46857.8945,47738.0742,45977.7109
1639915200000,46872.7852,47769.3242,45976.2461
1639929600000,46840.7148,47733.1289,45948.3008
1639944000000,46852.3555,47730.3008,45974.4141
1639958400000,46847.75,47728.6445,45966.8555
1639972800000,46868.9297,47692.7656,46045.0898
1639987200000,46851.25,47730.625,45971.875
1640001600000,46822.6055,47784.8398,45860.3711
1640016000000,46789.7148,47747.5508,45831.8789
1640030400000,46792.0703,47750.7461,45833.3984
1640044800000,46887.3555,48014.4375,45760.2773
1640059200000,47012.0703,48437.6758,45586.4688
1640073600000,47093.3945,48779.5039,45407.2812
1640088000000,47156.1797,48966.5117,45345.8477
1640102400000,47261.5352,49225.6484,45297.4258
1640116800000,47382.4297,49520.4805,45244.3789
1640131200000,47567.8203,49867.5039,45268.1367
1640145600000,47751.6445,50139.1797,45364.1055
1640160000000,47917.2148,50305.1875,45529.2422
1640174400000,48093.1055,50378.2773,45807.9375
1640188800000,48296.5703,50315.8711,46277.2734
1640203200000,48484.8555,50039.6289,46930.0859
1640217600000,48621.3203,49777.4766,47465.1641
1640232000000,48710,49430.5156,47989.4844
1640246400000,48738.9297,49364.0898,48113.7695
1640260800000,48756.3555,49377.1367,48135.5781
1640275200000,48915.7852,50275.7383,47555.832
1640289600000,49087.0703,50732.6875,47441.457
1640304000000,49258.75,51161.3242,47356.1758
1640318400000,49407.7148,51494.1719,47321.2578
1640332800000,49532.5,51771.2656,47293.7344
1640347200000,49655.9297,52001.5859,47310.2695
1640361600000,49809.3555,52241.4297,47377.2852
1640376000000,49945.8555,52371.8359,47519.8789
1640390400000,50084,52479.7383,47688.2617
1640404800000,50249.2852,52531.0625,47967.5117
1640419200000,50403.25,52478.6602,48327.8398
1640433600000,50586.5703,52237.8906,48935.25
1640448000000,50770.1055,51878.082,49662.1328
1640462400000,50883.9648,51251.3906,50516.5352
1640476800000,50782.6797,51485.1094,50080.2461
1640491200000,50718.9297,51544.8438,49893.0117
1640505600000,50627.4648,51567.3164,49687.6133
1640520000000,50561.25,51519.6172,49602.8828
1640534400000,50515.0352,51445.6406,49584.4336
1640548800000,50502.2852,51413.1367,49591.4336
1640563200000,50493.5,51381.5508,49605.4492
1640577600000,50487.7852,51368.7188,49606.8516
1640592000000,50482.1797,51354.7773,49609.5781
1640606400000,50521.6055,51511.8242,49531.3906
1640620800000,50561.75,51616.8633,49506.6367
1640635200000,50562.1797,51617.5234,49506.8359
1640649600000,50480.8945,51581.0469,49380.7383
1640664000000,50394.6445,51673.7383,49115.5469
1640678400000,50360.3203,51736.1875,48984.4531
1640692800000,50290.0352,51835.7812,48744.293
1640707200000,50142.0352,52181.2188,48102.8516
1640721600000,49960.75,52406.0859,47515.4141
1640736000000,49791.0352,52425.4453,47156.6289
1640750400000,49561.9648,52366.1953,46757.7305
1640764800000,49327.8203,52153.3125,46502.3281
1640779200000,49131.3555,51922.9453,46339.7695
1640793600000,48872.2852,51680.0938,46064.4766
1640808000000,48512.25,51183.3867,45841.1133
1640822400000,48173.9297,50564.5234,45783.3359
1640836800000,47906.9648,49909.9922,45903.9336
1640851200000,47742.9648,49452.293,46033.6328
1640865600000,47594.0352,49116.8438,46071.2266
1640880000000,47476.4648,48711.6992,46241.2266
1640894400000,47344.3203,48280.0312,46408.6133
1640908800000,47309.25,48227.7539,46390.7461
1640923200000,47283.5703,48196.4297,46370.7148
1640937600000,47283.5703,48196.4297,46370.7148
1640952000000,47311.6055,48280.2109,46343
1640966400000,47164.8203,48411.0898,45918.5508
1640980800000,47037.6445,48290.418,45784.8672
1640995200000,47013.5352,48270.1406,45756.9297
1641009600000,47067.3945,48283.6719,45851.1133
1641024000000,47084.8203,48274.7578,45894.8867
1641038400000,47100.1445,48289.2422,45911.043
1641052800000,47086.5703,48260.9883,45912.1562
1641067200000,47128.8555,48348.5312,45909.1836
1641081600000,47111.8945,48313.8359,45909.9492
1641096000000,47116.9297,48319.2266,45914.6289
1641110400000,47118.4297,48321.168,45915.6914
1641124800000,47129.5,48336.668,45922.332
1641139200000,47053.4648,48167.125,45939.8047
1641153600000,47006.25,48012.8164,45999.6836
1641168000000,47084.9648,47795.3281,46374.6016
1641182400000,47146,47659.5938,46632.4062
1641196800000,47186.1797,47674.8047,46697.5508
1641211200000,47149.25,47705.7773,46592.7227
1641225600000,47122.3945,47781.4883,46463.2969
1641240000000,47069,47815.0234,46322.9766
1641254400000,46998.1445,47820.625,46175.6602
1641268800000,46912.25,47661.4805,46163.0195
1641283200000,46868.1055,47588.793,46147.4219
1641297600000,46849.3555,47550.9492,46147.7656
1641312000000,46763.3945,47553.5586,45973.2266
1641326400000,46656.7852,47516.3984,45797.1758
1641340800000,46621.3555,47476.1875,45766.5273
1641355200000,46555.8945,47329.1367,45782.6484
1641369600000,46517.2148,47294.1133,45740.3164
1641384000000,46485.7148,47207.5391,45763.8906
1641398400000,46292.0352,47341.9219,45242.1484
1641412800000,46059.1797,47853.5039,44264.8555
1641427200000,45806,48240.8047,43371.1953
1641441600000,45576,48318.2422,42833.7578
1641456000000,45327.9297,48366.2695,42289.5898
1641470400000,45073.7148,48261.9141,41885.5156
1641484800000,44838.0703,47998.1758,41677.9648
1641499200000,44565.5,47620.8086,41510.1914
1641513600000,44263.2852,47516.8711,41009.7031
1641528000000,43967.5352,47348.1406,40586.9297
1641542400000,43668.1055,46864.3516,40471.8633
1641556800000,43306.2148,46333.3125,40279.1172
1641571200000,42984.1445,45625.8945,40342.3906
1641585600000,42622.6797,44437.1719,40808.1875
1641600000000,42417.3555,43880.7031,40954.0117
1641614400000,42309.2148,43684.5703,40933.8594
1641628800000,42246.9648,43602.4141,40891.5156
1641643200000,42131.0703,43410.6133,40851.5312
1641657600000,41986.5703,43360.7812,40612.3633
1641672000000,41895.3203,43163.7852,40626.8555
1641686400000,41782.7148,42737.6914,40827.7383
1641700800000,41690.1797,42312.7812,41067.5781
1641715200000,41693.8555,42319.1758,41068.5391
1641729600000,41688.2148,42315.0312,41061.3984
1641744000000,41721.1797,42490.4336,40951.9219
1641758400000,41758.5703,42495.9336,41021.207
1641772800000,41773.7148,42517.4844,41029.9414
1641787200000,41809.0352,42553.543,41064.5273
1641801600000,41792.7852,42548.6562,41036.9141
1641816000000,41726.7852,42589.2734,40864.2969
1641830400000,41678.8203,42560.4609,40797.1797
1641844800000,41693.7148,42576.1289,40811.3008
1641859200000,41794.5,42575.8203,41013.1797
1641873600000,41831.2852,42636.6445,41025.9297
1641888000000,41830.6055,42636.0039,41025.2109
1641902400000,41825.9648,42632.8281,41019.0977
1641916800000,41906.4648,42902.7266,40910.2031
1641931200000,41985,43046.6016,40923.3984
1641945600000,41979.5352,43027.2734,40931.7969
1641960000000,42030.8945,43116.2461,40945.5391
1641974400000,42099.8945,43275.1328,40924.6562
1641988800000,42208.3555,43602.3242,40814.3906
1642003200000,42363.5703,43908.1914,40818.9492
1642017600000,42571.6445,44094.5,41048.7852
1642032000000,42730.6055,44141.4609,41319.75
1642046400000,42865.8203,44257.4883,41474.1562
1642060800000,42965.9297,44365.0195,41566.8359
1642075200000,43037.0352,44372.9531,41701.1172
1642089600000,43100.25,44272.6289,41927.8711
1642104000000,43160.3203,44111.4141,42209.2305
1642118400000,43138.4297,44120.5625,42156.2969
1642132800000,43132.9297,44125.4141,42140.4414
1642147200000,43089.8555,44212.6445,41967.0703
1642161600000,43128.3945,44212.1484,42044.6367
1642176000000,43141.75,44219.3203,42064.1797
1642190400000,43105.8555,44158.3633,42053.3516
1642204800000,43047.6445,44044.5273,42050.7578
1642219200000,42989.6797,43873.2305,42106.125
1642233600000,42954.0703,43790.5273,42117.6172
1642248000000,42932.25,43703.6602,42160.8398
1642262400000,42922.25,43659.4453,42185.0547
1642276800000,42913.2852,43639.9453,42186.625
1642291200000,42933.8203,43651.4062,42216.2383
1642305600000,42978.6445,43678.6523,42278.6328
1642320000000,43002.3203,43678.7656,42325.8789
1642334400000,43045,43697.707,42392.293
1642348800000,43103.1055,43450.1992,42756.0156
1642363200000,43100.0352,43447.9609,42752.1133
1642377600000,43068.0352,43484.4648,42651.6094
1642392000000,43041.1055,43502.8164,42579.3984
1642406400000,43023.1445,43521.3633,42524.9219
1642420800000,42981.0352,43550.0625,42412.0078
1642435200000,42926.3203,43610.5,42242.1445
1642449600000,42841.25,43568.7148,42113.7852
1642464000000,42736.5352,43475.082,41997.9922
1642478400000,42663.6797,43455.582,41871.7734
1642492800000,42584,43450.5039,41717.4961
1642507200000,42469.8555,43400.1055,41539.6094
1642521600000,42379,43338.2656,41419.7344
1642536000000,42317.25,43152.7578,41481.7422
1642550400000,42236.8555,43078.6172,41395.0977
1642564800000,42108.4648,42959.2734,41257.6562
1642579200000,42063.8203,42858.8945,41268.75
1642593600000,42015.1797,42732.6836,41297.6719
1642608000000,41959.3203,42582.0547,41336.5898
1642622400000,41901.6797,42466.5547,41336.8008
1642636800000,41880.9297,42414.9219,41346.9375
1642651200000,41871.3555,42386.7148,41356
1642665600000,41879.4648,42408.3516,41350.5781
1642680000000,41969.0352,42874.0898,41063.9844
1642694400000,42042.4648,43063.4883,41021.4414
1642708800000,41975.8945,43203.5977,40748.1914
1642723200000,41742.0352,43942.6992,39541.3711
1642737600000,41509.5703,44057.8086,38961.332
1642752000000,41308.25,44188.8086,38427.6914
1642766400000,41135.6797,44284.3633,37986.9922
1642780800000,40844.6445,44342.543,37346.7422
1642795200000,40448.2148,44539.875,36356.5547
1642809600000,40051.1055,44566.8164,35535.3984
1642824000000,39601.7852,44606.6914,34596.8789
1642838400000,39134.1055,44391.0195,33877.1914
1642852800000,38618,44038.9805,33197.0195
1642867200000,38072.3203,43499.3047,32645.3398
1642881600000,37483.9648,42261.8203,32706.1094
1642896000000,36924.3555,40779.9258,33068.7891
1642910400000,36560.4297,39853.7344,33267.1211
1642924800000,36363.5703,39510.3984,33216.7422
1642939200000,36091.5703,38879.2773,33303.8672
1642953600000,35799.1055,38185.7734,33412.4414
1642968000000,35615.3203,37340.7773,33889.8672
1642982400000,35427.6797,36565.4023,34289.9531
1642996800000,35315.6055,36330.7461,34300.4688
1643011200000,35127.7852,36291.5,33964.0742
1643025600000,35046.1055,36284.1484,33808.0664
1643040000000,35095.2148,36436.2383,33754.1875
1643054400000,35226,36781.5469,33670.4531
1643068800000,35363.2148,36979.8047,33746.625
1643083200000,35434.9648,37081.4844,33788.4414
1643097600000,35530.2852,37233.7422,33826.8281
1643112000000,35599.6055,37381.9453,33817.2695
1643126400000,35699.9648,37640.9453,33758.9844
1643140800000,35818.0703,37847.2812,33788.8633
1643155200000,36004.8555,38099.6641,33910.0508
1643169600000,36081.5,38285.1875,33877.8125
1643184000000,36277.6055,38659.9336,33895.2773
1643198400000,36500.6797,38903.0938,34098.2617
1643212800000,36777.0703,38656.5781,34897.5664
1643227200000,36960.3555,38210.2656,35710.4492
1643241600000,36935.2148,38265.668,35604.7578
1643256000000,36899.2148,38282.6445,35515.7812
1643270400000,36918.2852,38282.6289,35553.9414
1643284800000,36960.1445,38252.0352,35668.25
1643299200000,36947.3203,38264.5117,35630.1289
1643313600000,36991.6797,38293.5586,35689.7969
1643328000000,37009.7148,38323.375,35696.0547
1643342400000,36999.0703,38316.6914,35681.4492
1643356800000,36929.8555,38257.7266,35601.9883
1643371200000,36919.3203,38236.207,35602.4336
1643385600000,36857.2852,38023.9102,35690.6641
1643400000000,36836.75,37929.668,35743.832
1643414400000,36846.6445,37967.7461,35725.5391
1643428800000,36921.1445,38155.0234,35687.2656
1643443200000,37063.0352,38170.707,35955.3633
1643457600000,37162.2852,38175.6562,36148.9141
1643472000000,37245.4297,38283.6484,36207.2109
1643486400000,37354.1445,38440.9492,36267.3398
1643500800000,37476.3555,38398.0156,36554.6992
1643515200000,37552.5703,38533.8359,36571.3047
1643529600000,37607.75,38621.4531,36594.0469
1643544000000,37690.7852,38615.1953,36766.375
1643558400000,37768.25,38389.4297,37147.0703
1643572800000,37819.5352,38355.8594,37283.2109
1643587200000,37806.6797,38406.1328,37207.2227
1643601600000,37762.6055,38464.0078,37061.207
1643616000000,37733,38476.3008,36989.6992
1643630400000,37722.75,38463.2109,36982.2891
1643644800000,37773.0352,38598.0664,36948.0039
1643659200000,37838.1797,38725.8594,36950.5
1643673600000,37890.7852,38861.4141,36920.1562
1643688000000,37909.2148,38910.3867,36908.043
1643702400000,37945.5703,38983.6289,36907.5117
1643716800000,37974.5703,39064.6211,36884.5195
1643731200000,37994.1445,39103.1094,36885.1758
1643745600000,38047.7148,39217.625,36877.8047
1643760000000,38122.2148,39279.8438,36964.5859
1643774400000,38147.7148,39301.5508,36993.8789
1643788800000,38253.0352,39234.3789,37271.6953
1643803200000,38276.7148,39156.3555,37397.0742
1643817600000,38297.2852,39092.625,37501.9453
1643832000000,38240.1055,39275.6562,37204.5586
1643846400000,38126.1797,39381.2266,36871.1328
1643860800000,38022.7148,39382.5977,36662.832
1643875200000,37892.4648,39352.25,36432.6797
1643889600000,37782.8945,39292.0352,36273.75
1643904000000,37647.5352,39234.4023,36060.6719
1643918400000,37551.7852,39046.6602,36056.9102
1643932800000,37474.5703,38898.9141,36050.2266
1643947200000,37414.1055,38685.4961,36142.7188
1643961600000,37361.1445,38491.3672,36230.918
1643976000000,37448.9648,38971.25,35926.6797
1643990400000,37608.9297,39843.5703,35374.2852
1644004800000,37902.4297,40911.8164,34893.0391
1644019200000,38180.5352,41694.1328,34666.9414
1644033600000,38502.1445,42303.082,34701.2031
1644048000000,38833.2852,42799.4023,34867.168
1644062400000,39173.4297,43273.3555,35073.5
1644076800000,39514,43552.2539,35475.7461
1644091200000,39835.2148,43703.6172,35966.8086
1644105600000,40185.8555,43668.6523,36703.0625
1644120000000,40496.1797,43654,37338.3555
1644134400000,40796.7148,43442.1758,38151.2539
1644148800000,41056.1445,43161.2109,38951.0742
1644163200000,41335.6445,42454.0508,40217.2344
1644177600000,41541.2148,42196.5703,40885.8555
1644192000000,41689.75,42480.125,40899.375
1644206400000,41775.8945,42728.6289,40823.1562
1644220800000,41866.1445,42918.6953,40813.5898
1644235200000,42040.8203,43474.8359,40606.8086
1644249600000,42240.3203,44033.3594,40447.2852
1644264000000,42388.5,44340.9961,40436.0039
1644278400000,42577.2852,44672.3594,40482.2109
1644292800000,42826,45120.457,40531.543
1644307200000,43007.5703,45240.6562,40774.4844
1644321600000,43138.5703,45248.0781,41029.0625
1644336000000,43247.3203,45158.1289,41336.5117
1644350400000,43429.5,45114.2656,41744.7344
1644364800000,43544.8203,44945.5625,42144.0781
1644379200000,43648,44894.0078,42401.9922
1644393600000,43714.0352,44872.3125,42555.7578
1644408000000,43794.75,44822.1836,42767.3164
1644422400000,43920.2852,44817.9414,43022.6289
1644436800000,43958.8945,44887.9414,43029.8438
1644451200000,43925.25,44841.8398,43008.6602
1644465600000,43944.3945,44865.5391,43023.2461
1644480000000,43991.4648,45018.5469,42964.3789
1644494400000,43997.5,45046.2227,42948.7773
1644508800000,44024.5352,45091.125,42957.9453
1644523200000,44025.6797,45089.9531,42961.4023
1644537600000,44047.2148,45040.3359,43054.0938
1644552000000,43996.25,45053.4961,42939.0039
1644566400000,43997.4648,45051.75,42943.1797
1644580800000,43988.0352,45050.7383,42925.332
1644595200000,43917.5352,45152.6172,42682.4531
1644609600000,43810.9648,45277.5938,42344.3359
1644624000000,43654.2852,45260.375,42048.1992
1644638400000,43492.2852,45219.5938,41764.9766
1644652800000,43393.0703,45197.9453,41588.1992
1644667200000,43250,45117.0703,41382.9297
1644681600000,43093.5703,44755.418,41431.7266
1644696000000,42896.2852,44248.6367,41543.9375
1644710400000,42742.75,43855.5703,41629.9297
1644724800000,42666.7852,43706.9297,41626.6445
1644739200000,42605.5352,43579.3555,41631.7148
1644753600000,42550.8945,43434.8789,41666.9062
1644768000000,42457.2148,43251.1133,41663.3164
1644782400000,42340.1055,42773.6914,41906.5234
1644796800000,42280.1445,42698.4531,41861.832
1644811200000,42274.8945,42689.6602,41860.125
1644825600000,42262.1797,42684.668,41839.6914
1644840000000,42295.6797,42743.7383,41847.6172
1644854400000,42275.8945,42727.6992,41824.0859
1644868800000,42305.5352,42767.0234,41844.0469
1644883200000,42371.2148,43159.3516,41583.0742
1644897600000,42477.75,43512.0078,41443.4922
1644912000000,42623.2852,43993.4648,41253.1055
1644926400000,42751.2148,44342.1602,41160.2695
1644940800000,42858.7852,44561.5586,41156.0117
1644955200000,43000.4297,44904.0977,41096.7578
1644969600000,43138.2852,45026.1445,41250.4258
1644984000000,43291.4648,45149.3477,41433.582
1644998400000,43453.2852,45195.3281,41711.2422
1645012800000,43545.0703,45168.043,41922.1016
1645027200000,43696.5703,45144.1602,42248.9805
1645041600000,43788.7852,45102.6172,42474.9531
1645056000000,43892.9297,44844.1367,42941.7188
1645070400000,43992.8203,44574.9766,43410.668
1645084800000,43964.0703,44655.4375,43272.707
1645099200000,43836.1055,45102.3594,42569.8555
1645113600000,43617.3555,45446.1836,41788.5273
1645128000000,43353.3203,45739.4609,40967.1836
1645142400000,43117.1797,45837.1328,40397.2266
1645156800000,42839.1797,45703.957,39974.3984
1645171200000,42568.6797,45657.8672,39479.4922
1645185600000,42257.9297,45501.4141,39014.4414
1645200000000,41974.6055,45188.793,38760.4219
1645214400000,41717.8555,44947.1797,38488.5352
1645228800000,41425.1797,44422.5898,38427.7656
1645243200000,41166.6445,43880.9414,38452.3438
1645257600000,40899.7148,43330.8398,38468.5898
1645272000000,40617.1445,42406.8828,38827.4023
1645286400000,40388.6055,41505.3594,39271.8555
1645300800000,40259.7148,40999.5898,39519.8398
1645315200000,40159.5703,40720.9961,39598.1484
1645329600000,40035,40905.6094,39164.3906
1645344000000,39866.7148,41033.8672,38699.5586
1645358400000,39700.5352,41016.7148,38384.3555
1645372800000,39571.8945,41016.2148,38127.5742
1645387200000,39467.0703,41025.4023,37908.7422
1645401600000,39374.7852,40897.2734,37852.3008
1645416000000,39325.1055,40807.4102,37842.8047
1645430400000,39143.2852,40796.0703,37490.5
1645444800000,39040.5703,40575.5391,37505.6055
1645459200000,38917.3945,40450.5078,37384.2812
1645473600000,38706.1055,40402.8906,37009.3242
1645488000000,38464.1055,40327.3555,36600.8594
1645502400000,38226.3203,40042.6367,36410.0078
1645516800000,38063.0352,39685.293,36440.7773
1645531200000,37990.9297,39568.2461,36413.6133
1645545600000,37971.5703,39538.6797,36404.4609
1645560000000,37963.25,39523.625,36402.875
1645574400000,37916.6797,39461.9336,36371.4219
1645588800000,37900.8555,39431.3828,36370.332
1645603200000,37890.1797,39393.8359,36386.5195
1645617600000,37834.5,39172.9844,36496.0156
1645632000000,37836.5703,39173.6523,36499.4922
1645646400000,37723.9648,38969.8477,36478.082
1645660800000,37496.7148,39371.0391,35622.3867
1645675200000,37373.2852,39558.6953,35187.875
1645689600000,37291.2148,39666.8906,34915.5352
1645704000000,37230.5,39697.8789,34763.1211
1645718400000,37216.5703,39679.625,34753.5195
1645732800000,37257.25,39773.8477,34740.6523
1645747200000,37319.9648,39953.7852,34686.1406
1645761600000,37339.4648,40003.6836,34675.2461
1645776000000,37412.3945,40170.7109,34654.0781
1645790400000,37501.9648,40427.4297,34576.4961
1645804800000,37496.8203,40413.5586,34580.0859
1645819200000,37545.2148,40549.8359,34540.5898
1645833600000,37672.7148,40827.4609,34517.9688
1645848000000,37812,41051.4648,34572.5352
1645862400000,38098.3555,40958.6211,35238.0938
1645876800000,38378.8555,40823.2422,35934.4727
1645891200000,38652.1797,40502.8203,36801.5352
1645905600000,38880.0703,39951.0938,37809.0469
1645920000000,38971.8203,39633.5664,38310.0781
1645934400000,39004.3555,39577.7305,38430.9844
1645948800000,39045,39670.1406,38419.8594
1645963200000,39107.0703,39672.5547,38541.5859
1645977600000,39023.25,39980.9531,38065.5469
1645992000000,38901.1055,40047.8711,37754.3438
1646006400000,38834.6797,40119.125,37550.2305
1646020800000,38773.6445,40063.2891,37483.9961
1646035200000,38697.1055,39953.8438,37440.3711
1646049600000,38814.1445,40477.2031,37151.082
1646064000000,38983.3945,41090.3555,36876.4297
1646078400000,39266.3203,42288.7539,36243.8867
1646092800000,39544.3555,43170.1523,35918.5586
1646107200000,39856.3203,43994.9297,35717.7109
1646121600000,40213.1797,44704.1953,35722.1641
1646136000000,40559.6055,45301.3008,35817.9141
1646150400000,40861.1445,45826.5859,35895.6992
1646164800000,41222.1445,46429.7031,36014.582
1646179200000,41705.2148,46725.8672,36684.5625
1646193600000,42153.5352,46768.0312,37539.0391
1646208000000,42605.9297,46616.1719,38595.6836
1646222400000,43017.3945,46315.0977,39719.6875
1646236800000,43400.5352,45440.3359,41360.7383
1646251200000,43621.1445,45096.2812,42146.0039
1646265600000,43764.9297,44541.8164,42988.0391
1646280000000,43785.0352,44513.3828,43056.6875
1646294400000,43801.3203,44481.1719,43121.4727
1646308800000,43734.5352,44665.168,42803.9023
1646323200000,43635.4648,44853.9375,42416.9883
1646337600000,43551.0352,44910.4062,42191.6641
1646352000000,43389.5703,45116.8164,41662.3242
1646366400000,43175.1445,45073.5938,41276.6914
1646380800000,42982.4297,44912.0078,41052.8516
1646395200000,42747.3945,44921.4922,40573.293
1646409600000,42436.3555,44961.332,39911.3789
1646424000000,42078.5,44949.6172,39207.3828
1646438400000,41745.8555,44857.2578,38634.457
1646452800000,41394.9648,44549.4453,38240.4844
1646467200000,41094,44255.6211,37932.3789
1646481600000,40787.1055,43800.5469,37773.668
1646496000000,40504.0703,43218.5977,37789.543
1646510400000,40278.1797,42795.0703,37761.2852
1646524800000,40068.8555,42387.5859,37750.1289
1646539200000,39849.5352,41766.4297,37932.6445
1646553600000,39626.2852,41466.9688,37785.6055
1646568000000,39442.0352,41026.4023,37857.6719
1646582400000,39229.8945,40278.2148,38181.5703
1646596800000,39066.2852,39831.1641,38301.4062
1646611200000,38931.9648,39818.75,38045.1797
1646625600000,38844.2852,39877.8594,37810.7109
1646640000000,38793.3945,39852.5664,37734.2188
1646654400000,38798.0703,39861.7422,37734.4023
1646668800000,38667.3555,39965.1562,37369.5586
1646683200000,38583.1055,39893.8203,37272.3945
1646697600000,38529.4648,39757.5664,37301.3594
1646712000000,38469.6445,39603.8047,37335.4805
1646726400000,38447.2148,39527.4883,37366.9375
1646740800000,38394.3203,39349.2266,37439.4141
1646755200000,38423.7148,39394.7656,37452.6641
1646769600000,38416.5352,39376.5938,37456.4766
1646784000000,38596,40321.7891,36870.2109
1646798400000,38838,41211.9219,36464.0781
1646812800000,39143.6445,41994.957,36292.3281
1646827200000,39474.75,42709.5273,36239.9727
1646841600000,39751.3203,43202.5117,36300.1289
1646856000000,39955,43557.7461,36352.2539
1646870400000,40203.8945,43504.2969,36903.4883
1646884800000,40290.9648,43412.1211,37169.8047
1646899200000,40320.1055,43387.3125,37252.9023
1646913600000,40364.0703,43344.6367,37383.5078
1646928000000,40397.5703,43324.6133,37470.5312
1646942400000,40452.5703,43273.4727,37631.6719
1646956800000,40450.7852,43276.0312,37625.543
1646971200000,40476.1445,43245.3125,37706.9727
1646985600000,40383.8203,43137.1055,37630.5352
1647000000000,40189.0352,42904.2578,37473.8125
1647014400000,39947.5703,42519.5938,37375.5469
1647028800000,39676.1445,41886.6953,37465.5898
1647043200000,39453.4297,41174.9648,37731.8906
1647057600000,39250.1445,40287.8555,38212.4297
1647072000000,39128.0703,39731.4414,38524.7031
1647086400000,39116.0703,39719.5664,38512.5781
1647100800000,39111,39716.8945,38505.1055
1647115200000,39084.1445,39711.9062,38456.3789
1647129600000,39065.3203,39664.9922,38465.6523
1647144000000,39040.7852,39607.0039,38474.5664
1647158400000,39040.7148,39607.0938,38474.3359
1647172800000,39029.3203,39597.3281,38461.3125
1647187200000,38954.2148,39256.3945,38652.0352
1647201600000,38861.2148,39543.0938,38179.3359
1647216000000,38816.6797,39591.6602,38041.6953
1647230400000,38843.6055,39627.7578,38059.457
1647244800000,38829.6797,39603.0352,38056.3203
1647259200000,38817.9648,39580.1445,38055.7852
1647273600000,38799.0703,39548.8828,38049.2617
1647288000000,38843.2148,39707.7305,37978.6992
1647302400000,38824.6055,39685.4688,37963.7422
1647316800000,38796.5352,39686.0195,37907.0508
1647331200000,38759.2148,39626.1094,37892.3203
1647345600000,38753.8555,39613.6562,37894.0586
1647360000000,38825.3555,39818.4805,37832.2344
1647374400000,38850.1445,39869.9375,37830.3477
1647388800000,38871.25,39902.4102,37840.0898
1647403200000,38999.8555,39879.8477,38119.8672
1647417600000,39170.25,40228.9727,38111.5273
1647432000000,39278.75,40566.793,37990.707
1647446400000,39420.75,40926.0586,37915.4414
1647460800000,39577.75,41288.0273,37867.4727
1647475200000,39735.9648,41536.6016,37935.3281
1647489600000,39813.1055,41684.3281,37941.8867
1647504000000,39955.6797,41783.6094,38127.7461
1647518400000,40127.0703,41777.3633,38476.7773
1647532800000,40284.2148,41750.5117,38817.918
1647547200000,40420.1797,41731.6289,39108.7305
1647561600000,40477.2852,41730.4883,39224.0859
1647576000000,40569.1445,41632.5859,39505.6992
1647590400000,40658.2148,41386.0391,39930.3906
1647604800000,40756.3945,41161.9336,40350.8516
1647619200000,40864.1055,41622.0156,40106.1992
1647633600000,40947.1055,41818.8516,40075.3633
1647648000000,41012.7148,41986.1055,40039.3203
1647662400000,41047.9648,42069.3398,40026.5898
1647676800000,41098.5352,42176.8945,40020.1758
1647691200000,41184.3555,42322.7422,40045.9727
1647705600000,41277.1445,42466.7812,40087.5039
1647720000000,41378.8945,42626.8789,40130.9062
1647734400000,41456.7852,42698.9961,40214.5742
1647748800000,41524.7148,42743.3516,40306.0781
1647763200000,41601.6445,42685.8047,40517.4844
1647777600000,41657.5703,42593.2969,40721.8477
1647792000000,41728.6797,42376.3086,41081.0469
1647806400000,41752.8203,42296.3086,41209.332
1647820800000,41666.0703,42364.2188,40967.9258
1647835200000,41619.2148,42370.293,40868.1367
1647849600000,41579.7852,42347.2734,40812.2969
1647864000000,41551.4297,42340.4297,40762.4258
1647878400000,41513.1445,42317.0039,40709.2812
1647892800000,41445.8555,42254.5586,40637.1523
1647907200000,41460.7852,42319.0781,40602.4922
1647921600000,41461.4297,42321.9922,40600.8672
1647936000000,41535.1055,42677.4453,40392.7695
1647950400000,41586.5703,42842.0469,40331.0977
1647964800000,41634.5,42938.4336,40330.5664
1647979200000,41706.3555,43050.1484,40362.5664
1647993600000,41755,43098.6172,40411.3828
1648008000000,41814.75,43140.6211,40488.8789
1648022400000,41902.0352,43111.7148,40692.3555
1648036800000,42009.5,43185.4805,40833.5195
1648051200000,42078.6797,43177.957,40979.4023
1648065600000,42197.6445,43259.0781,41136.207
1648080000000,42305.9297,43233.7656,41378.0898
1648094400000,42454.8203,43126.375,41783.2695
1648108800000,42504.0703,43208.6367,41799.5078
1648123200000,42631.4297,43658.3125,41604.543
1648137600000,42698.6797,43912.1953,41485.1602
1648152000000,42799.5352,44180.0508,41419.0234
1648166400000,42921.8555,44393.3164,41450.3984
1648180800000,43033.9297,44554.4141,41513.4414
1648195200000,43213.8203,44828.5781,41599.0625
1648209600000,43373.4648,44959.4375,41787.4922
1648224000000,43544.9297,45036.6602,42053.1992
1648238400000,43666,45110.4062,42221.5938
1648252800000,43822.25,45063.0508,42581.4492
1648267200000,43938.75,45110,42767.5
1648281600000,44055.5352,45018.0859,43092.9844
1648296000000,44135.8555,44932.207,43339.5078
1648310400000,44237.4648,44683.0547,43791.8711
1648324800000,44274.7852,44724.4219,43825.1484
1648339200000,44332.0352,44786.9062,43877.1641
1648353600000,44386,44845.9375,43926.0625
1648368000000,44427.5352,44836.2031,44018.8672
1648382400000,44494.5703,44857.5039,44131.6406
1648396800000,44511.7148,44911.5664,44111.8594
1648411200000,44688.9297,45933.1445,43444.7109
1648425600000,44874.8555,46603.2461,43146.4688
1648440000000,45067.0703,47076.8398,43057.3008
1648454400000,45271.8203,47536.1758,43007.4648
1648468800000,45479.3555,47951.6289,43007.0859
1648483200000,45738.2852,48427.9258,43048.6445
1648497600000,45948,48583.4062,43312.5938
1648512000000,46160.75,48729.7266,43591.7734
1648526400000,46362.0703,48827.832,43896.3125
1648540800000,46589.8945,48993.2422,44186.543
1648555200000,46782.0703,48987.5273,44576.6133
1648569600000,47007.5352,48879.9023,45135.1719
1648584000000,47192.25,48645.9219,45738.5781
1648598400000,47378.3203,48006.7539,46749.8906
1648612800000,47418.3555,47965.5781,46871.1367
1648627200000,47437.5,47949.6016,46925.3984
1648641600000,47449.25,47927.1094,46971.3906
1648656000000,47434.3555,47945.8242,46922.8906
1648670400000,47407.6797,47956.6328,46858.7227
1648684800000,47344.2852,47822.5078,46866.0664
1648699200000,47345.3203,47821.8203,46868.8242
1648713600000,47331.1797,47819.0273,46843.3281
1648728000000,47266.7148,47934.1094,46599.3203
1648742400000,47101.2852,48113.7461,46088.8242
1648756800000,46963.5352,48244.4414,45682.6289
1648771200000,46738.9648,48443.125,45034.8047
1648785600000,46565.5703,48431.1914,44699.9492
1648800000000,46396.0703,48344.8164,44447.3281
1648814400000,46335.75,48209.7188,44461.7812
1648828800000,46267.3203,48060.918,44473.7266
1648843200000,46204.3203,47927.9648,44480.6797
1648857600000,46170.9648,47844.543,44497.3867
1648872000000,46139.2852,47761.2539,44517.3164
1648886400000,46101.9297,47658.707,44545.1523
1648900800000,46040.3203,47490.3711,44590.2734
1648915200000,45967.4297,47285.082,44649.7734
1648929600000,45921.3945,47213.8125,44628.9727
1648944000000,45947.2148,47226.3359,44668.0938
1648958400000,46007.6797,47278.3203,44737.0391
1648972800000,46127.2852,47121.5312,45133.043
1648987200000,46225.0352,47013.5977,45436.4727
1649001600000,46320.8945,46775.4336,45866.3516
1649016000000,46311.2852,46752.7305,45869.8398
1649030400000,46285.1797,46754.1484,45816.207
1649044800000,46276.6445,46749.793,45803.4922
1649059200000,46244.7148,46687.9492,45801.4805
1649073600000,46173.8555,46677.4336,45670.2812
1649088000000,46129.2148,46600.375,45658.0508
1649102400000,46150.0703,46671.2344,45628.9102
1649116800000,46186.2148,46761.9062,45610.5234
1649131200000,46251.0703,46842.9219,45659.2227
1649145600000,46303.4648,46908.9609,45697.9688
1649160000000,46259.8203,46928.6445,45590.9961
1649174400000,46244.3555,46923.2656,45565.4492
1649188800000,46179.6055,46955.9492,45403.2656
1649203200000,46093.6055,47006.8164,45180.3984
1649217600000,46011.25,47003.1133,45019.3867
1649232000000,45926,47097.5156,44754.4844
1649246400000,45782.7148,47255.0625,44310.3672
1649260800000,45611.2148,47400.3125,43822.1172
1649275200000,45435.8555,47626.3086,43245.4062
1649289600000,45247.6445,47676.6094,42818.6758
1649304000000,45022.8203,47497.9922,42547.6523
1649318400000,44816.1797,47202.2539,42430.1055
1649332800000,44574.25,46826.6836,42321.8164
1649347200000,44337.0703,46336.4336,42337.7109
1649361600000,44171.2148,46057.9492,42284.4766
1649376000000,43996.5352,45591.3125,42401.7578
1649390400000,43872.9648,45238.9453,42506.9844
1649404800000,43736.25,44914.4102,42558.0898
1649419200000,43622.5352,44450.0352,42795.0352
1649433600000,43473.5352,44131.7812,42815.2891
1649448000000,43336.9297,44146.9961,42526.8594
1649462400000,43239.0703,44153.3359,42324.8086
1649476800000,43189.7148,44187.0938,42192.3359
1649491200000,43127.6055,44197.3164,42057.8984
1649505600000,43041.4648,44189.4883,41893.4375
1649520000000,42954.3555,44063.0625,41845.6523
1649534400000,42913.5,44007.0547,41819.9453
1649548800000,42870.9648,43937.3398,41804.5898
1649563200000,42813.7148,43840.7266,41786.6992
1649577600000,42750.3555,43683.5156,41817.1992
1649592000000,42678.1797,43427.5664,41928.7891
1649606400000,42674.3555,43411.7891,41936.9258
1649620800000,42566.5352,43115.3203,42017.7539
1649635200000,42523.8203,43111.1562,41936.4844
1649649600000,42528.2852,43107.9766,41948.5938
1649664000000,42433.3945,43393.4922,41473.293
1649678400000,42297.8945,43654.5938,40941.1953
1649692800000,42122.3203,43930.0352,40314.6094
1649707200000,41928.1445,44178.0352,39678.25
1649721600000,41727.75,44219.4492,39236.0508
1649736000000,41542.6797,44087.5039,38997.8555
1649750400000,41370.0352,43886.9883,38853.082
1649764800000,41194.8945,43680.1875,38709.6016
1649779200000,40951.1055,43466.8164,38435.3945
1649793600000,40760.1445,43102.2188,38418.0664
1649808000000,40533.7852,42450.8906,38616.6797
1649822400000,40388.6445,42090.8711,38686.4141
1649836800000,40216.1445,41650.8516,38781.4336
1649851200000,40132.7852,41145.2461,39120.3281
1649865600000,40132.5352,41144.0938,39120.9766
1649880000000,40172.9297,41290.6484,39055.2109
1649894400000,40268.9297,41521.4609,39016.3945
1649908800000,40394.1797,41668.9922,39119.3672
1649923200000,40480.1797,41720.7539,39239.6055
1649937600000,40465.75,41725.4805,39206.0195
1649952000000,40423.6055,41734.4453,39112.7656
1649966400000,40406.1055,41736.4453,39075.7695
1649980800000,40470.0703,41657.7852,39282.3594
1649995200000,40481.0703,41656.5859,39305.5586
1650009600000,40492.0352,41654.5,39329.5703
1650024000000,40513,41657.9648,39368.0352
1650038400000,40555.5352,41618.2656,39492.8047
1650052800000,40512.6445,41524.7383,39500.5469
1650067200000,40468.8555,41437.7656,39499.9492
1650081600000,40415.5352,41311.3438,39519.7266
1650096000000,40350.9297,41097.7422,39604.1172
1650110400000,40264.9297,40825.0938,39704.7656
1650124800000,40214.8203,40643.957,39785.6875
1650139200000,40244.1445,40654.4922,39833.793
1650153600000,40277.4297,40589.0039,39965.8516
1650168000000,40301.8945,40545.0547,40058.7305
1650182400000,40320.8555,40565.6914,40076.0234
1650196800000,40336.6055,40583.1133,40090.1016
1650211200000,40347.75,40585.2891,40110.2109
1650225600000,40295,40713.9062,39876.0938
1650240000000,40259.7852,40748.6406,39770.9297
1650254400000,40143.4648,40969.1836,39317.7422
1650268800000,40040,41041.2695,39038.7305
1650283200000,39958.6797,41016.8359,38900.5195
1650297600000,39977.5,41075.3398,38879.6602
1650312000000,40029.6445,41204.9102,38854.375
1650326400000,40063.4648,41284.207,38842.7227
1650340800000,40084.6797,41335.7617,38833.5938
1650355200000,40116.6797,41403.0078,38830.3516
1650369600000,40201.25,41660.1055,38742.3945
1650384000000,40270.0703,41854.7578,38685.3828
1650398400000,40343.7148,42045.6523,38641.7734
1650412800000,40415.7148,42199.5781,38631.8516
1650427200000,40533.9648,42323.8945,38744.0352
1650441600000,40696.6797,42602.5469,38790.8086
1650456000000,40864.1055,42506.9414,39221.2734
1650470400000,41021.9648,42292.918,39751.0117
1650484800000,41172,41983.8008,40360.1992
1650499200000,41244.6797,42045.0859,40444.2695
1650513600000,41320.0703,42133.8828,40506.2578
1650528000000,41445.6797,42365.2148,40526.1406
1650542400000,41550.9297,42424.9023,40676.9531
1650556800000,41589.5703,42344.8086,40834.332
1650571200000,41519.3945,42470.332,40568.4531
1650585600000,41452.9297,42544.0586,40361.7969
1650600000000,41397.25,42555.3828,40239.1172
1650614400000,41339.1797,42574.0391,40104.3203
1650628800000,41202.7852,42786.1875,39619.3828
1650643200000,41017.5352,42745.6719,39289.3984
1650657600000,40905.75,42756.0039,39055.4961
1650672000000,40781.75,42766.9492,38796.5508
1650686400000,40655.2852,42704.0039,38606.5664
1650700800000,40505.7852,42537.3672,38474.2031
1650715200000,40358.3555,42275.875,38440.8398
1650729600000,40165.8945,41712.1836,38619.6016
1650744000000,39972.75,41105.7305,38839.7695
1650758400000,39869.25,40770.4141,38968.0859
1650772800000,39816.8203,40655.6836,38977.957
1650787200000,39753.4297,40511.7617,38995.0977
1650801600000,39677.6055,40226.8477,39128.3672
1650816000000,39614.2852,39858.9844,39369.5859
1650830400000,39616.0703,39855.2617,39376.8828
1650844800000,39598.0703,39901.7383,39294.4062
1650859200000,39508.1797,40175.9688,38840.3906
1650873600000,39463.3203,40218.3164,38708.3281
1650888000000,39420.3203,40211.5391,38629.1016
1650902400000,39464.6797,40353.1836,38576.1758
1650916800000,39509.8555,40514.9766,38504.7383
1650931200000,39565.8555,40697.6367,38434.0781
1650945600000,39648.4297,40892.7578,38404.0977
1650960000000,39698.6055,41012.5664,38384.6484
1650974400000,39612.9297,41056.3984,38169.457
1650988800000,39516.4648,41123.1133,37909.8164
1651003200000,39406.1797,41169.3477,37643.0078
1651017600000,39309.3203,41149.0039,37469.6406
1651032000000,39284.8203,41125.9688,37443.6719
1651046400000,39267.75,41114.7422,37420.7578
1651060800000,39308.25,41104.3242,37512.1758
1651075200000,39309.2148,41104.2656,37514.1602
1651089600000,39325.6055,41112.4336,37538.7812
1651104000000,39262.9297,40981.0156,37544.8398
1651118400000,39188.6055,40786.8438,37590.3672
1651132800000,39126.7148,40571.5,37681.9297
1651147200000,39044.2148,40258.9414,37829.4883
1651161600000,39008.5,40073.8398,37943.1602
1651176000000,39093.6797,40184.3516,38003.0039
1651190400000,39184.2148,40184.5898,38183.8398
1651204800000,39291.5703,40104.957,38478.1875
1651219200000,39321.1445,40012.6406,38629.6484
1651233600000,39313.5703,40016.8945,38610.2461
1651248000000,39264.3555,40127.1797,38401.5352
1651262400000,39234.2852,40159.1211,38309.4492
1651276800000,39219.9648,40174.543,38265.3867
1651291200000,39178.2148,40181.2188,38175.207
1651305600000,39123.5703,40168.707,38078.4336
1651320000000,39057.8945,40146.4883,37969.2969
1651334400000,38971.5703,40044.668,37898.4766
1651348800000,38841.5703,40085.9062,37597.2383
1651363200000,38703.0352,39842.0703,37564
1651377600000,38576.0352,39622.5781,37529.4922
1651392000000,38463.1445,39418.4805,37507.8047
1651406400000,38384.0703,39106.6562,37661.4883
1651420800000,38316.0703,39071.082,37561.0625
1651435200000,38277.9648,38940.9023,37615.0234
1651449600000,38303,38994.7344,37611.2656
1651464000000,38323.6445,39062.6094,37584.6758
1651478400000,38315.1445,39042.043,37588.2422
1651492800000,38319.3555,39053.9922,37584.7227
1651507200000,38316.7852,39048.1211,37585.4492
1651521600000,38320.9297,39055.9883,37585.8711
1651536000000,38324.0703,39061.8359,37586.3086
1651550400000,38390.0352,39019.6211,37760.4531
1651564800000,38426.8203,39027.2344,37826.4102
1651579200000,38453.5352,38997.2188,37909.8516
1651593600000,38437.4648,39050.7695,37824.1602
1651608000000,38381.7852,39099.4648,37664.1094
1651622400000,38396.3203,39072.168,37720.4766
1651636800000,38411.2852,39101.1094,37721.4648
1651651200000,38435.25,39179.2227,37691.2773
1651665600000,38443.3203,39208.0195,37678.625
1651680000000,38537.6055,39588.7344,37486.4805
1651694400000,38608.5352,39812.0352,37405.0391
1651708800000,38692.9297,40023.0078,37362.8477
1651723200000,38768.8203,40168.4883,37369.1523
1651737600000,38839.7852,40278.5469,37401.0273
1651752000000,38720.7148,40479.7695,36961.6562
1651766400000,38558.1055,40725.8477,36390.3672
1651780800000,38428.6445,40839.7969,36017.4922
1651795200000,38338.3203,40938.2578,35738.3867
1651809600000,38242.25,41021.4688,35463.0312
1651824000000,38083.3203,41142.543,35024.0977
1651838400000,37891.3203,41112.7656,34669.875
1651852800000,37675.5,40975.8789,34375.1211
1651867200000,37462.0703,40783.7969,34140.3477
1651881600000,37172.5703,40316.5664,34028.5781
1651896000000,36902,39778.6094,34025.3906
1651910400000,36638.1055,39078.2539,34197.9609
1651924800000,36377.2148,38211.332,34543.0938
1651939200000,36116.8945,36742.793,35490.9922
1651953600000,36014.4648,36579.2383,35449.6914
1651968000000,35885.9648,36843.8203,34928.1094
1651982400000,35749.1055,36847.7969,34650.418
1651996800000,35629.1797,36765.0664,34493.2891
1652011200000,35484.8555,36720.2031,34249.5078
1652025600000,35399.8555,36708.1484,34091.5664
1652040000000,35259.5,36703.3203,33815.6797
1652054400000,35086.5352,36714.7031,33458.3711
1652068800000,34909,36642.1758,33175.8242
1652083200000,34717.0352,36606.9414,32827.1289
1652097600000,34463.5703,36594.3203,32332.8223
1652112000000,34098.75,36727.9375,31469.5625
1652126400000,33680.0352,36829.6875,30530.3828
1652140800000,33307.3945,36573.3125,30041.4727
1652155200000,33034.0703,36179.4258,29888.7188
1652169600000,32829.9648,35947.2266,29712.6992
1652184000000,32594.6426,35639.9805,29549.3027
1652198400000,32348.2148,35204.2852,29492.1445
1652212800000,32109.75,34813.3789,29406.123
1652227200000,31867.5352,34230.6562,29504.4141
1652241600000,31623.6074,33742.0469,29505.1699
1652256000000,31477.1777,33305.4531,29648.9062
1652270400000,31292.7852,32747.8047,29837.7656
1652284800000,31021.9277,32442.1738,29601.6836
1652299200000,30780.8926,32361.8672,29199.9199
1652313600000,30590.5,32635.2363,28545.7637
1652328000000,30418.3223,32958.5078,27878.1348
1652342400000,30244.25,33023.8984,27464.6016
1652356800000,30048.9648,32801.1094,27296.8203
1652371200000,29829.6074,32537.9746,27121.2383
1652385600000,29660.3574,32274.4043,27046.3105
1652400000000,29599.75,32094.334,27105.166
1652414400000,29534.9648,31925.2363,27144.6914
1652428800000,29493.1074,31784.9375,27201.2773
1652443200000,29470.2148,31723.4375,27216.9902
1652457600000,29363.8926,31347.7793,27380.0059
1652472000000,29242.1426,31027.1055,27457.1816
1652486400000,29256.5,31046.5605,27466.4395
1652500800000,29284.5352,31067.6738,27501.3965
1652515200000,29337.75,31036.5703,27638.9297
1652529600000,29416.0352,30881.5273,27950.543
1652544000000,29492.9277,30799.0117,28186.8457
1652558400000,29574.8574,30859.8457,28289.8691
1652572800000,29655.5,30805.166,28505.834
1652587200000,29715.1074,30792.6074,28637.6074
1652601600000,29695.7148,30727.3633,28664.0645
1652616000000,29685.3223,30703.4336,28667.209
1652630400000,29671.6074,30644.3633,28698.8516
1652644800000,29742.6074,30989.0703,28496.1445
1652659200000,29760.1074,31028.043,28492.1719
1652673600000,29783.8926,31022.6016,28545.1836
1652688000000,29812.5352,31042.9648,28582.1055
1652702400000,29832.1426,31041.4473,28622.8398
1652716800000,29869.4277,31002.875,28735.9824
1652731200000,29946.3926,30895.6094,28997.1758
1652745600000,30019.9648,30907.1055,29132.8242
1652760000000,30043.6426,30947.4883,29139.7969
1652774400000,30086.6777,30972.2637,29201.0938
1652788800000,30111.2852,30978.7656,29243.8066
1652803200000,30100.7148,30967.5605,29233.8691
1652817600000,30132.5352,31007.8027,29257.2695
1652832000000,30088.1074,30966.5801,29209.6348
1652846400000,29986.3926,30573.8672,29398.9199
1652860800000,29952.1426,30527.7246,29376.5625
1652875200000,29907.5352,30667.1543,29147.916
1652889600000,29858.25,30696.4375,29020.0625
1652904000000,29788.5352,30828.7402,28748.332
1652918400000,29761.9648,30846.709,28677.2188
1652932800000,29713.5723,30842.5645,28584.5781
1652947200000,29653.0352,30738.8555,28567.2148
1652961600000,29653.25,30739.625,28566.875
1652976000000,29628.3223,30671.9824,28584.6602
1652990400000,29640.4648,30709.8984,28571.0312
1653004800000,29646.75,30726.6035,28566.8965
1653019200000,29634.4277,30683.25,28585.6074
1653033600000,29677.2148,30793.5664,28560.8613
1653048000000,29622.7852,30773.9902,28471.5801
1653062400000,29584.1777,30747.8906,28420.4668
1653076800000,29600.0723,30733.2344,28466.9082
1653091200000,29598.9648,30733.6406,28464.2871
1653105600000,29650.3926,30668.5547,28632.2324
1653120000000,29656.8926,30663.1309,28650.6543
1653134400000,29681.75,30652.8594,28710.6406
1653148800000,29678.6074,30652.8848,28704.3301
1653163200000,29609.4277,30515.959,28702.8965
1653177600000,29565.3574,30466.6992,28664.0156
1653192000000,29501.1426,30313.373,28688.9141
1653206400000,29481.0352,30242.0234,28720.0488
1653220800000,29450.5352,30118.4199,28782.6523
1653235200000,29414.9648,29911.6094,28918.3203
1653249600000,29498.2148,30121.875,28874.5527
1653264000000,29560.9648,30242.0176,28879.9121
1653278400000,29650.0352,30414.6367,28885.4355
1653292800000,29731.9277,30532.6348,28931.2227
1653307200000,29800.9277,30632.6016,28969.2559
1653321600000,29786.8223,30661.9766,28911.666
1653336000000,29755.1074,30699.8242,28810.3906
1653350400000,29743.75,30708.2598,28779.2402
1653364800000,29741.75,30709.2969,28774.2031
1653379200000,29738.3574,30712.3125,28764.4023
1653393600000,29736.5723,30713.2285,28759.9141
1653408000000,29701.1074,30694.4121,28707.8027
1653422400000,29688.5723,30681.123,28696.0195
1653436800000,29708.1074,30725.7637,28690.4512
1653451200000,29665.2852,30637.043,28693.5293
1653465600000,29610.2148,30560.25,28660.1797
1653480000000,29552.1777,30395.8145,28708.543
1653494400000,29494.6074,30213.209,28776.0059
1653508800000,29434.5352,29979.7715,28889.2988
1653523200000,29489.25,30017.6094,28960.8906
1653537600000,29534.9648,30011.6133,29058.3164
1653552000000,29513.9648,30059.2422,28968.6875
1653566400000,29512.8574,30059.4258,28966.2891
1653580800000,29518.9277,30055.8418,28982.0156
1653595200000,29504.6777,30068.0684,28941.2891
1653609600000,29477.5352,30100.6094,28854.4629
1653624000000,29428.75,30103.7324,28753.7676
1653638400000,29336.6777,29936.0684,28737.2891
1653652800000,29275.9648,29906.0957,28645.832
1653667200000,29239.2148,29907.3535,28571.0742
1653681600000,29167.3574,29885.3809,28449.334
1653696000000,29112.8223,29823.9277,28401.7148
1653710400000,29065.7852,29755.0059,28376.5664
1653724800000,28993,29559.5215,28426.4785
1653739200000,28939.6426,29353.7344,28525.5527
1653753600000,28941.75,29356.5332,28526.9668
1653768000000,28916.3574,29267.5742,28565.1406
1653782400000,28887.6074,29148.7695,28626.4434
1653796800000,28874.1074,29094.6582,28653.5566
1653811200000,28888.3574,29154.2598,28622.4551
1653825600000,28904.8926,29207.584,28602.2031
1653840000000,28919.9277,29234.666,28605.1914
1653854400000,28964.25,29364.1582,28564.3418
1653868800000,29070.1074,29864.4941,28275.7207
1653883200000,29214.5352,30286.668,28142.4043
1653897600000,29346.2148,30608.9141,28083.5156
1653912000000,29472.5,30855.9023,28089.0977
1653926400000,29603.0723,31045.875,28160.2676
1653940800000,29800.3926,31550.9277,28049.8594
1653955200000,29996.5352,31943.9727,28049.0996
1653969600000,30178.75,32192.0137,28165.4863
1653984000000,30377.6074,32412.2188,28342.9941
1653998400000,30596.1777,32635.3438,28557.0137
1654012800000,30768.6426,32703.4219,28833.8633
1654027200000,30953.3574,32729.8652,29176.8496
1654041600000,31132.7148,32595.6055,29669.8242
1654056000000,31277.0723,32395.2637,30158.8789
1654070400000,31367.3223,32356.7266,30377.918
1654084800000,31373.75,32344.168,30403.332
1654099200000,31334.3926,32456.0723,30212.7129
1654113600000,31273.5723,32616.418,29930.7246
1654128000000,31207.6777,32749.5918,29665.7656
1654142400000,31080.4648,32727.3984,29433.5293
1654156800000,30965.8574,32637.6309,29294.082
1654171200000,30868,32553.748,29182.252
1654185600000,30763.2148,32404.7734,29121.6562
1654200000000,30648.0352,32137.8691,29158.2012
1654214400000,30569.6426,31965.7266,29173.5605
1654228800000,30473.8926,31705.418,29242.3672
1654243200000,30339.9648,31459.3418,29220.5859
1654257600000,30197.6426,31221.4219,29173.8633
1654272000000,30051.6777,30789.3457,29314.0117
1654286400000,29978.6777,30647.4922,29309.8652
1654300800000,29938.8574,30645.6562,29232.0586
1654315200000,29931.6074,30647.6992,29215.5156
1654329600000,29927.3574,30649.8125,29204.9023
1654344000000,29919.8574,30644.4512,29195.2637
1654358400000,29882.25,30613.7266,29150.7734
1654372800000,29858.1777,30571.8945,29144.4629
1654387200000,29819.75,30500.498,29139.002
1654401600000,29762.2852,30363.5215,29161.0488
1654416000000,29705.0352,30149.9375,29260.1328
1654430400000,29670.9648,29924.9609,29416.9688
1654444800000,29693.0723,30005.8086,29380.334
1654459200000,29723.1074,30017.9121,29428.3027
1654473600000,29843.4648,30654.9883,29031.9395
1654488000000,29956.4648,31036.1621,28876.7656
1654502400000,30088.5,31356.1875,28820.8125
1654516800000,30220.3574,31654.0312,28786.6836
1654531200000,30350.0723,31872.6543,28827.4883
1654545600000,30458.8223,32030.9668,28886.6758
1654560000000,30452.75,32038.6426,28866.8574
1654574400000,30431.7148,32057.1445,28806.2832
1654588800000,30415.0723,32073.7617,28756.3809
1654603200000,30433.3574,32061.5293,28805.1855
1654617600000,30529.5352,32129.5352,28929.5352
1654632000000,30612.1777,32201.1152,29023.2402
1654646400000,30609.25,32202.6504,29015.8496
1654660800000,30656.2852,32198.0137,29114.5566
1654675200000,30596.3223,32110.8262,29081.8164
1654689600000,30538.6777,32009.7812,29067.5762
1654704000000,30448.4648,31859.6133,29037.3145
1654718400000,30352.75,31641.4062,29064.0938
1654732800000,30267.75,31404.6699,29130.8301
1654747200000,30204.6426,31183.0762,29226.209
1654761600000,30257.5,31159.1094,29355.8906
1654776000000,30309.9277,31119.3125,29500.5449
1654790400000,30344.6426,31043.9922,29645.293
1654804800000,30359.1426,31025.8945,29692.3906
1654819200000,30290.7148,30853.9551,29727.4727
1654833600000,30213.25,30574.125,29852.375
1654848000000,30213.3223,30574.0156,29852.627
1654862400000,30134.0352,30639.1777,29628.8945
1654876800000,30030.5723,30810.4648,29250.6777
1654891200000,29930.1074,30824.5293,29035.6855
1654905600000,29867.8926,30824.9492,28910.8359
1654920000000,29805.1426,30791.459,28818.8281
1654934400000,29693.3574,30797.4277,28589.2871
1654948800000,29543.6426,30755.293,28331.9941
1654963200000,29421.8223,30663.6523,28179.9902
1654977600000,29286.4277,30540.1406,28032.7148
1654992000000,29109.9277,30600.8945,27618.9629
1655006400000,28933.6074,30510.3379,27356.877
1655020800000,28743.4277,30363.5938,27123.2637
1655035200000,28602.7852,30095.0176,27110.5547
1655049600000,28416.5723,29820.4199,27012.7227
1655064000000,28209.6777,29801.3223,26618.0352
1655078400000,27961.4277,30036.1465,25886.7109
1655092800000,27655.1074,30213.293,25096.9199
1655107200000,27256.5,30384.2422,24128.7578
1655121600000,26823.25,30361.0664,23285.4336
1655136000000,26427.5,30267.4746,22587.5254
1655150400000,26003.9277,30189.377,21818.4785
1655164800000,25540.7852,29925.2676,21156.3047
1655179200000,25145.2148,29432.2578,20858.1719
1655193600000,24748.3223,29117.3535,20379.2891
1655208000000,24394.3574,28580.7129,20208
1655222400000,24018.0723,27992.0254,20044.1191
1655236800000,23593.0723,26984.4941,20201.6484
1655251200000,23166.75,26002.9395,20330.5605
1655265600000,22749.0723,25176.8906,20321.2539
1655280000000,22439.7148,24482.1484,20397.2812
1655294400000,22199.1426,23852.8379,20545.4473
1655308800000,22051.8574,23519.2441,20584.4707
1655323200000,22004.25,23355.8242,20652.6758
1655337600000,21934.0352,23133.6055,20734.4648
1655352000000,21883.5352,23054.0918,20712.9785
1655366400000,21807.7148,23055.1289,20560.3008
1655380800000,21678.8223,22842.6387,20515.0039
1655395200000,21599.8926,22828.8535,20370.9316
1655409600000,21436.25,22674.7988,20197.7012
1655424000000,21306.1426,22599.75,20012.5352
1655438400000,21231.7148,22453.7051,20009.7246
1655452800000,21198.4277,22424.6152,19972.2422
1655467200000,21194.7852,22427.4258,19962.1445
1655481600000,21148.6777,22435.4141,19861.9434
1655496000000,21080.6777,22410.7949,19750.5625
1655510400000,20996.8223,22336.4238,19657.2188
1655524800000,20758.1074,22095.1875,19421.0273
1655539200000,20546.4648,21861.7031,19231.2246
1655553600000,20345.3223,21736.8867,18953.7559
1655568000000,20131.8574,21913.2676,18350.4473
1655582400000,19982.25,21786.293,18178.207
1655596800000,19798.6777,21734.4531,17862.9043
1655611200000,19649.4648,21708.957,17589.9727
1655625600000,19600.9648,21626.0898,17575.8379
1655640000000,19510.8926,21375.9688,17645.8164
1655654400000,19449.75,21173.7461,17725.7539
1655668800000,19443.1777,21149.7949,17736.5605
1655683200000,19404.7148,21038.9062,17770.5215
1655697600000,19377.3223,20953.6836,17800.959
1655712000000,19402.3926,21053.3125,17751.4727
1655726400000,19515.4648,21308.877,17722.0508
1655740800000,19575.2148,21378.9805,17771.4492
1655755200000,19691.6777,21518.873,17864.4844
1655769600000,19874.2148,21495.9766,18252.4512
1655784000000,20027.3223,21672.6953,18381.9473
1655798400000,20217.1426,21600.0078,18834.2793
1655812800000,20438.1777,21439.0801,19437.2773
1655827200000,20524.4648,21442.7031,19606.2266
1655841600000,20589.1074,21413.9531,19764.2598
1655856000000,20603.3223,21399.4609,19807.1816
1655870400000,20569.6426,21413.0664,19726.2207
1655884800000,20607.6426,21379.2266,19836.0586
1655899200000,20607.7148,21379.0918,19836.3379
1655913600000,20559.1074,21369.4883,19748.7246
1655928000000,20499.75,21353.4844,19646.0156
1655942400000,20509.5,21345.002,19673.998
1655956800000,20501.2148,21337.6426,19664.7871
1655971200000,20503.6777,21341.1699,19666.1875
1655985600000,20449.0723,21225.1387,19673.0059
1656000000000,20445.9277,21214.5391,19677.3164
1656014400000,20426.0723,21108.7578,19743.3848
1656028800000,20439.5,21161.6992,19717.3008
1656043200000,20452.3223,21198.1602,19706.4824
1656057600000,20513.3223,21331.1504,19695.4922
1656072000000,20570.4277,21365.8516,19775.0059
1656086400000,20623.7852,21483.5254,19764.0469
1656100800000,20706.7148,21551.959,19861.4688
1656115200000,20791.5723,21607.9551,19975.1875
1656129600000,20900.5352,21649.3613,20151.709
1656144000000,20981.3926,21639.6738,20323.1133
1656158400000,21018.2148,21601.0039,20435.4258
1656172800000,21059.2852,21600.7949,20517.7754
1656187200000,21141.4277,21540.1035,20742.7539
1656201600000,21178.7148,21571.5195,20785.9082
1656216000000,21199.2852,21599.7676,20798.8047
1656230400000,21245.0352,21705.6953,20784.377
1656244800000,21275.8574,21688.3105,20863.4023
1656259200000,21284.8223,21690.5176,20879.125
1656273600000,21296.25,21660.625,20931.875
1656288000000,21290.9648,21661.7012,20920.2266
1656302400000,21300.3574,21668.918,20931.7949
1656316800000,21300.9648,21669.3691,20932.5605
1656331200000,21246.8574,21702.0625,20791.6504
1656345600000,21212.2148,21714.3301,20710.0996
1656360000000,21195.75,21745.418,20646.082
1656374400000,21161.1777,21767.1973,20555.1602
1656388800000,21117.1074,21716.293,20517.9219
1656403200000,21085.5723,21666.9316,20504.2109
1656417600000,21028.5723,21642.7617,20414.3828
1656432000000,20923.75,21555.3809,20292.1191
1656446400000,20848.3574,21529.7383,20166.9766
1656460800000,20775.7148,21479.9668,20071.4609
1656475200000,20706.3926,21486.7754,19926.0117
1656489600000,20629.6074,21433.0664,19826.1484
1656504000000,20536.75,21289.207,19784.293
1656518400000,20458.6426,21105.4668,19811.8203
1656532800000,20412.3926,21067.5332,19757.252
1656547200000,20356.0723,20995.0156,19717.127
1656561600000,20262.6074,21036.3066,19488.9082
1656576000000,20145.8926,21093.3281,19198.459
1656590400000,20021.6426,21019.918,19023.3672
1656604800000,19873.5352,20883.8086,18863.2617
1656619200000,19826.7148,20761.0723,18892.3574
1656633600000,19788.8223,20699.6055,18878.0371
1656648000000,19738.2852,20619.127,18857.4453
1656662400000,19659.8926,20540.3203,18779.4648
1656676800000,19603.2852,20477.4785,18729.0938
1656691200000,19551.9277,20394.0684,18709.7871
1656705600000,19495.1777,20304.5527,18685.8047
1656720000000,19417.3223,20151.541,18683.1016
1656734400000,19346.4277,19996.9434,18695.9141
1656748800000,19283.6426,19814.248,18753.0371
1656763200000,19268.7852,19797.1152,18740.457
1656777600000,19280.75,19797.7227,18763.7773
1656792000000,19287.7148,19798.127,18777.3027
1656806400000,19312.0352,19774.6309,18849.4414
1656820800000,19253.8574,19583.502,18924.2129
1656835200000,19209.0723,19450.1816,18967.9609
1656849600000,19171.4277,19348.6504,18994.2051
1656864000000,19193.6777,19425.2031,18962.1543
1656878400000,19195.1074,19428.4785,18961.7363
1656892800000,19174.9648,19399.1914,18950.7363
1656907200000,19164.1777,19388.3242,18940.0332
1656921600000,19212.4277,19593.9551,18830.9023
1656936000000,19260.7148,19729.2324,18792.1973
1656950400000,19306.6777,19846.5078,18766.8477
1656964800000,19378.5352,20081.5859,18675.4863
1656979200000,19452.8926,20287.2227,18618.5625
1656993600000,19522.1074,20423.125,18621.0898
1657008000000,19540.3926,20427.3164,18653.4688
1657022400000,19567.75,20421.9199,18713.5801
1657036800000,19661.75,20559.8027,18763.6973
1657051200000,19742.25,20595.0605,18889.4395
1657065600000,19774.5,20616.7129,18932.2871
1657080000000,19835.3926,20648.4121,19022.373
1657094400000,19906.8926,20606.2012,19207.584
1657108800000,19979.5352,20519.2754,19439.7949
1657123200000,20017.0723,20567.1309,19467.0137
1657137600000,20071.8223,20662.1328,19481.5098
1657152000000,20118.25,20718.2246,19518.2754
1657166400000,20133.3574,20751.043,19515.6719
1657180800000,20147.7852,20787.1367,19508.4355
1657195200000,20196.5352,20934.9824,19458.0898
1657209600000,20361.6777,21374.623,19348.7324
1657224000000,20512.8223,21587.0312,19438.6133
1657238400000,20636.75,21984.3086,19289.1914
1657252800000,20753.5723,22190.1152,19317.0273
1657267200000,20870.75,22281.8105,19459.6895
1657281600000,20999.1426,22444.6523,19553.6328
1657296000000,21122,22522.7676,19721.2324
1657310400000,21226.25,22524.1445,19928.3555
1657324800000,21318.4277,22519.3535,20117.5039
1657339200000,21396.5352,22522.752,20270.3184
1657353600000,21465.75,22462.7051,20468.7949
1657368000000,21546.1074,22352.9531,20739.2617
1657382400000,21626.3926,22173.9609,21078.8242
1657396800000,21677,22029.3418,21324.6582
1657411200000,21639.5352,22040.2422,21238.8301
1657425600000,21619,22053.541,21184.459
1657440000000,21559.75,21932.0938,21187.4062
1657454400000,21495.4648,21986.6836,21004.2461
1657468800000,21448.5,22026.0996,20870.9004
1657483200000,21370.4277,21962.1621,20778.6934
1657497600000,21279.8223,21966.9883,20592.6562
1657512000000,21197.2852,21993.6328,20400.9395
1657526400000,21115.8223,21966.6895,20264.9531
1657540800000,21028.6777,21902.2871,20155.0703
1657555200000,20961.5,21848.9434,20074.0566
1657569600000,20847.0723,21818.3809,19875.7617
1657584000000,20726.4277,21712.4082,19740.4492
1657598400000,20593.3574,21589.75,19596.9629
1657612800000,20484.3926,21492.582,19476.2031
1657627200000,20380.0723,21323.6875,19436.457
1657641600000,20243.1426,21180.707,19305.5801
1657656000000,20130.5,21113.7227,19147.2773
1657670400000,20026.6074,20970.2773,19082.9375
1657684800000,19944.0723,20786.6758,19101.4668
1657699200000,19893.3574,20673.7715,19112.9414
1657713600000,19823,20579.6777,19066.3223
1657728000000,19764.0352,20441.0137,19087.0586
1657742400000,19749.8574,20379.0898,19120.623
1657756800000,19729.8223,20277.4141,19182.2285
1657771200000,19732.1777,20283.5215,19180.8359
1657785600000,19717.8223,20260.0254,19175.6172
1657800000000,19764.6074,20400.6152,19128.5996
1657814400000,19824.2148,20586.9863,19061.4434
1657828800000,19875.0352,20728.166,19021.9062
1657843200000,19962.4277,20838.4102,19086.4473
1657857600000,20069.9277,20964.043,19175.8145
1657872000000,20163.1426,21048.4414,19277.8438
1657886400000,20241.75,21137.2207,19346.2793
1657900800000,20337.1426,21310.5273,19363.7578
1657915200000,20436.5723,21297.0273,19576.1172
1657929600000,20514.9648,21256.3945,19773.5332
1657944000000,20538.3574,21259.9082,19816.8066
1657958400000,20566.75,21263.5098,19869.9902
1657972800000,20635.2852,21268.0117,20002.5586
1657987200000,20739.7852,21182.4043,20297.168
1658001600000,20798.5723,21244.5352,20352.6074
1658016000000,20850.8574,21351.9355,20349.7793
1658030400000,20914.1777,21474.998,20353.3594
1658044800000,20975.0723,21564.9434,20385.1992
1658059200000,21000.0723,21588.8281,20411.3145
1658073600000,21019.2148,21591.1289,20447.2988
1658088000000,21019.0723,21591.2246,20446.918
1658102400000,21027.8926,21611.4199,20444.3652
1658116800000,21129.0723,21969.6562,20288.4863
1658131200000,21229.1426,22177.9512,20280.3359
1658145600000,21381.4277,22504.1484,20258.709
1658160000000,21454.0352,22492.6426,20415.4297
1658174400000,21561.1777,22666.8965,20455.4609
1658188800000,21612.25,22707.8125,20516.6875
1658203200000,21652.7852,22724.1387,20581.4336
1658217600000,21698.9648,22763.8965,20634.0312
1658232000000,21818.6426,23099.8398,20537.4453
1658246400000,21957.4277,23448.1016,20466.7559
1658260800000,22117.0723,23705.7285,20528.4141
1658275200000,22289.5352,23886.832,20692.2402
1658289600000,22475.0352,23924.1016,21025.9688
1658304000000,22650.3574,24068.1387,21232.5762
1658318400000,22788.0723,24382.7812,21193.3633
1658332800000,22897.3574,24504.0234,21290.6895
1658347200000,22936.7148,24545.875,21327.5547
1658361600000,23019.5,24457.9355,21581.0645
1658376000000,23055.1777,24457.2305,21653.127
1658390400000,23106.0723,24381.1543,21830.9883
1658404800000,23168.9648,24242.0391,22095.8906
1658419200000,23256.7852,24096.1699,22417.4023
1658433600000,23257.6777,24096.5332,22418.8242
1658448000000,23223.2852,24078.1777,22368.3926
1658462400000,23203,24054.4824,22351.5176
1658476800000,23215.6074,24085.2227,22345.9902
1658491200000,23208.75,24074.6895,22342.8105
1658505600000,23126.5,23999.0156,22253.9844
1658520000000,23019.9277,23701.6699,22338.1875
1658534400000,22958.6426,23550.6152,22366.6719
1658548800000,22926.5,23507.416,22345.584
1658563200000,22887.7148,23568.6152,22206.8125
1658577600000,22836.8223,23600.4512,22073.1914
1658592000000,22813.1074,23623.6152,22002.5996
1658606400000,22798.6426,23628.3496,21968.9375
1658620800000,22736.8574,23569.166,21904.5488
1658635200000,22704.7852,23506.6855,21902.8848
1658649600000,22686.5352,23481.3418,21891.7305
1658664000000,22668.1777,23434.6582,21901.6992
1658678400000,22603.1777,23167.9824,22038.373
1658692800000,22552.1777,22973.9707,22130.3848
1658707200000,22501.2852,23052.1992,21950.373
1658721600000,22449.9648,23057.5371,21842.3906
1658736000000,22388.2852,23018.7266,21757.8438
1658750400000,22325.6074,22966.9688,21684.2461
1658764800000,22300.8926,22980.75,21621.0352
1658779200000,22235.7852,23089.4082,21382.1641
1658793600000,22154.1074,23180.375,21127.8398
1658808000000,22055.1777,23213.5469,20896.8105
1658822400000,21966.25,23215.2578,20717.2422
1658836800000,21826.6777,23155.1641,20498.1934
1658851200000,21702.2148,23027.0195,20377.4082
1658865600000,21587,22764.8984,20409.1016
1658880000000,21470.7148,22499.3008,20442.127
1658894400000,21383.0352,22213.1719,20552.8984
1658908800000,21335.3223,22125.6914,20544.9512
1658923200000,21304.7852,22026.8848,20582.6875
1658937600000,21364.7148,22368.6699,20360.7578
1658952000000,21440.3574,22714.5781,20166.1367
1658966400000,21529.75,23064.5879,19994.9121
1658980800000,21645.9648,23332.7812,19959.1465
1658995200000,21787.5352,23603.9141,19971.1562
1659009600000,21979.8223,24000.584,19959.0586
1659024000000,22173.2852,24327.2168,20019.3555
1659038400000,22394.7852,24549.7305,20239.8418
1659052800000,22609.2852,24725.0391,20493.5332
1659067200000,22802.3574,24874.8438,20729.8711
1659081600000,22991.6777,24871.498,21111.8594
1659096000000,23182.7852,24887.5312,21478.041
1659110400000,23376.3223,24708.4863,22044.1562
1659124800000,23536.3574,24397.3789,22675.3359
1659139200000,23610.25,24366.3379,22854.1621
1659153600000,23676.6777,24347.4902,23005.8652
1659168000000,23734.8574,24346.127,23123.5879
1659182400000,23848.5352,24406.9785,23290.0938
1659196800000,23906.1777,24284.8301,23527.5273
1659211200000,23899.4277,24292.8066,23506.0508
1659225600000,23895.8223,24294.043,23497.5996
1659240000000,23886.6777,24295.6152,23477.7402
1659254400000,23878.7148,24290.1719,23467.2559
1659268800000,23866.75,24280.1191,23453.3809
1659283200000,23875.4277,24281.0977,23469.7578
1659297600000,23824.4648,24317.3438,23331.5859
1659312000000,23786.6426,24328.3066,23244.9785
1659326400000,23754.8574,24346.7148,23163
1659340800000,23713.25,24364.498,23062.002
1659355200000,23673.3926,24346.9805,22999.8047
1659369600000,23602.3223,24350.4375,22854.2051
1659384000000,23512.2852,24078.4863,22946.0859
1659398400000,23436.2148,24049.4961,22822.9316
1659412800000,23381.8926,24044.332,22719.4551
1659427200000,23320.2148,23998.5879,22641.8398
1659441600000,23267.4648,23931.4062,22603.5234
1659456000000,23205.8574,23821.0215,22590.6934
1659470400000,23148.7148,23686.4746,22610.9531
1659484800000,23078.25,23474.6406,22681.8594
1659499200000,23055.4277,23434.2969,22676.5605
1659513600000,23057.8574,23445.2031,22670.5117
1659528000000,23060.1426,23454.0781,22666.209
1659542400000,23077.1074,23515.2617,22638.9512
1659556800000,23040.8926,23476.0625,22605.7227
1659571200000,23050.3223,23483.2656,22617.377
1659585600000,23027.8574,23447.5957,22608.1191
1659600000000,23029.9648,23446.4023,22613.5254
1659614400000,23032.3574,23445.7988,22618.916
1659628800000,23001.1426,23511.6758,22490.6094
1659643200000,22975.4648,23524.3066,22426.623
1659657600000,22992.0352,23548.584,22435.4883
1659672000000,23006.6777,23571.1309,22442.2266
1659686400000,23045.6074,23637.2285,22453.9863
1659700800000,23045.5,23637.168,22453.832
1659715200000,23011.0723,23569.5215,22452.623
1659729600000,23007.2148,23556.7422,22457.6875
1659744000000,22986.1426,23485.1367,22487.1484
1659758400000,23013.0352,23512.7109,22513.3613
1659772800000,23017.6777,23521.1719,22514.1855
1659787200000,23036.1074,23546.3789,22525.8359
1659801600000,23057.9277,23565.7539,22550.1035
1659816000000,23060.1777,23565.7773,22554.5801
1659830400000,23099.4277,23474.5156,22724.3418
1659844800000,23127.6777,23395.6426,22859.7148
1659859200000,23118.2148,23389.7129,22846.7148
1659873600000,23106.1777,23381.0176,22831.3398
1659888000000,23087.9277,23311.6035,22864.2539
1659902400000,23101.2148,23319.7051,22882.7246
1659916800000,23127.7148,23344.7617,22910.668
1659931200000,23164,23571.8145,22756.1855
1659945600000,23235.1426,23890.2891,22579.9961
1659960000000,23292.25,24052.9297,22531.5703
1659974400000,23347.3223,24168.3652,22526.2793
1659988800000,23390.5352,24239.7422,22541.3281
1660003200000,23435.8926,24304.0703,22567.7148
1660017600000,23501.1426,24350.3945,22651.8906
1660032000000,23520.1074,24333.8359,22706.3789
1660046400000,23524.3926,24327.8242,22720.9629
1660060800000,23526.5,24324.8867,22728.1133
1660075200000,23535.8223,24312.5781,22759.0645
1660089600000,23515.3574,24345.582,22685.1309
1660104000000,23500.75,24361.6758,22639.8242
1660118400000,23487.7852,24365.8887,22609.6816
1660132800000,23500.9648,24403.25,22598.6777
1660147200000,23463.0723,24293.2246,22632.918
1660161600000,23460.2852,24283.5742,22636.9961
1660176000000,23488.5723,24396.2539,22580.8887
1660190400000,23533.25,24553.8789,22512.6211
1660204800000,23585.8926,24729.0293,22442.7559
1660219200000,23620.6777,24823.5078,22417.8496
1660233600000,23690.2852,24912.8086,22467.7637
1660248000000,23752.5,24929.5156,22575.4844
1660262400000,23820.5,24938.3711,22702.6289
1660276800000,23878.9648,24931.9902,22825.9375
1660291200000,23936.2148,24837.0293,23035.4004
1660305600000,24008.5352,24729.3027,23287.7695
1660320000000,24084.2148,24610.1914,23558.2363
1660334400000,24112.5723,24658.6738,23566.4688
1660348800000,24196.25,24778.1621,23614.3379
1660363200000,24240.4648,24835.1953,23645.7344
1660377600000,24248.7852,24850.8379,23646.7344
1660392000000,24254.1426,24863.9414,23644.3438
1660406400000,24242.3926,24834.4375,23650.3477
1660420800000,24247.5,24844.3848,23650.6152
1660435200000,24271.5,24890.0254,23652.9746
1660449600000,24338.3223,24998.7852,23677.8574
1660464000000,24376.6426,25019.1699,23734.1152
1660478400000,24415.9648,25017.2539,23814.6738
1660492800000,24460.1074,24902.3301,24017.8848
1660507200000,24483.2148,24848.543,24117.8848
1660521600000,24532.1777,24902.8574,24161.5
1660536000000,24505.1777,24958.5977,24051.7578
1660550400000,24450.5352,24931.9453,23969.125
1660564800000,24425.3223,24915.8477,23934.7949
1660579200000,24391.7148,24936.582,23846.8477
1660593600000,24360.8926,24924.457,23797.3281
1660608000000,24338.4648,24919.8438,23757.084
1660622400000,24313,24908.6543,23717.3457
1660636800000,24274.1426,24870.0781,23678.209
1660651200000,24204,24728.3418,23679.6582
1660665600000,24159.4277,24664.4473,23654.4102
1660680000000,24112.1426,24601.2891,23622.998
1660694400000,24091.5,24575.4395,23607.5605
1660708800000,24053.8926,24549.6387,23558.1465
1660723200000,23972.7148,24226.8965,23718.5332
1660737600000,23927.1074,24324.2285,23529.9863
1660752000000,23871.0352,24393.1191,23348.9512
1660766400000,23806.8926,24362.5273,23251.2578
1660780800000,23767.8574,24350.0117,23185.7012
1660795200000,23718.7148,24304.5,23132.9277
1660809600000,23678.6777,24236.4414,23120.916
1660824000000,23634.0723,24160.1016,23108.041
1660838400000,23585.0723,24085.1504,23084.9922
1660852800000,23534.5,24043.7129,23025.2871
1660867200000,23451.25,24050.6504,22851.8496
1660881600000,23311.75,24276.1738,22347.3262
1660896000000,23130.4648,24418.2188,21842.709
1660910400000,22963.1426,24465.3828,21460.9023
1660924800000,22790.7852,24449.8145,21131.7578
1660939200000,22607.7148,24515.2812,20700.1484
1660953600000,22456.25,24469.4297,20443.0703
1660968000000,22311.4277,24346.9531,20275.9043
1660982400000,22154.5,24163.3184,20145.6816
1660996800000,22004.5723,23934.375,20074.7676
1661011200000,21823.25,23622.6133,20023.8867
1661025600000,21658,23245.3555,20070.6445
1661040000000,21505.1777,22803.0547,20207.3027
1661054400000,21366.25,22273.6445,20458.8555
1661068800000,21276.8926,21769.0684,20784.7168
1661083200000,21242.3223,21608.1777,20876.4648
1661097600000,21245.8574,21620.5234,20871.1895
1661112000000,21251.5723,21639.4141,20863.7285
1661126400000,21258.3574,21653.3809,20863.334
1661140800000,21277.9277,21603.7402,20952.1172
1661155200000,21285.7148,21602.0859,20969.3418
1661169600000,21292.7148,21613.6367,20971.793
1661184000000,21279.9277,21624.7148,20935.1406
1661198400000,21286.6426,21635.5508,20937.7344
1661212800000,21304.1777,21611.9258,20996.4297
1661227200000,21316.3574,21608.1777,21024.5371
1661241600000,21333.9648,21624.1113,21043.8164
1661256000000,21349.9648,21641.8789,21058.0488
1661270400000,21349.75,21641.2012,21058.2988
1661284800000,21357.1074,21659.2246,21054.9883
1661299200000,21339.3223,21635.0645,21043.5781
1661313600000,21324.3574,21605.1699,21043.5449
1661328000000,21326.3926,21609.9434,21042.8438
1661342400000,21363.5723,21648.0469,21079.0957
1661356800000,21396.1777,21718.2324,21074.125
1661371200000,21393.5723,21716.373,21070.7695
1661385600000,21423,21680.5801,21165.4199
1661400000000,21447.5352,21747.3672,21147.7051
1661414400000,21482.5723,21785.0527,21180.0898
1661428800000,21501.0352,21787.1914,21214.8789
1661443200000,21511.8223,21799.5684,21224.0762
1661457600000,21518.2852,21805.3301,21231.2422
1661472000000,21521.1426,21808.4375,21233.8496
1661486400000,21516.1777,21806.2871,21226.0703
1661500800000,21511.2852,21820.8125,21201.7578
1661515200000,21473.2148,21958.8418,20987.5879
1661529600000,21415.75,22067.9336,20763.5664
1661544000000,21317.2148,22200.0879,20434.3398
1661558400000,21210,22236.0312,20183.9688
1661572800000,21131.3926,22264.4473,19998.3398
1661587200000,21041.6777,22254.5918,19828.7637
1661601600000,20916.1426,22181.9941,19650.291
1661616000000,20794.3926,22056.9766,19531.8086
1661630400000,20685.1426,21929.7812,19440.5039
1661644800000,20569.8926,21754.4746,19385.3105
1661659200000,20461.9648,21539.252,19384.6758
1661673600000,20352.8574,21265.7461,19439.9668
1661688000000,20250.6426,20947.2246,19554.0605
1661702400000,20163.1074,20644.209,19682.0039
1661716800000,20076.2852,20528.7031,19623.8691
1661731200000,20021.2148,20365.3652,19677.0645
1661745600000,19996.75,20327.1875,19666.3125
1661760000000,19969.3223,20293.2305,19645.4121
1661774400000,19968.8223,20290.9961,19646.6484
1661788800000,19961.1074,20265.7012,19656.5137
1661803200000,19983.0352,20328.3691,19637.7031
1661817600000,20000.7852,20374.5234,19627.0469
1661832000000,20029.2148,20462.2891,19596.1387
1661846400000,20058.9648,20529.7363,19588.1934
1661860800000,20037.8574,20535.5938,19540.1211
1661875200000,20032.4277,20532.543,19532.3145
1661889600000,20017.4648,20531.4727,19503.4551
1661904000000,20048.6074,20595.8262,19501.3867
1661918400000,20098.0723,20577.207,19618.9355
1661932800000,20129.8574,20600.2988,19659.416
1661947200000,20147.6777,20598.1465,19697.2109
1661961600000,20176.5723,20586.9297,19766.2129
1661976000000,20161.9277,20575.9453,19747.9102
1661990400000,20156.2852,20576.209,19736.3613
1662004800000,20127.8926,20564.8711,19690.9141
1662019200000,20114.3574,20545.834,19682.8809
1662033600000,20067.6074,20496.3594,19638.8555
1662048000000,20029.75,20428.5586,19630.9414
1662062400000,20056.6777,20424.9551,19688.4023
1662076800000,20071.75,20437.3633,19706.1367
1662091200000,20093.0352,20426.7773,19759.2949
1662105600000,20070.5,20359.9863,19781.0137
1662120000000,20078.1074,20390.0527,19766.1621
1662134400000,20049.5723,20346.3613,19752.7812
1662148800000,20035.7852,20333.4453,19738.127
1662163200000,20012.6074,20301.2344,19723.9785
1662177600000,19996.2148,20302.084,19690.3438
1662192000000,19980.5723,20303.8242,19657.3184
1662206400000,19971.6777,20312.0176,19631.3379
1662220800000,19945.4277,20307.2441,19583.6133
1662235200000,19949.0723,20304.7227,19593.4199
1662249600000,19941.3223,20308.4629,19574.1816
1662264000000,19905.5352,20292.0234,19519.0488
1662278400000,19882.9277,20245.0098,19520.8477
1662292800000,19860.3223,20204.3125,19516.3301
1662307200000,19845.8223,20168.5098,19523.1328
1662321600000,19820.5352,20008.918,19632.1543
1662336000000,19818.75,20004.3691,19633.1309
1662350400000,19804.4277,19980.6562,19628.2012
1662364800000,19789.9277,19968.8262,19611.0293
1662379200000,19792.2148,19972.9648,19611.4629
1662393600000,19785.7852,19972.4844,19599.0859
1662408000000,19787.9277,19973.8281,19602.0273
1662422400000,19793.0352,19973.1621,19612.9102
1662436800000,19798.6074,19986.5059,19610.709
1662451200000,19809.4648,20003.9414,19614.9863
1662465600000,19823.1074,19987.5449,19658.6699
1662480000000,19750,20294.8262,19205.1738
1662494400000,19677.9648,20417.6113,18938.3164
1662508800000,19596.6074,20470.4922,18722.7227
1662523200000,19510.8926,20444.8027,18576.9824
1662537600000,19428.4277,20419.707,18437.1504
1662552000000,19365.5352,20380.9414,18350.1289
1662566400000,19315.3574,20331.5938,18299.1211
1662580800000,19275.5352,20248.6445,18302.4258
1662595200000,19240.4648,20184.5977,18296.3301
1662609600000,19195.8574,20090.6836,18301.0293
1662624000000,19161.8223,20000.5098,18323.1328
1662638400000,19114.6074,19850.0469,18379.166
1662652800000,19073.9648,19680.9883,18466.9414
1662667200000,19037.8926,19509.9863,18565.7988
1662681600000,19118.2148,19761.7695,18474.6582
1662696000000,19250.4277,20230.5625,18270.2949
1662710400000,19407.6074,20671.416,18143.7988
1662724800000,19583.6426,21115.5039,18051.7832
1662739200000,19766.3926,21448.0391,18084.7461
1662753600000,19945.0352,21731.8691,18158.2031
1662768000000,20110.4648,21939.4805,18281.4492
1662782400000,20252.3223,22111.373,18393.2715
1662796800000,20400.3574,22233.8828,18566.832
1662811200000,20547.6074,22287.7695,18807.4453
1662825600000,20710.2148,22376.8105,19043.6191
1662840000000,20881.8574,22394.459,19369.2539
1662854400000,21039,22317.168,19760.832
1662868800000,21203.0723,22075.6895,20330.4531
1662883200000,21322.0723,21863.8164,20780.3262
1662897600000,21394.25,21797.6738,20990.8262
1662912000000,21443.0723,21770.9746,21115.168
1662926400000,21483.6074,21849.1152,21118.0996
1662940800000,21509.9277,21866.9805,21152.877
1662955200000,21569.1777,22058.75,21079.6074
1662969600000,21640.6074,22233.6855,21047.5293
1662984000000,21700.1426,22300.5527,21099.7324
1662998400000,21781.3574,22438.9648,21123.748
1663012800000,21865.0723,22514.6289,21215.5137
1663027200000,21911.9277,22565.5137,21258.3438
1663041600000,21956.75,22615.9102,21297.5898
1663056000000,22027.4277,22704.6387,21350.2188
1663070400000,21971.5352,22871.5059,21071.5645
1663084800000,21876.6426,23124.5215,20628.7637
1663099200000,21770.9277,23300.9609,20240.8965
1663113600000,21677.4277,23383.0781,19971.7793
1663128000000,21563.9277,23419.4199,19708.4375
1663142400000,21461.5723,23440.3418,19482.8008
1663156800000,21317.1074,23356.166,19278.0488
1663171200000,21148.3223,23224.5273,19072.1152
1663185600000,21013.6777,23068.5039,18958.8535
1663200000000,20842.1777,22797.2422,18887.1152
1663214400000,20685.4277,22461.543,18909.3145
1663228800000,20535.7852,22107.2012,18964.3711
1663243200000,20354.0723,21645.3965,19062.7461
1663257600000,20157.0723,20664.1328,19650.0098
1663272000000,20076.4277,20483.8418,19669.0156
1663286400000,20037.9648,20464.1816,19611.7461
1663300800000,20007.6074,20455.5742,19559.6406
1663315200000,19975.4277,20395.7539,19555.1035
1663329600000,19933.3574,20357.8242,19508.8906
1663344000000,19889.9277,20313.0176,19466.8379
1663358400000,19862.6426,20258.7637,19466.5215
1663372800000,19857.7852,20251.752,19463.8184
1663387200000,19830.0723,20168.791,19491.3516
1663401600000,19814.5,20136.6875,19492.3125
1663416000000,19796.7852,20052.9746,19540.5957
1663430400000,19786.8223,19996.0957,19577.5469
1663444800000,19814.3926,20078.1699,19550.6152
1663459200000,19829.9648,20107.1719,19552.7578
1663473600000,19854.6074,20140.123,19569.0918
1663488000000,19867.4648,20146.7812,19588.1465
1663502400000,19872.0352,20144.3418,19599.7285
1663516800000,19861.6074,20145.9512,19577.2617
1663531200000,19844.2148,20199.3145,19489.1152
1663545600000,19783.8223,20438.3672,19129.2754
1663560000000,19688.6777,20635.834,18741.5234
1663574400000,19603.0723,20677.3203,18528.8223
1663588800000,19549.0352,20647.5195,18450.5527
1663603200000,19528.1777,20617.7871,18438.5703
1663617600000,19498.0723,20562.2793,18433.8633
1663632000000,19452.4277,20481.5332,18423.3242
1663646400000,19398.4277,20360.9258,18435.9316
1663660800000,19342.6426,20250.6289,18434.6562
1663675200000,19284.4648,20107.0059,18461.9219
1663689600000,19217.9648,19972.9629,18462.9648
1663704000000,19151.75,19853.0449,18450.4551
1663718400000,19101.9648,19732.0156,18471.9121
1663732800000,19068.6777,19679.9219,18457.4355
1663747200000,19096.7852,19685.4512,18508.1211
1663761600000,19149.0723,19618.1387,18680.0039
1663776000000,19171.9648,19571.7305,18772.1973
1663790400000,19127.1426,19673.668,18580.6172
1663804800000,19067.8574,19615.8984,18519.8164
1663819200000,19024.6074,19512.3477,18536.8672
1663833600000,19014.9277,19480.7871,18549.0703
1663848000000,18988.0352,19414.1523,18561.918
1663862400000,18994.3926,19435.8555,18552.9297
1663876800000,19006.6426,19481.1895,18532.0957
1663891200000,19034.6777,19545.9883,18523.3691
1663905600000,19059.5,19569.9648,18549.0352
1663920000000,19047.5,19569.2188,18525.7812
1663934400000,19030.8926,19579.3594,18482.4277
1663948800000,19005.3223,19560.8477,18449.7949
1663963200000,19012.0723,19578.4316,18445.7109
1663977600000,19021.0352,19589.8086,18452.2637
1663992000000,19059.2148,19532.9531,18585.4746
1664006400000,19085.3926,19510.1719,18660.6133
1664020800000,19098.9648,19514.2871,18683.6426
1664035200000,19090.0723,19499.8125,18680.3301
1664049600000,19085.6074,19501.4512,18669.7637
1664064000000,19067.3223,19466.4668,18668.1758
1664078400000,19045.5,19401.5723,18689.4277
1664092800000,19026.2852,19334.1777,18718.3926
1664107200000,19009.6426,19299.2559,18720.0293
1664121600000,19014.1426,19295.4395,18732.8477
1664136000000,19021.1074,19275.2031,18767.0098
1664150400000,19025.3223,19266.2949,18784.3496
1664164800000,18998.5723,19199.9707,18797.1719
1664179200000,18980.7148,19181.0977,18780.3301
1664193600000,18989.7148,19200.7363,18778.6914
1664208000000,19000.5723,19236.166,18764.9766
1664222400000,19008.2852,19264.4102,18752.1602
1664236800000,19079.3223,19694.4727,18464.1699
1664251200000,19169.3223,19994.9473,18343.6953
1664265600000,19253.6777,20236.2441,18271.1113
1664280000000,19310.0352,20338.043,18282.0273
1664294400000,19307.1426,20337.6172,18276.6699
1664308800000,19313.1777,20336.9668,18289.3906
1664323200000,19300.6074,20347.8691,18253.3457
1664337600000,19298.75,20349.6074,18247.8926
1664352000000,19304.8223,20346.4102,18263.2324
1664366400000,19345.8926,20366.5527,18325.2324
1664380800000,19393.2852,20381.8027,18404.7695
1664395200000,19414.6777,20390.541,18438.8164
1664409600000,19435.8574,20404.793,18466.9219
1664424000000,19445.2852,20408.2637,18482.3066
1664438400000,19399.8223,20294.123,18505.5195
1664452800000,19335.9277,20120.5117,18551.3457
1664467200000,19276.8223,19891.6543,18661.9883
1664481600000,19255.5,19802.2578,18708.7422
1664496000000,19278.3223,19818.6719,18737.9727
1664510400000,19313.6074,19858.9062,18768.3086
1664524800000,19363.1426,19805.6953,18920.5898
1664539200000,19432.1074,19779.7969,19084.418
1664553600000,19469.4277,19688.248,19250.6094
1664568000000,19464.3926,19685.1074,19243.6797
1664582400000,19455.4648,19674.7871,19236.1426
1664596800000,19448.1777,19679.6953,19216.6621
1664611200000,19434.3574,19676.1562,19192.5566
1664625600000,19432.1426,19677.3887,19186.8965
1664640000000,19418.0352,19678.6406,19157.4316
1664654400000,19419.4648,19677.252,19161.6758
1664668800000,19412.8223,19677.4902,19148.1523
1664683200000,19390.8574,19647.123,19134.5918
1664697600000,19376.4648,19653.4395,19099.4883
1664712000000,19346.1426,19628.1328,19064.1543
1664726400000,19333.2148,19615.4199,19051.0078
1664740800000,19283.25,19495.5176,19070.9824
1664755200000,19261.3926,19455.5117,19067.2734
1664769600000,19245.5,19423.8125,19067.1875
1664784000000,19233.8574,19388.4355,19079.2773
1664798400000,19235.3926,19393.2207,19077.5645
1664812800000,19252.3574,19473.0625,19031.6523
1664827200000,19273.9648,19565.8535,18982.0762
1664841600000,19298.1777,19633.5879,18962.7695
1664856000000,19345.0723,19822.4629,18867.6797
1664870400000,19389.9648,19953.1992,18826.7305
1664884800000,19448.3574,20111.6055,18785.1074
1664899200000,19522.0723,20275.9492,18768.1953
1664913600000,19607.6074,20435.6309,18779.582
1664928000000,19674.5,20526.4766,18822.5234
1664942400000,19758.2148,20575.9551,18940.4727
1664956800000,19819.7148,20575.8848,19063.543
1664971200000,19877.6777,20551.3281,19204.0293
1664985600000,19939.7148,20521.9004,19357.5293
1665000000000,19998.8574,20479.8984,19517.8145
1665014400000,20056.7148,20495.0723,19618.3555
1665028800000,20098.8574,20471.8574,19725.8555
1665043200000,20144.6426,20397.8867,19891.3984
1665057600000,20148,20392.3203,19903.6797
1665072000000,20153.2852,20381.207,19925.3633
1665086400000,20143.6074,20391.9629,19895.25
1665100800000,20126.5352,20384.4883,19868.584
1665115200000,20097.25,20346.8438,19847.6562
1665129600000,20083.8223,20333.4219,19834.2207
1665144000000,20037.6074,20389.916,19685.2969
1665158400000,19996.7852,20461.2285,19532.3418
1665172800000,19962.5352,20487.7285,19437.3438
1665187200000,19918.4648,20487.9414,19348.9863
1665201600000,19871,20463.6699,19278.3301
1665216000000,19812.7852,20365.3574,19260.2148
1665230400000,19760.3223,20288.9434,19231.7012
1665244800000,19704.3223,20182.5859,19226.0566
1665259200000,19661.9648,20131.3398,19192.5879
1665273600000,19615.75,20068.2246,19163.2754
1665288000000,19576.2148,19998.959,19153.4707
1665302400000,19539.0723,19900.2773,19177.8672
1665316800000,19511.0352,19802.2109,19219.8613
1665331200000,19472.6426,19583.6602,19361.627
1665345600000,19463.0352,19561.2266,19364.8438
1665360000000,19462.25,19560.9883,19363.5117
1665374400000,19453.9277,19551.2539,19356.6035
1665388800000,19441.7852,19556.6699,19326.9023
1665403200000,19425.4648,19568.8496,19282.0781
1665417600000,19401.8926,19572.6934,19231.0918
1665432000000,19376.1777,19593.625,19158.7324
1665446400000,19346.0352,19621.5078,19070.5645
1665460800000,19321.5723,19628.4824,19014.6602
1665475200000,19306.3926,19625.4727,18987.3125
1665489600000,19287.5723,19613.0137,18962.1309
1665504000000,19253.3223,19599.25,18907.3945
1665518400000,19218.9648,19541.9395,18895.9883
1665532800000,19188.75,19494.959,18882.541
1665547200000,19164.6777,19441.043,18888.3145
1665561600000,19140.9277,19372.0078,18909.8496
1665576000000,19121.7148,19301.041,18942.3887
1665590400000,19107.8223,19248.0215,18967.6211
1665604800000,19099.6074,19213.4824,18985.7324
1665619200000,19090.5,19189.2285,18991.7715
1665633600000,19081.8926,19189.1289,18974.6562
1665648000000,19060.9277,19267.8223,18854.0352
1665662400000,19051.9648,19267.3828,18836.5469
1665676800000,19067.5,19333.0527,18801.9473
1665691200000,19084.1777,19391.4082,18776.9473
1665705600000,19143.1426,19618.8281,18667.457
1665720000000,19184.9277,19720.127,18649.7305
1665734400000,19224.3223,19790.1797,18658.4629
1665748800000,19242.3223,19807.0566,18677.5859
1665763200000,19246.2148,19807.9219,18684.5078
1665777600000,19248.5352,19808.6523,18688.4199
1665792000000,19253.3926,19810.4844,18696.3008
1665806400000,19254.6426,19810.8613,18698.4258
1665820800000,19260.5723,19810.7617,18710.3809
1665835200000,19269.3926,19806.4238,18732.3613
1665849600000,19294.3574,19757.6953,18831.0195
1665864000000,19302.6426,19744.2266,18861.0605
1665878400000,19284.7148,19735.4082,18834.0195
1665892800000,19267.1426,19722.0938,18812.1914
1665907200000,19219.3223,19565.3672,18873.2754
1665921600000,19184.4277,19442.5098,18926.3477
1665936000000,19168.7148,19338.3457,18999.084
1665950400000,19161.6777,19306.9941,19016.3633
1665964800000,19163.0723,19308.7461,19017.3965
1665979200000,19172,19332.2598,19011.7402
1665993600000,19189.7852,19403.8691,18975.7031
1666008000000,19215.6074,19490.3535,18940.8613
1666022400000,19240.8574,19552.4707,18929.2422
1666036800000,19270.2852,19608.8496,18931.7207
1666051200000,19302.6426,19651.5742,18953.7109
1666065600000,19345.6426,19712.0586,18979.2266
1666080000000,19377.3926,19734.0547,19020.7305
1666094400000,19394.3574,19722.9707,19065.7441
1666108800000,19399.6426,19713.5469,19085.7383
1666123200000,19411.8926,19697.6875,19126.0977
1666137600000,19405.3926,19698.9629,19111.8223
1666152000000,19402.6074,19702.6172,19102.5977
1666166400000,19403.3926,19701.1309,19105.6543
1666180800000,19401.25,19702.5605,19099.9395
1666195200000,19385.3926,19698.5371,19072.248
1666209600000,19356.2148,19686.7852,19025.6445
1666224000000,19321.8223,19679.4844,18964.1582
1666238400000,19292.8574,19642.0254,18943.6895
1666252800000,19268.3574,19591.7656,18944.9473
1666267200000,19238.5723,19477.416,18999.7266
1666281600000,19203.4277,19382.3848,19024.4727
1666296000000,19180.2852,19354.4492,19006.123
1666310400000,19167.8574,19355.9023,18979.8125
1666324800000,19146.1426,19329.2734,18963.0117
1666339200000,19121.6426,19319.6328,18923.6523
1666353600000,19117.4277,19309.8945,18924.9629
1666368000000,19116.3926,19307.3828,18925.4023
1666382400000,19108.6426,19283.4043,18933.8809
1666396800000,19102.8926,19266.9316,18938.8535
1666411200000,19105.7852,19272.2344,18939.3379
1666425600000,19115.5352,19279.1699,18951.9023
1666440000000,19122.4648,19295.9629,18948.9668
1666454400000,19121.2148,19292.7734,18949.6543
1666468800000,19117.6777,19280.7598,18954.5977
1666483200000,19126.9648,19291.5586,18962.3691
1666497600000,19135.25,19292.8281,18977.6719
1666512000000,19142.9648,19290.7168,18995.2109
1666526400000,19154.9648,19285.6641,19024.2656
1666540800000,19194.6777,19364.1953,19025.1621
1666555200000,19223.6777,19474.7363,18972.6211
1666569600000,19238.6074,19501.5977,18975.6172
1666584000000,19250.2852,19511.7266,18988.8457
1666598400000,19269.5723,19536.7246,19002.418
1666612800000,19279.6074,19539.8594,19019.3555
1666627200000,19291.25,19544.8066,19037.6934
1666641600000,19298,19549.4316,19046.5684
1666656000000,19309,19552.1582,19065.8418
1666670400000,19316.3223,19551.3457,19081.2969
1666684800000,19323.2852,19548.9922,19097.5801
1666699200000,19365.0723,19657.4453,19072.6992
1666713600000,19445.3926,19973.8145,18916.9727
1666728000000,19509.2148,20106.9766,18911.4531
1666742400000,19563.3223,20271.1484,18855.4941
1666756800000,19619.25,20433,18805.5
1666771200000,19705.8926,20650.123,18761.6621
1666785600000,19814.5352,20895.1699,18733.9004
1666800000000,19910.6074,21068.3027,18752.9102
1666814400000,20015.2852,21197.7812,18832.7891
1666828800000,20116.3574,21289.1309,18943.584
1666843200000,20215.25,21335.7402,19094.7598
1666857600000,20306.75,21329.3828,19284.1172
1666872000000,20396.2852,21256.3633,19536.207
1666886400000,20491.1777,21098.8672,19883.4902
1666900800000,20530.7148,20992.209,20069.2188
1666915200000,20531.75,20990.9512,20072.5488
1666929600000,20531.7852,20990.8457,20072.7266
1666944000000,20526.2852,21000.457,20052.1133
1666958400000,20535.3223,20999.9023,20070.7402
1666972800000,20535.75,21000.5801,20070.9199
1666987200000,20518.0352,20953.3301,20082.7422
1667001600000,20517.1777,20950.6094,20083.7461
1667016000000,20517.2852,20950.9629,20083.6094
1667030400000,20513.5,20940.0254,20086.9746
1667044800000,20529.2148,20997.2188,20061.209
1667059200000,20545.0352,21037.8867,20052.1836
1667073600000,20563.8574,21075.9336,20051.7812
1667088000000,20574.75,21097.5156,20051.9844
1667102400000,20614.0352,21128.959,20099.1113
1667116800000,20648.8574,21134.7793,20162.9355
1667131200000,20691.8223,21060.2305,20323.4121
1667145600000,20725.5723,20958.0898,20493.0527
1667160000000,20736.3574,20931.3398,20541.373
1667174400000,20729.9277,20946.4277,20513.4297
1667188800000,20726.6426,20952.6914,20500.5938
1667203200000,20724.7852,20950.5449,20499.0254
1667217600000,20697.9277,20979.9082,20415.9492
1667232000000,20673.9277,21006.498,20341.3574
1667246400000,20642.3223,20956.4668,20328.1758
1667260800000,20616.0723,20922.2422,20309.9004
1667275200000,20599.4277,20885.3047,20313.5527
1667289600000,20580.4648,20852.8047,20308.125
1667304000000,20551.3223,20790.084,20312.5586
1667318400000,20527.6426,20738.7109,20316.5762
1667332800000,20512.5723,20707.7949,20317.3496
1667347200000,20502.9648,20684.418,20321.5117
1667361600000,20488.4648,20662.3145,20314.6133
1667376000000,20481.5723,20658.1406,20305.0039
1667390400000,20471.25,20648.7891,20293.7109
1667404800000,20437,20591.7598,20282.2402
1667419200000,20419.1426,20636.3418,20201.9434
1667433600000,20414.9277,20639.043,20190.8145
1667448000000,20401.1074,20630.2871,20171.9258
1667462400000,20375.8926,20644.0137,20107.7734
1667476800000,20351.5723,20601.8574,20101.2852
1667491200000,20332.8926,20572.8086,20092.9766
1667505600000,20316.1426,20557.8027,20074.4824
1667520000000,20306.8926,20538.6699,20075.1172
1667534400000,20316.4648,20582.5859,20050.3438
1667548800000,20319.1074,20593.3945,20044.8203
1667563200000,20348.6074,20727.6934,19969.5195
1667577600000,20397.0352,20938.4512,19855.6211
1667592000000,20449.9648,21113.334,19786.5938
1667606400000,20535.1777,21357.3008,19713.0566
1667620800000,20623.4277,21519.0957,19727.7617
1667635200000,20701.7148,21659.0391,19744.3887
1667649600000,20773.1777,21746.291,19800.0664
1667664000000,20859.2852,21797.2598,19921.3105
1667678400000,20934.5723,21830.1953,20038.9473
1667692800000,21004.8223,21824.2773,20185.3652
1667707200000,21075.5723,21766.1035,20385.0391
1667721600000,21142.1426,21689.4688,20594.8184
1667736000000,21187.3223,21646.1016,20728.541
1667750400000,21233.5723,21523.4883,20943.6543
1667764800000,21238.7852,21500.8008,20976.7715
1667779200000,21225,21531.7832,20918.2168
1667793600000,21187.8926,21624.5312,20751.2539
1667808000000,21136.9277,21611.2344,20662.623
1667822400000,21092.8223,21584.5234,20601.1191
1667836800000,21052.6426,21531.4219,20573.8633
1667851200000,21002.25,21517.2148,20487.2852
1667865600000,20917.8926,21565.7969,20269.9902
1667880000000,20809.9648,21646.5645,19973.3633
1667894400000,20700.2852,21678.9355,19721.6367
1667908800000,20580.7852,21690.166,19471.4043
1667923200000,20367.4277,21938.8086,18796.0488
1667937600000,20174.7148,21925.0508,18424.3789
1667952000000,19967.8223,21866.4883,18069.1543
1667966400000,19775.7852,21796.9512,17754.6211
1667980800000,19552.5,21711.5371,17393.4629
1667995200000,19300,21711.9258,16888.0742
1668009600000,19015.4277,21621.623,16409.2344
1668024000000,18665.9648,21541.6602,15790.2676
1668038400000,18341.5,21192.0293,15490.9697
1668052800000,18061.4648,20740.3008,15382.6289
1668067200000,17780.0352,20351.7793,15208.292
1668081600000,17618.0352,19937.8242,15298.2471
1668096000000,17453.5,19467.7637,15439.2363
1668110400000,17313.2852,18975.5859,15650.9863
1668124800000,17222.75,18806.2266,15639.2734
1668139200000,17138.6074,18549.7129,15727.502
1668153600000,17066.4648,18328.9531,15803.9766
1668168000000,16967.3223,18060.0469,15874.5967
1668182400000,16896.2852,17894.0137,15898.5576
1668196800000,16889.9648,17883.9062,15896.0225
1668211200000,16897.8926,17888.6094,15907.1768
1668225600000,16961.6777,17778.0898,16145.2676
1668240000000,16998.9648,17732.3594,16265.5684
1668254400000,17014.6426,17727.9199,16301.3662
1668268800000,17060.6074,17625.6309,16495.582
1668283200000,17007.5352,17529.4238,16485.6465
1668297600000,16970.3926,17450.4551,16490.3301
1668312000000,16911.1777,17279.4395,16542.918
1668326400000,16884.8574,17279.2812,16490.4316
1668340800000,16826.1777,17161.252,16491.1035
1668355200000,16771.7852,17028.7539,16514.8164
1668369600000,16734.1777,17084.8418,16383.5156
1668384000000,16685.2148,17162.832,16207.5957
1668398400000,16668.8574,17117.3008,16220.4131
1668412800000,16658.1074,17095.8984,16220.3154
1668427200000,16643.7852,17080.5547,16207.0166
1668441600000,16601.4648,17078.5703,16124.3584
1668456000000,16579.3926,17029.9316,16128.8535
1668470400000,16573.9277,17013.2129,16134.6445
1668484800000,16576.25,17020.0391,16132.4619
1668499200000,16568.2852,16994.3496,16142.2217
1668513600000,16584.2852,17048.0684,16120.5039
1668528000000,16598.9277,17078.834,16119.0225
1668542400000,16622.1074,17118.8594,16125.3545
1668556800000,16651.9648,17171.3906,16132.5371
1668571200000,16688.7852,17175.3809,16202.1895
1668585600000,16731.1426,17091.7637,16370.5215
1668600000000,16705.4648,17101.1406,16309.7891
1668614400000,16693.6426,17099.2676,16288.0176
1668628800000,16699.1777,17099.3535,16299.0029
1668643200000,16719.4648,17040.9746,16397.9531
1668657600000,16720.2148,17040.4258,16400.0039
1668672000000,16706.7148,17033.6777,16379.751
1668686400000,16685.6074,17022.3418,16348.8711
1668700800000,16674.4648,17011.1387,16337.79
1668715200000,16654.6426,16954.6562,16354.6289
1668729600000,16654.8926,16955.4766,16354.3096
1668744000000,16645,16926.2266,16363.7744
1668758400000,16629.7148,16863.9316,16395.4961
1668772800000,16619.3223,16831.4219,16407.2227
1668787200000,16615.6777,16824.4199,16406.9375
1668801600000,16634.6426,16810.6934,16458.5918
1668816000000,16639.5,16807.582,16471.418
1668830400000,16635.9277,16806.2676,16465.5898
1668844800000,16646.5723,16799.7363,16493.4062
1668859200000,16649.0723,16799.3145,16498.8281
1668873600000,16650.6777,16798.3262,16503.0293
1668888000000,16662.4648,16788,16536.9297
1668902400000,16666.1426,16787.3789,16544.9082
1668916800000,16667.3926,16789.2441,16545.541
1668931200000,16644.0352,16759.3594,16528.7109
1668945600000,16632.5723,16746.1133,16519.0293
1668960000000,16621.1074,16725.6445,16516.5684
1668974400000,16592.5,16797.877,16387.123
1668988800000,16550.4648,16893.8613,16207.0664
1669003200000,16502.4277,16938.377,16066.4805
1669017600000,16463.6074,16951.4199,15975.7939
1669032000000,16428.6074,16945.707,15911.5078
1669046400000,16360.3926,16983.5039,15737.2812
1669060800000,16297.7861,16977.1699,15618.4014
1669075200000,16241.5713,16941.2324,15541.9102
1669089600000,16174.9639,16874.4414,15475.4873
1669104000000,16109.3213,16788.8613,15429.7822
1669118400000,16074.4639,16676.8672,15472.0615
1669132800000,16048.5,16604.7832,15492.2168
1669147200000,16022.1426,16509.168,15535.1172
1669161600000,16020.6426,16501.0195,15540.2666
1669176000000,16040.25,16578.6406,15501.8584
1669190400000,16076.0713,16676.0371,15476.1064
1669204800000,16104.9287,16726.4395,15483.418
1669219200000,16132.9639,16778.2539,15487.6758
1669233600000,16167.5361,16851.877,15483.1934
1669248000000,16238.5,16918.3613,15558.6387
1669262400000,16298.8926,16941.6973,15656.0879
1669276800000,16351.75,16946.2578,15757.2422
1669291200000,16408.9277,16903.6602,15914.1973
1669305600000,16467.5352,16795.2441,16139.8281
1669320000000,16494.1777,16790.5117,16197.8447
1669334400000,16518.5352,16740.041,16297.0303
1669348800000,16536.4648,16674.8828,16398.0449
1669363200000,16533.8926,16672.7715,16395.0156
1669377600000,16529.6426,16670.5879,16388.6973
1669392000000,16525.9277,16666.9043,16384.9531
1669406400000,16532.6074,16658.3555,16406.8594
1669420800000,16542.9277,16663.3027,16422.5547
1669435200000,16541.3574,16660.3203,16422.3926
1669449600000,16531.7852,16619.0273,16444.5449
1669464000000,16524.5352,16608.0098,16441.0625
1669478400000,16518.5723,16604.6621,16432.4805
1669492800000,16511.2148,16604.9609,16417.4668
1669507200000,16508.6426,16599.3145,16417.9707
1669521600000,16507.25,16594.2969,16420.2031
1669536000000,16511.9648,16599.3125,16424.6152
1669550400000,16519.9648,16601.4512,16438.4785
1669564800000,16522.6426,16605.2324,16440.0527
1669579200000,16517.4648,16616.334,16418.5957
1669593600000,16493.3223,16701.0898,16285.5518
1669608000000,16472.0352,16728.1426,16215.9277
1669622400000,16444.1074,16725,16163.2139
1669636800000,16414.7852,16726.0605,16103.5107
1669651200000,16390.3223,16707.4531,16073.1904
1669665600000,16370.0361,16695.6699,16044.4014
1669680000000,16355.4639,16680.0684,16030.8613
1669694400000,16355.5,16680.1406,16030.8594
1669708800000,16352.1426,16670.8477,16033.4375
1669723200000,16338.9639,16637.4805,16040.4482
1669737600000,16329.1074,16608.3848,16049.8301
1669752000000,16319.75,16575.7324,16063.7686
1669766400000,16340.2139,16693.418,15987.0098
1669780800000,16373.2139,16820.9473,15925.4814
1669795200000,16423.6777,16921.9004,15925.4561
1669809600000,16470.4277,16998.6016,15942.2559
1669824000000,16530.75,17113.0938,15948.4062
1669838400000,16602.2148,17223.1699,15981.2578
1669852800000,16667.7852,17303.9727,16031.5986
1669867200000,16729.0723,17339.7266,16118.416
1669881600000,16788.6074,17369.0352,16208.1777
1669896000000,16826.75,17380.2207,16273.2803
1669910400000,16861.1777,17381.1738,16341.1826
1669924800000,16903.6074,17348.3477,16458.8672
1669939200000,16938.3574,17288.0039,16588.7109
1669953600000,16975.7852,17179.5879,16771.9844
1669968000000,16986.5,17174.748,16798.252
1669982400000,16990.9648,17171.168,16810.7598
1669996800000,16999.7852,17167.0684,16832.5039
1670011200000,17016.5,17169.3105,16863.6895
1670025600000,17014.6074,17166.4883,16862.7246
1670040000000,17001.3926,17135.7305,16867.0547
1670054400000,16988.0352,17104.3457,16871.7246
1670068800000,16980,17089.9941,16870.0059
1670083200000,16968.9277,17057.4961,16880.3613
1670097600000,16962.4648,17061.0996,16863.8281
1670112000000,16962.5,17061.125,16863.875
1670126400000,16963.9277,17063.2617,16864.5938
1670140800000,16967.1074,17059.7148,16874.498
1670155200000,16972.1777,17068.0918,16876.2656
1670169600000,16978.7852,17089,16868.5723
1670184000000,16990.25,17113.332,16867.168
1670198400000,17004.3574,17165.1816,16843.5332
1670212800000,17019.0723,17236.4727,16801.6699
1670227200000,17038.8926,17299.6602,16778.127
1670241600000,17046.5723,17304.2598,16788.8828
1670256000000,17044.3926,17306.0156,16782.7695
1670270400000,17045.5723,17305.627,16785.5156
1670284800000,17048.8574,17304.877,16792.8359
1670299200000,17057.0723,17298.3633,16815.7793
1670313600000,17059.1074,17297.3828,16820.832
1670328000000,17058.5723,17297.5391,16819.6035
1670342400000,17061.2148,17295.5176,16826.9102
1670356800000,17065.6777,17299.0898,16832.2676
1670371200000,17061.1777,17295.9297,16826.4277
1670385600000,17037.25,17316.4082,16758.0918
1670400000000,17008.8926,17300.207,16717.5781
1670414400000,16976.1426,17231.6504,16720.6348
1670428800000,16941.4277,17137.4531,16745.4043
1670443200000,16924,17114.3281,16733.6719
1670457600000,16918.1074,17114.4453,16721.7695
1670472000000,16906.9648,17108.6855,16705.2441
1670486400000,16896.5,17094.8691,16698.1309
1670500800000,16890.3926,17080.8711,16699.9141
1670515200000,16909,17170.0469,16647.9531
1670529600000,16926,17230.2324,16621.7676
1670544000000,16941.3926,17274.2422,16608.543
1670558400000,16950,17302.6934,16597.3066
1670572800000,16965.4277,17345.8652,16584.9922
1670587200000,16994.8223,17371.5703,16618.0742
1670601600000,17019.8926,17386.4258,16653.3613
1670616000000,17040.25,17395.5996,16684.9004
1670630400000,17063.7148,17398.6035,16728.8242
1670644800000,17086.4648,17396.127,16776.8008
1670659200000,17109.9277,17386.4648,16833.3926
1670673600000,17137.6777,17361.3809,16913.9766
1670688000000,17159.9648,17313.584,17006.3438
1670702400000,17174.6074,17251.2695,17097.9453
1670716800000,17167.4277,17235.043,17099.8145
1670731200000,17164.25,17226.3945,17102.1055
1670745600000,17161.9648,17222.5605,17101.3672
1670760000000,17158.3574,17214.4805,17102.2324
1670774400000,17153.8926,17194.0137,17113.7715
1670788800000,17147.3574,17200.0801,17094.6348
1670803200000,17130.3574,17264.998,16995.7168
1670817600000,17115.5723,17289.832,16941.3105
1670832000000,17104.25,17290.6055,16917.8945
1670846400000,17093.8223,17286.1348,16901.5098
1670860800000,17085.3574,17275.873,16894.8418
1670875200000,17085.3926,17275.9941,16894.793
1670889600000,17083.8574,17272.4766,16895.2363
1670904000000,17086.25,17277.4004,16895.0996
1670918400000,17107.6426,17372.4727,16842.8145
1670932800000,17148.8574,17572.5527,16725.1621
1670947200000,17190.4277,17712.2109,16668.6465
1670961600000,17234.4648,17834.3867,16634.541
1670976000000,17278.5723,17940.0977,16617.0449
1670990400000,17330.6777,18035.7109,16625.6445
1671004800000,17395.4277,18099.4316,16691.4258
1671019200000,17475.5,18197.9297,16753.0703
1671033600000,17533,18216.4121,16849.5879
1671048000000,17590.5352,18217.75,16963.3223
1671062400000,17639.6074,18189.7754,17089.4395
1671076800000,17675.0723,18168.2461,17181.8965
1671091200000,17717.7148,18109.5527,17325.875
1671105600000,17737.25,18028.7461,17445.7539
1671120000000,17737.25,18028.7461,17445.7539
1671134400000,17709.3574,18059.9512,17358.7637
1671148800000,17685.7852,18068.0469,17303.5234
1671163200000,17665.75,18057.6426,17273.8574
1671177600000,17610.7852,18118.7422,17102.8281
1671192000000,17550.3926,18142.3926,16958.3926
1671206400000,17482.75,18150.5938,16814.9062
1671220800000,17381.6777,18109.0488,16654.3086
1671235200000,17301.75,18077.4941,16526.0059
1671249600000,17226.3223,17997.2031,16455.4414
1671264000000,17153.1777,17914.2246,16392.1328
1671278400000,17081.6074,17812.877,16350.3379
1671292800000,17007,17667.3086,16346.6924
1671307200000,16960.6777,17587.1738,16334.1826
1671321600000,16910,17484.8945,16335.1064
1671336000000,16865.7852,17388.9434,16342.6279
1671350400000,16814.75,17247.3516,16382.1475
1671364800000,16756.6074,16978.6719,16534.543
1671379200000,16736.8574,16906.0078,16567.707
1671393600000,16720.1777,16831.6953,16608.6621
1671408000000,16706.3926,16785.0137,16627.7715
1671422400000,16713.3574,16776.6152,16650.0996
1671436800000,16717.25,16775.4961,16659.0039
1671451200000,16711.2148,16772.6797,16649.75
1671465600000,16700.4277,16802.8633,16597.9941
1671480000000,16681.5352,16854.8145,16508.2578
1671494400000,16683.8574,16858.2598,16509.4551
1671508800000,16685.5352,16863.9004,16507.1719
1671523200000,16690.7148,16878.3184,16503.1094
1671537600000,16702.5352,16919.3965,16485.6758
1671552000000,16717,16955.8223,16478.1777
1671566400000,16732.3926,16985.7402,16479.0469
1671580800000,16739.1074,16997.7773,16480.4355
1671595200000,16744.7148,17006.002,16483.4258
1671609600000,16759.0723,17025.1738,16492.9688
1671624000000,16768.6777,17038.0645,16499.293
1671638400000,16771.0723,17039.3848,16502.7578
1671652800000,16782.9277,17045.8848,16519.9707
1671667200000,16803.3926,17034.041,16572.7441
1671681600000,16831.6777,16932.6562,16730.7012
1671696000000,16839.5723,16919.4727,16759.6699
1671710400000,16827.9648,16958.418,16697.5117
1671724800000,16817.75,16973.4355,16662.0645
1671739200000,16811.5723,16959.6777,16663.4668
1671753600000,16806.8223,16947.6875,16665.9551
1671768000000,16803.2852,16937.9199,16668.6523
1671782400000,16803.4648,16938.2656,16668.6641
1671796800000,16804.6074,16939.9316,16669.2832
1671811200000,16802.5,16934.2773,16670.7227
1671825600000,16797.4648,16926.3418,16668.5879
1671840000000,16803.0723,16931.1602,16674.9824
1671854400000,16803.5723,16932.1289,16675.0137
1671868800000,16802.6777,16930.4121,16674.9453
1671883200000,16802.8574,16930.7246,16674.9902
1671897600000,16803.3574,16931.707,16675.0078
1671912000000,16817.2148,16907.3672,16727.0605
1671926400000,16829.2852,16857.7852,16800.7852
1671940800000,16829.0352,16857.9844,16800.0859
1671955200000,16827.9277,16857.668,16798.1895
1671969600000,16824.6426,16857.8418,16791.4434
1671984000000,16821.0723,16859.0312,16783.1113
1671998400000,16820.8223,16858.6543,16782.9883
1672012800000,16823.8223,16873.6172,16774.0254
1672027200000,16828.4277,16874.2246,16782.6328
1672041600000,16830.1074,16878.3984,16781.8164
1672056000000,16828.0352,16877.4414,16778.6309
1672070400000,16829.25,16879.2773,16779.2227
1672084800000,16835.75,16903.8281,16767.6719
1672099200000,16837.8926,16907.918,16767.8691
1672113600000,16840.0352,16911.0371,16769.0352
1672128000000,16839.3926,16910.8359,16767.9512
1672142400000,16837.6074,16912.6094,16762.6035
1672156800000,16827.3223,16941.1016,16713.541
1672171200000,16820.4648,16951.4766,16689.4531
1672185600000,16810.6074,16968.5137,16652.7012
1672200000000,16797.9648,16976.5469,16619.3828
1672214400000,16782.8223,16964.5605,16601.082
1672228800000,16762.9648,16970.7598,16555.168
1672243200000,16743.7148,16962.1992,16525.2285
1672257600000,16724.3574,16963.6582,16485.0547
1672272000000,16703.4648,16948.5156,16458.4141
1672286400000,16677.25,16902.1562,16452.3438
1672300800000,16657.4277,16859.5293,16455.3281
1672315200000,16638.75,16807.3262,16470.1738
1672329600000,16622.3926,16757.377,16487.4082
1672344000000,16610.5,16708.8691,16512.1309
1672358400000,16604.2852,16697.3027,16511.2695
1672372800000,16587.4277,16690.6543,16484.2031
1672387200000,16576.0723,16684.9727,16467.1699
1672401600000,16568.75,16671.1836,16466.3164
1672416000000,16557.9648,16643.8359,16472.0918
1672430400000,16560.5352,16649.7852,16471.2871
1672444800000,16557.6777,16645.6523,16469.7051
1672459200000,16559,16646.2441,16471.7559
1672473600000,16560.0723,16647.2637,16472.8789
1672488000000,16561.6777,16649.0469,16474.3105
1672502400000,16559.1777,16645.1543,16473.2031
1672516800000,16554.1074,16638.0859,16470.127
1672531200000,16549.1777,16631.293,16467.0645
1672545600000,16541.7148,16614.0449,16469.3828
1672560000000,16538.7148,16607.0742,16470.3555
1672574400000,16544.7148,16598.6641,16490.7637
1672588800000,16551.3926,16598.8613,16503.9238
1672603200000,16555.4277,16609.0723,16501.7852
1672617600000,16564.7148,16635.6133,16493.8145
1672632000000,16571.9277,16672.5059,16471.3516
1672646400000,16584.3926,16710.5195,16458.2656
1672660800000,16596.1426,16738.8711,16453.4141
1672675200000,16607.25,16762.5176,16451.9824
1672689600000,16613.4648,16769.9512,16456.9766
1672704000000,16622.8223,16779.8711,16465.7715
1672718400000,16635.9277,16790.2422,16481.6152
1672732800000,16648.7852,16793.6953,16503.877
1672747200000,16659.4648,16785.1562,16533.7734
1672761600000,16666.1426,16775.0859,16557.2012
1672776000000,16674.1426,16761.1562,16587.1289
1672790400000,16693.3223,16805.7363,16580.9062
1672804800000,16712.2852,16843.9375,16580.6328
1672819200000,16725.1777,16866.4727,16583.8828
1672833600000,16735.2148,16889.2988,16581.1309
1672848000000,16743.1426,16905.2168,16581.0703
1672862400000,16753.0352,16924.8652,16581.207
1672876800000,16759.4648,16932.8203,16586.1074
1672891200000,16769.6777,16935.4277,16603.9297
1672905600000,16779.6777,16940.8574,16618.5
1672920000000,16788.5,16947.6211,16629.3789
1672934400000,16799.1074,16954.2988,16643.916
1672948800000,16810.0352,16947.2676,16672.8047
1672963200000,16823.0723,16920.6387,16725.5039
1672977600000,16831.7148,16877.0938,16786.3359
1672992000000,16822.9648,16891.4512,16754.4766
1673006400000,16820.3926,16884.7266,16756.0605
1673020800000,16826.8223,16910.5664,16743.0762
1673035200000,16833.4277,16935.293,16731.5645
1673049600000,16841.1426,16957.4902,16724.7949
1673064000000,16846.1426,16970.7676,16721.5195
1673078400000,16853.6074,16981.5117,16725.7012
1673092800000,16862.7852,16993.6855,16731.8867
1673107200000,16870.75,17005.2461,16736.2539
1673121600000,16877.8223,17014.7598,16740.8828
1673136000000,16883.2148,17021.832,16744.5957
1673150400000,16891.8223,17028.873,16754.7695
1673164800000,16899.4277,17031.0742,16767.7832
1673179200000,16914.2852,17035.1719,16793.3984
1673193600000,16928.1426,16991.4121,16864.873
1673208000000,16948.8223,17049.248,16848.3945
1673222400000,16968.2852,17129.5273,16807.043
1673236800000,16986.5352,17184.4961,16788.5742
1673251200000,17007.3574,17240.5898,16774.125
1673265600000,17031.1426,17293.4609,16768.8242
1673280000000,17057.5352,17341.6523,16773.4199
1673294400000,17074.8223,17355.959,16793.6855
1673308800000,17093.3223,17369.9277,16816.7148
1673323200000,17111.8574,17378.2676,16845.4473
1673337600000,17134.6426,17388.8867,16880.3984
1673352000000,17161.1426,17406.5215,16915.7637
1673366400000,17196.5352,17438.375,16954.6953
1673380800000,17228.9648,17472.0078,16985.9199
1673395200000,17264.3223,17457.6895,17070.9531
1673409600000,17286.7852,17480.9414,17092.6309
1673424000000,17303.4277,17503.791,17103.0664
1673438400000,17312.75,17504.0996,17121.4004
1673452800000,17334.75,17553.6621,17115.8379
1673467200000,17383.0352,17758.3574,17007.7148
1673481600000,17450,18017.2695,16882.7305
1673496000000,17518.25,18161.5723,16874.9277
1673510400000,17589.7148,18293.6211,16885.8066
1673524800000,17653.2852,18363.8438,16942.7266
1673539200000,17769.8223,18682.6426,16857
1673553600000,17878.7148,18904.1152,16853.3125
1673568000000,17982.4648,19091.9062,16873.0234
1673582400000,18080.6074,19224.0156,16937.1973
1673596800000,18187.4277,19342.4492,17032.4062
1673611200000,18317.3926,19513.0352,17121.75
1673625600000,18455.0352,19654.0293,17256.043
1673640000000,18640.9648,19888.2949,17393.6328
1673654400000,18886.8223,20479.7773,17293.8652
1673668800000,19099.2148,20907.5918,17290.8359
1673683200000,19279.1426,21200.7168,17357.5684
1673697600000,19469.7148,21426.6934,17512.7344
1673712000000,19655.6777,21588.1992,17723.1582
1673726400000,19860.6426,21689.2246,18032.0625
1673740800000,19993.2148,21786.8262,18199.6016
1673755200000,20129.5723,21839.1426,18420.002
1673769600000,20263.25,21846.9336,18679.5664
1673784000000,20413.9277,21808.2422,19019.6152
1673798400000,20552.6074,21683.5293,19421.6836
1673812800000,20668.7148,21548.3574,19789.0723
1673827200000,20791.8574,21311.5508,20272.1641
1673841600000,20876.3574,21117.3613,20635.3535
1673856000000,20865.6777,21099.8086,20631.5488
1673870400000,20871.4648,21113.6523,20629.2754
1673884800000,20912.4648,21234.3379,20590.5898
1673899200000,20940.8926,21286.8848,20594.9023
1673913600000,20964.1426,21313.0059,20615.2793
1673928000000,20977.4277,21337.7891,20617.0684
1673942400000,21012.3574,21366.8965,20657.8184
1673956800000,21043.1426,21373.8711,20712.4141
1673971200000,21085.0352,21402.1387,20767.9336
1673985600000,21099.3223,21404.1719,20794.4707
1674000000000,21128.2148,21410.623,20845.8066
1674014400000,21158.2148,21416.793,20899.6348
1674028800000,21166.8926,21422.6641,20911.1211
1674043200000,21161.5352,21424.7148,20898.3555
1674057600000,21165.6777,21409.2305,20922.127
1674072000000,21142.8926,21486.3672,20799.4199
1674086400000,21101.7852,21487.6816,20715.8887
1674100800000,21073.8574,21484.1191,20663.5957
1674115200000,21045.9277,21490.0273,20601.8281
1674129600000,21026.3926,21476.1602,20576.627
1674144000000,21016.8223,21454.8672,20578.7754
1674158400000,21009.0352,21439.2207,20578.8496
1674172800000,20991.1777,21385.6992,20596.6582
1674187200000,20978.75,21366.4648,20591.0352
1674201600000,20957.4277,21312.6191,20602.2383
1674216000000,20945.9277,21264.623,20627.2344
1674230400000,20966.6426,21374.5605,20558.7266
1674244800000,21081.75,22041.0039,20122.4961
1674259200000,21200.4277,22414.0547,19986.8027
1674273600000,21341.4648,22724.2637,19958.666
1674288000000,21495.9648,23048.5723,19943.3555
1674302400000,21652.6426,23332.4199,19972.8652
1674316800000,21834.6777,23625.8867,20043.4707
1674331200000,21971.8926,23739.7266,20204.0605
1674345600000,22090.6426,23828.8008,20352.4844
1674360000000,22220.8926,23905.4648,20536.3203
1674374400000,22343.75,23925.6191,20761.8809
1674388800000,22475.1074,23866.6895,21083.5254
1674403200000,22601.1777,23712.6641,21489.6934
1674417600000,22713.7148,23473.3945,21954.0352
1674432000000,22796.7148,23149.4961,22443.9336
1674446400000,22800.7852,23147.9004,22453.6699
1674460800000,22827.1777,23150.6055,22503.752
1674475200000,22842.2148,23150.0254,22534.4043
1674489600000,22834.6074,23141.2461,22527.9688
1674504000000,22829.6777,23127.6855,22531.6719
1674518400000,22815.3223,23033.043,22597.5996
1674532800000,22834.3223,23083.3633,22585.2793
1674547200000,22846.4277,23094.959,22597.8984
1674561600000,22849.4277,23101.0566,22597.8008
1674576000000,22865.3926,23130.6934,22600.0918
1674590400000,22854.9277,23141.8926,22567.9648
1674604800000,22849.5352,23148.6094,22550.4629
1674619200000,22850.6426,23147.8086,22553.4766
1674633600000,22847.5723,23153.541,22541.6016
1674648000000,22840.3223,23163.7266,22516.916
1674662400000,22829,23151.0605,22506.9395
1674676800000,22843.3574,23186.5371,22500.1777
1674691200000,22867.3223,23239.8105,22494.832
1674705600000,22870.3223,23245.4473,22495.1953
1674720000000,22863.8574,23227.0664,22500.6484
1674734400000,22857.0723,23209.1973,22504.9453
1674748800000,22867.6426,23235.5254,22499.7598
1674763200000,22873,23246.7012,22499.2988
1674777600000,22855,23221.9941,22488.0059
1674792000000,22885.6777,23248.7754,22522.582
1674806400000,22908.25,23248.5078,22567.9922
1674820800000,22922.6777,23248.2051,22597.1504
1674835200000,22968.4277,23286.1016,22650.7559
1674849600000,23002.5,23251.3926,22753.6074
1674864000000,23027.5,23244.1758,22810.8242
1674878400000,23022.8574,23239.418,22806.2949
1674892800000,23012.3223,23220.7188,22803.9238
1674907200000,23014.6777,23221.9414,22807.4141
1674921600000,23018.3574,23225.709,22811.0059
1674936000000,23022.8223,23227.543,22818.0996
1674950400000,23031.75,23254.1504,22809.3496
1674964800000,23045.3926,23283.3066,22807.4785
1674979200000,23093.2148,23359.8984,22826.5312
1674993600000,23125.9277,23474.6582,22777.1992
1675008000000,23193.1074,23713.0449,22673.168
1675022400000,23251.25,23820.8477,22681.6523
1675036800000,23283.7852,23899.9707,22667.6016
1675051200000,23324.5723,23957.041,22692.1016
1675065600000,23322.6074,23957.832,22687.3809
1675080000000,23336.2852,23950.5195,22722.0527
1675094400000,23322.75,23974.5547,22670.9453
1675108800000,23310.4277,23991.6504,22629.2051
1675123200000,23295.2852,24008.2539,22582.3164
1675137600000,23292.6074,24009.9395,22575.2754
1675152000000,23269.5,24018.0195,22520.9805
1675166400000,23264.1777,24015.666,22512.6914
1675180800000,23245.3926,23991.2891,22499.498
1675195200000,23217.3223,23947.4473,22487.1953
1675209600000,23162.3926,23784.5918,22540.1934
1675224000000,23115.1426,23646.9414,22583.3438
1675238400000,23070.9648,23489.2285,22652.6992
1675252800000,23024.2148,23291.2109,22757.2188
1675267200000,23045.4277,23370.1289,22720.7285
1675281600000,23084.6426,23563.5332,22605.752
1675296000000,23161.8926,23762.6914,22561.0938
1675310400000,23231.1426,23885.2402,22577.0449
1675324800000,23302.7148,23984.9082,22620.5195
1675339200000,23365.5723,24080.1152,22651.0273
1675353600000,23434.7852,24132.2012,22737.3691
1675368000000,23461.7148,24137.998,22785.4316
1675382400000,23490.5,24150.3047,22830.6953
1675396800000,23513.2852,24144.2969,22882.2734
1675411200000,23542.6777,24138.2773,22947.0801
1675425600000,23580.8574,24119.7812,23041.9336
1675440000000,23597.8574,24086.2988,23109.416
1675454400000,23629.8223,24001.5527,23258.0898
1675468800000,23627.75,24005.2051,23250.2949
1675483200000,23598.5723,24000.8477,23196.2949
1675497600000,23562.4277,23948.7559,23176.1016
1675512000000,23535.0723,23903.4922,23166.6504
1675526400000,23507.2852,23838.2598,23176.3105
1675540800000,23468.7148,23745.9062,23191.5215
1675555200000,23433.6426,23624.2812,23243.0039
1675569600000,23425.3574,23613.457,23237.2559
1675584000000,23410.1777,23578.5273,23241.8301
1675598400000,23385.3926,23611.0098,23159.7754
1675612800000,23339.25,23657.4082,23021.0918
1675627200000,23291.1426,23628.9258,22953.3594
1675641600000,23260.7852,23652.334,22869.2383
1675656000000,23221.1074,23641.4688,22800.7461
1675670400000,23187.8223,23633.3887,22742.2559
1675684800000,23167.8574,23611.9141,22723.8008
1675699200000,23143.4277,23577.6152,22709.2422
1675713600000,23095.8926,23544.4727,22647.3145
1675728000000,23055.0352,23472.2676,22637.8047
1675742400000,23024.9648,23420.4395,22629.4902
1675756800000,22997.75,23350.0957,22645.4043
1675771200000,22963.5723,23244.166,22682.9766
1675785600000,22944.3574,23132.8633,22755.8516
1675800000000,22954,23184.623,22723.377
1675814400000,22978.9277,23253.3926,22704.4648
1675828800000,22999.9277,23304.1699,22695.6875
1675843200000,23018.6777,23328.7656,22708.5918
1675857600000,23017.5352,23329.6309,22705.4414
1675872000000,23016.8574,23330.1016,22703.6133
1675886400000,23011.3574,23325.0312,22697.6836
1675900800000,22974.3223,23379.8945,22568.748
1675915200000,22968.4277,23388.791,22548.0664
1675929600000,22955,23398.1562,22511.8438
1675944000000,22933.4648,23412.4883,22454.4414
1675958400000,22866.9648,23530.6777,22203.252
1675972800000,22787.7148,23648.7637,21926.666
1675987200000,22696.5,23669.0234,21723.9766
1676001600000,22601.7148,23600.0566,21603.3711
1676016000000,22493.3926,23514.8203,21471.9648
1676030400000,22380.3223,23397.0254,21363.6172
1676044800000,22281.5,23241.4746,21321.5254
1676059200000,22192.8926,23146.9219,21238.8633
1676073600000,22107.0352,23013.4258,21200.6445
1676088000000,22015.8926,22806.2402,21225.5449
1676102400000,21957.1777,22713.2129,21201.1445
1676116800000,21888.5723,22540.1562,21236.9863
1676131200000,21815.5,22302.2617,21328.7383
1676145600000,21761.3574,21982.5391,21540.1738
1676160000000,21742.25,21902.3105,21582.1895
1676174400000,21741.6074,21900.8359,21582.377
1676188800000,21745.25,21913.8633,21576.6367
1676203200000,21746.4648,21920.2188,21572.7109
1676217600000,21765.6074,21983.7051,21547.5098
1676232000000,21774.3926,21983.8594,21564.9258
1676246400000,21776.1426,21986.2109,21566.0762
1676260800000,21794.3223,21995.5566,21593.0879
1676275200000,21790.1426,22002.9609,21577.3242
1676289600000,21782.4648,22015.4746,21549.4531
1676304000000,21778.0723,22020.1445,21535.998
1676318400000,21782.6426,22021.8398,21543.4453
1676332800000,21785.3926,22019.793,21550.9922
1676347200000,21779.8926,22012.1855,21547.5996
1676361600000,21782.2148,22014.7344,21549.6934
1676376000000,21801.6426,22075.0449,21528.2402
1676390400000,21826.8926,22177.0625,21476.7227
1676404800000,21845.8223,22242.9316,21448.7109
1676419200000,21853.3223,22265.7324,21440.9121
1676433600000,21877.0352,22307.4141,21446.6582
1676448000000,21922.25,22437.668,21406.832
1676462400000,21987.5723,22672.6797,21302.4629
1676476800000,22108.75,23044.7715,21172.7285
1676491200000,22305.9648,23746.0508,20865.8789
1676505600000,22528.4648,24383.084,20673.8438
1676520000000,22732.0723,24821.8613,20642.2812
1676534400000,22939.6074,25151.707,20727.5078
1676548800000,23177.75,25545.7598,20809.7402
1676563200000,23398.8926,25790.2012,21007.584
1676577600000,23503.6074,25776.8809,21230.334
1676592000000,23619.4277,25783.543,21455.3145
1676606400000,23722.9277,25739.25,21706.6074
1676620800000,23843.7852,25650.4863,22037.0859
1676635200000,23988.5,25520.5215,22456.4785
1676649600000,24138.5723,25425.9414,22851.2012
1676664000000,24266.2148,25333.7871,23198.6426
1676678400000,24360.0352,25300.373,23419.6992
1676692800000,24372.3926,25316.2598,23428.5254
1676707200000,24357.0723,25283.2402,23430.9023
1676721600000,24360.3574,25290.623,23430.0918
1676736000000,24360.8223,25291.582,23430.0605
1676750400000,24328.4648,25182.4473,23474.4805
1676764800000,24312.6777,25131.332,23494.0234
1676779200000,24388.8223,25091.0234,23686.6211
1676793600000,24448.6074,25097.4531,23799.7598
1676808000000,24540.3223,25061.9375,24018.7051
1676822400000,24591.6777,24916.1406,24267.2148
1676836800000,24602.1074,24872.2891,24331.9258
1676851200000,24594.2148,24877.3945,24311.0352
1676865600000,24589.3223,24875.0488,24303.5938
1676880000000,24608.5,24935.502,24281.498
1676894400000,24640.5352,25011.502,24269.5684
1676908800000,24667.3574,25055.6484,24279.0645
1676923200000,24681.4648,25083.373,24279.5566
1676937600000,24705.2148,25126.7148,24283.7129
1676952000000,24731.1426,25179.084,24283.2031
1676966400000,24724.5723,25178.1016,24271.041
1676980800000,24723.1074,25178.457,24267.7578
1676995200000,24718.3926,25176.5195,24260.2676
1677009600000,24685.25,25143.4688,24227.0312
1677024000000,24662.8926,25178.2578,24147.5273
1677038400000,24647.1777,25218.3184,24076.0391
1677052800000,24629.3926,25240.6973,24018.0879
1677067200000,24573.1074,25339.5703,23806.6426
1677081600000,24494.9648,25332.7539,23657.1758
1677096000000,24439.7852,25246.7441,23632.8281
1677110400000,24408.3574,25173.916,23642.7988
1677124800000,24373.7852,25095.5664,23652.0059
1677139200000,24291.3926,24996.9355,23585.8496
1677153600000,24216.5,24815.3379,23617.6621
1677168000000,24174.2852,24745.6777,23602.8945
1677182400000,24130.0723,24666.0645,23594.0781
1677196800000,24082.7852,24549.7285,23615.8438
1677211200000,24038.6777,24466.1641,23611.1934
1677225600000,24016.9648,24438.9941,23594.9336
1677240000000,23966.2852,24507.5781,23424.9941
1677254400000,23894.8926,24555.1777,23234.6074
1677268800000,23856.3223,24606.9551,23105.6875
1677283200000,23804.8223,24655.0703,22954.5723
1677297600000,23728.4277,24615.7402,22841.1172
1677312000000,23623.5723,24485.4668,22761.6758
1677326400000,23525.4648,24329.2949,22721.6328
1677340800000,23468.3223,24301.7188,22634.9238
1677355200000,23410.9648,24210.3984,22611.5293
1677369600000,23355.25,24090.2285,22620.2715
1677384000000,23297.7148,23958.75,22636.6797
1677398400000,23246.7148,23796.8223,22696.6055
1677412800000,23203.5352,23639.9805,22767.0898
1677427200000,23174.7148,23444.0059,22905.4219
1677441600000,23189,23510.8125,22867.1875
1677456000000,23215.0352,23585.2266,22844.8457
1677470400000,23231.1426,23615.3672,22846.918
1677484800000,23255.7852,23643.0859,22868.4863
1677499200000,23286.0352,23693.832,22878.2402
1677513600000,23306.5,23681.2363,22931.7637
1677528000000,23340.4277,23686.9531,22993.9023
1677542400000,23373.1074,23663.3828,23082.832
1677556800000,23377.3574,23656.4961,23098.2168
1677571200000,23390.0352,23654.252,23125.8203
1677585600000,23415.9277,23649.4609,23182.3965
1677600000000,23416.6074,23648.1895,23185.0254
1677614400000,23408.5,23669.2988,23147.7012
1677628800000,23404.7148,23661.6582,23147.7695
1677643200000,23416.3926,23711.373,23121.4121
1677657600000,23429.8574,23761.9609,23097.7539
1677672000000,23451.0352,23813.8145,23088.2578
1677686400000,23445.9648,23811.8594,23080.0684
1677700800000,23452.3926,23828.3965,23076.3887
1677715200000,23467.7852,23832.0059,23103.5664
1677729600000,23460.9648,23827.1367,23094.793
1677744000000,23458.5,23825.4375,23091.5625
1677758400000,23468.5723,23815.8184,23121.3242
1677772800000,23473.8223,23818.5215,23129.1211
1677787200000,23470.3574,23814.4883,23126.2266
1677801600000,23403.2852,24087.7148,22718.8574
1677816000000,23347.8223,24212.6309,22483.0117
1677830400000,23269.3223,24272.6543,22265.9883
1677844800000,23170,24248.8574,22091.1426
1677859200000,23071.5,24178.0312,21964.9688
1677873600000,22974,24077.2656,21870.7344
1677888000000,22902.0723,24027.166,21776.9766
1677902400000,22810.4648,23888.1562,21732.7715
1677916800000,22728.3223,23758.4355,21698.207
1677931200000,22651.1426,23631.9727,21670.3125
1677945600000,22567.8574,23470.3242,21665.3906
1677960000000,22495.4648,23288.2363,21702.6914
1677974400000,22417.8574,23000.1914,21835.5215
1677988800000,22340.3574,22404.1562,22276.5586
1678003200000,22345.3926,22411.4785,22279.3066
1678017600000,22349.9277,22426.5859,22273.2715
1678032000000,22353.1777,22432.8633,22273.4941
1678046400000,22359.9648,22445.3789,22274.5488
1678060800000,22361.0352,22446.5254,22275.5469
1678075200000,22363.0352,22448.6621,22277.4082
1678089600000,22364.8574,22450.3828,22279.332
1678104000000,22378.1426,22503.4863,22252.7988
1678118400000,22380.5,22504.6484,22256.3516
1678132800000,22386.4277,22504.3125,22268.5449
1678147200000,22401,22494.8125,22307.1875
1678161600000,22406,22494.8867,22317.1133
1678176000000,22403.2852,22497.4102,22309.1621
1678190400000,22399.0723,22502.3633,22295.7793
1678204800000,22380.3223,22556.3496,22204.293
1678219200000,22363.6777,22563.6113,22163.7461
1678233600000,22345.6074,22575.3652,22115.8496
1678248000000,22312.2148,22613.0449,22011.3848
1678262400000,22290.3574,22614.8945,21965.8203
1678276800000,22272.9277,22603.0332,21942.8242
1678291200000,22244.8574,22601.1016,21888.6113
1678305600000,22183.3574,22603.6602,21763.0527
1678320000000,22138.6426,22597.207,21680.0801
1678334400000,22087.3223,22580.0801,21594.5625
1678348800000,22030.25,22525.9121,21534.5879
1678363200000,21974.2852,22459.918,21488.6523
1678377600000,21867.0723,22587.2168,21146.9258
1678392000000,21726.6426,22745.207,20708.0781
1678406400000,21577.4648,22889.5879,20265.3398
1678420800000,21416.9277,22926.1328,19907.7246
1678435200000,21246.8223,22919.8652,19573.7773
1678449600000,21106.9648,22846.207,19367.7227
1678464000000,20960.5352,22698.1777,19222.8945
1678478400000,20822.0723,22470.4199,19173.7227
1678492800000,20718.2852,22239.3652,19197.207
1678507200000,20594.5723,22062.6504,19126.4922
1678521600000,20482.1074,21812.4492,19151.7656
1678536000000,20377.1074,21535.3379,19218.875
1678550400000,20285.4648,21203.5098,19367.4199
1678564800000,20212.0352,20788.1348,19635.9375
1678579200000,20188.7148,20681.582,19695.8457
1678593600000,20200.8223,20716.918,19684.7246
1678608000000,20238.25,20776.2109,19700.2891
1678622400000,20281.3926,20813.7676,19749.0176
1678636800000,20367.3926,20922.2988,19812.4863
1678651200000,20522.4648,21570.1445,19474.7852
1678665600000,20687.5352,22044.8984,19330.1719
1678680000000,20856.0352,22485.4199,19226.6504
1678694400000,20971.8223,22718.1191,19225.5234
1678708800000,21266.1426,23535.3477,18996.9375
1678723200000,21566.3223,24254.3262,18878.3164
1678737600000,21849.9277,24734.041,18965.8164
1678752000000,22143,25194.9883,19091.0117
1678766400000,22412.2852,25538.1504,19286.4199
1678780800000,22721.0723,25889.6445,19552.498
1678795200000,23111.9277,26444.5117,19779.3457
1678809600000,23437.9277,26595.9531,20279.9043
1678824000000,23737.6426,26513.7188,20961.5664
1678838400000,24012.25,26363.8828,21660.6172
1678852800000,24213.75,26374.0625,22053.4375
1678867200000,24395.25,26302.2793,22488.2207
1678881600000,24535.5,26146.002,22924.998
1678896000000,24697.7852,25628.8145,23766.7578
1678910400000,24718.8574,25604.4316,23833.2812
1678924800000,24715.4648,25606.5234,23824.4062
1678939200000,24751.1074,25591.3086,23910.9062
1678953600000,24780.2852,25608.1094,23952.4629
1678968000000,24819.9648,25618.9336,24020.9941
1678982400000,24833.6777,25639.9043,24027.4512
1678996800000,24766.7148,25278.4238,24255.0039
1679011200000,24818.3223,25558.0703,24078.5723
1679025600000,24917.6074,25916.6133,23918.6016
1679040000000,25073.5723,26531.0605,23616.082
1679054400000,25178.6777,26799.416,23557.9395
1679068800000,25324.1074,27157.7383,23490.4766
1679083200000,25534.2852,27608.666,23459.9062
1679097600000,25745.6777,27924.3457,23567.0117
1679112000000,25963.8223,28157.7539,23769.8887
1679126400000,26191.6777,28323.1328,24060.2246
1679140800000,26379.8223,28404.5332,24355.1094
1679155200000,26562.2148,28470.9004,24653.5273
1679169600000,26709.1777,28396.541,25021.8164
1679184000000,26869.7852,28294.4688,25445.1016
1679198400000,27012.2852,28021.2109,26003.3594
1679212800000,27112.6426,27890.1309,26335.1543
1679227200000,27220.2148,27821.0547,26619.375
1679241600000,27316.4277,28132.0156,26500.8398
1679256000000,27429.8926,28176.0781,26683.707
1679270400000,27462.5352,28151.168,26773.9023
1679284800000,27520.2148,28323.9805,26716.4473
1679299200000,27584,28471.1758,26696.8242
1679313600000,27608.1777,28494.6074,26721.75
1679328000000,27631.9648,28525.9746,26737.9551
1679342400000,27667.4648,28546.543,26788.3848
1679356800000,27697.7852,28571.9707,26823.6016
1679371200000,27740.3574,28525.5566,26955.1582
1679385600000,27799.5,28560.7031,27038.2969
1679400000000,27874.4277,28524.582,27224.2754
1679414400000,27942.6074,28511.6699,27373.5449
1679428800000,27980.6074,28533.6562,27427.5586
1679443200000,27972.5723,28507.6504,27437.4922
1679457600000,27979.2852,28520.3086,27438.2637
1679472000000,28038.6777,28464.3242,27613.0332
1679486400000,28067.6777,28594.9297,27540.4277
1679500800000,27955.0723,28821.4453,27088.6973
1679515200000,27922.3223,28848.5391,26996.1035
1679529600000,27890.3223,28853.5039,26927.1387
1679544000000,27883.6777,28850.4004,26916.957
1679558400000,27869.1074,28842.9707,26895.2441
1679572800000,27945.8223,28984.6445,26906.998
1679587200000,27967.7852,29031.8809,26903.6914
1679601600000,27984.3574,29063.2949,26905.4199
1679616000000,27987.9277,29070.084,26905.7734
1679630400000,27997.4277,29088.0586,26906.7988
1679644800000,27953.5352,29053.5,26853.5703
1679659200000,27945.3223,29041.2441,26849.3984
1679673600000,27919.8574,29008.3984,26831.3164
1679688000000,27833.75,28859.0879,26808.4121
1679702400000,27898.8223,28723.7598,27073.8828
1679716800000,27914.0723,28701.1934,27126.9492
1679731200000,27918.6426,28694.6543,27142.6309
1679745600000,27915.5723,28695.1621,27135.9805
1679760000000,27883,28737.8086,27028.1914
1679774400000,27798.8574,28558.7969,27038.918
1679788800000,27736.8223,28424.4531,27049.1914
1679803200000,27678.8223,28288.4121,27069.2305
1679817600000,27652.3574,28187.2773,27117.4355
1679832000000,27618.2148,28029.8574,27206.5703
1679846400000,27634.5352,28061.4199,27207.6523
1679860800000,27631.5,28047.6465,27215.3535
1679875200000,27635.9648,28061.9082,27210.0195
1679889600000,27660.4648,28084.3984,27236.5293
1679904000000,27680.8926,28120.3164,27241.4707
1679918400000,27637.0723,28230.0566,27044.0859
1679932800000,27600.6426,28284.9727,26916.3125
1679947200000,27561.0723,28287.7715,26834.3711
1679961600000,27544.6426,28312.5293,26776.7559
1679976000000,27506.3926,28334.4395,26678.3457
1679990400000,27470.7852,28331.4473,26610.125
1680004800000,27432.75,28327.7305,26537.7695
1680019200000,27399.3926,28258.7129,26540.0723
1680033600000,27358.7148,28187.2441,26530.1836
1680048000000,27324.3223,28109.1543,26539.4883
1680062400000,27332.4277,28146.1836,26518.6738
1680076800000,27364.9648,28294.4434,26435.4844
1680091200000,27409.9277,28472.7129,26347.1445
1680105600000,27447.4277,28608.5938,26286.2617
1680120000000,27550.1426,28753.0938,26347.1934
1680134400000,27658.6074,28903.5176,26413.6953
1680148800000,27773.9648,29093.0977,26454.832
1680163200000,27893.8574,29203.8105,26583.9043
1680177600000,27990.75,29202.3145,26779.1855
1680192000000,28057.8926,29150.9844,26964.8008
1680206400000,28132.25,29051.8301,27212.6699
1680220800000,28186.25,29015.8711,27356.6289
1680235200000,28220.8926,28922.541,27519.2441
1680249600000,28262.1426,28805.9316,27718.3535
1680264000000,28290.3223,28838.0391,27742.6055
1680278400000,28298.7148,28853.4785,27743.9492
1680292800000,28300.5,28857.2363,27743.7637
1680307200000,28308.8223,28875.8711,27741.7715
1680321600000,28316.3223,28887.4785,27745.1641
1680336000000,28309,28874.0703,27743.9297
1680350400000,28286.3926,28805.7578,27767.0273
1680364800000,28268.1074,28752.0781,27784.1348
1680379200000,28277.8926,28769.5684,27786.2188
1680393600000,28312.5723,28785.1172,27840.0254
1680408000000,28339.6777,28786.7871,27892.5703
1680422400000,28352.1777,28789.6309,27914.7266
1680436800000,28380.3223,28687.7227,28072.9199
1680451200000,28382.0352,28679.584,28084.4883
1680465600000,28359.6074,28667.6211,28051.5938
1680480000000,28308.4648,28739.8867,27877.041
1680494400000,28272,28729.666,27814.334
1680508800000,28251.1426,28684.5723,27817.7129
1680523200000,28221.9277,28654.8281,27789.0273
1680537600000,28199.9648,28629.8496,27770.0781
1680552000000,28156,28614.4824,27697.5176
1680566400000,28117.1074,28581.2559,27652.957
1680580800000,28087.1426,28517.6328,27656.6543
1680595200000,28073.7148,28465.3867,27682.043
1680609600000,28045.6777,28391.082,27700.2754
1680624000000,28034.75,28349.5234,27719.9766
1680638400000,28037.3223,28355.8301,27718.8125
1680652800000,28079.3926,28487.998,27670.7871
1680667200000,28104.0352,28571.0215,27637.0508
1680681600000,28161.5352,28639.5762,27683.4941
1680696000000,28166,28637.3633,27694.6367
1680710400000,28165.6777,28636.832,27694.5254
1680724800000,28175,28640.4941,27709.5059
1680739200000,28179.3574,28642.0469,27716.668
1680753600000,28187,28627.2285,27746.7715
1680768000000,28193.7148,28615.5078,27771.9199
1680782400000,28198.8926,28613.6523,27784.1348
1680796800000,28179.5,28601.9395,27757.0605
1680811200000,28181,28601.2422,27760.7578
1680825600000,28170,28596.2207,27743.7793
1680840000000,28146.25,28605.7988,27686.7012
1680854400000,28095.2852,28522.6641,27667.9062
1680868800000,28053.7148,28414.416,27693.0117
1680883200000,28006.3574,28242.3105,27770.4023
1680897600000,27998.3223,28239.8086,27756.834
1680912000000,27983.3223,28185.6934,27780.9492
1680926400000,27977.6074,28162.998,27792.2168
1680940800000,27969.2148,28135.3438,27803.084
1680955200000,27977.7148,28142,27813.4297
1680969600000,27976.1426,28142.1953,27810.0898
1680984000000,27965.6074,28119.5762,27811.6367
1680998400000,27967.7148,28124.9395,27810.4902
1681012800000,27958.2148,28113.7285,27802.6992
1681027200000,27950.5723,28099.4355,27801.707
1681041600000,27955.1777,28093.2363,27817.1211
1681056000000,27977.5352,28130.4355,27824.6367
1681070400000,28004.5,28235.6113,27773.3887
1681084800000,28032.0352,28294.1777,27769.8945
1681099200000,28059.2148,28341.1875,27777.2422
1681113600000,28079.4277,28389.4492,27769.4082
1681128000000,28105.1777,28467.9961,27742.3613
1681142400000,28189.1074,28850.7051,27527.5078
1681156800000,28305.8574,29301.9961,27309.7188
1681171200000,28463.8223,29806.0547,27121.5898
1681185600000,28620.1074,30175.9102,27064.3047
1681200000000,28765.75,30453.7598,27077.7402
1681214400000,28931.1426,30700.5918,27161.6934
1681228800000,29089.1777,30869.3438,27309.0117
1681243200000,29255.25,30994.375,27516.125
1681257600000,29384.0723,31040.9844,27727.1582
1681272000000,29505.3223,31079.082,27931.5605
1681286400000,29630.6074,31067.7305,28193.4844
1681300800000,29751.3574,30985.918,28516.7969
1681315200000,29857.8926,30800.6895,28915.0957
1681329600000,29962.25,30487.2305,29437.2695
1681344000000,30027.1426,30333.625,29720.6602
1681358400000,30057.25,30285.8906,29828.6094
1681372800000,30061.4277,30297.3301,29825.5273
1681387200000,30085.3926,30399.7969,29770.9883
1681401600000,30105.1777,30449.3184,29761.0391
1681416000000,30117.7852,30489.5078,29746.0645
1681430400000,30159.6777,30648.6172,29670.7402
1681444800000,30198.9277,30782.0195,29615.8379
1681459200000,30262,30911.2305,29612.7695
1681473600000,30279.3574,30914.2422,29644.4727
1681488000000,30300.6777,30921.123,29680.2344
1681502400000,30335.5723,30933.5938,29737.5488
1681516800000,30377.5352,30898.1914,29856.8809
1681531200000,30417.2852,30868.1699,29966.4004
1681545600000,30440.4277,30855.4219,30025.4355
1681560000000,30459.3926,30828.498,30090.2871
1681574400000,30472.9277,30814.3086,30131.5488
1681588800000,30462.5723,30812.7871,30112.3555
1681603200000,30456.8574,30816.2344,30097.4785
1681617600000,30456.0723,30816.0312,30096.1133
1681632000000,30422.0723,30760.2402,30083.9023
1681646400000,30392.1074,30668.377,30115.8379
1681660800000,30355.75,30484.8945,30226.6055
1681675200000,30359.6074,30479.9473,30239.2676
1681689600000,30333.6777,30568.1133,30099.2441
1681704000000,30290,30619.3223,29960.6777
1681718400000,30231.5723,30719.4902,29743.6523
1681732800000,30153.9648,30792.6191,29515.3086
1681747200000,30085.9648,30794.4648,29377.4629
1681761600000,30020.5723,30787.75,29253.3926
1681776000000,29954.2852,30746.0996,29162.4707
1681790400000,29915.0723,30684.3145,29145.8301
1681804800000,29923.3574,30710.3301,29136.3828
1681819200000,29909.6426,30670.2441,29149.043
1681833600000,29907.8223,30665.2012,29150.4414
1681848000000,29910.0352,30672.8066,29147.2656
1681862400000,29902.0723,30649.541,29154.6016
1681876800000,29885.6426,30605.832,29165.4551
1681891200000,29838.8574,30614.0469,29063.666
1681905600000,29796.8574,30626.252,28967.4629
1681920000000,29772.1777,30645.9434,28898.4141
1681934400000,29731.1426,30721.6426,28740.6426
1681948800000,29688.1777,30768.2207,28608.1348
1681963200000,29648.5723,30801.7715,28495.3711
1681977600000,29588.6777,30857.957,28319.4004
1681992000000,29498.75,30876.9199,28120.5801
1682006400000,29334.8926,30791.8145,27877.9707
1682020800000,29196,30670.0566,27721.9434
1682035200000,29060.2148,30476.8145,27643.6133
1682049600000,28901.2148,30179.375,27623.0527
1682064000000,28747.5723,29865.0879,27630.0547
1682078400000,28602.25,29493.252,27711.248
1682092800000,28456.2148,29490.7012,27421.7285
1682107200000,28312.2148,29415.2617,27209.168
1682121600000,28176.1777,29263.0488,27089.3086
1682136000000,28066.8574,29187.5078,26946.207
1682150400000,27954.1777,29046.2168,26862.1406
1682164800000,27853.9648,28841.9648,26865.9648
1682179200000,27782.3926,28681.3906,26883.3965
1682193600000,27730.8223,28533.8535,26927.7891
1682208000000,27692.1426,28472.2559,26912.0293
1682222400000,27654.2148,28371.6543,26936.7754
1682236800000,27605.0352,28216.9277,26993.1426
1682251200000,27555.75,28086.3301,27025.1699
1682265600000,27512.6426,27963.8184,27061.4668
1682280000000,27478.6426,27821.8379,27135.4492
1682294400000,27514.6426,27868.5195,27160.7656
1682308800000,27528.5723,27853.7129,27203.4297
1682323200000,27543.8574,27848.6719,27239.041
1682337600000,27542.8574,27851.3164,27234.3984
1682352000000,27548.6074,27840.7148,27256.5
1682366400000,27550.2148,27840.873,27259.5547
1682380800000,27531,27838.2676,27223.7324
1682395200000,27493.2852,27792.9199,27193.6523
1682409600000,27480.3574,27783.3066,27177.4062
1682424000000,27452.8926,27733.9766,27171.8086
1682438400000,27449.8223,27723.4121,27176.2305
1682452800000,27507.5352,28015.3145,26999.7578
1682467200000,27567.3574,28215.7852,26918.9297
1682481600000,27624.5,28394.457,26854.543
1682496000000,27707.75,28733.9688,26681.5312
1682510400000,27877.3223,29357.375,26397.2676
1682524800000,27901.1426,29369.3047,26432.9805
1682539200000,27984.1074,29428.3691,26539.8457
1682553600000,28091.25,29560.4668,26622.0332
1682568000000,28191.1074,29674.6133,26707.5996
1682582400000,28305.1777,29755.043,26855.3145
1682596800000,28439.3574,29825.0488,27053.666
1682611200000,28602.9648,29989.1699,27216.7598
1682625600000,28755.8926,30014.2148,27497.5703
1682640000000,28886.2148,30008.8809,27763.5469
1682654400000,28971.8574,30078.9961,27864.7168
1682668800000,29039.4648,30087.2676,27991.6602
1682683200000,29095.4277,30076.4336,28114.4238
1682697600000,29123.3574,30107.332,28139.3828
1682712000000,29087.7148,30002.1504,28173.2773
1682726400000,29193.1074,29816.623,28569.5918
1682740800000,29260.25,29715.3555,28805.1445
1682755200000,29293.0723,29694.7246,28891.418
1682769600000,29320.75,29656.2734,28985.2266
1682784000000,29342.75,29608.209,29077.291
1682798400000,29349.2148,29598.7324,29099.6953
1682812800000,29314.3223,29505.9531,29122.6895
1682827200000,29300.5,29470.957,29130.043
1682841600000,29285.0723,29447.0977,29123.0469
1682856000000,29298.6074,29536.6641,29060.5508
1682870400000,29307.0352,29544.9043,29069.166
1682884800000,29312.7852,29539.4492,29086.123
1682899200000,29257.5723,29706.8594,28808.2852
1682913600000,29208.5352,29758.8047,28658.2676
1682928000000,29149.3926,29796.6445,28502.1406
1682942400000,29064.8926,29870.418,28259.3672
1682956800000,28958.3223,29964.1699,27952.4727
1682971200000,28871.7148,29957.3242,27786.1035
1682985600000,28785.6426,29928.3223,27642.9648
1683000000000,28701.6074,29873.1543,27530.0605
1683014400000,28623.6426,29802.9844,27444.3027
1683028800000,28570.5352,29692.4297,27448.6426
1683043200000,28533.4648,29601.7363,27465.1934
1683057600000,28461.8574,29332.6016,27591.1113
1683072000000,28402.3574,29119.668,27685.0449
1683086400000,28360.3223,28931.0586,27789.584
1683100800000,28359.1426,28928.3086,27789.9766
1683115200000,28336.5352,28885.25,27787.8203
1683129600000,28322.7852,28862.0371,27783.5332
1683144000000,28384.25,29028.3145,27740.1855
1683158400000,28473.9277,29139.1777,27808.6797
1683172800000,28544.5,29231.7812,27857.2188
1683187200000,28624,29317.6152,27930.3848
1683201600000,28682.7148,29310.0645,28055.3652
1683216000000,28740.8926,29281.7656,28200.0195
1683230400000,28761.9277,29292.1719,28231.6855
1683244800000,28798,29370.3887,28225.6113
1683259200000,28826.0352,29407.9902,28244.082
1683273600000,28870.5,29449.5371,28291.4629
1683288000000,28922.7852,29542.9336,28302.6387
1683302400000,28997.25,29664.918,28329.582
1683316800000,29083.2148,29684.5039,28481.9258
1683331200000,29158.7852,29607.4922,28710.0801
1683345600000,29184,29641.8535,28726.1465
1683360000000,29198.5,29657.0801,28739.9199
1683374400000,29166.6777,29713.6953,28619.6602
1683388800000,29146.6074,29714.1738,28579.0391
1683403200000,29148,29713.0137,28582.9863
1683417600000,29143.3574,29717.377,28569.3379
1683432000000,29150.6426,29711.0469,28590.2383
1683446400000,29126.8574,29705.9219,28547.791
1683460800000,29120.2852,29704.416,28536.1543
1683475200000,29105.1074,29696.3613,28513.8535
1683489600000,29039.1777,29695.1914,28383.166
1683504000000,28941.2852,29649.8027,28232.7695
1683518400000,28833,29614.5625,28051.4375
1683532800000,28730.4277,29570.0527,27890.8027
1683547200000,28624.25,29479.7051,27768.7949
1683561600000,28484.7852,29480.25,27489.3223
1683576000000,28417.1777,29494.5039,27339.8516
1683590400000,28328.2148,29445.0957,27211.334
1683604800000,28240.3574,29357.7988,27122.9141
1683619200000,28157.3926,29257.6641,27057.1211
1683633600000,28048.1777,29122.041,26974.3164
1683648000000,27965.75,28951.0547,26980.4453
1683662400000,27870.2852,28695.6348,27044.9355
1683676800000,27780.5352,28358.2949,27202.7773
1683691200000,27715.75,28164.3008,27267.1992
1683705600000,27677.1426,28030.6543,27323.6309
1683720000000,27687.3223,28083.4688,27291.1738
1683734400000,27668.6074,28037.3457,27299.8691
1683748800000,27646.6777,27993.0039,27300.3535
1683763200000,27654.1074,27978.0547,27330.1602
1683777600000,27639,27979.0195,27298.9805
1683792000000,27623.0723,27983.916,27262.2266
1683806400000,27588.1777,28013.7578,27162.5996
1683820800000,27528.5352,28098.123,26958.9473
1683835200000,27497.8926,28133.3359,26862.4512
1683849600000,27417.7148,28195.0605,26640.3672
1683864000000,27323.0352,28277.166,26368.9062
1683878400000,27228,28280.5508,26175.4492
1683892800000,27140,28272.9199,26007.0801
1683907200000,27052.7148,28196.1738,25909.2539
1683921600000,26955.6777,27929.5508,25981.8066
1683936000000,26892.5723,27779.3086,26005.834
1683950400000,26834.0723,27631.123,26037.0195
1683964800000,26788.7148,27508.9746,26068.4531
1683979200000,26743.5,27363.9668,26123.0332
1683993600000,26703.5723,27210.1094,26197.0332
1684008000000,26674.3574,27110.0703,26238.6426
1684022400000,26676.25,27115.0547,26237.4453
1684036800000,26667.3574,27086.1738,26248.541
1684051200000,26683.4648,27105.5508,26261.377
1684065600000,26738.5723,27149.1328,26328.0098
1684080000000,26776.4277,27130.7656,26422.0918
1684094400000,26818.6426,27070.7773,26566.5078
1684108800000,26874.25,27120.8574,26627.6426
1684123200000,26917.3926,27274.6914,26560.0938
1684137600000,26955.1074,27364.084,26546.1309
1684152000000,26999.1426,27452.1074,26546.1777
1684166400000,27042.3926,27530.9961,26553.7891
1684180800000,27066.8223,27542.4316,26591.2109
1684195200000,27087.2148,27547.4355,26626.9922
1684209600000,27121.2148,27552.0664,26690.3613
1684224000000,27134.8223,27544.1973,26725.4453
1684238400000,27148.0352,27530.9355,26765.1367
1684252800000,27156.8926,27512.8477,26800.9375
1684267200000,27153.5723,27513.3672,26793.7754
1684281600000,27165.7148,27498.2715,26833.1582
1684296000000,27161.3223,27508.5996,26814.0449
1684310400000,27118.75,27556.498,26681.002
1684324800000,27076.4648,27515.0254,26637.9043
1684339200000,27079.6074,27525.9941,26633.2207
1684353600000,27079,27523.7012,26634.2988
1684368000000,27073.3574,27502.3066,26644.4062
1684382400000,27089.5723,27546.8477,26632.2949
1684396800000,27108.1074,27591,26625.2148
1684411200000,27096.0352,27572.9492,26619.123
1684425600000,27073.25,27584.5898,26561.9102
1684440000000,27057.7148,27585.6445,26529.7832
1684454400000,27051.75,27586.9961,26516.5039
1684468800000,27039.8574,27583.9668,26495.748
1684483200000,27026.2148,27578.0938,26474.334
1684497600000,27028.25,27577.6914,26478.8086
1684512000000,27042.8574,27559.4336,26526.2812
1684526400000,27047.9277,27556.1758,26539.6816
1684540800000,27011.0723,27493.1172,26529.0273
1684555200000,26973.2148,27413.4375,26532.9902
1684569600000,26939.5723,27331.4004,26547.7422
1684584000000,26907.6777,27210.7988,26604.5586
1684598400000,26884.0352,27055.8848,26712.1855
1684612800000,26885.8926,27066.3887,26705.3984
1684627200000,26917.1074,27132.6016,26701.6133
1684641600000,26934.3223,27153.8633,26714.7793
1684656000000,26932.2148,27155.4863,26708.9414
1684670400000,26935.3223,27155.793,26714.8516
1684684800000,26938.7148,27155.8496,26721.5781
1684699200000,26929.6074,27166.2363,26692.9766
1684713600000,26916.3223,27190.0156,26642.627
1684728000000,26914.4277,27189.7266,26639.1309
1684742400000,26911.4277,27189.9512,26632.9062
1684756800000,26912.0352,27190.0957,26633.9746
1684771200000,26911.2148,27189.8281,26632.5996
1684785600000,26904.3574,27184.3242,26624.3887
1684800000000,26927.0352,27292.2266,26561.8438
1684814400000,26940.5723,27342.9961,26538.1465
1684828800000,26952.8223,27391.8809,26513.7637
1684843200000,26971.1777,27446.457,26495.9004
1684857600000,26997.4277,27477.0918,26517.7637
1684872000000,27019.5352,27508.6504,26530.4219
1684886400000,27010.3574,27512.2305,26508.4844
1684900800000,27005.4277,27518.6973,26492.1602
1684915200000,27011.6426,27509.5215,26513.7637
1684929600000,26973.25,27586.457,26360.043
1684944000000,26932.4277,27649.043,26215.8125
1684958400000,26893.5352,27676.9883,26110.084
1684972800000,26844.3926,27712.123,25976.6621
1684987200000,26792.9277,27736.3379,25849.5195
1685001600000,26715.3926,27631.9258,25798.8594
1685016000000,26638.1426,27529.0371,25747.248
1685030400000,26574.7148,27376.7148,25772.7148
1685044800000,26513.7852,27202.9297,25824.6426
1685059200000,26460.0352,27039.0332,25881.0371
1685073600000,26408.75,26811.5645,26005.9355
1685088000000,26385.6777,26734.5234,26036.834
1685102400000,26390.6074,26757.4316,26023.7812
1685116800000,26392.1074,26764.7441,26019.4707
1685131200000,26420.5,26822.1641,26018.8359
1685145600000,26456.7148,26879.7695,26033.6602
1685160000000,26484.8223,26919.5371,26050.1055
1685174400000,26522.5723,26932.8223,26112.3203
1685188800000,26562.5,26915.166,26209.834
1685203200000,26593.4648,26920.9141,26266.0137
1685217600000,26639.1074,26914.6055,26363.6074
1685232000000,26690.4648,27063.3633,26317.5645
1685246400000,26743.8926,27180.0918,26307.6934
1685260800000,26794.9648,27242.0664,26347.8633
1685275200000,26850.25,27326.752,26373.748
1685289600000,26927.25,27467.8008,26386.6992
1685304000000,27022.0352,27812.1094,26231.9629
1685318400000,27107.8223,28017.252,26198.3926
1685332800000,27193.8574,28160.3086,26227.4043
1685347200000,27276.3926,28274.9766,26277.8086
1685361600000,27341.9648,28303.5703,26380.3594
1685376000000,27409.1074,28311.334,26506.8789
1685390400000,27484.6074,28304.8301,26664.3848
1685404800000,27564.3223,28284.8066,26843.8359
1685419200000,27627.3926,28231.9824,27022.8027
1685433600000,27688.6777,28272.207,27105.1504
1685448000000,27722.5,28242.8281,27202.1719
1685462400000,27773.0723,28188.1816,27357.9629
1685476800000,27803.9277,28116.7988,27491.0566
1685491200000,27812.9648,28100.3418,27525.5879
1685505600000,27748.2148,28153.6113,27342.8184
1685520000000,27686.8223,28192.6191,27181.0254
1685534400000,27615.0723,28244.584,26985.5586
1685548800000,27550.0723,28230.8086,26869.334
1685563200000,27520.1074,28220.7734,26819.4414
1685577600000,27457.3574,28254.6973,26660.0176
1685592000000,27390.0352,28237.6152,26542.4551
1685606400000,27322.2148,28166.3867,26478.041
1685620800000,27261.75,28100.8164,26422.6836
1685635200000,27177.0723,27920.3066,26433.8379
1685649600000,27114.5,27823.0078,26405.9922
1685664000000,27053.0723,27629.7695,26476.373
1685678400000,27006,27456.6133,26555.3867
1685692800000,26967.8926,27249.2969,26686.4883
1685707200000,26963.4648,27233.7715,26693.1582
1685721600000,26973.4648,27272.3105,26674.6191
1685736000000,26997.4277,27322.7812,26672.0762
1685750400000,27007.75,27341.6406,26673.8594
1685764800000,27005.2148,27333.3965,26677.0312
1685779200000,27031.7852,27335.9316,26727.6387
1685793600000,27066.8223,27368.6309,26765.0117
1685808000000,27080.8223,27366.6543,26794.9883
1685822400000,27093.7148,27358.8574,26828.5703
1685836800000,27108.8926,27338.5625,26879.2227
1685851200000,27132.7148,27290.8594,26974.5684
1685865600000,27146.5723,27288.4043,27004.7383
1685880000000,27156.5352,27287.3145,27025.7578
1685894400000,27162.5,27294.8613,27030.1387
1685908800000,27162.8926,27294.6309,27031.1543
1685923200000,27134.0352,27340.2148,26927.8555
1685937600000,27104.0352,27357.0156,26851.0566
1685952000000,27077.6074,27381.0547,26774.1582
1685966400000,26992.75,27625.5234,26359.9766
1685980800000,26884.8574,27825.4277,25944.2871
1685995200000,26772.75,27856.8633,25688.6367
1686009600000,26675.3926,27868.1406,25482.6465
1686024000000,26579.0352,27845.3594,25312.7109
1686038400000,26480.75,27794.2812,25167.2188
1686052800000,26403.9277,27679.0215,25128.8359
1686067200000,26395.8223,27652.0586,25139.584
1686081600000,26399.1074,27663.7812,25134.4336
1686096000000,26377.7852,27596.2793,25159.293
1686110400000,26355.4648,27529.9199,25181.0098
1686124800000,26359.75,27541.625,25177.875
1686139200000,26325.9277,27480.0137,25171.8438
1686153600000,26304.8926,27436.125,25173.6602
1686168000000,26329.5723,27446.9785,25212.166
1686182400000,26380.5,27427.1074,25333.8926
1686196800000,26432.3223,27412.7344,25451.9082
1686211200000,26482.7852,27381.7168,25583.8535
1686225600000,26554.1426,27351.8086,25756.4766
1686240000000,26614.5352,27252.4824,25976.5879
1686254400000,26645,27212.1621,26077.8379
1686268800000,26601.3926,27120.1895,26082.5957
1686283200000,26548.6074,26934.3516,26162.8633
1686297600000,26526.8574,26858.9023,26194.8105
1686312000000,26503.3574,26799.207,26207.5078
1686326400000,26467.9277,26670.623,26265.2344
1686340800000,26476.7852,26667.9004,26285.6719
1686355200000,26465.6426,26672.5938,26258.6934
1686369600000,26416.4648,26886.543,25946.3848
1686384000000,26372.8574,26962.8594,25782.8555
1686398400000,26315.1426,27013.5488,25616.7383
1686412800000,26266.2148,27019.0176,25513.4102
1686427200000,26203.5723,26941.7168,25465.4258
1686441600000,26146.2852,26897.793,25394.7793
1686456000000,26092.6074,26844.7402,25340.4727
1686470400000,26045,26780.1191,25309.8809
1686484800000,25992.6426,26697.1602,25288.125
1686499200000,25951.4277,26569.5781,25333.2773
1686513600000,25912.7852,26459.5801,25365.9922
1686528000000,25868.8574,26345.9121,25391.8027
1686542400000,25820.9277,26162.3047,25479.5527
1686556800000,25796.1074,26017.4141,25574.8008
1686571200000,25809.1074,26013.9141,25604.3008
1686585600000,25815.7852,26015.2129,25616.3594
1686600000000,25834.2148,26010.6992,25657.7305
1686614400000,25856.25,26058.5703,25653.9297
1686628800000,25871.8574,26098.9492,25644.7637
1686643200000,25903.6074,26164.5391,25642.6758
1686657600000,25904.25,26163.6211,25644.8789
1686672000000,25911.1426,26164.334,25657.9512
1686686400000,25923.1426,26161.5625,25684.7227
1686700800000,25918.8926,26151.5938,25686.1914
1686715200000,25916.5352,26149.3887,25683.6836
1686729600000,25929.2148,26151.4512,25706.9766
1686744000000,25941.7852,26152.7637,25730.8066
1686758400000,25933.0723,26147.8848,25718.2578
1686772800000,25882.3926,26354.7363,25410.0508
1686787200000,25827.8574,26464.7539,25190.959
1686801600000,25758.8926,26543.5176,24974.2695
1686816000000,25681.3926,26544.1641,24818.623
1686830400000,25600.8926,26516.584,24685.2031
1686844800000,25548.75,26409.207,24688.293
1686859200000,25536.8223,26390.3633,24683.2793
1686873600000,25512.1777,26342.123,24682.2344
1686888000000,25482.2852,26280.0527,24684.5195
1686902400000,25445.1777,26195.5801,24694.7773
1686916800000,25440.8223,26181.3105,24700.332
1686931200000,25470.0352,26315.5996,24624.4727
1686945600000,25496.3574,26422.2812,24570.4336
1686960000000,25524.75,26514.834,24534.666
1686974400000,25630,26731.1602,24528.8398
1686988800000,25733.25,26869.8906,24596.6094
1687003200000,25838.9648,26931.5566,24746.373
1687017600000,25946.1777,26969.002,24923.3535
1687032000000,26059.5723,26950.8203,25168.3223
1687046400000,26137.2852,26989.5117,25285.0586
1687060800000,26208.75,27030.4883,25387.0117
1687075200000,26276.2148,27023.3965,25529.0312
1687089600000,26350.25,26972.916,25727.584
1687104000000,26434.7852,26823.5918,26045.9785
1687118400000,26470.0723,26686.9297,26253.2129
1687132800000,26471.5,26686.0312,26256.9688
1687147200000,26477.3926,26681.832,26272.9531
1687161600000,26490.2148,26654.7461,26325.6816
1687176000000,26478.4277,26636.1797,26320.6777
1687190400000,26489.7852,26673.084,26306.4883
1687204800000,26519.8223,26767.4863,26272.1562
1687219200000,26549.1777,26856.8926,26241.4648
1687233600000,26571.25,26909.9102,26232.5898
1687248000000,26596.25,26969.8027,26222.6973
1687262400000,26630.6426,27075.2539,26186.0312
1687276800000,26736.2148,27551.8184,25920.6094
1687291200000,26862.6426,28003.4629,25721.8223
1687305600000,27010.8926,28485.2578,25536.5273
1687320000000,27191.7852,28891.9863,25491.584
1687334400000,27372.7148,29226.5547,25518.873
1687348800000,27617.0352,29782.7539,25451.3164
1687363200000,27880.1777,30286.8691,25473.4883
1687377600000,28135.6074,30627.8496,25643.3633
1687392000000,28394.9277,30972.8848,25816.9707
1687406400000,28628.4277,31189.418,26067.4395
1687420800000,28846.2148,31292.084,26400.3438
1687435200000,29062.4277,31281.0488,26843.8086
1687449600000,29300.8926,31230.0215,27371.7637
1687464000000,29502.25,30995.2227,28009.2773
1687478400000,29646.7148,30891.8223,28401.6074
1687492800000,29762.3574,30768.4824,28756.2305
1687507200000,29864.8223,30698.8496,29030.7949
1687521600000,30034.3926,30946.4199,29122.3672
1687536000000,30174,30953.3359,29394.6641
1687550400000,30234.25,31033.1699,29435.3301
1687564800000,30277.9277,31111.8711,29443.9863
1687579200000,30319.25,31151.5371,29486.9629
1687593600000,30348.1426,31202.1641,29494.123
1687608000000,30370.2148,31213.291,29527.1367
1687622400000,30419.8223,31234.9531,29604.6895
1687636800000,30468.8574,31222.4492,29715.2637
1687651200000,30506.3926,31259.3125,29753.4727
1687665600000,30566.5723,31241.707,29891.4355
1687680000000,30618.1074,31217.8633,30018.3496
1687694400000,30665.25,31130.7637,30199.7363
1687708800000,30686,31076.7031,30295.2969
1687723200000,30631.5723,30889.9824,30373.1621
1687737600000,30589.4648,30863.543,30315.3848
1687752000000,30568.8926,30852.7578,30285.0273
1687766400000,30539.5,30837.291,30241.709
1687780800000,30527.6777,30831.2617,30224.0957
1687795200000,30495.25,30817.0703,30173.4297
1687809600000,30484.5723,30826.4922,30142.6523
1687824000000,30465.3223,30803.6641,30126.9785
1687838400000,30455.25,30792.3145,30118.1855
1687852800000,30453.6074,30785.1465,30122.0684
1687867200000,30436.4277,30732.5566,30140.3008
1687881600000,30430.5352,30706.4512,30154.6211
1687896000000,30438,30735.8223,30140.1777
1687910400000,30439.6426,30737.6348,30141.6523
1687924800000,30419.3926,30742.4941,30096.293
1687939200000,30420.8223,30741.8086,30099.834
1687953600000,30421.3574,30742.2422,30100.4727
1687968000000,30405.6074,30765.3203,30045.8945
1687982400000,30380.7148,30780.6445,29980.7852
1687996800000,30374.25,30785.793,29962.707
1688011200000,30379.6074,30786.9414,29972.2734
1688025600000,30402.5723,30837.3203,29967.8223
1688040000000,30408.3574,30844.9941,29971.7207
1688054400000,30398.1074,30810.6992,29985.5156
1688068800000,30395.9277,30806.9492,29984.9082
1688083200000,30403.5723,30835.7129,29971.4297
1688097600000,30408.0723,30853.4512,29962.6914
1688112000000,30439.8574,30953.2734,29926.4414
1688126400000,30429.7852,30967.2617,29892.3086
1688140800000,30433.3926,30968.3047,29898.4824
1688155200000,30437.0352,30971.9414,29902.1309
1688169600000,30458.0723,30959.3906,29956.752
1688184000000,30485.5,30937.4961,30033.5039
1688198400000,30511.8574,30923.7832,30099.9316
1688212800000,30528.4277,30928.9082,30127.9492
1688227200000,30523.9277,30918.9863,30128.8711
1688241600000,30531.7148,30927.416,30136.0137
1688256000000,30527,30921.8359,30132.1641
1688270400000,30530.4277,30923.5684,30137.2891
1688284800000,30515.2852,30890.1855,30140.3867
1688299200000,30496.1426,30845.6133,30146.6738
1688313600000,30470.4277,30740.2734,30200.584
1688328000000,30511.0723,30659.9863,30362.1582
1688342400000,30539.3223,30712.1543,30366.4883
1688356800000,30554.25,30733.2656,30375.2344
1688371200000,30571.4277,30728.0957,30414.7617
1688385600000,30615.8574,30905.4258,30326.2871
1688400000000,30669.5,31107.584,30231.416
1688414400000,30712.4277,31214.625,30210.2324
1688428800000,30753.7148,31309.1348,30198.293
1688443200000,30776.0723,31328.6035,30223.5391
1688457600000,30815.5723,31366.7227,30264.4199
1688472000000,30849.6426,31378.043,30321.2422
1688486400000,30861.5723,31367.873,30355.2695
1688500800000,30881.3926,31348.4785,30414.3066
1688515200000,30905.2148,31333.2207,30477.209
1688529600000,30916.6074,31321.4492,30511.7637
1688544000000,30891.4648,31369.8711,30413.0566
1688558400000,30868.9648,31412.2441,30325.6855
1688572800000,30854.8926,31431.5371,30278.25
1688587200000,30814.4648,31403.916,30225.0117
1688601600000,30759.1426,31311.4023,30206.8828
1688616000000,30732.7852,31237.875,30227.6973
1688630400000,30707.2148,31148.8848,30265.543
1688644800000,30671.3926,31124.7676,30218.0176
1688659200000,30616.1777,31051.0469,30181.3105
1688673600000,30537.7148,31067.1035,30008.3262
1688688000000,30497.1074,31056.9648,29937.25
1688702400000,30442.3574,31033.9688,29850.7441
1688716800000,30387.1777,30949.9258,29824.4297
1688731200000,30359,30878.2754,29839.7246
1688745600000,30345.9277,30869.1133,29822.7441
1688760000000,30344.1777,30867.4004,29820.957
1688774400000,30332.8926,30854.9082,29810.877
1688788800000,30310.5,30827.8535,29793.1465
1688803200000,30289.25,30798.8438,29779.6562
1688817600000,30247.2852,30672.0938,29822.4766
1688832000000,30195,30472.4824,29917.5176
1688846400000,30185.7148,30442.8184,29928.6094
1688860800000,30184.8574,30440.582,29929.1328
1688875200000,30211.5723,30406.2168,30016.9258
1688889600000,30220.75,30411.4121,30030.0879
1688904000000,30244.5723,30400.6562,30088.4863
1688918400000,30254.0352,30389.5977,30118.4727
1688932800000,30238.1426,30360.3066,30115.9785
1688947200000,30233.4648,30362.5625,30104.3652
1688961600000,30217.3574,30350.4648,30084.248
1688976000000,30214.6426,30344.5742,30084.7129
1688990400000,30222.5,30359.1348,30085.8652
1689004800000,30267.9648,30610.3711,29925.5586
1689019200000,30282.6777,30631.5859,29933.7715
1689033600000,30309.4277,30656.3965,29962.4609
1689048000000,30327.4648,30690.6465,29964.2812
1689062400000,30336.2148,30700.543,29971.8848
1689076800000,30360.5723,30745.3477,29975.7949
1689091200000,30383.8223,30780.5117,29987.1328
1689105600000,30404.3223,30818.3926,29990.25
1689120000000,30429.4648,30842.4668,30016.4609
1689134400000,30470.7148,30883.9805,30057.4473
1689148800000,30515.0352,30916.9395,30113.1328
1689163200000,30544.3926,30875.9414,30212.8438
1689177600000,30547.0723,30869.0625,30225.0801
1689192000000,30552.6777,30859.7949,30245.5625
1689206400000,30514.3926,30804.6055,30224.1797
1689220800000,30510.25,30807.5059,30212.9941
1689235200000,30515.0352,30812.1523,30217.918
1689249600000,30543.0352,30905.2051,30180.8672
1689264000000,30630.3223,31286.793,29973.8496
1689278400000,30692.9277,31479.2734,29906.584
1689292800000,30755.9648,31633.7656,29878.1641
1689307200000,30790.3926,31682.4062,29898.3809
1689321600000,30836.0352,31747.2422,29924.8301
1689336000000,30873,31807.2383,29938.7617
1689350400000,30825.6426,31838.457,29812.8301
1689364800000,30811.2852,31846.7246,29775.8477
1689379200000,30812.5352,31845.4102,29779.6602
1689393600000,30809.3223,31847.8184,29770.8242
1689408000000,30810.0352,31847.1406,29772.9316
1689422400000,30805.8574,31850.6465,29761.0664
1689436800000,30790.4277,31856.3965,29724.4609
1689451200000,30745.1777,31839.3086,29651.0488
1689465600000,30642.3223,31653.0859,29631.5566
1689480000000,30555.9277,31469.6855,29642.1719
1689494400000,30472.7852,31239.6543,29705.916
1689508800000,30420.6777,31102.9727,29738.3848
1689523200000,30351.3926,30869.0234,29833.7617
1689537600000,30278.1426,30405.6797,30150.6055
1689552000000,30292.0723,30381.8691,30202.2734
1689566400000,30289.6074,30378.6992,30200.5156
1689580800000,30280.1426,30392.0684,30168.2168
1689595200000,30269.1074,30387.3145,30150.8984
1689609600000,30238.8223,30467.1289,30010.5137
1689624000000,30227.1426,30458.4453,29995.8398
1689638400000,30208.3574,30446.4629,29970.252
1689652800000,30184.4648,30453.002,29915.9277
1689667200000,30162,30474.8867,29849.1133
1689681600000,30136,30470.2598,29801.7402
1689696000000,30092.9277,30480.8496,29705.0078
1689710400000,30056.0723,30427.0918,29685.0508
1689724800000,30041.8926,30395.8164,29687.9688
1689739200000,30024.3574,30362.9609,29685.7539
1689753600000,30002.75,30302.2949,29703.2051
1689768000000,29978.3926,30236.3711,29720.4141
1689782400000,29969.3223,30209.7324,29728.9102
1689796800000,29948.75,30160.8047,29736.6953
1689811200000,29953.0352,30162.127,29743.9434
1689825600000,29957.1777,30182.3281,29732.0293
1689840000000,29972.2148,30246.8359,29697.5918
1689854400000,29961.1777,30250.7363,29671.6211
1689868800000,29952.2148,30259.4316,29644.998
1689883200000,29944.7852,30261.5273,29628.0449
1689897600000,29957.4277,30247.1348,29667.7227
1689912000000,29950.3926,30253.6855,29647.0996
1689926400000,29930.1426,30239.5234,29620.7637
1689940800000,29921.2852,30230.8613,29611.709
1689955200000,29911.1777,30218.1953,29604.1621
1689969600000,29907.5,30214.3301,29600.6699
1689984000000,29897.9277,30197.0137,29598.8438
1689998400000,29900.5723,30200.0879,29601.0547
1690012800000,29895.8926,30194.5645,29597.2227
1690027200000,29874.4648,30123.2461,29625.6836
1690041600000,29842.5723,29954.209,29730.9336
1690056000000,29841.5352,29955.207,29727.8652
1690070400000,29847.6777,29948.8594,29746.498
1690084800000,29855.3574,29956.1523,29754.5625
1690099200000,29855.3574,29956.1523,29754.5625
1690113600000,29864.3574,29951.6152,29777.0996
1690128000000,29886.1426,30015.7871,29756.5
1690142400000,29900.75,30059.1211,29742.3789
1690156800000,29888.7852,30078.3809,29699.1895
1690171200000,29883.3574,30077.0957,29689.6172
1690185600000,29837.6426,30213.4277,29461.8574
1690200000000,29778.2148,30308.2676,29248.1602
1690214400000,29723.7148,30349.3887,29098.041
1690228800000,29672.1074,30349.9336,28994.2812
1690243200000,29620.4277,30350.8125,28890.0449
1690257600000,29574.2852,30339.4375,28809.1348
1690272000000,29523.0723,30307.832,28738.3105
1690286400000,29471,30244.4082,28697.5918
1690300800000,29421.5723,30172.8789,28670.2637
1690315200000,29373.7852,30084.4785,28663.0918
1690329600000,29313.0723,29907.6367,28718.5059
1690344000000,29251.5,29675.2031,28827.7969
1690358400000,29213.0352,29558.3164,28867.7559
1690372800000,29177.2148,29297.3828,29057.0449
1690387200000,29186.8926,29346.5469,29027.2383
1690401600000,29203.8223,29372.2031,29035.4395
1690416000000,29223.5352,29409.8477,29037.2246
1690430400000,29239.8574,29444.3926,29035.3203
1690444800000,29267.6777,29496.1094,29039.248
1690459200000,29277.4648,29493.4648,29061.4648
1690473600000,29278.8926,29490.8281,29066.957
1690488000000,29281.3223,29489.1797,29073.4629
1690502400000,29284.9277,29487.7012,29082.1562
1690516800000,29277.7852,29495.8809,29059.6914
1690531200000,29274.9648,29496.4297,29053.5
1690545600000,29286.8574,29509.7871,29063.9277
1690560000000,29297.25,29508.6348,29085.8652
1690574400000,29297.3223,29508.7246,29085.918
1690588800000,29294.9277,29502.6953,29087.1621
1690603200000,29291.2852,29497.8984,29084.6719
1690617600000,29281.9648,29481.2051,29082.7227
1690632000000,29273.9648,29462.2148,29085.7129
1690646400000,29261.8223,29408.9062,29114.7363
1690660800000,29267.0723,29420.1465,29113.998
1690675200000,29278.7852,29414.0039,29143.5664
1690689600000,29284.0352,29413.5977,29154.4727
1690704000000,29288.2148,29415.0547,29161.373
1690718400000,29303.8574,29390.8887,29216.8262
1690732800000,29303.7148,29391.4883,29215.9395
1690747200000,29296.1426,29377.4434,29214.8418
1690761600000,29303,29400.5352,29205.4648
1690776000000,29307.0352,29410.082,29203.9902
1690790400000,29309.3926,29418.4219,29200.3633
1690804800000,29305.5723,29421.4297,29189.7129
1690819200000,29297.6074,29437.3535,29157.8594
1690833600000,29292.2148,29438.6191,29145.8086
1690848000000,29256,29539.0781,28972.9219
1690862400000,29226.0723,29551.0957,28901.0469
1690876800000,29193.8574,29568.7598,28818.9551
1690891200000,29170.3926,29560.959,28779.8262
1690905600000,29168.7148,29557.3301,28780.0996
1690920000000,29194.9277,29666.2598,28723.5977
1690934400000,29226.4648,29748.3555,28704.5723
1690948800000,29248.5723,29800.4766,28696.666
1690963200000,29259.9648,29830.2246,28689.7051
1690977600000,29256.8574,29825.2109,28688.5039
1690992000000,29239.5723,29805.1465,28673.9961
1691006400000,29236,29802.3887,28669.6113
1691020800000,29237,29802.8281,28671.1719
1691035200000,29223.2148,29800.0078,28646.4219
1691049600000,29245.6777,29780.5703,28710.7871
1691064000000,29268.6777,29773.2695,28764.0879
1691078400000,29299.3926,29747.2168,28851.5684
1691092800000,29315.9648,29727.1055,28904.8242
1691107200000,29307.8926,29726.6152,28889.1719
1691121600000,29272.3223,29630.457,28914.1855
1691136000000,29238.75,29539.8672,28937.6328
1691150400000,29215.8926,29453.4727,28978.3125
1691164800000,29176.5352,29345.7891,29007.2812
1691179200000,29159.7148,29313.0645,29006.3633
1691193600000,29152.8926,29315.5762,28990.209
1691208000000,29141.4277,29316.8379,28966.0195
1691222400000,29131.4277,29316.2598,28946.5957
1691236800000,29131.2852,29316.4648,28946.1074
1691251200000,29124.9648,29315.5098,28934.418
1691265600000,29111.1426,29292.1055,28930.1797
1691280000000,29094.0352,29252.1289,28935.9434
1691294400000,29086,29235.7969,28936.2031
1691308800000,29078.5723,29223.5879,28933.5547
1691323200000,29063.1777,29195.834,28930.5234
1691337600000,29056.7148,29178.1113,28935.3164
1691352000000,29043.1074,29096.3516,28989.8633
1691366400000,29051.7148,29117.582,28985.8457
1691380800000,29049.5723,29112.3945,28986.748
1691395200000,29048.8223,29111.6426,28986
1691409600000,29035.8926,29160.8691,28910.916
1691424000000,29044.3574,29180.5156,28908.1973
1691438400000,29056.75,29211.3867,28902.1133
1691452800000,29066.3223,29232.7539,28899.8887
1691467200000,29074.5,29248.6816,28900.3184
1691481600000,29101.25,29346.3184,28856.1816
1691496000000,29132.8926,29457.084,28808.7012
1691510400000,29190.75,29683.3457,28698.1543
1691524800000,29245.7148,29804.207,28687.2207
1691539200000,29290.6777,29885.5234,28695.834
1691553600000,29344.0352,29980.5293,28707.543
1691568000000,29398.0723,30079.4062,28716.7383
1691582400000,29447.2148,30122.7109,28771.7168
1691596800000,29472.3223,30111.1387,28833.5039
1691611200000,29524.6777,30058.8711,28990.4863
1691625600000,29555.4648,30045.8926,29065.0352
1691640000000,29577.2148,30026.4258,29128.0039
1691654400000,29599.5352,29995.0234,29204.0469
1691668800000,29619.3223,29948.6562,29289.9863
1691683200000,29619.9277,29947.7754,29292.082
1691697600000,29614.5723,29951.334,29277.8105
1691712000000,29580.5723,29905.6504,29255.4941
1691726400000,29554.1426,29876.5625,29231.7227
1691740800000,29534.7148,29852.5039,29216.9258
1691755200000,29503.1074,29791.3398,29214.875
1691769600000,29466.2852,29668.2539,29264.3184
1691784000000,29442.2852,29572.4473,29312.125
1691798400000,29441.3223,29573.0449,29309.5977
1691812800000,29429.2852,29540.1973,29318.375
1691827200000,29418,29494.8359,29341.1641
1691841600000,29413.1426,29477.1719,29349.1133
1691856000000,29406.8223,29454.4199,29359.2227
1691870400000,29404.75,29447.832,29361.668
1691884800000,29403.2148,29445.1738,29361.2539
1691899200000,29399.6074,29436.1094,29363.1035
1691913600000,29397.5352,29439.3438,29355.7285
1691928000000,29394.5,29443.4688,29345.5312
1691942400000,29393.8223,29441.1797,29346.4629
1691956800000,29387.8223,29460.8301,29314.8125
1691971200000,29387.4648,29460.8555,29314.0723
1691985600000,29386.3223,29458.7344,29313.9082
1692000000000,29386.3223,29458.7344,29313.9082
1692014400000,29398.9648,29522.6289,29275.2988
1692028800000,29392.7852,29521.084,29264.4863
1692043200000,29391.7852,29519.1855,29264.3848
1692057600000,29389.6426,29517.293,29261.9922
1692072000000,29386.7852,29513.7363,29259.834
1692086400000,29381.7852,29511.5859,29251.9863
1692100800000,29375.1777,29511.6738,29238.6836
1692115200000,29361.0723,29536.5859,29185.5566
1692129600000,29348.7852,29548.6328,29148.9375
1692144000000,29333.6074,29542.209,29125.0059
1692158400000,29326.5352,29547.6543,29105.418
1692172800000,29310.6777,29549.4785,29071.8789
1692187200000,29288.6426,29548.4473,29028.8379
1692201600000,29268.1426,29540.248,28996.0371
1692216000000,29205.7148,29553.1367,28858.293
1692230400000,29156.3574,29602.1152,28710.5996
1692244800000,29098.1777,29602.9492,28593.4082
1692259200000,29037.2852,29597.8359,28476.7363
1692273600000,28931.5352,29712.0371,28151.0352
1692288000000,28826.1777,29747.9688,27904.3887
1692302400000,28635.9648,30054.5547,27217.375
1692316800000,28437.3223,30234.2949,26640.3477
1692331200000,28238.6426,30265.375,26211.9121
1692345600000,28043.7852,30182.6758,25904.8945
1692360000000,27814.8223,30097.2852,25532.3574
1692374400000,27593.1777,29918.7383,25267.6172
1692388800000,27374.8926,29672.5156,25077.2695
1692403200000,27149.7148,29344.5039,24954.9258
1692417600000,26949.1426,29049.3867,24848.8984
1692432000000,26752.3926,28692.9375,24811.8477
1692446400000,26580.7852,28242.4863,24919.084
1692460800000,26408,27686.2207,25129.7793
1692475200000,26278.6426,27260.7969,25296.4883
1692489600000,26151.8926,26599.7734,25704.0117
1692504000000,26111.6777,26470.9941,25752.3633
1692518400000,26095.9648,26424.832,25767.0977
1692532800000,26074.7148,26359.1152,25790.3145
1692547200000,26049.5352,26230.4141,25868.6562
1692561600000,26064,26252.5469,25875.4531
1692576000000,26066.8223,26255.0605,25878.584
1692590400000,26064.8574,26255.1543,25874.5605
1692604800000,26069.9648,26250.4355,25889.4922
1692619200000,26071.8574,26245.5234,25898.1914
1692633600000,26086.1074,26224.8379,25947.375
1692648000000,26079.7852,26205.1504,25954.4199
1692662400000,26075.4277,26201.8477,25949.0098
1692676800000,26075.2852,26201.668,25948.9043
1692691200000,26072.25,26199.9238,25944.5762
1692705600000,26061,26212.1934,25909.8066
1692720000000,26032.5723,26238.1328,25827.0098
1692734400000,26027.5723,26230.0039,25825.1406
1692748800000,26017.2852,26213.4062,25821.166
1692763200000,26007.1074,26181.4551,25832.7598
1692777600000,25994.6074,26171.3359,25817.8789
1692792000000,26003.6777,26193.6387,25813.7188
1692806400000,26046.25,26412.0938,25680.4062
1692820800000,26081.5,26486.793,25676.207
1692835200000,26105.9277,26548.1797,25663.6777
1692849600000,26130.75,26608.3848,25653.1152
1692864000000,26158.2852,26655.7402,25660.832
1692878400000,26150.75,26655.707,25645.793
1692892800000,26148.6777,26655.6855,25641.6699
1692907200000,26165.7852,26655.9844,25675.5879
1692921600000,26189.0352,26628.8008,25749.2715
1692936000000,26183.5352,26633.0859,25733.9863
1692950400000,26190.6426,26630.1953,25751.0898
1692964800000,26181.2148,26638.5898,25723.8398
1692979200000,26184.1426,26634.8828,25733.4023
1692993600000,26177.1426,26634.0605,25720.2246
1693008000000,26138.0352,26529.0332,25747.0391
1693022400000,26110.1426,26471.7383,25748.5469
1693036800000,26081.4277,26399.7031,25763.1523
1693051200000,26051.0723,26292.4277,25809.7148
1693065600000,26022.25,26145.6621,25898.8379
1693080000000,26023.8223,26145.4355,25902.207
1693094400000,26023.0723,26145.1465,25900.9961
1693108800000,26013.3223,26111.2715,25915.3711
1693123200000,26010.0352,26100.5488,25919.5234
1693137600000,26020.3926,26114.1816,25926.6035
1693152000000,26022.0352,26120.6602,25923.4121
1693166400000,26033.9648,26112.9805,25954.9492
1693180800000,26036.75,26105.209,25968.291
1693195200000,26028,26123.0547,25932.9453
1693209600000,26021.3926,26118.7676,25924.0176
1693224000000,26024.6426,26125.6523,25923.6328
1693238400000,26020.8223,26125.7617,25915.8809
1693252800000,26025.3926,26137.0684,25913.7168
1693267200000,26027.6074,26140.1133,25915.1016
1693281600000,26026.0723,26140.6641,25911.4785
1693296000000,26022.7852,26142.75,25902.8223
1693310400000,26122.2852,26847.127,25397.4453
1693324800000,26248.7148,27378.0371,25119.3926
1693339200000,26363.8926,27714.2891,25013.4961
1693353600000,26454.8926,27891.7695,25018.0156
1693368000000,26551.5723,28053.8457,25049.2969
1693382400000,26647.7852,28165.0547,25130.5176
1693396800000,26739.5723,28222.0371,25257.1055
1693411200000,26824.6426,28256.5254,25392.7617
1693425600000,26911.5352,28297.4492,25525.623
1693440000000,26999.5352,28288.043,25711.0293
1693454400000,27081.4277,28271.5469,25891.3086
1693468800000,27170.25,28216.9102,26123.5898
1693483200000,27236.6426,28068.0234,26405.2637
1693497600000,27249.7148,28001.9766,26497.4531
1693512000000,27142.75,28154.1016,26131.3984
1693526400000,27017.4648,28098.3301,25936.5977
1693540800000,26893.5723,28026.0547,25761.0879
1693555200000,26796.6777,27978.0312,25615.3262
1693569600000,26679.4648,27911.3594,25447.5703
1693584000000,26557.3574,27844.002,25270.7109
1693598400000,26456.4277,27749.1445,25163.7129
1693612800000,26357.9277,27630.8906,25084.9668
1693627200000,26249.6777,27442.4043,25056.9531
1693641600000,26148.8926,27236.7168,25061.0703
1693656000000,26051.75,26960.0215,25143.4785
1693670400000,25946.3223,26540.8887,25351.7539
1693684800000,25870.75,26134.7324,25606.7676
1693699200000,25849.8574,26068.8691,25630.8438
1693713600000,25851.1074,26071.752,25630.4629
1693728000000,25841.1777,26034.5098,25647.8477
1693742400000,25833.4648,26013.2871,25653.6406
1693756800000,25831.5723,26003.8594,25659.2852
1693771200000,25843.1777,26023.7227,25662.6348
1693785600000,25868.0352,26012.4043,25723.666
1693800000000,25879.3223,26019.3477,25739.2949
1693814400000,25885.5,26015.0449,25755.9551
1693828800000,25887.0352,26011.6992,25762.373
1693843200000,25892.6777,26005.9863,25779.3711
1693857600000,25886.9648,26009.6328,25764.2949
1693872000000,25875.5352,26042.7539,25708.3164
1693886400000,25865.3223,26053.8828,25676.7598
1693900800000,25858.75,26056.0371,25661.4629
1693915200000,25844.6426,26047.416,25641.8711
1693929600000,25826.3926,26044.5215,25608.2656
1693944000000,25819.1074,26038.4004,25599.8125
1693958400000,25802,26000.252,25603.748
1693972800000,25784.1426,25970.5371,25597.748
1693987200000,25765.6426,25923.627,25607.6582
1694001600000,25738.9648,25896.9844,25580.9434
1694016000000,25724.0352,25869.2559,25578.8145
1694030400000,25719.8926,25859.8809,25579.9062
1694044800000,25715.8574,25840.8105,25590.9043
1694059200000,25711.8574,25828.9238,25594.791
1694073600000,25713.3223,25828.25,25598.3926
1694088000000,25717.2148,25834.5547,25599.875
1694102400000,25724.4277,25860.3789,25588.4766
1694116800000,25760.4277,26057.8965,25462.9609
1694131200000,25801.25,26180.0449,25422.4551
1694145600000,25835.5,26275.959,25395.041
1694160000000,25839.4648,26277.9492,25400.9805
1694174400000,25848.7852,26280.5117,25417.0605
1694188800000,25860.4277,26285.4551,25435.4004
1694203200000,25883.7148,26276.0195,25491.4102
1694217600000,25897.7148,26270.5176,25524.9102
1694232000000,25906.75,26269.6328,25543.8672
1694246400000,25909.0723,26269.9355,25548.207
1694260800000,25918.25,26268.3828,25568.1172
1694275200000,25931.1074,26257.8086,25604.4043
1694289600000,25939.75,26254.1094,25625.3906
1694304000000,25938.9277,26254.25,25623.6074
1694318400000,25909.9277,26181.7578,25638.0996
1694332800000,25877.5,26087.8379,25667.1621
1694347200000,25842.7148,25917.4805,25767.9492
1694361600000,25840.8574,25919.9004,25761.8125
1694376000000,25840.25,25919.7324,25760.7676
1694390400000,25828.7852,25928.8379,25728.7324
1694404800000,25822.0352,25916.8691,25727.2031
1694419200000,25802.5,25956.1504,25648.8496
1694433600000,25746.9648,26142.4922,25351.4375
1694448000000,25686.3223,26233.9258,25138.7168
1694462400000,25634.1074,26236.8047,25031.4102
1694476800000,25628.3926,26223.8691,25032.916
1694491200000,25622.5352,26209.4922,25035.5801
1694505600000,25639.4648,26263.2207,25015.707
1694520000000,25665.2148,26345.7383,24984.6914
1694534400000,25683.9277,26390.0859,24977.7715
1694548800000,25689.2148,26398.5352,24979.8926
1694563200000,25695.3223,26409.2773,24981.3652
1694577600000,25698.0723,26414.25,24981.8926
1694592000000,25731.2852,26489.25,24973.3203
1694606400000,25761.7852,26561.1094,24962.4629
1694620800000,25800.7852,26614.3691,24987.2031
1694635200000,25881.3574,26615.7969,25146.918
1694649600000,25971.6777,26541.1035,25402.2539
1694664000000,26056.6074,26425.7754,25687.4395
1694678400000,26103.2852,26486.0137,25720.5586
1694692800000,26166.6074,26615.0391,25718.1758
1694707200000,26208.8223,26722.6328,25695.0098
1694721600000,26231.9648,26769.3086,25694.6211
1694736000000,26272.0352,26830.3008,25713.7715
1694750400000,26324.5723,26843.4043,25805.7383
1694764800000,26363.8574,26818.3652,25909.3496
1694779200000,26396.0352,26757.7578,26034.3125
1694793600000,26410.7852,26752.1738,26069.3965
1694808000000,26437.0352,26773.418,26100.6543
1694822400000,26472.2148,26773.1016,26171.3281
1694836800000,26491.7852,26756.6973,26226.873
1694851200000,26510.5352,26742.5742,26278.498
1694865600000,26522.8926,26732.9707,26312.8145
1694880000000,26530.0352,26734.2559,26325.8145
1694894400000,26520.7852,26706.834,26334.7383
1694908800000,26510.2148,26677.0918,26343.3359
1694923200000,26508.2852,26675.4746,26341.0957
1694937600000,26505.4277,26667.2598,26343.5977
1694952000000,26503.5352,26663.1387,26343.9316
1694966400000,26509.5352,26662.2949,26356.7754
1694980800000,26524.6777,26630.5488,26418.8086
1694995200000,26543.5723,26637.0234,26450.1191
1695009600000,26551.75,26675.6348,26427.8652
1695024000000,26592.0723,26941.4512,26242.6914
1695038400000,26647.1426,27131.2559,26163.0293
1695052800000,26667.6426,27153.3809,26181.9062
1695067200000,26685.3574,27164.1152,26206.5996
1695081600000,26705.2148,27180.2617,26230.168
1695096000000,26725.4648,27197.5879,26253.3398
1695110400000,26776.1426,27299.3633,26252.9219
1695124800000,26842.1074,27432.4434,26251.7695
1695139200000,26886.1074,27478.793,26293.4219
1695153600000,26932.8926,27511.6797,26354.1055
1695168000000,26976.3574,27509.3652,26443.3496
1695182400000,27017.3223,27489.3242,26545.3184
1695196800000,27048.6426,27474.9766,26622.3105
1695211200000,27082.0352,27467.0156,26697.0566
1695225600000,27062.8926,27452.1191,26673.668
1695240000000,27051.9277,27426.707,26677.1504
1695254400000,27067.3574,27418.125,26716.5898
1695268800000,27083.75,27393.2422,26774.2578
1695283200000,27076.6074,27414.1973,26739.0176
1695297600000,27056.8926,27471.0098,26642.7754
1695312000000,27010.4648,27478.3496,26542.5781
1695326400000,26949.3926,27414.623,26484.1621
1695340800000,26908.8574,27385.4082,26432.3066
1695355200000,26870.2852,27335.7227,26404.8496
1695369600000,26836.2148,27295.5352,26376.8945
1695384000000,26802.4648,27249.5977,26355.3301
1695398400000,26762.4277,27200.2227,26324.6328
1695412800000,26719.1074,27102.2383,26335.9766
1695427200000,26690.7148,27069.8711,26311.5586
1695441600000,26652.3926,26956.7871,26348
1695456000000,26619.6426,26844.1699,26395.1152
1695470400000,26590.1426,26690.2988,26489.9863
1695484800000,26582.9648,26658.5469,26507.3809
1695499200000,26583.5352,26658.6562,26508.416
1695513600000,26582.2852,26658.1133,26506.459
1695528000000,26582.3223,26658.1016,26506.541
1695542400000,26580.9648,26655.1992,26506.7305
1695556800000,26575.0723,26637.498,26512.6465
1695571200000,26561.5,26644.6484,26478.3516
1695585600000,26533.9648,26714.4453,26353.4844
1695600000000,26506.5352,26776.7266,26236.3457
1695614400000,26478.9648,26793.918,26164.0117
1695628800000,26446.1074,26826.4746,26065.7402
1695643200000,26421.9648,26810.6289,26033.3008
1695657600000,26404.2852,26787.2461,26021.3262
1695672000000,26384.1426,26759.8203,26008.4668
1695686400000,26365.1777,26719.2148,26011.1426
1695700800000,26342.7148,26680.9648,26004.4629
1695715200000,26321.3926,26638.2422,26004.543
1695729600000,26289.6426,26594.1328,25985.1523
1695744000000,26263.8926,26518.0566,26009.7285
1695758400000,26237.8926,26427.2949,26048.4902
1695772800000,26224.8223,26376.6367,26073.0059
1695787200000,26223.8926,26375.5215,26072.2637
1695801600000,26266.5352,26567.0254,25966.0469
1695816000000,26273.2852,26570.0078,25976.5625
1695830400000,26286.5352,26559.5059,26013.5664
1695844800000,26294.6074,26567.332,26021.8828
1695859200000,26296.9277,26571.0449,26022.8125
1695873600000,26306.8574,26588.8438,26024.8711
1695888000000,26314.3926,26605.6484,26023.1387
1695902400000,26367.3223,26821.6484,25912.9941
1695916800000,26426.5723,27010.0625,25843.0801
1695931200000,26490.9277,27119.1406,25862.7148
1695945600000,26542.2852,27194.8438,25889.7266
1695960000000,26611.3574,27310.3906,25912.3242
1695974400000,26661.2148,27353.1406,25969.2871
1695988800000,26707.75,27362.8535,26052.6465
1696003200000,26720.3926,27384.3477,26056.4375
1696017600000,26765.25,27386.3906,26144.1094
1696032000000,26812.5352,27365.0586,26260.0137
1696046400000,26853.7852,27343.1484,26364.4219
1696060800000,26895.2148,27298.6367,26491.791
1696075200000,26935.3926,27245.291,26625.4941
1696089600000,26975.7148,27132.2051,26819.2246
1696104000000,26972.9648,27129.1094,26816.8203
1696118400000,26968.8223,27114.5801,26823.0625
1696132800000,26974.8926,27134.207,26815.5781
1696147200000,26991.3926,27182.4844,26800.3008
1696161600000,26989.2852,27172.7773,26805.7949
1696176000000,26998.8574,27189.1953,26808.5195
1696190400000,27078.2852,27613.8789,26542.6934
1696204800000,27164.0723,27912.0918,26416.0508
1696219200000,27264.4648,28199.5332,26329.3965
1696233600000,27356.6777,28382.752,26330.6055
1696248000000,27435.6426,28485.7812,26385.5059
1696262400000,27508.8926,28551.6055,26466.1797
1696276800000,27544.3223,28546.9023,26541.7422
1696291200000,27585.3574,28544.1543,26626.5605
1696305600000,27626.1074,28521.5254,26730.6895
1696320000000,27663.0352,28498.7988,26827.2715
1696334400000,27679.3574,28478.5879,26880.125
1696348800000,27685.1777,28470.9375,26899.4199
1696363200000,27704.25,28448.4531,26960.0469
1696377600000,27726.8926,28412.4922,27041.293
1696392000000,27687.75,28371.5938,27003.9062
1696406400000,27648.75,28290.7656,27006.7344
1696420800000,27583.4277,28121.0488,27045.8086
1696435200000,27541.4648,27958.9414,27123.9883
1696449600000,27522.9648,27869.4844,27176.4434
1696464000000,27500.6074,27761.6992,27239.5137
1696478400000,27508.3926,27773.627,27243.1582
1696492800000,27517.6074,27801.8906,27233.3242
1696507200000,27518.9648,27803.6621,27234.2676
1696521600000,27512.6777,27797.9336,27227.4238
1696536000000,27518.2852,27791.6367,27244.9336
1696550400000,27539.1074,27773.6094,27304.6055
1696564800000,27554.8223,27782.3965,27327.2461
1696579200000,27579.1777,27813.0859,27345.2695
1696593600000,27614.75,27899.6855,27329.8145
1696608000000,27641.9648,27974.5469,27309.3828
1696622400000,27680.9277,28016.2188,27345.6367
1696636800000,27702.0723,28053.8555,27350.2871
1696651200000,27710.7852,28074.6094,27346.9629
1696665600000,27732.1777,28112.957,27351.4004
1696680000000,27756.8926,28143.459,27370.3262
1696694400000,27767.3574,28157.2246,27377.4883
1696708800000,27796.2852,28177.1992,27415.3711
1696723200000,27838.8223,28194.6543,27482.9883
1696737600000,27875.3926,28139.3633,27611.4219
1696752000000,27893.3926,28094.7285,27692.0566
1696766400000,27912.6777,28052.2148,27773.1426
1696780800000,27923.3926,28031.6074,27815.1777
1696795200000,27922.0723,28029.9414,27814.2012
1696809600000,27919.4648,28025.877,27813.0508
1696824000000,27910.8223,28028.2441,27793.3984
1696838400000,27879.6074,28135.5996,27623.6133
1696852800000,27848.0352,28186.3945,27509.6777
1696867200000,27824.5,28178.1016,27470.8984
1696881600000,27799.5352,28166.1055,27432.9648
1696896000000,27782.8223,28157.0059,27408.6367
1696910400000,27760.8223,28128.1992,27393.4434
1696924800000,27721.1074,28069.834,27372.3789
1696939200000,27683.8574,28051.2012,27316.5137
1696953600000,27654.0352,28043.3535,27264.7168
1696968000000,27616.7852,28004.0547,27229.5156
1696982400000,27551.9648,28021.334,27082.5938
1696996800000,27486.7852,27985.8379,26987.7344
1697011200000,27434.2148,27894.2383,26974.1914
1697025600000,27359.1074,27882.3242,26835.8887
1697040000000,27307.8574,27912.0723,26703.6406
1697054400000,27265.9277,27905.5762,26626.2812
1697068800000,27210.4648,27853.8984,26567.0312
1697083200000,27153.6777,27793.2422,26514.1152
1697097600000,27096.1074,27697.0176,26495.1973
1697112000000,27025.4277,27581.8906,26468.9668
1697126400000,26967.9648,27478.7441,26457.1855
1697140800000,26921.8926,27383.5625,26460.2227
1697155200000,26877.5723,27263.748,26491.3945
1697169600000,26840.1777,27107.6523,26572.7051
1697184000000,26826.9648,27080.4512,26573.4785
1697198400000,26804.3926,27045.3457,26563.4414
1697212800000,26775,26894.6191,26655.3809
1697227200000,26781.3223,26907.8418,26654.8008
1697241600000,26793.6777,26938.7617,26648.5957
1697256000000,26794.0352,26939.8125,26648.2578
1697270400000,26795.8223,26944.3457,26647.2988
1697284800000,26805.4277,26969.2402,26641.6172
1697299200000,26807.5723,26973.1777,26641.9648
1697313600000,26820.8223,26964.3281,26677.3145
1697328000000,26832.9277,26961.623,26704.2344
1697342400000,26841.3223,26962.9414,26719.7012
1697356800000,26846.8574,26961.8633,26731.8516
1697371200000,26849.1074,26965.998,26732.2168
1697385600000,26865.9277,27017.9629,26713.8945
1697400000000,26899.3223,27085.4258,26713.2168
1697414400000,26932.4277,27171.9688,26692.8887
1697428800000,27002.5352,27522.2422,26482.8301
1697443200000,27061.9648,27707.6289,26416.2988
1697457600000,27147.5352,27962.5117,26332.5605
1697472000000,27262.3926,28306.2559,26218.5312
1697486400000,27375,28578.9883,26171.0117
1697500800000,27476.5,28727.0508,26225.9492
1697515200000,27589.5,28875.8633,26303.1367
1697529600000,27700.4277,28987.3223,26413.5352
1697544000000,27814.7148,29069.9316,26559.4961
1697558400000,27934.25,29114.7812,26753.7188
1697572800000,28042.5352,29089.9336,26995.1367
1697587200000,28147.8574,29060.9766,27234.7383
1697601600000,28243.2852,28986.7832,27499.7871
1697616000000,28323.1777,28812.3633,27833.9941
1697630400000,28352.5,28764.9102,27940.0898
1697644800000,28386.5723,28647.5898,28125.5527
1697659200000,28404.2148,28601.5176,28206.9102
1697673600000,28388.4277,28596.5781,28180.2793
1697688000000,28375.1777,28575.0293,28175.3281
1697702400000,28386.5,28580.6992,28192.3008
1697716800000,28403.9648,28646.6211,28161.3086
1697731200000,28427.1777,28727.9121,28126.4453
1697745600000,28444.5352,28779.1738,28109.8965
1697760000000,28495.6074,29023.6738,27967.5391
1697774400000,28555.25,29203.4199,27907.0801
1697788800000,28650.2148,29578.8105,27721.6172
1697803200000,28725.6426,29757.5273,27693.7598
1697817600000,28811.7852,29904.1055,27719.4668
1697832000000,28913.1777,30040.3164,27786.041
1697846400000,29011.1074,30123.3262,27898.8887
1697860800000,29109.7852,30201.3359,28018.2344
1697875200000,29220.1426,30252.9004,28187.3848
1697889600000,29334.7852,30296.7539,28372.8184
1697904000000,29456.6074,30362.5156,28550.6992
1697918400000,29545.1777,30364.0352,28726.3203
1697932800000,29628.5352,30335.8125,28921.2598
1697947200000,29707.5352,30203.3555,29211.7148
1697961600000,29756.25,30186.918,29325.582
1697976000000,29798.5723,30120.2637,29476.8809
1697990400000,29798.1426,30119.5781,29476.709
1698004800000,29829.5,30133.7676,29525.2324
1698019200000,29914.0352,30443.7285,29384.3438
1698033600000,29974.1777,30565.8262,29382.5312
1698048000000,30048.8926,30696.7051,29401.082
1698062400000,30133.8223,30877.6387,29390.0039
1698076800000,30245.6777,31195.1973,29296.1582
1698091200000,30472.8574,32206.1543,28739.5605
1698105600000,30753.5352,33274.5938,28232.4766
1698120000000,31047.8574,34026.4023,28069.3125
1698134400000,31379.9648,34785.4375,27974.4922
1698148800000,31655.8926,35135.7656,28176.0195
1698163200000,31933.7148,35435.2188,28432.209
1698177600000,32226.5723,35660.9766,28792.166
1698192000000,32525.1426,35802.1133,29248.1719
1698206400000,32802.1055,35820.6133,29783.6016
1698220800000,33050.6445,35918.8008,30182.4824
1698235200000,33362.3203,35997.0234,30727.6211
1698249600000,33656.5703,35906.3516,31406.791
1698264000000,33916.5703,35591.875,32241.2676
1698278400000,34164.0703,35130.4648,33197.6758
1698292800000,34276.0352,35075.1016,33476.9688
1698307200000,34280.5352,35075.6211,33485.4492
1698321600000,34283.25,35075.1445,33491.3555
1698336000000,34247.4297,35030.5117,33464.3438
1698350400000,34283.4648,35002.9062,33564.0234
1698364800000,34307.1055,34982.8594,33631.3555
1698379200000,34310.1445,34979.4688,33640.8164
1698393600000,34313.8203,34977.3477,33650.2969
1698408000000,34324.9297,34962.9453,33686.9102
1698422400000,34288.8945,34999.2109,33578.5742
1698436800000,34221.0703,34874.3867,33567.7578
1698451200000,34173.0352,34752.4062,33593.668
1698465600000,34141.25,34688.3711,33594.1289
1698480000000,34097,34495.0039,33698.9961
1698494400000,34064.5703,34316.3633,33812.7812
1698508800000,34065.6445,34318.7227,33812.5625
1698523200000,34069.1055,34323.5195,33814.6953
1698537600000,34065,34321.5195,33808.4805
1698552000000,34059.8945,34309.3242,33810.4609
1698566400000,34070.4297,34343.582,33797.2734
1698580800000,34107.25,34448.8789,33765.6211
1698595200000,34145.3945,34572.6211,33718.1641
1698609600000,34183.5,34653.4727,33713.5273
1698624000000,34225.5352,34620.1406,33830.9297
1698638400000,34248.1797,34605.4766,33890.8789
1698652800000,34287.2148,34687.2148,33887.2109
1698667200000,34330.4648,34760.2422,33900.6875
1698681600000,34349.3555,34779.1055,33919.6055
1698696000000,34370.5703,34802.0039,33939.1406
1698710400000,34376.0352,34797.9102,33954.1602
1698724800000,34380.3203,34792.6523,33967.9883
1698739200000,34417.8945,34779.5039,34056.2852
1698753600000,34431.7148,34759.0508,34104.3789
1698768000000,34452.5352,34777.2227,34127.8516
1698782400000,34466.8203,34813.6016,34120.0391
1698796800000,34456.2148,34793.918,34118.5117
1698811200000,34450.4648,34783.8203,34117.1094
1698825600000,34460.4648,34784.0195,34136.9062
1698840000000,34466.4648,34776.3086,34156.6211
1698854400000,34463.1055,34766.1055,34160.1094
1698868800000,34518.8555,35111.7305,33925.9844
1698883200000,34601.4297,35423.0625,33779.793
1698897600000,34660.4648,35564.0352,33756.8945
1698912000000,34746.2852,35695.2109,33797.3594
1698926400000,34780.6797,35677.9297,33883.4258
1698940800000,34815.9297,35710.0234,33921.8359
1698955200000,34863.6797,35714.5234,34012.832
1698969600000,34873.4297,35714,34032.8555
1698984000000,34859.5352,35718.0469,34001.0273
1698998400000,34846.9648,35733.1875,33960.7422
1699012800000,34869.0703,35732.3711,34005.7734
1699027200000,34876.5352,35726.7461,34026.3242
1699041600000,34905.9648,35704.668,34107.2617
1699056000000,34915.1055,35702.3242,34127.8906
1699070400000,34867.5703,35594.668,34140.4766
1699084800000,34804.0352,35397.3867,34210.6836
1699099200000,34760.5352,35273.1055,34247.9648
1699113600000,34713.25,35069.7227,34356.7773
1699128000000,34744.2148,35148.0938,34340.3359
1699142400000,34765.0703,35247.3477,34282.793
1699156800000,34780.75,35302.1836,34259.3164
1699171200000,34809.8203,35357.832,34261.8086
1699185600000,34840.8555,35362.6211,34319.0938
1699200000000,34894.75,35323,34466.5
1699214400000,34913.7148,35344.5312,34482.8984
1699228800000,34947.7148,35330.6602,34564.7695
1699243200000,34962.8555,35327.5273,34598.1875
1699257600000,35003.2852,35379.0625,34627.5078
1699272000000,35025.1445,35385.9141,34664.3711
1699286400000,35050.0352,35374.5273,34725.543
1699300800000,35074.6797,35347.9297,34801.4258
1699315200000,35087.5,35314.2148,34860.7852
1699329600000,35078.8555,35313.4688,34844.2461
1699344000000,35031.8945,35315.1992,34748.5859
1699358400000,35000.5703,35300.8281,34700.3125
1699372800000,35027,35416.793,34637.207
1699387200000,35062.5,35498.1367,34626.8633
1699401600000,35081.3555,35533.8242,34628.8906
1699416000000,35096.0352,35556.9297,34635.1406
1699430400000,35120.0703,35598.5078,34641.6328
1699444800000,35141,35613.1797,34668.8203
1699459200000,35166.8945,35704.4727,34629.3164
1699473600000,35205.2148,35793.4922,34616.9336
1699488000000,35303.8945,36175.1562,34432.6289
1699502400000,35411.6797,36493.2188,34330.1367
1699516800000,35548.5,36825.7109,34271.2891
1699531200000,35703.9648,37176.5742,34231.3555
1699545600000,35830.25,37224.0469,34436.4531
1699560000000,35971.7852,37302.082,34641.4883
1699574400000,36064.1445,37427.2305,34701.0547
1699588800000,36140.1445,37470.8125,34809.4766
1699603200000,36269.4297,37601.3438,34937.5117
1699617600000,36401.3945,37670.5352,35132.25
1699632000000,36539.0703,37743.8906,35334.2539
1699646400000,36688.9648,37720.4414,35657.4883
1699660800000,36791.25,37663.6562,35918.8438
1699675200000,36892.25,37493.6953,36290.8047
1699689600000,36932.3945,37488.6719,36376.1133
1699704000000,36968.6797,37496.0156,36441.3398
1699718400000,36992.6055,37528.293,36456.9219
1699732800000,36994.6055,37532.7812,36456.4336
1699747200000,37037.8203,37474.4922,36601.1484
1699761600000,37068.3555,37475.9961,36660.7188
1699776000000,37090.25,37466.1367,36714.3633
1699790400000,37140.9297,37318.9375,36962.918
1699804800000,37143.0352,37320.3711,36965.7031
1699819200000,37143.3555,37320.4258,36966.2891
1699833600000,37120.4648,37298.9062,36942.0234
1699848000000,37097.0703,37235.6797,36958.4648
1699862400000,37080.6797,37266.7891,36894.5664
1699876800000,37069.25,37278.5898,36859.9102
1699891200000,37058.8945,37288.2656,36829.5195
1699905600000,37015.6797,37385.4336,36645.9219
1699920000000,36965.1797,37409.125,36521.2305
1699934400000,36933.3555,37376.5898,36490.1211
1699948800000,36881.6797,37424.2109,36339.1445
1699963200000,36811.6797,37435.8906,36187.4648
1699977600000,36685.5352,37652.8516,35718.2227
1699992000000,36568.5352,37648.3438,35488.7266
1700006400000,36444.5352,37626.1289,35262.9414
1700020800000,36336.9648,37531.1484,35142.7812
1700035200000,36287.1055,37428.7031,35145.5117
1700049600000,36245.8203,37319.2656,35172.375
1700064000000,36293.9648,37521.9727,35065.957
1700078400000,36365.6055,37821.3203,34909.8945
1700092800000,36408.7148,37956.2969,34861.1289
1700107200000,36478.2852,38119.2539,34837.3164
1700121600000,36534.9648,38227.3008,34842.625
1700136000000,36513.9648,38203.4453,34824.4844
1700150400000,36488.25,38200.2344,34776.2656
1700164800000,36488.2148,38200.2227,34776.207
1700179200000,36572.2148,38158.3633,34986.0664
1700193600000,36621.5352,38119.457,35123.6172
1700208000000,36693.2148,38040.1367,35346.293
1700222400000,36726.4297,37984.1562,35468.7031
1700236800000,36731.5,37982.3945,35480.6055
1700251200000,36745.4297,37987.0938,35503.7656
1700265600000,36664.5,37836.6875,35492.3125
1700280000000,36560.0703,37514.543,35605.6016
1700294400000,36484.1797,37288.25,35680.1094
1700308800000,36428.0352,37036.0508,35820.0234
1700323200000,36386.1797,36804.707,35967.6523
1700337600000,36397.8555,36830.082,35965.6328
1700352000000,36440.8203,36799.3281,36082.3125
1700366400000,36472.8555,36814.3086,36131.4062
1700380800000,36471.5352,36812.6914,36130.3828
1700395200000,36495.6797,36818.7734,36172.582
1700409600000,36535.75,36936.2773,36135.2227
1700424000000,36629.3945,37145.1406,36113.6445
1700438400000,36686.8555,37239.6602,36134.0547
1700452800000,36732.7148,37360.3281,36105.1016
1700467200000,36788.5,37425.7773,36151.2227
1700481600000,36864.4648,37565.6562,36163.2734
1700496000000,36947.9297,37697.25,36198.6094
1700510400000,37004.8203,37784.3242,36225.3203
1700524800000,37061.6797,37858.4219,36264.9336
1700539200000,37111.8945,37873.3711,36350.4141
1700553600000,37156.6055,37851.5898,36461.625
1700568000000,37182.3555,37822.6094,36542.1016
1700582400000,37218.3203,37743.375,36693.2695
1700596800000,37156.3945,38043.043,36269.7422
1700611200000,37115.25,38082.3047,36148.1953
1700625600000,37049.5352,38060.0273,36039.0469
1700640000000,37001.8945,38051.7344,35952.0508
1700654400000,36945.5,38015.9688,35875.0312
1700668800000,36953.8945,38033.3398,35874.4453
1700683200000,36948.8945,38018.8008,35878.9844
1700697600000,36929.2148,37960.293,35898.1328
1700712000000,36922.6797,37940.8906,35904.4648
1700726400000,36914.75,37916.7383,35912.7617
1700740800000,36889.6445,37868.9688,35910.3203
1700755200000,36897.6797,37888.0703,35907.2891
1700769600000,36919.25,37930.125,35908.375
1700784000000,36943.3945,37975.3672,35911.418
1700798400000,37072.6055,37892.4609,36252.7539
1700812800000,37170.5,37970.3828,36370.6172
1700827200000,37298.4297,38171.7344,36425.125
1700841600000,37392.4297,38171.082,36613.7773
1700856000000,37483.7852,38096.082,36871.4922
1700870400000,37522.0703,38149.4531,36894.6875
1700884800000,37551.2148,38196.2539,36906.1758
1700899200000,37577.5,38212.543,36942.457
1700913600000,37602.5352,38232.7852,36972.2852
1700928000000,37636.3203,38265.9453,37006.6992
1700942400000,37698.2148,38203.9766,37192.4531
1700956800000,37733.2148,38185.8906,37280.5391
1700971200000,37770.6055,38154.1836,37387.0312
1700985600000,37797.9648,38094.9453,37500.9844
1701000000000,37792.7852,38109.9453,37475.6289
1701014400000,37766.8203,38142.7383,37390.9062
1701028800000,37710.3555,38008.418,37412.2969
1701043200000,37677.0352,38029.0039,37325.0703
1701057600000,37643.7852,38042.5781,37244.9922
1701072000000,37586.75,38079.0039,37094.4961
1701086400000,37509.3555,38140.8945,36877.8203
1701100800000,37451.8203,38151.0938,36752.5508
1701115200000,37417.6055,38104.8789,36730.3359
1701129600000,37366.2148,38022.4727,36709.9531
1701144000000,37315.4297,37933.3672,36697.4883
1701158400000,37278.1445,37840.1602,36716.125
1701172800000,37256.7148,37753.4688,36759.957
1701187200000,37287.2148,37923.5234,36650.9062
1701201600000,37312.75,38001.293,36624.207
1701216000000,37351.8555,38114.4453,36589.2695
1701230400000,37398.1797,38254.3359,36542.0195
1701244800000,37454.0703,38383.8672,36524.2734
1701259200000,37492.4648,38437.168,36547.7578
1701273600000,37552.5703,38479.7383,36625.4023
1701288000000,37631.2852,38455.082,36807.4883
1701302400000,37714.9297,38450.4961,36979.3594
1701316800000,37753.4297,38443.9258,37062.9297
1701331200000,37807.5703,38408.1602,37206.9844
1701345600000,37843.8555,38318.5898,37369.125
1701360000000,37879.8555,38231.6367,37528.0781
1701374400000,37894.6055,38199.0039,37590.2109
1701388800000,37888.4648,38176.3516,37600.5742
1701403200000,37919.5703,38259.4805,37579.6641
1701417600000,37967.3555,38463.0586,37471.6562
1701432000000,37990.75,38538.9258,37442.5742
1701446400000,38039.25,38724.5703,37353.9297
1701460800000,38101.6445,38856.0586,37347.2266
1701475200000,38168.3203,38992.6016,37344.0391
1701489600000,38230.3945,39081.5391,37379.2461
1701504000000,38281,39167.457,37394.543
1701518400000,38355.0352,39239.8984,37470.1719
1701532800000,38467.3945,39478.7227,37456.0625
1701547200000,38600.8203,39619.1953,37582.4492
1701561600000,38718.7852,39702.7266,37734.8438
1701576000000,38846.0703,39740.8945,37951.25
1701590400000,38950.6445,39788.0625,38113.2227
1701604800000,39061.1055,39909.2109,38213.0039
1701619200000,39131.25,39983.75,38278.75
1701633600000,39244.9297,40120.1445,38369.7109
1701648000000,39384.9297,40514.6406,38255.2188
1701662400000,39583.6445,41084.0039,38083.2812
1701676800000,39785.1445,41549.4766,38020.8125
1701691200000,39968.7852,41787.6641,38149.9062
1701705600000,40202.0352,42172.9766,38231.0938
1701720000000,40428.6445,42446.1328,38411.1523
1701734400000,40599.4297,42665.7539,38533.1055
1701748800000,40748.0352,42770.1641,38725.9062
1701763200000,40915.75,42854.7617,38976.7383
1701777600000,41113.1055,43000.9883,39225.2266
1701792000000,41421.6445,43557.2891,39286
1701806400000,41728.9648,44070.7656,39387.1602
1701820800000,42026.6445,44267.8711,39785.4141
1701835200000,42288.75,44386.9766,40190.5234
1701849600000,42511.2852,44570.2109,40452.3594
1701864000000,42676.8555,44752.8984,40600.8164
1701878400000,42846.7852,44941.4648,40752.1094
1701892800000,43024.2852,44979.5781,41068.9922
1701907200000,43161.6055,45087.2656,41235.9492
1701921600000,43297.9648,45145.1836,41450.7422
1701936000000,43394.5,45062.6797,41726.3203
1701950400000,43547.0352,44872.3828,42221.6914
1701964800000,43653.1797,44561.6758,42744.6836
1701979200000,43727.9648,44266.3477,43189.5781
1701993600000,43697.7148,44256.7383,43138.6914
1702008000000,43632.9648,44199.6211,43066.3086
1702022400000,43628.8555,44192.3633,43065.3516
1702036800000,43635.1055,44203.3984,43066.8164
1702051200000,43643.3555,44227.9336,43058.7773
1702065600000,43671.3203,44318.5391,43024.1016
1702080000000,43683.3945,44360.9102,43005.875
1702094400000,43715.6445,44449.2422,42982.043
1702108800000,43709.25,44436.1172,42982.3828
1702123200000,43722.25,44469.4531,42975.0469
1702137600000,43777.25,44476.4648,43078.0352
1702152000000,43781.25,44479.2344,43083.2656
1702166400000,43826.4297,44458.9219,43193.9375
1702180800000,43875.4297,44446.3789,43304.4766
1702195200000,43902.8203,44415.1328,43390.5117
1702209600000,43956.8203,44286.2617,43627.3828
1702224000000,43965.3945,44274.3594,43656.4258
1702238400000,43969.5,44270.1289,43668.8711
1702252800000,43853.3203,44737.1172,42969.5273
1702267200000,43706.9648,44928.1875,42485.7422
1702281600000,43578.2148,44945.2227,42211.207
1702296000000,43406.0703,44990.1445,41822
1702310400000,43185.0352,45245.8984,41124.1719
1702324800000,42981.4648,45199.6094,40763.3203
1702339200000,42823.25,45050.75,40595.75
1702353600000,42692.5352,44901.0352,40484.0391
1702368000000,42529.7852,44700.0469,40359.5234
1702382400000,42342.25,44422.0625,40262.4375
1702396800000,42153.1445,44151.5078,40154.7773
1702411200000,41978,43729.8008,40226.1992
1702425600000,41765.2852,43271.6875,40258.8828
1702440000000,41569.8203,42574.4961,40565.1484
1702454400000,41473.6055,42415.0859,40532.1289
1702468800000,41459.0352,42363.8516,40554.2227
1702483200000,41485.7852,42511.4141,40460.1562
1702497600000,41562.3555,42812.4609,40312.2539
1702512000000,41704.0703,43009.3164,40398.8281
1702526400000,41824.5,43244.1953,40404.8047
1702540800000,41934,43541.5703,40326.4297
1702555200000,41973.5352,43605.1719,40341.8984
1702569600000,42082.9297,43802.8281,40363.0312
1702584000000,42202.2148,43941.9531,40462.4766
1702598400000,42322.0703,43982.9609,40661.1836
1702612800000,42411.1445,44018.9258,40803.3594
1702627200000,42550.6797,43913.5898,41187.7656
1702641600000,42608.7148,43775.5312,41441.8984
1702656000000,42688.1797,43508.0703,41868.2852
1702670400000,42689.9297,43503.5508,41876.3086
1702684800000,42662.1055,43492.1484,41832.0664
1702699200000,42614.9297,43461.7969,41768.0586
1702713600000,42585.3555,43440.2383,41730.4727
1702728000000,42562.6055,43396.1719,41729.043
1702742400000,42496,43227.6211,41764.3789
1702756800000,42481.8203,43222.0078,41741.6328
1702771200000,42395.25,43093.3203,41697.1797
1702785600000,42312.8203,42952.4961,41673.1484
1702800000000,42251,42847.9453,41654.0547
1702814400000,42183.2148,42754.6836,41611.7461
1702828800000,42132.3555,42588.0859,41676.6289
1702843200000,42092.0352,42693.3164,41490.7578
1702857600000,42016.75,42816.2031,41217.2969
1702872000000,41956.2148,42879.5586,41032.8711
1702886400000,41866.5703,42856.9531,40876.1875
1702900800000,41797.1445,42810.9023,40783.3828
1702915200000,41753.1445,42722.1016,40784.1836
1702929600000,41758.1055,42745.168,40771.043
1702944000000,41811.6445,42987.3047,40635.9805
1702958400000,41867.5,43191.5234,40543.4766
1702972800000,41945.1445,43393.9805,40496.3047
1702987200000,41988.7852,43465.5508,40512.0195
1703001600000,42017.1055,43505.4336,40528.7773
1703016000000,42052.3945,43541.6445,40563.1406
1703030400000,42077.3945,43580.2891,40574.4961
1703044800000,42190.7852,43697.4961,40684.0742
1703059200000,42320.9297,43728.1836,40913.6719
1703073600000,42531.5,44036.9531,41026.0469
1703088000000,42721.6445,44127.5234,41315.7617
1703102400000,42895.7852,44128.3633,41663.207
1703116800000,43036.5,44143.168,41929.832
1703131200000,43116.4297,44269.7891,41963.0664
1703145600000,43178.5,44414.7812,41942.2188
1703160000000,43234.8555,44515.6211,41954.0938
1703174400000,43279.4297,44568.7734,41990.0859
1703188800000,43379.4297,44630.0547,42128.8047
1703203200000,43501.1797,44656.4414,42345.9141
1703217600000,43597.7852,44538.5508,42657.0195
1703232000000,43694.5,44386.4023,43002.5977
1703246400000,43748.4297,44300.3906,43196.4648
1703260800000,43806.3945,44090.3203,43522.4648
1703275200000,43804.6797,44082.4414,43526.9141
1703289600000,43791.8555,44091.1328,43492.582
1703304000000,43785.1055,44096.4297,43473.7852
1703318400000,43778.25,44101.6875,43454.8125
1703332800000,43778.0352,44101.418,43454.6562
1703347200000,43760.8945,44064.2422,43457.543
1703361600000,43752.8555,44052.3281,43453.3867
1703376000000,43770.75,44068.8906,43472.6094
1703390400000,43755.4297,44046.043,43464.8164
1703404800000,43729.1797,43967.8359,43490.5195
1703419200000,43735.5352,43969.4727,43501.5977
1703433600000,43726.8945,43959.8984,43493.8867
1703448000000,43679.9297,44105.1133,43254.7461
1703462400000,43643.5,44137.3984,43149.6016
1703476800000,43586.6055,44065.2031,43108.0078
1703491200000,43559.8555,44075.6797,43044.0352
1703505600000,43564.8555,44083.6836,43046.0312
1703520000000,43558.25,44077.8047,43038.6953
1703534400000,43545.5352,44049.4766,43041.5938
1703548800000,43527.7852,44020.3125,43035.2578
1703563200000,43460.8555,44063.7617,42857.9531
1703577600000,43377,44045.5586,42708.4414
1703592000000,43286.2852,44090.2031,42482.3711
1703606400000,43175.2852,44139.0898,42211.4805
1703620800000,43090.9297,44051.4375,42130.418
1703635200000,42990.1445,43979.2031,42001.082
1703649600000,42951.8555,43971.5664,41932.1484
1703664000000,42943.5703,43957.2734,41929.8711
1703678400000,42927.0352,43927.7031,41926.3672
1703692800000,42925.6055,43924.6953,41926.5195
1703707200000,42910.9297,43870.8125,41951.043
1703721600000,42908.9648,43864.1133,41953.8164
1703736000000,42871.25,43749.7383,41992.7617
1703750400000,42845.3555,43668.7148,42022
1703764800000,42823.3203,43666.625,41980.0156
1703779200000,42819.6055,43665.375,41973.8398
1703793600000,42833.8203,43658.8164,42008.8281
1703808000000,42877.5703,43609.5078,42145.6328
1703822400000,42862.4648,43628.5898,42096.3398
1703836800000,42910.3555,43601.5078,42219.207
1703851200000,42897.8203,43623.6406,42172
1703865600000,42831.8555,43644.3281,42019.3867
1703880000000,42765.6055,43654.25,41876.9648
1703894400000,42681.4297,43614.3477,41748.5078
1703908800000,42575.5,43462.0625,41688.9375
1703923200000,42463.8203,43258.957,41668.6836
1703937600000,42414.4297,43129.1914,41699.668
1703952000000,42361.5703,42956.1992,41766.9453
1703966400000,42339.25,42936.1484,41742.3516
1703980800000,42307.3945,42880.5078,41734.2773
1703995200000,42302.7148,42866.5078,41738.9219
1704009600000,42288.0352,42814.1328,41761.9375
1704024000000,42297.8945,42832.6523,41763.1328
1704038400000,42275.9648,42721.9922,41829.9336
1704052800000,42274.2148,42719.6289,41828.8008
1704067200000,42289.7852,42732.043,41847.5273
1704081600000,42322.6055,42769.0156,41876.1992
1704096000000,42373.2852,42829.2656,41917.3047
1704110400000,42432.9297,42889.375,41976.4805
1704124800000,42552.25,43222.7188,41881.7812
1704139200000,42684.3203,43778.0391,41590.6016
1704153600000,42904.2852,44691.543,41117.0312
1704168000000,43147.0703,45349.5039,40944.6406
1704182400000,43383.9297,45831.6641,40936.1914
1704196800000,43576.9648,46155.6758,40998.2539
1704211200000,43759.25,46380.1406,41138.3594
1704225600000,43940.4648,46532.75,41348.1797
1704240000000,44133.4648,46708.8789,41558.0469
1704254400000,44330.2148,46730.8359,41929.5898
1704268800000,44428.2148,46601.7852,42254.6445
1704283200000,44460.5,46532.5781,42388.4219
1704297600000,44452.2148,46552.7305,42351.6953
1704312000000,44454.5703,46547.8242,42361.3164
1704326400000,44421.9648,46581.8281,42262.1016
1704340800000,44316.8203,46637.3672,41996.2734
1704355200000,44155.8555,46446.6875,41865.0234
1704369600000,44048.8203,46199.6094,41898.0312
1704384000000,43938.25,45927.0742,41949.4258
1704398400000,43858.8203,45714.8594,42002.7812
1704412800000,43744.0703,45474.7461,42013.3945
1704427200000,43656.8945,45239.207,42074.582
1704441600000,43546.0703,44833.582,42258.5586
1704456000000,43435.9648,44414.5547,42457.3711
1704470400000,43426.3555,44395.3945,42457.3203
1704484800000,43509.0352,44515.918,42502.1523
1704499200000,43604.6797,44499.1406,42710.2148
1704513600000,43663.2148,44455.0117,42871.418
1704528000000,43701.75,44435.1875,42968.3125
1704542400000,43779.4297,44306.0586,43252.7969
1704556800000,43828.3203,44254.0742,43402.5703
1704571200000,43820.3203,44230.8281,43409.8125
1704585600000,43817.1445,44223.4023,43410.8867
1704600000000,43812.8945,44206.3438,43419.4414
1704614400000,43854.1445,44223.0195,43485.2656
1704628800000,43872.1445,44252.1445,43492.1406
1704643200000,43905.4297,44326.7109,43484.1484
1704657600000,43934.7148,44296.1055,43573.3203
1704672000000,43927.8555,44316.5508,43539.1641
1704686400000,43913.3555,44280.9766,43545.7383
1704700800000,43962.5703,44486.3438,43438.8008
1704715200000,44055.5352,44769.0664,43342.0078
1704729600000,44294.7148,45948.1133,42641.3164
1704744000000,44516.6055,46645.2734,42387.9414
1704758400000,44733,47161.9062,42304.0938
1704772800000,44937.7148,47550.2109,42325.2188
1704787200000,45129.9297,47813.4688,42446.3906
1704801600000,45327.9297,48082.4141,42573.4414
1704816000000,45529.0352,48296.5664,42761.5078
1704830400000,45677.0703,48331.0547,43023.0898
1704844800000,45811.2148,48349.6367,43272.793
1704859200000,45942.7852,48257.6055,43627.9688
1704873600000,46086.9297,47993.0898,44180.7695
1704888000000,46201.8945,47738.5547,44665.2305
1704902400000,46335.4297,47606.5547,45064.3008
1704916800000,46457.0703,47487.5117,45426.6328
1704931200000,46421.2852,47405.9336,45436.6406
1704945600000,46360.25,47306.0742,45414.4258
1704960000000,46370.7852,47344.6328,45396.9375
1704974400000,46368.0352,47336.8438,45399.2266
1704988800000,46373,47347.6992,45398.3008
1705003200000,46336.7148,47273.5039,45399.9258
1705017600000,46273.2148,47173.6328,45372.7969
1705032000000,46265.9297,47172.832,45359.0273
1705046400000,46254.0703,47172.3555,45335.7891
1705060800000,46161.3555,47446.4648,44876.25
1705075200000,46011.75,47902.0977,44121.4023
1705089600000,45810.6055,48339.3477,43281.8672
1705104000000,45530.7148,48516.0547,42545.375
1705118400000,45274.0352,48433.3594,42114.7148
1705132800000,44995.2852,48351.3789,41639.1914
1705147200000,44782,48204.707,41359.293
1705161600000,44473.0352,47790.4102,41155.6602
1705176000000,44189.7852,47338.6562,41040.9141
1705190400000,43902.3203,46810.0039,40994.6406
1705204800000,43661.8945,46260.2812,41063.5039
1705219200000,43433.9648,45715.2617,41152.668
1705233600000,43209.6445,44994.1953,41425.0938
1705248000000,42971.8555,43918.7734,42024.9414
1705262400000,42772.2852,43532.1875,42012.3867
1705276800000,42706.6055,43380.6523,42032.5625
1705291200000,42701.1055,43374.9023,42027.3086
1705305600000,42706.7148,43377.9219,42035.5078
1705320000000,42646.6797,43322.1445,41971.2109
1705334400000,42670.4297,43362.0469,41978.8125
1705348800000,42623.6445,43271.5391,41975.7461
1705363200000,42631.5703,43288.2148,41974.9258
1705377600000,42624.2148,43274.0977,41974.332
1705392000000,42636.0703,43294.7852,41977.3555
1705406400000,42651.8203,43352.3242,41951.3164
1705420800000,42675.0703,43414.3711,41935.7734
1705435200000,42691.0352,43456.2852,41925.7891
1705449600000,42703.4297,43469.875,41936.9805
1705464000000,42770.3203,43289.7109,42250.9297
1705478400000,42778.5,43284.9336,42272.0664
1705492800000,42761.1797,43296.6172,42225.7383
1705507200000,42754,43297.0195,42210.9805
1705521600000,42787.8555,43253.125,42322.5859
1705536000000,42757.6055,43234.0508,42281.1641
1705550400000,42784.6445,43236.418,42332.8711
1705564800000,42757.75,43231.9336,42283.5664
1705579200000,42746,43230.7344,42261.2656
1705593600000,42612.3555,43646.0664,41578.6484
1705608000000,42473.8203,43661.1406,41286.5039
1705622400000,42321.5703,43670.6914,40972.4492
1705636800000,42187.6055,43572.7266,40802.4883
1705651200000,42089.2148,43481.3242,40697.1055
1705665600000,41964.1445,43457.0625,40471.2227
1705680000000,41902.75,43351.3711,40454.1289
1705694400000,41844.3203,43268.8711,40419.7695
1705708800000,41775.1445,43146.0391,40404.2461
1705723200000,41696.0352,42964.0117,40428.0625
1705737600000,41626.5,42810.6523,40442.3477
1705752000000,41531.9648,42500.5859,40563.3438
1705766400000,41467.9297,42281.8438,40654.0117
1705780800000,41402.5,41961.4258,40843.5742
1705795200000,41451.25,41965.9961,40936.5039
1705809600000,41475.9648,41985.8672,40966.0625
1705824000000,41526.0352,41970.6836,41081.3867
1705838400000,41556.7148,41972.3711,41141.0586
1705852800000,41578.0703,41995.1875,41160.957
1705867200000,41629.4648,41757.1523,41501.7734
1705881600000,41588.1445,41830.9727,41345.3125
1705896000000,41546.25,41923.1641,41169.3359
1705910400000,41488.5352,42028.9727,40948.0977
1705924800000,41427.0352,42081.6328,40772.4414
1705939200000,41300.5703,42369.125,40232.0156
1705953600000,41156.3555,42555.4453,39757.2695
1705968000000,41039.8555,42542.8711,39536.8438
1705982400000,40904.1445,42503.7383,39304.5469
1705996800000,40701,42571.3359,38830.6641
1706011200000,40526.25,42479,38573.5
1706025600000,40340.5352,42307.457,38373.6133
1706040000000,40213,42049.8359,38376.1641
1706054400000,40059.4297,41715.9219,38402.9375
1706068800000,39941.7852,41367.4648,38516.1055
1706083200000,39869.6797,41127.6953,38611.6641
1706097600000,39797.8203,40887.0352,38708.6094
1706112000000,39725.1445,40665.9141,38784.3711
1706126400000,39675.9297,40455.3477,38896.5117
1706140800000,39691.0352,40485.4883,38896.5859
1706155200000,39732.5352,40545.7227,38919.3516
1706169600000,39745.8945,40579.4062,38912.3789
1706184000000,39747.0352,40580.5938,38913.4805
1706198400000,39827.8945,40478.8984,39176.8906
1706212800000,39882.0352,40419.7305,39344.3438
1706227200000,39948.1445,40265.4141,39630.8711
1706241600000,39953.4648,40267.7344,39639.1953
1706256000000,40073.1445,40766.1445,39380.1445
1706270400000,40175.5,41129.5938,39221.4062
1706284800000,40308.1445,41661.2969,38954.9883
1706299200000,40434.5703,41974.3008,38894.8398
1706313600000,40578.6445,42217.332,38939.957
1706328000000,40694.5352,42398.5859,38990.4844
1706342400000,40819.4297,42553.2031,39085.6562
1706356800000,40940.5,42691.1016,39189.8984
1706371200000,41064.6055,42818.6641,39310.5508
1706385600000,41231.3555,42900.1641,39562.5469
1706400000000,41393.0703,42963.7539,39822.3906
1706414400000,41567.3555,42980.4609,40154.2539
1706428800000,41741.3203,42932.6133,40550.0273
1706443200000,41904.6797,42580.9414,41228.4141
1706457600000,41942.0352,42520.0469,41364.0273
1706472000000,41988.3555,42470.2383,41506.4766
1706486400000,42007.6445,42516.7695,41498.5156
1706500800000,42024.6445,42519.25,41530.0352
1706515200000,42056.2852,42542.9062,41569.6641
1706529600000,42123.4297,42643.9883,41602.8672
1706544000000,42212.1797,42847.5664,41576.793
1706558400000,42319.25,43117.0703,41521.4297
1706572800000,42434.5,43396.5039,41472.4961
1706587200000,42523,43568.668,41477.332
1706601600000,42616.2852,43758.1133,41474.457
1706616000000,42686.6055,43877.582,41495.6289
1706630400000,42762.4648,44018.7734,41506.1562
1706644800000,42812,44034.7422,41589.2578
1706659200000,42892.25,43970.5,41814
1706673600000,42964.6797,43927.3906,42001.9648
1706688000000,42986.6445,43901.2539,42072.0312
1706702400000,43081.5352,43841.1445,42321.9258
1706716800000,43159.1797,43760.9922,42557.3633
1706731200000,43153.2148,43777.3867,42529.043
1706745600000,43079.5352,43960.6328,42198.4414
1706760000000,42996.9297,43993.9609,41999.8984
1706774400000,42891.6445,43963.6914,41819.5938
1706788800000,42829.3203,43892.3203,41766.3242
1706803200000,42806.9297,43824.3203,41789.5391
1706817600000,42785.8555,43769.2422,41802.4727
1706832000000,42748.7148,43654.7695,41842.6562
1706846400000,42758.8945,43675.7344,41842.0508
1706860800000,42774.1797,43706.6562,41841.6992
1706875200000,42786.4648,43736.3906,41836.5391
1706889600000,42815.1055,43766.8672,41863.3477
1706904000000,42801.1797,43726.168,41876.1875
1706918400000,42788.5703,43689.543,41887.6016
1706932800000,42823.1445,43720.4453,41925.8398
1706947200000,42895.1797,43649.2578,42141.0977
1706961600000,42963.25,43590.2812,42336.2188
1706976000000,43034.8555,43382.957,42686.7578
1706990400000,43072.0703,43223.5234,42920.6211
1707004800000,43057.2852,43199.5469,42915.0273
1707019200000,43039.25,43233.7852,42844.7148
1707033600000,43041.5703,43234.9023,42848.2422
1707048000000,43029.3555,43235.9922,42822.7227
1707062400000,42992.25,43292.8477,42691.6523
1707076800000,42945.2148,43301.6406,42588.7852
1707091200000,42919.6797,43302.2812,42537.0742
1707105600000,42909.7852,43273.5664,42546.0039
1707120000000,42911.8555,43281.1797,42542.5352
1707134400000,42880.3945,43279.957,42480.8281
1707148800000,42863,43269.5469,42456.4531
1707163200000,42831.7148,43232.9492,42430.4805
1707177600000,42815.25,43201.9805,42428.5195
1707192000000,42803.9648,43179.3945,42428.5352
1707206400000,42789.5,43151.4297,42427.5703
1707220800000,42817.9297,43236.7461,42399.1133
1707235200000,42833.2852,43295.7891,42370.7812
1707249600000,42845.1445,43321.7148,42368.5703
1707264000000,42856.6797,43315.5273,42397.8281
1707278400000,42878.6797,43303.3281,42454.0312
1707292800000,42894.9648,43301.7773,42488.1484
1707307200000,42894.1797,43300.043,42488.3164
1707321600000,42924.1055,43450.8516,42397.3594
1707336000000,43048.7852,43912.5312,42185.0391
1707350400000,43177.25,44297.7539,42056.7461
1707364800000,43308.4648,44570.4609,42046.4688
1707379200000,43442.8555,44849.9062,42035.8086
1707393600000,43627.25,45311.8477,41942.6523
1707408000000,43805.4297,45617.3867,41993.4727
1707422400000,43953.8555,45879.3516,42028.3633
1707436800000,44151.9297,46302.9141,42000.9414
1707451200000,44374.8203,46669.5508,42080.0938
1707465600000,44689.4297,47205.0195,42173.8359
1707480000000,44996.7148,47588.3242,42405.1055
1707494400000,45327.8203,47941.0508,42714.5898
1707508800000,45622.8555,48049.6602,43196.0547
1707523200000,45894.3555,48197.8203,43590.8906
1707537600000,46097.25,48312.1445,43882.3555
1707552000000,46289.4297,48382.9648,44195.8906
1707566400000,46494.8945,48394.375,44595.4102
1707580800000,46699.6055,48375.6836,45023.5312
1707595200000,46867.1445,48459.9375,45274.3477
1707609600000,47101.0703,48651.832,45550.3125
1707624000000,47311.3203,48589.5039,46033.1406
1707638400000,47484.6797,48669.9688,46299.3867
1707652800000,47626.6445,48613.2773,46640.0078
1707667200000,47707.75,48712.9688,46702.5312
1707681600000,47791.9648,48794.3789,46789.5508
1707696000000,47838.1797,48846.2812,46830.0742
1707710400000,47916,48863.6719,46968.3281
1707724800000,47951.6445,48854.0273,47049.2578
1707739200000,48148.9297,49415.332,46882.5234
1707753600000,48315.8555,49651.3516,46980.3633
1707768000000,48500.5,49964.3867,47036.6133
1707782400000,48662.8555,50169.3008,47156.4141
1707796800000,48825.5352,50394.4219,47256.6523
1707811200000,48930.3945,50604.5625,47256.2227
1707825600000,48967.5703,50599.5273,47335.6172
1707840000000,49011.1445,50617.4961,47404.7891
1707854400000,49123.0352,50697.207,47548.8633
1707868800000,49213.8945,50731.5352,47696.25
1707883200000,49325.25,50795.4648,47855.0352
1707897600000,49569.8555,51305.1328,47834.5781
1707912000000,49812.8555,51678.5859,47947.1289
1707926400000,50085.7148,51861.6602,48309.7695
1707940800000,50222.6797,52212.7734,48232.582
1707955200000,50428.0703,52669.7305,48186.4141
1707969600000,50563.0703,52897.582,48228.5625
1707984000000,50748.3945,53223.7734,48273.0156
1707998400000,50888.2148,53406.3672,48370.0625
1708012800000,51035.1797,53573.3398,48497.0156
1708027200000,51265.4648,53495.1562,49035.7734
1708041600000,51500.8203,53422.4883,49579.1562
1708056000000,51648.75,53304.6992,49992.8008
1708070400000,51841.6797,53049.9883,50633.3672
1708084800000,51987.8203,52525.25,51450.3945
1708099200000,52000.6445,52507.5781,51493.7109
1708113600000,52038.25,52507.5234,51568.9766
1708128000000,52059.0352,52492.6445,51625.4258
1708142400000,52064.7148,52489.1602,51640.2695
1708156800000,52015.75,52427.0625,51604.4375
1708171200000,51957.2148,52614.832,51299.5938
1708185600000,51886.9648,52546.2227,51227.707
1708200000000,51866.4648,52529.7188,51203.2109
1708214400000,51825.75,52502.2773,51149.2227
1708228800000,51806.6055,52481.5703,51131.6445
1708243200000,51772.75,52379.0469,51166.4531
1708257600000,51772.25,52378.4414,51166.0586
1708272000000,51737.6055,52279.1914,51196.0234
1708286400000,51754.1797,52332.0156,51176.3438
1708300800000,51773.4297,52370.2031,51176.6523
1708315200000,51792.1055,52449.4648,51134.7461
1708329600000,51818.2148,52533.1172,51103.3086
1708344000000,51832.4648,52563.3672,51101.5625
1708358400000,51836.5703,52565.668,51107.4727
1708372800000,51887.8945,52463.2422,51312.543
1708387200000,51898.2852,52444.4375,51352.1328
1708401600000,51908.5352,52444.7891,51372.2812
1708416000000,51966.3945,52491.3203,51441.4648
1708430400000,51966.6797,52491.0195,51442.3359
1708444800000,51985.2148,52513.9648,51456.4648
1708459200000,52022.7148,52567.8164,51477.6094
1708473600000,52041.2852,52569.5,51513.0703
1708488000000,51999.8203,52571.1211,51428.5234
1708502400000,51923.6797,52699.2812,51148.0742
1708516800000,51833.4648,52649.0156,51017.9141
1708531200000,51742.3555,52584.1445,50900.5664
1708545600000,51726.5,52546.7227,50906.2773
1708560000000,51715.0352,52536.2617,50893.8086
1708574400000,51723.1055,52547.0977,50899.1133
1708588800000,51727.5352,52548.8945,50906.1758
1708603200000,51710.8555,52531.5195,50890.1953
1708617600000,51654.5,52406.5547,50902.4453
1708632000000,51626.1445,52398.8516,50853.4336
1708646400000,51553.4648,52311.5703,50795.3555
1708660800000,51455.2852,52140.8281,50769.7422
1708675200000,51398.7148,52008.4375,50788.9922
1708689600000,51352.4648,51995.2266,50709.7031
1708704000000,51361.7852,51986.0156,50737.5547
1708718400000,51332.3203,52027.0195,50637.625
1708732800000,51315.8555,52042.875,50588.8398
1708747200000,51258.1055,51913.3398,50602.875
1708761600000,51224.9648,51849.332,50600.5977
1708776000000,51174.5352,51695.6172,50653.4531
1708790400000,51172.6055,51687.0312,50658.1836
1708804800000,51171.8203,51683.5898,50660.0508
1708819200000,51182.3945,51728.1016,50636.6836
1708833600000,51215.75,51838.5234,50592.9766
1708848000000,51256.7852,51922.9766,50590.5938
1708862400000,51298.6055,51956.0938,50641.1211
1708876800000,51331.1055,52019.625,50642.5898
1708891200000,51390.4297,52077.0391,50703.8164
1708905600000,51423.4297,52096.7578,50750.1016
1708920000000,51463.4297,52029.0742,50897.7852
1708934400000,51480.5,51983.1914,50977.8086
1708948800000,51608.7852,52454.6016,50762.9688
1708963200000,51853.0352,53567.0273,50139.043
1708977600000,52095.7852,54244.5742,49947
1708992000000,52396.5,55250.2188,49542.7812
1709006400000,52719.4297,56111.8789,49326.9766
1709020800000,53072.1797,56949.4531,49194.9062
1709035200000,53431.7852,57675.7891,49187.7812
1709049600000,53840.3945,58424.375,49256.4102
1709064000000,54238.25,58919.0039,49557.4961
1709078400000,54616.4297,59272.2031,49960.6562
1709092800000,55087.2852,59829.0938,50345.4766
1709107200000,55620.8945,60340.4414,50901.3438
1709121600000,56317.2852,61160.4375,51474.1367
1709136000000,57027.1055,61501.8945,52552.3203
1709150400000,57716.3945,62399.957,53032.8281
1709164800000,58221.3203,62966.4258,53476.2148
1709179200000,58808.6797,63620.1602,53997.1953
1709193600000,59324.2148,64287.3008,54361.125
1709208000000,59803.7852,64733.5234,54874.0508
1709222400000,60168.1445,64848.7266,55487.5625
1709236800000,60486.5703,64800.7148,56172.4258
1709251200000,60757.5703,64728.7812,56786.3594
1709265600000,61072.8203,64497.6055,57648.0352
1709280000000,61428.4297,64019.0234,58837.8359
1709294400000,61642.1797,63602.8594,59681.4961
1709308800000,61875.6797,63224.2188,60527.1406
1709323200000,61976.6797,63275.4141,60677.9453
1709337600000,62075.4297,63280.0234,60870.832
1709352000000,62045.1055,63222.1016,60868.1133
1709366400000,62068.9648,63226.0859,60911.8438
1709380800000,62006.3555,63099.9258,60912.7891
1709395200000,61948.7852,62894.6758,61002.8945
1709409600000,61896.4297,62712.5547,61080.3047
1709424000000,61918.8945,62731.1094,61106.6758
1709438400000,61948.8555,62689.8281,61207.8867
1709452800000,62000.8555,62618.6406,61383.0742
1709467200000,62052.9297,62620.4961,61485.3594
1709481600000,62113.2852,62802.0703,61424.5039
1709496000000,62245.4648,63007.7578,61483.1719
1709510400000,62335.1797,63357.5391,61312.8164
1709524800000,62456.7852,63851.5508,61062.0195
1709539200000,62668.2148,64719.0586,60617.3672
1709553600000,62987.8555,65836.4453,60139.2656
1709568000000,63384.5,67003.9609,59765.0391
1709582400000,63849.7852,68182.9688,59516.6055
1709596800000,64283.3945,69071.8438,59494.9453
1709611200000,64582.6055,69311.5703,59853.6406
1709625600000,64922.1445,69550.6328,60293.6484
1709640000000,65291.4297,69643.6641,60939.1914
1709654400000,65263.5703,69705.4141,60821.7266
1709668800000,65377.2148,69579.6484,61174.7812
1709683200000,65418.1797,69530.3516,61306.0039
1709697600000,65674.1406,69647.2969,61700.9883
1709712000000,65950.7891,69836.3672,62065.2031
1709726400000,66120.8594,69886.8047,62354.9102
1709740800000,66227.6094,69988.1094,62467.1055
1709755200000,66196.25,69951.3281,62441.1758
1709769600000,66082.1094,69764.0234,62400.1914
1709784000000,65945.25,69408.4531,62482.043
1709798400000,65854.1094,69126.6484,62581.5625
1709812800000,65931.1797,69290.9141,62571.4453
1709827200000,65991.1094,69438.2734,62543.9414
1709841600000,66000.1406,69456.9375,62543.3516
1709856000000,66408.6094,68872.7578,63944.457
1709870400000,66663.8906,68716.7109,64611.0742
1709884800000,66984.5703,68068.1172,65901.0234
1709899200000,67054.1797,68201.8359,65906.5234
1709913600000,67169.0703,68704.1016,65634.0391
1709928000000,67294.4297,68893.2188,65695.6328
1709942400000,67406.0703,69087.8359,65724.3125
1709956800000,67571.6406,69183.0781,65960.2109
1709971200000,67754.8203,69149.3203,66360.3203
1709985600000,67897.3203,69142.5781,66652.0625
1710000000000,67995.9609,69165.0156,66826.9062
1710014400000,68076.2109,69216.2578,66936.1719
1710028800000,68198.5703,69476.6953,66920.4453
1710043200000,68380.7109,69638.0625,67123.3594
1710057600000,68560.3594,69847.0625,67273.6484
1710072000000,68699.1797,69875.6406,67522.7188
1710086400000,68819.1406,69981.0703,67657.2188
1710100800000,68915.0703,69924.2578,67905.8828
1710115200000,68889.8594,69902.2891,67877.4297
1710129600000,69093.8203,70590.375,67597.2656
1710144000000,69322,71257.7656,67386.2344
1710158400000,69579.6094,71913.7734,67245.4453
1710172800000,69836.1797,72416.1953,67256.1641
1710187200000,70101.4297,72827.7812,67375.0703
1710201600000,70337.8906,73008.0156,67667.7656
1710216000000,70603.6406,73226.7656,67980.5156
1710230400000,70804.5703,73439.125,68170.0156
1710244800000,70965.0703,73542.2656,68387.875
1710259200000,71081.9297,73580.7578,68583.0938
1710273600000,71235.9609,73549.4844,68922.4453
1710288000000,71420.7109,73578.3438,69263.0859
1710302400000,71698.5,73576.0234,69820.9766
1710316800000,72020.3906,73104.2578,70936.5312
1710331200000,72134.25,73168.0781,71100.4219
1710345600000,72268.0391,73476.7188,71059.3516
1710360000000,72344.6094,73629.25,71059.9609
1710374400000,72436.6797,73817.0469,71056.3047
1710388800000,72517.7891,73962.9219,71072.6484
1710403200000,72610.3594,74002.8828,71217.8281
1710417600000,72517.6406,74154.75,70880.5391
1710432000000,72327.6797,74590.0547,70065.3047
1710446400000,72304.4297,74595.5312,70013.3203
1710460800000,72076.1094,75171.7109,68980.5078
1710475200000,71858.1797,75468.3359,68248.0234
1710489600000,71544.7109,75717.3594,67372.0703
1710504000000,71200.8906,75624.4141,66777.375
1710518400000,70901.5,75310.6328,66492.3672
1710532800000,70672.6797,75004.5,66340.8516
1710547200000,70368.8203,74453.3359,66284.3047
1710561600000,70104.8594,73903.5781,66306.1406
1710576000000,69739.4609,73173.8203,66305.1094
1710590400000,69389.4609,72238.9688,66539.9609
1710604800000,68955.5703,71266.4688,66644.6797
1710619200000,68555.2891,71274.5234,65836.0469
1710633600000,68347.5703,71191.3516,65503.793
1710648000000,67932.5391,70529.3359,65335.7344
1710662400000,67842.5391,70480.3281,65204.7422
1710676800000,67806.6797,70423.3516,65190.0039
1710691200000,67862.6094,70506.3594,65218.8555
1710705600000,67877.2109,70530.1094,65224.3203
1710720000000,67802.8906,70382.125,65223.6602
1710734400000,67707.2109,70112.9844,65301.4414
1710748800000,67635.8594,69910.0156,65361.6953
1710763200000,67496.3594,69534.1172,65458.5977
1710777600000,67401.3594,69410.5469,65392.1719
1710792000000,67343.2891,69276.0859,65410.4883
1710806400000,67270.3203,69331.9453,65208.6992
1710820800000,67226,69472.5078,64979.4922
1710835200000,66975.9609,70072.5625,63879.3672
1710849600000,66861.7109,70251.2891,63472.1445
1710864000000,66679.5,70295.1797,63063.8164
1710878400000,66248.25,70528.9609,61967.5391
1710892800000,65769.9609,70399.625,61140.3047
1710907200000,65382.0703,69979.7031,60784.4375
1710921600000,65054.3945,69520.1328,60588.6562
1710936000000,64726.5,68878.9453,60574.0547
1710950400000,64553.1445,68283.7656,60822.5156
1710964800000,64580.1797,68400.3359,60760.0234
1710979200000,64560.4297,68334.2422,60786.6172
1710993600000,64516.3203,68158.4844,60874.1602
1711008000000,64598.3555,68410.5625,60786.1523
1711022400000,64734.3945,68683.6406,60785.1445
1711036800000,64890.8555,68737.7734,61043.9414
1711051200000,64996.5703,68825.4453,61167.6953
1711065600000,65111.6055,68959.625,61263.5898
1711080000000,65418.4648,68864.625,61972.3008
1711094400000,65590.7109,68506.1016,62675.3281
1711108800000,65658.3906,68362.3047,62954.4805
1711123200000,65695.9297,68284.4375,63107.418
1711137600000,65710.75,68253.625,63167.8789
1711152000000,65552.7891,68313.3359,62792.2383
1711166400000,65321.25,67790.0234,62852.4766
1711180800000,65180.2852,67550.7188,62809.8516
1711195200000,65048.4297,67194.8672,62901.9883
1711209600000,64894.0703,66726.6797,63061.4609
1711224000000,64708.75,66327.7344,63089.7656
1711238400000,64619.0703,66242.7422,62995.4023
1711252800000,64556.7852,66102.4609,63011.1094
1711267200000,64512.4648,65917.0312,63107.9023
1711281600000,64475.7148,65717.2109,63234.2188
1711296000000,64592.1797,66022.4375,63161.918
1711310400000,64832.7852,66764.2109,62901.3594
1711324800000,65084.0352,67353.4297,62814.6406
1711339200000,65302.8555,67637.0156,62968.7031
1711353600000,65536.2891,67800.1484,63272.4219
1711368000000,65910.5703,69029.2266,62791.9141
1711382400000,66367.2109,70379.1562,62355.2734
1711396800000,66709.1797,71050.6016,62367.7578
1711411200000,67108.3203,71730.1953,62486.4453
1711425600000,67577.8906,72177.5234,62978.2617
1711440000000,68059.0391,72472.7031,63645.3711
1711454400000,68464.2109,72582.5469,64345.8867
1711468800000,68758.1797,72532.375,64983.9844
1711483200000,69069.3906,72486.7266,65652.0625
1711497600000,69394.25,72378.2656,66410.2344
1711512000000,69574.1797,72318.8047,66829.5469
1711526400000,69781,72270.75,67291.25
1711540800000,69923.5391,71914.7656,67932.3047
1711555200000,70050.7109,71358.3828,68743.0469
1711569600000,70025.1094,71358.9219,68691.2891
1711584000000,69898.9297,71141.1562,68656.6953
1711598400000,69934.3203,71206.8516,68661.7891
1711612800000,69949.2891,71252.1719,68646.4062
1711627200000,70003,71457.8672,68548.1328
1711641600000,70010.0703,71480.2891,68539.8516
1711656000000,70049.0703,71577.9531,68520.1875
1711670400000,70120.4297,71635.9531,68604.9062
1711684800000,70108,71628.1016,68587.8984
1711699200000,70093.2891,71604.2656,68582.3047
1711713600000,70054.0391,71621.8672,68486.2031
1711728000000,70015.1094,71581.75,68448.4609
1711742400000,70089.5703,71529.3828,68649.7578
1711756800000,70177.0703,71390,68964.1484
1711771200000,70207.3906,71373.5703,69041.2109
1711785600000,70277.1094,71332.3828,69221.8359
1711800000000,70253.75,71308.6172,69198.8828
1711814400000,70202.5703,71235.2578,69169.8828
1711828800000,70084.75,70937.9688,69231.5312
1711843200000,70022.5,70763.0312,69281.9688
1711857600000,69988.2109,70603.0469,69373.3828
1711872000000,69984.1797,70585.7812,69382.5781
1711886400000,70025.4297,70672.3438,69378.5156
1711900800000,70091.3906,70959.75,69223.0391
1711915200000,70245.6797,71216.6797,69274.6797
1711929600000,70309.25,71264.8203,69353.6797
1711944000000,70290.0703,71285,69295.1406
1711958400000,70265.9609,71313.8359,69218.0938
1711972800000,70145.9609,71613.6172,68678.3125
1711987200000,70105.6797,71586.375,68624.9844
1712001600000,70079.4609,71572.1172,68586.8125
1712016000000,69846.9297,72131.5,67562.3594
1712030400000,69619.3203,72486.5,66752.1406
1712044800000,69308.8594,72821.8047,65795.9141
1712059200000,68915.8594,73037.0234,64794.6875
1712073600000,68591.5391,72887.6172,64295.4531
1712088000000,68233.7109,72677.9531,63789.4727
1712102400000,67882.8906,72119.5859,63646.1953
1712116800000,67509.6094,71342.0781,63677.1367
1712131200000,67183.5703,70645.9141,63721.2266
1712145600000,66910.3203,70142.3516,63678.2891
1712160000000,66642.8906,69561.9297,63723.8555
1712174400000,66477,69269.4453,63684.5547
1712188800000,66184.1797,68340.3203,64028.0352
1712203200000,65920.25,66794.5391,65045.957
1712217600000,65892.4297,66682.9766,65101.8828
1712232000000,65973.0703,67134.8047,64811.3398
1712246400000,66177.2891,67898.0391,64456.5352
1712260800000,66434.1797,68367,64501.3516
1712275200000,66572.1797,68610.3203,64534.0352
1712289600000,66675.3906,68621.1406,64729.6445
1712304000000,66691.9609,68626.6719,64757.2578
1712318400000,66837.5391,68897.5312,64777.543
1712332800000,66927.8203,68961.1406,64894.5039
1712347200000,67069.6797,69056.0625,65083.2969
1712361600000,67210.8906,69095.9297,65325.8555
1712376000000,67358.2891,69143.9531,65572.6172
1712390400000,67504.1797,69011.6406,65996.7188
1712404800000,67650.7109,68946.0312,66355.3984
1712419200000,67787.4297,68889.2656,66685.5938
1712433600000,67878.5,69112.8828,66644.1172
1712448000000,67943.6094,69379.9766,66507.2344
1712462400000,68007.9609,69606.4688,66409.4609
1712476800000,68117.8203,69862.0078,66373.6328
1712491200000,68309,70064.2656,66553.7344
1712505600000,68493.5703,69958.6953,67028.4453
1712520000000,68575.8203,70097.0391,67054.6094
1712534400000,68725.3594,70148.9375,67301.7812
1712548800000,68933.75,70602.4688,67265.0312
1712563200000,69266.9609,71609.3359,66924.5938
1712577600000,69538.7109,72105.3516,66972.0703
1712592000000,69833.25,72419.6719,67246.8281
1712606400000,70089.1094,72646.0078,67532.2031
1712620800000,70308.9297,72721.3516,67896.5078
1712635200000,70416.2109,72697.7031,68134.7266
1712649600000,70516,72732.6953,68299.3047
1712664000000,70508.4297,72741.2344,68275.625
1712678400000,70480.8203,72777.1094,68184.5312
1712692800000,70447.9297,72807.3828,68088.4766
1712707200000,70457.0391,72795.8906,68118.1797
1712721600000,70455.7891,72796.9922,68114.5781
1712736000000,70430,72822.0469,68037.9531
1712750400000,70279.4297,72833.5938,67725.2578
1712764800000,70108.4297,72362.2578,67854.6016
1712779200000,70024,72097.6719,67950.3281
1712793600000,69956.75,71850.0625,68063.4375
1712808000000,69890.0391,71592.2188,68187.8516
1712822400000,69794.3906,71301.6094,68287.1797
1712836800000,69764.6797,71239.2109,68290.1484
1712851200000,69740.0703,71155,68325.1406
1712865600000,69790.6094,71186.0312,68395.1875
1712880000000,69932.9297,71381.9844,68483.875
1712894400000,70052.6406,71488.9844,68616.2969
1712908800000,70174.1094,71584.8125,68763.4062
1712923200000,70170.7109,71589.5625,68751.8672
1712937600000,70007.8594,72197.0312,67818.6797
1712952000000,69899.9297,72465.7734,67334.0781
1712966400000,69692.25,72620.1953,66764.3047
1712980800000,69464.7109,72556.4766,66372.9531
1712995200000,69214.2891,72383.7969,66044.7734
1713009600000,68995.4297,72135.2109,65855.6484
1713024000000,68623.0703,72378.5781,64867.5625
1713038400000,68193.5703,72555.7656,63831.3789
1713052800000,67693.8906,72486.8203,62900.9688
1713067200000,67300.7891,72180.0625,62421.5078
1713081600000,66815.2109,71476.6641,62153.7656
1713096000000,66342.5391,70621.25,62063.8203
1713110400000,65861.4609,69445.6328,62277.293
1713124800000,65604.6406,68639.6641,62569.625
1713139200000,65487.9648,68452.5078,62523.418
1713153600000,65428.5352,68291.1172,62565.9531
1713168000000,65338.75,68055.4844,62622.0117
1713182400000,65134.5703,67606.3516,62662.7891
1713196800000,64845.4297,67157.8984,62532.957
1713211200000,64542.25,66345.625,62738.8711
1713225600000,64415,66378.3359,62451.6602
1713240000000,64383.3945,66388.2734,62378.5117
1713254400000,64356.0352,66420.1719,62291.8984
1713268800000,64162.6055,66615.0312,61710.1797
1713283200000,64058.5352,66618.1172,61498.9531
1713297600000,64031.3945,66593.5156,61469.2656
1713312000000,64009.5352,66572.3438,61446.7305
1713326400000,63836.6445,66240.3828,61432.8984
1713340800000,63649.9297,66012.2344,61287.6211
1713355200000,63219.8945,65691.2109,60748.5742
1713369600000,62869.3203,65108.8164,60629.8281
1713384000000,62631.4297,64797.5391,60465.3203
1713398400000,62536.4648,64694.3516,60378.5781
1713412800000,62374.3203,64578.2695,60170.3711
1713427200000,62345.1445,64526.0938,60164.1914
1713441600000,62343.25,64520.1406,60166.3594
1713456000000,62372.3555,64598.0391,60146.6758
1713470400000,62493.9297,64760.7109,60227.1445
1713484800000,62425.0352,64716.5703,60133.5
1713499200000,62479.3203,64928.6758,60029.9688
1713513600000,62552.6055,65213.5781,59891.6367
1713528000000,62635.5352,65450.4258,59820.6484
1713542400000,62759.0703,65700.3203,59817.8281
1713556800000,63011.4648,65645.9766,60376.9492
1713571200000,63223.2148,65637.9531,60808.4766
1713585600000,63416.0352,65590.4766,61241.5898
1713600000000,63539.6445,65561.7266,61517.5586
1713614400000,63800.5703,65435.6016,62165.543
1713628800000,63963.7852,65536.875,62390.6914
1713643200000,64066.5703,65692.0625,62441.082
1713657600000,64188.1445,65874.6094,62501.6758
1713672000000,64306.4648,66008.2812,62604.6484
1713686400000,64553.2148,65582.8672,63523.5625
1713700800000,64586.6055,65644.2656,63528.9492
1713715200000,64562.0352,65607.8125,63516.2617
1713729600000,64597.1055,65657.6562,63536.5586
1713744000000,64697.4297,65884.0469,63510.8125
1713758400000,64853.5352,66102.8359,63604.2344
1713772800000,64992.6445,66239.7891,63745.5
1713787200000,65138.3203,66342.0859,63934.5586
1713801600000,65339.4297,66449.5859,64229.2695
1713816000000,65482.5,66786.5781,64178.4219
1713830400000,65593.4609,66934.8828,64252.0469
1713844800000,65677.2891,66990.8906,64363.6836
1713859200000,65738.2109,67034.0234,64442.4062
1713873600000,65829.3594,67120.8594,64537.8555
1713888000000,65917.0391,67199.6953,64634.375
1713902400000,66015.9297,67218.4531,64813.4062
1713916800000,66164.8906,67075.1484,65254.6367
1713931200000,66284.5,66914.2578,65654.7422
1713945600000,66345.8203,66899.5547,65792.0938
1713960000000,66243.7891,67310.5781,65176.9922
1713974400000,66102.25,67707.8828,64496.6172
1713988800000,65976.6797,67849.3047,64104.0469
1714003200000,65814.4609,67859.0547,63769.875
1714017600000,65610.9609,67777.6016,63444.3242
1714032000000,65424.8203,67723.1641,63126.4766
1714046400000,65281.3203,67640.1953,62922.4453
1714060800000,65186.1445,67522.4766,62849.8125
1714075200000,65046.3555,67306.8516,62785.8672
1714089600000,64896.75,67038.7969,62754.707
1714104000000,64742.1445,66732.9609,62751.3203
1714118400000,64571.1055,66280.4766,62861.7422
1714132800000,64344.5703,65720.9922,62968.1523
1714147200000,64140.0703,64805.7305,63474.4102
1714161600000,64079.4648,64734.8555,63424.0742
1714176000000,64018,64860.0625,63175.9375
1714190400000,63924.6055,64924.4805,62924.7344
1714204800000,63822.7148,64954.8398,62690.5859
1714219200000,63746.8203,64967.5898,62526.0547
1714233600000,63709.1055,64950.9453,62467.2695
1714248000000,63658.1445,64889.6562,62426.6289
1714262400000,63607.4648,64714.3281,62500.6016
1714276800000,63565.9297,64583.3086,62548.5508
1714291200000,63500.5,64418.1211,62582.8789
1714305600000,63447.0352,64267.5859,62626.4844
1714320000000,63410.5703,64129.4688,62691.6758
1714334400000,63383.6055,64124.207,62643.0078
1714348800000,63279.0352,64203.2148,62354.8594
1714363200000,63184.2148,64180.2422,62188.1875
1714377600000,63125.5352,64236.4453,62014.625
1714392000000,63132.5,64239.5977,62025.4023
1714406400000,63142.0703,64240.2891,62043.8555
1714420800000,63205.7852,64345.4727,62066.1016
1714435200000,63227.2852,64383.8984,62070.6758
1714449600000,63207.4648,64361.7852,62053.1445
1714464000000,63006.5352,64477.1445,61535.9258
1714478400000,62782.5352,64579.2266,60985.8438
1714492800000,62480.1055,65006.7266,59953.4844
1714507200000,62276.0703,64901.6445,59650.4961
1714521600000,62022.5352,64729.5273,59315.543
1714536000000,61619.2852,65145.168,58093.4023
1714550400000,61305.1797,65307.3867,57302.9727
1714564800000,60906.4648,65471.1914,56341.7344
1714579200000,60523.5,65464.4336,55582.5664
1714593600000,60181.0703,65044.6875,55317.4531
1714608000000,59781.9297,64588.418,54975.4375
1714622400000,59339.1797,63704.5781,54973.7812
1714636800000,58976.9297,62658.3438,55295.5117
1714651200000,58700.4297,61595.5234,55805.3359
1714665600000,58568.8203,61150.9492,55986.6953
1714680000000,58447.25,60756.3789,56138.1211
1714694400000,58482.5,60851.4219,56113.5781
1714708800000,58377.3945,60468.8555,56285.9336
1714723200000,58314.1797,60232.5781,56395.7773
1714737600000,58619.1445,61134.125,56104.1641
1714752000000,58922.3555,61956.7422,55887.9727
1714766400000,59356.6055,62770.418,55942.7969
1714780800000,59772.5352,63289.0586,56256.0117
1714795200000,60111.2148,63873.7305,56348.6953
1714809600000,60576.4297,64471.7109,56681.1445
1714824000000,61005.6055,64819.2656,57191.9492
1714838400000,61390.5703,65211.5547,57569.5859
1714852800000,61721.7148,65543.6875,57899.7383
1714867200000,61999.1797,65649.8516,58348.5078
1714881600000,62335.8555,65686.1484,58985.5664
1714896000000,62632.7148,65723.8984,59541.5273
1714910400000,63008.7852,65554.3516,60463.2188
1714924800000,63336.4297,64845.2812,61827.5781
1714939200000,63501.9648,64732.9141,62271.0117
1714953600000,63627.75,64580.9531,62674.5469
1714968000000,63745.6445,64709.6953,62781.5938
1714982400000,63854.5703,64646.0742,63063.0664
1714996800000,63901.1797,64542.2109,63260.1484
1715011200000,63852.3945,64590.9648,63113.8242
1715025600000,63817.8555,64638.7852,62996.9297
1715040000000,63766.5352,64645.5391,62887.5352
1715054400000,63750.8945,64629.2695,62872.5156
1715068800000,63767.2852,64613.8555,62920.7148
1715083200000,63764.4648,64611.5977,62917.332
1715097600000,63705.5703,64629.2656,62781.875
1715112000000,63553.3945,64637.0391,62469.7461
1715126400000,63482.7148,64604.8867,62360.5391
1715140800000,63352.9297,64615.8516,62090.0039
1715155200000,63236.1797,64595.0391,61877.3164
1715169600000,63072.6055,64313.375,61831.8398
1715184000000,62925.1445,64075.1797,61775.1055
1715198400000,62747.0352,64151.8555,61342.2188
1715212800000,62635,64127.8984,61142.1016
1715227200000,62497.8555,64130.4414,60865.2734
1715241600000,62342.4648,64091.0156,60593.9141
1715256000000,62234.3555,63824.1406,60644.5742
1715270400000,62161.75,63608.207,60715.293
1715284800000,62114.6055,63389.8164,60839.3984
1715299200000,62103.2852,63348.0586,60858.5117
1715313600000,62157.1797,63493.4102,60820.9453
1715328000000,62185.25,63594.9492,60775.5508
1715342400000,62092.8555,63651.8906,60533.8203
1715356800000,61981.75,63705.168,60258.332
1715371200000,61875.8555,63700.9883,60050.7266
1715385600000,61771.6055,63686.5977,59856.6172
1715400000000,61761.0703,63691.5703,59830.5703
1715414400000,61691.7148,63705.2031,59678.2266
1715428800000,61686.8555,63705.3047,59668.4062
1715443200000,61693.5352,63703.6758,59683.3945
1715457600000,61596.6055,63640.9961,59552.2188
1715472000000,61485.75,63503.543,59467.957
1715486400000,61323.3945,63172.2461,59474.5391
1715500800000,61196.5703,62833.2969,59559.8477
1715515200000,61077.0352,62359.4922,59794.5781
1715529600000,60941.8945,61419.1953,60464.5898
1715544000000,60980.1445,61517.5312,60442.7578
1715558400000,61013.0703,61521.8516,60504.293
1715572800000,61123.25,61940.7812,60305.7188
1715587200000,61266.9297,62382.7148,60151.1406
1715601600000,61409.2148,62815.207,60003.2188
1715616000000,61587.5352,63184,59991.0703
1715630400000,61713.6797,63423.9414,60003.418
1715644800000,61808.0703,63520.6211,60095.5195
1715659200000,61892.8945,63509.8125,60275.9727
1715673600000,61954.4297,63476.3164,60432.5391
1715688000000,62022.75,63405.5156,60639.9844
1715702400000,62054.75,63369.7852,60739.7148
1715716800000,62065.0352,63360.9609,60769.1094
1715731200000,62103.5352,63345.9766,60861.0938
1715745600000,62156,63340.5938,60971.4062
1715760000000,62250.5,63289.4922,61211.5078
1715774400000,62421.9297,64059.3164,60784.5391
1715788800000,62659.6797,65140.4023,60178.957
1715803200000,62890.9648,65976.8594,59805.0664
1715817600000,63094.1055,66570.5391,59617.6797
1715832000000,63325.6055,67136.7656,59514.4531
1715846400000,63618.1055,67726.9766,59509.2383
1715860800000,63893.5,68041.5781,59745.4258
1715875200000,64137.0352,68150.9531,60123.1133
1715889600000,64386.5703,68199.625,60573.5156
1715904000000,64674.0703,68182.7891,61165.3555
1715918400000,65022.5703,68160.7891,61884.3555
1715932800000,65330.6797,67999.0312,62662.3281
1715947200000,65690.3594,67865.4609,63515.2578
1715961600000,66019.7109,67360.75,64678.6797
1715976000000,66184.9609,67401.1016,64968.8242
1715990400000,66250.2891,67523.2422,64977.332
1716004800000,66296.9609,67608.6562,64985.2695
1716019200000,66382.75,67758.8281,65006.6758
1716033600000,66429.6406,67815.1641,65044.1211
1716048000000,66456.5391,67863.0312,65050.0391
1716062400000,66532.5703,67910.2734,65154.8711
1716076800000,66673.8203,67849.5234,65498.1211
1716091200000,66824.1094,67724.1172,65924.0938
1716105600000,66948.9297,67558.75,66339.1094
1716120000000,66983.8594,67516.0156,66451.6953
1716134400000,66968.3906,67592.3516,66344.4297
1716148800000,66900.5703,67610.4531,66190.6875
1716163200000,66872.1797,67588.0547,66156.2969
1716177600000,66857.1094,67568.9844,66145.2266
1716192000000,66860.5,67574.4844,66146.5156
1716206400000,66899.6406,67669.0234,66130.2656
1716220800000,67105.3906,68915.1719,65295.6133
1716235200000,67438.5391,70309.6406,64567.4336
1716249600000,67752.0703,71218.0547,64286.0859
1716264000000,68038.5703,71822.3438,64254.8008
1716278400000,68325.8906,72392.0859,64259.6992
1716292800000,68508.5703,72608.1484,64408.9961
1716307200000,68648.8906,72710.6484,64587.1406
1716321600000,68883.8906,72892.5547,64875.2305
1716336000000,69168.4609,72874.9141,65462.0156
1716350400000,69418.25,72757.0078,66079.4922
1716364800000,69640.75,72606.2422,66675.2578
1716379200000,69903.2891,72438.1406,67368.4297
1716393600000,70094.1406,72062.9141,68125.3672
1716408000000,70220.6797,71634.2266,68807.1328
1716422400000,70176.8906,71643.0234,68710.7578
1716436800000,70053.6406,71344.5391,68762.7422
1716451200000,69961.8906,71054.8125,68868.9766
1716465600000,69759.6094,71099.1797,68420.0391
1716480000000,69475.4297,71153.1328,67797.7266
1716494400000,69340.3594,71163.4141,67517.3047
1716508800000,69240.1797,71212.2188,67268.1406
1716523200000,69024.6406,71187.5312,66861.7578
1716537600000,68836.2109,71086.3516,66586.0781
1716552000000,68735.2109,70939.5,66530.9297
1716566400000,68690.4297,70833.8438,66547.0156
1716580800000,68554.6406,70453.8047,66655.4766
1716595200000,68492.25,70296.4219,66688.0781
1716609600000,68462.25,70232.7969,66691.7031
1716624000000,68438.8906,70164.2266,66713.5625
1716638400000,68384.1094,69984.5781,66783.6406
1716652800000,68326.7891,69736.5547,66917.0156
1716667200000,68416.1406,69906.7656,66925.5234
1716681600000,68554.6094,69914.4141,67194.7969
1716696000000,68652.6797,70033.7656,67271.5859
1716710400000,68743.1797,70076,67410.3516
1716724800000,68864.4297,69869.9297,67858.9219
1716739200000,68974.5391,69533.7812,68415.2891
1716753600000,68986.7891,69494.2656,68479.3047
1716768000000,68969.8594,69471.8125,68467.8984
1716782400000,68975.75,69460.9688,68490.5312
1716796800000,68950.6797,69503.0156,68398.3359
1716811200000,69066.6094,69980.1172,68153.0938
1716825600000,69076.4297,69995.5234,68157.3281
1716840000000,69109.4609,70044.7812,68174.1484
1716854400000,69027.3203,70105.3984,67949.25
1716868800000,68909.5703,70175.5938,67643.5469
1716883200000,68856.1406,70145.3906,67566.8906
1716897600000,68784.3203,70064.2891,67504.3594
1716912000000,68732.3203,70007.7031,67456.9453
1716926400000,68698.1797,69983.2344,67413.1172
1716940800000,68692.8594,69975.1875,67410.5312
1716955200000,68650.1094,69993.3594,67306.8516
1716969600000,68567.1797,69979.7969,67154.5625
1716984000000,68475.8594,70011.6875,66940.0234
1716998400000,68390.8906,70051.6719,66730.1094
1717012800000,68191.8203,69469.9531,66913.6953
1717027200000,68108.8203,69238.25,66979.3984
1717041600000,67976.1797,68859.3828,67092.9766
1717056000000,67957,68844.0859,67069.9141
1717070400000,68019.1094,68940.0547,67098.1641
1717084800000,68042.3906,69012.8047,67071.9844
1717099200000,68043.5391,69015.4766,67071.6016
1717113600000,68050.5,69034.5234,67066.4766
1717128000000,68035.0703,69004.2578,67065.8828
1717142400000,68000.1094,68884.7031,67115.5156
1717156800000,67948.6797,68928.1562,66969.2031
1717171200000,67940.0391,68928.8125,66951.2578
1717185600000,67948.25,68920.2188,66976.2812
1717200000000,67980.25,68885.5,67075
1717214400000,67980.2109,68885.5234,67074.9062
1717228800000,67948.1797,68864.7344,67031.625
1717243200000,67954.9297,68861.9062,67047.9453
1717257600000,67952.1406,68861.3984,67042.8906
1717272000000,67895.5391,68746.6797,67044.3984
1717286400000,67829.25,68556.1875,67102.3125
1717300800000,67780.5,68443.2109,67117.7891
1717315200000,67761.5391,68349.4922,67173.5781
1717329600000,67760.25,68344.7031,67175.7969
1717344000000,67718.1094,68208.6875,67227.5312
1717358400000,67759.1094,68150.3281,67367.8828
1717372800000,67816.2891,68325.1797,67307.3906
1717387200000,67917.75,68650.9531,67184.5469
1717401600000,68019.8203,68968.8828,67070.7578
1717416000000,68166.6406,69404.6484,66928.6328
1717430400000,68280.3203,69600.8906,66959.7578
1717444800000,68363.5391,69667.8906,67059.1797
1717459200000,68467.2109,69790.1562,67144.2734
1717473600000,68558.6797,69848.2344,67269.125
1717488000000,68644.5703,69870.6562,67418.4922
1717502400000,68844.6094,70280.0312,67409.1875
1717516800000,69004.3906,70627.2734,67381.5078
1717531200000,69178.3906,70916.4609,67440.3281
1717545600000,69411.5391,71192.2891,67630.7812
1717560000000,69661.2109,71424.9922,67897.4375
1717574400000,69845.8594,71592.1562,68099.5625
1717588800000,70039.2891,71926.9297,68151.6484
1717603200000,70197.4297,72123.7578,68271.0938
1717617600000,70303.3594,72262.4297,68344.2812
1717632000000,70436.1406,72343.3516,68528.9297
1717646400000,70596.2891,72307.0703,68885.5
1717660800000,70741.1094,72290.2031,69192.0078
1717675200000,70906.2109,72156.1719,69656.2578
1717689600000,71015.6406,71716,70315.2891
1717704000000,71038.8594,71688.0547,70389.6641
1717718400000,71077.5703,71651.9141,70503.2266
1717732800000,71116.1094,71622.0781,70610.1328
1717747200000,71167.9297,71760.0625,70575.7891
1717761600000,71158.7891,71749.2734,70568.2969
1717776000000,71034.1797,72178.6797,69889.6797
1717790400000,70871.1406,72255.6641,69486.6172
1717804800000,70734.5,72274.9844,69194.0156
1717819200000,70623.6094,72251.8125,68995.4062
1717833600000,70502.4297,72217.8359,68787.0234
1717848000000,70385.5,72149.2891,68621.7109
1717862400000,70261.3203,72015.2734,68507.3672
1717876800000,70118.0703,71821.2891,68414.8516
1717891200000,70031.3906,71770.6641,68292.125
1717905600000,69926.0703,71640.4531,68211.6875
1717920000000,69810.8594,71425.9844,68195.7266
1717934400000,69697.1797,71140.6797,68253.6797
1717948800000,69555,70460.125,68649.875
1717963200000,69451.8203,69727.6562,69175.9844
1717977600000,69478.9609,69748.6719,69209.2578
1717992000000,69478.8594,69748.7812,69208.9375
1718006400000,69484.9297,69753.9141,69215.9453
1718020800000,69519.5703,69924.2188,69114.9219
1718035200000,69526.5703,69927.0391,69126.1016
1718049600000,69532.5,69930.4453,69134.5547
1718064000000,69457.8906,70146.2031,68769.5859
1718078400000,69330.5391,70529.4141,68131.6562
1718092800000,69157.4297,70904.7344,67410.125
1718107200000,68935.8594,71232.8359,66638.875
1718121600000,68792.0703,71199.0859,66385.0547
1718136000000,68635.5,71112.8516,66158.1484
1718150400000,68469.8594,70939.0859,66000.625
1718164800000,68311.9297,70733.3359,65890.5156
1718179200000,68178.8203,70496.2188,65861.4219
1718193600000,68207.3203,70590.25,65824.3906
1718208000000,68067.6797,70355.1641,65780.1875
1718222400000,67937.5,69943.4531,65931.5469
1718236800000,67791.75,69606.3125,65977.1875
1718251200000,67663.3594,69201.5234,66125.1953
1718265600000,67612.9609,69090.4922,66135.4375
1718280000000,67536.0391,69125.1406,65946.9297
1718294400000,67516.3594,69144.5312,65888.1797
1718308800000,67553.9609,69083.9844,66023.9453
1718323200000,67505.7891,69092.6406,65918.9297
1718337600000,67474.3594,69089.9922,65858.7188
1718352000000,67444.9609,69078.1094,65811.8203
1718366400000,67367,69089.5859,65644.4141
1718380800000,67204.9609,69154.7812,65255.1523
1718395200000,66937.6094,68383,65492.2148
1718409600000,66841.8594,68287.5078,65396.2031
1718424000000,66681.6094,67953.4062,65409.8086
1718438400000,66595.75,67803.3281,65388.1719
1718452800000,66490.9609,67529.0078,65452.918
1718467200000,66374.4609,67161.9453,65586.9844
1718481600000,66351.75,67144.0781,65559.4219
1718496000000,66315.1094,67107.4219,65522.793
1718510400000,66274.4297,67027.0391,65521.8203
1718524800000,66252.5,66967.3281,65537.6719
1718539200000,66233.75,66890.7188,65576.7812
1718553600000,66195.7109,66715.3594,65676.0703
1718568000000,66212.2891,66767.8125,65656.7578
1718582400000,66258.1797,66657.625,65858.7344
1718596800000,66265.25,66649.4062,65881.0938
1718611200000,66232.1406,66697.9297,65766.3594
1718625600000,66183.3203,66837.7266,65528.9141
1718640000000,66209.2109,66902.7266,65515.6992
1718654400000,66224.5,66931.4766,65517.5273
1718668800000,66179.3203,66984.3438,65374.3008
1718683200000,66142.5703,66993.0859,65292.0547
1718697600000,66090.25,67035.3281,65145.1719
1718712000000,65980.25,67174.8672,64785.6289
1718726400000,65834.5703,67252.7344,64416.4102
1718740800000,65725.0703,67113.6875,64336.4609
1718755200000,65645.1797,66978.5859,64311.7734
1718769600000,65550.9609,66780.4297,64321.5
1718784000000,65480.9297,66677.0625,64284.7969
1718798400000,65394.9297,66573.8047,64216.0547
1718812800000,65330.8555,66521.9297,64139.7852
1718827200000,65304.1797,66511.2031,64097.1523
1718841600000,65200.3203,66156.6562,64243.9883
1718856000000,65154.4648,65899.5781,64409.3516
1718870400000,65204.9648,66109.125,64300.8047
1718884800000,65145.1797,66034.9609,64255.3984
1718899200000,65122.5,66006.9766,64238.0273
1718913600000,65136.75,65996.9609,64276.543
1718928000000,65142.4648,65983.5078,64301.418
1718942400000,65071.3203,66066.3906,64076.2539
1718956800000,64954.0703,66151.2812,63756.8594
1718971200000,64841.2852,66179.1484,63503.4219
1718985600000,64774.2852,66133.375,63415.1992
1719000000000,64719.0352,66116.2734,63321.7969
1719014400000,64679.0703,66090.0625,63268.082
1719028800000,64646.0703,66051.6328,63240.5117
1719043200000,64580.0703,65966.1641,63193.9766
1719057600000,64469.5352,65672.0312,63267.0391
1719072000000,64333.9297,65071.4375,63596.418
1719086400000,64294.2852,64983.125,63605.4453
1719100800000,64251.3203,64815.8086,63686.8359
1719115200000,64217.8945,64681.0469,63754.7383
1719129600000,64207.9648,64655.0547,63760.875
1719144000000,64205.5352,64655.0469,63756.0234
1719158400000,64233.7148,64599.4805,63867.9492
1719172800000,64193.2148,64815.9414,63570.4883
1719187200000,64091.1055,65038.8672,63143.3438
1719201600000,63968.25,65253.8516,62682.6484
1719216000000,63751.25,65629.5703,61872.9297
1719230400000,63488.3555,65848.2969,61128.4219
1719244800000,63134.1797,66284.2422,59984.1133
1719259200000,62844.5703,66251.8984,59437.2461
1719273600000,62628.5,66026.9453,59230.0547
1719288000000,62369.4648,65785.1641,58953.7656
1719302400000,62136.0703,65401.1367,58871.0078
1719316800000,61948.3555,64966.3359,58930.3789
1719331200000,61777.8945,64493.5391,59062.2461
1719345600000,61613.1445,64012.0195,59214.2656
1719360000000,61454.1797,63426.0469,59482.3125
1719374400000,61350.0703,63094.4336,59605.707
1719388800000,61252.1797,62802.5547,59701.8047
1719403200000,61184.9297,62606.2773,59763.582
1719417600000,61162.3555,62588.2188,59736.4961
1719432000000,61162.7852,62588.2227,59737.3477
1719446400000,61283.3555,62276.6836,60290.0312
1719460800000,61320.25,62184.9805,60455.5195
1719475200000,61312.1055,62181.1289,60443.0859
1719489600000,61375.3203,62161.1562,60589.4883
1719504000000,61393.25,62169.832,60616.668
1719518400000,61384.5703,62147.0625,60622.0781
1719532800000,61373.0703,62105.9297,60640.2148
1719547200000,61338.0352,62037.4883,60638.582
1719561600000,61319.3945,61971.4766,60667.3125
1719576000000,61269,61908.1094,60629.8906
1719590400000,61166.8555,62071.1758,60262.5391
1719604800000,61085.3203,62071.1953,60099.4453
1719619200000,61064.8555,62073.2148,60056.5
1719633600000,61076.9297,62077.043,60076.8125
1719648000000,61080.1797,62079.3516,60081.0039
1719662400000,61100,62083.1094,60116.8906
1719676800000,61087.8945,62072.6602,60103.125
1719691200000,61044.2852,62003.4492,60085.1211
1719705600000,61002.75,61945.3633,60060.1367
1719720000000,60988.6445,61897.9805,60079.3047
1719734400000,60966.3203,61809.8203,60122.8242
1719748800000,60992.2852,61893.3438,60091.2266
1719763200000,61017.5352,62004.1328,60030.9375
1719777600000,61140.6445,62454.9648,59826.3203
1719792000000,61381.1445,62976.2539,59786.0312
1719806400000,61587.9648,63323.2734,59852.6562
1719820800000,61727.8203,63456.3828,59999.2617
1719835200000,61877.3555,63683.1445,60071.5703
1719849600000,62031.8555,63890.2305,60173.4844
1719864000000,62161.9297,63975.4141,60348.4414
1719878400000,62310.9297,64051.3203,60570.5391
1719892800000,62430,63987.4141,60872.5859
1719907200000,62568.3203,63851.7422,61284.9023
1719921600000,62598.7852,63790.9141,61406.6562
1719936000000,62627.3945,63725.0352,61529.75
1719950400000,62656.3203,63666.7031,61645.9414
1719964800000,62577.4648,63907.9766,61246.9531
1719979200000,62441.2852,64051.8789,60830.6953
1719993600000,62224.8555,64075.1211,60374.5898
1720008000000,62002.25,64060.8594,59943.6406
1720022400000,61787,64151.3789,59422.6211
1720036800000,61576.3203,63968.6602,59183.9805
1720051200000,61279.75,63822.1133,58737.3867
1720065600000,60946.1055,63785.75,58106.4648
1720080000000,60563.6797,63596.2969,57531.0625
1720094400000,60241.7148,63310.6133,57172.8164
1720108800000,59917.5703,62805.6602,57029.4805
1720123200000,59570.5703,62601.0469,56540.0977
1720137600000,59091.8555,62599.2773,55584.4375
1720152000000,58544.4648,62408.5625,54680.3633
1720166400000,58157.9648,62093.3086,54222.6172
1720180800000,57861.3945,61575.1719,54147.6133
1720195200000,57582.75,61090.8281,54074.6719
1720209600000,57333.5352,60577.2227,54089.8477
1720224000000,57105.8203,60119.8711,54091.7695
1720238400000,56854.3203,59362.9062,54345.7344
1720252800000,56689.1445,58885.4023,54492.8867
1720267200000,56626.6445,58696,54557.2852
1720281600000,56636.4648,58727.4414,54545.4883
1720296000000,56646.7852,58767.0508,54526.5234
1720310400000,56627,58692.4062,54561.5938
1720324800000,56651.5703,58742.7148,54560.4258
1720339200000,56815.4297,58770.3359,54860.5195
1720353600000,56989,58408.4492,55569.5508
1720368000000,57107.8945,58248.6367,55967.1484
1720382400000,57051.4648,58345.4805,55757.4453
1720396800000,56959.1797,58562.3828,55355.9766
1720411200000,56904.8203,58600.7539,55208.8906
1720425600000,56957.1797,58634.4844,55279.875
1720440000000,56894.2148,58681.9219,55106.5078
1720454400000,56875.5352,58675.2422,55075.8281
1720468800000,56833.1445,58618.4805,55047.8047
1720483200000,56783.9648,58491.332,55076.5977
1720497600000,56704.3203,58233.3555,55175.2891
1720512000000,56666.9648,58094.7344,55239.1953
1720526400000,56674.7148,58118.4375,55230.9883
1720540800000,56702.8945,58220.3438,55185.4414
1720555200000,56788.6445,58450.7539,55126.5352
1720569600000,56863.7148,58669.5312,55057.8984
1720584000000,57086.8203,59100.3516,55073.2891
1720598400000,57324.6445,59142.0117,55507.2734
1720612800000,57454.7852,59081.4883,55828.082
1720627200000,57470.3945,59089.1797,55851.6094
1720641600000,57612.75,58911.6289,56313.8711
1720656000000,57689.1445,58824.8047,56553.4805
1720670400000,57794.5352,58815,56774.0703
1720684800000,57909,58975.957,56842.043
1720699200000,57929.1055,58943.0508,56915.1641
1720713600000,57925.0703,58947.4062,56902.7344
1720728000000,57914.4648,58958.5664,56870.3633
1720742400000,57846.0703,59014.9141,56677.2305
1720756800000,57780.2148,59005.7461,56554.6836
1720771200000,57710.1055,58948.0273,56472.1875
1720785600000,57653.3555,58712.9336,56593.7812
1720800000000,57589.3945,58545.8203,56632.9648
1720814400000,57604.5703,58572.3125,56636.8281
1720828800000,57636.0703,58599.3984,56672.7422
1720843200000,57667.3945,58667.2266,56667.5586
1720857600000,57739.6797,58832.8906,56646.4688
1720872000000,57786.0352,58999.2969,56572.7734
1720886400000,57775.7148,58957.75,56593.6797
1720900800000,57908.4297,59281.957,56534.8984
1720915200000,58060.1445,59618.7852,56501.5
1720929600000,58257.3203,60067.4258,56447.2148
1720944000000,58487.8945,60367.1875,56608.5977
1720958400000,58702.1797,60581.2305,56823.125
1720972800000,58896.2148,60672.957,57119.4688
1720987200000,59080.6797,61050.3555,57111
1721001600000,59443.6445,61968.0703,56919.2188
1721016000000,59799.5703,62717.6367,56881.5039
1721030400000,60132.5,63127.7969,57137.2031
1721044800000,60481.3203,63609.6094,57353.0312
1721059200000,60826.6055,64089.1172,57564.0938
1721073600000,61249.5,64882.9961,57616.0039
1721088000000,61688.6055,65426.5625,57950.6523
1721102400000,61953,65475.957,58430.043
1721116800000,62258.7852,65613.9062,58903.6641
1721131200000,62602.7852,65979.6562,59225.9102
1721145600000,62964.6797,66287.3281,59642.0312
1721160000000,63318.8203,66389.6641,60247.9805
1721174400000,63733.6797,66395.9688,61071.3906
1721188800000,64054.1055,66251.4688,61856.75
1721203200000,64201.1055,66278.2109,62124.0078
1721217600000,64334.4648,66287.4688,62381.4609
1721232000000,64485.1445,66141.9297,62828.3555
1721246400000,64559.1055,66033.7578,63084.4531
1721260800000,64664.1797,65990.3828,63337.9727
1721275200000,64656.9648,65982.2266,63331.7031
1721289600000,64654.3203,65978.8828,63329.7617
1721304000000,64695.7148,65824.3047,63567.125
1721318400000,64678.1445,65869.4688,63486.8125
1721332800000,64612.0703,65850.3047,63373.8359
1721347200000,64549.3945,65752.2969,63346.4922
1721361600000,64452.0703,65696.1719,63207.9727
1721376000000,64335.1055,65368.8125,63301.4023
1721390400000,64375.4648,65579.7891,63171.1406
1721404800000,64551.5,66434.6641,62668.3359
1721419200000,64689.9297,66867.8203,62512.0391
1721433600000,64836.1445,67228.5,62443.7852
1721448000000,65015.75,67527.4453,62504.0547
1721462400000,65133.8945,67756.8906,62510.8945
1721476800000,65290.0352,68037.3672,62542.7031
1721491200000,65469.7852,68370.7188,62568.8477
1721505600000,65728.6094,68529.8906,62927.3281
1721520000000,65990.8594,68600.0078,63381.7109
1721534400000,66185.2109,68556.9453,63813.4805
1721548800000,66368.9609,68520.75,64217.1797
1721563200000,66617.8594,68204.4453,65031.2734
1721577600000,66857.3906,67664.2578,66050.5312
1721592000000,67026.9609,67886.9844,66166.9375
1721606400000,67078.1406,68047.75,66108.5391
1721620800000,67120.1094,68066.0781,66174.1406
1721635200000,67184.6094,68109.5156,66259.6953
1721649600000,67219.4609,68087.2031,66351.7266
1721664000000,67342.1094,68256.2109,66428
1721678400000,67391.75,68265.8984,66517.6016
1721692800000,67408.8203,68279.8984,66537.75
1721707200000,67370.0391,68329.9766,66410.0938
1721721600000,67332.5703,68355.0391,66310.1016
1721736000000,67325.5703,68366.7656,66284.375
1721750400000,67229.9609,68606.6406,65853.2891
1721764800000,67142.7891,68668.9297,65616.6406
1721779200000,67044.5,68656.1328,65432.8711
1721793600000,66893.75,68440.4219,65347.082
1721808000000,66785.8594,68244.8047,65326.9062
1721822400000,66708.8594,68173.7812,65243.9336
1721836800000,66575.75,68057.5,65094
1721851200000,66452.6797,68030.0859,64875.2734
1721865600000,66156.2109,67846.9688,64465.457
1721880000000,65912,67719.5391,64104.4609
1721894400000,65670.6094,67478.4453,63862.7734
1721908800000,65541.8594,67325.0156,63758.6953
1721923200000,65401.4648,67113.5859,63689.3438
1721937600000,65345.5352,66946.2344,63744.8398
1721952000000,65452.2148,67276.1641,63628.2656
1721966400000,65519.8945,67478.6328,63561.1562
1721980800000,65608.8594,67761.9531,63455.7617
1721995200000,65712.9609,68078.3672,63347.5625
1722009600000,65826.6797,68450.3125,63203.0469
1722024000000,65950.2891,68783.5391,63117.0312
1722038400000,66103.0703,69084.8906,63121.25
1722052800000,66296.6797,69408.3594,63185
1722067200000,66595.25,69596.3594,63594.1406
1722081600000,66939.2109,69826.3047,64052.125
1722096000000,67239.8906,69731.75,64748.0312
1722110400000,67461.5391,69564.3125,65358.7617
1722124800000,67692.1406,69145.0078,66239.2812
1722139200000,67815.1797,68836.1875,66794.1719
1722153600000,67871.75,68798.4219,66945.0781
1722168000000,67926.1797,68694.4922,67157.8672
1722182400000,67985.1797,68678.3438,67292.0156
1722196800000,68037.3203,68698.2109,67376.4297
1722211200000,68139.1797,69104.1641,67174.1953
1722225600000,68256.6797,69454.2422,67059.1172
1722240000000,68385.1797,69736.625,67033.7266
1722254400000,68386.3203,69736.7188,67035.9297
1722268800000,68317.0391,69782.3281,66851.7422
1722283200000,68162.5391,69784.1016,66540.9688
1722297600000,68041.2109,69844.3359,66238.0938
1722312000000,67974.9297,69861.1406,66088.7188
1722326400000,67878.3203,69896.0625,65860.5859
1722340800000,67785.3906,69971.6328,65599.1484
1722355200000,67647.7891,70037.625,65257.9414
1722369600000,67542.8906,70046.9453,65038.8398
1722384000000,67392.7891,69986.9609,64798.6133
1722398400000,67244.5,69858.0703,64630.9336
1722412800000,67007.9297,69384.1406,64631.7148
1722427200000,66779.4297,68704.125,64854.7305
1722441600000,66469.6094,67773.4297,65165.7812
1722456000000,66221.6094,67525.1328,64918.082
1722470400000,65978.6406,67623.5703,64333.7148
1722484800000,65802.0703,67594.2734,64009.8711
1722499200000,65662.0391,67485.3203,63838.7539
1722513600000,65366.75,67552.6328,63180.8672
1722528000000,65137.3945,67434.4297,62840.3555
1722542400000,65071.4648,67291.1328,62851.7969
1722556800000,64974.0352,67157.9062,62790.1641
1722571200000,64823.3945,66939.5,62707.2891
1722585600000,64720.6445,66728.4688,62712.8164
1722600000000,64515.9297,66464.0547,62567.8047
1722614400000,64263.0703,66243.8906,62282.2539
1722628800000,63907.5703,66038.6953,61776.4453
1722643200000,63660.5352,65904.0625,61417.0117
1722657600000,63444.5703,65856.6875,61032.4531
1722672000000,63300.4648,65829.1953,60771.7344
1722686400000,63053.0703,65811.1016,60295.043
1722700800000,62733.9297,65704.1172,59763.7383
1722715200000,62579.7852,65732.0234,59427.5469
1722729600000,62387.2852,65649.0156,59125.5508
1722744000000,62031.3945,65017.4688,59045.3203
1722758400000,61768.8945,64456.9023,59080.8828
1722772800000,61406.5,64115.1641,58697.8359
1722787200000,61020.6797,63308.2227,58733.1367
1722801600000,60648.7148,63006.0547,58291.375
1722816000000,60027.3945,64046.2031,56008.582
1722830400000,59403.3203,64848.7344,53957.9062
1722844800000,58655.2148,65316.6992,51993.7266
1722859200000,58137.0352,64933.0977,51340.9766
1722873600000,57537.6055,64393.1445,50682.0703
1722888000000,57050.6445,63869.25,50232.0352
1722902400000,56727.6797,63347.5664,50107.7891
1722916800000,56396.7148,62647.3242,50146.1055
1722931200000,56007.5703,61804.9961,50210.1484
1722945600000,55726.75,61019.7617,50433.7383
1722960000000,55433.25,59952.5078,50913.9922
1722974400000,55220.1797,59304.707,51135.6484
1722988800000,55054.1055,58637.0352,51471.1797
1723003200000,54969.3555,58305.6445,51633.0703
1723017600000,55192.1055,58616.957,51767.2578
1723032000000,55438.25,58578.2422,52298.2578
1723046400000,55681.5,57905.6016,53457.3984
1723060800000,55738.4648,57859.875,53617.0547
1723075200000,55994.7852,57802.8984,54186.6719
1723089600000,56221.4297,57754.6328,54688.2227
1723104000000,56339.8555,57936.7344,54742.9805
1723118400000,56582.9648,58828.1953,54337.7305
1723132800000,56882.4297,59425.625,54339.2344
1723147200000,57259.6055,60778.7266,53740.4844
1723161600000,57588.2852,61673.0664,53503.5039
1723176000000,57933,62241.8047,53624.1953
1723190400000,58203.4297,62683.1445,53723.7148
1723204800000,58407.7852,62898.5078,53917.0625
1723219200000,58671.9648,63229.3438,54114.5859
1723233600000,59011.7148,63455.8359,54567.5938
1723248000000,59418.75,63219.9375,55617.5625
1723262400000,59827.6797,62846.3906,56808.9648
1723276800000,60104.1797,62743.7148,57464.6445
1723291200000,60342.25,62430.3906,58254.1094
1723305600000,60606.6055,61872.5898,59340.625
1723320000000,60711.0352,61805.8008,59616.2695
1723334400000,60828.5703,61669.5039,59987.6406
1723348800000,60797.5703,61537.8203,60057.3242
1723363200000,60747.7852,61420.5781,60074.9961
1723377600000,60695.6797,61436.5781,59954.7773
1723392000000,60621.9297,61546.8438,59697.0117
1723406400000,60544.0352,61842.2383,59245.832
1723420800000,60387.4297,62059.918,58714.9414
1723435200000,60231.3555,62100.1914,58362.5234
1723449600000,60188.8945,62064.1562,58313.6289
1723464000000,60143.5352,61982.5781,58304.4922
1723478400000,60007.2852,61875.0469,58139.5273
1723492800000,59923,61796.9141,58049.0859
1723507200000,59781.5,61600.7773,57962.2227
1723521600000,59662.0352,61387.4922,57936.582
1723536000000,59501,61085.875,57916.125
1723550400000,59374.1445,60633.4453,58114.8398
1723564800000,59385.7148,60694.2109,58077.2188
1723579200000,59418.1055,60817.5938,58018.6211
1723593600000,59513.5703,61122.5898,57904.5508
1723608000000,59671.5352,61364.4453,57978.625
1723622400000,59871.5352,61615.8672,58127.207
1723636800000,59926.5352,61559.6055,58293.4688
1723651200000,59860.1445,61575.0859,58145.1992
1723665600000,59749.6055,61554.7656,57944.4492
1723680000000,59705.4297,61607.1484,57803.707
1723694400000,59611.9648,61696.0156,57527.9102
1723708800000,59590.5352,61703.6406,57477.4336
1723723200000,59620.75,61724.6445,57516.8555
1723737600000,59491.3555,61967.3477,57015.3672
1723752000000,59351.8555,62030.5195,56673.1953
1723766400000,59140.8945,61787.1055,56494.6797
1723780800000,58988.8203,61529.457,56448.1875
1723795200000,58805.9297,61110.4531,56501.4062
1723809600000,58601.4297,60609.1523,56593.707
1723824000000,58485.6055,59983.8633,56987.3516
1723838400000,58446.4648,59870.793,57022.1367
1723852800000,58464.25,59917.3398,57011.1602
1723867200000,58504.7148,60009.3281,57000.1016
1723881600000,58556.4648,60093.3594,57019.5703
1723896000000,58651.2852,60210.8125,57091.7617
1723910400000,58701.5352,60313.7031,57089.3672
1723924800000,58689.1055,60274.0898,57104.125
1723939200000,58853.8203,60158.6133,57549.0312
1723953600000,58999.75,60113.2344,57886.2656
1723968000000,59151.7852,60186.2656,58117.3047
1723982400000,59250.3945,60261.6055,58239.1797
1723996800000,59342.3555,60256.6641,58428.0508
1724011200000,59366.4648,60152.4688,58580.4609
1724025600000,59300.25,60130.9336,58469.5664
1724040000000,59272.5703,60179.4805,58365.6641
1724054400000,59215.8945,60235.6445,58196.1406
1724068800000,59165.1445,60244.332,58085.957
1724083200000,59151.9297,60237.0273,58066.8281
1724097600000,59157.0352,60246.668,58067.4023
1724112000000,59241.3555,60564.332,57918.3828
1724126400000,59345.4648,60931.2422,57759.6875
1724140800000,59432,61128.9219,57735.0781
1724155200000,59379.0352,61103.7305,57654.3438
1724169600000,59343.3555,61035.5078,57651.207
1724184000000,59283.7148,60961.7109,57605.7148
1724198400000,59256.4297,60919.6992,57593.1562
1724212800000,59350.9648,60956.4062,57745.5234
1724227200000,59394.9648,60963.6484,57826.2812
1724241600000,59467.3555,60954.5625,57980.1484
1724256000000,59696.1055,61405.1836,57987.0312
1724270400000,59882.8203,61611.6836,58153.9609
1724284800000,59997.0352,61673.457,58320.6133
1724299200000,60108.9648,61828.1094,58389.8203
1724313600000,60159.6445,61975.6328,58343.6523
1724328000000,60121.75,61892.6016,58350.8984
1724342400000,60105.2852,61865.2188,58345.3516
1724356800000,60217.1445,61826.2852,58608
1724371200000,60293.7148,61860.7305,58726.6992
1724385600000,60439.9297,61871.457,59008.4023
1724400000000,60539.6055,61828.2148,59251
1724414400000,60668.25,61961.668,59374.832
1724428800000,60972.4297,62782.1602,59162.6953
1724443200000,61297.7852,63526.6875,59068.8828
1724457600000,61461.1797,64052.0742,58870.2812
1724472000000,61688.3555,64657.5977,58719.1172
1724486400000,61929.9648,65034.793,58825.1367
1724500800000,62143.0703,65370.0664,58916.0742
1724515200000,62348.3203,65706.1172,58990.5234
1724529600000,62617.6445,65914.5,59320.7852
1724544000000,62889.7148,65996.8594,59782.5703
1724558400000,63138.7148,65944.4375,60332.9922
1724572800000,63374.3945,65808.0938,60940.6914
1724587200000,63595.75,65679.5703,61511.9336
1724601600000,63845.7148,65187.6133,62503.8164
1724616000000,64039.3945,64416.6641,63662.1211
1724630400000,64075.0703,64367.2969,63782.8477
1724644800000,64042.8945,64420.1797,63665.6055
1724659200000,64043.3203,64419.7812,63666.8633
1724673600000,63988.1445,64408.6289,63567.6562
1724688000000,63946.0703,64484.2109,63407.9297
1724702400000,63863.0703,64652.9883,63073.1562
1724716800000,63774.4648,64662.4023,62886.5273
1724731200000,63682.1797,64647.5273,62716.8281
1724745600000,63561.8945,64694.2383,62429.5469
1724760000000,63409.75,64865.7695,61953.7305
1724774400000,63284.25,64857.2734,61711.2266
1724788800000,62944.1055,65425.3555,60462.8594
1724803200000,62617.25,65520.5898,59713.9102
1724817600000,62214.6055,65630.9219,58798.2891
1724832000000,61916.6797,65348.1875,58485.1719
1724846400000,61587.3555,65185.5547,57989.1602
1724860800000,61232.0703,64843.1641,57620.9766
1724875200000,60907.5352,64442.9023,57372.168
1724889600000,60607.7148,63975.918,57239.5117
1724904000000,60375.4648,63543.9414,57206.9844
1724918400000,60164.8945,62989.8125,57339.9727
1724932800000,60013.4297,62436.957,57589.8984
1724947200000,59786.9297,61833.3281,57740.5273
1724961600000,59615.2852,61361.1914,57869.3789
1724976000000,59393.7852,60475.0117,58312.5625
1724990400000,59384.9648,60468.5078,58301.4219
1725004800000,59368,60443.4805,58292.5195
1725019200000,59330.7852,60539.0898,58122.4805
1725033600000,59240.6797,60442.9961,58038.3594
1725048000000,59247.3555,60445.3281,58049.3867
1725062400000,59269.9648,60451.9453,58087.9805
1725076800000,59274.6055,60452.918,58096.2969
1725091200000,59270.8945,60451.2031,58090.582
1725105600000,59230.1445,60405.9258,58054.3594
1725120000000,59146.5703,60250.457,58042.6836
1725134400000,59017.0352,59658.4062,58375.6641
1725148800000,58964.0703,59642.7734,58285.3711
1725163200000,58903.1055,59592.8008,58213.4141
1725177600000,58846.6445,59615.5039,58077.7812
1725192000000,58771.7148,59570.0938,57973.3359
1725206400000,58706.9297,59439.9258,57973.9297
1725220800000,58650.2852,59646.6523,57653.9219
1725235200000,58582.6055,59686.0312,57479.1836
1725249600000,58470.2148,59659.0156,57281.4102
1725264000000,58412.9297,59529.3828,57296.4766
1725278400000,58375.0703,59434.0977,57316.043
1725292800000,58327.3555,59311.1211,57343.5938
1725307200000,58336.2148,59345.8633,57326.5664
1725321600000,58353.2852,59404.2422,57302.3281
1725336000000,58362.4648,59436.2422,57288.6875
1725350400000,58400.9648,59529.4648,57272.4648
1725364800000,58345.0703,59529.3047,57160.8359
1725379200000,58329.4648,59525.3711,57133.5586
1725393600000,58275.0703,59554.5703,56995.5742
1725408000000,58142.3945,59670.8047,56613.9805
1725422400000,58103.5,59741.7812,56465.2188
1725436800000,58019.1797,59837.7852,56200.5742
1725451200000,58061,59858.7578,56263.2422
1725465600000,58033.9648,59821.6016,56246.3281
1725480000000,57990.8945,59756.4609,56225.3242
1725494400000,57896.6055,59701,56092.2148
1725508800000,57755.1445,59460.918,56049.3672
1725523200000,57583.6445,59199.5391,55967.75
1725537600000,57357.6797,58956.6523,55758.7031
1725552000000,57142.9297,58578.3086,55707.5508
1725566400000,57032.9297,58517.8555,55548
1725580800000,56929.2852,58328.2812,55530.293
1725595200000,56808.3555,58297.5625,55319.1523
1725609600000,56761.9648,58310.8359,55213.0938
1725624000000,56565.7852,58674.4609,54457.1094
1725638400000,56345.4297,58992.0508,53698.8047
1725652800000,56047.1797,58772.2227,53322.1328
1725667200000,55743.9297,58465.5469,53022.3125
1725681600000,55482.3203,58006.8164,52957.8281
1725696000000,55283.0352,57703.6133,52862.457
1725710400000,55113.0703,57311.793,52914.3477
1725724800000,54950,56990.7188,52909.2812
1725739200000,54821.8945,56828.0938,52815.6914
1725753600000,54703.3945,56601.8281,52804.957
1725768000000,54579.3555,56301.3203,52857.3945
1725782400000,54435.6055,55765.3711,53105.8438
1725796800000,54285.7148,55450.5586,53120.8711
1725811200000,54167.7852,54867.1719,53468.3984
1725825600000,54230.1797,55005.3125,53455.043
1725840000000,54346.8203,55115.9141,53577.7305
1725854400000,54419.1797,55208.8789,53629.4766
1725868800000,54524.8555,55339.9688,53709.7461
1725883200000,54602.6797,55510.6406,53694.7188
1725897600000,54801.25,56353.6172,53248.8828
1725912000000,54962.2852,56887.8438,53036.7305
1725926400000,55111.75,57161.4531,53062.0469
1725940800000,55331.6055,57563.2305,53099.9844
1725955200000,55533.7852,57892.1094,53175.4609
1725969600000,55686.5703,58012.625,53360.5195
1725984000000,55928.8203,58427.6133,53430.0273
1725998400000,56212.8945,58508.8945,53916.8906
1726012800000,56388.6797,58442.4375,54334.9219
1726027200000,56519.3203,58392.0781,54646.5625
1726041600000,56640.1055,58339.9766,54940.2383
1726056000000,56763.8945,58180.8281,55346.957
1726070400000,56928.8555,58128.0586,55729.6562
1726084800000,57068.7148,57908.9727,56228.457
1726099200000,57149.3945,58178.1016,56120.6836
1726113600000,57229.75,58373.6875,56085.8125
1726128000000,57340,58477.3164,56202.6836
1726142400000,57359.9297,58496.7539,56223.1016
1726156800000,57443.3945,58689.5234,56197.2617
1726171200000,57554.7852,58741.0781,56368.4961
1726185600000,57547.1055,58724.8555,56369.3594
1726200000000,57580.2148,58791.1797,56369.25
1726214400000,57657.0703,58789.6836,56524.457
1726228800000,57868.75,59273.2461,56464.2539
1726243200000,58079.1055,59644.8359,56513.3789
1726257600000,58353.8555,60169.6836,56538.0312
1726272000000,58551.0703,60571.5156,56530.6289
1726286400000,58752.2148,60804.2109,56700.2148
1726300800000,58858.75,60943.6641,56773.8359
1726315200000,58981.7148,61085.8867,56877.5391
1726329600000,59107.8945,61182.582,57033.2031
1726344000000,59287.1445,61196.1523,57378.1328
1726358400000,59414.5703,61301.3281,57527.8164
1726372800000,59562.2148,61339.5664,57784.8633
1726387200000,59717.6055,61219.6914,58215.5234
1726401600000,59877.9648,61107.5312,58648.3984
1726416000000,60021.1445,60535.0625,59507.2227
1726430400000,59982.3203,60658.4336,59306.207
1726444800000,59897.9648,60896.3516,58899.5781
1726459200000,59780.6445,60841.0547,58720.2344
1726473600000,59660.25,60821.5391,58498.9609
1726488000000,59496.0352,60952.4844,58039.5859
1726502400000,59367.5352,61028.5273,57706.543
1726516800000,59247.7148,60988.5547,57506.8711
1726531200000,59121.0352,60937.4102,57304.6602
1726545600000,59027.2148,60788.8125,57265.6172
1726560000000,58949.2148,60596.25,57302.1758
1726574400000,59017.3203,60921.5039,57113.1406
1726588800000,59014.0352,60911.5586,57116.5117
1726603200000,59011.2852,60901.2109,57121.3594
1726617600000,59056.1445,61051.6172,57060.668
1726632000000,59149.4297,61264.4961,57034.3633
1726646400000,59239.8945,61353.0039,57126.7812
1726660800000,59277.25,61382.2109,57172.2891
1726675200000,59376.7148,61484.3672,57269.0586
1726689600000,59655.9297,61906.418,57405.4414
1726704000000,59955.5703,62312.0742,57599.0664
1726718400000,60234.8945,62612.8828,57856.9062
1726732800000,60564.4648,62908.8555,58220.0742
1726747200000,60882.75,63324.4414,58441.0586
1726761600000,61180.9648,63682.332,58679.5977
1726776000000,61310.8555,63973.0859,58648.6289
1726790400000,61579.8945,64396.6484,58763.1367
1726804800000,61809.1797,64694.125,58924.2305
1726819200000,62019.9648,64919.9023,59120.0273
1726833600000,62212.9648,65017.918,59408.0117
1726848000000,62426.3203,64905.1211,59947.5234
1726862400000,62698.3945,64547.043,60849.7422
1726876800000,62900.9648,64014.1445,61787.7852
1726891200000,62994.5703,63907,62082.1406
1726905600000,63063.7852,63832.0156,62295.5547
1726920000000,63139.2148,63688.7969,62589.6328
1726934400000,63177.7148,63654.5391,62700.8906
1726948800000,63192.1445,63675.0508,62709.2344
1726963200000,63182,63666.1719,62697.8281
1726977600000,63179.5352,63668.6406,62690.4297
1726992000000,63110.9648,63542.4141,62679.5156
1727006400000,63048.4648,63483.2109,62613.7148
1727020800000,63026.9297,63408.2539,62645.6055
1727035200000,63058.1797,63525.707,62590.6484
1727049600000,63167.2148,63951.207,62383.2188
1727064000000,63188.8945,63993.3789,62384.4062
1727078400000,63227.0352,64018.625,62435.4453
1727092800000,63265.3945,64072.7734,62458.0117
1727107200000,63279.7148,64080.2305,62479.1953
1727121600000,63290.6797,64088.0977,62493.2578
1727136000000,63284.3555,64086.4023,62482.3125
1727150400000,63298.0703,64109.7227,62486.4219
1727164800000,63322.7852,64129.9883,62515.5859
1727179200000,63337.0352,64122.0312,62552.043
1727193600000,63446.3203,64303.3672,62589.2773
1727208000000,63561.8203,64386.4062,62737.2344
1727222400000,63655.6445,64561.7695,62749.5156
1727236800000,63674.7852,64582.8359,62766.7383
1727251200000,63638.2148,64476.3086,62800.1172
1727265600000,63635.6445,64475.4219,62795.8633
1727280000000,63618.3945,64485.6797,62751.1055
1727294400000,63583.8945,64489.4219,62678.3633
1727308800000,63598.6055,64490.2695,62706.9453
1727323200000,63636.1445,64519.4922,62752.793
1727337600000,63727.7148,64634.0156,62821.4102
1727352000000,63848.3203,65025.4219,62671.2188
1727366400000,63937.8203,65168.5742,62707.0664
1727380800000,64084,65375.8711,62792.1289
1727395200000,64160.2852,65608.8984,62711.6719
1727409600000,64247.4648,65847.0547,62647.8711
1727424000000,64318.2148,66031.5781,62604.8516
1727438400000,64472.6055,66360,62585.2148
1727452800000,64602.8945,66542.6406,62663.1445
1727467200000,64765.6445,66683.9531,62847.332
1727481600000,64972.6797,66778.0547,63167.3047
1727496000000,65165.5703,66690.6797,63640.4609
1727510400000,65330.5,66563.2812,64097.7188
1727524800000,65457.5703,66371.3828,64543.7617
1727539200000,65553.0703,66249.6875,64856.457
1727553600000,65598,66283.1641,64912.8398
1727568000000,65675.9609,66150.7578,65201.1719
1727582400000,65696.6094,66100.7969,65292.4141
1727596800000,65720.1406,66079.0234,65361.2578
1727611200000,65738.4297,66070.3594,65406.5
1727625600000,65773.8906,66077.2812,65470.5039
1727640000000,65745.9297,66038.875,65452.9844
1727654400000,65667.8203,66351.9219,64983.7188
1727668800000,65580.8203,66473.8125,64687.832
1727683200000,65420.4648,66650.9453,64189.9805
1727697600000,65257.25,66801.5312,63712.9688
1727712000000,65089.7852,66858.2266,63321.3477
1727726400000,64923.4648,66891.625,62955.3047
1727740800000,64778.2148,66790.625,62765.8008
1727755200000,64647.5703,66602.3906,62692.75
1727769600000,64499.2148,66398.7266,62599.6992
1727784000000,64294.4297,66349.4297,62239.4258
1727798400000,64009.5352,66303.875,61715.1953
1727812800000,63655.1797,66285.0703,61025.2891
1727827200000,63352.7148,65831.3594,60874.0664
1727841600000,63074.9648,65350.8242,60799.1016
1727856000000,62830.5352,65155.3828,60505.6914
1727870400000,62638.7148,64804.7969,60472.6328
1727884800000,62377.4648,64780.2031,59974.7266
1727899200000,62168.8945,64641.3398,59696.4453
1727913600000,62025.4648,64416.3203,59634.6094
1727928000000,61853.9297,64203.957,59503.9023
1727942400000,61642.6055,63822.8477,59462.3672
1727956800000,61399.25,63191.0156,59607.4844
1727971200000,61206.7852,62460.5039,59953.0664
1727985600000,61073.5,62084.8477,60062.1523
1728000000000,61018.5703,61969.3477,60067.7969
1728014400000,61064.8203,62025.4805,60104.1641
1728028800000,61044.5703,61961.2617,60127.8828
1728043200000,61055,62004.1836,60105.8164
1728057600000,61141.25,62297.5859,59984.9141
1728072000000,61156.0703,62353.293,59958.8477
1728086400000,61275.9297,62383.7148,60168.1445
1728100800000,61378.5352,62486.5117,60270.5586
1728115200000,61429.25,62606.4883,60252.0117
1728129600000,61518.6797,62705.6094,60331.7461
1728144000000,61597.1055,62706.1875,60488.0273
1728158400000,61698.2148,62679.6445,60716.7852
1728172800000,61757.1797,62664.9648,60849.3945
1728187200000,61842.8945,62547.3633,61138.4219
1728201600000,61924.3555,62422.082,61426.6289
1728216000000,62015.4648,62571.5234,61459.4023
1728230400000,62099.5703,62626.8945,61572.2461
1728244800000,62167.3945,62785.1133,61549.6758
1728259200000,62250.3203,63172.125,61328.5195
1728273600000,62353.3945,63470.7656,61236.0234
1728288000000,62444.6797,63587.8828,61301.4766
1728302400000,62557.3945,63825.4844,61289.3008
1728316800000,62642.3945,63948.5508,61336.2344
1728331200000,62645.2148,63947.1133,61343.3164
1728345600000,62700.1797,63920.8594,61479.5
1728360000000,62717.6797,63905.7578,61529.6016
1728374400000,62770.3203,63860.4219,61680.2188
1728388800000,62792.1445,63824.1289,61760.1602
1728403200000,62800.8203,63810.25,61791.3945
1728417600000,62758.2148,63830.7969,61685.6289
1728432000000,62739.0352,63831.6641,61646.4062
1728446400000,62697.8203,63821.3828,61574.2578
1728460800000,62600.9648,63665.1641,61536.7656
1728475200000,62511.6055,63460.3125,61562.9023
1728489600000,62357.1797,63536.582,61177.7773
1728504000000,62138.3203,63428.1602,60848.4805
1728518400000,61956.1055,63236.7109,60675.5039
1728532800000,61858.7148,63260.6289,60456.8008
1728547200000,61757.3203,63137.7422,60376.9023
1728561600000,61645.1055,63094.125,60196.0898
1728576000000,61435.0703,63113.9258,59756.2188
1728590400000,61294.0352,63014.1523,59573.9219
1728604800000,61175.4297,62859.582,59491.2734
1728619200000,61069.3555,62694.3789,59444.3359
1728633600000,60982.5352,62450.875,59514.1992
1728648000000,60982.75,62451.8125,59513.6875
1728662400000,61048.5352,62778.1914,59318.8789
1728676800000,61065.4648,62845.9492,59284.9766
1728691200000,61177.1797,63106.2383,59248.1211
1728705600000,61331.25,63379.4023,59283.0977
1728720000000,61481.75,63654,59309.5
1728734400000,61646.9297,63937.5898,59356.2695
1728748800000,61774.8945,64143.9492,59405.8359
1728763200000,61950.5352,64339.168,59561.9023
1728777600000,62167.2852,64203.3477,60131.2227
1728792000000,62349.8203,64105.5977,60594.0469
1728806400000,62491.6055,63929.6211,61053.5898
1728820800000,62603.1055,63621.1523,61585.0625
1728835200000,62716.25,63312.9414,62119.5586
1728849600000,62759.2852,63291.4688,62227.1016
1728864000000,62846.25,63787.3633,61905.1367
1728878400000,62995.4648,64268.9609,61721.9688
1728892800000,63162.7148,64724.8242,61600.6016
1728907200000,63387.25,65451.5195,61322.9805
1728921600000,63601.75,66011.9453,61191.5547
1728936000000,63812.7148,66516.625,61108.8047
1728950400000,63985.1055,66757.3516,61212.8594
1728964800000,64161.7852,67014.8906,61308.6836
1728979200000,64355.6055,67146.7734,61564.4375
1728993600000,64582.3203,67349.5156,61815.125
1729008000000,64899.0352,67663.8594,62134.2109
1729022400000,65249.2148,67775.0312,62723.3945
1729036800000,65562.6094,67819.9766,63305.2383
1729051200000,65856.5391,67633.2734,64079.8008
1729065600000,66113.1094,67940.3438,64285.8672
1729080000000,66338.3203,68132.1172,64544.5234
1729094400000,66541.0703,68261.5078,64820.6367
1729108800000,66663.7891,68417.3047,64910.2656
1729123200000,66782.1094,68536.5156,65027.6992
1729137600000,66866.1094,68589.1875,65143.0234
1729152000000,66970.3906,68484.3984,65456.3906
1729166400000,67108.4297,68451.9453,65764.9141
1729180800000,67209.2109,68182.7109,66235.7188
1729195200000,67309.5703,68007.0938,66612.0469
1729209600000,67349.5391,68024.3906,66674.6797
1729224000000,67410.8203,68128.9062,66692.7344
1729238400000,67453.1406,68159.7656,66746.5156
1729252800000,67580.9609,68490.2188,66671.7109
1729267200000,67632.3906,68673.0625,66591.7266
1729281600000,67680.6797,68795.9609,66565.3906
1729296000000,67733.5391,68915.6172,66551.4531
1729310400000,67787.5703,69005,66570.1484
1729324800000,67823.3203,69040.6641,66605.9766
1729339200000,67891.8594,69080.0625,66703.6484
1729353600000,67986.7891,69025.6953,66947.875
1729368000000,68044.4609,69072.8047,67016.125
1729382400000,68143.3594,68906.4219,67380.2891
1729396800000,68213.1094,68856.1328,67570.0781
1729411200000,68278.3203,68796.8359,67759.8047
1729425600000,68327.75,68836.6328,67818.8672
1729440000000,68386,68751.4453,68020.5547
1729454400000,68407.4297,68872.9844,67941.875
1729468800000,68432,68964.8438,67899.1562
1729483200000,68437.4609,68970.9062,67904.0234
1729497600000,68422.75,68966.3672,67879.1328
1729512000000,68350.0391,69138.3906,67561.6797
1729526400000,68328.75,69162.6016,67494.8984
1729540800000,68267.3203,69242.0703,67292.5703
1729555200000,68209.8203,69290.8672,67128.7734
1729569600000,68136.6797,69299.4141,66973.9375
1729584000000,68070.3594,69317.2656,66823.4453
1729598400000,67990.3906,69294.0156,66686.7656
1729612800000,67921.3594,69227.9688,66614.7422
1729627200000,67833.6797,69104.1641,66563.1953
1729641600000,67729.4297,69005.0938,66453.7656
1729656000000,67569.5703,68705.5,66433.6406
1729670400000,67386.2109,68404.9766,66367.4531
1729684800000,67220.6797,68222.8594,66218.4922
1729699200000,67090.8203,68001.0625,66180.5781
1729713600000,67041.1094,67972.2969,66109.9219
1729728000000,66999.7109,67847.7344,66151.6953
1729742400000,66980.3906,67807.7266,66153.0547
1729756800000,66972.8906,67788.1094,66157.6797
1729771200000,66994.5,67862.6562,66126.3438
1729785600000,67066.3594,68149.4531,65983.2656
1729800000000,67132.8906,68356.8672,65908.9141
1729814400000,67169.8203,68460.2578,65879.3828
1729828800000,67177.1094,68473.7188,65880.5
1729843200000,67252.2109,68626.8984,65877.5312
1729857600000,67315.4297,68681.375,65949.4766
1729872000000,67342.8203,68645.4688,66040.1719
1729886400000,67372.4297,68582.6641,66162.1875
1729900800000,67400.5391,68536.625,66264.4453
1729915200000,67422.8906,68507.9141,66337.875
1729929600000,67415.1406,68508.5781,66321.7031
1729944000000,67396,68521.2266,66270.7734
1729958400000,67385.1406,68518.4688,66251.8203
1729972800000,67339.9609,68477.7969,66202.1328
1729987200000,67263.4297,68280.3359,66246.5234
1730001600000,67186.9297,68070.0547,66303.7969
1730016000000,67119.5391,67888.2578,66350.8125
1730030400000,67135.7109,67944.1719,66327.2578
1730044800000,67112.3203,67822.2031,66402.4375
1730059200000,67132.0703,67915.4922,66348.6484
1730073600000,67196.0703,67990.5078,66401.6406
1730088000000,67322.7109,68242.2344,66403.1953
1730102400000,67459.3594,68579.8047,66338.9062
1730116800000,67566.3594,68750.0156,66382.7031
1730131200000,67746.9297,69289.0312,66204.8203
1730145600000,67970.1094,69785.8984,66154.3125
1730160000000,68242.0703,70535.2891,65948.8516
1730174400000,68525.8594,71108.0391,65943.6797
1730188800000,68828.8594,71693.6875,65964.0312
1730203200000,69206.4609,72433.5781,65979.3516
1730217600000,69598.1406,73000.8125,66195.4766
1730232000000,69956.75,73547.2266,66366.2734
1730246400000,70276.0391,73823.0703,66729
1730260800000,70581.5391,74011.2969,67151.7812
1730275200000,70891.3594,73970.1172,67812.6016
1730289600000,71155.9297,73940.8047,68371.0469
1730304000000,71377.8203,73826.5312,68929.1172
1730318400000,71658.2109,73522.7578,69793.6719
1730332800000,71854.8906,73353.1719,70356.6172
1730347200000,72030.9609,73104.875,70957.0547
1730361600000,72124.25,73001.9531,71246.5469
1730376000000,72096.6406,73126.3438,71066.9453
1730390400000,71997.4297,73446.0469,70548.8125
1730404800000,71843.1406,73531.3047,70154.9766
1730419200000,71612.9297,73702.7969,69523.0625
1730433600000,71359.7109,73685.0938,69034.3359
1730448000000,71198.1406,73573,68823.2812
1730462400000,70994.0703,73467.2969,68520.8438
1730476800000,70798.1406,73359.8125,68236.4688
1730491200000,70613.5,73156.8906,68070.1094
1730505600000,70452.6094,72952.6875,67952.5234
1730520000000,70269.2109,72550.5703,67987.8594
1730534400000,70071.2891,72057.7734,68084.7969
1730548800000,69854.3906,71387.6328,68321.1484
1730563200000,69659.1406,70460.4141,68857.875
1730577600000,69569.1797,70187.6562,68950.7031
1730592000000,69447.8906,70276.2969,68619.4922
1730606400000,69312.7891,70200.75,68424.8203
1730620800000,69243.5703,70267.6953,68219.4453
1730635200000,69162.4297,70353.7188,67971.1406
1730649600000,69068.7109,70196.5,67940.9297
1730664000000,69023.4297,70149.2188,67897.6406
1730678400000,69005.9297,70125.2734,67886.5859
1730692800000,68939.2891,70049.6875,67828.8828
1730707200000,68878.6094,69934.6094,67822.6094
1730721600000,68793.2891,69726.875,67859.6953
1730736000000,68665.8594,69622.1406,67709.5703
1730750400000,68553.3203,69525.1719,67581.4688
1730764800000,68460.2109,69298.1016,67622.3281
1730779200000,68424.8203,69143.6172,67706.0234
1730793600000,68455.8594,69195.6641,67716.0547
1730808000000,68545,69481.9688,67608.0312
1730822400000,68588.8594,69537.6484,67640.0625
1730836800000,68679.6797,69653.4062,67705.9453
1730851200000,69088.5,72180.7031,65996.2969
1730865600000,69423.7891,73228.6016,65618.9688
1730880000000,69805.4297,74359.8672,65250.9922
1730894400000,70219.7109,75268.0234,65171.4102
1730908800000,70731.7891,76476.8438,64986.7305
1730923200000,71235.0703,77364.9844,65105.1602
1730937600000,71756.8906,77870.5312,65643.2578
1730952000000,72259.6406,78138.3359,66380.9453
1730966400000,72731.8906,78276.7188,67187.0703
1730980800000,73252.3594,78606.4062,67898.3125
1730995200000,73809.75,78798.0469,68821.4531
1731009600000,74260.9609,78758.8203,69763.1094
1731024000000,74762.0391,78218.4766,71305.5938
1731038400000,75256.4297,77044.2578,73468.6016
1731052800000,75373.1094,77129.7188,73616.4922
1731067200000,75591.7109,77068.9141,74114.5078
1731081600000,75780.1094,77242.6172,74317.5938
1731096000000,75935.75,77204.5469,74666.9531
1731110400000,75968.5703,77255.2031,74681.9375
1731124800000,76034.1797,77340.9219,74727.4375
1731139200000,76135.2109,77353.4609,74916.9688
1731153600000,76242.1406,77221.7344,75262.5547
1731168000000,76344.6797,76907.5,75781.8516
1731182400000,76384.0391,76959.8984,75808.1797
1731196800000,76430.8906,77152.6484,75709.1406
1731211200000,76642.1406,78039.5547,75244.7344
1731225600000,76930.5391,79095.3672,74765.7031
1731240000000,77182.7109,79758.6797,74606.75
1731254400000,77455.8906,80277.2109,74634.5703
1731268800000,77739.8203,80897.5938,74582.0469
1731283200000,78078.6797,81803.1641,74354.1953
1731297600000,78415.2109,82361.2812,74469.1484
1731312000000,78835.8906,83059.8828,74611.9062
1731326400000,79382.1797,84220.9844,74543.375
1731340800000,80082.6406,85815.3359,74349.9453
1731355200000,80977.5391,87876.6953,74078.375
1731369600000,81838.7109,89148.8516,74528.5781
1731384000000,82732.4609,90357.4453,75107.4766
1731398400000,83452.3594,90764,76140.7109
1731412800000,84013.9609,91031.0547,76996.875
1731427200000,84648.1406,91700.6406,77595.6484
1731441600000,85238.5391,91939.8672,78537.2031
1731456000000,85769.3203,91821.0703,79717.5703
1731470400000,86271.4609,91605.4297,80937.4922
1731484800000,86707.0703,91445.9766,81968.1719
1731499200000,87532.5391,92195.8984,82869.1719
1731513600000,88108.5391,91934.0234,84283.0469
1731528000000,88559.6094,91897.1484,85222.0625
1731542400000,88827.3203,92001.2422,85653.4062
1731556800000,88974.75,92326.4219,85623.0781
1731571200000,89212.1797,92797.2891,85627.0703
1731585600000,89125.1406,92765.9844,85484.2969
1731600000000,89282.7109,92785.5781,85779.8516
1731614400000,89327.1797,92712.8906,85941.4609
1731628800000,89283.7109,92707.2812,85860.1484
1731643200000,89259.1406,92722.3828,85795.9062
1731657600000,89440.7109,92729.6016,86151.8203
1731672000000,89509.5703,92671.0312,86348.1094
1731686400000,89694.9297,92740.2188,86649.6328
1731700800000,89574.3594,92228.3828,86920.3281
1731715200000,89647.7891,92432.7031,86862.8672
1731729600000,89698.1406,92568.7188,86827.5625
1731744000000,89783.4297,92762.0469,86804.8125
1731758400000,89760.8906,92709.5,86812.2812
1731772800000,89733.5,92619.4219,86847.5781
1731787200000,89925.4297,92673.7344,87177.1172
1731801600000,89984.3594,92731.1719,87237.5391
1731816000000,90216.1797,92550.5547,87881.8047
1731830400000,90395.6797,92473.1016,88318.2578
1731844800000,90583.3594,92037.3828,89129.3281
1731859200000,90605.8906,92020.5547,89191.2344
1731873600000,90709.0703,91596.5938,89821.5547
1731888000000,90732.8906,91605.1719,89860.6094
1731902400000,90783.0391,91802.7812,89763.2891
1731916800000,90714.2891,91704.7344,89723.8359
1731931200000,90802.2891,92123.3906,89481.1797
1731945600000,90765.2109,92061.3047,89469.1172
1731960000000,90764.7109,92061.0625,89468.3594
1731974400000,90788.2891,92128.4766,89448.0938
1731988800000,90865.9609,92292.5469,89439.3828
1732003200000,90968.6406,92438.1797,89499.1016
1732017600000,91107.6406,92764.9062,89450.3828
1732032000000,91294.1797,93308.2578,89280.1016
1732046400000,91447.3594,93473.1094,89421.6094
1732060800000,91595.7109,93514.0234,89677.4062
1732075200000,91816.4297,93615.2344,90017.6172
1732089600000,92021.25,93935.6328,90106.8672
1732104000000,92240.8203,94647.2969,89834.3438
1732118400000,92509.1797,94860.6094,90157.75
1732132800000,92647.4609,95190.9297,90104
1732147200000,93019.9609,95851.0781,90188.8516
1732161600000,93481.75,96666.3672,90297.1328
1732176000000,93947.0703,97718.8984,90175.2422
1732190400000,94304.9297,98127.4609,90482.3984
1732204800000,94747.1797,98731.5859,90762.7656
1732219200000,95174.2891,99395.2266,90953.3438
1732233600000,95576.9297,100102.578,91051.2812
1732248000000,96070.8203,100646.344,91495.2969
1732262400000,96559.3906,100829.078,92289.7031
1732276800000,96975.2891,100897.055,93053.5234
1732291200000,97376.75,100977.773,93775.7266
1732305600000,97672.8203,101079.922,94265.7188
1732320000000,98008.3594,100829.133,95187.5781
1732334400000,98317.3594,100315.375,96319.3438
1732348800000,98503.8203,100014.961,96992.6797
1732363200000,98616.6094,99897.7656,97335.4453
1732377600000,98587.9609,99933.1484,97242.7812
1732392000000,98663.3203,99666.375,97660.2656
1732406400000,98692,99636.3984,97747.6016
1732420800000,98696.2891,99638.0312,97754.5391
1732435200000,98583.3594,99704.1719,97462.5391
1732449600000,98343.8203,99981.6875,96705.9609
1732464000000,98158.7891,100010.273,96307.2969
1732478400000,98105.2891,99919.9453,96290.625
1732492800000,98022.3906,99725.6641,96319.125
1732507200000,97966.2891,99583.5234,96349.0469
1732521600000,97934.4609,99499.2344,96369.6953
1732536000000,97745.5703,99510.1719,95980.9688
1732550400000,97471.1797,99755.5,95186.8594
1732564800000,97071,100203.102,93938.8984
1732579200000,96848.5391,100213.219,93483.8594
1732593600000,96562.8203,100215.812,92909.8281
1732608000000,96135.6406,100212.602,92058.6875
1732622400000,95726.8906,99888.7969,91564.9922
1732636800000,95320.8594,99829.5312,90812.1875
1732651200000,95028.6797,99832.8906,90224.4609
1732665600000,94756.3906,99638.4297,89874.3594
1732680000000,94439.2891,98983.4531,89895.1172
1732694400000,94106.5,98196.7656,90016.2344
1732708800000,93923.4609,97448.0469,90398.8828
1732723200000,93808.7109,96810.8984,90806.5312
1732737600000,93802.2891,96785.3281,90819.2422
1732752000000,93863.7109,96954.0547,90773.375
1732766400000,94033.4297,97183.5859,90883.2734
1732780800000,94105.5391,97344.9609,90866.1172
1732795200000,94196.9297,97471.0391,90922.8203
1732809600000,94398,97549.4531,91246.5469
1732824000000,94603.4609,97700.6016,91506.3281
1732838400000,94955.6797,97787.5938,92123.7578
1732852800000,95225.6406,97532.6875,92918.5938
1732867200000,95562.0703,97623.7031,93500.4375
1732881600000,95889,98071.6953,93706.3047
1732896000000,96179.5,98024.5,94334.5
1732910400000,96315.0391,98267.6719,94362.3984
1732924800000,96312.7891,98263.3594,94362.2109
1732939200000,96378.3594,98342.4531,94414.2578
1732953600000,96433.75,98348.8047,94518.6953
1732968000000,96530.2109,98363.9062,94696.5156
1732982400000,96642.4297,98416.9531,94867.9062
1732996800000,96745.8203,98304.3516,95187.2891
1733011200000,96833.0391,98158.3516,95507.7188
1733025600000,96895.2891,98082.6797,95707.8906
1733040000000,96935.25,98129.5547,95740.9453
1733054400000,97037.6406,98030.3672,96044.9141
1733068800000,97033.1797,98020.7891,96045.5703
1733083200000,96971.6094,97741.4062,96201.8125
1733097600000,96909.4609,97643.9141,96175.0156
1733112000000,96805.6797,97546.3594,96065
1733126400000,96694.8594,97808.6719,95581.0391
1733140800000,96714.1406,97850.9922,95577.2891
1733155200000,96681.25,97881.5391,95480.9609
1733169600000,96621.9297,97881.0391,95362.8125
1733184000000,96553.6094,97797.875,95309.3359
1733198400000,96488.5,97819.5938,95157.4062
1733212800000,96391.8594,97907.7969,94875.9141
1733227200000,96333.8203,97874.8359,94792.8047
1733241600000,96212.4297,97713.9844,94710.875
1733256000000,96129.4297,97536.6875,94722.1641
1733270400000,96031.75,97285.2188,94778.2812
1733284800000,95989.0703,97091.9453,94886.2031
1733299200000,95971.2109,97040.7188,94901.7109
1733313600000,95957.3594,97023.8125,94890.8984
1733328000000,96116.6094,97334.625,94898.5859
1733342400000,96234.2109,98022.8047,94445.6172
1733356800000,96756.5,100757,92756
1733371200000,97219.7109,102129.328,92310.1016
1733385600000,97693.7109,103336,92051.4297
1733400000000,98111.3594,103944.914,92277.7969
1733414400000,98404.5,104007.797,92801.2031
1733428800000,98498.6094,103965.805,93031.4062
1733443200000,98663.25,103898.914,93427.5859
1733457600000,98826.8203,103858.953,93794.6875
1733472000000,98988.3203,103776.188,94200.4609
1733486400000,99182.6797,103809.688,94555.6719
1733500800000,99562.1406,104071.641,95052.6406
1733515200000,99849.1406,103882.773,95815.5078
1733529600000,99997.1797,103809.938,96184.4219
1733544000000,100054.75,103818.82,96290.6797
1733558400000,99812.6094,103143.273,96481.9375
1733572800000,99633.6094,102638.719,96628.4922
1733587200000,99451.3594,101925.539,96977.1719
1733601600000,99346.8594,101580.914,97112.8047
1733616000000,99412.0703,101676.742,97147.3984
1733630400000,99605.5703,101479.227,97731.9141
1733644800000,99748.0703,101350.398,98145.75
1733659200000,99874,101261.867,98486.1328
1733673600000,100023.891,101055.859,98991.9219
1733688000000,100153.609,101322.875,98984.3359
1733702400000,99980.0391,100886.258,99073.8125
1733716800000,99962.1406,100880.312,99043.9688
1733731200000,99865.7109,101164.234,98567.1953
1733745600000,99736,101411.641,98060.3594
1733760000000,99540.1797,101699.062,97381.2969
1733774400000,99360.6406,101770,96951.2812
1733788800000,99128.6406,101761.312,96495.9766
1733803200000,98929.9297,101680.797,96179.0625
1733817600000,98767.2891,101491.328,96043.2422
1733832000000,98475.3203,101541.078,95409.5625
1733846400000,98195.1797,101420.969,94969.3906
1733860800000,97953.4609,101091.227,94815.7031
1733875200000,97752.6797,100617.086,94888.2656
1733889600000,97473.7109,99562.1875,95385.2422
1733904000000,97412.7891,99334.0781,95491.4922
1733918400000,97469.1406,99679.3047,95258.9844
1733932800000,97690.4297,100628,94752.8516
1733947200000,97932.9609,101386.086,94479.8438
1733961600000,98222.6406,102006.992,94438.2891
1733976000000,98448.8594,102384.352,94513.3594
1733990400000,98692.9609,102665.953,94719.9766
1734004800000,99025.2109,103227.312,94823.1172
1734019200000,99146.4297,103300.445,94992.4141
1734033600000,99455.3203,103166.945,95743.6953
1734048000000,99730.6797,102883.789,96577.5703
1734062400000,99979.8594,102639.469,97320.25
1734076800000,100189.211,102458,97920.4297
1734091200000,100368.32,102039.812,98696.8281
1734105600000,100589.039,101944.555,99233.5156
1734120000000,100659.07,102084.836,99233.3047
1734134400000,100724,102322.703,99125.2969
1734148800000,100772.211,102464.32,99080.1094
1734163200000,100807.68,102549.219,99066.1328
1734177600000,100886.07,102674.844,99097.2969
1734192000000,100952.18,102737.273,99167.0859
1734206400000,100919.75,102651.242,99188.2578
1734220800000,101077.07,102665.586,99488.5547
1734235200000,101196.289,102708.781,99683.7891
1734249600000,101402.391,102872.555,99932.2344
1734264000000,101585.82,103031.008,100140.633
1734278400000,101793.32,103329.234,100257.406
1734292800000,102125.039,103865.711,100384.359
1734307200000,102347.75,104460.453,100235.047
1734321600000,102601.82,105055.781,100147.859
1734336000000,102718.641,105231.039,100206.25
1734350400000,103041.789,106137.023,99946.5469
1734364800000,103402.141,106906.688,99897.6016
1734379200000,103722.5,107349.828,100095.172
1734393600000,104121.539,107847.938,100395.133
1734408000000,104511.5,108174.039,100848.961
1734422400000,104879.18,108377.789,101380.57
1734436800000,105221.211,108334.125,102108.305
1734451200000,105497.859,108328.703,102667.016
1734465600000,105743.82,108133.445,103354.203
1734480000000,105847.789,107907.867,103787.703
1734494400000,105829.359,107940.109,103718.602
1734508800000,105861.039,107909.43,103812.641
1734523200000,105819.32,107956.391,103682.25
1734537600000,105747.68,108196.742,103298.617
1734552000000,105301.211,109044.203,101558.227
1734566400000,104905.609,109122.219,100688.992
1734580800000,104582.32,109055.039,100109.602
1734595200000,104259.93,108655.398,99864.4609
1734609600000,103812.039,108318.688,99305.3828
1734624000000,103116.141,108451.656,97780.6328
1734638400000,102463.039,108199.125,96726.9453
1734652800000,101782.93,107680.477,95885.375
1734667200000,101178.789,106883.828,95473.7422
1734681600000,100310.82,107155.664,93465.9766
1734696000000,99785.6406,106459.078,93112.2031
1734710400000,99213.8906,105336.312,93091.4766
1734724800000,98735.1797,104157.5,93312.8594
1734739200000,98350.8594,103313.625,93388.0859
1734753600000,98264.4609,103139.875,93389.0547
1734768000000,98054.75,102662.047,93447.4531
1734782400000,97756.7891,101921.422,93592.1484
1734796800000,97382.1797,100643.531,94120.8281
1734811200000,97136.6406,99857.3984,94415.8828
1734825600000,97120.2109,99843.7734,94396.6562
1734840000000,97030.1094,99797.8906,94262.3203
1734854400000,97030.5703,99798.3516,94262.7969
1734868800000,96856.1094,99735.25,93976.9609
1734883200000,97005.6797,99096.3359,94915.0234
1734897600000,96874.1094,99188.7344,94559.4766
1734912000000,96793.1406,99157.7969,94428.4922
1734926400000,96618.9297,99039.3672,94198.4922
1734940800000,96506,98916.7109,94095.2891
1734955200000,96088.3906,98681.9844,93494.7969
1734969600000,95709.6797,98496.4375,92922.9219
1734984000000,95517.75,98165.5625,92869.9375
1734998400000,95307.6797,97857.7578,92757.5938
1735012800000,95085.8906,97478.8594,92692.9297
1735027200000,94897.5,97097.8438,92697.1562
1735041600000,95049.5391,97790.9219,92308.1484
1735056000000,95085.1094,97938.6562,92231.5625
1735070400000,95323.5703,98708.1406,91939.0078
1735084800000,95553.6406,99168.2812,91939.0078
1735099200000,95762.4609,99576.1719,91948.7578
1735113600000,95898.6094,99856.3828,91940.8359
1735128000000,96123.3203,100271.172,91975.4688
1735142400000,96344.9609,100729.992,91959.9375
1735156800000,96792.1094,101036.805,92547.4062
1735171200000,97220.6797,100994.438,93446.9141
1735185600000,97425.1094,100945.539,93904.6797
1735200000000,97520.0703,100752.102,94288.0391
1735214400000,97651.6406,100431.461,94871.8281
1735228800000,97774.8203,100049.5,95500.1484
1735243200000,97589.6406,100094.453,95084.8281
1735257600000,97504.25,100092.648,94915.8516
1735272000000,97244.25,100057.617,94430.8828
1735286400000,97167.25,99960.9297,94373.5703
1735300800000,96912.9609,99989.1328,93836.7969
1735315200000,96683.9297,99931.1094,93436.7422
1735329600000,96378.1094,99711.0938,93045.1172
1735344000000,96056.4297,99207.6562,92905.2031
1735358400000,95687.3203,98381.7109,92992.9375
1735372800000,95379.2109,97444.3906,93314.0391
1735387200000,95138.9609,96857.0859,93420.8438
1735401600000,95087,96793.3125,93380.6875
1735416000000,95030.3906,96673.2812,93387.5078
1735430400000,94960.7891,96516.3359,93405.2422
1735444800000,94922.2891,96434.4141,93410.1562
1735459200000,94816.9297,96113.3125,93520.5469
1735473600000,94770.75,96087.9219,93453.5781
1735488000000,94524.8906,95417.3047,93632.4766
1735502400000,94460.7891,95486.0078,93435.5625
1735516800000,94383.8594,95510.8281,93256.8906
1735531200000,94339.2891,95544.8438,93133.7266
1735545600000,94292.1094,95531.9922,93052.2188
1735560000000,94129.6406,95873,92386.2812
1735574400000,94109.1094,95836.9297,92381.2891
1735588800000,93991.2891,95879.2812,92103.2891
1735603200000,93812.8203,95812.7422,91812.8984
1735617600000,93640.4297,95570.8281,91710.0312
1735632000000,93576.2891,95375.6172,91776.9531
1735646400000,93590.25,95439.1641,91741.3359
1735660800000,93531.1797,95264.4219,91797.9375
1735675200000,93463.1797,95140.5391,91785.8125
1735689600000,93480.3594,95159.8672,91800.8438
1735704000000,93476.3203,95155.4375,91797.2031
1735718400000,93457.75,95139.9219,91775.5781
1735732800000,93509.7891,95242.6641,91776.9062
1735747200000,93560.4609,95360.2109,91760.7188
1735761600000,93738.6797,95335.2188,92142.1406
1735776000000,93778.4609,95455.1172,92101.8047
1735790400000,94001.3906,95821.6484,92181.1328
1735804800000,94310.1094,96356.0234,92264.1953
1735819200000,94572.6094,96676.2891,92468.9297
1735833600000,94798.0703,97295.6797,92300.4688
1735848000000,94913.8203,97634.0312,92193.6172
1735862400000,95126.5,97996.625,92256.375
1735876800000,95331.4297,98078.1016,92584.7578
1735891200000,95549.3594,98208.8281,92889.8828
1735905600000,95834,98402.8047,93265.1953
1735920000000,96212.1094,98716.3281,93707.8828
1735934400000,96489.2109,98927.5469,94050.8828
1735948800000,96753.0391,99057.0156,94449.0547
1735963200000,97026.9609,99047.4141,95006.5078
1735977600000,97242.25,98904.1484,95580.3516
1735992000000,97379.6797,98823.1484,95936.2109
1736006400000,97486.25,98924.7031,96047.7969
1736020800000,97615.5391,98960,96271.0703
1736035200000,97679.25,99036.375,96322.125
1736049600000,97773.6797,99089.8359,96457.5234
1736064000000,97817.1797,99066.9609,96567.3984
1736078400000,97942.8594,98836.1953,97049.5156
1736092800000,98038.3594,98603.4531,97473.2656
1736107200000,98099.4609,98587.9219,97611.0078
1736121600000,98131.2109,98770.25,97492.1797
1736136000000,98213.4297,99089.7422,97337.1172
1736150400000,98290.1094,99312.1484,97268.0625
1736164800000,98568.5,100800.297,96336.7031
1736179200000,98850.7109,101599.664,96101.7656
1736193600000,99179.25,102346.164,96012.3359
1736208000000,99432.2891,102793.766,96070.8047
1736222400000,99679.6406,103150.758,96208.5312
1736236800000,99870.7891,103280.398,96461.1719
1736251200000,99845.8906,103307.391,96384.3984
1736265600000,99758.4609,103492.492,96024.4375
1736280000000,99681.0703,103598.102,95764.0391
1736294400000,99571,103745.305,95396.6953
1736308800000,99374.1406,103999.297,94748.9922
1736323200000,99092.4297,104225.516,93959.3438
1736337600000,98816.5391,104281.023,93352.0469
1736352000000,98456.4297,104404.992,92507.8672
1736366400000,97947.4609,103764.234,92130.6953
1736380800000,97384.1797,103116.211,91652.1484
1736395200000,96732.1797,102168.422,91295.9297
1736409600000,96137.9297,101065.125,91210.7344
1736424000000,95604.3203,99539.4219,91669.2188
1736438400000,94962.3203,98131.7188,91792.9219
1736452800000,94577.5,97530.5078,91624.4922
1736467200000,94382.7891,97188.8281,91576.7422
1736481600000,94207.0703,96639.7031,91774.4375
1736496000000,94104.5,96246.9922,91962.0078
1736510400000,93969.5703,95956.8125,91982.3359
1736524800000,93986.1094,96012.8906,91959.3203
1736539200000,93932.2891,95839.0938,92025.4766
1736553600000,93929.75,95835.2344,92024.2656
1736568000000,93869.9297,95685.1953,92054.6641
1736582400000,93914.1406,95763.9062,92064.375
1736596800000,94000.3203,95807.3906,92193.2578
1736611200000,94056.0391,95831.6016,92280.4688
1736625600000,94080.1406,95871.7266,92288.5625
1736640000000,94273.4609,95577.9844,92968.9453
1736654400000,94398.5391,95262.9531,93534.1172
1736668800000,94435.7109,95210.0469,93661.3828
1736683200000,94474.7109,95302.4609,93646.9688
1736697600000,94440.5391,95206.7656,93674.3047
1736712000000,94496.7891,95138.9062,93854.6641
1736726400000,94419.3906,94899.5,93939.2812
1736740800000,94334.4297,94990,93678.8594
1736755200000,94089.5703,96060.4141,92118.7266
1736769600000,93938.7891,96164.6328,91712.9375
1736784000000,93773.4609,96130.4453,91416.4844
1736798400000,93784.0703,96152.3516,91415.7891
1736812800000,93830.75,96252.3828,91409.1172
1736827200000,93850.6094,96299.3594,91401.8594
1736841600000,93989.3203,96778.3359,91200.3047
1736856000000,94143.9297,97202.2422,91085.6172
1736870400000,94307.7891,97593.8203,91021.75
1736884800000,94413.2891,97872.0625,90954.5078
1736899200000,94603.8906,98359.1562,90848.625
1736913600000,94801.8594,98793.6172,90810.0938
1736928000000,94979.8203,99071.0859,90888.5547
1736942400000,95370.0703,99842.5938,90897.5469
1736956800000,96019.4297,100244.219,91794.6328
1736971200000,96620.4609,100821.75,92419.1797
1736985600000,97132.7109,100788.242,93477.1875
1737000000000,97510.1094,101083.289,93936.9219
1737014400000,97818.5,101146.047,94490.9531
1737028800000,98137.0391,101084.031,95190.0391
1737043200000,98414.6094,101422.82,95406.3906
1737057600000,98666.5391,101553.359,95779.7109
1737072000000,98992.1094,101844.75,96139.4688
1737086400000,99345.3906,102088.82,96601.9688
1737100800000,99700.9609,102551.844,96850.0859
1737115200000,100184.539,103469.062,96900.0078
1737129600000,100840.211,104696.852,96983.5781
1737144000000,101207.891,105251.508,97164.2812
1737158400000,101475.211,105611.688,97338.7422
1737172800000,101638.07,105785.453,97490.6875
1737187200000,101932.141,105990.477,97873.8125
1737201600000,102272.141,106345.148,98199.1406
1737216000000,102643.039,106442.664,98843.4062
1737230400000,103014.25,106418.266,99610.2344
1737244800000,103337.93,106535.086,100140.773
1737259200000,103704.359,106400.547,101008.172
1737273600000,103932.461,106190.844,101674.086
1737288000000,104177.461,105996.242,102358.688
1737302400000,104459.109,106199.844,102718.375
1737316800000,104264.43,106650.188,101878.672
1737331200000,103977.43,106480.102,101474.758
1737345600000,104191.141,107165.695,101216.586
1737360000000,104522.539,108115.117,100929.953
1737374400000,104672.039,108131.523,101212.555
1737388800000,104679.391,108129.586,101229.203
1737403200000,104512.07,108195.133,100829.008
1737417600000,104407.711,108187.203,100628.227
1737432000000,104223,108219.297,100226.703
1737446400000,104136.789,108121.75,100151.82
1737460800000,104052.391,108003.867,100100.914
1737475200000,104253.461,108495.703,100011.227
1737489600000,104346.539,108693.406,99999.6641
1737504000000,104306.43,108595.367,100017.492
1737518400000,104576.18,108534.625,100617.734
1737532800000,104808.039,108473.023,101143.047
1737547200000,104599.641,108046.766,101152.516
1737561600000,104342.25,107152.703,101531.797
1737576000000,104255.789,107071.805,101439.766
1737590400000,104165.359,107132.438,101198.281
1737604800000,104197.641,107086.562,101308.719
1737619200000,104127.68,107184.625,101070.734
1737633600000,104367.32,107200.156,101534.484
1737648000000,104371.961,107200.672,101543.258
1737662400000,104370.789,107200.297,101541.281
1737676800000,104142.539,106558.836,101726.242
1737691200000,104060.68,106266.75,101854.609
1737705600000,104046.039,106213.289,101878.781
1737720000000,104102.359,106409.242,101795.469
1737734400000,104149.789,106562.391,101737.18
1737748800000,104195.539,106632.445,101758.625
1737763200000,104234.891,106714.352,101755.438
1737777600000,104284.82,106743.094,101826.547
1737792000000,104445.539,106664.609,102226.461
1737806400000,104602.891,106586.148,102619.633
1737820800000,104824.32,106118.023,103530.617
1737835200000,104785.109,106059.594,103510.617
1737849600000,104873.859,106020.57,103727.141
1737864000000,104949.461,105955.281,103943.648
1737878400000,105015.18,105825.188,104205.164
1737892800000,105009,105820.32,104197.68
1737907200000,104983.789,105766.359,104201.211
1737921600000,104744.57,106130.5,103358.648
1737936000000,104426.5,106563.016,102289.984
1737950400000,104007.141,107529.367,100484.914
1737964800000,103544.82,107935.172,99154.4688
1737979200000,103312.25,107850.352,98774.1484
1737993600000,102955.32,107801.445,98109.2031
1738008000000,102754.109,107503.727,98004.4922
1738022400000,102582.641,107167.773,97997.5156
1738036800000,102444.75,106882.109,98007.3906
1738051200000,102280.18,106489.055,98071.3047
1738065600000,102121.961,106078.016,98165.9141
1738080000000,101950.289,105631.531,98269.0391
1738094400000,101688.391,104987.422,98389.3672
1738108800000,101468.641,104205.469,98731.8125
1738123200000,101480.359,104236.188,98724.5312
1738137600000,101566.859,104372.688,98761.0234
1738152000000,101778.609,104178.844,99378.3672
1738166400000,102125.25,103975.547,100274.953
1738180800000,102312.609,104236.016,100389.203
1738195200000,102710.789,104548.266,100873.305
1738209600000,102932.109,105100.758,100763.461
1738224000000,103126.18,105601.359,100651
1738238400000,103325.539,106083.141,100567.93
1738252800000,103537.5,106520.555,100554.445
1738267200000,103678.18,106680.305,100676.055
1738281600000,103814.93,106738.25,100891.609
1738296000000,104022.18,106580,101464.359
1738310400000,104217.82,106524.688,101910.953
1738324800000,104414.039,106626.273,102201.797
1738339200000,104393.25,106680.078,102106.422
1738353600000,104425.641,106579.766,102271.516
1738368000000,104327.75,106743.461,101912.039
1738382400000,104211.711,106877.25,101546.18
1738396800000,103981.5,106817.953,101145.047
1738411200000,103760.75,106688.016,100833.484
1738425600000,103498.961,106482.164,100515.766
1738440000000,103144.141,106247.344,100040.945
1738454400000,102677.109,106068.734,99285.4844
1738468800000,102310.641,105856.562,98764.7188
1738483200000,101918.961,105712.32,98125.6094
1738497600000,101571.391,105371.039,97771.7422
1738512000000,101106.711,104848.344,97365.0859
1738526400000,100550.789,103852.461,97249.1094
1738540800000,99964.4609,104531.07,95397.8594
1738555200000,99463.5703,104392.367,94534.7734
1738569600000,98960.3203,104116.547,93804.0938
1738584000000,98734.5,103590.883,93878.1172
1738598400000,98735.2891,103593.766,93876.8047
1738612800000,98688.5391,103430.523,93946.5469
1738627200000,98619.1406,103212.469,94025.8203
1738641600000,98469.1094,102931.727,94006.4844
1738656000000,98460,102917.625,94002.375
1738670400000,98447.1797,102893.055,94001.3047
1738684800000,98453.0391,102900.938,94005.1328
1738699200000,98341.5703,102777.68,93905.4609
1738713600000,98330.9609,102769.047,93892.875
1738728000000,98346.3906,102776.172,93916.6094
1738742400000,98645.2891,102380.383,94910.1875
1738756800000,98842.4297,102124.812,95560.0469
1738771200000,99001.6094,101712.828,96290.3906
1738785600000,98833.25,101820.398,95846.1016
1738800000000,98501,101007.922,95994.0781
1738814400000,98273.3203,100208.633,96338.0078
1738828800000,98145.1406,99609.4531,96680.8281
1738843200000,98061.4297,99572.8438,96550.0156
1738857600000,97843.8594,99601.8438,96085.875
1738872000000,97639.7109,99295.7031,95983.7266
1738886400000,97536.0703,99044.7891,96027.3516
1738900800000,97464.1406,99023.3359,95904.9531
1738915200000,97441.2109,98974.1641,95908.2578
1738929600000,97471.9609,99053,95890.9297
1738944000000,97376.5,98927.4141,95825.5859
1738958400000,97259.1406,98819.0625,95699.2266
1738972800000,97211.0703,98798.3125,95623.8281
1738987200000,97181.9297,98828.9297,95534.9297
1739001600000,97092.1406,98830.6953,95353.5859
1739016000000,96920.5,98667.0625,95173.9375
1739030400000,96753.3203,98128.75,95377.8906
1739044800000,96691.2109,98039.1016,95343.3281
1739059200000,96785.75,98102.3438,95469.1562
1739073600000,96821.6797,98135.4141,95507.9453
1739088000000,96759.1406,98034.9453,95483.3438
1739102400000,96740.8906,98025.2656,95456.5234
1739116800000,96620.0703,97823.5234,95416.6172
1739131200000,96489.5703,97264.4141,95714.7266
1739145600000,96482.3203,97244.2266,95720.4141
1739160000000,96549.0391,97445.4219,95652.6562
1739174400000,96618.5391,97679.0625,95558.0156
1739188800000,96692.9609,97761.5312,95624.3984
1739203200000,96784.2891,97845.1719,95723.3984
1739217600000,96900.9609,97849.7422,95952.1875
1739232000000,96977.2891,97966.4297,95988.1406
1739246400000,97105.75,98238.375,95973.125
1739260800000,97164.6094,98409.4922,95919.7188
1739275200000,97160.8203,98407.6562,95913.9922
1739289600000,97049.5,98705.9609,95393.0391
1739304000000,96996.7891,98766.5078,95227.0625
1739318400000,96939.4297,98873.5,95005.3594
1739332800000,96908.4297,98886.0859,94930.7734
1739347200000,96856.4297,98882.75,94830.1094
1739361600000,96739.8594,98814.7578,94664.9531
1739376000000,96705.7109,98734.9453,94676.4844
1739390400000,96750.7891,98849.2656,94652.3047
1739404800000,96759.0391,98867.8438,94650.2266
1739419200000,96659.6797,98766.0078,94553.3516
1739433600000,96538,98609.1641,94466.8359
1739448000000,96375.4609,98234.0312,94516.8984
1739462400000,96196.3203,97818.5078,94574.1328
1739476800000,96168.3203,97748.7031,94587.9375
1739491200000,96320.4297,97826.2422,94814.6172
1739505600000,96404.8906,97902.2891,94907.4922
1739520000000,96519.7891,97882.8359,95156.7344
1739534400000,96581.4297,97926.3438,95236.5156
1739548800000,96715.3906,98189.3203,95241.4609
1739563200000,96836.8203,98257.8672,95415.7812
1739577600000,96870.3906,98342.6172,95398.1641
1739592000000,96834.4609,98233.3516,95435.5781
1739606400000,96843.3906,98259.9062,95426.8828
1739620800000,96956.4609,98346.7344,95566.1953
1739635200000,97070.3594,98352.1328,95788.5781
1739649600000,97184.1406,98327.3125,96040.9766
1739664000000,97320.6406,98063.8594,96577.4219
1739678400000,97365.4609,97992.125,96738.8047
1739692800000,97377.9297,97991.3672,96764.4922
1739707200000,97375.2891,97996.9141,96753.6562
1739721600000,97388.7891,97971.0312,96806.5391
1739736000000,97331.3906,98193.2266,96469.5625
1739750400000,97206.75,98185.6328,96227.8672
1739764800000,97105.3906,98236.8438,95973.9453
1739779200000,96991.25,98203.4766,95779.0234
1739793600000,96869.3906,98250.6953,95488.0859
1739808000000,96720.0391,98203.2109,95236.8672
1739822400000,96587.75,98060.1406,95115.3594
1739836800000,96493.25,97889.0703,95097.4297
1739851200000,96340.1094,97706.7344,94973.4766
1739865600000,96202,97450.6797,94953.3203
1739880000000,96079.6406,97241.3438,94917.9375
1739894400000,95845.75,97231.7812,94459.7188
1739908800000,95752.75,97018.3438,94487.1562
1739923200000,95653.8203,96699.6953,94607.9453
1739937600000,95622.2891,96641.2578,94603.3125
1739952000000,95637.1406,96693.6172,94580.6719
1739966400000,95625.8906,96667.8125,94583.9688
1739980800000,95634.7109,96692.5469,94576.8828
1739995200000,95704.8906,96875.8203,94533.9688
1740009600000,95814.4297,97163.4297,94465.4297
1740024000000,95893.5703,97346.0781,94441.0625
1740038400000,95966.0391,97560.6484,94371.4219
1740052800000,96070.2109,97696.3047,94444.125
1740067200000,96272.2891,98267.4453,94277.125
1740081600000,96472.3906,98668.7891,94275.9922
1740096000000,96767.6094,98655.5156,94879.7031
1740110400000,96952.7891,98846,95059.5703
1740124800000,97164.4609,99091.2109,95237.7188
1740139200000,97339.3594,99118.8125,95559.9062
1740153600000,97260.3906,99283.1016,95237.6797
1740168000000,97284,99249.1719,95318.8281
1740182400000,97298.1406,99233.5391,95362.75
1740196800000,97279.8203,99245.5469,95314.0938
1740211200000,97251.3594,99241.625,95261.0938
1740225600000,97236.7109,99241.0703,95232.3594
1740240000000,97199.5,99225.6172,95173.3828
1740254400000,97178.8906,99223.8203,95133.9688
1740268800000,97039.6797,98993.0391,95086.3125
1740283200000,96914.25,98749.75,95078.75
1740297600000,96771.75,98507.5,95036
1740312000000,96579.9609,98247.3438,94912.5859
1740326400000,96379.3203,97646.375,95112.2656
1740340800000,96253.1406,97096.0781,95410.2031
1740355200000,96267.1094,97049.6094,95484.6094
1740369600000,96244.2109,97049.0312,95439.3984
1740384000000,96209.4297,97032.5078,95386.3516
1740398400000,96067.6094,97316.5625,94818.6484
1740412800000,95878.4609,97476.6094,94280.3125
1740427200000,95513.2109,98197.375,92829.0547
1740441600000,95193.1406,98289.5547,92096.7266
1740456000000,94673.4609,98899.9688,90446.9609
1740470400000,94158.4609,99085.9453,89230.9766
1740484800000,93491.0391,99382.2734,87599.7969
1740499200000,92901.8594,99241.1797,86562.5391
1740513600000,92411.8594,98934.6016,85889.1094
1740528000000,91913.75,98388.2266,85439.2734
1740542400000,91368.0391,97546.2578,85189.8125
1740556800000,90875.1094,96756.9375,84993.2734
1740571200000,90274.2109,95678.5391,84869.8906
1740585600000,89410.4609,94822.5156,83998.4141
1740600000000,88680.6797,93976.0781,83385.2734
1740614400000,88049.7109,92733.0156,83366.4141
1740628800000,87667.6406,92007.3359,83327.9453
1740643200000,87270.1797,90832.9609,83707.3984
1740657600000,86995.8594,90480.25,83511.4688
1740672000000,86622.6797,90178.3203,83067.0391
1740686400000,86441.8203,90117.1641,82766.4766
1740700800000,85901.8594,90627.2578,81176.4531
1740715200000,85220.4297,90844.5156,79596.3438
1740729600000,84618.8203,90368.7422,78868.9062
1740744000000,84283.3906,89576.375,78990.4141
1740758400000,83985.5703,88718.1094,79253.0312
1740772800000,83755.6094,88080.0312,79431.1875
1740787200000,83860.8906,88254.1797,79467.6094
1740801600000,83896.0703,88305.9453,79486.2031
1740816000000,83852.4297,88223.3828,79481.4766
1740830400000,83746.6094,87953.9141,79539.2969
1740844800000,83658.75,87669.3594,79648.1406
1740859200000,83695.5,87780.3594,79610.6406
1740873600000,83819.3906,88040.1562,79598.6328
1740888000000,83926.7891,88302.125,79551.4453
1740902400000,84331.5,88341.5234,80321.4766
1740916800000,84922.7891,87995.7344,81849.8359
1740931200000,85857.5703,90455.5547,81259.5859
1740945600000,86589.9297,92758.5234,80421.3281
1740960000000,87179.7891,93950.8906,80408.6875
1740974400000,87754.3594,94799.8984,80708.8125
1740988800000,88284.75,95611.125,80958.375
1741003200000,88665.75,95745.6875,81585.8125
1741017600000,88729.9297,95674.375,81785.4844
1741032000000,88829.3203,95578.2578,82080.3828
1741046400000,88723.5391,95726.5938,81720.4766
1741060800000,88516.2891,95988.0234,81044.5547
1741075200000,88381.0703,96111.2266,80650.9219
1741089600000,88145.6094,96318.7656,79972.4453
1741104000000,88298.3203,96386.0547,80210.5859
1741118400000,88287.0703,96380.4141,80193.7266
1741132800000,87807.1797,95388.2188,80226.1406
1741147200000,87329.0703,94019.9219,80638.2266
1741161600000,87123.2891,93302.5625,80944.0156
1741176000000,86834.75,92360.2266,81309.2734
1741190400000,86620.5391,91405.3047,81835.7656
1741204800000,86661.25,91567.7344,81754.7656
1741219200000,87097.6797,92550.6641,81644.6875
1741233600000,87467.8594,93292.9219,81642.7969
1741248000000,87995.0703,93771.25,82218.8906
1741262400000,88544.7109,93784.0391,83305.3906
1741276800000,88874.9297,93432.6406,84317.2109
1741291200000,89375.2891,92501.7031,86248.8672
1741305600000,89285.6406,92612.5312,85958.7578
1741320000000,89364.6406,92539.2422,86190.0469
1741334400000,89517.5391,92369.1406,86665.9375
1741348800000,89578.75,92291.5938,86865.9062
1741363200000,89433.6094,92299.875,86567.3359
1741377600000,89322.4297,92467.1406,86177.7188
1741392000000,89048.5,92653.7266,85443.2734
1741406400000,88732.6797,92527.0156,84938.3438
1741420800000,88327.7891,92039.4766,84616.1016
1741435200000,87972.6094,91424.6719,84520.5391
1741449600000,87606.25,90636.1953,84576.3047
1741464000000,87277.0391,89822.1172,84731.9531
1741478400000,87103.9297,89624.0625,84583.7969
1741492800000,86821.75,88877.1719,84766.3281
1741507200000,86683.6094,88948.9375,84418.2734
1741521600000,86304.9297,89072.0234,83537.8359
1741536000000,85849.1406,88836.4531,82861.8281
1741550400000,85297.8203,88969.1953,81626.4531
1741564800000,84886.1406,88655.2188,81117.0625
1741579200000,84567,88417.3594,80716.6406
1741593600000,84401.25,88216.125,80586.375
1741608000000,83960.8594,88269.2109,79652.5078
1741622400000,83467.2891,88327.5625,78607.0078
1741636800000,82911.3906,88108.6406,77714.1406
1741651200000,82433.5,87578.7031,77288.2969
1741665600000,82019.3203,86818.7266,77219.9141
1741680000000,81704.5,85945.5156,77463.4844
1741694400000,81363,84899.6484,77826.3516
1741708800000,81227.0391,84317.5391,78136.5312
1741723200000,81217.3594,84286.2344,78148.4766
1741737600000,81182.5391,84201.2969,78163.7734
1741752000000,81302.0391,84364.1406,78239.9297
1741766400000,81370.75,84533.0156,78208.4844
1741780800000,81327.75,84457.2266,78198.2734
1741795200000,81280.5703,84293.6328,78267.5078
1741809600000,81541.7891,84683.1328,78400.4375
1741824000000,81867.0391,84816.0625,78918.0078
1741838400000,82193.6094,84547.3125,79839.8984
1741852800000,82438.3906,84260,80616.7812
1741867200000,82481.8906,84123.5703,80840.2109
1741881600000,82371.4297,84384.8203,80358.0391
1741896000000,82363.75,84396.4688,80331.0312
1741910400000,82276.3594,84286.6484,80266.0703
1741924800000,82222.4609,84206,80238.9297
1741939200000,82306.4609,84352.5391,80260.3906
1741953600000,82473.1328,84859.5547,80086.7109
1741968000000,82585.8516,85191.0312,79980.6641
1741982400000,82750.0859,85387.7656,80112.3984
1741996800000,82863.125,85643.2031,80083.0391
1742011200000,82876.375,85672.4297,80080.3125
1742025600000,82914.6641,85759.7891,80069.5391
1742040000000,82999.3672,85931.7344,80066.9922
1742054400000,83096.0391,86096.7266,80095.3594
1742068800000,83334.7031,86147.9453,80521.4531
1742083200000,83632.6719,85836.9062,81428.4375
1742097600000,83860.4453,85543.8672,82177.0156
1742112000000,83897.7422,85415.2344,82380.25
1742126400000,83980.0469,85198.4453,82761.6562
1742140800000,83967.9531,85218.9297,82716.9766
1742155200000,83813.1094,85198.7031,82427.5078
1742169600000,83749.2266,85078.125,82420.3359
1742184000000,83716.5703,85046.8594,82386.2812
1742198400000,83646.3047,84916.5703,82376.0469
1742212800000,83622.9609,84892.8594,82353.0625
1742227200000,83648.7188,84967.3047,82330.1406
1742241600000,83624.5,84906.75,82342.25
1742256000000,83542.1719,84801.3906,82282.9531
1742270400000,83456.9531,84655.3984,82258.5078
1742284800000,83331.9609,84522.7734,82141.1562
1742299200000,83140.6719,84535.9766,81745.3672
1742313600000,83132.9141,84546.5703,81719.2578
1742328000000,83089.1484,84520.6641,81657.6406
1742342400000,83083.7109,84516.2266,81651.1875
1742356800000,83128.7188,84526.7656,81730.6797
1742371200000,83143.3438,84566.3281,81720.3594
1742385600000,83229.8984,84859.1875,81600.6094
1742400000000,83369.375,85352.0469,81386.6953
1742414400000,83608.2266,86273.1641,80943.2969
1742428800000,83711.5781,86598.5859,80824.5703
1742443200000,83842.2109,86920.5547,80763.8594
1742457600000,84009.6719,87161.6016,80857.7422
1742472000000,84117.6719,87244.0703,80991.2734
1742486400000,84228.8984,87230.875,81226.9219
1742500800000,84413.7109,87027.0859,81800.3281
1742515200000,84564.2969,86889,82239.6016
1742529600000,84649.4375,86766.9453,82531.9219
1742544000000,84720.0156,86669.7188,82770.3125
1742558400000,84744.0078,86622.8281,82865.1797
1742572800000,84747.0312,86620.1562,82873.8984
1742587200000,84698.8906,86608.4688,82789.3203
1742601600000,84610.1797,86492.7344,82727.625
1742616000000,84423.4688,85857.2422,82989.7031
1742630400000,84301.9375,85490.5781,83113.2969
1742644800000,84177.7266,85039.6641,83315.7969
1742659200000,84083.7734,84586.6484,83580.8906
1742673600000,84023.8047,84443.1641,83604.4453
1742688000000,84029.9141,84455.6875,83604.1406
1742702400000,84036.6328,84471.9453,83601.3281
1742716800000,84057.1406,84571.3359,83542.9453
1742731200000,84148.75,84890.4141,83407.0859
1742745600000,84219.8359,85063.1484,83376.5234
1742760000000,84402.1094,85572.1484,83232.0625
1742774400000,84588.7891,86139.5391,83038.0469
1742788800000,84790.6953,86692.9844,82888.3984
1742803200000,85039.2891,87408.5781,82669.9922
1742817600000,85331.9453,88180.9844,82482.9062
1742832000000,85619.8672,88743.7266,82496
1742846400000,85865.2422,88995.2891,82735.1953
1742860800000,86033.7891,89021.7422,83045.8281
1742875200000,86221.0391,88940.75,83501.3203
1742889600000,86447.8516,88971.6172,83924.0859
1742904000000,86698.6953,88978.3672,84419.0234
1742918400000,86944.75,89019.9688,84869.5312
1742932800000,87106.8594,88930.2422,85283.4688
1742947200000,87262.3125,88647.2031,85877.4219
1742961600000,87411.3438,88681.4453,86141.2422
1742976000000,87515.8047,88705.5547,86326.0625
1742990400000,87504.9062,88721.1797,86288.6328
1743004800000,87423.7188,88736.1641,86111.2812
1743019200000,87321.8984,88564.875,86078.9297
1743033600000,87282.2969,88442.9375,86121.6641
1743048000000,87274.4609,88431.1328,86117.7969
1743062400000,87305.6641,88397.1562,86214.1719
1743076800000,87342.1172,88342.6328,86341.5938
1743091200000,87318.125,88332.1875,86304.0547
1743105600000,87277.6484,88265.2344,86290.0703
1743120000000,87181.1875,88092.7266,86269.6484
1743134400000,87019.2188,88400.1406,85638.3047
1743148800000,86879.7891,88547.5469,85212.0234
1743163200000,86582.8594,88682.7578,84482.9531
1743177600000,86279.9844,88698.0312,83861.9375
1743192000000,86111.7188,88710.0156,83513.4219
1743206400000,85938.0781,88721.8984,83154.2578
1743220800000,85708.3672,88669.1641,82747.5703
1743235200000,85319.7422,88573.1172,82066.3672
1743249600000,84960.6875,88336.8594,81584.5078
1743264000000,84659.1875,88035.0156,81283.3516
1743278400000,84348.8359,87631.4688,81066.2031
1743292800000,84064.1562,87048.5312,81079.7891
1743307200000,83766.6406,86235.8984,81297.3906
1743321600000,83502.7031,85357.0781,81648.3203
1743336000000,83326.5547,84985.0312,81668.0781
1743350400000,83133.7266,84479.1719,81788.2812
1743364800000,83017.4062,84335.75,81699.0625
1743379200000,82857.1484,84332,81382.2969
1743393600000,82681.8438,83979.8438,81383.8438
1743408000000,82544.7656,83601.6641,81487.8672
1743422400000,82524.2031,83501.5547,81546.8438
1743436800000,82538.1172,83502.5781,81573.6484
1743451200000,82549.3047,83508.0938,81590.5156
1743465600000,82565.3906,83541.1875,81589.6016
1743480000000,82625.4375,83696.5938,81554.2812
1743494400000,82686.5391,83928.0859,81444.9844
1743508800000,82845.9766,84657.0391,81034.9141
1743523200000,82980.4141,85086.3516,80874.4766
1743537600000,83155.7109,85521.6094,80789.8047
1743552000000,83300.6406,85733.3047,80867.9844
1743566400000,83446.9453,85877.0078,81016.8828
1743580800000,83664.8438,85886.5156,81443.1719
1743595200000,84009.5156,86504.5,81514.5312
1743609600000,84345.1953,87018.8516,81671.5312
1743624000000,84279.8516,87086.6484,81473.0547
1743638400000,84353.1641,87009.7109,81696.6172
1743652800000,84418.7344,86930.4531,81907.0156
1743667200000,84427.4766,86919.1172,81935.8359
1743681600000,84323.8906,87080.5938,81567.1953
1743696000000,84183.2188,87202.625,81163.8203
1743710400000,84032.5781,87035.3906,81029.7656
1743724800000,83876.8672,86903.75,80849.9766
1743739200000,83794.1328,86742.4375,80845.8359
1743753600000,83658.7578,86635.4062,80682.1094
1743768000000,83544.3516,86523.3516,80565.3516
1743782400000,83503.1797,86442.4922,80563.8672
1743796800000,83296.2969,85651.1797,80941.4219
1743811200000,83060.2969,84361.3125,81759.2891
1743825600000,83131.375,84401.6328,81861.1094
1743840000000,83129.4531,84397.9844,81860.9219
1743854400000,83067.7188,84357.9844,81777.4609
1743868800000,83049.6172,84347.5625,81751.6641
1743883200000,83156.0391,84320.5547,81991.5312
1743897600000,83252.0078,84193.5078,82310.5078
1743912000000,83238.8438,84191.5312,82286.1562
1743926400000,83240.4141,84189.9297,82290.8984
1743940800000,83134.8516,84066.7109,82202.9844
1743955200000,82914.6016,84986.2031,80843
1743969600000,82595.8438,85742.9922,79448.6953
1743984000000,82144.4375,86096.0156,78192.8594
1743998400000,81516.3672,86779.7344,76252.9922
1744012800000,81020.1094,86709.3984,75330.8125
1744027200000,80659.4609,86325.8828,74993.0391
1744041600000,80275.8047,85874.125,74677.4922
1744056000000,80028.8125,85507.1406,74550.4922
1744070400000,79817.5547,85076.7031,74558.4141
1744084800000,79530.1875,84385.5625,74674.8125
1744099200000,79292.4297,83698.3594,74886.5
1744113600000,78969.3438,82891.25,75047.4375
1744128000000,78540.8203,81990.4766,75091.1641
1744142400000,78094.0156,80952.7266,75235.3047
1744156800000,77767.1719,80920.8672,74613.4766
1744171200000,77716.6875,80855.7812,74577.5938
1744185600000,77611.875,80852.0469,74371.6953
1744200000000,77765.4141,80689.6016,74841.2266
1744214400000,78168.9141,81818.2656,74519.5625
1744228800000,78465.7969,82762.6094,74168.9922
1744243200000,78728.6641,83326.8594,74130.4688
1744257600000,78903.0859,83723.6641,74082.5078
1744272000000,79043.8359,84075.6953,74011.9766
1744286400000,78989.2891,84019.3906,73959.1797
1744300800000,78962.7578,83976.5156,73949
1744315200000,79040.7031,84052.7578,74028.6406
1744329600000,79325.9688,84242.5156,74409.4219
1744344000000,79679.7422,84362.2578,74997.2266
1744358400000,80186.375,84206.5312,76166.2266
1744372800000,80530.4062,84434.4844,76626.3281
1744387200000,81075.7109,84488.3125,77663.1172
1744401600000,81516.1641,84344.3438,78687.9844
1744416000000,81561.5703,84456.2344,78666.9141
1744430400000,81639.7109,84692.8516,78586.5625
1744444800000,81764.6953,84959.4375,78569.9453
1744459200000,82008.2812,85592.9453,78423.6172
1744473600000,82227.9375,86101.6641,78354.2031
1744488000000,82696.0078,86314.6094,79077.4062
1744502400000,83110.4766,86522.5391,79698.4141
1744516800000,83456.9062,86273.2969,80640.5156
1744531200000,83721.4375,86144.9609,81297.9141
1744545600000,83907.0312,85881.7109,81932.3438
1744560000000,84040.9531,85729.2188,82352.6797
1744574400000,84130.875,85584.6797,82677.0625
1744588800000,84181.4609,85634.4219,82728.5078
1744603200000,84266.2109,85650.6953,82881.7344
1744617600000,84407.3125,85596.6406,83217.9844
1744632000000,84435.9453,85569.5078,83302.3828
1744646400000,84535.6953,85548.1562,83523.2344
1744660800000,84506.3984,85492.8359,83519.9688
1744675200000,84539.2344,85601.2812,83477.1875
1744689600000,84573.4922,85747.2578,83399.7266
1744704000000,84586.3281,85797.8281,83374.8281
1744718400000,84622.6328,85836.4922,83408.7812
1744732800000,84585.8438,85846.5312,83325.1562
1744747200000,84573.2969,85868.6719,83277.9297
1744761600000,84552.9297,85896.0781,83209.7812
1744776000000,84526.2109,85949.3438,83103.0859
1744790400000,84490.2891,85938.9922,83041.5781
1744804800000,84509.8984,85967.6641,83052.1406
1744819200000,84468.0859,85914.5781,83021.5938
1744833600000,84464.2734,85915.3672,83013.1797
1744848000000,84400.2422,85855.2266,82945.2656
1744862400000,84407.5234,85866.2031,82948.8438
1744876800000,84348.3984,85714.9219,82981.8828
1744891200000,84261.375,85408.0781,83114.6797
1744905600000,84208.4297,85165.7266,83251.125
1744920000000,84210.8047,85174.8906,83246.7188
1744934400000,84271.1406,85268.3047,83273.9844
1744948800000,84342.9688,85281.9453,83404
1744963200000,84413.1875,85277.5312,83548.8438
1744977600000,84484.9453,85106.0234,83863.8594
1744992000000,84521.3516,85081.5078,83961.1953
1745006400000,84493.5547,85032.8594,83954.25
1745020800000,84532,85085.4922,83978.5078
1745035200000,84615.6797,85178.1172,84053.2422
1745049600000,84703.3828,85211.0234,84195.75
1745064000000,84738.7031,85290.6094,84186.7891
1745078400000,84776.7266,85334.9688,84218.4922
1745092800000,84815.2109,85363.0781,84267.3516
1745107200000,84837.4219,85406.6172,84268.2266
1745121600000,84825.1641,85394.8359,84255.4922
1745136000000,84773.7891,85461.5703,84086.0156
1745150400000,84752.4531,85476.3594,84028.5391
1745164800000,84750.7266,85475.9062,84025.5469
1745179200000,84809.2344,85518.5781,84099.8906
1745193600000,84998.75,86383.8359,83613.6641
1745208000000,85212.4609,87028.2734,83396.6562
1745222400000,85363.5781,87369.8281,83357.3281
1745236800000,85568.0156,87994.7578,83141.2734
1745251200000,85724.4531,88310.6484,83138.25
1745265600000,85891.2188,88601.8203,83180.625
1745280000000,86111.9688,89008.5938,83215.3516
1745294400000,86356.5391,89419.2188,83293.8516
1745308800000,86604.5469,89785.2812,83423.8203
1745323200000,87047.8984,90752.6172,83343.1797
1745337600000,87572.9609,91521.0859,83624.8281
1745352000000,88226.3906,92782.6719,83670.1172
1745366400000,88836.5859,93574.4688,84098.7031
1745380800000,89477.5234,94463.5,84491.5469
1745395200000,89926.9609,95127.5078,84726.4062
1745409600000,90338.6797,95588.7812,85088.5781
1745424000000,90804.375,95923.7812,85684.9609
1745438400000,91207.7656,96281.0312,86134.4922
1745452800000,91583.25,96227.75,86938.75
1745467200000,91919.6797,95967.3906,87871.9609
1745481600000,92237,95703.7969,88770.2031
1745496000000,92576.3906,95356.9766,89795.8125
1745510400000,92930.3125,94648.6953,91211.9297
1745524800000,93147.25,94546.4766,91748.0234
1745539200000,93280.8672,94305.4766,92256.25
1745553600000,93303.625,94357.1797,92250.0781
1745568000000,93408.7734,94655.5391,92162.0078
1745582400000,93479.9688,94969.8672,91990.0781
1745596800000,93613.3438,95379.5234,91847.1641
1745611200000,93720.6953,95548.1797,91893.2031
1745625600000,93812.7578,95708.5547,91916.9609
1745640000000,93876.1094,95809.375,91942.8359
1745654400000,93983.9062,95793.0625,92174.75
1745668800000,94141.3281,95654.1875,92628.4688
1745683200000,94264.8672,95505.5469,93024.1875
1745697600000,94365.4766,95466.1094,93264.8438
1745712000000,94410.0859,95420.7031,93399.4688
1745726400000,94414.6562,95418.0781,93411.2344
1745740800000,94457.6719,95305.8828,93609.4609
1745755200000,94465.9844,95289.4531,93642.5156
1745769600000,94451.6406,95270.8281,93632.4609
1745784000000,94352.4609,95164.5469,93540.3828
1745798400000,94246.2578,94895.1562,93597.3516
1745812800000,94247.4766,94899.6562,93595.2969
1745827200000,94288.1406,95110.8906,93465.3906
1745841600000,94234.7812,95073.9688,93395.5859
1745856000000,94279.5391,95160.8203,93398.2656
1745870400000,94322,95273.5938,93370.4062
1745884800000,94345.0391,95309.8281,93380.25
1745899200000,94365.5938,95363.9453,93367.2344
1745913600000,94433.875,95497.3516,93370.4062
1745928000000,94489.6562,95548.2266,93431.0859
1745942400000,94588.3438,95666.8203,93509.8594
1745956800000,94612.625,95642.0547,93583.1953
1745971200000,94654.7656,95697.3906,93612.1406
1745985600000,94717.7266,95625.2422,93810.2188
1746000000000,94812.2656,95600.8359,94023.6953
1746014400000,94761.8359,95657.6953,93865.9766
1746028800000,94675.5625,95570.1875,93780.9453
1746043200000,94697.6875,95519.3125,93876.0547
1746057600000,94695.4609,95516.4375,93874.4922
1746072000000,94696.9531,95520.0312,93873.8672
1746086400000,94805.5625,95916.6328,93694.4922
1746100800000,94946.5234,96487.3125,93405.7266
1746115200000,95045.7734,96785.5391,93306.0078
1746129600000,95163.2891,97045.0703,93281.5156
1746144000000,95293.0312,97424.0547,93162
1746158400000,95444.3438,97555,93333.6875
1746172800000,95581.8906,97809.1172,93354.6641
1746187200000,95775.3359,98097.5938,93453.0781
1746201600000,95900.6328,98265.4766,93535.7891
1746216000000,96107.3438,98263.3438,93951.3359
1746230400000,96265.0469,98117.5625,94412.5391
1746244800000,96420.8594,97848.2266,94993.4844
1746259200000,96505.625,97633.5703,95377.6719
1746273600000,96604.8984,97371.4297,95838.375
1746288000000,96618.0078,97359,95877.0156
1746302400000,96545.2969,97367.1641,95723.4297
1746316800000,96486.7969,97418.7578,95554.8438
1746331200000,96441.8828,97430.8047,95452.9609
1746345600000,96318.0625,97377.9297,95258.2031
1746360000000,96251.5938,97405.9844,95097.1953
1746374400000,96152.2422,97293.4375,95011.0469
1746388800000,95933.0234,97262.3906,94603.6562
1746403200000,95726.0781,97265.4766,94186.6797
1746417600000,95572.2969,97048.7344,94095.8672
1746432000000,95407.0312,97020.6641,93793.3906
1746446400000,95221.7812,96966.1641,93477.3984
1746460800000,95104.875,96863.5,93346.2578
1746475200000,94983.5859,96599.9375,93367.2344
1746489600000,94845.2109,96298.1562,93392.2734
1746504000000,94737.375,96095.4062,93379.3516
1746518400000,94599.9219,95932.1406,93267.7031
1746532800000,94504.3672,95643.4453,93365.2812
1746547200000,94472.5938,95536.0156,93409.1719
1746561600000,94569.75,96106.8516,93032.6484
1746576000000,94635.0078,96393.7188,92876.2969
1746590400000,94827.8984,96930.9766,92724.8203
1746604800000,95040.125,97361.3672,92718.875
1746619200000,95195.9062,97697.9219,92693.8984
1746633600000,95347.4609,97800.8594,92894.0625
1746648000000,95582.0859,97996.5312,93167.6406
1746662400000,95925.625,98827.3594,93023.8828
1746676800000,96249.375,99515.9219,92982.8359
1746691200000,96606.1016,100071.133,93141.0625
1746705600000,97062.2578,100880.352,93244.1641
1746720000000,97597.75,101519.914,93675.5859
1746734400000,98220.8672,102711.898,93729.8281
1746748800000,98756.2109,103332.523,94179.8906
1746763200000,99243.4297,104303.828,94183.0234
1746777600000,99703.9766,104839.664,94568.2891
1746792000000,100126.117,105256.344,94995.8828
1746806400000,100566.25,105600.477,95532.0234
1746820800000,100996.812,105727.875,96265.75
1746835200000,101500.969,105499.297,97502.6406
1746849600000,101979.539,105248.688,98710.3984
1746864000000,102286.594,105205.406,99367.7812
1746878400000,102564.547,104956.984,100172.117
1746892800000,102832.359,104462.789,101201.93
1746907200000,103120.898,104583.461,101658.336
1746921600000,103314.453,104417.055,102211.844
1746936000000,103324.539,104426.492,102222.578
1746950400000,103482.516,104650.625,102314.406
1746964800000,103519.156,104731.945,102306.367
1746979200000,103628.742,104876.82,102380.672
1746993600000,103718.867,104910.93,102526.797
1747008000000,103787.977,104951.977,102623.984
1747022400000,103897.867,105008.641,102787.094
1747036800000,103936.547,104982.117,102890.977
1747051200000,103848.977,105134.844,102563.117
1747065600000,103735.891,105386.562,102085.227
1747080000000,103711.609,105407.547,102015.672
1747094400000,103608.828,105582.047,101635.609
1747108800000,103455.492,105376.43,101534.562
1747123200000,103435.75,105340.484,101531.016
1747137600000,103457.164,105365.305,101549.023
1747152000000,103468.805,105407.141,101530.477
1747166400000,103467.367,105403.781,101530.945
1747180800000,103402.406,105263.492,101541.32
1747195200000,103371.023,105197.469,101544.57
1747209600000,103357.047,105163.32,101550.781
1747224000000,103286.023,104986.039,101586.008
1747238400000,103254.664,104936.594,101572.734
1747252800000,103326.242,104954.664,101697.82
1747267200000,103390.547,104836.305,101944.797
1747281600000,103318.602,104966.109,101671.094
1747296000000,103365.648,104856.102,101875.203
1747310400000,103409.352,104845.227,101973.477
1747324800000,103368.023,104801.383,101934.656
1747339200000,103373.609,104812.266,101934.945
1747353600000,103317.289,104580.625,102053.961
1747368000000,103287.625,104494.266,102080.977
1747382400000,103296.016,104510.914,102081.117
1747396800000,103330.656,104612.695,102048.625
1747411200000,103337.539,104633.148,102041.922
1747425600000,103335.281,104630,102040.555
1747440000000,103348.195,104644.648,102051.742
1747454400000,103343.602,104638.578,102048.625
1747468800000,103362.164,104627.797,102096.531
1747483200000,103446.117,104393.102,102499.125
1747497600000,103502.648,104259.422,102745.875
1747512000000,103494.203,104265.18,102723.227
1747526400000,103505.039,104258.812,102751.258
1747540800000,103515.812,104287.422,102744.211
1747555200000,103500.383,104240.414,102760.352
1747569600000,103629.484,104896.203,102362.766
1747584000000,103646.641,104920.398,102372.891
1747598400000,103810.297,105730.781,101889.82
1747612800000,103778.539,105698.914,101858.172
1747627200000,103762.102,105697.383,101826.82
1747641600000,103723.68,105701.094,101746.266
1747656000000,103820.43,105860.102,101780.758
1747670400000,104000.875,106153.961,101847.797
1747684800000,104188.227,106395.922,101980.531
1747699200000,104372.227,106633.086,102111.375
1747713600000,104507.547,106676.93,102338.172
1747728000000,104644.93,106725.961,102563.898
1747742400000,104746.352,106810.867,102681.836
1747756800000,104978.258,107275.781,102680.734
1747771200000,105074.172,107554.328,102594.016
1747785600000,105285.219,107827.922,102742.523
1747800000000,105289.328,107839.727,102738.93
1747814400000,105501.172,107936.453,103065.891
1747828800000,105914.141,108607.945,103220.344
1747843200000,106320.461,108803.602,103837.312
1747857600000,106668.438,109523.805,103813.07
1747872000000,107115.375,110906.664,103324.078
1747886400000,107506.453,111686.891,103326.008
1747900800000,107879.914,112286.734,103473.094
1747915200000,108327.297,112750.695,103903.906
1747929600000,108753.812,113036.609,104471.023
1747944000000,109208.578,113283.898,105133.258
1747958400000,109497.336,113487.258,105507.414
1747972800000,109774.953,113518.453,106031.445
1747987200000,109933.656,113339.703,106527.609
1748001600000,110106.547,113008.148,107204.945
1748016000000,110260.898,112552.961,107968.836
1748030400000,110138.906,112833.008,107444.805
1748044800000,110118.242,112862.414,107374.07
1748059200000,109971.242,113006.328,106936.156
1748073600000,109787.07,112674.906,106899.234
1748088000000,109636.609,112466.57,106806.641
1748102400000,109493.18,112243.109,106743.25
1748116800000,109241.586,111936.93,106546.242
1748131200000,109022.859,111549.281,106496.43
1748145600000,108734.148,110869.984,106598.312
1748160000000,108461.18,110283.867,106638.484
1748174400000,108193.211,109680.086,106706.344
1748188800000,108096.18,109518.734,106673.625
1748203200000,108100.914,109534.938,106666.891
1748217600000,108167.875,109783.656,106552.094
1748232000000,108369.391,110188.781,106550
1748246400000,108472.289,110430.32,106514.266
1748260800000,108644.156,110681.648,106606.664
1748275200000,108640.602,110674.492,106606.703
1748289600000,108676.93,110748.273,106605.578
1748304000000,108672.5,110741.758,106603.242
1748318400000,108798.211,110842.648,106753.766
1748332800000,108904.047,110947.453,106860.648
1748347200000,109082.039,111089.891,107074.18
1748361600000,109269.133,111034.453,107503.82
1748376000000,109410.18,110657.766,108162.594
1748390400000,109494.719,110375.555,108613.891
1748404800000,109482.492,110394.859,108570.125
1748419200000,109428.484,110386.055,108470.914
1748433600000,109214.125,110674.391,107753.852
1748448000000,109010.031,110848.195,107171.859
1748462400000,108851.383,110706.398,106996.375
1748476800000,108773.32,110666.109,106880.531
1748491200000,108660.742,110568.453,106753.031
1748505600000,108651.875,110556.422,106747.32
1748520000000,108472.32,110488.664,106455.977
1748534400000,108194.023,110562.852,105825.188
1748548800000,107864.602,110340.836,105388.367
1748563200000,107587.711,109968.398,105207.016
1748577600000,107307.969,109896.492,104719.453
1748592000000,107092.016,109620.297,104563.734
1748606400000,106855.07,109309.992,104400.148
1748620800000,106549.188,108984.859,104113.516
1748635200000,106326.57,109066.492,103586.656
1748649600000,106093.406,109131.039,103055.773
1748664000000,105806.227,108914.469,102697.992
1748678400000,105481.57,108538.117,102425.031
1748692800000,105245.156,108027.086,102463.227
1748707200000,104955.602,106942.547,102968.656
1748721600000,104785.398,106419.57,103151.234
1748736000000,104691.359,106256.359,103126.359
1748750400000,104602.508,106108.008,103097.008
1748764800000,104466.016,105774.508,103157.516
1748779200000,104443.133,105722.391,103163.883
1748793600000,104390.211,105476.227,103304.203
1748808000000,104399.648,105525.891,103273.406
1748822400000,104415.914,105559.664,103272.164
1748836800000,104515.164,105734.391,103295.945
1748851200000,104542.648,105698.852,103386.445
1748865600000,104591.734,105664.633,103518.836
1748880000000,104657.891,105551.039,103764.742
1748894400000,104750.992,105833.898,103668.086
1748908800000,104807.961,105958.109,103657.82
1748923200000,104848.805,106009.531,103688.086
1748937600000,104916.172,106068.336,103764.008
1748952000000,105083.172,106472.578,103693.766
1748966400000,105237.656,106630.391,103844.922
1748980800000,105287.945,106651.055,103924.828
1748995200000,105317.664,106683.484,103951.844
1749009600000,105295.398,106649.594,103941.203
1749024000000,105316.641,106649.953,103983.328
1749038400000,105309.141,106642.016,103976.266
1749052800000,105371.836,106531.43,104212.242
1749067200000,105390.078,106497.172,104282.984
1749081600000,105433.805,106426.68,104440.93
1749096000000,105339,106402.133,104275.867
1749110400000,105290.977,106379.719,104202.234
1749124800000,105244.688,106399.898,104089.469
1749139200000,104998.586,107082.078,102915.094
1749153600000,104633.453,107190.305,102076.594
1749168000000,104366.734,106972.281,101761.195
1749182400000,104205.305,106811.867,101598.742
1749196800000,104091.617,106591.742,101591.484
1749211200000,104075.766,106546.977,101604.547
1749225600000,104012.016,106416.883,101607.148
1749240000000,103943.742,106253.133,101634.359
1749254400000,103942.516,106249.844,101635.188
1749268800000,103957.57,106286.945,101628.195
1749283200000,103966.484,106313.141,101619.836
1749297600000,104040.461,106515.586,101565.344
1749312000000,104103.93,106699.938,101507.914
1749326400000,104178.008,106876.828,101479.18
1749340800000,104436.586,106884.039,101989.133
1749355200000,104716.539,106589.188,102843.898
1749369600000,104943.703,106423.492,103463.906
1749384000000,105145.188,106333.727,103956.648
1749398400000,105311.875,106436.109,104187.633
1749412800000,105357.133,106495.555,104218.711
1749427200000,105458.266,106416.148,104500.383
1749441600000,105547.672,106270.164,104825.18
1749456000000,105752.734,107036.398,104469.07
1749470400000,105948.883,107470.992,104426.781
1749484800000,106194.219,108167.25,104221.195
1749499200000,106528.789,109363.836,103693.75
1749513600000,106802.289,109990.695,103613.883
1749528000000,107062.219,110398.945,103725.5
1749542400000,107351.93,110795.602,103908.258
1749556800000,107608.227,110974.07,104242.391
1749571200000,107881.047,111201.391,104560.711
1749585600000,108185.109,111530.266,104839.945
1749600000000,108428.125,111678.469,105177.789
1749614400000,108691.453,111608.227,105774.672
1749628800000,108946.211,111329.344,106563.078
1749643200000,109242.508,110744.281,107740.727
1749657600000,109311.234,110612.148,108010.32
1749672000000,109381.094,110389.984,108372.203
1749686400000,109327.539,110554.383,108100.688
1749700800000,109137.555,110543.578,107731.531
1749715200000,108945.82,110749.047,107142.594
1749729600000,108786.75,110841.516,106731.984
1749744000000,108589.461,110835.5,106343.43
1749758400000,108348.641,111039.227,105658.055
1749772800000,107977.281,111285.68,104668.883
1749787200000,107595.969,111007.094,104184.852
1749801600000,107263.094,110702.812,103823.375
1749816000000,106978.047,110313.219,103642.883
1749830400000,106684.625,109901.867,103467.375
1749844800000,106423.484,109170.727,103676.25
1749859200000,106174.094,108658.352,103689.836
1749873600000,105920.055,108050.758,103789.359
1749888000000,105722.805,107601.656,103843.953
1749902400000,105526.078,107138.633,103913.523
1749916800000,105367.625,106852.297,103882.945
1749931200000,105254.188,106437.781,104070.586
1749945600000,105161.148,106004.336,104317.961
1749960000000,105146.25,105961.688,104330.812
1749974400000,105192.484,105877.289,104507.68
1749988800000,105240.109,105927.203,104553.008
1750003200000,105257.766,105934.555,104580.977
1750017600000,105266.5,105955.312,104577.688
1750032000000,105322.867,106076.203,104569.523
1750046400000,105392.023,106500.383,104283.656
1750060800000,105508.398,106847.672,104169.133
1750075200000,105676.406,107311.789,104041.031
1750089600000,105930.797,108127.875,103733.727
1750104000000,106069.93,108218.758,103921.102
1750118400000,106279.203,108404.703,104153.703
1750132800000,106375.367,108454.75,104295.977
1750147200000,106384.742,108449.086,104320.398
1750161600000,106297.773,108603.25,103992.297
1750176000000,106275.68,108637.141,103914.219
1750190400000,106202.148,108708.109,103696.188
1750204800000,106193.219,108713.211,103673.234
1750219200000,106149.766,108732.266,103567.258
1750233600000,106073.078,108743.484,103402.68
1750248000000,105911.992,108602.57,103221.414
1750262400000,105691.141,108533.594,102848.688
1750276800000,105508.148,108207.094,102809.203
1750291200000,105253.062,107320.062,103186.062
1750305600000,105098.375,107000.969,103195.773
1750320000000,104896.602,106212.383,103580.82
1750334400000,104705.711,105599.133,103812.281
1750348800000,104607.812,105372.438,103843.188
1750363200000,104637.578,105370.992,103904.164
1750377600000,104632.789,105366.594,103898.992
1750392000000,104723.453,105666.953,103779.945
1750406400000,104780.984,105902.477,103659.492
1750420800000,104726.297,105883.625,103568.977
1750435200000,104617.641,105985.18,103250.109
1750449600000,104508.711,106039.984,102977.445
1750464000000,104486.555,106067.539,102905.578
1750478400000,104384.977,106037.562,102732.398
1750492800000,104297.773,105925.023,102670.516
1750507200000,104221.789,105880.758,102562.828
1750521600000,104040.727,105960.219,102121.242
1750536000000,103899.297,106063.727,101734.875
1750550400000,103764.062,106058.102,101470.023
1750564800000,103605.586,105943.281,101267.891
1750579200000,103470.344,105784.258,101156.43
1750593600000,102977.367,105946.023,100008.703
1750608000000,102471.414,105646,99296.8281
1750622400000,102240.047,105353.133,99126.9688
1750636800000,102085.375,105187.438,98983.3047
1750651200000,101990.656,105024.188,98957.1328
1750665600000,101833.242,104770.609,98895.8828
1750680000000,101690.156,104492.609,98887.7109
1750694400000,101641.75,104313.672,98969.8281
1750708800000,101771.633,104934.859,98608.4062
1750723200000,101966.875,105529.023,98404.7344
1750737600000,102173.25,106061.242,98285.2578
1750752000000,102376.047,106564.531,98187.5703
1750766400000,102579.047,107023.273,98134.8281
1750780800000,102789.836,107507.305,98072.3672
1750795200000,103302.977,107770.883,98835.0703
1750809600000,103830.375,107795.633,99865.125
1750824000000,104236.031,108098.234,100373.82
1750838400000,104668.945,108400.352,100937.539
1750852800000,105033.883,108618.922,101448.852
1750867200000,105497.523,108668.461,102326.578
1750881600000,105919.484,108287.008,103551.961
1750896000000,106255.188,108276.93,104233.445
1750910400000,106430.977,108542,104319.953
1750924800000,106601.203,108588.984,104613.414
1750939200000,106765.711,108563.406,104968.023
1750953600000,106931.555,108535.133,105327.984
1750968000000,107053.797,108362.18,105745.422
1750982400000,107183.773,108244.398,106123.148
1750996800000,107240.961,108129.781,106352.148
1751011200000,107293.461,108013.688,106573.227
1751025600000,107342.445,107959.883,106725
1751040000000,107313.852,107990.031,106637.672
1751054400000,107314.914,107989.406,106640.422
1751068800000,107281.312,107909.68,106652.953
1751083200000,107292.625,107930.734,106654.523
1751097600000,107257.523,107812.969,106702.07
1751112000000,107230.922,107702.32,106759.523
1751126400000,107222.594,107690.328,106754.859
1751140800000,107223.438,107691.68,106755.188
1751155200000,107202.102,107642.203,106762
1751169600000,107232.352,107662.422,106802.281
1751184000000,107304.844,108074.672,106535.016
1751198400000,107367.758,108132.602,106602.914
1751212800000,107397.562,108132.953,106662.18
1751227200000,107470.812,108347.453,106594.18
1751241600000,107593.109,108534.266,106651.945
1751256000000,107632.562,108525.086,106740.039
1751270400000,107658.523,108530.172,106786.875
1751284800000,107662.922,108531.992,106793.852
1751299200000,107687.336,108542.406,106832.266
1751313600000,107662.633,108561.008,106764.266
1751328000000,107659.914,108563.844,106755.984
1751342400000,107648.453,108574.156,106722.742
1751356800000,107603.5,108661.094,106545.906
1751371200000,107499.961,108860.25,106139.68
1751385600000,107277.445,108915.227,105639.656
1751400000000,107126.539,108938.188,105314.898
1751414400000,107037.984,108906.648,105169.328
1751428800000,106946.812,108672.43,105221.195
1751443200000,106871.922,108399.703,105344.141
1751457600000,106954.32,108735.164,105173.477
1751472000000,107100.906,109360.211,104841.602
1751486400000,107192.297,109616.641,104767.953
1751500800000,107258.664,109786.094,104731.234
1751515200000,107413.82,110146.016,104681.625
1751529600000,107585.469,110531.43,104639.516
1751544000000,107726.352,110760.852,104691.852
1751558400000,107955.875,111094.336,104817.422
1751572800000,108215.164,111243.594,105186.734
1751587200000,108491.562,111106.688,105876.445
1751601600000,108709.961,110796.227,106623.703
1751616000000,108904.039,110440.789,107367.281
1751630400000,108942.281,110310.938,107573.617
1751644800000,108944.039,110305.117,107582.953
1751659200000,108887.859,110336.758,107438.953
1751673600000,108777.141,110196.836,107357.445
1751688000000,108719.18,110188.68,107249.68
1751702400000,108679.727,110183.633,107175.828
1751716800000,108590.555,110087.172,107093.945
1751731200000,108487.039,109891.836,107082.25
1751745600000,108420.906,109788.492,107053.32
1751760000000,108294.57,109438.75,107150.398
1751774400000,108183.75,109085.969,107281.531
1751788800000,108100.789,108790.227,107411.359
1751803200000,108113.25,108850.641,107375.859
1751817600000,108086.016,108729.875,107442.148
1751832000000,108199.414,108997.758,107401.07
1751846400000,108334.836,109238.117,107431.555
1751860800000,108410.211,109355.461,107464.953
1751875200000,108443.844,109383.469,107504.219
1751889600000,108461.531,109378.531,107544.523
1751904000000,108455.359,109383.133,107527.578
1751918400000,108468.266,109377.5,107559.031
1751932800000,108448,109397.703,107498.297
1751947200000,108466.242,109404.867,107527.625
1751961600000,108516.055,109430.188,107601.922
1751976000000,108531.07,109418.766,107643.375
1751990400000,108579.523,109435.148,107723.898
1752004800000,108581.172,109439.203,107723.141
1752019200000,108569.062,109435.969,107702.164
1752033600000,108533.195,109334.758,107731.633
1752048000000,108508.484,109220.445,107796.523
1752062400000,108508.859,109221.906,107795.805
1752076800000,108731.359,110544.07,106918.641
1752091200000,108943.672,111148.852,106738.492
1752105600000,109161.328,111549.93,106772.727
1752120000000,109377.453,111929.055,106825.844
1752134400000,109604.922,112139.828,107070.016
1752148800000,109817.227,112423.648,107210.812
1752163200000,110145.508,113232.812,107058.195
1752177600000,110699.695,114825.07,106574.312
1752192000000,111277.969,116316.727,106239.219
1752206400000,111900.344,117706.469,106094.211
1752220800000,112581.938,118779.812,106384.062
1752235200000,113172.672,119346.766,106998.578
1752249600000,113821.172,120027.359,107614.984
1752264000000,114429.188,120299.008,108559.367
1752278400000,114859.586,120760.539,108958.633
1752292800000,115321.625,121030.188,109613.055
1752307200000,115804.641,121119.922,110489.367
1752321600000,116224.5,120927.016,111521.984
1752336000000,116690.523,120441.008,112940.031
1752350400000,117120.219,119471.375,114769.062
1752364800000,117438.133,118497.961,116378.312
1752379200000,117580.867,118308.75,116852.977
1752393600000,117670.633,118319.625,117021.641
1752408000000,117749.836,118594.531,116905.141
1752422400000,117828.039,118881.422,116774.648
1752436800000,117979.164,119090.906,116867.422
1752451200000,118169.242,119990.844,116347.641
1752465600000,118541.531,121485.953,115597.102
1752480000000,118808.711,122082.68,115534.734
1752494400000,118965.125,122225.43,115704.828
1752508800000,119119.578,122353.453,115885.703
1752523200000,119318.398,122374.961,116261.836
1752537600000,119295.898,122408.008,116183.797
1752552000000,119253.195,122480.844,116025.547
1752566400000,119210.805,122529.414,115892.203
1752580800000,119100.75,122667.102,115534.398
1752595200000,118983.961,122773.484,115194.43
1752609600000,118917.289,122755.148,115079.438
1752624000000,118815.195,122717.578,114912.812
1752638400000,118756.258,122666.625,114845.891
1752652800000,118615.523,122363.727,114867.32
1752667200000,118355.938,121347.586,115364.281
1752681600000,118199.07,120704.836,115693.305
1752696000000,118112.531,120454.195,115770.859
1752710400000,117980.93,120081.656,115880.195
1752724800000,117870.047,119698.07,116042.031
1752739200000,117926.555,119722.562,116130.555
1752753600000,118077.922,119836.078,116319.766
1752768000000,118209.289,119954.039,116464.547
1752782400000,118408.859,119926.523,116891.195
1752796800000,118683.43,120083.391,117283.469
1752811200000,118800.273,120155.711,117444.836
1752825600000,118922.984,120099.055,117746.922
1752840000000,118899.961,120139.445,117660.484
1752854400000,118801.797,120255.391,117348.211
1752868800000,118721.922,120218.188,117225.656
1752883200000,118657.922,120124.797,117191.039
1752897600000,118626.875,120107.305,117146.438
1752912000000,118646.031,120107.703,117184.352
1752926400000,118630.383,120108.68,117152.086
1752940800000,118632.195,120107.641,117156.742
1752955200000,118557.461,120066.414,117048.516
1752969600000,118487.039,119995.375,116978.695
1752984000000,118406.008,119864.469,116947.539
1752998400000,118239.852,119254.469,117225.227
1753012800000,118192.609,119027.039,117358.18
1753027200000,118120.609,118714,117527.211
1753041600000,118079.992,118789.594,117370.398
1753056000000,118155.086,118792.25,117517.922
1753070400000,118255.547,119155.969,117355.133
1753084800000,118235.094,119133.375,117336.812
1753099200000,118246.516,119150.039,117342.992
1753113600000,118134.625,119283.836,116985.406
1753128000000,118084.93,119288.125,116881.734
1753142400000,118028.281,119302.922,116753.633
1753156800000,118039.219,119312.055,116766.383
1753171200000,118126.266,119543.797,116708.727
1753185600000,118190.008,119677.008,116703.008
1753200000000,118289.188,119889.336,116689.031
1753214400000,118384.258,120226.531,116541.984
1753228800000,118417.445,120265.586,116569.305
1753243200000,118495.164,120246.172,116744.156
1753257600000,118504.664,120256.703,116752.625
1753272000000,118450.492,120132.438,116768.547
1753286400000,118474.656,120146.93,116802.383
1753300800000,118501.852,120182.312,116821.391
1753315200000,118625.562,120032.305,117218.828
1753329600000,118699.133,119949.758,117448.508
1753344000000,118798.945,119768.727,117829.164
1753358400000,118878.922,119772.695,117985.148
1753372800000,118860.523,119733.25,117987.797
1753387200000,118816.289,119718.523,117914.062
1753401600000,118536.766,120441.945,116631.586
1753416000000,118197.648,120515.812,115879.492
1753430400000,118046.891,120482.484,115611.297
1753444800000,117858.469,120539.617,115177.32
1753459200000,117727.086,120427.508,115026.664
1753473600000,117658.5,120309.617,115007.383
1753488000000,117594.109,120207.367,114980.844
1753502400000,117493.039,120019.18,114966.891
1753516800000,117440.727,119904.578,114976.883
1753531200000,117421.547,119856.992,114986.109
1753545600000,117394.477,119781.906,115007.047
1753560000000,117306.82,119508.883,115104.758
1753574400000,117252.453,119318.641,115186.258
1753588800000,117237.242,119272.898,115201.586
1753603200000,117426.758,119248.312,115605.195
1753617600000,117661.57,119173.18,116149.961
1753632000000,117833.867,119373.672,116294.055
1753646400000,118096.797,119396.133,116797.469
1753660800000,118278.25,119495.102,117061.398
1753675200000,118365.102,119576.188,117154.008
1753689600000,118455.914,119601.523,117310.305
1753704000000,118515.453,119509.914,117520.984
1753718400000,118533.625,119486.75,117580.508
1753732800000,118524.336,119492.547,117556.125
1753747200000,118558.57,119524.789,117592.359
1753761600000,118625.773,119543.016,117708.531
1753776000000,118652.156,119543.492,117760.82
1753790400000,118596.305,119679.383,117513.234
1753804800000,118552.211,119754.023,117350.391
1753819200000,118499.461,119745.609,117253.305
1753833600000,118435.461,119660.742,117210.172
1753848000000,118335.289,119423.859,117246.711
1753862400000,118205.656,119226.977,117184.336
1753876800000,118137.023,119086.547,117187.5
1753891200000,117996.789,119065.672,116927.898
1753905600000,117966.391,119031.984,116900.805
1753920000000,117988.461,119076.594,116900.32
1753934400000,118028.023,119164.898,116891.148
1753948800000,117995.234,119069.742,116920.734
1753963200000,117949.266,118916.227,116982.305
1753977600000,117817.391,118890.242,116744.547
1753992000000,117698.195,119215.172,116181.211
1754006400000,117564.18,119421.969,115706.391
1754020800000,117359.109,119614.82,115103.391
1754035200000,117154.953,119607,114702.898
1754049600000,116953.5,119529.109,114377.891
1754064000000,116649.141,119830.383,113467.898
1754078400000,116311.68,119852.016,112771.336
1754092800000,116094.633,119838.07,112351.203
1754107200000,115817.727,119589.68,112045.781
1754121600000,115483.352,119104.852,111861.844
1754136000000,115066.422,118482.023,111650.82
1754150400000,114628.273,117835.555,111420.984
1754164800000,114217.883,116894.156,111541.617
1754179200000,113987.227,116277.734,111696.727
1754193600000,113838.484,115921.344,111755.625
1754208000000,113708.461,115542.586,111874.344
1754222400000,113627.719,115316.039,111939.406
1754236800000,113555.805,115031.992,112079.625
1754251200000,113477.57,114674.086,112281.062
1754265600000,113571.414,114879.234,112263.594
1754280000000,113672.102,115071.312,112272.891
1754294400000,113715.844,115169.531,112262.148
1754308800000,113777.875,115331.945,112223.797
1754323200000,113849.602,115478.328,112220.875
1754337600000,114008.852,115628.289,112389.414
1754352000000,114154.875,115414.953,112894.789
1754366400000,114257.312,115139.883,113374.75
1754380800000,114347.57,115168.969,113526.172
1754395200000,114294.508,115354.555,113234.461
1754409600000,114279.359,115372.781,113185.938
1754424000000,114293.539,115371.852,113215.234
1754438400000,114238.789,115394.398,113083.188
1754452800000,114240.711,115395.898,113085.531
1754467200000,114213.812,115356.156,113071.477
1754481600000,114266.156,115540.219,112992.094
1754496000000,114322.469,115689.367,112955.578
1754510400000,114336.492,115726.102,112946.883
1754524800000,114322.25,115699.469,112945.031
1754539200000,114304.125,115650.445,112957.797
1754553600000,114464.57,116208.414,112720.727
1754568000000,114660.055,116709.898,112610.219
1754582400000,114849.812,117354.086,112345.547
1754596800000,115176.391,117765.227,112587.562
1754611200000,115401.508,117946.398,112856.617
1754625600000,115596.523,118129.953,113063.094
1754640000000,115840.93,118165.391,113516.461
1754654400000,115985.211,118125.367,113845.047
1754668800000,116145.766,118042.352,114249.18
1754683200000,116237.227,118097.836,114376.625
1754697600000,116317.938,118093.32,114542.555
1754712000000,116442.969,118065.445,114820.492
1754726400000,116625.719,117879.945,115371.5
1754740800000,116775.328,117490.68,116059.977
1754755200000,116782.625,117487.148,116078.109
1754769600000,116770.273,117487.992,116052.547
1754784000000,116846.789,117957.461,115736.125
1754798400000,116870.016,118043.164,115696.867
1754812800000,116981.883,118364.008,115599.766
1754827200000,117121.812,118781.578,115462.047
1754841600000,117247.219,119080.391,115414.047
1754856000000,117466.492,119476.812,115456.172
1754870400000,117843.477,120722.227,114964.727
1754884800000,118189.461,121536.102,114842.812
1754899200000,118486.914,121871.25,115102.578
1754913600000,118741.523,122096.945,115386.102
1754928000000,118884.984,122114.922,115655.047
1754942400000,119017.125,122050.422,115983.836
1754956800000,119181.328,121898.68,116463.977
1754971200000,119359.023,121642.492,117075.547
1754985600000,119357.375,121643.305,117071.438
1755000000000,119508.594,121634.008,117383.18
1755014400000,119603.844,121621.898,117585.789
1755028800000,119698.727,121678.562,117718.891
1755043200000,119756.578,121658.125,117855.031
1755057600000,119777.898,121664.219,117891.578
1755072000000,119696.211,121323.484,118068.945
1755086400000,119655.055,121119.719,118190.391
1755100800000,119811.922,121937.711,117686.133
1755115200000,120029.875,122830.18,117229.578
1755129600000,120337.836,123574.531,117101.141
1755144000000,120558.102,123741.242,117374.961
1755158400000,120711.391,123757.469,117665.312
1755172800000,120664.883,123832.281,117497.492
1755187200000,120629.172,123903.125,117355.219
1755201600000,120518.469,123982.031,117054.906
1755216000000,120476.852,123995.242,116958.453
1755230400000,120398.977,123993.469,116804.492
1755244800000,120368.266,124000.922,116735.609
1755259200000,120205.023,124156.406,116253.641
1755273600000,119947.977,124228.523,115667.43
1755288000000,119695.203,124132.672,115257.727
1755302400000,119320.109,123553.469,115086.742
1755316800000,118912.516,122574.836,115250.195
1755331200000,118485.086,121230.57,115739.602
1755345600000,118192.375,120252.219,116132.531
1755360000000,117955,119303.805,116606.195
1755374400000,117888.148,119247.406,116528.891
1755388800000,117867.531,119228.453,116506.602
1755403200000,117844.414,119182.133,116506.695
1755417600000,117791.82,118984.867,116598.781
1755432000000,117737.281,118757.273,116717.281
1755446400000,117634.484,118351.164,116917.805
1755460800000,117644.867,118345.492,116944.242
1755475200000,117530.875,118869.375,116192.367
1755489600000,117379.039,119162.016,115596.055
1755504000000,117200.516,119369.328,115031.695
1755518400000,117092.891,119311.586,114874.203
1755532800000,117013.625,119258.344,114768.906
1755547200000,116907.875,119153.406,114662.336
1755561600000,116701.562,119144.406,114258.727
1755576000000,116527.547,119090.516,113964.586
1755590400000,116370.93,118894.383,113847.477
1755604800000,116065.008,118742.164,113387.852
1755619200000,115690.875,118465.039,112916.703
1755633600000,115302.195,118052.094,112552.297
1755648000000,115008.602,117583.672,112433.523
1755662400000,114725.266,117027.039,112423.492
1755676800000,114602.867,116937.852,112267.883
1755691200000,114463.75,116859.25,112068.25
1755705600000,114411.859,116792.453,112031.266
1755720000000,114275.016,116454.461,112095.57
1755734400000,114103.383,115968.992,112237.781
1755748800000,113934.016,115386.43,112481.594
1755763200000,113813.047,115238.633,112387.469
1755777600000,113656.055,115022.719,112289.398
1755792000000,113415.93,114555.383,112276.477
1755806400000,113323.461,114546.539,112100.375
1755820800000,113310.078,114547.438,112072.719
1755835200000,113327.703,114543.414,112111.984
1755849600000,113240.914,114564.68,111917.156
1755864000000,113443.156,115505.312,111381
1755878400000,113653.656,116281.383,111025.93
1755892800000,113909.117,117004.328,110813.906
1755907200000,113998.711,117198.578,110798.836
1755921600000,114106.75,117429.461,110784.039
1755936000000,114201.289,117571.469,110831.102
1755950400000,114270.008,117647.547,110892.461
1755964800000,114413.508,117751.617,111075.391
1755979200000,114601.812,117843.094,111360.531
1755993600000,114808.172,117753.523,111862.812
1756008000000,114982.797,117623.602,112342
1756022400000,115115.875,117497.477,112734.266
1756036800000,115215.953,117349.336,113082.562
1756051200000,115239.82,117244.969,113234.68
1756065600000,115040.422,117136.172,112944.672
1756080000000,114777.719,116947.844,112607.594
1756094400000,114393.32,116828.938,111957.711
1756108800000,114084.641,116940.039,111229.242
1756123200000,113829.758,116687.078,110972.43
1756137600000,113504.664,116667.406,110341.922
1756152000000,113167.539,116688.961,109646.125
1756166400000,112791.523,116518.812,109064.227
1756180800000,112424.531,116061.75,108787.305
1756195200000,112053.867,115605.852,108501.875
1756209600000,111679.305,115053.211,108305.406
1756224000000,111417.523,114332.859,108502.18
1756238400000,111222.93,113614.891,108830.969
1756252800000,111137.258,113406.289,108868.227
1756267200000,110936.906,112789.07,109084.742
1756281600000,110821.797,112336.422,109307.172
1756296000000,110858.148,112457.891,109258.406
1756310400000,110920.555,112629.883,109211.234
1756324800000,110852.016,112427.539,109276.492
1756339200000,110943.109,112613.969,109272.25
1756353600000,111157.961,113086.984,109228.93
1756368000000,111374.719,113349.203,109400.242
1756382400000,111545.102,113518.797,109571.398
1756396800000,111688.375,113426.594,109950.164
1756411200000,111893.414,113262.453,110524.375
1756425600000,111934.898,113238.016,110631.781
1756440000000,111809.297,113456.07,110162.531
1756454400000,111713.047,113582.844,109843.258
1756468800000,111545.836,114055.125,109036.547
1756483200000,111323.367,114371.977,108274.75
1756497600000,111063.023,114438.93,107687.109
1756512000000,110801.656,114390.531,107212.781
1756526400000,110604.781,114380.438,106829.117
1756540800000,110367.938,114189.578,106546.297
1756555200000,110063.391,113638.75,106488.039
1756569600000,109770.82,113030.844,106510.797
1756584000000,109493.5,112363.797,106623.203
1756598400000,109302.094,111856.391,106747.797
1756612800000,109027.039,110860.812,107193.258
1756627200000,108790.852,109914.445,107667.25
1756641600000,108704.461,109613.281,107795.648
1756656000000,108620.25,109145.133,108095.367
1756670400000,108609.625,109160.109,108059.133
1756684800000,108569.258,109291.93,107846.586
1756699200000,108642.875,109468.445,107817.312
1756713600000,108667.875,109482.844,107852.914
1756728000000,108690.961,109498.391,107883.523
1756742400000,108731.773,109582.227,107881.312
1756756800000,108757.539,109639.789,107875.281
1756771200000,108864.992,110051.047,107678.938
1756785600000,108967.734,110337.32,107598.156
1756800000000,109004.844,110422.445,107587.242
1756814400000,109156.742,110832.992,107480.492
1756828800000,109327.742,111130.586,107524.898
1756843200000,109500.367,111509.312,107491.414
1756857600000,109651.594,111769.742,107533.445
1756872000000,109854.898,111929.055,107780.742
1756886400000,110124.75,111936.18,108313.32
1756900800000,110325.328,112374.078,108276.578
1756915200000,110570.945,112626.664,108515.219
1756929600000,110779.344,112647.461,108911.227
1756944000000,110917.648,112577.242,109258.062
1756958400000,111005.547,112399.375,109611.727
1756972800000,111042.562,112385.477,109699.656
1756987200000,110990.484,112504.719,109476.258
1757001600000,110994.602,112495,109494.203
1757016000000,110985.25,112491.938,109478.562
1757030400000,111021.523,112529.336,109513.703
1757044800000,111145.008,112943.383,109346.633
1757059200000,111238.227,113131.164,109345.289
1757073600000,111210.289,113124.18,109296.398
1757088000000,111222.227,113142.93,109301.531
1757102400000,111110.805,112971.75,109249.867
1757116800000,111029.648,112793.203,109266.102
1757131200000,110965.039,112692.641,109237.43
1757145600000,110936.492,112664.016,109208.969
1757160000000,110931.289,112665.398,109197.188
1757174400000,110873.844,112671.977,109075.703
1757188800000,110923.07,112599.148,109246.992
1757203200000,110985.367,112543.781,109426.945
1757217600000,110990.164,112545.102,109435.227
1757232000000,110989.438,112543.859,109435.016
1757246400000,110872.516,112021.953,109723.078
1757260800000,110794.438,111654.055,109934.82
1757275200000,110824.289,111693.766,109954.805
1757289600000,110783.594,111557.109,110010.078
1757304000000,110825.367,111626.055,110024.672
1757318400000,110893.719,111896.039,109891.406
1757332800000,111022.617,112349.008,109696.227
1757347200000,111116.266,112534.984,109697.539
1757361600000,111236.227,112659.547,109812.914
1757376000000,111354.289,112615.594,110092.992
1757390400000,111554.57,112886.203,110222.945
1757404800000,111681.789,112974.234,110389.352
1757419200000,111691.703,112956.922,110426.484
1757433600000,111694.156,112956.133,110432.18
1757448000000,111710.156,112956.469,110463.844
1757462400000,111731.352,112953.391,110509.305
1757476800000,111832.297,113059.133,110605.469
1757491200000,111922.719,113076.266,110769.172
1757505600000,112108.805,113555.352,110662.266
1757520000000,112218.797,113840.008,110597.586
1757534400000,112314.828,114157.32,110472.336
1757548800000,112479.805,114595.969,110363.648
1757563200000,112625.906,114875.773,110376.047
1757577600000,112794.281,115082.641,110505.922
1757592000000,112878.93,115272.32,110485.531
1757606400000,113021.578,115521.32,110521.836
1757620800000,113350.109,115845.359,110854.859
1757635200000,113628.602,116011.164,111246.031
1757649600000,113884.82,116062.438,111707.203
1757664000000,114127.516,115917.836,112337.195
1757678400000,114312.625,115919.273,112705.969
1757692800000,114626.727,116232.109,113021.344
1757707200000,114785.352,116480.852,113089.852
1757721600000,114959.125,116607.586,113310.656
1757736000000,115092.148,116688.891,113495.414
1757750400000,115207.547,116813.211,113601.891
1757764800000,115330.805,116831.266,113830.344
1757779200000,115460.016,116787.766,114132.266
1757793600000,115586.445,116715.367,114457.516
1757808000000,115677.75,116596.906,114758.594
1757822400000,115701.695,116616.141,114787.25
1757836800000,115746.227,116616.742,114875.719
1757851200000,115757.492,116597.516,114917.469
1757865600000,115810.875,116513.289,115108.469
1757880000000,115825.531,116474.055,115177
1757894400000,115738.078,116217.352,115258.805
1757908800000,115721.828,116172.141,115271.516
1757923200000,115658,116191.945,115124.055
1757937600000,115591.508,116254.797,114928.219
1757952000000,115543.359,116181.75,114904.961
1757966400000,115512.328,116139.828,114884.828
1757980800000,115475.406,116085.008,114865.812
1757995200000,115468.664,116060.023,114877.305
1758009600000,115438.984,116026.008,114851.961
1758024000000,115444.586,116047.031,114842.133
1758038400000,115512.914,116412.094,114613.734
1758052800000,115621.188,116713.023,114529.344
1758067200000,115670.984,116827.227,114514.742
1758081600000,115805.969,117178.32,114433.625
1758096000000,115864.688,117240.141,114489.227
1758110400000,115869.031,117244.32,114493.742
1758124800000,115909.352,117221.625,114597.078
1758139200000,116020.961,117221.047,114820.883
1758153600000,116183.312,117559.266,114807.367
1758168000000,116305.328,117672.734,114937.922
1758182400000,116430.039,117728.477,115131.609
1758196800000,116555.32,117934.297,115176.344
1758211200000,116712.562,117964.523,115460.602
1758225600000,116798.344,117975.617,115621.07
1758240000000,116813.672,117994.766,115632.578
1758254400000,116823.836,118005.625,115642.047
1758268800000,116826.953,118004.031,115649.867
1758283200000,116733.508,117985.953,115481.062
1758297600000,116653.07,118138.617,115167.523
1758312000000,116635.812,118161.758,115109.875
1758326400000,116622.57,118185.406,115059.742
1758340800000,116590.117,118186.055,114994.18
1758355200000,116470.578,117999.086,114942.07
1758369600000,116394.273,117901.094,114887.445
1758384000000,116299.125,117794.875,114803.383
1758398400000,116163.922,117504.523,114823.32
1758412800000,116036.703,117181.508,114891.898
1758427200000,115946.695,116932.758,114960.625
1758441600000,115849.82,116658.68,115040.969
1758456000000,115752.531,116319.289,115185.773
1758470400000,115689.234,116137.367,115241.102
1758484800000,115644.227,116131.094,115157.367
1758499200000,115610.344,116269.031,114951.656
1758513600000,115388.703,117100.828,113676.57
1758528000000,115206.047,117341.586,113070.516
1758542400000,114983.797,117383.672,112583.93
1758556800000,114715.094,117456.359,111973.82
1758571200000,114477.344,117305.484,111649.203
1758585600000,114237.875,117168.961,111306.781
1758600000000,114053.922,116919.422,111188.414
1758614400000,113861.617,116622.117,111101.109
1758628800000,113650.797,116221.656,111079.938
1758643200000,113366.758,115877.914,110855.602
1758657600000,113111.812,115400.258,110823.375
1758672000000,112838.344,114804.797,110871.891
1758686400000,112646.5,114087.945,111205.055
1758700800000,112529.211,113477.938,111580.492
1758715200000,112585.227,113618.594,111551.867
1758729600000,112621.93,113731.633,111512.227
1758744000000,112654.273,113815.609,111492.93
1758758400000,112681.625,113811.984,111551.273
1758772800000,112616.469,113841.445,111391.5
1758787200000,112543.68,113928.805,111158.547
1758801600000,112434.672,113861.859,111007.484
1758816000000,112173.852,114272.391,110075.305
1758830400000,111896.391,114511.648,109281.141
1758844800000,111748.805,114622.547,108875.062
1758859200000,111559.266,114686.219,108432.312
1758873600000,111377.883,114739.906,108015.867
1758888000000,111126.156,114620.016,107632.305
1758902400000,110852.273,114309.695,107394.852
1758916800000,110590.578,113806.297,107374.859
1758931200000,110315.938,113153.461,107478.406
1758945600000,110037,112360.578,107713.422
1758960000000,109807.086,111692.07,107922.102
1758974400000,109638.391,111184.391,108092.391
1758988800000,109500.258,110720.055,108280.461
1759003200000,109360.484,109768.562,108952.414
1759017600000,109367.922,109778.32,108957.523
1759032000000,109404.305,109763.32,109045.289
1759046400000,109390,109734.289,109045.711
1759060800000,109439.352,109907.953,108970.742
1759075200000,109523.523,110149.312,108897.727
1759089600000,109746.617,111202.18,108291.047
1759104000000,109937.898,111717.203,108158.594
1759118400000,110094.961,112119.695,108070.234
1759132800000,110276.812,112526.117,108027.516
1759147200000,110591.188,113424.031,107758.344
1759161600000,110943.117,114240.961,107645.273
1759176000000,111294.289,114894.797,107693.773
1759190400000,111649.625,115417.672,107881.586
1759204800000,111943.547,115678.547,108208.555
1759219200000,112203.32,115706.672,108699.969
1759233600000,112461.305,115649.625,109272.984
1759248000000,112815.375,115639.852,109990.906
1759262400000,113101.539,115515.547,110687.523
1759276800000,113376.711,115288.539,111464.875
1759291200000,113545.391,115415.891,111674.891
1759305600000,113896.797,116176.656,111616.938
1759320000000,114295.461,116934.133,111656.781
1759334400000,114674.547,117473.43,111875.664
1759348800000,115017.711,118422.719,111612.695
1759363200000,115338.453,119205.789,111471.109
1759377600000,115639.289,119787.969,111490.602
1759392000000,115954.383,120340.094,111568.68
1759406400000,116396.508,121043.781,111749.234
1759420800000,116951.836,121739.492,112164.18
1759435200000,117482.539,122096.133,112868.953
1759449600000,117904.547,122371.281,113437.82
1759464000000,118308.109,122293.906,114322.305
1759478400000,118752.492,122139.883,115365.102
1759492800000,119308.203,122265.055,116351.344
1759507200000,119729.969,122809.039,116650.906
1759521600000,120075.039,123132.984,117017.094
1759536000000,120422.461,123297.273,117547.641
1759550400000,120689.945,123540.164,117839.719
1759564800000,120924.477,123628.82,118220.133
1759579200000,121159.719,123544.727,118774.719
1759593600000,121388.18,123412.688,119363.672
1759608000000,121563.844,123478.445,119649.242
1759622400000,121772.961,123955.07,119590.859
1759636800000,122071.094,124612.492,119529.695
1759651200000,122302.281,124726.047,119878.508
1759665600000,122528.93,124472.344,120585.508
1759680000000,122689.195,124232.828,121145.555
1759694400000,122776.031,124359.898,121192.156
1759708800000,122861.844,124544.875,121178.812
1759723200000,122942.719,124613.188,121272.258
1759737600000,123080.57,124829.438,121331.703
1759752000000,123270.602,125231.5,121309.695
1759766400000,123512.094,125623.023,121401.164
1759780800000,123714.539,125677.984,121751.086
1759795200000,123880.672,125617.383,122143.961
1759809600000,123974.852,125511.078,122438.625
1759824000000,124024.836,125578.836,122470.836
1759838400000,123824,125666.445,121981.555
1759852800000,123694.109,125843.5,121544.719
1759867200000,123587.422,126023.867,121150.977
1759881600000,123498.922,126146.898,120850.945
1759896000000,123363.07,126182.078,120544.07
1759910400000,123290.477,126103.648,120477.305
1759924800000,123202.961,126072.32,120333.594
1759939200000,123145.648,125963.078,120328.219
1759953600000,123021.344,125643.227,120399.461
1759968000000,122780.773,125085.055,120476.492
1759982400000,122582.859,124673.812,120491.906
1759996800000,122468.375,124326.906,120609.852
1760011200000,122286.125,124119.742,120452.516
1760025600000,122037.344,123520.609,120554.078
1760040000000,122020.414,123514.531,120526.297
1760054400000,121977.406,123542.297,120412.516
1760068800000,121948.078,123573.023,120323.133
1760083200000,121958.539,123571.195,120345.875
1760097600000,121773.93,123981.469,119566.391
1760112000000,121328.984,124682.766,117975.203
1760126400000,120673.414,126071.875,115274.953
1760140800000,119887.133,126522.742,113251.531
1760155200000,118967.789,126905.461,111030.109
1760169600000,118274.711,126701.227,109848.203
1760184000000,117557.812,126333.062,108782.57
1760198400000,116737.664,125573.336,107901.992
1760212800000,115991.984,124968.312,107015.656
1760227200000,115258.352,124154.719,106361.977
1760241600000,114538.312,122854.656,106221.969
1760256000000,113880.102,121450.023,106310.172
1760270400000,113329.609,119807.742,106851.477
1760284800000,112816.852,117498.023,108135.672
1760299200000,112529.125,115979.477,109078.773
1760313600000,112402.492,115329.625,109475.367
1760328000000,112575.461,115884.617,109266.297
1760342400000,112704.898,116118.102,109291.695
1760356800000,112988.672,116249.352,109727.992
1760371200000,113240.422,116789.375,109691.461
1760385600000,113480.375,117075.367,109885.391
1760400000000,113643.211,117018.133,110268.297
1760414400000,113715.461,116873.773,110557.141
1760428800000,113758.367,116766.195,110750.539
1760443200000,113854.055,116658.383,111049.734
1760457600000,113907.188,116583.141,111231.227
1760472000000,113893.977,116584.875,111203.078
1760486400000,113726.977,116564.578,110889.375
1760500800000,113554.977,116353,110756.961
1760515200000,113346.234,116155.781,110536.688
1760529600000,113018.547,115853.5,110183.602
1760544000000,112806.469,115693.414,109919.523
1760558400000,112547.547,115471.797,109623.297
1760572800000,112225.188,114556.367,109894
1760587200000,111893.625,113690.852,110096.391
1760601600000,111742.672,113306.586,110178.758
1760616000000,111514.195,113788.312,109240.07
1760630400000,111291.391,114132.914,108449.867
1760644800000,110950.625,114055.93,107845.312
1760659200000,110705.219,113794.148,107616.297
1760673600000,110171.602,113958.711,106384.492
1760688000000,109713.672,114005.789,105421.555
1760702400000,109296.703,113520.219,105073.18
1760716800000,108903.43,113090.391,104716.469
1760731200000,108588.492,112810.391,104366.594
1760745600000,108289.695,112302.023,104277.359
1760760000000,107999.828,111839.062,104160.594
1760774400000,107705.234,111079.305,104331.164
1760788800000,107445.906,110435.75,104456.062
1760803200000,107135.438,109161.125,105109.742
1760817600000,107037.617,108909.398,105165.836
1760832000000,106968.648,108729.75,105207.555
1760846400000,106868.539,108502.039,105235.039
1760860800000,106768.562,107932.156,105604.977
1760875200000,106974.969,108241.555,105708.383
1760889600000,107210.094,108601.727,105818.461
1760904000000,107343.914,108889.102,105798.727
1760918400000,107607.008,109630.555,105583.461
1760932800000,107946.109,110566.617,105325.594
1760947200000,108227.633,111229.961,105225.312
1760961600000,108543.086,111758.336,105327.836
1760976000000,108799.539,112120.875,105478.211
1760990400000,109054.93,112313.969,105795.891
1761004800000,109196.883,112264.227,106129.547
1761019200000,109261.445,112190.195,106332.688
1761033600000,109356.773,112098.219,106615.32
1761048000000,109831.75,112893.516,106769.984
1761062400000,110118.922,113103.578,107134.266
1761076800000,110107.359,113118.641,107096.07
1761091200000,110057.461,113167.648,106947.266
1761105600000,110035.539,113189.531,106881.555
1761120000000,109851.172,113253.906,106448.438
1761134400000,109652.227,113048.43,106256.031
1761148800000,109424.68,112853.023,105996.336
1761163200000,109169.258,112587.695,105750.82
1761177600000,108994.039,112309.156,105678.914
1761192000000,108904.344,112116.43,105692.258
1761206400000,108917.586,112133.523,105701.648
1761220800000,109047.375,112263,105831.742
1761235200000,109162.305,112418.219,105906.391
1761249600000,108922.211,111255.242,106589.188
1761264000000,108826.438,110757.328,106895.547
1761278400000,109022.875,111240.414,106805.336
1761292800000,109226.547,111626.711,106826.391
1761307200000,109346.625,111723.094,106970.164
1761321600000,109563.055,111791.82,107334.289
1761336000000,109748.742,111987.781,107509.703
1761350400000,109974.789,112022.141,107927.438
1761364800000,110255.141,111935.297,108574.992
1761379200000,110483.117,111916.086,109050.141
1761393600000,110632.789,111956.453,109309.117
1761408000000,110801.312,111962.039,109640.586
1761422400000,110924.656,112037.43,109811.883
1761436800000,110998.719,112042.727,109954.719
1761451200000,111116.438,112072.594,110160.281
1761465600000,111316.984,112703.758,109930.211
1761480000000,111503.273,113330.648,109675.891
1761494400000,111681.055,113770.039,109592.078
1761508800000,112002.383,114333.797,109670.977
1761523200000,112314.258,114948.055,109680.453
1761537600000,112636.344,115621.367,109651.312
1761552000000,112945.281,116076.359,109814.195
1761566400000,113190.477,116357.602,110023.352
1761580800000,113430.961,116572.352,110289.562
1761595200000,113624.453,116557.062,110691.836
1761609600000,113785.734,116494.289,111077.18
1761624000000,113965.664,116393.914,111537.414
1761638400000,114186.312,116083.352,112289.281
1761652800000,114393.766,115698.375,113089.156
1761667200000,114421.984,115640.617,113203.359
1761681600000,114366.117,115775.367,112956.859
1761696000000,114289.766,115958.094,112621.43
1761710400000,114220.477,115926.953,112514.008
1761724800000,114089.648,115834.836,112344.469
1761739200000,113802.773,115827.141,111778.398
1761753600000,113467.203,115895.07,111039.328
1761768000000,113116.258,115993.109,110239.406
1761782400000,112816.336,115757.539,109875.133
1761796800000,112621.008,115568.336,109673.68
1761811200000,112323.125,115542.047,109104.195
1761825600000,111862.461,115699.062,108025.859
1761840000000,111302.461,115777.008,106827.914
1761854400000,110849.156,115179.406,106518.906
1761868800000,110529.422,114642.438,106416.406
1761883200000,110279.055,114211.484,106346.633
1761897600000,110128.211,113867.391,106389.039
1761912000000,109882.898,113110.773,106655.023
1761926400000,109642.32,112328.359,106956.281
1761940800000,109502.359,111987.586,107017.133
1761955200000,109467.203,111901.781,107032.617
1761969600000,109465.43,111898.531,107032.328
1761984000000,109417.398,111775.672,107059.133
1761998400000,109337.578,111499.172,107175.984
1762012800000,109376.156,111579.977,107172.336
1762027200000,109542.664,111554.281,107531.047
1762041600000,109791.797,110872.547,108711.047
1762056000000,109974.305,110782.602,109166.008
1762070400000,110113.594,110987.625,109239.555
1762084800000,110161.219,110936.641,109385.805
1762099200000,110142.148,110908.555,109375.75
1762113600000,110169.789,110956.258,109383.312
1762128000000,110038.352,111440.164,108636.531
1762142400000,109889.055,111823.789,107954.328
1762156800000,109720.227,111935.453,107505.008
1762171200000,109414.945,112442,106387.883
1762185600000,109199.398,112440.375,105958.43
1762200000000,108935.18,112398.75,105471.609
1762214400000,108710.711,112218.07,105203.352
1762228800000,108310.555,112366.086,104255.031
1762243200000,107920.578,112301.008,103540.148
1762257600000,107371.508,112081.227,102661.789
1762272000000,106610.125,112041.953,101178.289
1762286400000,105994.031,111678.945,100309.109
1762300800000,105421.578,110945.375,99897.7812
1762315200000,104810.594,109825.398,99795.7891
1762329600000,104391.164,109281.812,99500.5156
1762344000000,104122.234,108720.234,99524.2344
1762358400000,103850.016,107981.68,99718.3516
1762372800000,103716.656,107720.977,99712.3438
1762387200000,103471.086,107031.875,99910.2969
1762401600000,103229.477,106365.969,100092.984
1762416000000,102949.859,105249,100650.719
1762430400000,102771.367,104973.938,100568.789
1762444800000,102542.242,104639.719,100444.766
1762459200000,102407.688,104579.734,100235.641
1762473600000,102504.984,104426.727,100583.25
1762488000000,102541.406,104397.617,100685.195
1762502400000,102413.789,104592.805,100234.781
1762516800000,102324.5,104670.469,99978.5312
1762531200000,102415.898,104808.32,100023.477
1762545600000,102386.336,104725.938,100046.734
1762560000000,102282.016,104457.961,100106.07
1762574400000,102170.602,104172.719,100168.477
1762588800000,102041.328,103889.844,100192.812
1762603200000,101934.625,103689.742,100179.508
1762617600000,101845.141,103462.117,100228.172
1762632000000,101868.984,103499.203,100238.773
1762646400000,101889.578,103497.633,100281.523
1762660800000,101935.062,103502.25,100367.883
1762675200000,101961.164,103532.047,100390.281
1762689600000,102087.516,103894.391,100280.641
1762704000000,102403.945,104395.852,100412.031
1762718400000,102687.195,104748.25,100626.133
1762732800000,102877.453,105538.227,100216.68
1762747200000,103103.734,106331.523,99875.9453
1762761600000,103363.492,106920.266,99806.7188
1762776000000,103559.297,107153.414,99965.1875
1762790400000,103843.086,107455.562,100230.602
1762804800000,104150.414,107690.656,100610.172
1762819200000,104470.039,107952.57,100987.516
1762833600000,104646.234,107903.867,101388.602
1762848000000,104908.742,107696.68,102120.805
1762862400000,105018.984,107412.352,102625.617
1762876800000,105082.141,107204.508,102959.781
1762891200000,105030.539,107314.094,102746.984
1762905600000,104923.328,107385.609,102461.047
1762920000000,104809.008,107452.977,102165.031
1762934400000,104737.352,107304.336,102170.367
1762948800000,104430.32,107143.391,101717.25
1762963200000,104080.977,107075.617,101086.336
1762977600000,103836.758,107041.273,100632.242
1762992000000,103574.43,106711.398,100437.461
1763006400000,103392.75,106242.625,100542.875
1763020800000,103141.164,105461.18,100821.148
1763035200000,102898.25,105219.938,100576.562
1763049600000,102420.961,105285.758,99556.1719
1763064000000,102146.828,105297.914,98995.7422
1763078400000,101860.438,105335.773,98385.1016
1763092800000,101435.078,105641.484,97228.6719
1763107200000,100924.305,105812.562,96036.0547
1763121600000,100469.141,105657.812,95280.4688
1763136000000,99804.9531,104898.016,94711.8828
1763150400000,99257.5859,104859.266,93655.8984
1763164800000,98904.8125,104585.391,93224.2344
1763179200000,98522.8516,104150.516,92895.1875
1763193600000,98058.1094,103507.984,92608.2344
1763208000000,97542.4922,102180.812,92904.1719
1763222400000,97045.2891,100677.156,93413.4297
1763236800000,96629.5625,99453.8047,93805.3281
1763251200000,96425.0156,99062.9766,93787.0469
1763265600000,96168.1172,98144.8359,94191.3906
1763280000000,95916.1172,97089.7344,94742.4922
1763294400000,95734.9062,96953.4062,94516.4062
1763308800000,95580.7031,97093.0859,94068.3125
1763323200000,95400.75,96946.6406,93854.8594
1763337600000,95380.7656,96919.2891,93842.2422
1763352000000,95456.625,96907.8359,94005.4219
1763366400000,95397.7109,96772.7266,94022.6875
1763380800000,95226.0234,96733.3984,93718.6406
1763395200000,94939.9219,97337.4453,92542.3984
1763409600000,94646,97354.2031,91937.7969
1763424000000,94273.6172,97558.6328,90988.5938
1763438400000,93907.0391,97674.9141,90139.1562
1763452800000,93598.0625,97430.3906,89765.7422
1763467200000,93370.875,96981.4141,89760.3281
1763481600000,93196.1484,96602.2031,89790.1016
1763496000000,93081.4531,96413.7891,89749.1094
1763510400000,92928.3281,96287.9297,89568.7266
1763524800000,92756.5938,96092.5391,89420.6484
1763539200000,92464.9609,95530.9766,89398.9375
1763553600000,92059.6562,94894.8047,89224.5156
1763568000000,91578.9766,94211.9922,88945.9688
1763582400000,91407.2734,93724.7266,89089.8203
1763596800000,91463.2266,93830.1875,89096.2734
1763611200000,91472.5781,93849.9219,89095.2422
1763625600000,91552.1797,93894.1016,89210.2578
1763640000000,91507.4844,93959.7578,89055.2109
1763654400000,91177.9531,94637.1484,87718.7578
1763668800000,90726.9531,94811.3359,86642.5625
1763683200000,90198.875,94804.6094,85593.1484
1763697600000,89555.4453,94936.3906,84174.4922
1763712000000,88869.2578,95288.3438,82450.1719
1763726400000,88230.7109,95134.5391,81326.875
1763740800000,87715.5078,94699.3203,80731.6953
1763755200000,87371.9141,94376.0625,80367.7656
1763769600000,87057.0781,94181.7891,79932.3672
1763784000000,86560.7656,93358.8672,79762.6641
1763798400000,85964.7656,92056.25,79873.2812
1763812800000,85392.8438,90454.8672,80330.8203
1763827200000,84872.9766,88478.6953,81267.2578
1763841600000,84509.0312,86901.9688,82116.0938
1763856000000,84468.8281,86722.8125,82214.8438
1763870400000,84412.7969,86495.7109,82329.8906
1763884800000,84452.1094,86647.9531,82256.2656
1763899200000,84676.25,87203.8594,82148.6406
1763913600000,85038.1875,87480.6406,82595.7344
1763928000000,85320.9688,87578.5,83063.4375
1763942400000,85555.7891,87935.8828,83175.7031
1763956800000,85693.5391,88158.8516,83228.2344
1763971200000,85825.0469,88180.2656,83469.8359
1763985600000,85972.0312,88227.875,83716.1875
1764000000000,86275.6172,88532.6875,84018.5469
1764014400000,86564.5469,88709.9766,84419.1172
1764028800000,86795.1562,88695.9219,84894.3906
1764043200000,86988.125,88479.8594,85496.3828
1764057600000,87066.2969,88501.4844,85631.1172
1764072000000,87151.9141,88379.8281,85924
1764086400000,87192.0938,88332.2656,86051.9219
1764100800000,87212.4141,88348.8047,86076.0234
1764115200000,87198.375,88337.6797,86059.0625
1764129600000,87277.0781,88440.4844,86113.6719
1764144000000,87251.3594,88420.0234,86082.6953
1764158400000,87247.8281,88420.2422,86075.4219
1764172800000,87514.4297,89182.7188,85846.1328
1764187200000,87793.1953,89948.625,85637.7656
1764201600000,87991.4922,90714.9531,85268.0312
1764216000000,88215.3047,91447.8203,84982.7969
1764230400000,88470.5234,92062.375,84878.6719
1764244800000,88723.6953,92458.8984,84988.4922
1764259200000,89022.2109,92922.1016,85122.3281
1764273600000,89335.7969,93209.4141,85462.1875
1764288000000,89646.4531,93352.9297,85939.9688
1764302400000,89901.875,93411.6797,86392.0781
1764316800000,90212.0547,93412.0547,87012.0625
1764331200000,90529.8828,93621.0078,87438.7578
1764345600000,90822.7734,93231.6172,88413.9297
1764360000000,91105.2031,92163.1328,90047.2656
1764374400000,91158.8984,92027.6719,90290.125
1764388800000,91166.125,92012.2578,90320
1764403200000,91139.7188,92023.75,90255.6953
1764417600000,91117.7656,91993.7109,90241.8125
1764432000000,91068.3984,91968.3906,90168.4062
1764446400000,91061.5078,91968.375,90154.6406
1764460800000,91018.9141,91897.0078,90140.8203
1764475200000,90994.7188,91859.875,90129.5625
1764489600000,90984.8672,91845.5859,90124.1484
1764504000000,91023.4766,91907.8672,90139.0859
1764518400000,91026.9609,91917.4766,90136.4531
1764532800000,90884.3125,91491.1484,90277.4844
1764547200000,90540.9375,92957.2031,88124.6719
1764561600000,90228.8984,93404.5,87053.2969
1764576000000,89903.3047,93707.9297,86098.6875
1764590400000,89480.0391,94130.8203,84829.2656
1764604800000,89074.5625,94208.6719,83940.4531
1764619200000,88732.5781,93930.6328,83534.5312
1764633600000,88467.2734,93627.9609,83306.5781
1764648000000,88194.7266,93237.3359,83152.1172
1764662400000,87941.0938,92767.9453,83114.2422
1764676800000,87930.8516,92732.625,83129.0703
1764691200000,87992.3984,92969.7578,83015.0391
1764705600000,87983.6016,92937.1484,83030.0469
1764720000000,88066.0156,93278.4297,82853.6016
1764734400000,88255.7891,93954.7656,82556.8203
1764748800000,88731.9609,94805.3047,82658.6094
1764763200000,89150.2812,95356.3047,82944.25
1764777600000,89643.3281,95898.6875,83387.9688
1764792000000,90271.625,96135.6641,84407.5781
1764806400000,90880.7578,96162.7812,85598.7344
1764820800000,91388.9219,96140.375,86637.4688
1764835200000,91816.4609,95916.8984,87716.0156
1764849600000,92244,95368.4453,89119.5547
1764864000000,92573.1562,94150.3672,90995.9453
1764878400000,92662.0547,93944.6406,91379.4688
1764892800000,92680.8438,93924.1406,91437.5469
1764907200000,92749.1875,93761.8516,91736.5156
1764921600000,92658.8047,93909.0469,91408.5625
1764936000000,92476.1953,94155.1562,90797.2344
1764950400000,92236.0391,94436.5547,90035.5312
1764964800000,92018.3984,94682.2656,89354.5312
1764979200000,91778.6328,94641.3281,88915.9375
1764993600000,91503.9766,94424.3906,88583.5703
1765008000000,91223.9609,94072.6094,88375.3203
1765022400000,90962.5312,93637.2891,88287.7656
1765036800000,90710.4062,93265.8984,88154.9141
1765051200000,90442.1953,92774.8672,88109.5156
1765065600000,90280.6641,92482.8359,88078.4922
1765080000000,90087.6953,92099.2734,88076.1094
1765094400000,89872.1953,91580.6094,88163.7734
1765108800000,89678.25,90772.8125,88583.6875
1765123200000,89682.9453,90805.9531,88559.9375
1765137600000,89678.2969,90789.3984,88567.2031
1765152000000,89780.7031,91097.3594,88464.0391
1765166400000,89939.4922,91503.3984,88375.5859
1765180800000,90102.3672,91958.3047,88246.4297
1765195200000,90128.2812,91963.5938,88292.9609
1765209600000,90163.2891,91974.6484,88351.9375
1765224000000,90226.9219,92034.4375,88419.4062
1765238400000,90297.4141,92043.3828,88551.4531
1765252800000,90386.9609,92025.1797,88748.7344
1765267200000,90434.25,92026.7031,88841.7969
1765281600000,90671.5938,92519.1016,88824.0859
1765296000000,91003.5859,93248.2734,88758.8984
1765310400000,91227.5938,93463.9062,88991.2812
1765324800000,91298.8594,93613.9688,88983.7422
1765339200000,91469.5312,93835.7188,89103.3438
1765353600000,91543.8516,93918.6953,89169
1765368000000,91578.7578,93966.2344,89191.2812
1765382400000,91649.75,94131.7266,89167.7734
1765396800000,91797.3594,94091.2422,89503.4688
1765411200000,91782.0703,94123.9062,89440.2344
1765425600000,91755.4922,94157.4609,89353.5234
1765440000000,91744.9375,94172.375,89317.4922
1765454400000,91700.8906,94239.8047,89161.9844
1765468800000,91732.9766,94213.5156,89252.4453
1765483200000,91720.75,94184.1875,89257.3125
1765497600000,91613.0859,93827.4141,89398.7578
1765512000000,91594.8594,93778.3047,89411.4062
1765526400000,91594.6484,93777.7969,89411.5
1765540800000,91391.0391,93634.5859,89147.4844
1765555200000,91255.2578,93541.3906,88969.1172
1765569600000,91127.3281,93428.1484,88826.5156
1765584000000,90940.2266,93044.6797,88835.7734
1765598400000,90818.8203,92860.7969,88776.8438
1765612800000,90851.0078,92845.4766,88856.5391
1765627200000,90838.6406,92850.1562,88827.1328
1765641600000,90835.125,92851.125,88819.1172
1765656000000,90862.4141,92833.8281,88891
1765670400000,90823.4219,92819.6641,88827.1797
1765684800000,90660.625,92441.8672,88879.375
1765699200000,90451.6016,92112.8984,88790.2969
1765713600000,90207.5234,91635.3281,88779.7109
1765728000000,89938.0703,90993.1172,88883.0234
1765742400000,89810.7969,91221.7266,88399.8672
1765756800000,89742.9141,91164.7656,88321.0625
1765771200000,89706.5938,91102.5625,88310.625
1765785600000,89658.3672,91014.8125,88301.9141
1765800000000,89421.875,91303.6562,87540.0859
1765814400000,89121.2344,91589.375,86653.0938
1765828800000,88857.6875,91633.9062,86081.4609
1765843200000,88545.9062,91626.0312,85465.7812
1765857600000,88240.5547,91439.4141,85041.7031
1765872000000,88022.5547,91054.4375,84990.6797
1765886400000,87858.2031,90633.0469,85083.3516
1765900800000,87729.25,90381.7812,85076.7188
1765915200000,87644.6484,90204.8359,85084.4688
1765929600000,87539.8984,90052.0938,85027.7031
1765944000000,87458.6953,89963.9141,84953.4688
1765958400000,87292.2188,89602.7734,84981.6719
1765972800000,87110.6875,88988,85233.375
1765987200000,86849.25,88196.8438,85501.6562
1766001600000,86791.1016,88179.7891,85402.4062
1766016000000,86821.875,88166.9375,85476.8203
1766030400000,86849.4297,88172.6406,85526.2188
1766044800000,86949.0078,88146.9766,85751.0391
1766059200000,87126.8984,88415.25,85838.5547
1766073600000,86927.5391,88826.6328,85028.4531
1766088000000,86749.0781,88708.3281,84789.8359
1766102400000,86697.3281,88608.5312,84786.125
1766116800000,86701.1641,88621.4453,84780.8828
1766131200000,86769.9531,88814.5156,84725.3906
1766145600000,86833.9141,88955.9141,84711.9141
1766160000000,86893.4141,89067.1562,84719.6719
1766174400000,86955.2812,89206.0547,84704.5
1766188800000,87109.9531,89365.3359,84854.5625
1766203200000,87254.9688,89511.4062,84998.5391
1766217600000,87374.1094,89642.5312,85105.6875
1766232000000,87468.9453,89738.4219,85199.4609
1766246400000,87537.1016,89827.3828,85246.8125
1766260800000,87526.4297,89801.1016,85251.75
1766275200000,87783.8906,89268.625,86299.1562
1766289600000,87975.5781,88682.7266,87268.4297
1766304000000,88098.6641,88473.1484,87724.1797
1766318400000,88109.1562,88463.9844,87754.3281
1766332800000,88131.5625,88522.2188,87740.9062
1766347200000,88182.4688,88612.5859,87752.3516
1766361600000,88251.2734,88688.8906,87813.6484
1766376000000,88327.3203,88933.4844,87721.1562
1766390400000,88451.7344,89440.6875,87462.7812
1766404800000,88555.7656,89710.1797,87401.3438
1766419200000,88540.3359,89718.6016,87362.0703
1766433600000,88572.2109,89724.0547,87420.375
1766448000000,88566.5078,89727.3359,87405.6797
1766462400000,88507.8828,89794.3906,87221.3828
1766476800000,88489.8594,89810.0859,87169.6328
1766491200000,88436.5859,89869.2109,87003.9609
1766505600000,88375.3984,89858.5547,86892.25
1766520000000,88331.7031,89889.8984,86773.5078
1766534400000,88248.6016,89899.125,86598.0703
1766548800000,88121.7109,89913.9062,86329.5234
1766563200000,88008.2812,89837.7422,86178.8125
1766577600000,87854.1406,89649.3672,86058.9141
1766592000000,87682.3828,89090.0781,86274.6953
1766606400000,87534.3438,88418.2812,86650.4062
1766620800000,87517.0469,88373.7578,86660.3438
1766635200000,87461.0547,88124.1172,86798
1766649600000,87415.4453,87984.7344,86846.1484
1766664000000,87472.6719,88193.6719,86751.6719
1766678400000,87494.1562,88264.7266,86723.5859
1766692800000,87478.0234,88268.0078,86688.0312
1766707200000,87552.4453,88567.5156,86537.3672
1766721600000,87622.5781,88716.9766,86528.1797
1766736000000,87706.7344,88857.2891,86556.1797
1766750400000,87722.9844,88828.3281,86617.6484
1766764800000,87741.2422,88814.2578,86668.2266
1766779200000,87763.6016,88781.6094,86745.5859
1766793600000,87760.0938,88782.4688,86737.7188
1766808000000,87751.1641,88781.6328,86720.6953
1766822400000,87724.7891,88773.0547,86676.5234
1766836800000,87704.8438,88760.7109,86648.9688
1766851200000,87708.0234,88760.8984,86655.1484
1766865600000,87673.3516,88680.6094,86666.0938
1766880000000,87644.2812,88627.9766,86660.5781
1766894400000,87680.2578,88623.3203,86737.1953
1766908800000,87613.1328,88365.5156,86860.75
1766923200000,87568.0078,88197.5391,86938.4688
1766937600000,87495.7969,87899.7109,87091.8906
1766952000000,87553.3594,87910.2578,87196.4609
1766966400000,87742.7578,89056.8125,86428.7031
1766980800000,87903.8359,89472.7344,86334.9375
1766995200000,87904.0156,89472.6953,86335.3359
1767009600000,87911.2969,89472.6016,86349.9922
1767024000000,87902.1562,89477.2812,86327.0312
1767038400000,87877.2812,89489.1875,86265.3672
1767052800000,87860.7734,89493.2109,86228.3281
1767067200000,87829.5703,89483.0391,86176.1094
1767081600000,87837.5,89488.6406,86186.3594
1767096000000,87926.9141,89659.6094,86194.2188
1767110400000,87950.6328,89683.6719,86217.6016
1767124800000,87996.4219,89739.1406,86253.7031
1767139200000,88060.4062,89780.8906,86339.9219
1767153600000,88105.2031,89834.0547,86376.3516
1767168000000,88022.9609,89463.3203,86582.6016
1767182400000,87901.1172,89078.5703,86723.6562
1767196800000,87899.375,89079.7266,86719.0156
1767211200000,87894.9141,89080.7812,86709.0469
1767225600000,87927.4375,89064.75,86790.1172
1767240000000,87952.8203,89031.875,86873.7656
1767254400000,87997.1094,89005.5625,86988.6484
1767268800000,88035.3125,88981.4141,87089.2109
1767283200000,88069.5938,89009.2188,87129.9688
1767297600000,88055.5703,88950.3672,87160.7734
1767312000000,88106.5703,89085.6172,87127.5312
1767326400000,88130.5469,89151.3359,87109.7656
1767340800000,88206.4219,89414.6953,86998.1484
1767355200000,88265.5078,89595.6562,86935.3516
1767369600000,88332.7891,89860.6719,86804.9062
1767384000000,88482.9609,90181.5469,86784.3672
1767398400000,88687.1172,90498.4766,86875.75
1767412800000,88830.6953,90559.7344,87101.6562
1767427200000,88970.9688,90629.25,87312.6953
1767441600000,89142.6172,90638.375,87646.8516
1767456000000,89297.9609,90679.7734,87916.1562
1767470400000,89489.4688,90774.6172,88204.3203
1767484800000,89696.9766,91049.6094,88344.3516
1767499200000,89893.7969,91400.5938,88387.0078
1767513600000,90065.7266,91594.6016,88536.8516
1767528000000,90247.0391,91695.2422,88798.8438
1767542400000,90368.1094,91792.0156,88944.2031
1767556800000,90522.3516,91919.3906,89125.3125
1767571200000,90735.3359,92499.9531,88970.7188
1767585600000,90916.2188,92821.9531,89010.4922
1767600000000,91115.9062,93272.6094,88959.2031
1767614400000,91427.25,93813.1562,89041.3438
1767628800000,91753.375,94329.5156,89177.2422
1767643200000,92035.1016,94594.9141,89475.2812
1767657600000,92297.125,94736.1406,89858.1016
1767672000000,92484.5547,94760.5,90208.6172
1767686400000,92672.3438,94911.3672,90433.3203
1767700800000,92823.4141,94997.4609,90649.375
1767715200000,92880.3125,94922.4688,90838.1562
1767729600000,93052.3906,94917.7656,91187.0234
1767744000000,93170.2891,94701.6016,91638.9688
1767758400000,93263.7109,94497.8672,92029.5469
1767772800000,93205.6172,94588.8359,91822.3906
1767787200000,93118.8516,94800.9062,91436.7891
1767801600000,92977.6328,94963,90992.2656
1767816000000,92791.0391,94893.8125,90688.2578
1767830400000,92535.9766,94740.1016,90331.8594
1767844800000,92289.1797,94628.4844,89949.875
1767859200000,92030.1641,94482.1562,89578.1719
1767873600000,91847.7031,94307.4453,89387.9531
1767888000000,91636.2031,93895.3125,89377.0859
1767902400000,91450.625,93457.1797,89444.0781
1767916800000,91384.2969,93371.3438,89397.2578
1767931200000,91166.7109,92726.5469,89606.8828
1767945600000,90994.0781,92342.7734,89645.3828
1767960000000,90870.7266,91796.1016,89945.3594
1767974400000,90742.4141,91494.1172,89990.7109
1767988800000,90689.1797,91398.0938,89980.2656
1768003200000,90647.2969,91328.8125,89965.7891
1768017600000,90594.8984,91188.0469,90001.7578
1768032000000,90589.7422,91181.6406,89997.8438
1768046400000,90600.4609,91181.6797,90019.25
1768060800000,90628.9219,91141.5625,90116.2812
1768075200000,90609.3594,91140.0703,90078.6406
1768089600000,90593.3047,91110.875,90075.7422
1768104000000,90564.7266,91038.2266,90091.2266
1768118400000,90530.125,90901.9922,90158.25
1768132800000,90537.5625,90920.5703,90154.5625
1768147200000,90553.4688,90916.4141,90190.5234
1768161600000,90540.5156,90839.7812,90241.25
1768176000000,90645.9297,91257.1328,90034.7266
1768190400000,90701.3516,91382.6094,90020.0938
1768204800000,90700.7891,91382.7578,90018.8281
1768219200000,90773.0781,91569.3047,89976.8516
1768233600000,90855.6484,91787.7969,89923.5078
1768248000000,90901.5078,91827.0234,89975.9922
1768262400000,90959.4062,91874.6641,90044.1484
1768276800000,91066.0469,92024.7734,90107.3281
1768291200000,91158.25,92165.5781,90150.9219
1768305600000,91357.9609,92823.8828,89892.0469
1768320000000,91609.8516,93597.8125,89621.8906
1768334400000,91940.2031,94640.9219,89239.4844
1768348800000,92304.8906,95486.5156,89123.2656
1768363200000,92612.1016,96001.3281,89222.8672
1768377600000,92831.5391,96343.4062,89319.6641
1768392000000,93219.2344,97129.8828,89308.5938
1768406400000,93699.6562,97794.8906,89604.4219
1768420800000,94083.2891,98300,89866.5859
1768435200000,94381.7891,98485.1094,90278.4766
1768449600000,94768.3672,98597.5859,90939.1484
1768464000000,95142.2891,98539.8438,91744.7422
1768478400000,95484.3281,98422.1797,92546.4766
1768492800000,95738.3125,97900.7812,93575.8438
1768507200000,95892.2422,97620.5391,94163.9453
1768521600000,95971.8906,97455.6719,94488.1172
1768536000000,95989.4375,97449.0938,94529.7812
1768550400000,95968.9375,97455.1875,94482.6875
1768564800000,95922.2188,97541.8594,94302.5859
1768579200000,95935.0156,97519.5469,94350.4766
1768593600000,95847.4609,97389.5469,94305.3828
1768608000000,95709.1953,97076.1016,94342.2891
1768622400000,95574.4297,96808.3828,94340.4766
1768636800000,95525.0312,96753.9297,94296.125
1768651200000,95448.5234,96530.2344,94366.8125
1768665600000,95355.7109,96258.5,94452.9141
1768680000000,95244.2734,95803.7266,94684.8203
1768694400000,95220.8594,95772.4844,94669.2344
1768708800000,95183.6406,95719.3203,94647.9688
1768723200000,95171.1406,95707.5547,94634.7266
1768737600000,95130.3516,95615.2188,94645.4844
1768752000000,95126.0391,95603.7656,94648.3203
1768766400000,95060.6094,95940.0156,94181.1953
1768780800000,94896.1094,96434.5234,93357.6953
1768795200000,94702.4766,96554.6641,92850.2969
1768809600000,94547.7422,96540.6641,92554.8203
1768824000000,94401.875,96529.7812,92273.9766
1768838400000,94243.9766,96428.3672,92059.5938
1768852800000,94030.7422,96262.6797,91798.8047
1768867200000,93823.5547,96109.375,91537.7422
1768881600000,93535.4766,96111.8359,90959.1172
1768896000000,93249.1797,95947.6953,90550.6641
1768910400000,92931.75,95773.4844,90090.0156
1768924800000,92539.375,95594.1562,89484.5859
1768939200000,92057.1641,95496.4219,88617.9062
1768953600000,91627.9688,94834.3203,88421.6172
1768968000000,91307.6562,94560.0781,88055.2344
1768982400000,91026,94454.5859,87597.4141
1768996800000,90841.0156,94153.5312,87528.5
1769011200000,90636.9609,93709.8203,87564.1094
1769025600000,90376.8828,93221.3281,87532.4453
1769040000000,90144.1094,92588.9922,87699.2188
1769054400000,89942.2109,92005.4688,87878.9453
1769068800000,89763.875,91346.3438,88181.3984
1769083200000,89610.4453,91076.625,88144.2656
1769097600000,89508.6172,90720.9766,88296.2578
1769112000000,89428.9766,90493.0859,88364.875
1769126400000,89445.1328,90525.2031,88365.0703
1769140800000,89526.8281,90392.4062,88661.25
1769155200000,89511.5703,90400.5938,88622.5469
1769169600000,89545.9062,90406.8516,88684.9609
1769184000000,89629.9062,90352.0391,88907.7734
1769198400000,89578.9609,90240.3359,88917.5938
1769212800000,89533.9062,90083.2578,88984.5547
1769227200000,89541.9844,90082.7188,89001.2578
1769241600000,89518.6719,90046.7734,88990.5703
1769256000000,89477.2891,90033.6797,88920.8906
1769270400000,89428.6172,89970.9609,88886.2734
1769284800000,89439.7578,89943.3906,88936.1172
1769299200000,89375.9297,89960.875,88790.9844
1769313600000,89309.3438,90042.8281,88575.8594
1769328000000,89210.2109,90015.25,88405.1641
1769342400000,89131.125,90048.2031,88214.0391
1769356800000,88938.5312,90628.4062,87248.6562
1769371200000,88721.3516,90764.9062,86677.7969
1769385600000,88527.9453,90619.9844,86435.9062
1769400000000,88415.0156,90465.1484,86364.875
1769414400000,88280.9219,90242.6328,86319.2109
1769428800000,88143.1875,90026.6953,86259.6719
1769443200000,88033.1562,89775.5938,86290.7188
1769457600000,87969.4453,89611.2266,86327.6562
1769472000000,87933.5156,89490.0156,86377.0078
1769486400000,87872.0391,89309.4609,86434.6094
1769500800000,87805.0547,89149.9844,86460.125
1769515200000,87760.625,89049.5391,86471.7031
1769529600000,87748.3359,89014.6875,86481.9844
1769544000000,87804.0781,89224.1641,86383.9922
1769558400000,87988.8125,89287.0078,86690.625
1769572800000,88163.2031,89285.2344,87041.1719
1769587200000,88363.1094,89667.9375,87058.2734
1769601600000,88466.8125,89828.9141,87104.7188
1769616000000,88578.2344,89939.4922,87216.9766
1769630400000,88694.4609,89948.3594,87440.5703
1769644800000,88693.8594,89949.3047,87438.4141
1769659200000,88690.8828,89950.9531,87430.8125
1769673600000,88619.9219,89988.6719,87251.1719
1769688000000,88373.9766,90792.7344,85955.2266
1769702400000,88087.4453,91452.0859,84722.7969
1769716800000,87843.5312,91691.3906,83995.6641
1769731200000,87433.2344,92145.8906,82720.5781
1769745600000,86973.4844,92179.0234,81767.9453
1769760000000,86544.0312,92007.0547,81081.0078
1769774400000,86096.1484,91709.3203,80482.9844
1769788800000,85679.6641,90944.7031,80414.625
1769803200000,85306.8906,90213.5703,80400.2188
1769817600000,84918.7578,89335.8359,80501.6797
1769832000000,84507.7578,88301.0078,80714.5078
1769846400000,84147.2812,87522.2344,80772.3203
1769860800000,83644.6484,86526.2578,80763.0469
1769875200000,82927.4609,86397.1562,79457.7578
1769889600000,82490.9219,86436.6719,78545.1719
1769904000000,82128.1484,86429.4766,77826.8203
1769918400000,81682.9297,86206.2812,77159.5781
1769932800000,81406.9375,86160.2031,76653.6719
1769947200000,81037.3047,86136.7734,75937.8438
1769961600000,80617.6328,85977.7969,75257.4766
1769976000000,80199.6484,85747.9453,74651.3516
1769990400000,79633.2344,85087.7344,74178.7344
1770004800000,79091.3438,84153.9766,74028.7031
1770019200000,78646.2109,82997.1719,74295.2578
1770033600000,78315.4844,81787.7812,74843.1875
1770048000000,77986.3516,80387.6719,75585.0312
1770062400000,77808.0859,79515.1016,76101.0703
1770076800000,77881.6094,79636.9531,76126.2578
1770091200000,77884.5234,79645.0391,76124
1770105600000,77829.0781,79523.5078,76134.6484
1770120000000,77815.3594,79499.3672,76131.3438
1770134400000,77541.2734,79759.1016,75323.4453
1770148800000,77409.0391,79836.2812,74981.8047
1770163200000,77372.8047,79833.6719,74911.9453
1770177600000,77336.9453,79840.3984,74833.4844
1770192000000,77316.4297,79861.8516,74771.0078
1770206400000,77136.1641,80188.6875,74083.6406
1770220800000,76857.9375,80355.75,73360.1172
1770235200000,76443.7422,80296.0781,72591.4141
1770249600000,75930.875,80531.3906,71330.3516
1770264000000,75353.1953,80447.6875,70258.6953
1770278400000,74747.5859,80140.3516,69354.8203
1770292800000,73937.8438,80076.3672,67799.3203
1770307200000,73017.4453,80224.6328,65810.25
1770321600000,71926.4609,80289.5234,63563.3867
1770336000000,71159.3984,80261.2109,62057.5859
1770350400000,70380.0391,79683.4922,61076.5938
1770364800000,69660.8125,78483.2578,60838.3711
1770379200000,69102.6172,77108.3203,61096.9062
1770393600000,68726.0391,75868.2578,61583.8125
1770408000000,68474.9609,75085.875,61864.0508
1770422400000,68267.4922,74367.1172,62167.8711
1770436800000,67914.875,73430.25,62399.5039
1770451200000,67688.6953,72922.8359,62454.5547
1770465600000,67579.9219,72630.7812,62529.0625
1770480000000,67517.6719,72459.8438,62575.5
1770494400000,67651.0703,72667.875,62634.2695
1770508800000,67930.8047,72780.9297,63080.6836
1770523200000,68419.9531,72392.6094,64447.293
1770537600000,68907.4453,72250.9609,65563.9219
1770552000000,69363.9922,71956.2969,66771.6953
1770566400000,69709,71946.8203,67471.1797
1770580800000,69829.9062,71986.0547,67673.7578
1770595200000,69872.8359,72112.5078,67633.1641
1770609600000,69861.6797,72090.6562,67632.7031
1770624000000,69717.7891,71937.0703,67498.5078
1770638400000,69822.0156,71842.2969,67801.7266
1770652800000,70033.0156,71803.3438,68262.6875
1770667200000,70106.8828,71789.2969,68424.4766
1770681600000,70116.1406,71781.9062,68450.3828
1770696000000,70087.9609,71825.5703,68350.3594
1770710400000,70047.4609,71905.5469,68189.3828
1770724800000,70018.6406,71914.4297,68122.8594
1770739200000,69883.0391,71780.0156,67986.0547
1770753600000,69713.9297,71564.5391,67863.3203
1770768000000,69482.625,71275.4297,67689.8281
1770782400000,69247.4531,71405.2812,67089.6172
1770796800000,68945.5391,71097.1172,66793.9609
1770811200000,68668.0859,71028.3594,66307.8125
1770825600000,68574.8516,71005.8203,66143.8828
1770840000000,68397.0938,70898.0312,65896.1484
1770854400000,68157.7891,70290.7812,66024.7891
1770868800000,67947.9766,69851.5,66044.4609
1770883200000,67846.8594,69567.7266,66125.9922
1770897600000,67721.6562,69395.4766,66047.8359
1770912000000,67525.8672,69438.625,65613.1016
1770926400000,67308.3125,69090.3281,65526.2969
1770940800000,67127.4219,68687.1641,65567.6797
1770955200000,66940.1328,68295.0703,65585.2031
1770969600000,66867.7578,68068.0547,65667.4609
1770984000000,66985.3516,68481.7812,65488.9219
1770998400000,67117.8281,68895.8672,65339.793
1771012800000,67283.9531,69206.4844,65361.4141
1771027200000,67382.3047,69475.3359,65289.2812
1771041600000,67536.3906,69804.1797,65268.6016
1771056000000,67746.9766,70462.7891,65031.1719
1771070400000,67932.0312,70804.6484,65059.4102
1771084800000,68060.2031,71090.7109,65029.6914
1771099200000,68251.3984,71344.3281,65158.4688
1771113600000,68550.375,71401.0781,65699.6797
1771128000000,68877.7188,71610.7734,66144.6719
1771142400000,69146.4062,71603.4844,66689.3281
1771156800000,69353.8594,71157.8672,67549.8516
1771171200000,69435.2422,70890.6484,67979.8359
1771185600000,69445.625,70878.9219,68012.3281
1771200000000,69410.0078,70923.375,67896.6406
1771214400000,69392.2109,70940.8984,67843.5156
1771228800000,69384.9688,70943.8672,67826.0781
1771243200000,69264.5156,71109.8125,67419.2188
1771257600000,69078.875,70936.2266,67221.5312
1771272000000,69014.6094,70839.8203,67189.3984
1771286400000,68914.7109,70709.375,67120.0547
1771300800000,68812.4609,70569.1719,67055.7422
1771315200000,68661.6172,70384.0391,66939.1875
1771329600000,68415.8906,69827.3203,67004.4609
1771344000000,68237.3047,69268.7031,67205.9141
1771358400000,68123.2031,69133.8047,67112.5938
1771372800000,68076.2188,69125.0547,67027.3906
1771387200000,68026.4062,69007.7344,67045.0781
1771401600000,67951.2031,68981.8281,66920.5703
1771416000000,67888.7812,68879.8984,66897.6641
1771430400000,67696.3984,68928.9531,66463.8438
1771444800000,67619.375,69021.9766,66216.7734
1771459200000,67554,68993.7969,66114.2031
1771473600000,67434.6875,68698.8828,66170.4922
1771488000000,67293.7422,68534.0859,66053.4062
1771502400000,67153.9297,68343.6562,65964.2031
1771516800000,67097.7109,68237.1094,65958.3203
1771531200000,67071.5156,68206.625,65936.4062
1771545600000,67041.9688,68127.8359,65956.1094
1771560000000,67066.0391,68198.9922,65933.0938
1771574400000,67045.5859,68152.0469,65939.125
1771588800000,67009,68009.4531,66008.5469
1771603200000,67030.2812,68066.4062,65994.1484
1771617600000,67053.7734,68157.1406,65950.3984
1771632000000,67162.1875,68161.625,66162.75
1771646400000,67262.6875,68213.7188,66311.6562
1771660800000,67341.8906,68350.8125,66332.9688
1771675200000,67442.4922,68623.6172,66261.3672
1771689600000,67589.4219,68741.9062,66436.9375
1771704000000,67701.9141,68637.5703,66766.2578
1771718400000,67773.2656,68630.8906,66915.6406
1771732800000,67845.2734,68572.9922,67117.5547
1771747200000,67906.2109,68586.6719,67225.7422
1771761600000,67897.2969,68588.1172,67206.4844
1771776000000,67903.9375,68572.125,67235.7422
1771790400000,67907.0547,68568.6875,67245.4297
1771804800000,67713.2422,69408.625,66017.8672
1771819200000,67565.5703,69489.8125,65641.3281
1771833600000,67460.6016,69518.3281,65402.8672
1771848000000,67304.7812,69557.6953,65051.8633
1771862400000,67033.9766,69736.7969,64331.1602
1771876800000,66752.1172,69577.7422,63926.4844
1771891200000,66396.2891,69499.1406,63293.4453
1771905600000,66054.8672,69446.0703,62663.6602
1771920000000,65710.7578,69221.4844,62200.0312
1771934400000,65423.9844,68807.9219,62040.0469
1771948800000,65153.8711,68206.7734,62100.9648
1771963200000,64896.1641,67661.5859,62130.7461
1771977600000,64752.7344,67177.8438,62327.6328
1771992000000,64568.2305,66434,62702.457
1772006400000,64604.5586,66512.6797,62696.4336
1772020800000,64709.5859,67013.2344,62405.9375
1772035200000,64913.9062,68048.3047,61779.5117
1772049600000,65080.3633,68573.4297,61587.2969
1772064000000,65361.9297,69162.1172,61561.7422
1772078400000,65589.1875,69561.1016,61617.2656
1772092800000,65910.3281,69883.6484,61937.0039
1772107200000,66210.3906,69931.0234,62489.7617
1772121600000,66522.8828,69889.0703,63156.7031
1772136000000,66772.8125,69841.5312,63704.0977
1772150400000,67000.0156,69785.6406,64214.3867
1772164800000,67258.3906,69516.0625,65000.7266
1772179200000,67310.5781,69419.1484,65202.0039
1772193600000,67387.2109,69212.5391,65561.875
1772208000000,67383.9453,69223.6562,65544.2344
1772222400000,67274.2734,69278.75,65269.7969
1772236800000,67041.9766,68940.9453,65143.0156
1772251200000,66743.5859,69208.2734,64278.8984
1772265600000,66430.625,69179.2891,63681.9727
1772280000000,66216.625,68971.8672,63461.3789
1772294400000,66097.0078,68671.2656,63522.7461
1772308800000,66068.7422,68595.5625,63541.9219
1772323200000,66062.5703,68575.2812,63549.8594
1772337600000,66039.4453,68506.5625,63572.3242
1772352000000,65958.2734,68290.3594,63626.1836
1772366400000,65897.3672,68089.9375,63704.793
1772380800000,65885.4062,68075.4609,63695.3516
1772395200000,65861.2344,68050.1797,63672.293
1772409600000,65963.7656,68180.6484,63746.8789
1772424000000,65972.7031,68188.5156,63756.8828
1772438400000,66013.8281,68233.2344,63794.4258
1772452800000,66392.7891,68757.2656,64028.3203
1772467200000,66758.75,68990.1016,64527.3984
1772481600000,67043.3281,69220.6719,64865.9844
1772496000000,67186.375,69419.2266,64953.5117
1772510400000,67270.4453,69550.2891,64990.5938
1772524800000,67236.2344,69517.875,64954.5938
1772539200000,67276.1719,69567.5625,64984.7812
1772553600000,67416.75,69724.3281,65109.1719
1772568000000,67523.9922,69845.8984,65202.0859
1772582400000,67650.5469,69796.0781,65505.0234
1772596800000,67916.7109,69965.1797,65868.25
1772611200000,68224.1953,70737.5703,65710.8203
1772625600000,68753.125,72115.2422,65391.0117
1772640000000,69272.8203,73180.7188,65364.9219
1772654400000,69528.8828,73804.0312,65253.7422
1772668800000,69782.4922,74299.4844,65265.5039
1772683200000,70014.4922,74635.875,65393.1094
1772697600000,70340.8984,75084.2109,65597.5938
1772712000000,70590.4844,75208.7266,65972.2422
1772726400000,70869.0312,75031.4922,66706.5625
1772740800000,71095.0234,74864.3516,67325.6953
1772755200000,71283.7656,74745.8359,67821.6875
1772769600000,71478.7656,74529.3516,68428.1719
1772784000000,71656.7734,74015.875,69297.6719
1772798400000,71585.3281,74247.8125,68922.8438
1772812800000,71371.1406,74585.4375,68156.8516
1772827200000,70992.2109,74418.5547,67565.8594
1772841600000,70596.125,74004.6406,67187.6172
1772856000000,70249.25,73734.4609,66764.0391
1772870400000,69927.2812,73361.5156,66493.0469
1772884800000,69628.1016,73004.5078,66251.6953
1772899200000,69209.3906,72300.9062,66117.8828
1772913600000,68895.4219,71830.1328,65960.7109
1772928000000,68615.6016,71485,65746.2031
1772942400000,68360.6562,71021.1328,65700.1875
1772956800000,68106.9375,70340.5312,65873.3359
1772971200000,67832.3359,69410.9922,66253.6797
1772985600000,67626.3984,68530.9375,66721.8672
1773000000000,67446.2969,68591.0391,66301.5625
1773014400000,67381.0156,68475.4297,66286.5938
1773028800000,67340.5,68370.8125,66310.1875
1773043200000,67316.375,68292.5625,66340.1953
1773057600000,67390.9453,68629.0547,66152.8281
1773072000000,67462.1641,68920.7344,66003.5938
1773086400000,67501.875,69028.9766,65974.7812
1773100800000,67670.2109,69453.6328,65886.7812
1773115200000,67894.6406,70133.1641,65656.125
1773129600000,68151.5703,70707.9453,65595.1953
1773144000000,68441.2188,71416.9453,65465.4961
1773158400000,68622.5,71652.3359,65592.6641
1773172800000,68818.3516,71805.0938,65831.6016
1773187200000,68975.625,71856.8359,66094.4062
1773201600000,69238.875,71583.9453,66893.7969
1773216000000,69379.8672,71429.7969,67329.9375
1773230400000,69572.4766,71369.8984,67775.0625
1773244800000,69779.8281,71328.2109,68231.4453
1773259200000,69873.625,71341.8438,68405.3984
1773273600000,69905.9375,71311.6328,68500.2422
1773288000000,70005.1406,71143.4531,68866.8359
1773302400000,70077.3125,71179.1484,68975.4844
1773316800000,70072.7188,71170.1172,68975.3281
1773331200000,70061.375,71141.3906,68981.3516
1773345600000,70002.4297,70869.1484,69135.7109
1773360000000,70098.8672,71217.8516,68979.875
1773374400000,70218.1406,71569.7734,68866.5156
1773388800000,70411.1641,72043.3906,68778.9453
1773403200000,70567.8203,72284.8359,68850.8047
1773417600000,70710.7891,72255.1953,69166.3906
1773432000000,70762.3828,72282.3516,69242.4219
1773446400000,70793.0781,72318.0781,69268.0859
1773460800000,70822.2188,72313,69331.4453
1773475200000,70914.4844,72191.4922,69637.4844
1773489600000,70970.1719,72106.9766,69833.3594
1773504000000,70989.3906,72096.0234,69882.7656
1773518400000,71051.1406,72093.5391,70008.75
1773532800000,71117.0547,72102.6406,70131.4766
1773547200000,71183.7891,72118.375,70249.1953
1773561600000,71215.9219,72204.0078,70227.8359
1773576000000,71206.0312,72181.3984,70230.6641
1773590400000,71157.1094,71983.9375,70330.2734
1773604800000,71227.2891,72370.8828,70083.6875
1773619200000,71398.2578,73047.2734,69749.2422
1773633600000,71577.1562,73499.0703,69655.2422
1773648000000,71753.1484,73890.7188,69615.5781
1773662400000,71944.2109,74102.3438,69786.0859
1773676800000,72173.4766,74438.8281,69908.125
1773691200000,72479.5859,74946.1094,70013.0625
1773705600000,72747.5859,75186.3125,70308.8594
1773720000000,72966.0703,75348.8516,70583.2891
1773734400000,73157.625,75410.1484,70905.0938
1773748800000,73334.2812,75398.4766,71270.0781
1773763200000,73525.4609,75488.3828,71562.5469
1773777600000,73699.0625,75295.2812,72102.8516
1773792000000,73907.9219,74994.4219,72821.4219
1773806400000,73984.2656,74880.9062,73087.625
1773820800000,73940.0547,74970.6797,72909.4375
1773835200000,73799.3203,75435.3594,72163.2812
1773849600000,73619.1719,75802.8359,71435.5078
1773864000000,73474.0156,75983.9609,70964.0625
1773878400000,73278.3359,76033.1797,70523.4922
1773892800000,72941.7344,75979.3359,69904.1328
1773907200000,72619.9844,75904.7578,69335.2109
1773921600000,72272.8672,75819.5703,68726.1562
1773936000000,72003.5781,75554.6953,68452.4609
1773950400000,71716.1953,75255.7266,68176.6562
1773964800000,71443.875,74655.8125,68231.9375
1773979200000,71223.7031,74144.7969,68302.6016
1773993600000,70936.0547,73263.6562,68608.4609
1774008000000,70647.8281,72375.9219,68919.7344
1774022400000,70448.0781,71642.2422,69253.9141
1774036800000,70378.25,71436.3359,69320.1641
1774051200000,70351.7109,71364.0469,69339.3672
1774065600000,70312.9375,71227.4062,69398.4688
1774080000000,70271.3281,71069.2891,69473.375
1774094400000,70302.2109,71111.7031,69492.7266
1774108800000,70332.8281,71114.3438,69551.3125
1774123200000,70297.4609,71270.8984,69324.0312
1774137600000,70230.2891,71332.0078,69128.5781
1774152000000,70157.3438,71458.3672,68856.3203
1774166400000,69977.4219,71593.1562,68361.6875
1774180800000,69835.5234,71484.1406,68186.8984
1774195200000,69674.125,71495.5703,67852.6875
1774209600000,69530.6406,71582.6406,67478.6484
1774224000000,69381.5703,71539.375,67223.7656
1774238400000,69225.5,71360.9219,67090.0781
1774252800000,69186.0859,71235.3438,67136.8281
1774267200000,69144.5234,71092.9141,67196.125
1774281600000,69146.5156,71100.9062,67192.1172
1774296000000,69165.9531,71181.3594,67150.5391
1774310400000,69174.2031,71209.7734,67138.625
1774324800000,69343.7734,71631.9531,67055.5938
1774339200000,69472.5391,71932.4375,67012.6406
1774353600000,69540.6094,71981.8984,67099.3125
1774368000000,69620.9531,71947.9062,67293.9922
1774382400000,69740.5469,72062.375,67418.7266
1774396800000,69918.8594,72107.5547,67730.1562
1774411200000,70136.9141,72034.6953,68239.1328
1774425600000,70394.125,72044.9062,68743.3438
1774440000000,70571.9766,71743.8516,69400.1016
1774454400000,70625.7344,71769.9141,69481.5547
1774468800000,70711.0469,71859.9375,69562.1641
1774483200000,70727.0469,71877.1094,69576.9844
1774497600000,70667.7891,71870.6719,69464.8984
1774512000000,70577.9219,71996.4531,69159.3906
1774526400000,70418.4844,71991.8359,68845.1406
1774540800000,70228.5391,72049.1094,68407.9609
1774555200000,70152.3359,72119.0938,68185.5781
1774569600000,70109.3906,72173.0234,68045.7656
1774584000000,69963.4062,72181.2422,67745.5781
1774598400000,69675.9766,72436.4375,66915.5234
1774612800000,69331.5234,72570.6484,66092.3984
1774627200000,68926.7109,72323.3594,65530.0664
1774641600000,68608.6328,72085.3359,65131.9375
1774656000000,68275.5234,71732.1875,64818.8594
1774670400000,67932.4922,71065.9375,64799.0508
1774684800000,67605.1953,70388,64822.3828
1774699200000,67385.2969,69836.7656,64933.8359
1774713600000,67215.3594,69459.0391,64971.6758
1774728000000,67021.0391,69068.9062,64973.1797
1774742400000,66905.8516,68796.5,65015.2031
1774756800000,66751.2188,68344.3594,65158.082
1774771200000,66610.6641,67785.8516,65435.4766
1774785600000,66467.6719,67051.7344,65883.6094
1774800000000,66442.8828,67026.25,65859.5234
1774814400000,66434.3672,67043.3359,65825.3906
1774828800000,66513.4609,67149.0859,65877.8281
1774843200000,66600.6406,67417.8203,65783.4609
1774857600000,66702.7734,67625.8594,65779.6797
1774872000000,66780.0859,67792.2734,65767.8984
1774886400000,66795.1172,67782.5078,65807.7266
1774900800000,66779.0391,67763.6719,65794.4141
1774915200000,66835.4531,67911.1719,65759.7266
1774929600000,66906.6562,67962.6016,65850.7109
1774944000000,66890.4688,67957.5703,65823.375
1774958400000,66895.7578,67957.4531,65834.0625
1774972800000,66969.3906,68113.5703,65825.2109
1774987200000,67094.3828,68359.0938,65829.6797
1775001600000,67223.0938,68499.1953,65946.9922
1775016000000,67416.2266,68669.9688,66162.4844
1775030400000,67528.6484,68916.6953,66140.6016
1775044800000,67623.7734,69176.1875,66071.3516
1775059200000,67661.0234,69233.5156,66088.5234
1775073600000,67696.8594,69281.4609,66112.2578
1775088000000,67700.5625,69273.9688,66127.1562
1775102400000,67711.8906,69258.8672,66164.9219
1775116800000,67608.4688,69348.2969,65868.6406
1775131200000,67574.0547,69355.8438,65792.2734
1775145600000,67597.2422,69335.7734,65858.7109
1775160000000,67612.8359,69321.0391,65904.6328
1775174400000,67526.7188,69316.7812,65736.6562
1775188800000,67442.2344,69209.25,65675.2266
1775203200000,67363.3516,69106.4844,65620.2188
1775217600000,67232.7422,68844.2188,65621.2656
1775232000000,67102.8594,68516.1484,65689.5625
1775246400000,66963.2188,67977.7188,65948.7188
1775260800000,66869.375,67658.9609,66079.7969
1775275200000,66791.7422,67233.8438,66349.6406
1775289600000,66834.4922,67283.6641,66385.3203
1775304000000,66868.1641,67389.4688,66346.8594
1775318400000,66945.9062,67335.6328,66556.1797
1775332800000,66977.2578,67389.3672,66565.1484
1775347200000,66989.6484,67405.3906,66573.9062
1775361600000,66981.9922,67409.5781,66554.4062
1775376000000,67011.0391,67366.8828,66655.1875
1775390400000,67028.3203,67405.9844,66650.6641
1775404800000,67050.9375,67452.3047,66649.5703
1775419200000,67204.5781,68247.7344,66161.4297
1775433600000,67363.7656,68755.1094,65972.4219
1775448000000,67516.4453,69131.6172,65901.2734
1775462400000,67714.7109,69589.8906,65839.5234
1775476800000,67925.125,70064.1484,65786.0938
1775491200000,68106.9766,70374.0391,65839.9219
1775505600000,68212.4141,70465.5234,65959.3047
1775520000000,68319.2891,70522.6562,66115.9141
1775534400000,68413.4141,70537.6406,66289.1875
1775548800000,68498.7578,70497.4297,66500.0859
1775563200000,68595.2109,70368.2891,66822.125
1775577600000,68738.9609,70267.1875,67210.7422
1775592000000,69070.4219,71099.4922,67041.3516
1775606400000,69352.7812,71417.6562,67287.8984
1775620800000,69542.4219,71894.9062,67189.9375
1775635200000,69726.5938,72294.3203,67158.8672
1775649600000,69885.0703,72540.9844,67229.1641
1775664000000,70008.4375,72754.3047,67262.5625
1775678400000,70088.9062,72885.4922,67292.3203
1775692800000,70181.3281,73002.7422,67359.9141
1775707200000,70332.5469,73072.3047,67592.7969
1775721600000,70501.3438,73119.9531,67882.7344
1775736000000,70754.4609,73260.1953,68248.7344
1775750400000,71024.4062,73205.5078,68843.3047
1775764800000,71284.6406,72778.2656,69791.0234
1775779200000,71490.2188,72279.2969,70701.1406
1775793600000,71458.875,72215.0391,70702.7188
1775808000000,71519.4141,72333.4375,70705.3906
1775822400000,71578.4141,72520.5312,70636.2969
1775836800000,71692.1016,72964.0859,70420.1172
1775851200000,71812.2188,73216.0703,70408.3672
1775865600000,71924.0469,73395.5312,70452.5703
1775880000000,72046.2109,73490.3984,70602.0156
1775894400000,72184.6719,73559.9141,70809.4297
1775908800000,72321.3516,73546.8516,71095.8516
1775923200000,72504.2578,73720.9766,71287.5312
1775937600000,72570.1719,73795.1641,71345.1797
1775952000000,72535.9062,73838.7969,71233.0156
1775966400000,72529.6484,73848.0781,71211.2188
1775980800000,72501.6562,73891.4531,71111.8672
1775995200000,72460.375,73998.1797,70922.5625
1776009600000,72387.6719,74075.5703,70699.7734
1776024000000,72264.4062,74158.8672,70369.9453
1776038400000,72102.2812,74025.3281,70179.2344
1776052800000,71947.6875,73917.4141,69977.9609
1776067200000,71806.9922,73774.9766,69839.0156
1776081600000,71742.3672,73639.2109,69845.5156
1776096000000,71772.4141,73753.7031,69791.125
1776110400000,71884.0547,74237.625,69530.4922
1776124800000,71938.9844,74485.4922,69392.4766
1776139200000,72047.4453,74884.5156,69210.3672
1776153600000,72246.0156,75308.75,69183.2812
1776168000000,72507.1875,75932.7422,69081.6328
1776182400000,72703.0312,76179.0938,69226.9688
1776196800000,72935.6562,76327.4609,69543.8516
1776211200000,73168.0938,76464.7812,69871.4062
1776225600000,73382.9297,76390.9688,70374.8906
1776240000000,73613.2734,76324.4375,70902.1094
1776254400000,73829.625,76045.0469,71614.2109
1776268800000,74120.8984,75698.8438,72542.9531
1776283200000,74330.7891,75317.8516,73343.7188
1776297600000,74440.8047,75290.9766,73590.6328
1776312000000,74459.6953,75318.5781,73600.8047
1776326400000,74466.6016,75326.5391,73606.6641
1776340800000,74474.9219,75340.3672,73609.4766
1776355200000,74542.6172,75508.5625,73576.6641
1776369600000,74529.6641,75457.0547,73602.2734
1776384000000,74557.2109,75466.3438,73648.0703
1776398400000,74622.7266,75533.4453,73712.0156
1776412800000,74710.9922,75727.1719,73694.8203
1776427200000,75001.2734,76765.9453,73236.6016
1776441600000,75229.5391,77312.8984,73146.1797
1776456000000,75461.9375,77592.0547,73331.8203
1776470400000,75605.7031,77853.75,73357.6484
1776484800000,75762.5469,78067.4375,73457.6641
1776499200000,75845.25,78098.6406,73591.8594
1776513600000,75950.75,78112.6719,73788.8281
1776528000000,76029.8047,78056.9531,74002.6641
1776542400000,76102.5391,77998.3828,74206.7031
1776556800000,76116.0312,77992.0703,74239.9922
1776571200000,76123.875,77984.5469,74263.2109
1776585600000,76196.4219,77882.2812,74510.5625
1776600000000,76251.6641,77831.5312,74671.7969
1776614400000,76207.2812,77892.3828,74522.1719
1776628800000,75921.7109,77786.4062,74057.0234
1776643200000,75724.1484,77511.4062,73936.8984
1776657600000,75561.5938,77237.0312,73886.1562
1776672000000,75432.9609,76915.7031,73950.2266
1776686400000,75341.9609,76565.3984,74118.5156
1776700800000,75360.0547,76630.1719,74089.9453
1776715200000,75337.8125,76561.3047,74114.3203
1776729600000,75342.2812,76570.75,74113.8047
1776744000000,75371.8984,76651.4297,74092.3672
1776758400000,75438.4844,76832.0469,74044.9297
1776772800000,75478.8906,76882.1875,74075.5938
1776787200000,75434.9609,76858.7422,74011.1875
1776801600000,75469.7266,76952.6797,73986.7734
1776816000000,75651.7812,77431.4453,73872.1094
1776830400000,75952.9297,77793.9453,74111.9141
1776844800000,76213.5156,78248.0547,74178.9766
1776859200000,76532.8906,78949.2578,74116.5234
1776873600000,76792.3203,79351.2266,74233.4219
1776888000000,76967.7266,79543.5859,74391.875
1776902400000,77070.7344,79643.9062,74497.5703
1776916800000,77227.6641,79750.5547,74704.7734
1776931200000,77368.3594,79753.7344,74982.9844
1776945600000,77529.4219,79855.5469,75203.2891
1776960000000,77618.8047,79865.9844,75371.625
1776974400000,77790.3047,79819.8984,75760.7109
1776988800000,77986.0391,79296.8594,76675.2188
1777003200000,78082.1562,79037.7188,77126.5938
1777017600000,78134.1641,79034.9688,77233.3594
1777032000000,78136.8984,79036.3281,77237.4766
1777046400000,78090.6406,79024.4766,77156.8047
1777060800000,77958.4922,78685.8906,77231.0938
1777075200000,77875.0703,78437.0703,77313.0703
1777089600000,77825.1172,78397.6406,77252.5859
1777104000000,77820.2812,78397.2812,77243.2734
1777118400000,77769.3516,78383.2109,77155.4922
1777132800000,77743.1484,78399.3281,77086.9688
1777147200000,77689.4766,78251.2969,77127.6641
1777161600000,77666.9531,78250.9453,77082.9531
1777176000000,77657.1094,78206.6562,77107.5547
1777190400000,77682.5312,78273.625,77091.4297
1777204800000,77708.4219,78324.5156,77092.3281
1777219200000,77707.2188,78319.3203,77095.125
1777233600000,77749.2109,78509.7734,76988.6484
1777248000000,77853.8672,78873.3438,76834.3828
1777262400000,77864.5938,78868.7969,76860.3906
1777276800000,77875.6953,78873.6875,76877.7031
1777291200000,77824.6797,78963.3984,76685.9609
1777305600000,77766.1016,79012.7969,76519.3984
1777320000000,77765.9297,79012.8672,76518.9922
1777334400000,77727.5859,79057.6953,76397.4766
1777348800000,77671.7266,79080.5391,76262.9219
1777363200000,77585.9766,79188.3438,75983.6172
1777377600000,77437.8047,79202.1641,75673.4531
1777392000000,77309.7812,79128.2188,75491.3359
1777406400000,77186.2109,79029.1094,75343.3047
1777420800000,77095.3672,78850.5234,75340.2109
1777435200000,76979.9844,78515.3672,75444.6016
1777449600000,76870.5859,77937.2656,75803.9062
1777464000000,76749.7266,77852.9688,75646.4844
1777478400000,76584.5312,77697.1484,75471.9062
1777492800000,76510.3828,77702.8203,75317.9531
1777507200000,76440.6641,77662.6406,75218.6875
1777521600000,76352.625,77480.0859,75225.1562
1777536000000,76295.8906,77411.5703,75180.2109
1777550400000,76265.7031,77344.6016,75186.7969
1777564800000,76277.1562,77355.5391,75198.7734
1777579200000,76294.4219,77363.1328,75225.7109
1777593600000,76349.5547,77488.6641,75210.4531
1777608000000,76406.6328,77607,75206.2734
1777622400000,76440.4531,77722.8047,75158.1016
1777636800000,76539.375,78153.9219,74924.8203
1777651200000,76593.3047,78380.875,74805.7344
1777665600000,76758.4844,78675.3438,74841.625
1777680000000,76963.6016,78910.0938,75017.1094
1777694400000,77139.5859,79049.0547,75230.1172
1777708800000,77300.2344,79128.6406,75471.8281
1777723200000,77467.8281,79253.4688,75682.1875
1777737600000,77642.5156,79286.7812,75998.2422
1777752000000,77802.8906,79368.6406,76237.1406
1777766400000,77932.75,79277.3984,76588.1016
1777780800000,78079.9453,79060.0469,77099.8359
1777795200000,78191.2812,79026.1406,77356.4141
1777809600000,78300.4688,78897.375,77703.5703
1777824000000,78394,78777.2891,78010.7109
1777838400000,78402.8984,78791.9297,78013.8672
1777852800000,78543.5625,79579.6953,77507.4375
1777867200000,78647.375,79806.7578,77488
1777881600000,78673.8438,79823.25,77524.4375
1777896000000,78802.1953,80095.5781,77508.8047
1777910400000,78936.9609,80304.2812,77569.6328
1777924800000,79035.1719,80443.0781,77627.2656
1777939200000,79207.6641,80849.5156,77565.8125
1777953600000,79364.3594,81173.2188,77555.4922
1777968000000,79565.4766,81418.4219,77712.5312
1777982400000,79791.2734,81748.1328,77834.4062
1777996800000,80001.2422,82039.0703,77963.4141
1778011200000,80160.875,82088.1016,78233.6562
1778025600000,80361.4609,82231.625,78491.2891
1778040000000,80562.4297,82187.8359,78937.0156
1778054400000,80719.8359,82609.6641,78830.0078
1778068800000,80863,82709.5234,79016.4766
1778083200000,81054.0156,82488.7031,79619.3281
1778097600000,81154.7969,82466.1953,79843.4062
1778112000000,81211.9297,82377.9453,80045.9141
1778126400000,81330.6094,82206.6797,80454.5312
1778140800000,81329.3281,82208.2812,80450.3828
1778155200000,81259.7422,82397.8516,80121.6328
1778169600000,81196,82481.5938,79910.4062
1778184000000,81088.0547,82507.5781,79668.5391
1778198400000,80942.7109,82544.7109,79340.7188
1778212800000,80855.9062,82593.4609,79118.3594
1778227200000,80759.6797,82486.3828,79032.9766
1778241600000,80670.2422,82397.8594,78942.625
1778256000000,80502.8047,81922.9688,79082.6484
1778270400000,80395.875,81671.8438,79119.9062
1778284800000,80319.4531,81464.4375,79174.4688
1778299200000,80233.4453,81212.75,79254.1328
1778313600000,80198.7891,81129.2422,79268.3281
1778328000000,80127.6797,80760.7344,79494.625
1778342400000,80132.3203,80786.4531,79478.1875
1778356800000,80186.9375,80870.8047,79503.0625
1778371200000,80233.2031,80967.8125,79498.5859
1778385600000,80284.1719,81036.6172,79531.7266
1778400000000,80374.1328,81037.2969,79710.9688
1778414400000,80497.7266,81210.4922,79784.9688
1778428800000,80583.8672,81406.6406,79761.0859
1778443200000,80733.4062,81848.0469,79618.7656
1778457600000,80772.2188,81837.8594,79706.5859
1778472000000,80810.75,81821.9922,79799.5078
1778486400000,80868.0312,81857.0156,79879.0391
1778500800000,80953.1953,81896.8594,80009.5234
1778515200000,81068.0625,82060.8359,80075.2891
1778529600000,81154.1094,82137.8672,80170.3516
1778544000000,81162.1641,82139.0625,80185.2656
1778558400000,81173.8359,82128.8203,80218.8516
1778572800000,81172.8438,82129.7109,80215.9766
1778587200000,81143.2422,82181.3828,80105.1016
1778601600000,81142.1562,82181.8359,80102.4844
1778616000000,81076.1953,82165.6406,79986.7422
1778630400000,81062.4062,82140.5078,79984.3047
1778644800000,80975.7344,81858.5312,80092.9375
1778659200000,80959.0547,81871.8594,80046.2578
1778673600000,80820.8281,82276.5469,79365.1172
1778688000000,80708.5938,82284.8828,79132.3047
1778702400000,80556.7109,82251.0078,78862.4062
1778716800000,80346.2266,82043.8203,78648.6406
1778731200000,80202.2734,81756.2188,78648.3281
1778745600000,80072.1797,81640.1484,78504.2031
1778760000000,80104.0391,81745.9766,78462.1094
1778774400000,80151.1797,81895.2188,78407.1406
1778788800000,80206.4609,82009.6172,78403.2969
1778803200000,80223.8359,82052.8203,78394.8516
1778817600000,80247.25,82095.3359,78399.1641
1778832000000,80203.2031,81987.0234,78419.375
1778846400000,80068.8906,81885.9844,78251.8047
1778860800000,79970.0781,81843.7734,78096.3828
1778875200000,79988.5469,81818.7422,78158.3594
1778889600000,79949.6094,81835.9375,78063.2734
1778904000000,79881.9766,81924.9219,77839.0312
1778918400000,79813.2891,82031.2422,77595.3281
1778932800000,79705.1094,82082.0938,77328.125
1778947200000,79634.3359,82125.375,77143.2969
1778961600000,79407.4062,81849.4531,76965.3672
1778976000000,79163.0469,81448.5078,76877.5938
1778990400000,78953.7891,81041.4219,76866.1641
1779004800000,78762.9609,80526.6562,76999.2578
1779019200000,78562.9297,79967.375,77158.4844
1779033600000,78404.2109,79254.0781,77554.3516
1779048000000,78282.4688,79193.7969,77371.1484
1779062400000,78125.2812,79189.8125,77060.7422
1779076800000,77980.3359,79071.3984,76889.2734
1779091200000,77849.9297,78841.4375,76858.4141
1779105600000,77710.0312,78931.3125,76488.75
1779120000000,77626.2578,78912.9375,76339.5781
1779134400000,77537.6094,78836.5938,76238.6172
1779148800000,77430.5703,78742.5625,76118.5781
1779163200000,77364.7344,78634.5,76094.9766
1779177600000,77268.9688,78548.8906,75989.0547
1779192000000,77149.1953,78405.3594,75893.0234
1779206400000,77033.9297,78116.0703,75951.7891
1779220800000,76946.1328,77900.8984,75991.375
1779235200000,76822.1094,77380.1406,76264.0781
1779249600000,76807.9375,77316.4531,76299.4141
1779264000000,76837.2344,77399.4531,76275.0156
1779278400000,76863.7188,77483.9688,76243.4766
1779292800000,76890.4297,77593.1797,76187.6797
1779307200000,76969.5234,77658.6719,76280.375
1779321600000,77051.3047,77909.2344,76193.3828
1779336000000,77112.6406,78042.9766,76182.3125
1779350400000,77140.6016,78042.1562,76239.0469
1779364800000,77140.8594,78042.4141,76239.2969
1779379200000,77210.3594,78088.0391,76332.6719
1779393600000,77288.4219,78064.3438,76512.5
1779408000000,77355.8516,78087.3516,76624.3516
1779422400000,77395.1406,78045.7812,76744.5
1779436800000,77445.0625,77938.6953,76951.4297
1779451200000,77408.7891,78032.1172,76785.4688
1779465600000,77299.9766,78359.4375,76240.5234
1779480000000,77161.4297,78594.7656,75728.0938
1779494400000,77014.8203,78654.0859,75375.5625
1779508800000,76802.6328,78872.2656,74733
1779523200000,76566.9375,78791.4375,74342.4375
1779537600000,76397.6406,78589.0625,74206.2266
1779552000000,76309.7734,78482.2188,74137.3281
1779566400000,76271.8125,78402.5625,74141.0703
1779580800000,76201.4062,78215.8047,74187.0078
1779595200000,76139.7891,78037.6953,74241.875
1779609600000,76103.6953,77900.3516,74307.0391
1779624000000,76029.2422,77704.5469,74353.9375
1779638400000,75981.4297,77540.8906,74421.9688
1779652800000,75999.8125,77597.1016,74402.5234
1779667200000,76082.4219,77737.9609,74426.875
1779681600000,76215.1719,77933.8047,74496.5391
1779696000000,76338.6719,78088.6328,74588.7109
1779710400000,76555.9141,78069.7188,75042.1094
1779724800000,76746.2109,77896.0547,75596.3594
1779739200000,76875.4219,77772.1094,75978.7344
1779753600000,76925.7812,77650.6172,76200.9453
1779768000000,76925.6172,77650.7344,76200.5
1779782400000,76960.375,77666.1172,76254.625
1779796800000,76939.7891,77694.0703,76185.5156
1779811200000,76848.3203,77764.5312,75932.1094
1779825600000,76815.0938,77842.3203,75787.8672
1779840000000,76734.1172,77960.0547,75508.1719
1779854400000,76655.1328,77960.0391,75350.2344
1779868800000,76563.2188,77962.3438,75164.1016
1779883200000,76413.2109,77919.6406,74906.7734
1779897600000,76246.4297,77858.0703,74634.7891
1779912000000,76017.3438,77744.7891,74289.8984
1779926400000,75716.1406,77837.3047,73594.9844
1779940800000,75440.75,77708.5391,73172.9609
1779955200000,75213.4062,77620.125,72806.6875
1779969600000,74941.6484,77508.4141,72374.8906
1779984000000,74670.7266,77069.9141,72271.5469
1779998400000,74466.1406,76733.7891,72198.5
1780012800000,74272.9375,76484.6406,72061.2266
1780027200000,74103.5547,76184.7109,72022.3984
1780041600000,73949.7031,75904.9219,71994.4766
1780056000000,73795.5469,75452.4453,72138.6562
1780070400000,73637.7344,74956.0156,72319.4531
1780084800000,73507.0469,74514.6797,72499.4141
1780099200000,73399.0625,74034.7422,72763.3828
1780113600000,73335.8984,73720.0312,72951.7656
1780128000000,73360.6719,73732.9141,72988.4297
1780142400000,73391.9062,73826.3984,72957.4219
1780156800000,73427.9688,73930.5391,72925.4062
1780171200000,73494.5781,73886.375,73102.7891
1780185600000,73545.8047,74001.4844,73090.125
1780200000000,73562.2891,74028.3594,73096.2109
1780214400000,73607.8672,74038.6406,73177.0859
1780228800000,73615.3438,74036.0703,73194.6172
1780243200000,73620.4766,74030.3516,73210.6016
1780257600000,73612.2812,74022.6641,73201.8906
1780272000000,73628.4375,74023.1875,73233.6797
1780286400000,73581.4922,74194.25,72968.7344
1780300800000,73508.4609,74378,72638.9297
1780315200000,73333.7656,74898.5625,71768.9609
1780329600000,73191.4062,75018.9922,71363.8203
1780344000000,73012.7734,75046.3828,70979.1641
1780358400000,72794.8906,75050.1875,70539.5938
1780372800000,72526.7031,75133.4922,69919.9062
1780387200000,72193.7812,75127.3594,69260.1953
1780401600000,71723.0156,75504.4062,67941.6172
1780416000000,71248.1172,75498.9844,66997.2422
1780430400000,70755.9219,75416.1719,66095.6719
1780444800000,70205.8203,75271.9609,65139.6836
1780459200000,69745.1797,74681.4062,64808.9492
1780473600000,69267.3828,73889.5938,64645.1797
1780488000000,68786.4375,73282.9297,64289.9453
1780502400000,68284.5312,72629.5781,63939.4766
1780516800000,67787.1094,72368.6797,63205.5352
1780531200000,67271.9219,71694.4375,62849.4062
1780545600000,66716.3438,70926.8359,62505.8477
1780560000000,66117.375,70198.6641,62036.0938
1780574400000,65675.625,69299.0938,62052.1484
1780588800000,65259.6562,68406.0234,62113.2891
1780603200000,65019.1055,68063.4609,61974.75
1780617600000,64693.8984,67722.9453,61664.8555
1780632000000,64436.0195,67375.1641,61496.8828
1780646400000,64161.0859,67278.1797,61043.9883
1780660800000,63680.043,66908.8828,60451.2031
1780675200000,63202.4219,66333.6875,60071.1562
1780689600000,62847.707,65767.8906,59927.5273
1780704000000,62511.1133,65279.8086,59742.418
1780718400000,62290.3945,65034.2656,59546.5195
1780732800000,62038.7695,64653.1211,59424.4219
1780747200000,61838.957,64397.8945,59280.0195
1780761600000,61702.4844,64320.1211,59084.8516
1780776000000,61491.5078,63862.6914,59120.3242
1780790400000,61357.1055,63448.4648,59265.7461
1780804800000,61254.6875,62966.6992,59542.6719
1780819200000,61252.2305,62956.5039,59547.9531
1780833600000,61182.2695,62655.2773,59709.2656
1780848000000,61138.6797,62561.2969,59716.0586
1780862400000,61346.6484,63076.5,59616.8008
1780876800000,61547.6289,63376.8711,59718.3867
1780891200000,61706.1133,63693.0781,59719.1523
1780905600000,61902.9727,63974.0547,59831.8867
1780920000000,62102.4297,64295.7578,59909.1016
1780934400000,62286.4414,64425.9766,60146.9102
1780948800000,62451.2422,64432.1562,60470.332
1780963200000,62614.6484,64291.0234,60938.2734
1780977600000,62778.3555,64153.4609,61403.2539
1780992000000,62850.3867,64078.2148,61622.5547
1781006400000,62758.6133,64279.4766,61237.75
1781020800000,62719.6875,64283.9805,61155.3906
1781035200000,62692.7578,64314.8047,61070.707
1781049600000,62706.8633,64282.0586,61131.668
1781064000000,62586.8203,64223.7656,60949.875
1781078400000,62435.2578,64247.2734,60623.2383
1781092800000,62388.8945,64151.6914,60626.0938
1781107200000,62279.1992,63966.3477,60592.0508
1781121600000,62115.1875,63647.332,60583.043
1781136000000,62062.9648,63471.5742,60654.3555
1781150400000,62034.293,63378.1211,60690.4648
1781164800000,62046.9141,63423.1328,60670.6953
1781179200000,62012.6367,63299.1758,60726.0938
1781193600000,62073.2773,63542.0312,60604.5273
1781208000000,62249.5352,63782.8203,60716.25
1781222400000,62348.0156,63987.3281,60708.6992
1781236800000,62442.0156,64064.3789,60819.6484
1781251200000,62598.1211,64237.2891,60958.9531
1781265600000,62736.0156,64340.5547,61131.4727
1781280000000,62919.5703,64226.0898,61613.0508
1781294400000,62987.4727,64311.2734,61663.6719
1781308800000,63101.6875,64286.543,61916.8281
1781323200000,63270.2695,64061.7266,62478.8164
1781337600000,63363.6055,64121.0781,62606.1328
1781352000000,63478.9141,64243.168,62714.6602
1781366400000,63567.2422,64374.9766,62759.5117
1781380800000,63690.6484,64431.7773,62949.5234
1781395200000,63760.9844,64597.9648,62924.0039
1781409600000,63821,64703.1406,62938.8594
1781424000000,63898.2695,64813.5547,62982.9883
1781438400000,63968.0352,64728.332,63207.7383
1781452800000,63974.0156,64725.6914,63222.3359
1781467200000,64127.6992,65244.8086,63010.5938
1781481600000,64294.8555,65669.9141,62919.8008
1781496000000,64444.8945,65901.6953,62988.0859
1781510400000,64638.0156,66233.0234,63043.0039
1781524800000,64883.3945,66885.7812,62881.0078
1781539200000,65072.9414,67167.3047,62978.582
1781553600000,65217.1797,67340.0469,63094.3125
1781568000000,65349.3789,67442.1953,63256.5586
1781582400000,65487.1445,67562.6094,63411.6719
1781596800000,65624.8438,67672.2344,63577.4531
1781611200000,65725.3203,67651.5547,63799.0898
1781625600000,65803.9219,67609.2422,63998.5977
1781640000000,65920.1875,67418.0156,64422.3516
1781654400000,66064.5391,66964.4219,65164.6602
1781668800000,66047.9609,66983.2734,65112.6562
1781683200000,65966.2891,67125.2109,64807.375
1781697600000,65970.8359,67124.6641,64817.0039
1781712000000,65831.7578,67287.6641,64375.8477
1781726400000,65630.6953,67038.1641,64223.2188
1781740800000,65462.0938,66950.1953,63973.9883
1781755200000,65330.0273,66839.8438,63820.2148
1781769600000,65172.8516,66788.3906,63557.3047
1781784000000,64883.4141,66961.1328,62805.6953
1781798400000,64629.2656,66765.1719,62493.3594
1781812800000,64420.6289,66635.5234,62205.7344
1781827200000,64212.4297,66492.7656,61932.0898
1781841600000,63994.293,66292.3203,61696.2617
1781856000000,63764.3203,65950.6406,61578.0039
1781870400000,63598.6133,65591.9062,61605.3242
1781884800000,63470.3867,65388.5117,61552.2578
1781899200000,63312.0273,64791.3047,61832.7539
1781913600000,63251.7227,64644.4531,61858.9883
1781928000000,63190.4414,64442.3008,61938.5859
1781942400000,63147.3789,64295.4883,61999.2695
1781956800000,63122.9844,64173.082,62072.8906
1781971200000,63119.6641,64160.3086,62079.0234
1781985600000,63257.0508,64317.6953,62196.4062
1782000000000,63362.2422,64529.918,62194.5664
1782014400000,63450.543,64639.293,62261.793
1782028800000,63548.9375,64694.3594,62403.5156
1782043200000,63661.8711,64688.8242,62634.918
1782057600000,63772.4922,64608.9883,62935.9961
1782072000000,63777.5586,64599.1641,62955.9531
1782086400000,63844.6367,64515.9766,63173.293
1782100800000,63890.9141,64538.6172,63243.2109
1782115200000,63975.5273,64640.75,63310.3086
1782129600000,64060.0078,64786.2695,63333.7461
1782144000000,64117.0273,64811.4492,63422.6094
1782158400000,64106.3867,64807.9844,63404.7852
1782172800000,64113.4219,64806.1914,63420.6523
1782187200000,64011.8984,64989.1719,63034.6289
1782201600000,63874.2227,65135.582,62612.8594
1782216000000,63751.6797,65219.8945,62283.4609
1782230400000,63624.3633,65262.8086,61985.9219
1782244800000,63518.2852,65208.4258,61828.1445
1782259200000,63413.2773,65130.6211,61695.9375
1782273600000,63365.8984,65139.7227,61592.0781
1782288000000,63290.1875,65063.2305,61517.1406
1782302400000,63007.5156,65342.125,60672.9062
1782316800000,62670.4062,65348.8867,59991.9258
1782331200000,62400.1016,64951.4766,59848.7227
1782345600000,62140.4648,64566.3281,59714.6016
1782360000000,61988.3203,64207.1367,59769.5078
1782374400000,61789.8633,63757.5859,59822.1406
1782388800000,61552.0859,63777.668,59326.5039
1782403200000,61323.6797,63796.168,58851.1875
1782417600000,61130.3203,63665,58595.6445
1782432000000,60961.5273,63482.8203,58440.2383
1782446400000,60803.6562,63159.6602,58447.6562
1782460800000,60566.4805,62808.9766,58323.9805
1782475200000,60400.3516,62360.9922,58439.707
1782489600000,60174.1367,61643.0547,58705.2148
1782504000000,60161.9219,61634.2773,58689.5664
1782518400000,60187.5,61649,58726
1782532800000,60149.6289,61556.5352,58742.7188
1782547200000,60113.543,61482.0273,58745.0586
1782561600000,60036.9922,61109.8867,58964.0977
1782576000000,59957.1133,60831.1758,59083.0508
1782590400000,59990.3008,60817.0156,59163.582
1782604800000,60053.7148,60756.4023,59351.0234
1782619200000,60084.8711,60755.0625,59414.6797
1782633600000,60106.7227,60773.207,59440.2383
1782648000000,60060.4414,60724.6289,59396.2578
1782662400000,60065.6445,60706.6641,59424.6211
1782676800000,60011.4297,60718.7578,59304.1016
1782691200000,60032,60710.5781,59353.4219
1782705600000,60028.25,60708.5352,59347.9648
1782720000000,60004.3789,60682.5977,59326.1602
1782734400000,59953.4648,60605.668,59301.2617
1782748800000,59959.2148,60623.0312,59295.3984
1782763200000,59918.293,60446.8672,59389.7188
1782777600000,59879.3867,60444.2539,59314.5195
1782792000000,59844.7344,60457.1445,59232.3281
1782806400000,59771.2695,60485.6719,59056.8711
1782820800000,59638.6914,60671.5547,58605.8281
1782835200000,59530.4375,60613.2266,58447.6445
1782849600000,59440.9141,60632.1758,58249.6523
1782864000000,59419.9219,60625.5234,58214.3203
1782878400000,59362.2422,60631.5938,58092.8906
1782892800000,59261.2422,60560.5234,57961.9648
1782907200000,59270.8203,60591.3828,57950.2578
1782921600000,59275.8633,60605.9531,57945.7773
1782936000000,59291.7148,60647.0469,57936.3828
1782950400000,59338.2852,60866.7266,57809.8438
1782964800000,59331.6133,60846.6719,57816.5547
1782979200000,59457.5352,61270.9688,57644.1016
1782993600000,59607.6367,61708.1484,57507.125
1783008000000,59772.6914,62033.293,57512.0898
1783022400000,60002.1562,62251.0039,57753.3086
1783036800000,60189.8945,62412.8555,57966.9297
1783051200000,60414.9375,62550.1094,58279.7656
1783065600000,60618.5273,62748.8203,58488.2383
1783080000000,60845.6211,62752.2344,58939.0078
1783094400000,61104.3281,62614.5391,59594.1172
1783108800000,61278.1367,62827.4844,59728.7891
1783123200000,61465.3711,62952.2617,59978.4805
1783137600000,61648.4844,62954.0039,60342.9648
1783152000000,61749.1719,63050.6328,60447.707
1783166400000,61949.4375,62978.7266,60920.1445
1783180800000,62088.5781,63229.1367,60948.0195
1783195200000,62198.0859,63392.0156,61004.1562
1783209600000,62291.207,63414.9023,61167.5117
1783224000000,62396.5156,63465.6914,61327.3359
1783238400000,62484.5352,63377.3945,61591.6758
1783252800000,62555.0859,63325.5312,61784.6406
1783267200000,62609.7148,63299.0586,61920.3711
1783281600000,62733.8516,63438.7695,62028.9336
1783296000000,62810.5156,63468.6211,62152.4062
1783310400000,62846.6484,63486.5781,62206.7227
1783324800000,62835.3203,63500.5586,62170.0859
1783339200000,62905.0703,63615.3594,62194.7852
1783353600000,62994.7773,63738.8789,62250.6797
1783368000000,63074.6055,63966.75,62182.4648
1783382400000,63067.5078,63956.8086,62178.207
1783396800000,63063.5781,63953.6055,62173.5547
1783411200000,63109.2656,63980.9023,62237.625
1783425600000,63173.7656,64116.25,62231.2773
1783440000000,63258.7344,64180.7891,62336.6836
1783454400000,63304.293,64162.957,62445.6289
1783468800000,63302.4805,64166.3867,62438.5703
1783483200000,63248.3438,64134.9531,62361.7344
1783497600000,63177.6875,64212.2344,62143.1367
1783512000000,63079.0508,64389.1992,61768.9023
1783526400000,63065.0703,64407.793,61722.3516
1783540800000,62975.0078,64365.4414,61584.5742
1783555200000,62849.3125,64291.4375,61407.1875
1783569600000,62774.8281,64078.1914,61471.4648
1783584000000,62745.1211,64035.4219,61454.8203
1783598400000,62729.6484,64012.668,61446.6328
1783612800000,62718.3086,63983.0078,61453.6055
1783627200000,62670.1992,63804.8008,61535.6016
1783641600000,62677.9492,63843.1523,61512.7461
1783656000000,62722.8867,64020.1797,61425.5938
1783670400000,62842.4727,64383.4375,61301.5039
1783684800000,62925.9727,64572.7578,61279.1836
1783699200000,63043.2422,64704.7461,61381.7422
1783713600000,63220.2773,64760.8047,61679.7539
1783728000000,63354.1055,64841.9961,61866.2188
1783742400000,63488.2305,64873.9141,62102.543
1783756800000,63648.3789,64744.707,62552.0508
1783771200000,63731.7852,64773.1055,62690.4648
1783785600000,63840.4648,64733.0781,62947.8516
1783800000000,63909.3008,64587.125,63231.4727
1783814400000,63980.0586,64523.1641,63436.9531
1783828800000,64025.5586,64353.043,63698.0703
1783843200000,64030.6875,64350.0039,63711.3672
1783857600000,64043.9805,64359.1953,63728.7617
1783872000000,64031.3008,64309.5469,63753.0508
1783886400000,64012.4375,64335.8828,63688.9883
1783900800000,63931.9219,64667.8359,63196.0039
1783915200000,63848.8945,64737.75,62960.0352
1783929600000,63759.3633,64781.543,62737.1875
1783944000000,63648.7344,64828.5273,62468.9414
1783958400000,63510.7422,64871.6758,62149.8125
1783972800000,63377.8438,64842.9453,61912.7383
1783987200000,63254.0156,64707.793,61800.2383
1784001600000,63161.1367,64643.6406,61678.6328
1784016000000,63060.4492,64449.3125,61671.5859
1784030400000,63122.9297,64705.4492,61540.4062
1784044800000,63163.5703,64853.0703,61474.0703
1784059200000,63225.0078,65099.5234,61350.4883
1784073600000,63265.0703,65239.5664,61290.5781
1784088000000,63320.1992,65382.4102,61257.9883
1784102400000,63457.3984,65598.4219,61316.3789
1784116800000,63628.8789,65951.9219,61305.8359
1784131200000,63776.2695,66137.2891,61415.25
1784145600000,63929.5352,66226.7109,61632.3594
1784160000000,64097.0703,66198.1094,61996.0391
1784174400000,64233.7148,66064.5703,62402.8594
1784188800000,64354.4414,65909.625,62799.2617
1784203200000,64510.5703,65650.6641,63370.4766
1784217600000,64613.9844,65239.2461,63988.7266
1784232000000,64548.25,65310.3359,63786.1641
1784246400000,64475.4727,65414.5117,63536.4297
1784260800000,64315.457,65574.5469,63056.3711
1784275200000,64206.9141,65563.8828,62849.9453
1784289600000,64128.3203,65538.9844,62717.6562
1784304000000,64087.9219,65468.4727,62707.3711
1784318400000,63982.7305,65179.0508,62786.4062
1784332800000,63913.3711,64999.918,62826.8242
1784347200000,63860.3203,64860.4258,62860.2148
1784361600000,63820.3203,64750.4531,62890.1875
1784376000000,63813.0195,64734.25,62891.793
1784390400000,63835.2656,64803.9688,62866.5586
1784404800000,63844.9922,64847.5586,62842.4258
1784419200000,63877.1367,64948.0977,62806.1719
1784433600000,63939.6289,65076.0625,62803.1953
1784448000000,64004.2773,65132.9492,62875.6094
1784462400000,64130.2227,65030.5391,63229.9023
