ts_ms,sma_100
1620892800000,
1620907200000,
1620921600000,
1620936000000,
1620950400000,
1620964800000,
1620979200000,
1620993600000,
1621008000000,
1621022400000,
1621036800000,
1621051200000,
1621065600000,
1621080000000,
1621094400000,
1621108800000,
1621123200000,
1621137600000,
1621152000000,
1621166400000,
1621180800000,
1621195200000,
1621209600000,
1621224000000,
1621238400000,
1621252800000,
1621267200000,
1621281600000,
1621296000000,
1621310400000,
1621324800000,
1621339200000,
1621353600000,
1621368000000,
1621382400000,
1621396800000,
1621411200000,
1621425600000,
1621440000000,
1621454400000,
1621468800000,
1621483200000,
1621497600000,
1621512000000,
1621526400000,
1621540800000,
1621555200000,
1621569600000,
1621584000000,
1621598400000,
1621612800000,
1621627200000,
1621641600000,
1621656000000,
1621670400000,
1621684800000,
1621699200000,
1621713600000,
1621728000000,
1621742400000,
1621756800000,
1621771200000,
1621785600000,
1621800000000,
1621814400000,
1621828800000,
1621843200000,
1621857600000,
1621872000000,
1621886400000,
1621900800000,
1621915200000,
1621929600000,
1621944000000,
1621958400000,
1621972800000,
1621987200000,
1622001600000,
1622016000000,
1622030400000,
1622044800000,
1622059200000,
1622073600000,
1622088000000,
1622102400000,
1622116800000,
1622131200000,
1622145600000,
1622160000000,
1622174400000,
1622188800000,
1622203200000,
1622217600000,
1622232000000,
1622246400000,
1622260800000,
1622275200000,
1622289600000,
1622304000000,
1622318400000,1.14523196
1622332800000,1.14069796
1622347200000,1.13645601
1622361600000,1.13294697
1622376000000,1.12811697
1622390400000,1.12376499
1622404800000,1.11903405
1622419200000,1.11395001
1622433600000,1.10977495
1622448000000,1.10605705
1622462400000,1.10219002
1622476800000,1.09816599
1622491200000,1.09509802
1622505600000,1.09187305
1622520000000,1.08717895
1622534400000,1.08265901
1622548800000,1.07780898
1622563200000,1.07166398
1622577600000,1.06587601
1622592000000,1.06050301
1622606400000,1.05588603
1622620800000,1.05213904
1622635200000,1.04805505
1622649600000,1.04488301
1622664000000,1.040627
1622678400000,1.03546596
1622692800000,1.03107595
1622707200000,1.02618694
1622721600000,1.02147901
1622736000000,1.01654506
1622750400000,1.01182604
1622764800000,1.00510895
1622779200000,0.99901098
1622793600000,0.992628992
1622808000000,0.986374021
1622822400000,0.981186986
1622836800000,0.976090014
1622851200000,0.973102987
1622865600000,0.970943987
1622880000000,0.968689024
1622894400000,0.967496991
1622908800000,0.965718985
1622923200000,0.963081002
1622937600000,0.960651994
1622952000000,0.957908988
1622966400000,0.95540297
1622980800000,0.953010976
1622995200000,0.950824976
1623009600000,0.949074984
1623024000000,0.947354972
1623038400000,0.946757019
1623052800000,0.946455002
1623067200000,0.945829988
1623081600000,0.945785999
1623096000000,0.945524991
1623110400000,0.944661975
1623124800000,0.944167972
1623139200000,0.944074988
1623153600000,0.94312501
1623168000000,0.942511976
1623182400000,0.942463994
1623196800000,0.94305402
1623211200000,0.944571972
1623225600000,0.94630897
1623240000000,0.947308004
1623254400000,0.948174
1623268800000,0.948818982
1623283200000,0.949002981
1623297600000,0.949265003
1623312000000,0.948819995
1623326400000,0.947557986
1623340800000,0.946443975
1623355200000,0.944970012
1623369600000,0.944658995
1623384000000,0.943818986
1623398400000,0.943343997
1623412800000,0.942194998
1623427200000,0.940627992
1623441600000,0.93858099
1623456000000,0.936483979
1623470400000,0.934772015
1623484800000,0.933116972
1623499200000,0.931102991
1623513600000,0.929960012
1623528000000,0.928399026
1623542400000,0.926473975
1623556800000,0.924576998
1623571200000,0.923090994
1623585600000,0.921658993
1623600000000,0.920580029
1623614400000,0.920376003
1623628800000,0.920548022
1623643200000,0.920193017
1623657600000,0.919821978
1623672000000,0.919746995
1623686400000,0.919324994
1623700800000,0.919257998
1623715200000,0.919384003
1623729600000,0.920028985
1623744000000,0.92068398
1623758400000,0.921050012
1623772800000,0.921419978
1623787200000,0.921288013
1623801600000,0.920871019
1623816000000,0.920731008
1623830400000,0.920167029
1623844800000,0.919439971
1623859200000,0.918895006
1623873600000,0.917266011
1623888000000,0.915755987
1623902400000,0.91417098
1623916800000,0.912761986
1623931200000,0.910857975
1623945600000,0.908791006
1623960000000,0.906717002
1623974400000,0.904810011
1623988800000,0.903154016
1624003200000,0.901666999
1624017600000,0.899492025
1624032000000,0.897183001
1624046400000,0.894941986
1624060800000,0.892674983
1624075200000,0.890239
1624089600000,0.887861013
1624104000000,0.885571003
1624118400000,0.883165002
1624132800000,0.880423009
1624147200000,0.87747401
1624161600000,0.874752998
1624176000000,0.871488988
1624190400000,0.868328989
1624204800000,0.865886986
1624219200000,0.864223003
1624233600000,0.862074971
1624248000000,0.859385014
1624262400000,0.856487989
1624276800000,0.853531003
1624291200000,0.85036999
1624305600000,0.846539021
1624320000000,0.843544006
1624334400000,0.840305984
1624348800000,0.836649001
1624363200000,0.833114028
1624377600000,0.82942301
1624392000000,0.825470984
1624406400000,0.822193027
1624420800000,0.819265008
1624435200000,0.816309988
1624449600000,0.813027024
1624464000000,0.809405029
1624478400000,0.806239009
1624492800000,0.802968979
1624507200000,0.799908996
1624521600000,0.79716599
1624536000000,0.79518199
1624550400000,0.793538988
1624564800000,0.791628003
1624579200000,0.789775014
1624593600000,0.788188994
1624608000000,0.78591001
1624622400000,0.783398986
1624636800000,0.78116399
1624651200000,0.778603017
1624665600000,0.776031017
1624680000000,0.773029029
1624694400000,0.770283997
1624708800000,0.767075002
1624723200000,0.764127016
1624737600000,0.761403024
1624752000000,0.758835971
1624766400000,0.756398022
1624780800000,0.753827989
1624795200000,0.751214981
1624809600000,0.748582006
1624824000000,0.746390998
1624838400000,0.744075
1624852800000,0.741927028
1624867200000,0.739668012
1624881600000,0.73772198
1624896000000,0.735988021
1624910400000,0.734223008
1624924800000,0.732452989
1624939200000,0.730772018
1624953600000,0.729538977
1624968000000,0.728379011
1624982400000,0.727333009
1624996800000,0.72616601
1625011200000,0.724633992
1625025600000,0.723249972
1625040000000,0.721399009
1625054400000,0.719111025
1625068800000,0.717244029
1625083200000,0.715551972
1625097600000,0.713620007
1625112000000,0.711268008
1625126400000,0.70906198
1625140800000,0.706772029
1625155200000,0.704424024
1625169600000,0.702075005
1625184000000,0.699705005
1625198400000,0.697544992
1625212800000,0.695185006
1625227200000,0.69303
1625241600000,0.690822005
1625256000000,0.688703001
1625270400000,0.686752975
1625284800000,0.685184002
1625299200000,0.68344897
1625313600000,0.681855977
1625328000000,0.680085003
1625342400000,0.678252995
1625356800000,0.676441014
1625371200000,0.674901009
1625385600000,0.673538983
1625400000000,0.672066987
1625414400000,0.670688987
1625428800000,0.669228971
1625443200000,0.667653978
1625457600000,0.666490972
1625472000000,0.665212989
1625486400000,0.663796008
1625500800000,0.662594974
1625515200000,0.661154985
1625529600000,0.659834981
1625544000000,0.658644974
1625558400000,0.657406986
1625572800000,0.656443
1625587200000,0.655578971
1625601600000,0.654690027
1625616000000,0.654318988
1625630400000,0.653714001
1625644800000,0.652867019
1625659200000,0.651750028
1625673600000,0.651144981
1625688000000,0.650698006
1625702400000,0.650282025
1625716800000,0.649740994
1625731200000,0.649344027
1625745600000,0.649565995
1625760000000,0.649415016
1625774400000,0.649452984
1625788800000,0.649985015
1625803200000,0.650472999
1625817600000,0.650888979
1625832000000,0.651796997
1625846400000,0.652068973
1625860800000,0.651956975
1625875200000,0.651897013
1625889600000,0.651977003
1625904000000,0.652194977
1625918400000,0.652056992
1625932800000,0.651935995
1625947200000,0.651805997
1625961600000,0.651449978
1625976000000,0.651033998
1625990400000,0.650510013
1626004800000,0.650075018
1626019200000,0.649603009
1626033600000,0.649453998
1626048000000,0.649567008
1626062400000,0.649863005
1626076800000,0.650000989
1626091200000,0.650216997
1626105600000,0.650255978
1626120000000,0.650655985
1626134400000,0.650874972
1626148800000,0.651228011
1626163200000,0.651524007
1626177600000,0.651588976
1626192000000,0.651431978
1626206400000,0.651401997
1626220800000,0.651228011
1626235200000,0.651144028
1626249600000,0.651167989
1626264000000,0.650870025
1626278400000,0.650668979
1626292800000,0.650421023
1626307200000,0.650291026
1626321600000,0.649855971
1626336000000,0.649435997
1626350400000,0.649007976
1626364800000,0.648525
1626379200000,0.647888005
1626393600000,0.646836996
1626408000000,0.645713985
1626422400000,0.644391
1626436800000,0.643353999
1626451200000,0.642557025
1626465600000,0.641534984
1626480000000,0.640551984
1626494400000,0.639833987
1626508800000,0.638763011
1626523200000,0.637513995
1626537600000,0.636709988
1626552000000,0.635969996
1626566400000,0.635248005
1626580800000,0.634495974
1626595200000,0.633872986
1626609600000,0.633102
1626624000000,0.632538021
1626638400000,0.631906986
1626652800000,0.631362021
1626667200000,0.630681992
1626681600000,0.629922986
1626696000000,0.628955007
1626710400000,0.628099024
1626724800000,0.626914978
1626739200000,0.625460029
1626753600000,0.624054015
1626768000000,0.622496009
1626782400000,0.621093988
1626796800000,0.619696021
1626811200000,0.618008971
1626825600000,0.61638999
1626840000000,0.614899993
1626854400000,0.613454998
1626868800000,0.612186015
1626883200000,0.611018002
1626897600000,0.609964013
1626912000000,0.609125018
1626926400000,0.608367026
1626940800000,0.607429981
1626955200000,0.606805027
1626969600000,0.606130004
1626984000000,0.605273008
1626998400000,0.604622006
1627012800000,0.603983998
1627027200000,0.603280008
1627041600000,0.602487981
1627056000000,0.601635993
1627070400000,0.601050973
1627084800000,0.600436985
1627099200000,0.599915981
1627113600000,0.599308014
1627128000000,0.598846972
1627142400000,0.598497987
1627156800000,0.598389983
1627171200000,0.598170996
1627185600000,0.597968996
1627200000000,0.597718
1627214400000,0.597461998
1627228800000,0.597289026
1627243200000,0.597175002
1627257600000,0.597643971
1627272000000,0.597823024
1627286400000,0.598114014
1627300800000,0.59829998
1627315200000,0.598623991
1627329600000,0.598598003
1627344000000,0.598560989
1627358400000,0.59859103
1627372800000,0.598810017
1627387200000,0.59899199
1627401600000,0.59909898
1627416000000,0.599331021
1627430400000,0.599465013
1627444800000,0.600443006
1627459200000,0.601433992
1627473600000,0.602181971
1627488000000,0.602842987
1627502400000,0.603650987
1627516800000,0.604297996
1627531200000,0.605028987
1627545600000,0.605834007
1627560000000,0.606616974
1627574400000,0.607472003
1627588800000,0.608596981
1627603200000,0.609862983
1627617600000,0.611100972
1627632000000,0.612173975
1627646400000,0.613200009
1627660800000,0.614683986
1627675200000,0.61621201
1627689600000,0.617640018
1627704000000,0.618906021
1627718400000,0.620266974
1627732800000,0.621547997
1627747200000,0.622868001
1627761600000,0.624238014
1627776000000,0.625957012
1627790400000,0.627619982
1627804800000,0.629221976
1627819200000,0.630823016
1627833600000,0.632310987
1627848000000,0.633512974
1627862400000,0.634923995
1627876800000,0.636484981
1627891200000,0.638002992
1627905600000,0.639608979
1627920000000,0.641222
1627934400000,0.642781019
1627948800000,0.644254029
1627963200000,0.645614982
1627977600000,0.646808028
1627992000000,0.648081005
1628006400000,0.649208009
1628020800000,0.650479019
1628035200000,0.65169698
1628049600000,0.652939022
1628064000000,0.654145002
1628078400000,0.655543983
1628092800000,0.657020986
1628107200000,0.658497989
1628121600000,0.660091996
1628136000000,0.661705971
1628150400000,0.663240016
1628164800000,0.664847016
1628179200000,0.666899979
1628193600000,0.668911994
1628208000000,0.67098403
1628222400000,0.673009992
1628236800000,0.674965978
1628251200000,0.677096009
1628265600000,0.679278016
1628280000000,0.681288004
1628294400000,0.68336302
1628308800000,0.685288012
1628323200000,0.687569976
1628337600000,0.689915001
1628352000000,0.692312002
1628366400000,0.694691002
1628380800000,0.697149992
1628395200000,0.699479997
1628409600000,0.701520979
1628424000000,0.703476012
1628438400000,0.705313027
1628452800000,0.707123995
1628467200000,0.70905298
1628481600000,0.711170971
1628496000000,0.713542998
1628510400000,0.715640008
1628524800000,0.717724979
1628539200000,0.719806015
1628553600000,0.721799016
1628568000000,0.723930001
1628582400000,0.726055026
1628596800000,0.728218019
1628611200000,0.730570972
1628625600000,0.733009994
1628640000000,0.73576498
1628654400000,0.738753974
1628668800000,0.741627991
1628683200000,0.744935989
1628697600000,0.749024987
1628712000000,0.752605975
1628726400000,0.756236017
1628740800000,0.759832025
1628755200000,0.763011992
1628769600000,0.766274989
1628784000000,0.769747972
1628798400000,0.773140013
1628812800000,0.776655972
1628827200000,0.780650973
1628841600000,0.784569979
1628856000000,0.788241029
1628870400000,0.79202801
1628884800000,0.795661986
1628899200000,0.799233973
1628913600000,0.803900003
1628928000000,0.808339
1628942400000,0.813139975
1628956800000,0.818476021
1628971200000,0.824232996
1628985600000,0.830258012
1629000000000,0.835673988
1629014400000,0.841358006
1629028800000,0.846535981
1629043200000,0.851866007
1629057600000,0.857250988
1629072000000,0.86283797
1629086400000,0.868547976
1629100800000,0.874015987
1629115200000,0.878912985
1629129600000,0.883585989
1629144000000,0.887995005
1629158400000,0.892545998
1629172800000,0.896830022
1629187200000,0.901443005
1629201600000,0.905656993
1629216000000,0.909536004
1629230400000,0.912851989
1629244800000,0.91634798
1629259200000,0.919844985
1629273600000,0.923007011
1629288000000,0.927205026
1629302400000,0.931152999
1629316800000,0.934994996
1629331200000,0.938681006
1629345600000,0.942466021
1629360000000,0.946099997
1629374400000,0.950218976
1629388800000,0.954888999
1629403200000,0.960069001
1629417600000,0.965026975
1629432000000,0.970351994
1629446400000,0.975650012
1629460800000,0.981347978
1629475200000,0.986759007
1629489600000,0.992330015
1629504000000,0.997964025
1629518400000,1.00333595
1629532800000,1.00834095
1629547200000,1.01343703
1629561600000,1.01827896
1629576000000,1.02325106
1629590400000,1.02840197
1629604800000,1.03372598
1629619200000,1.03891695
1629633600000,1.04364896
1629648000000,1.04839206
1629662400000,1.05330098
1629676800000,1.05856097
1629691200000,1.06359398
1629705600000,1.06892204
1629720000000,1.073874
1629734400000,1.07855201
1629748800000,1.083413
1629763200000,1.08786702
1629777600000,1.09238505
1629792000000,1.09674597
1629806400000,1.10039997
1629820800000,1.10389495
1629835200000,1.10703397
1629849600000,1.11051595
1629864000000,1.11423504
1629878400000,1.11792696
1629892800000,1.12187302
1629907200000,1.12564003
1629921600000,1.12941003
1629936000000,1.132671
1629950400000,1.13569796
1629964800000,1.13861096
1629979200000,1.14128304
1629993600000,1.14409006
1630008000000,1.146626
1630022400000,1.14923406
1630036800000,1.15203702
1630051200000,1.154827
1630065600000,1.15774906
1630080000000,1.16036701
1630094400000,1.16334403
1630108800000,1.16614103
1630123200000,1.16839004
1630137600000,1.169258
1630152000000,1.170614
1630166400000,1.17178905
1630180800000,1.17310905
1630195200000,1.17454195
1630209600000,1.17649102
1630224000000,1.17818701
1630238400000,1.17984903
1630252800000,1.18147302
1630267200000,1.18246603
1630281600000,1.18353403
1630296000000,1.18479705
1630310400000,1.18590105
1630324800000,1.18629205
1630339200000,1.18684494
1630353600000,1.18607605
1630368000000,1.18578005
1630382400000,1.18499696
1630396800000,1.18406403
1630411200000,1.18306398
1630425600000,1.18197
1630440000000,1.18134201
1630454400000,1.18036306
1630468800000,1.17956305
1630483200000,1.17859399
1630497600000,1.17768395
1630512000000,1.176947
1630526400000,1.17638004
1630540800000,1.17600906
1630555200000,1.17610502
1630569600000,1.17682397
1630584000000,1.17746794
1630598400000,1.17797101
1630612800000,1.17875099
1630627200000,1.17942297
1630641600000,1.18036997
1630656000000,1.18153799
1630670400000,1.18357503
1630684800000,1.18563604
1630699200000,1.18748105
1630713600000,1.18957496
1630728000000,1.19095004
1630742400000,1.19238901
1630756800000,1.19361901
1630771200000,1.19493794
1630785600000,1.19620502
1630800000000,1.19763196
1630814400000,1.198614
1630828800000,1.19933295
1630843200000,1.19987094
1630857600000,1.20067096
1630872000000,1.20133197
1630886400000,1.20214605
1630900800000,1.20253801
1630915200000,1.20358598
1630929600000,1.20458496
1630944000000,1.20580101
1630958400000,1.20706105
1630972800000,1.20844495
1630987200000,1.209571
1631001600000,1.21029603
1631016000000,1.20946097
1631030400000,1.20794201
1631044800000,1.20672202
1631059200000,1.20526004
1631073600000,1.20367503
1631088000000,1.20249295
1631102400000,1.20124495
1631116800000,1.19978201
1631131200000,1.19833398
1631145600000,1.19642997
1631160000000,1.19510901
1631174400000,1.193923
1631188800000,1.19262505
1631203200000,1.19121802
1631217600000,1.18952203
1631232000000,1.18847895
1631246400000,1.18764198
1631260800000,1.18688595
1631275200000,1.18622601
1631289600000,1.18549895
1631304000000,1.184466
1631318400000,1.18359601
1631332800000,1.18256295
1631347200000,1.18191803
1631361600000,1.181144
1631376000000,1.18053901
1631390400000,1.18010998
1631404800000,1.17981195
1631419200000,1.17975998
1631433600000,1.17997599
1631448000000,1.18033302
1631462400000,1.18069506
1631476800000,1.18082595
1631491200000,1.18034196
1631505600000,1.17940497
1631520000000,1.17868197
1631534400000,1.17724395
1631548800000,1.176229
1631563200000,1.17526102
1631577600000,1.17446995
1631592000000,1.17375195
1631606400000,1.17305505
1631620800000,1.17243695
1631635200000,1.17193604
1631649600000,1.17145801
1631664000000,1.17097294
1631678400000,1.17059004
1631692800000,1.16996002
1631707200000,1.16968298
1631721600000,1.16962802
1631736000000,1.16946197
1631750400000,1.16917896
1631764800000,1.16911399
1631779200000,1.168787
1631793600000,1.168818
1631808000000,1.16850102
1631822400000,1.16807103
1631836800000,1.16766703
1631851200000,1.16674197
1631865600000,1.16539299
1631880000000,1.16422999
1631894400000,1.16315603
1631908800000,1.16195202
1631923200000,1.16081905
1631937600000,1.15974605
1631952000000,1.15848601
1631966400000,1.15695095
1631980800000,1.15521395
1631995200000,1.15345597
1632009600000,1.15125
1632024000000,1.14957297
1632038400000,1.14758301
1632052800000,1.14571404
1632067200000,1.14360595
1632081600000,1.14146399
1632096000000,1.13848197
1632110400000,1.13503802
1632124800000,1.13105798
1632139200000,1.12747395
1632153600000,1.12385702
1632168000000,1.12026298
1632182400000,1.11705399
1632196800000,1.11390996
1632211200000,1.11087894
1632225600000,1.10768104
1632240000000,1.10419297
1632254400000,1.10044205
1632268800000,1.09703302
1632283200000,1.093593
1632297600000,1.08989799
1632312000000,1.08647799
1632326400000,1.08313406
1632340800000,1.07993996
1632355200000,1.07646799
1632369600000,1.07286596
1632384000000,1.06871402
1632398400000,1.06460094
1632412800000,1.06090796
1632427200000,1.05738103
1632441600000,1.05436301
1632456000000,1.052858
1632470400000,1.05127394
1632484800000,1.04920197
1632499200000,1.04752004
1632513600000,1.04647505
1632528000000,1.04507196
1632542400000,1.04345298
1632556800000,1.04177201
1632571200000,1.04017305
1632585600000,1.03864098
1632600000000,1.03693902
1632614400000,1.03505898
1632628800000,1.03286195
1632643200000,1.03131902
1632657600000,1.02991402
1632672000000,1.02797794
1632686400000,1.02642596
1632700800000,1.02520096
1632715200000,1.02410698
1632729600000,1.02298295
1632744000000,1.02189302
1632758400000,1.02057505
1632772800000,1.01908803
1632787200000,1.01747799
1632801600000,1.015782
1632816000000,1.01429403
1632830400000,1.01265001
1632844800000,1.01096499
1632859200000,1.00910795
1632873600000,1.00718498
1632888000000,1.00535202
1632902400000,1.00348997
1632916800000,1.00168395
1632931200000,1.000193
1632945600000,0.998951972
1632960000000,0.997873008
1632974400000,0.996801972
1632988800000,0.995540023
1633003200000,0.994337976
1633017600000,0.993061006
1633032000000,0.991818011
1633046400000,0.990598023
1633060800000,0.989455998
1633075200000,0.988927007
1633089600000,0.988214016
1633104000000,0.987716973
1633118400000,0.987196028
1633132800000,0.986401975
1633147200000,0.985437989
1633161600000,0.984459996
1633176000000,0.983645976
1633190400000,0.983262002
1633204800000,0.982389987
1633219200000,0.98171097
1633233600000,0.981109977
1633248000000,0.980700016
1633262400000,0.980401993
1633276800000,0.980207026
1633291200000,0.979883015
1633305600000,0.979560018
1633320000000,0.979278028
1633334400000,0.978757024
1633348800000,0.978416026
1633363200000,0.978092015
1633377600000,0.977654994
1633392000000,0.977330029
1633406400000,0.977042019
1633420800000,0.976827979
1633435200000,0.976707995
1633449600000,0.976742983
1633464000000,0.976769984
1633478400000,0.976852
1633492800000,0.97674799
1633507200000,0.97645098
1633521600000,0.976929009
1633536000000,0.977979004
1633550400000,0.979166985
1633564800000,0.980579972
1633579200000,0.982116997
1633593600000,0.983730018
1633608000000,0.985189021
1633622400000,0.986446977
1633636800000,0.987609029
1633651200000,0.988785982
1633665600000,0.990225017
1633680000000,0.992026985
1633694400000,0.994009018
1633708800000,0.995540023
1633723200000,0.996729016
1633737600000,0.998248994
1633752000000,0.99931097
1633766400000,1.00055695
1633780800000,1.00206101
1633795200000,1.00361705
1633809600000,1.00519598
1633824000000,1.00709605
1633838400000,1.00947106
1633852800000,1.01146901
1633867200000,1.01334095
1633881600000,1.01524997
1633896000000,1.01678002
1633910400000,1.01926994
1633924800000,1.02182901
1633939200000,1.02399397
1633953600000,1.02611101
1633968000000,1.02795696
1633982400000,1.02992702
1633996800000,1.03147197
1634011200000,1.03308296
1634025600000,1.03457201
1634040000000,1.03618503
1634054400000,1.03784204
1634068800000,1.03988695
1634083200000,1.04166901
1634097600000,1.04301095
1634112000000,1.04451501
1634126400000,1.04613805
1634140800000,1.04757094
1634155200000,1.049245
1634169600000,1.05092001
1634184000000,1.05264902
1634198400000,1.05474496
1634212800000,1.05689096
1634227200000,1.05887401
1634241600000,1.06094205
1634256000000,1.062922
1634270400000,1.065207
1634284800000,1.06730497
1634299200000,1.06963098
1634313600000,1.07195103
1634328000000,1.07411003
1634342400000,1.07623899
1634356800000,1.07825804
1634371200000,1.08081102
1634385600000,1.08309495
1634400000000,1.084975
1634414400000,1.08691394
1634428800000,1.08890104
1634443200000,1.09071505
1634457600000,1.09258997
1634472000000,1.09424198
1634486400000,1.09584999
1634500800000,1.09707999
1634515200000,1.09782505
1634529600000,1.09849799
1634544000000,1.09895897
1634558400000,1.09943998
1634572800000,1.10010397
1634587200000,1.10076404
1634601600000,1.10148597
1634616000000,1.10201097
1634630400000,1.10226905
1634644800000,1.10270405
1634659200000,1.10306501
1634673600000,1.10354805
1634688000000,1.10402203
1634702400000,1.10441804
1634716800000,1.10472
1634731200000,1.10559297
1634745600000,1.10681999
1634760000000,1.10785902
1634774400000,1.10907805
1634788800000,1.110147
1634803200000,1.111022
1634817600000,1.11171806
1634832000000,1.11224103
1634846400000,1.11259103
1634860800000,1.11311603
1634875200000,1.11356401
1634889600000,1.11388803
1634904000000,1.113994
1634918400000,1.11427605
1634932800000,1.11460698
1634947200000,1.11519301
1634961600000,1.11515701
1634976000000,1.11523604
1634990400000,1.11543798
1635004800000,1.11571503
1635019200000,1.11579299
1635033600000,1.11589205
1635048000000,1.11606395
1635062400000,1.11617196
1635076800000,1.116256
1635091200000,1.11631894
1635105600000,1.11635196
1635120000000,1.11649001
1635134400000,1.11673903
1635148800000,1.11689198
1635163200000,1.11728895
1635177600000,1.11750901
1635192000000,1.11774099
1635206400000,1.11781597
1635220800000,1.11754203
1635235200000,1.11706305
1635249600000,1.11653697
1635264000000,1.11603796
1635278400000,1.11495197
1635292800000,1.11407602
1635307200000,1.11300504
1635321600000,1.11141706
1635336000000,1.11026394
1635350400000,1.10871899
1635364800000,1.10688305
1635379200000,1.10543299
1635393600000,1.10441506
1635408000000,1.10369599
1635422400000,1.10287499
1635436800000,1.10258996
1635451200000,1.10216796
1635465600000,1.10205698
1635480000000,1.101632
1635494400000,1.10132396
1635508800000,1.10109901
1635523200000,1.10069597
1635537600000,1.10071099
1635552000000,1.10058904
1635566400000,1.10047996
1635580800000,1.10028899
1635595200000,1.09981501
1635609600000,1.09932899
1635624000000,1.09898496
1635638400000,1.09865701
1635652800000,1.09853995
1635667200000,1.09802198
1635681600000,1.09753704
1635696000000,1.09714699
1635710400000,1.09684706
1635724800000,1.09644306
1635739200000,1.09622598
1635753600000,1.09569204
1635768000000,1.09521699
1635782400000,1.09478498
1635796800000,1.09431803
1635811200000,1.09357202
1635825600000,1.09298098
1635840000000,1.09263206
1635854400000,1.09248996
1635868800000,1.09248197
1635883200000,1.09256697
1635897600000,1.09271801
1635912000000,1.09357095
1635926400000,1.09446204
1635940800000,1.09521699
1635955200000,1.09617901
1635969600000,1.09736204
1635984000000,1.09878504
1635998400000,1.09982097
1636012800000,1.100927
1636027200000,1.10186505
1636041600000,1.10273397
1636056000000,1.10382199
1636070400000,1.10490501
1636084800000,1.10599101
1636099200000,1.10690296
1636113600000,1.10749602
1636128000000,1.10802805
1636142400000,1.10860896
1636156800000,1.10917497
1636171200000,1.10929501
1636185600000,1.10907602
1636200000000,1.10898995
1636214400000,1.10901701
1636228800000,1.10913897
1636243200000,1.10935998
1636257600000,1.10988903
1636272000000,1.11077905
1636286400000,1.11203301
1636300800000,1.113186
1636315200000,1.11430705
1636329600000,1.11587
1636344000000,1.11769104
1636358400000,1.11940503
1636372800000,1.12111604
1636387200000,1.12271905
1636401600000,1.12462997
1636416000000,1.12646997
1636430400000,1.12801099
1636444800000,1.12956595
1636459200000,1.13111699
1636473600000,1.13275301
1636488000000,1.13448095
1636502400000,1.13594198
1636516800000,1.13756895
1636531200000,1.13926899
1636545600000,1.14165998
1636560000000,1.14353597
1636574400000,1.144467
1636588800000,1.145558
1636603200000,1.14697397
1636617600000,1.14837098
1636632000000,1.14954901
1636646400000,1.15053797
1636660800000,1.15143096
1636675200000,1.15241694
1636689600000,1.15337896
1636704000000,1.15393806
1636718400000,1.154567
1636732800000,1.15525901
1636747200000,1.15634203
1636761600000,1.15797806
1636776000000,1.159711
1636790400000,1.16136897
1636804800000,1.16338205
1636819200000,1.16521001
1636833600000,1.16656995
1636848000000,1.16785896
1636862400000,1.16913998
1636876800000,1.170416
1636891200000,1.17162204
1636905600000,1.17265606
1636920000000,1.173962
1636934400000,1.17544103
1636948800000,1.17674303
1636963200000,1.17801702
1636977600000,1.17907405
1636992000000,1.18011606
1637006400000,1.18089199
1637020800000,1.18117905
1637035200000,1.18162
1637049600000,1.18170702
1637064000000,1.18185699
1637078400000,1.18170702
1637092800000,1.18133795
1637107200000,1.18120897
1637121600000,1.18122399
1637136000000,1.18132699
1637150400000,1.18105304
1637164800000,1.18120801
1637179200000,1.18111205
1637193600000,1.18142605
1637208000000,1.18156302
1637222400000,1.18145502
1637236800000,1.18108904
1637251200000,1.18065
1637265600000,1.18010294
1637280000000,1.17927396
1637294400000,1.17848504
1637308800000,1.17767096
1637323200000,1.17721403
1637337600000,1.17667603
1637352000000,1.17554605
1637366400000,1.17441404
1637380800000,1.17358196
1637395200000,1.17262805
1637409600000,1.17118001
1637424000000,1.16982603
1637438400000,1.16886604
1637452800000,1.16774404
1637467200000,1.16677403
1637481600000,1.16564906
1637496000000,1.16442597
1637510400000,1.16313303
1637524800000,1.16182995
1637539200000,1.16050303
1637553600000,1.15943205
1637568000000,1.15838206
1637582400000,1.15736401
1637596800000,1.15600896
1637611200000,1.15482104
1637625600000,1.15408695
1637640000000,1.15308201
1637654400000,1.15195
1637668800000,1.15090895
1637683200000,1.14990199
1637697600000,1.14891195
1637712000000,1.14744496
1637726400000,1.145697
1637740800000,1.14383197
1637755200000,1.14191902
1637769600000,1.139503
1637784000000,1.13706398
1637798400000,1.13478899
1637812800000,1.13251197
1637827200000,1.13037002
1637841600000,1.12806702
1637856000000,1.12585294
1637870400000,1.12378597
1637884800000,1.12167597
1637899200000,1.11931896
1637913600000,1.116081
1637928000000,1.11297297
1637942400000,1.11021996
1637956800000,1.10723305
1637971200000,1.10434997
1637985600000,1.10060203
1638000000000,1.09732103
1638014400000,1.09499395
1638028800000,1.09253597
1638043200000,1.08954704
1638057600000,1.08631599
1638072000000,1.08348298
1638086400000,1.08067298
1638100800000,1.07777095
1638115200000,1.074839
1638129600000,1.07248104
1638144000000,1.07051504
1638158400000,1.06871498
1638172800000,1.06660199
1638187200000,1.06447399
1638201600000,1.062451
1638216000000,1.06040502
1638230400000,1.05857694
1638244800000,1.05645299
1638259200000,1.05456495
1638273600000,1.05273104
1638288000000,1.05092502
1638302400000,1.04908395
1638316800000,1.04727602
1638331200000,1.04562402
1638345600000,1.04384696
1638360000000,1.04207504
1638374400000,1.03998899
1638388800000,1.03779495
1638403200000,1.03540695
1638417600000,1.03326094
1638432000000,1.03111899
1638446400000,1.02913594
1638460800000,1.02767396
1638475200000,1.02614903
1638489600000,1.02490997
1638504000000,1.02368104
1638518400000,1.02252603
1638532800000,1.02125502
1638547200000,1.01986301
1638561600000,1.018206
1638576000000,1.01598299
1638590400000,1.01262105
1638604800000,1.00929797
1638619200000,1.00627196
1638633600000,1.00327694
1638648000000,1.00065398
1638662400000,0.998180985
1638676800000,0.996002018
1638691200000,0.993663013
1638705600000,0.991154015
1638720000000,0.98882103
1638734400000,0.986437976
1638748800000,0.983925998
1638763200000,0.980786979
1638777600000,0.977602005
1638792000000,0.974636972
1638806400000,0.971737027
1638820800000,0.969132006
1638835200000,0.966444016
1638849600000,0.96408999
1638864000000,0.961583018
1638878400000,0.958984017
1638892800000,0.956435978
1638907200000,0.953779995
1638921600000,0.951120019
1638936000000,0.948731005
1638950400000,0.946178019
1638964800000,0.944272995
1638979200000,0.942611992
1638993600000,0.940789998
1639008000000,0.938754976
1639022400000,0.936787009
1639036800000,0.935509026
1639051200000,0.934054971
1639065600000,0.932097971
1639080000000,0.930315971
1639094400000,0.928484023
1639108800000,0.926344991
1639123200000,0.924277008
1639137600000,0.921844006
1639152000000,0.919677019
1639166400000,0.917262971
1639180800000,0.915109992
1639195200000,0.913079977
1639209600000,0.911177993
1639224000000,0.909215987
1639238400000,0.907028019
1639252800000,0.905075014
1639267200000,0.90297699
1639281600000,0.900689006
1639296000000,0.898360014
1639310400000,0.896135986
1639324800000,0.894334972
1639339200000,0.892589986
1639353600000,0.891496003
1639368000000,0.890298009
1639382400000,0.88902998
1639396800000,0.887615025
1639411200000,0.885816991
1639425600000,0.884159029
1639440000000,0.882526994
1639454400000,0.88084501
1639468800000,0.879386008
1639483200000,0.877849996
1639497600000,0.876748025
1639512000000,0.875554979
1639526400000,0.87432301
1639540800000,0.873170972
1639555200000,0.871998012
1639569600000,0.870087981
1639584000000,0.868547022
1639598400000,0.866905987
1639612800000,0.865473986
1639627200000,0.863954008
1639641600000,0.862501979
1639656000000,0.860867977
1639670400000,0.858998001
1639684800000,0.857219994
1639699200000,0.855352998
1639713600000,0.853422999
1639728000000,0.851409972
1639742400000,0.849379003
1639756800000,0.847258985
1639771200000,0.845076978
1639785600000,0.843101025
1639800000000,0.841109991
1639814400000,0.83939302
1639828800000,0.837722003
1639843200000,0.836248994
1639857600000,0.834771991
1639872000000,0.833392024
1639886400000,0.831978977
1639900800000,0.830495
1639915200000,0.829068005
1639929600000,0.82771498
1639944000000,0.826286018
1639958400000,0.825586975
1639972800000,0.824681997
1639987200000,0.823943973
1640001600000,0.82308799
1640016000000,0.822836995
1640030400000,0.824132979
1640044800000,0.825218976
1640059200000,0.826211989
1640073600000,0.826889992
1640088000000,0.827345014
1640102400000,0.828167021
1640116800000,0.829250991
1640131200000,0.830745995
1640145600000,0.832403004
1640160000000,0.833980978
1640174400000,0.835452974
1640188800000,0.836986005
1640203200000,0.838765979
1640217600000,0.841054976
1640232000000,0.842835009
1640246400000,0.844505012
1640260800000,0.84603101
1640275200000,0.847845972
1640289600000,0.849474013
1640304000000,0.850814998
1640318400000,0.852162004
1640332800000,0.853680015
1640347200000,0.854960978
1640361600000,0.855956018
1640376000000,0.856687009
1640390400000,0.85770601
1640404800000,0.85829401
1640419200000,0.858780026
1640433600000,0.859404981
1640448000000,0.860194027
1640462400000,0.860845029
1640476800000,0.860884011
1640491200000,0.861122012
1640505600000,0.861669004
1640520000000,0.862262011
1640534400000,0.86293298
1640548800000,0.863801003
1640563200000,0.864573002
1640577600000,0.865571022
1640592000000,0.866550028
1640606400000,0.867910981
1640620800000,0.86908102
1640635200000,0.870082974
1640649600000,0.870733976
1640664000000,0.871234
1640678400000,0.871936977
1640692800000,0.872379005
1640707200000,0.872680008
1640721600000,0.872947991
1640736000000,0.873302996
1640750400000,0.873479009
1640764800000,0.873456001
1640779200000,0.873494983
1640793600000,0.873525977
1640808000000,0.873422027
1640822400000,0.873333991
1640836800000,0.873667002
1640851200000,0.874336004
1640865600000,0.874898016
1640880000000,0.875442982
1640894400000,0.875940979
1640908800000,0.876230001
1640923200000,0.876649976
1640937600000,0.877108991
1640952000000,0.877412021
1640966400000,0.877331018
1640980800000,0.877520025
1640995200000,0.877873003
1641009600000,0.878512025
1641024000000,0.878688991
1641038400000,0.87885201
1641052800000,0.879095018
1641067200000,0.87935698
1641081600000,0.879482985
1641096000000,0.87964201
1641110400000,0.880001009
1641124800000,0.880506992
1641139200000,0.880900979
1641153600000,0.881356001
1641168000000,0.881762028
1641182400000,0.882243991
1641196800000,0.882697999
1641211200000,0.883117974
1641225600000,0.883395016
1641240000000,0.883588016
1641254400000,0.883581996
1641268800000,0.883621991
1641283200000,0.883776009
1641297600000,0.883862019
1641312000000,0.883782983
1641326400000,0.883692026
1641340800000,0.883726001
1641355200000,0.883719027
1641369600000,0.883666992
1641384000000,0.88360101
1641398400000,0.882505
1641412800000,0.881507993
1641427200000,0.88044697
1641441600000,0.879706025
1641456000000,0.878589988
1641470400000,0.877421021
1641484800000,0.876520991
1641499200000,0.875391006
1641513600000,0.873902977
1641528000000,0.87252599
1641542400000,0.870908976
1641556800000,0.868927002
1641571200000,0.866859019
1641585600000,0.864933014
1641600000000,0.863081992
1641614400000,0.861284971
1641628800000,0.859368026
1641643200000,0.857405007
1641657600000,0.854665995
1641672000000,0.852401972
1641686400000,0.850288987
1641700800000,0.847998023
1641715200000,0.845398009
1641729600000,0.842890024
1641744000000,0.840789974
1641758400000,0.838590026
1641772800000,0.836381018
1641787200000,0.834464014
1641801600000,0.832822978
1641816000000,0.830927014
1641830400000,0.828999996
1641844800000,0.827131987
1641859200000,0.825384974
1641873600000,0.823598027
1641888000000,0.821752012
1641902400000,0.819899976
1641916800000,0.818449974
1641931200000,0.816995025
1641945600000,0.815568984
1641960000000,0.81398797
1641974400000,0.812498987
1641988800000,0.81120801
1642003200000,0.80992502
1642017600000,0.808677018
1642032000000,0.807328999
1642046400000,0.805907011
1642060800000,0.804363012
1642075200000,0.802847981
1642089600000,0.801563978
1642104000000,0.800370991
1642118400000,0.799166977
1642132800000,0.79815203
1642147200000,0.797132015
1642161600000,0.796359003
1642176000000,0.795489013
1642190400000,0.794825017
1642204800000,0.794055998
1642219200000,0.79342097
1642233600000,0.792918026
1642248000000,0.79262203
1642262400000,0.792276978
1642276800000,0.791751981
1642291200000,0.791118979
1642305600000,0.790556014
1642320000000,0.789906025
1642334400000,0.789292991
1642348800000,0.788676977
1642363200000,0.788116992
1642377600000,0.787337005
1642392000000,0.786589026
1642406400000,0.786208987
1642420800000,0.785512984
1642435200000,0.784741998
1642449600000,0.783945024
1642464000000,0.783131003
1642478400000,0.782275975
1642492800000,0.781235993
1642507200000,0.780173004
1642521600000,0.779227972
1642536000000,0.778316975
1642550400000,0.777278006
1642564800000,0.77600199
1642579200000,0.774864972
1642593600000,0.773666024
1642608000000,0.772612989
1642622400000,0.771555007
1642636800000,0.770528018
1642651200000,0.769608021
1642665600000,0.768709004
1642680000000,0.767986
1642694400000,0.767283022
1642708800000,0.76621002
1642723200000,0.764756024
1642737600000,0.763356984
1642752000000,0.761982977
1642766400000,0.760555983
1642780800000,0.758902013
1642795200000,0.756977022
1642809600000,0.755101979
1642824000000,0.752813995
1642838400000,0.750706971
1642852800000,0.748733997
1642867200000,0.747043014
1642881600000,0.745388985
1642896000000,0.743898988
1642910400000,0.742430985
1642924800000,0.740783989
1642939200000,0.739031017
1642953600000,0.737523973
1642968000000,0.736281991
1642982400000,0.734835029
1642996800000,0.733344018
1643011200000,0.731383026
1643025600000,0.729566991
1643040000000,0.727855027
1643054400000,0.726255
1643068800000,0.724614024
1643083200000,0.722972989
1643097600000,0.721670985
1643112000000,0.72022903
1643126400000,0.718833983
1643140800000,0.717514992
1643155200000,0.716211021
1643169600000,0.714990973
1643184000000,0.713683009
1643198400000,0.712508023
1643212800000,0.711362004
1643227200000,0.71003598
1643241600000,0.708558023
1643256000000,0.707364023
1643270400000,0.706236005
1643284800000,0.704950988
1643299200000,0.703521013
1643313600000,0.702154994
1643328000000,0.70085001
1643342400000,0.699460983
1643356800000,0.697786987
1643371200000,0.69611901
1643385600000,0.694441974
1643400000000,0.692955017
1643414400000,0.691368997
1643428800000,0.689633012
1643443200000,0.687817991
1643457600000,0.685971022
1643472000000,0.684243977
1643486400000,0.682494998
1643500800000,0.680808008
1643515200000,0.679266989
1643529600000,0.6778
1643544000000,0.676267028
1643558400000,0.674562991
1643572800000,0.672770023
1643587200000,0.671055973
1643601600000,0.66921097
1643616000000,0.667393982
1643630400000,0.665629029
1643644800000,0.663971007
1643659200000,0.662344992
1643673600000,0.660833001
1643688000000,0.659135997
1643702400000,0.657501996
1643716800000,0.655936003
1643731200000,0.654376984
1643745600000,0.652848005
1643760000000,0.651331007
1643774400000,0.649784029
1643788800000,0.648290992
1643803200000,0.646616995
1643817600000,0.64506799
1643832000000,0.643415987
1643846400000,0.641761005
1643860800000,0.640215993
1643875200000,0.638556004
1643889600000,0.63697201
1643904000000,0.63538599
1643918400000,0.633912981
1643932800000,0.632511973
1643947200000,0.631235003
1643961600000,0.629885018
1643976000000,0.628615022
1643990400000,0.627595007
1644004800000,0.626866996
1644019200000,0.626174986
1644033600000,0.625488997
1644048000000,0.624791026
1644062400000,0.624148011
1644076800000,0.623338997
1644091200000,0.622529984
1644105600000,0.621800005
1644120000000,0.620890975
1644134400000,0.619988978
1644148800000,0.619452
1644163200000,0.619257987
1644177600000,0.619131982
1644192000000,0.619488001
1644206400000,0.620221019
1644220800000,0.621303976
1644235200000,0.622664988
1644249600000,0.624159992
1644264000000,0.62647903
1644278400000,0.629330993
1644292800000,0.632556975
1644307200000,0.635357022
1644321600000,0.637728989
1644336000000,0.639880002
1644350400000,0.642485976
1644364800000,0.644806981
1644379200000,0.647374988
1644393600000,0.650004029
1644408000000,0.652562976
1644422400000,0.655342996
1644436800000,0.658043027
1644451200000,0.660980999
1644465600000,0.663882017
1644480000000,0.666777015
1644494400000,0.669305027
1644508800000,0.67178899
1644523200000,0.674108982
1644537600000,0.67632997
1644552000000,0.678514004
1644566400000,0.680545986
1644580800000,0.682577014
1644595200000,0.684274971
1644609600000,0.685661018
1644624000000,0.687043011
1644638400000,0.688332021
1644652800000,0.689670026
1644667200000,0.691506982
1644681600000,0.693871975
1644696000000,0.696052015
1644710400000,0.698190987
1644724800000,0.700371981
1644739200000,0.702708006
1644753600000,0.704843998
1644768000000,0.706754029
1644782400000,0.708791971
1644796800000,0.710766971
1644811200000,0.712714016
1644825600000,0.714550018
1644840000000,0.716454983
1644854400000,0.718210995
1644868800000,0.72003901
1644883200000,0.722122014
1644897600000,0.724246025
1644912000000,0.726404011
1644926400000,0.728482008
1644940800000,0.730578005
1644955200000,0.732882977
1644969600000,0.735046029
1644984000000,0.737277985
1644998400000,0.739556015
1645012800000,0.741699994
1645027200000,0.744181991
1645041600000,0.746657014
1645056000000,0.748971999
1645070400000,0.75128597
1645084800000,0.75336802
1645099200000,0.755205989
1645113600000,0.756771982
1645128000000,0.758276999
1645142400000,0.759922981
1645156800000,0.761676013
1645171200000,0.763224006
1645185600000,0.764602005
1645200000000,0.766085029
1645214400000,0.767701983
1645228800000,0.769352973
1645243200000,0.771192014
1645257600000,0.772809029
1645272000000,0.77510798
1645286400000,0.777248979
1645300800000,0.779415011
1645315200000,0.781422019
1645329600000,0.783284009
1645344000000,0.785203993
1645358400000,0.786957979
1645372800000,0.788716972
1645387200000,0.790320992
1645401600000,0.792047024
1645416000000,0.793774009
1645430400000,0.795077026
1645444800000,0.796344995
1645459200000,0.797222018
1645473600000,0.797533989
1645488000000,0.797613025
1645502400000,0.797684014
1645516800000,0.79807198
1645531200000,0.798470974
1645545600000,0.79883498
1645560000000,0.799350977
1645574400000,0.799780011
1645588800000,0.800345004
1645603200000,0.800948024
1645617600000,0.801352978
1645632000000,0.801167011
1645646400000,0.800584972
1645660800000,0.799236
1645675200000,0.797927022
1645689600000,0.796441972
1645704000000,0.794642985
1645718400000,0.792797983
1645732800000,0.790791988
1645747200000,0.789183021
1645761600000,0.787832975
1645776000000,0.786670983
1645790400000,0.785062015
1645804800000,0.783874989
1645819200000,0.782963991
1645833600000,0.782149017
1645848000000,0.781041026
1645862400000,0.779721975
1645876800000,0.778596997
1645891200000,0.777495027
1645905600000,0.776284993
1645920000000,0.774753988
1645934400000,0.773499012
1645948800000,0.772569001
1645963200000,0.771834016
1645977600000,0.770745993
1645992000000,0.769762993
1646006400000,0.768810987
1646020800000,0.767835975
1646035200000,0.76720798
1646049600000,0.767223001
1646064000000,0.767130017
1646078400000,0.767306983
1646092800000,0.767328978
1646107200000,0.767023027
1646121600000,0.766391993
1646136000000,0.765962005
1646150400000,0.76553601
1646164800000,0.765088022
1646179200000,0.764500022
1646193600000,0.763952971
1646208000000,0.763715029
1646222400000,0.763312995
1646236800000,0.763049006
1646251200000,0.762763023
1646265600000,0.762542009
1646280000000,0.762193024
1646294400000,0.761973023
1646308800000,0.76145798
1646323200000,0.760663986
1646337600000,0.759917021
1646352000000,0.758985996
1646366400000,0.758108974
1646380800000,0.757269025
1646395200000,0.756078005
1646409600000,0.754858017
1646424000000,0.753594995
1646438400000,0.752508998
1646452800000,0.751583993
1646467200000,0.750584006
1646481600000,0.74980098
1646496000000,0.749104977
1646510400000,0.748359978
1646524800000,0.747635007
1646539200000,0.747083008
1646553600000,0.746599019
1646568000000,0.746285021
1646582400000,0.745760977
1646596800000,0.745023012
1646611200000,0.744444013
1646625600000,0.744156003
1646640000000,0.743852973
1646654400000,0.743471026
1646668800000,0.74267298
1646683200000,0.741922975
1646697600000,0.741460025
1646712000000,0.740383983
1646726400000,0.739504993
1646740800000,0.738518
1646755200000,0.737766981
1646769600000,0.737078011
1646784000000,0.736602008
1646798400000,0.736247003
1646812800000,0.735921979
1646827200000,0.735817015
1646841600000,0.735578001
1646856000000,0.735264003
1646870400000,0.735144973
1646884800000,0.734706998
1646899200000,0.734476984
1646913600000,0.734749019
1646928000000,0.735346973
1646942400000,0.735906005
1646956800000,0.736284971
1646971200000,0.736687005
1646985600000,0.737070024
1647000000000,0.737177014
1647014400000,0.73743999
1647028800000,0.738225996
1647043200000,0.739058971
1647057600000,0.739793003
1647072000000,0.740601003
1647086400000,0.741541982
1647100800000,0.743053973
1647115200000,0.744490027
1647129600000,0.746057987
1647144000000,0.747521996
1647158400000,0.748561025
1647172800000,0.749454975
1647187200000,0.750303984
1647201600000,0.750916004
1647216000000,0.751547992
1647230400000,0.752089977
1647244800000,0.752461016
1647259200000,0.75237298
1647273600000,0.752233028
1647288000000,0.752241015
1647302400000,0.752273023
1647316800000,0.752229989
1647331200000,0.752252996
1647345600000,0.752377987
1647360000000,0.752757013
1647374400000,0.753023028
1647388800000,0.753075004
1647403200000,0.753205001
1647417600000,0.75377202
1647432000000,0.754332006
1647446400000,0.754992008
1647460800000,0.755684972
1647475200000,0.756347001
1647489600000,0.75663501
1647504000000,0.756889999
1647518400000,0.75701201
1647532800000,0.757219017
1647547200000,0.757430971
1647561600000,0.757629991
1647576000000,0.757705986
1647590400000,0.757700026
1647604800000,0.757726014
1647619200000,0.75791198
1647633600000,0.758194029
1647648000000,0.75839299
1647662400000,0.758823991
1647676800000,0.75929302
1647691200000,0.759766996
1647705600000,0.760358989
1647720000000,0.760883987
1647734400000,0.761363983
1647748800000,0.762009025
1647763200000,0.762636006
1647777600000,0.763158977
1647792000000,0.763867974
1647806400000,0.76454699
1647820800000,0.765120983
1647835200000,0.765902996
1647849600000,0.766906023
1647864000000,0.767944992
1647878400000,0.769209981
1647892800000,0.770346999
1647907200000,0.771524012
1647921600000,0.772413015
1647936000000,0.773374021
1647950400000,0.774209976
1647964800000,0.775075018
1647979200000,0.775986016
1647993600000,0.776923001
1648008000000,0.777786016
1648022400000,0.778690994
1648036800000,0.779834986
1648051200000,0.780924022
1648065600000,0.78193301
1648080000000,0.782818019
1648094400000,0.783716023
1648108800000,0.784954011
1648123200000,0.78619498
1648137600000,0.78737402
1648152000000,0.788573027
1648166400000,0.789707005
1648180800000,0.790866017
1648195200000,0.792032003
1648209600000,0.793146014
1648224000000,0.793980002
1648238400000,0.794728994
1648252800000,0.795489013
1648267200000,0.796163976
1648281600000,0.796845019
1648296000000,0.797497988
1648310400000,0.798219025
1648324800000,0.799166024
1648339200000,0.800189972
1648353600000,0.801301003
1648368000000,0.802286983
1648382400000,0.803296983
1648396800000,0.804318011
1648411200000,0.805444002
1648425600000,0.806704998
1648440000000,0.808070004
1648454400000,0.809392989
1648468800000,0.810166001
1648483200000,0.811002016
1648497600000,0.811682999
1648512000000,0.812542021
1648526400000,0.813337982
1648540800000,0.814253986
1648555200000,0.814997017
1648569600000,0.815671027
1648584000000,0.816277981
1648598400000,0.816981971
1648612800000,0.817745984
1648627200000,0.818579972
1648641600000,0.819607973
1648656000000,0.820612013
1648670400000,0.821542025
1648684800000,0.822504997
1648699200000,0.823544979
1648713600000,0.824617982
1648728000000,0.825105011
1648742400000,0.825600982
1648756800000,0.826223016
1648771200000,0.826887012
1648785600000,0.827493012
1648800000000,0.827925026
1648814400000,0.828534007
1648828800000,0.82921797
1648843200000,0.829850018
1648857600000,0.830522001
1648872000000,0.831170022
1648886400000,0.831722975
1648900800000,0.832138002
1648915200000,0.83248198
1648929600000,0.832826972
1648944000000,0.833230019
1648958400000,0.833608985
1648972800000,0.833989024
1648987200000,0.834455013
1649001600000,0.834982991
1649016000000,0.835542023
1649030400000,0.836049974
1649044800000,0.836516023
1649059200000,0.83691299
1649073600000,0.837153971
1649088000000,0.837412
1649102400000,0.837594986
1649116800000,0.837737978
1649131200000,0.837817013
1649145600000,0.837857008
1649160000000,0.837881982
1649174400000,0.837983012
1649188800000,0.838018
1649203200000,0.838039994
1649217600000,0.83810699
1649232000000,0.837975025
1649246400000,0.837716997
1649260800000,0.837469995
1649275200000,0.836953998
1649289600000,0.836498976
1649304000000,0.836081982
1649318400000,0.835465014
1649332800000,0.83486402
1649347200000,0.834149003
1649361600000,0.833545029
1649376000000,0.83298701
1649390400000,0.832459986
1649404800000,0.831863999
1649419200000,0.831210971
1649433600000,0.830527008
1649448000000,0.829846978
1649462400000,0.829222023
1649476800000,0.828441978
1649491200000,0.827786028
1649505600000,0.826949
1649520000000,0.826234996
1649534400000,0.825497985
1649548800000,0.824806988
1649563200000,0.823980987
1649577600000,0.823101997
1649592000000,0.822265029
1649606400000,0.821560025
1649620800000,0.820713997
1649635200000,0.819701016
1649649600000,0.818812013
1649664000000,0.817619979
1649678400000,0.816412985
1649692800000,0.815186024
1649707200000,0.813794017
1649721600000,0.812484026
1649736000000,0.811221004
1649750400000,0.81003201
1649764800000,0.808773994
1649779200000,0.807343006
1649793600000,0.806092978
1649808000000,0.804862022
1649822400000,0.803629994
1649836800000,0.802269995
1649851200000,0.800897002
1649865600000,0.799367011
1649880000000,0.797918022
1649894400000,0.796585977
1649908800000,0.795123994
1649923200000,0.793368995
1649937600000,0.791854024
1649952000000,0.790280998
1649966400000,0.788841009
1649980800000,0.787883997
1649995200000,0.787060022
1650009600000,0.786206007
1650024000000,0.785364985
1650038400000,0.784457982
1650052800000,0.783694983
1650067200000,0.782862008
1650081600000,0.782003999
1650096000000,0.781135976
1650110400000,0.780197978
1650124800000,0.779308021
1650139200000,0.778460026
1650153600000,0.777514994
1650168000000,0.777064025
1650182400000,0.776715994
1650196800000,0.776364028
1650211200000,0.775835991
1650225600000,0.775115013
1650240000000,0.774546027
1650254400000,0.773621023
1650268800000,0.772713006
1650283200000,0.771866024
1650297600000,0.771067023
1650312000000,0.770340979
1650326400000,0.769617975
1650340800000,0.768930972
1650355200000,0.768296003
1650369600000,0.767786026
1650384000000,0.767238975
1650398400000,0.766668975
1650412800000,0.76601398
1650427200000,0.765232027
1650441600000,0.764540017
1650456000000,0.763657987
1650470400000,0.762826979
1650484800000,0.762009025
1650499200000,0.761188984
1650513600000,0.760470986
1650528000000,0.759806991
1650542400000,0.759119987
1650556800000,0.758331001
1650571200000,0.757412016
1650585600000,0.756439984
1650600000000,0.755526006
1650614400000,0.754550993
1650628800000,0.753557026
1650643200000,0.752722979
1650657600000,0.751797974
1650672000000,0.750968993
1650686400000,0.75028801
1650700800000,0.749664009
1650715200000,0.74919498
1650729600000,0.74862498
1650744000000,0.74793601
1650758400000,0.747180998
1650772800000,0.746514022
1650787200000,0.745757997
1650801600000,0.744939983
1650816000000,0.744029999
1650830400000,0.743166029
1650844800000,0.742262006
1650859200000,0.741060019
1650873600000,0.740117013
1650888000000,0.739248991
1650902400000,0.738502979
1650916800000,0.737823009
1650931200000,0.737167001
1650945600000,0.736483991
1650960000000,0.735662997
1650974400000,0.734566987
1650988800000,0.733363986
1651003200000,0.732165992
1651017600000,0.731082022
1651032000000,0.730105996
1651046400000,0.728877008
1651060800000,0.727805972
1651075200000,0.726877987
1651089600000,0.725965023
1651104000000,0.725365996
1651118400000,0.724820971
1651132800000,0.724260986
1651147200000,0.72369802
1651161600000,0.723141015
1651176000000,0.72252202
1651190400000,0.721778989
1651204800000,0.721108973
1651219200000,0.720369995
1651233600000,0.71942699
1651248000000,0.718343019
1651262400000,0.717312992
1651276800000,0.716458976
1651291200000,0.715479016
1651305600000,0.714498997
1651320000000,0.713428974
1651334400000,0.712182999
1651348800000,0.710693002
1651363200000,0.709374011
1651377600000,0.708113015
1651392000000,0.706861019
1651406400000,0.705639005
1651420800000,0.703755975
1651435200000,0.702049971
1651449600000,0.700447977
1651464000000,0.698933005
1651478400000,0.697310984
1651492800000,0.695542991
1651507200000,0.693782985
1651521600000,0.69215399
1651536000000,0.690635026
1651550400000,0.689145029
1651564800000,0.687610984
1651579200000,0.685966015
1651593600000,0.684204996
1651608000000,0.682470977
1651622400000,0.680851996
1651636800000,0.679199994
1651651200000,0.677718997
1651665600000,0.67633301
1651680000000,0.67514801
1651694400000,0.674269021
1651708800000,0.673367023
1651723200000,0.672366023
1651737600000,0.671149015
1651752000000,0.669462025
1651766400000,0.667711973
1651780800000,0.66604197
1651795200000,0.664497018
1651809600000,0.662775993
1651824000000,0.661014974
1651838400000,0.65923202
1651852800000,0.657512009
1651867200000,0.655915976
1651881600000,0.654151976
1651896000000,0.652566016
1651910400000,0.651071012
1651924800000,0.649504006
1651939200000,0.647889972
1651953600000,0.646209002
1651968000000,0.644393981
1651982400000,0.642531991
1651996800000,0.640792012
1652011200000,0.639156997
1652025600000,0.637579024
1652040000000,0.635933995
1652054400000,0.634308994
1652068800000,0.632650971
1652083200000,0.630756974
1652097600000,0.628840029
1652112000000,0.626600981
1652126400000,0.624357998
1652140800000,0.622226
1652155200000,0.620266974
1652169600000,0.618387997
1652184000000,0.616501987
1652198400000,0.614602983
1652212800000,0.612627029
1652227200000,0.610723972
1652241600000,0.608668029
1652256000000,0.606563985
1652270400000,0.604040027
1652284800000,0.601365983
1652299200000,0.599013984
1652313600000,0.596162975
1652328000000,0.593267024
1652342400000,0.590164006
1652356800000,0.587078989
1652371200000,0.583994985
1652385600000,0.580983996
1652400000000,0.578642011
1652414400000,0.57643199
1652428800000,0.574522972
1652443200000,0.572444022
1652457600000,0.570210993
1652472000000,0.567816019
1652486400000,0.565698981
1652500800000,0.56350702
1652515200000,0.561138988
1652529600000,0.558633983
1652544000000,0.556280017
1652558400000,0.554045022
1652572800000,0.551747978
1652587200000,0.549566984
1652601600000,0.547421992
1652616000000,0.545252025
1652630400000,0.543199003
1652644800000,0.541275978
1652659200000,0.539416015
1652673600000,0.537368
1652688000000,0.535502017
1652702400000,0.533550978
1652716800000,0.531583011
1652731200000,0.529582024
1652745600000,0.527725995
1652760000000,0.525847018
1652774400000,0.52403897
1652788800000,0.52246201
1652803200000,0.520850003
1652817600000,0.519352019
1652832000000,0.517741978
1652846400000,0.515972972
1652860800000,0.514262974
1652875200000,0.512272
1652889600000,0.510246992
1652904000000,0.508068025
1652918400000,0.506067991
1652932800000,0.504034996
1652947200000,0.502056003
1652961600000,0.500131011
1652976000000,0.498066992
1652990400000,0.496077001
1653004800000,0.494183004
1653019200000,0.492312014
1653033600000,0.490608007
1653048000000,0.488660991
1653062400000,0.486618012
1653076800000,0.484575987
1653091200000,0.482493997
1653105600000,0.480491012
1653120000000,0.478210002
1653134400000,0.475903004
1653148800000,0.473569989
1653163200000,0.471287012
1653177600000,0.46905601
1653192000000,0.467186987
1653206400000,0.465427995
1653220800000,0.463622004
1653235200000,0.461699992
1653249600000,0.459908009
1653264000000,0.458133996
1653278400000,0.456416011
1653292800000,0.45470199
1653307200000,0.452939004
1653321600000,0.451074988
1653336000000,0.449160993
1653350400000,0.447293013
1653364800000,0.445448995
1653379200000,0.443581015
1653393600000,0.441819996
1653408000000,0.440122008
1653422400000,0.43848601
1653436800000,0.436845005
1653451200000,0.43521899
1653465600000,0.43345201
1653480000000,0.431813002
1653494400000,0.430220008
1653508800000,0.428759992
1653523200000,0.427475989
1653537600000,0.426191986
1653552000000,0.425186992
1653566400000,0.424255997
1653580800000,0.423186988
1653595200000,0.421945006
1653609600000,0.420695007
1653624000000,0.419487
1653638400000,0.418202013
1653652800000,0.416956007
1653667200000,0.415636986
1653681600000,0.414458007
1653696000000,0.413397014
1653710400000,0.412797987
1653724800000,0.412512004
1653739200000,0.412216991
1653753600000,0.41227901
1653768000000,0.412355989
1653782400000,0.412414998
1653796800000,0.412402987
1653811200000,0.412380993
1653825600000,0.412393987
1653840000000,0.411803991
1653854400000,0.411377013
1653868800000,0.410806
1653883200000,0.410472989
1653897600000,0.410210013
1653912000000,0.409981996
1653926400000,0.409640014
1653940800000,0.409547001
1653955200000,0.409640014
1653969600000,0.409805
1653984000000,0.409898013
1653998400000,0.409805
1654012800000,0.409763992
1654027200000,0.409772992
1654041600000,0.409646004
1654056000000,0.409529001
1654070400000,0.409370989
1654084800000,0.408968002
1654099200000,0.408661008
1654113600000,0.408484012
1654128000000,0.408232003
1654142400000,0.408010006
1654156800000,0.407777011
1654171200000,0.407546997
1654185600000,0.407182992
1654200000000,0.406953007
1654214400000,0.406735003
1654228800000,0.406509012
1654243200000,0.40614301
1654257600000,0.40564701
1654272000000,0.405232012
1654286400000,0.40486601
1654300800000,0.404460013
1654315200000,0.404294997
1654329600000,0.404031992
1654344000000,0.403894007
1654358400000,0.403703988
1654372800000,0.403577
1654387200000,0.403389007
1654401600000,0.403082997
1654416000000,0.402855009
1654430400000,0.402604997
1654444800000,0.40228501
1654459200000,0.401951998
1654473600000,0.40170899
1654488000000,0.401639998
1654502400000,0.401571006
1654516800000,0.401488006
1654531200000,0.401374012
1654545600000,0.401271999
1654560000000,0.401050001
1654574400000,0.400797009
1654588800000,0.400537997
1654603200000,0.400341004
1654617600000,0.400350004
1654632000000,0.400285989
1654646400000,0.400076002
1654660800000,0.399890989
1654675200000,0.399708003
1654689600000,0.399515003
1654704000000,0.399316013
1654718400000,0.399073988
1654732800000,0.398838013
1654747200000,0.398600012
1654761600000,0.398528993
1654776000000,0.398487985
1654790400000,0.398364991
1654804800000,0.398261011
1654819200000,0.398232996
1654833600000,0.398238987
1654848000000,0.398203999
1654862400000,0.397996992
1654876800000,0.397704005
1654891200000,0.39745599
1654905600000,0.397334993
1654920000000,0.397193998
1654934400000,0.396905988
1654948800000,0.396450013
1654963200000,0.396032989
1654977600000,0.395648986
1654992000000,0.395211011
1655006400000,0.394753009
1655020800000,0.394335002
1655035200000,0.394015014
1655049600000,0.393552989
1655064000000,0.393025994
1655078400000,0.392428011
1655092800000,0.391741991
1655107200000,0.391016006
1655121600000,0.39033699
1655136000000,0.389678001
1655150400000,0.388936013
1655164800000,0.38824299
1655179200000,0.387573987
1655193600000,0.386826992
1655208000000,0.386180997
1655222400000,0.385551006
1655236800000,0.384927988
1655251200000,0.38420099
1655265600000,0.383381009
1655280000000,0.382618994
1655294400000,0.381846011
1655308800000,0.381099999
1655323200000,0.380528986
1655337600000,0.379878998
1655352000000,0.379121006
1655366400000,0.378262013
1655380800000,0.377243012
1655395200000,0.376203001
1655409600000,0.375151008
1655424000000,0.374168009
1655438400000,0.373360008
1655452800000,0.372465998
1655467200000,0.371468008
1655481600000,0.370472014
1655496000000,0.369543999
1655510400000,0.368584007
1655524800000,0.367596
1655539200000,0.366627991
1655553600000,0.365704
1655568000000,0.364719987
1655582400000,0.363853991
1655596800000,0.362868994
1655611200000,0.361901999
1655625600000,0.361054987
1655640000000,0.360183001
1655654400000,0.359301001
1655668800000,0.358525991
1655683200000,0.357771993
1655697600000,0.357075989
1655712000000,0.356480002
1655726400000,0.355832994
1655740800000,0.355156004
1655755200000,0.354467988
1655769600000,0.353810996
1655784000000,0.353163987
1655798400000,0.352526993
1655812800000,0.351927012
1655827200000,0.351292014
1655841600000,0.350672007
1655856000000,0.349947989
1655870400000,0.349189013
1655884800000,0.348430008
1655899200000,0.347694993
1655913600000,0.346897006
1655928000000,0.346089005
1655942400000,0.345283985
1655956800000,0.344527006
1655971200000,0.343805999
1655985600000,0.343032986
1656000000000,0.342474997
1656014400000,0.341928989
1656028800000,0.341711015
1656043200000,0.341477007
1656057600000,0.341057986
1656072000000,0.34059599
1656086400000,0.340254992
1656100800000,0.339938015
1656115200000,0.339635998
1656129600000,0.339325994
1656144000000,0.339002997
1656158400000,0.338542998
1656172800000,0.338138014
1656187200000,0.337794006
1656201600000,0.337437987
1656216000000,0.337105989
1656230400000,0.336831003
1656244800000,0.336488008
1656259200000,0.336102992
1656273600000,0.335642993
1656288000000,0.335278004
1656302400000,0.335022986
1656316800000,0.334832013
1656331200000,0.334547997
1656345600000,0.334221989
1656360000000,0.333878011
1656374400000,0.333559006
1656388800000,0.333454013
1656403200000,0.333274007
1656417600000,0.333090991
1656432000000,0.333074003
1656446400000,0.33296299
1656460800000,0.332827985
1656475200000,0.332540989
1656489600000,0.33228901
1656504000000,0.332120001
1656518400000,0.332138002
1656532800000,0.332233012
1656547200000,0.332388997
1656561600000,0.332430005
1656576000000,0.332338989
1656590400000,0.332347989
1656604800000,0.332468987
1656619200000,0.332590997
1656633600000,0.332691997
1656648000000,0.33265999
1656662400000,0.332599014
1656676800000,0.332504988
1656691200000,0.332518995
1656705600000,0.332612991
1656720000000,0.332626998
1656734400000,0.332628995
1656748800000,0.332513988
1656763200000,0.332210004
1656777600000,0.332015991
1656792000000,0.331932992
1656806400000,0.331936985
1656820800000,0.331896007
1656835200000,0.331871003
1656849600000,0.331867009
1656864000000,0.331867009
1656878400000,0.331725001
1656892800000,0.331645995
1656907200000,0.331602007
1656921600000,0.331654996
1656936000000,0.33167699
1656950400000,0.331721008
1656964800000,0.331916988
1656979200000,0.332125992
1656993600000,0.332334012
1657008000000,0.332551003
1657022400000,0.332639992
1657036800000,0.33287701
1657051200000,0.333099008
1657065600000,0.333186001
1657080000000,0.333222002
1657094400000,0.333243012
1657108800000,0.333211988
1657123200000,0.333303988
1657137600000,0.333445013
1657152000000,0.333471
1657166400000,0.333534002
1657180800000,0.333642989
1657195200000,0.33375901
1657209600000,0.333936006
1657224000000,0.334091991
1657238400000,0.334374011
1657252800000,0.334589988
1657267200000,0.334715992
1657281600000,0.334849
1657296000000,0.335076988
1657310400000,0.335283995
1657324800000,0.335480005
1657339200000,0.335705996
1657353600000,0.335878998
1657368000000,0.336097002
1657382400000,0.336324006
1657396800000,0.336508989
1657411200000,0.336602002
1657425600000,0.336753994
1657440000000,0.336802989
1657454400000,0.336692989
1657468800000,0.336295992
1657483200000,0.33583501
1657497600000,0.335370004
1657512000000,0.335023999
1657526400000,0.334648013
1657540800000,0.334210992
1657555200000,0.333757997
1657569600000,0.333193004
1657584000000,0.332650989
1657598400000,0.332219005
1657612800000,0.331730992
1657627200000,0.33118999
1657641600000,0.330626994
1657656000000,0.330065012
1657670400000,0.329465002
1657684800000,0.329014003
1657699200000,0.328539997
1657713600000,0.328063995
1657728000000,0.327594995
1657742400000,0.327208996
1657756800000,0.326799989
1657771200000,0.326454997
1657785600000,0.326072991
1657800000000,0.325746
1657814400000,0.325576007
1657828800000,0.325414002
1657843200000,0.325376987
1657857600000,0.32535401
1657872000000,0.325275987
1657886400000,0.325197995
1657900800000,0.325181991
1657915200000,0.325206012
1657929600000,0.325293005
1657944000000,0.325361997
1657958400000,0.325424999
1657972800000,0.325567991
1657987200000,0.325821012
1658001600000,0.326146007
1658016000000,0.326570988
1658030400000,0.326997995
1658044800000,0.327253014
1658059200000,0.327419013
1658073600000,0.327690005
1658088000000,0.327939987
1658102400000,0.328364015
1658116800000,0.328889012
1658131200000,0.329383999
1658145600000,0.329914004
1658160000000,0.330365002
1658174400000,0.33089599
1658188800000,0.331326991
1658203200000,0.331732988
1658217600000,0.332174987
1658232000000,0.332657993
1658246400000,0.333200991
1658260800000,0.333802015
1658275200000,0.334450006
1658289600000,0.335054994
1658304000000,0.335554987
1658318400000,0.336106986
1658332800000,0.336623013
1658347200000,0.337085009
1658361600000,0.33741501
1658376000000,0.337738991
1658390400000,0.338023007
1658404800000,0.338268012
1658419200000,0.338658005
1658433600000,0.339060009
1658448000000,0.339520007
1658462400000,0.339982986
1658476800000,0.340431005
1658491200000,0.340784997
1658505600000,0.341120988
1658520000000,0.341482013
1658534400000,0.341838986
1658548800000,0.342204005
1658563200000,0.342449009
1658577600000,0.342675
1658592000000,0.342918009
1658606400000,0.343189001
1658620800000,0.34346199
1658635200000,0.343733996
1658649600000,0.343952
1658664000000,0.344188988
1658678400000,0.344253004
1658692800000,0.344298989
1658707200000,0.344357997
1658721600000,0.344384015
1658736000000,0.344406009
1658750400000,0.344457
1658764800000,0.344458014
1658779200000,0.344372004
1658793600000,0.344301999
1658808000000,0.344154
1658822400000,0.344000995
1658836800000,0.343818009
1658851200000,0.343746006
1658865600000,0.343710989
1658880000000,0.343641996
1658894400000,0.343760997
1658908800000,0.343820989
1658923200000,0.343948007
1658937600000,0.344226003
1658952000000,0.344552994
1658966400000,0.344886988
1658980800000,0.345176995
1658995200000,0.345512986
1659009600000,0.346008986
1659024000000,0.346601009
1659038400000,0.34722501
1659052800000,0.347860992
1659067200000,0.348439991
1659081600000,0.349023998
1659096000000,0.349595994
1659110400000,0.350151002
1659124800000,0.350623012
1659139200000,0.351119012
1659153600000,0.351698995
1659168000000,0.352234989
1659182400000,0.353015006
1659196800000,0.353733003
1659211200000,0.354427993
1659225600000,0.355176002
1659240000000,0.355886996
1659254400000,0.356525004
1659268800000,0.35709399
1659283200000,0.357578993
1659297600000,0.35798201
1659312000000,0.358449996
1659326400000,0.358961999
1659340800000,0.359396994
1659355200000,0.359851986
1659369600000,0.360246986
1659384000000,0.360704988
1659398400000,0.361021996
1659412800000,0.361290991
1659427200000,0.361496001
1659441600000,0.361719996
1659456000000,0.361914992
1659470400000,0.362076014
1659484800000,0.36223799
1659499200000,0.362441987
1659513600000,0.362686992
1659528000000,0.362976015
1659542400000,0.363178998
1659556800000,0.363231987
1659571200000,0.363305002
1659585600000,0.363350004
1659600000000,0.363485008
1659614400000,0.363518
1659628800000,0.36364001
1659643200000,0.363813013
1659657600000,0.363972992
1659672000000,0.364077002
1659686400000,0.364154994
1659700800000,0.36412999
1659715200000,0.364060014
1659729600000,0.364093006
1659744000000,0.364098996
1659758400000,0.364080012
1659772800000,0.364131987
1659787200000,0.364248008
1659801600000,0.364432007
1659816000000,0.364587009
1659830400000,0.364773005
1659844800000,0.364962012
1659859200000,0.365029007
1659873600000,0.365092009
1659888000000,0.365200996
1659902400000,0.36529699
1659916800000,0.365337014
1659931200000,0.365502
1659945600000,0.365770996
1659960000000,0.365987003
1659974400000,0.366210997
1659988800000,0.366400987
1660003200000,0.366656005
1660017600000,0.36688599
1660032000000,0.367036015
1660046400000,0.36707899
1660060800000,0.367168009
1660075200000,0.367228001
1660089600000,0.367204994
1660104000000,0.367174
1660118400000,0.367210001
1660132800000,0.367392987
1660147200000,0.367684007
1660161600000,0.368046999
1660176000000,0.368393004
1660190400000,0.368739992
1660204800000,0.369114995
1660219200000,0.369540989
1660233600000,0.370007992
1660248000000,0.370517999
1660262400000,0.370986998
1660276800000,0.371482015
1660291200000,0.371897012
1660305600000,0.372263998
1660320000000,0.372727007
1660334400000,0.373158991
1660348800000,0.373638004
1660363200000,0.374065995
1660377600000,0.374329001
1660392000000,0.374541998
1660406400000,0.374729007
1660420800000,0.374985009
1660435200000,0.375254005
1660449600000,0.375470996
1660464000000,0.375597
1660478400000,0.375690013
1660492800000,0.375721008
1660507200000,0.375764012
1660521600000,0.375905007
1660536000000,0.375914991
1660550400000,0.375925988
1660564800000,0.375974
1660579200000,0.376028001
1660593600000,0.376082003
1660608000000,0.37608701
1660622400000,0.375799
1660636800000,0.375631005
1660651200000,0.375483006
1660665600000,0.375342011
1660680000000,0.375189006
1660694400000,0.375149012
1660708800000,0.375014991
1660723200000,0.374857008
1660737600000,0.37479499
1660752000000,0.374751002
1660766400000,0.374736995
1660780800000,0.37469399
1660795200000,0.374648005
1660809600000,0.374680012
1660824000000,0.374653995
1660838400000,0.374720007
1660852800000,0.37471801
1660867200000,0.374610007
1660881600000,0.374330997
1660896000000,0.373993993
1660910400000,0.373638004
1660924800000,0.373369992
1660939200000,0.373021007
1660953600000,0.372687012
1660968000000,0.372379005
1660982400000,0.372031003
1660996800000,0.371746987
1661011200000,0.371390015
1661025600000,0.371042997
1661040000000,0.370716989
1661054400000,0.370469004
1661068800000,0.37024799
1661083200000,0.369967997
1661097600000,0.36965099
1661112000000,0.369354993
1661126400000,0.368952006
1661140800000,0.368604004
1661155200000,0.368261009
1661169600000,0.367870986
1661184000000,0.367478997
1661198400000,0.367166996
1661212800000,0.366811991
1661227200000,0.366439015
1661241600000,0.366106004
1661256000000,0.365819007
1661270400000,0.365556985
1661284800000,0.365309
1661299200000,0.364984006
1661313600000,0.364661992
1661328000000,0.364358008
1661342400000,0.364091992
1661356800000,0.363851011
1661371200000,0.363534003
1661385600000,0.363164008
1661400000000,0.362841994
1661414400000,0.362518996
1661428800000,0.362186015
1661443200000,0.361901999
1661457600000,0.361611992
1661472000000,0.361398995
1661486400000,0.361256987
1661500800000,0.361135989
1661515200000,0.360868007
1661529600000,0.36065799
1661544000000,0.360422999
1661558400000,0.360141009
1661572800000,0.359732002
1661587200000,0.359346986
1661601600000,0.358875006
1661616000000,0.358411014
1661630400000,0.357957006
1661644800000,0.35749501
1661659200000,0.357053012
1661673600000,0.35659799
1661688000000,0.356137991
1661702400000,0.355702996
1661716800000,0.355167001
1661731200000,0.354681998
1661745600000,0.354166001
1661760000000,0.353623003
1661774400000,0.353107989
1661788800000,0.352580011
1661803200000,0.352108002
1661817600000,0.351612002
1661832000000,0.351126999
1661846400000,0.350659013
1661860800000,0.350118011
1661875200000,0.349539995
1661889600000,0.348942995
1661904000000,0.348408997
1661918400000,0.347887993
1661932800000,0.347404987
1661947200000,0.346913993
1661961600000,0.346390992
1661976000000,0.345970988
1661990400000,0.345526993
1662004800000,0.345059007
1662019200000,0.344603002
1662033600000,0.344083011
1662048000000,0.343665987
1662062400000,0.34326601
1662076800000,0.342812002
1662091200000,0.342397988
1662105600000,0.341939986
1662120000000,0.341479987
1662134400000,0.34088099
1662148800000,0.340422004
1662163200000,0.339931995
1662177600000,0.339482993
1662192000000,0.338997006
1662206400000,0.338496
1662220800000,0.338046014
1662235200000,0.337592989
1662249600000,0.337108999
1662264000000,0.336632997
1662278400000,0.336167991
1662292800000,0.335763991
1662307200000,0.335462004
1662321600000,0.335328013
1662336000000,0.335249007
1662350400000,0.33514899
1662364800000,0.334982991
1662379200000,0.334922999
1662393600000,0.334820986
1662408000000,0.334733993
1662422400000,0.334659994
1662436800000,0.334583998
1662451200000,0.334585994
1662465600000,0.33456099
1662480000000,0.334425002
1662494400000,0.334201008
1662508800000,0.333936006
1662523200000,0.333709002
1662537600000,0.333498001
1662552000000,0.333296001
1662566400000,0.33326
1662580800000,0.333272994
1662595200000,0.333238989
1662609600000,0.333177
1662624000000,0.333153009
1662638400000,0.333047986
1662652800000,0.333088994
1662667200000,0.333106011
1662681600000,0.333144009
1662696000000,0.333209008
1662710400000,0.333265007
1662724800000,0.333267003
1662739200000,0.333393991
1662753600000,0.333554
1662768000000,0.333662003
1662782400000,0.333736002
1662796800000,0.333788007
1662811200000,0.333889991
1662825600000,0.334006995
1662840000000,0.334109008
1662854400000,0.334183991
1662868800000,0.334289998
1662883200000,0.334351987
1662897600000,0.334416002
1662912000000,0.334493011
1662926400000,0.33454901
1662940800000,0.334508985
1662955200000,0.334632009
1662969600000,0.334778994
1662984000000,0.334913999
1662998400000,0.335114986
1663012800000,0.335350007
1663027200000,0.335509986
1663041600000,0.335736006
1663056000000,0.33595401
1663070400000,0.336001009
1663084800000,0.336028993
1663099200000,0.336010993
1663113600000,0.336014003
1663128000000,0.336030006
1663142400000,0.336034
1663156800000,0.336176008
1663171200000,0.336351991
1663185600000,0.336544991
1663200000000,0.336674005
1663214400000,0.336802006
1663228800000,0.336865008
1663243200000,0.336784005
1663257600000,0.336780995
1663272000000,0.336721987
1663286400000,0.336683989
1663300800000,0.336706012
1663315200000,0.336744994
1663329600000,0.336825997
1663344000000,0.336917996
1663358400000,0.337164015
1663372800000,0.337361008
1663387200000,0.337572992
1663401600000,0.337805986
1663416000000,0.338236988
1663430400000,0.338721991
1663444800000,0.339222997
1663459200000,0.339641988
1663473600000,0.340278
1663488000000,0.340755999
1663502400000,0.341239005
1663516800000,0.341888994
1663531200000,0.342148006
1663545600000,0.342307001
1663560000000,0.342498988
1663574400000,0.342732996
1663588800000,0.342972994
1663603200000,0.343587011
1663617600000,0.344152987
1663632000000,0.344594002
1663646400000,0.345079988
1663660800000,0.345607996
1663675200000,0.346506
1663689600000,0.347303987
1663704000000,0.348150998
1663718400000,0.348885
1663732800000,0.349608004
1663747200000,0.350353986
1663761600000,0.350979
1663776000000,0.351745009
1663790400000,0.352420002
1663804800000,0.353195995
1663819200000,0.35414201
1663833600000,0.355167001
1663848000000,0.356177002
1663862400000,0.357668012
1663876800000,0.359189987
1663891200000,0.361214012
1663905600000,0.363050997
1663920000000,0.364699006
1663934400000,0.366380006
1663948800000,0.367911994
1663963200000,0.369771987
1663977600000,0.371558011
1663992000000,0.373234987
1664006400000,0.374839008
1664020800000,0.376255989
1664035200000,0.377912015
1664049600000,0.379478008
1664064000000,0.381011009
1664078400000,0.382589996
1664092800000,0.384162992
1664107200000,0.385812014
1664121600000,0.387387007
1664136000000,0.388810009
1664150400000,0.390123993
1664164800000,0.391386002
1664179200000,0.39249599
1664193600000,0.393662989
1664208000000,0.394847989
1664222400000,0.395999014
1664236800000,0.397215009
1664251200000,0.398454994
1664265600000,0.399572998
1664280000000,0.400678992
1664294400000,0.401567012
1664308800000,0.402462989
1664323200000,0.403174013
1664337600000,0.403862
1664352000000,0.404588014
1664366400000,0.405404001
1664380800000,0.406273991
1664395200000,0.407234013
1664409600000,0.408104986
1664424000000,0.408969015
1664438400000,0.409805
1664452800000,0.410551995
1664467200000,0.411431015
1664481600000,0.412737995
1664496000000,0.413976997
1664510400000,0.415477991
1664524800000,0.416900009
1664539200000,0.418347001
1664553600000,0.419849008
1664568000000,0.421288997
1664582400000,0.422702998
1664596800000,0.424100012
1664611200000,0.42543301
1664625600000,0.426840991
1664640000000,0.428241014
1664654400000,0.429585993
1664668800000,0.43097499
1664683200000,0.432476997
1664697600000,0.433789015
1664712000000,0.435110986
1664726400000,0.436461002
1664740800000,0.437685013
1664755200000,0.438858986
1664769600000,0.439927012
1664784000000,0.440979004
1664798400000,0.441956013
1664812800000,0.443006009
1664827200000,0.444148004
1664841600000,0.445165992
1664856000000,0.446081012
1664870400000,0.447073013
1664884800000,0.448073
1664899200000,0.449211001
1664913600000,0.450138986
1664928000000,0.451110005
1664942400000,0.452125996
1664956800000,0.452946991
1664971200000,0.454246014
1664985600000,0.455772012
1665000000000,0.457159013
1665014400000,0.458626986
1665028800000,0.460023999
1665043200000,0.461106986
1665057600000,0.462204993
1665072000000,0.463443011
1665086400000,0.464598
1665100800000,0.465673
1665115200000,0.466376007
1665129600000,0.46717599
1665144000000,0.467970014
1665158400000,0.469110012
1665172800000,0.470263988
1665187200000,0.471464008
1665201600000,0.472719014
1665216000000,0.473839015
1665230400000,0.475102007
1665244800000,0.47626701
1665259200000,0.477205992
1665273600000,0.477984995
1665288000000,0.478812009
1665302400000,0.479167998
1665316800000,0.479580998
1665331200000,0.479593992
1665345600000,0.479743004
1665360000000,0.480174005
1665374400000,0.48050499
1665388800000,0.480971992
1665403200000,0.481135994
1665417600000,0.481332988
1665432000000,0.481348008
1665446400000,0.481339008
1665460800000,0.481447995
1665475200000,0.481344014
1665489600000,0.481438011
1665504000000,0.481451988
1665518400000,0.481400013
1665532800000,0.481256992
1665547200000,0.481110007
1665561600000,0.480996013
1665576000000,0.481034011
1665590400000,0.481099993
1665604800000,0.481247008
1665619200000,0.481341988
1665633600000,0.481162012
1665648000000,0.481000006
1665662400000,0.481074989
1665676800000,0.481184006
1665691200000,0.481177986
1665705600000,0.481507987
1665720000000,0.481819004
1665734400000,0.482356012
1665748800000,0.482811004
1665763200000,0.483426988
1665777600000,0.484070003
1665792000000,0.484672993
1665806400000,0.485170007
1665820800000,0.485662013
1665835200000,0.486045003
1665849600000,0.486469001
1665864000000,0.486896992
1665878400000,0.487333
1665892800000,0.487827003
1665907200000,0.488249004
1665921600000,0.488187999
1665936000000,0.488202989
1665950400000,0.488074005
1665964800000,0.487966001
1665979200000,0.487893999
1665993600000,0.487791002
1666008000000,0.487769008
1666022400000,0.487737
1666036800000,0.487776995
1666051200000,0.487807006
1666065600000,0.487751991
1666080000000,0.487697989
1666094400000,0.487621993
1666108800000,0.48752901
1666123200000,0.487432003
1666137600000,0.487448007
1666152000000,0.487441987
1666166400000,0.487370014
1666180800000,0.487466007
1666195200000,0.487605989
1666209600000,0.487695009
1666224000000,0.487791985
1666238400000,0.487884015
1666252800000,0.487960994
1666267200000,0.487949014
1666281600000,0.487785012
1666296000000,0.487625986
1666310400000,0.487379014
1666324800000,0.487058997
1666339200000,0.486642987
1666353600000,0.486326009
1666368000000,0.486104012
1666382400000,0.485886991
1666396800000,0.485700995
1666411200000,0.485415012
1666425600000,0.485103995
1666440000000,0.484878004
1666454400000,0.484539002
1666468800000,0.484241992
1666483200000,0.483866006
1666497600000,0.483507007
1666512000000,0.483069003
1666526400000,0.482704014
1666540800000,0.482466996
1666555200000,0.482259005
1666569600000,0.481920987
1666584000000,0.481563002
1666598400000,0.480958015
1666612800000,0.480340004
1666627200000,0.479653001
1666641600000,0.478985012
1666656000000,0.478273004
1666670400000,0.477571011
1666684800000,0.476862013
1666699200000,0.47625801
1666713600000,0.475814015
1666728000000,0.475253999
1666742400000,0.474680007
1666756800000,0.474034011
1666771200000,0.473284006
1666785600000,0.472636998
1666800000000,0.471965998
1666814400000,0.471430004
1666828800000,0.470981002
1666843200000,0.470483005
1666857600000,0.469983011
1666872000000,0.469718009
1666886400000,0.469500005
1666900800000,0.469220996
1666915200000,0.468977988
1666929600000,0.468584001
1666944000000,0.468313009
1666958400000,0.468095988
1666972800000,0.467938989
1666987200000,0.467786998
1667001600000,0.467611998
1667016000000,0.467386991
1667030400000,0.467209995
1667044800000,0.467038006
1667059200000,0.467023998
1667073600000,0.467171997
1667088000000,0.467285007
1667102400000,0.467231989
1667116800000,0.467009991
1667131200000,0.466818005
1667145600000,0.466417015
1667160000000,0.466006994
1667174400000,0.465579987
1667188800000,0.465270013
1667203200000,0.464969009
1667217600000,0.464601994
1667232000000,0.464251995
1667246400000,0.464033008
1667260800000,0.463773012
1667275200000,0.46350801
1667289600000,0.463277996
1667304000000,0.463048995
1667318400000,0.462826014
1667332800000,0.462624997
1667347200000,0.462408006
1667361600000,0.462182999
1667376000000,0.461903989
1667390400000,0.461710006
1667404800000,0.461542994
1667419200000,0.461340994
1667433600000,0.461145014
1667448000000,0.460943997
1667462400000,0.460763991
1667476800000,0.460519999
1667491200000,0.460321009
1667505600000,0.460103005
1667520000000,0.459973007
1667534400000,0.45993799
1667548800000,0.460173994
1667563200000,0.460404992
1667577600000,0.460720003
1667592000000,0.461203992
1667606400000,0.461643994
1667620800000,0.462047011
1667635200000,0.462401986
1667649600000,0.462882996
1667664000000,0.463301986
1667678400000,0.46360901
1667692800000,0.463885993
1667707200000,0.464166999
1667721600000,0.464688003
1667736000000,0.465119988
1667750400000,0.465496004
1667764800000,0.465764999
1667779200000,0.466100007
1667793600000,0.466253012
1667808000000,0.466426015
1667822400000,0.466589987
1667836800000,0.466733992
1667851200000,0.466789991
1667865600000,0.466524005
1667880000000,0.466280997
1667894400000,0.466022015
1667908800000,0.465750009
1667923200000,0.465077996
1667937600000,0.464547992
1667952000000,0.463907003
1667966400000,0.463202
1667980800000,0.462300003
1667995200000,0.461225986
1668009600000,0.460218996
1668024000000,0.45897001
1668038400000,0.457888007
1668052800000,0.457029998
1668067200000,0.456068009
1668081600000,0.455424994
1668096000000,0.454809994
1668110400000,0.454257011
1668124800000,0.453568012
1668139200000,0.452908993
1668153600000,0.452143013
1668168000000,0.451290995
1668182400000,0.450423986
1668196800000,0.449640989
1668211200000,0.448747993
1668225600000,0.447759986
1668240000000,0.446832001
1668254400000,0.445841998
1668268800000,0.444761008
1668283200000,0.443668991
1668297600000,0.442629009
1668312000000,0.44155401
1668326400000,0.440358013
1668340800000,0.439236999
1668355200000,0.438042998
1668369600000,0.436874986
1668384000000,0.435586005
1668398400000,0.434401989
1668412800000,0.433198988
1668427200000,0.431919008
1668441600000,0.430707991
1668456000000,0.429751992
1668470400000,0.428732991
1668484800000,0.427821994
1668499200000,0.426903993
1668513600000,0.426111013
1668528000000,0.425278008
1668542400000,0.424461007
1668556800000,0.423649997
1668571200000,0.422926009
1668585600000,0.42207101
1668600000000,0.421146005
1668614400000,0.420320988
1668628800000,0.419472009
1668643200000,0.418657005
1668657600000,0.417935997
1668672000000,0.417147011
1668686400000,0.416254997
1668700800000,0.415464014
1668715200000,0.414678007
1668729600000,0.413866997
1668744000000,0.413089007
1668758400000,0.412288994
1668772800000,0.411430001
1668787200000,0.410641998
1668801600000,0.409882993
1668816000000,0.409130991
1668830400000,0.408340007
1668844800000,0.407628
1668859200000,0.406942993
1668873600000,0.406201988
1668888000000,0.405469
1668902400000,0.404825985
1668916800000,0.404154003
1668931200000,0.403337002
1668945600000,0.402543008
1668960000000,0.401749015
1668974400000,0.400718004
1668988800000,0.399367988
1669003200000,0.397992998
1669017600000,0.396553993
1669032000000,0.395052999
1669046400000,0.393599004
1669060800000,0.392259002
1669075200000,0.390879989
1669089600000,0.389461994
1669104000000,0.388087988
1669118400000,0.386884987
1669132800000,0.385708988
1669147200000,0.384577006
1669161600000,0.383451998
1669176000000,0.382362992
1669190400000,0.381285995
1669204800000,0.380335003
1669219200000,0.379377007
1669233600000,0.378562003
1669248000000,0.377685994
1669262400000,0.376718014
1669276800000,0.375764996
1669291200000,0.375010997
1669305600000,0.374642998
1669320000000,0.374246001
1669334400000,0.373804003
1669348800000,0.373578012
1669363200000,0.373705
1669377600000,0.373683989
1669392000000,0.373843014
1669406400000,0.374054015
1669420800000,0.374388993
1669435200000,0.374846995
1669449600000,0.375355989
1669464000000,0.376053005
1669478400000,0.376533985
1669492800000,0.376792014
1669507200000,0.37718901
1669521600000,0.377308995
1669536000000,0.377508014
1669550400000,0.377602994
1669564800000,0.377840996
1669579200000,0.377896994
1669593600000,0.377813995
1669608000000,0.377887994
1669622400000,0.377920002
1669636800000,0.377873003
1669651200000,0.37796399
1669665600000,0.378158987
1669680000000,0.378289014
1669694400000,0.378520012
1669708800000,0.378791988
1669723200000,0.379070014
1669737600000,0.379355013
1669752000000,0.37973699
1669766400000,0.380228013
1669780800000,0.380771995
1669795200000,0.381339997
1669809600000,0.381947011
1669824000000,0.382708013
1669838400000,0.383325994
1669852800000,0.383854002
1669867200000,0.384384006
1669881600000,0.384867013
1669896000000,0.385075003
1669910400000,0.385356992
1669924800000,0.385526001
1669939200000,0.385601014
1669953600000,0.385600001
1669968000000,0.385655999
1669982400000,0.385657012
1669996800000,0.385726988
1670011200000,0.385812014
1670025600000,0.385969013
1670040000000,0.386204988
1670054400000,0.386415988
1670068800000,0.386613011
1670083200000,0.386786014
1670097600000,0.386862993
1670112000000,0.387019992
1670126400000,0.387169987
1670140800000,0.387257993
1670155200000,0.387327999
1670169600000,0.387436986
1670184000000,0.387520999
1670198400000,0.387629002
1670212800000,0.387782991
1670227200000,0.387885004
1670241600000,0.387968987
1670256000000,0.388025999
1670270400000,0.388137996
1670284800000,0.388161004
1670299200000,0.388172001
1670313600000,0.388202012
1670328000000,0.388242006
1670342400000,0.388229012
1670356800000,0.388256997
1670371200000,0.38836199
1670385600000,0.388383001
1670400000000,0.388388008
1670414400000,0.388603985
1670428800000,0.388884991
1670443200000,0.389198005
1670457600000,0.389557004
1670472000000,0.389869004
1670486400000,0.390195996
1670500800000,0.390439004
1670515200000,0.390772015
1670529600000,0.391144991
1670544000000,0.391451001
1670558400000,0.391644001
1670572800000,0.391817003
1670587200000,0.391932011
1670601600000,0.392021
1670616000000,0.392102003
1670630400000,0.392215014
1670644800000,0.392334998
1670659200000,0.392430007
1670673600000,0.392506987
1670688000000,0.392554998
1670702400000,0.392614007
1670716800000,0.392699987
1670731200000,0.392675996
1670745600000,0.392508
1670760000000,0.392347991
1670774400000,0.392280012
1670788800000,0.391936004
1670803200000,0.391617
1670817600000,0.391335994
1670832000000,0.391027987
1670846400000,0.390707999
1670860800000,0.390417993
1670875200000,0.390217006
1670889600000,0.389950991
1670904000000,0.389759988
1670918400000,0.38963899
1670932800000,0.389582992
1670947200000,0.389503986
1670961600000,0.389447987
1670976000000,0.389292985
1670990400000,0.389158994
1671004800000,0.389036
1671019200000,0.389007002
1671033600000,0.389019012
1671048000000,0.389043987
1671062400000,0.389081001
1671076800000,0.389095008
1671091200000,0.38905701
1671105600000,0.388987005
1671120000000,0.388924003
1671134400000,0.388776004
1671148800000,0.388628006
1671163200000,0.388509989
1671177600000,0.388204992
1671192000000,0.387849003
1671206400000,0.387470007
1671220800000,0.386943996
1671235200000,0.38646999
1671249600000,0.386011988
1671264000000,0.385464013
1671278400000,0.384914011
1671292800000,0.384386986
1671307200000,0.383938998
1671321600000,0.383469999
1671336000000,0.383022994
1671350400000,0.382571012
1671364800000,0.382102013
1671379200000,0.381733
1671393600000,0.38132301
1671408000000,0.380833
1671422400000,0.380383015
1671436800000,0.379900008
1671451200000,0.379352003
1671465600000,0.378803998
1671480000000,0.378300995
1671494400000,0.377748996
1671508800000,0.377222002
1671523200000,0.376727998
1671537600000,0.376323998
1671552000000,0.375916988
1671566400000,0.375501007
1671580800000,0.37499699
1671595200000,0.37451601
1671609600000,0.374042988
1671624000000,0.373584986
1671638400000,0.373091996
1671652800000,0.372610003
1671667200000,0.372115999
1671681600000,0.37165001
1671696000000,0.371268004
1671710400000,0.370804995
1671724800000,0.370420992
1671739200000,0.370088011
1671753600000,0.369735986
1671768000000,0.369347006
1671782400000,0.368961006
1671796800000,0.368548989
1671811200000,0.368216008
1671825600000,0.367983013
1671840000000,0.367727011
1671854400000,0.367415994
1671868800000,0.367119014
1671883200000,0.366804004
1671897600000,0.366468012
1671912000000,0.366111994
1671926400000,0.365747988
1671940800000,0.365348011
1671955200000,0.364894986
1671969600000,0.364416003
1671984000000,0.363959014
1671998400000,0.363501012
1672012800000,0.363094002
1672027200000,0.362729996
1672041600000,0.362370014
1672056000000,0.362042993
1672070400000,0.361822993
1672084800000,0.361602992
1672099200000,0.361317009
1672113600000,0.361102998
1672128000000,0.360915005
1672142400000,0.360738993
1672156800000,0.360558987
1672171200000,0.360367
1672185600000,0.360103995
1672200000000,0.359833986
1672214400000,0.359555006
1672228800000,0.359317988
1672243200000,0.359160006
1672257600000,0.358965009
1672272000000,0.358684987
1672286400000,0.358399987
1672300800000,0.358040988
1672315200000,0.357627988
1672329600000,0.357270986
1672344000000,0.356864989
1672358400000,0.356391996
1672372800000,0.355857998
1672387200000,0.355318993
1672401600000,0.354766995
1672416000000,0.354295999
1672430400000,0.353845
1672444800000,0.353347003
1672459200000,0.35284099
1672473600000,0.352459013
1672488000000,0.35204801
1672502400000,0.351660997
1672516800000,0.351244003
1672531200000,0.350822002
1672545600000,0.350374997
1672560000000,0.34998101
1672574400000,0.349572986
1672588800000,0.349189997
1672603200000,0.348784
1672617600000,0.348417997
1672632000000,0.348170012
1672646400000,0.347984999
1672660800000,0.347983986
1672675200000,0.347966999
1672689600000,0.34788999
1672704000000,0.347797006
1672718400000,0.347761989
1672732800000,0.347703993
1672747200000,0.347595006
1672761600000,0.34751299
1672776000000,0.34741801
1672790400000,0.347384989
1672804800000,0.347384006
1672819200000,0.347371995
1672833600000,0.347350001
1672848000000,0.347400993
1672862400000,0.347434998
1672876800000,0.347469002
1672891200000,0.347507
1672905600000,0.347553015
1672920000000,0.347564012
1672934400000,0.347584009
1672948800000,0.347541988
1672963200000,0.347494006
1672977600000,0.347375989
1672992000000,0.347232014
1673006400000,0.347126991
1673020800000,0.347155988
1673035200000,0.347191006
1673049600000,0.347180009
1673064000000,0.347169995
1673078400000,0.347167999
1673092800000,0.347166985
1673107200000,0.347184002
1673121600000,0.347180009
1673136000000,0.347131014
1673150400000,0.34710601
1673164800000,0.347050011
1673179200000,0.346989006
1673193600000,0.346897006
1673208000000,0.346854001
1673222400000,0.346859992
1673236800000,0.346848994
1673251200000,0.346828997
1673265600000,0.346839011
1673280000000,0.346866995
1673294400000,0.346839994
1673308800000,0.346809
1673323200000,0.346769005
1673337600000,0.346736014
1673352000000,0.346718013
1673366400000,0.346756011
1673380800000,0.346780002
1673395200000,0.346803993
1673409600000,0.346964002
1673424000000,0.347128004
1673438400000,0.347362012
1673452800000,0.347588003
1673467200000,0.347808987
1673481600000,0.348066986
1673496000000,0.348242015
1673510400000,0.348273009
1673524800000,0.34829101
1673539200000,0.348448992
1673553600000,0.348520011
1673568000000,0.348623008
1673582400000,0.348699003
1673596800000,0.348753989
1673611200000,0.348818004
1673625600000,0.34898299
1673640000000,0.349251002
1673654400000,0.34968099
1673668800000,0.350154996
1673683200000,0.350502014
1673697600000,0.350885987
1673712000000,0.35135299
1673726400000,0.351839006
1673740800000,0.352306008
1673755200000,0.352728993
1673769600000,0.353130013
1673784000000,0.353594989
1673798400000,0.354066998
1673812800000,0.354546994
1673827200000,0.355221003
1673841600000,0.355756998
1673856000000,0.356168985
1673870400000,0.356575012
1673884800000,0.357098997
1673899200000,0.357529998
1673913600000,0.357928991
1673928000000,0.358386993
1673942400000,0.358841985
1673956800000,0.359322011
1673971200000,0.359867007
1673985600000,0.360365003
1674000000000,0.360855997
1674014400000,0.361375004
1674028800000,0.361873001
1674043200000,0.362300009
1674057600000,0.362911999
1674072000000,0.363319993
1674086400000,0.363664001
1674100800000,0.363992989
1674115200000,0.364327013
1674129600000,0.364753008
1674144000000,0.365256995
1674158400000,0.365696013
1674172800000,0.366162002
1674187200000,0.366609991
1674201600000,0.367067993
1674216000000,0.367559999
1674230400000,0.368097007
1674244800000,0.368728012
1674259200000,0.369340986
1674273600000,0.369971007
1674288000000,0.370591998
1674302400000,0.371206999
1674316800000,0.371885985
1674331200000,0.372469991
1674345600000,0.373098999
1674360000000,0.373750001
1674374400000,0.374381989
1674388800000,0.375061005
1674403200000,0.375721008
1674417600000,0.376376987
1674432000000,0.377083987
1674446400000,0.377842993
1674460800000,0.37865901
1674475200000,0.379435986
1674489600000,0.380282015
1674504000000,0.381092012
1674518400000,0.381913006
1674532800000,0.382708013
1674547200000,0.383478999
1674561600000,0.384252012
1674576000000,0.385080993
1674590400000,0.385755986
1674604800000,0.386413991
1674619200000,0.387077987
1674633600000,0.387730002
1674648000000,0.388339996
1674662400000,0.388942987
1674676800000,0.389624
1674691200000,0.390237987
1674705600000,0.390781999
1674720000000,0.391339988
1674734400000,0.391943991
1674748800000,0.392581999
1674763200000,0.393204987
1674777600000,0.393774003
1674792000000,0.394351989
1674806400000,0.394887
1674820800000,0.395442992
1674835200000,0.396075994
1674849600000,0.396584988
1674864000000,0.397074997
1674878400000,0.397493988
1674892800000,0.397886008
1674907200000,0.398250014
1674921600000,0.398582995
1674936000000,0.398930013
1674950400000,0.399343014
1674964800000,0.399771988
1674979200000,0.400146991
1674993600000,0.400519997
1675008000000,0.400893003
1675022400000,0.401262999
1675036800000,0.401654989
1675051200000,0.402025014
1675065600000,0.402238995
1675080000000,0.40238601
1675094400000,0.402323008
1675108800000,0.402211994
1675123200000,0.402197003
1675137600000,0.40221101
1675152000000,0.402283013
1675166400000,0.402352005
1675180800000,0.402545989
1675195200000,0.402725011
1675209600000,0.402913988
1675224000000,0.403032005
1675238400000,0.403207004
1675252800000,0.403338999
1675267200000,0.403360993
1675281600000,0.403562009
1675296000000,0.403842986
1675310400000,0.404118001
1675324800000,0.404338986
1675339200000,0.404630005
1675353600000,0.404929996
1675368000000,0.405140013
1675382400000,0.40537101
1675396800000,0.405607998
1675411200000,0.405793011
1675425600000,0.406029999
1675440000000,0.406244993
1675454400000,0.406471997
1675468800000,0.406670004
1675483200000,0.406951994
1675497600000,0.407166004
1675512000000,0.407516986
1675526400000,0.407896012
1675540800000,0.408167988
1675555200000,0.408410996
1675569600000,0.408607006
1675584000000,0.408766001
1675598400000,0.408840001
1675612800000,0.408915013
1675627200000,0.40901801
1675641600000,0.409090012
1675656000000,0.409143001
1675670400000,0.409097999
1675684800000,0.408975989
1675699200000,0.408901989
1675713600000,0.408721
1675728000000,0.408567011
1675742400000,0.408437014
1675756800000,0.408266008
1675771200000,0.408179998
1675785600000,0.408134013
1675800000000,0.408122987
1675814400000,0.408095002
1675828800000,0.408060014
1675843200000,0.408033013
1675857600000,0.408004999
1675872000000,0.407923013
1675886400000,0.407766014
1675900800000,0.40744099
1675915200000,0.407160997
1675929600000,0.406827003
1675944000000,0.406607985
1675958400000,0.406239003
1675972800000,0.405813009
1675987200000,0.405465007
1676001600000,0.405115008
1676016000000,0.404700994
1676030400000,0.404421002
1676044800000,0.404217988
1676059200000,0.403943002
1676073600000,0.403712988
1676088000000,0.403472006
1676102400000,0.403178006
1676116800000,0.402830988
1676131200000,0.402525008
1676145600000,0.402262986
1676160000000,0.401962996
1676174400000,0.401681006
1676188800000,0.401378006
1676203200000,0.401104987
1676217600000,0.400880009
1676232000000,0.400550991
1676246400000,0.400200009
1676260800000,0.399890006
1676275200000,0.399414986
1676289600000,0.398952007
1676304000000,0.398557007
1676318400000,0.398149014
1676332800000,0.397713989
1676347200000,0.397323996
1676361600000,0.396917999
1676376000000,0.396593004
1676390400000,0.396283001
1676404800000,0.395999014
1676419200000,0.395675004
1676433600000,0.395377994
1676448000000,0.39507699
1676462400000,0.394809991
1676476800000,0.394607991
1676491200000,0.394510001
1676505600000,0.394542992
1676520000000,0.394540995
1676534400000,0.394567996
1676548800000,0.394654989
1676563200000,0.394737989
1676577600000,0.394621998
1676592000000,0.394526988
1676606400000,0.394380003
1676620800000,0.394160986
1676635200000,0.39399001
1676649600000,0.393911988
1676664000000,0.393857986
1676678400000,0.393777013
1676692800000,0.393743008
1676707200000,0.393593997
1676721600000,0.393411011
1676736000000,0.393216997
1676750400000,0.393027991
1676764800000,0.392791003
1676779200000,0.392556012
1676793600000,0.392352998
1676808000000,0.392206997
1676822400000,0.391974986
1676836800000,0.391728997
1676851200000,0.391494006
1676865600000,0.391297013
1676880000000,0.391137987
1676894400000,0.391048014
1676908800000,0.390991986
1676923200000,0.390881985
1676937600000,0.390717
1676952000000,0.390583992
1676966400000,0.390322
1676980800000,0.390105993
1676995200000,0.389957011
1677009600000,0.389771998
1677024000000,0.389580995
1677038400000,0.389485002
1677052800000,0.389411986
1677067200000,0.389311999
1677081600000,0.389259011
1677096000000,0.38923201
1677110400000,0.389207006
1677124800000,0.389167994
1677139200000,0.389037013
1677153600000,0.389008999
1677168000000,0.388987988
1677182400000,0.388913989
1677196800000,0.388841003
1677211200000,0.388781011
1677225600000,0.388671994
1677240000000,0.38845101
1677254400000,0.388213992
1677268800000,0.387973994
1677283200000,0.387726992
1677297600000,0.387528986
1677312000000,0.387335986
1677326400000,0.387127995
1677340800000,0.38697499
1677355200000,0.386813015
1677369600000,0.386655986
1677384000000,0.386413991
1677398400000,0.386299998
1677412800000,0.386242002
1677427200000,0.386161
1677441600000,0.386076003
1677456000000,0.386011004
1677470400000,0.385957003
1677484800000,0.385852009
1677499200000,0.385807008
1677513600000,0.385756999
1677528000000,0.385724008
1677542400000,0.385659009
1677556800000,0.385576993
1677571200000,0.385535002
1677585600000,0.385497987
1677600000000,0.385486007
1677614400000,0.385437012
1677628800000,0.385378987
1677643200000,0.385374993
1677657600000,0.385347009
1677672000000,0.385416001
1677686400000,0.385504007
1677700800000,0.38558501
1677715200000,0.385711998
1677729600000,0.385834008
1677744000000,0.385906994
1677758400000,0.385962993
1677772800000,0.386096001
1677787200000,0.38616699
1677801600000,0.386119008
1677816000000,0.386014014
1677830400000,0.385894001
1677844800000,0.385746986
1677859200000,0.385652006
1677873600000,0.385600001
1677888000000,0.385497004
1677902400000,0.385387987
1677916800000,0.385206014
1677931200000,0.384943992
1677945600000,0.384660006
1677960000000,0.384391993
1677974400000,0.384153992
1677988800000,0.383861005
1678003200000,0.383578986
1678017600000,0.383448988
1678032000000,0.383226991
1678046400000,0.383017987
1678060800000,0.382799
1678075200000,0.382541001
1678089600000,0.382200003
1678104000000,0.381920993
1678118400000,0.381686002
1678132800000,0.38143599
1678147200000,0.381190002
1678161600000,0.380935997
1678176000000,0.380703986
1678190400000,0.380546987
1678204800000,0.380436003
1678219200000,0.380322993
1678233600000,0.380178005
1678248000000,0.379981011
1678262400000,0.379967004
1678276800000,0.380073994
1678291200000,0.380153
1678305600000,0.380135
1678320000000,0.380088001
1678334400000,0.379965007
1678348800000,0.379864007
1678363200000,0.379806995
1678377600000,0.379649997
1678392000000,0.37935701
1678406400000,0.379191995
1678420800000,0.379002005
1678435200000,0.378675997
1678449600000,0.378446996
1678464000000,0.378224999
1678478400000,0.378017008
1678492800000,0.377797008
1678507200000,0.377534002
1678521600000,0.377218992
1678536000000,0.376881003
1678550400000,0.376547992
1678564800000,0.376219004
1678579200000,0.375952005
1678593600000,0.375651985
1678608000000,0.375344992
1678622400000,0.374987006
1678636800000,0.374655992
1678651200000,0.374482006
1678665600000,0.374255002
1678680000000,0.374114007
1678694400000,0.373937011
1678708800000,0.373887002
1678723200000,0.373829007
1678737600000,0.373773009
1678752000000,0.373703003
1678766400000,0.373607993
1678780800000,0.373531014
1678795200000,0.37360099
1678809600000,0.373593986
1678824000000,0.373540998
1678838400000,0.37351799
1678852800000,0.37349999
1678867200000,0.373394012
1678881600000,0.37322101
1678896000000,0.373066992
1678910400000,0.372913003
1678924800000,0.372794986
1678939200000,0.372658998
1678953600000,0.372512013
1678968000000,0.372355998
1678982400000,0.372256011
1678996800000,0.372161001
1679011200000,0.372079015
1679025600000,0.371971995
1679040000000,0.371942014
1679054400000,0.371881992
1679068800000,0.371865004
1679083200000,0.371843994
1679097600000,0.371876001
1679112000000,0.371874005
1679126400000,0.371899992
1679140800000,0.371832997
1679155200000,0.37184599
1679169600000,0.371796995
1679184000000,0.371784002
1679198400000,0.371820003
1679212800000,0.37194699
1679227200000,0.372094005
1679241600000,0.372397989
1679256000000,0.372606009
1679270400000,0.372741997
1679284800000,0.372907013
1679299200000,0.373025
1679313600000,0.373046011
1679328000000,0.373039007
1679342400000,0.373014987
1679356800000,0.373077005
1679371200000,0.373189002
1679385600000,0.373373002
1679400000000,0.373923987
1679414400000,0.374924988
1679428800000,0.375891
1679443200000,0.376760989
1679457600000,0.377606004
1679472000000,0.37835601
1679486400000,0.37903899
1679500800000,0.379494011
1679515200000,0.380075991
1679529600000,0.380649
1679544000000,0.381444991
1679558400000,0.382209003
1679572800000,0.382995993
1679587200000,0.383751988
1679601600000,0.38449201
1679616000000,0.385107011
1679630400000,0.385652989
1679644800000,0.386074007
1679659200000,0.386539996
1679673600000,0.387012005
1679688000000,0.387504995
1679702400000,0.387937009
1679716800000,0.388419002
1679731200000,0.388929993
1679745600000,0.38962099
1679760000000,0.39023
1679774400000,0.390754014
1679788800000,0.391306996
1679803200000,0.391939014
1679817600000,0.392726988
1679832000000,0.393485993
1679846400000,0.394223988
1679860800000,0.394998997
1679875200000,0.395922005
1679889600000,0.396831989
1679904000000,0.397924006
1679918400000,0.398799002
1679932800000,0.399785995
1679947200000,0.400950015
1679961600000,0.402065992
1679976000000,0.403284013
1679990400000,0.404632986
1680004800000,0.405972004
1680019200000,0.407537997
1680033600000,0.409087002
1680048000000,0.410834998
1680062400000,0.412887007
1680076800000,0.415028989
1680091200000,0.416763008
1680105600000,0.41861999
1680120000000,0.420365006
1680134400000,0.422100008
1680148800000,0.42374301
1680163200000,0.42551899
1680177600000,0.42712301
1680192000000,0.42880401
1680206400000,0.430445999
1680220800000,0.432096004
1680235200000,0.433587015
1680249600000,0.435119987
1680264000000,0.436702013
1680278400000,0.438318014
1680292800000,0.439954013
1680307200000,0.441590011
1680321600000,0.443076015
1680336000000,0.444617987
1680350400000,0.446144015
1680364800000,0.447605014
1680379200000,0.449059993
1680393600000,0.450556993
1680408000000,0.452066988
1680422400000,0.453557014
1680436800000,0.455127001
1680451200000,0.456631988
1680465600000,0.458124012
1680480000000,0.459475011
1680494400000,0.460909992
1680508800000,0.462311
1680523200000,0.46359399
1680537600000,0.464848995
1680552000000,0.465990007
1680566400000,0.467108011
1680580800000,0.468300998
1680595200000,0.469493985
1680609600000,0.470735013
1680624000000,0.472012013
1680638400000,0.473239988
1680652800000,0.474361986
1680667200000,0.47566101
1680681600000,0.476868004
1680696000000,0.478038996
1680710400000,0.479304999
1680724800000,0.48052001
1680739200000,0.481723011
1680753600000,0.482906014
1680768000000,0.484147996
1680782400000,0.485473007
1680796800000,0.486725986
1680811200000,0.487893999
1680825600000,0.489001006
1680840000000,0.489789993
1680854400000,0.490087986
1680868800000,0.490473002
1680883200000,0.491008997
1680897600000,0.491578996
1680912000000,0.492264986
1680926400000,0.493021995
1680940800000,0.494008005
1680955200000,0.494886011
1680969600000,0.495754004
1680984000000,0.496333987
1680998400000,0.496915996
1681012800000,0.497464001
1681027200000,0.498057008
1681041600000,0.498638004
1681056000000,0.499370992
1681070400000,0.500092983
1681084800000,0.500909984
1681099200000,0.501698971
1681113600000,0.502485991
1681128000000,0.503271997
1681142400000,0.504096985
1681156800000,0.504818976
1681171200000,0.505506992
1681185600000,0.506151974
1681200000000,0.506859004
1681214400000,0.507622004
1681228800000,0.508298993
1681243200000,0.508899987
1681257600000,0.509401977
1681272000000,0.50999999
1681286400000,0.510550976
1681300800000,0.511097014
1681315200000,0.511582017
1681329600000,0.512030005
1681344000000,0.512306988
1681358400000,0.512803018
1681372800000,0.513212979
1681387200000,0.513526976
1681401600000,0.513918996
1681416000000,0.514208972
1681430400000,0.514452994
1681444800000,0.514759004
1681459200000,0.514885008
1681473600000,0.514891982
1681488000000,0.514774024
1681502400000,0.514425993
1681516800000,0.513916016
1681531200000,0.513689995
1681545600000,0.513404012
1681560000000,0.513198018
1681574400000,0.513060987
1681588800000,0.512880981
1681603200000,0.512552977
1681617600000,0.512426019
1681632000000,0.512211978
1681646400000,0.512093008
1681660800000,0.511973977
1681675200000,0.511846006
1681689600000,0.51167202
1681704000000,0.511497021
1681718400000,0.51126802
1681732800000,0.510972023
1681747200000,0.510756016
1681761600000,0.510773003
1681776000000,0.510748029
1681790400000,0.510792971
1681804800000,0.510917008
1681819200000,0.511029005
1681833600000,0.511120021
1681848000000,0.511309981
1681862400000,0.511426985
1681876800000,0.511430979
1681891200000,0.511211991
1681905600000,0.510994971
1681920000000,0.510819972
1681934400000,0.51059401
1681948800000,0.510387003
1681963200000,0.510227978
1681977600000,0.510017991
1681992000000,0.509871006
1682006400000,0.509630024
1682020800000,0.509415984
1682035200000,0.509190977
1682049600000,0.508925021
1682064000000,0.508545995
1682078400000,0.508130014
1682092800000,0.507516026
1682107200000,0.506784022
1682121600000,0.50614202
1682136000000,0.505614996
1682150400000,0.505077004
1682164800000,0.504701018
1682179200000,0.504365027
1682193600000,0.504108012
1682208000000,0.503786981
1682222400000,0.503445029
1682236800000,0.503067017
1682251200000,0.502644002
1682265600000,0.502228022
1682280000000,0.501801014
1682294400000,0.501474023
1682308800000,0.501001
1682323200000,0.500531971
1682337600000,0.499983013
1682352000000,0.499469012
1682366400000,0.498970002
1682380800000,0.498459995
1682395200000,0.497916996
1682409600000,0.497426987
1682424000000,0.496919006
1682438400000,0.496493012
1682452800000,0.496154994
1682467200000,0.495790988
1682481600000,0.495449007
1682496000000,0.495126009
1682510400000,0.49485001
1682524800000,0.494293004
1682539200000,0.49385199
1682553600000,0.493427008
1682568000000,0.492987007
1682582400000,0.492455989
1682596800000,0.491883993
1682611200000,0.491393
1682625600000,0.490828007
1682640000000,0.490301996
1682654400000,0.489870012
1682668800000,0.489416003
1682683200000,0.488945007
1682697600000,0.488613993
1682712000000,0.488344997
1682726400000,0.488121986
1682740800000,0.487879992
1682755200000,0.487661004
1682769600000,0.487397999
1682784000000,0.487132013
1682798400000,0.48684001
1682812800000,0.486496001
1682827200000,0.48615101
1682841600000,0.485776007
1682856000000,0.485440999
1682870400000,0.484982997
1682884800000,0.484403998
1682899200000,0.483729005
1682913600000,0.483208001
1682928000000,0.482623011
1682942400000,0.481996
1682956800000,0.481399
1682971200000,0.480823994
1682985600000,0.480223
1683000000000,0.479645014
1683014400000,0.479050994
1683028800000,0.478478998
1683043200000,0.477943987
1683057600000,0.477387011
1683072000000,0.476828992
1683086400000,0.476209998
1683100800000,0.475549996
1683115200000,0.474866003
1683129600000,0.47428
1683144000000,0.473778009
1683158400000,0.473288
1683172800000,0.472820997
1683187200000,0.472315013
1683201600000,0.471765995
1683216000000,0.47122699
1683230400000,0.470672011
1683244800000,0.470100999
1683259200000,0.469502002
1683273600000,0.468894988
1683288000000,0.468192995
1683302400000,0.467597008
1683316800000,0.467043996
1683331200000,0.466699988
1683345600000,0.466354996
1683360000000,0.466022015
1683374400000,0.465653986
1683388800000,0.465285987
1683403200000,0.464944988
1683417600000,0.464614987
1683432000000,0.464381993
1683446400000,0.464244992
1683460800000,0.464076996
1683475200000,0.463872999
1683489600000,0.463643998
1683504000000,0.463351995
1683518400000,0.463095993
1683532800000,0.463014007
1683547200000,0.462861001
1683561600000,0.462547004
1683576000000,0.462323993
1683590400000,0.462022007
1683604800000,0.461602002
1683619200000,0.461151987
1683633600000,0.460648
1683648000000,0.460227013
1683662400000,0.459794015
1683676800000,0.459387988
1683691200000,0.459039986
1683705600000,0.458696008
1683720000000,0.458344012
1683734400000,0.457928985
1683748800000,0.457623005
1683763200000,0.457251996
1683777600000,0.456925005
1683792000000,0.456568986
1683806400000,0.456153989
1683820800000,0.455720991
1683835200000,0.455377996
1683849600000,0.454984993
1683864000000,0.454685986
1683878400000,0.454329997
1683892800000,0.453878999
1683907200000,0.453456998
1683921600000,0.453083009
1683936000000,0.452614993
1683950400000,0.452104002
1683964800000,0.451882988
1683979200000,0.451523006
1683993600000,0.451155007
1684008000000,0.450791001
1684022400000,0.450457007
1684036800000,0.450111002
1684051200000,0.449705988
1684065600000,0.449335009
1684080000000,0.448904008
1684094400000,0.448394001
1684108800000,0.447964013
1684123200000,0.447524995
1684137600000,0.447030008
1684152000000,0.446494997
1684166400000,0.445971012
1684180800000,0.445459992
1684195200000,0.444894999
1684209600000,0.444370002
1684224000000,0.443803012
1684238400000,0.44324401
1684252800000,0.442728013
1684267200000,0.442395985
1684281600000,0.442236006
1684296000000,0.441938013
1684310400000,0.441632986
1684324800000,0.441336006
1684339200000,0.441165
1684353600000,0.441015005
1684368000000,0.440840006
1684382400000,0.440719008
1684396800000,0.440773994
1684411200000,0.440733999
1684425600000,0.440670997
1684440000000,0.440629005
1684454400000,0.440688014
1684468800000,0.44066301
1684483200000,0.440661013
1684497600000,0.44067201
1684512000000,0.440710008
1684526400000,0.440800011
1684540800000,0.440889001
1684555200000,0.441004008
1684569600000,0.441127002
1684584000000,0.441159993
1684598400000,0.441195995
1684612800000,0.441264987
1684627200000,0.441339999
1684641600000,0.441468
1684656000000,0.441534013
1684670400000,0.441523999
1684684800000,0.441475987
1684699200000,0.441444993
1684713600000,0.441392988
1684728000000,0.441376001
1684742400000,0.441323012
1684756800000,0.441222012
1684771200000,0.441195995
1684785600000,0.441190988
1684800000000,0.441226006
1684814400000,0.441305995
1684828800000,0.441339999
1684843200000,0.441365987
1684857600000,0.441442996
1684872000000,0.441516995
1684886400000,0.441523999
1684900800000,0.441509992
1684915200000,0.441518009
1684929600000,0.44153899
1684944000000,0.441684008
1684958400000,0.441857994
1684972800000,0.442023993
1684987200000,0.442184001
1685001600000,0.442505002
1685016000000,0.442703009
1685030400000,0.442981988
1685044800000,0.443259001
1685059200000,0.443663001
1685073600000,0.444058001
1685088000000,0.444465995
1685102400000,0.444812
1685116800000,0.445183009
1685131200000,0.445605993
1685145600000,0.446085006
1685160000000,0.446527004
1685174400000,0.446949005
1685188800000,0.447355002
1685203200000,0.447779
1685217600000,0.448242992
1685232000000,0.448729008
1685246400000,0.44926399
1685260800000,0.449829012
1685275200000,0.45034501
1685289600000,0.450940996
1685304000000,0.451519996
1685318400000,0.45205
1685332800000,0.452614009
1685347200000,0.453171998
1685361600000,0.453658015
1685376000000,0.454243004
1685390400000,0.454917997
1685404800000,0.455626994
1685419200000,0.45638299
1685433600000,0.457152992
1685448000000,0.457957
1685462400000,0.458896995
1685476800000,0.459845006
1685491200000,0.460855991
1685505600000,0.461654007
1685520000000,0.462520003
1685534400000,0.463319004
1685548800000,0.464181006
1685563200000,0.465095013
1685577600000,0.465925008
1685592000000,0.466711998
1685606400000,0.467483014
1685620800000,0.468264997
1685635200000,0.469098002
1685649600000,0.469902992
1685664000000,0.470844001
1685678400000,0.471778005
1685692800000,0.47269699
1685707200000,0.473462999
1685721600000,0.474137008
1685736000000,0.474887013
1685750400000,0.475668997
1685764800000,0.476505995
1685779200000,0.477257997
1685793600000,0.477991998
1685808000000,0.478715986
1685822400000,0.479425013
1685836800000,0.479990005
1685851200000,0.480634004
1685865600000,0.481305987
1685880000000,0.482068002
1685894400000,0.482787997
1685908800000,0.483545989
1685923200000,0.484221995
1685937600000,0.484910995
1685952000000,0.485599011
1685966400000,0.485965014
1685980800000,0.486368001
1685995200000,0.486813009
1686009600000,0.487204999
1686024000000,0.487596989
1686038400000,0.488005996
1686052800000,0.488433987
1686067200000,0.489039004
1686081600000,0.489647001
1686096000000,0.490263999
1686110400000,0.490929008
1686124800000,0.491674006
1686139200000,0.492273986
1686153600000,0.492899001
1686168000000,0.493470997
1686182400000,0.494028986
1686196800000,0.494661003
1686211200000,0.495240986
1686225600000,0.495867997
1686240000000,0.496455014
1686254400000,0.497067988
1686268800000,0.497700989
1686283200000,0.498329014
1686297600000,0.498988003
1686312000000,0.499646991
1686326400000,0.500380993
1686340800000,0.50119102
1686355200000,0.501843989
1686369600000,0.502233028
1686384000000,0.502662003
1686398400000,0.503032982
1686412800000,0.503552973
1686427200000,0.504122972
1686441600000,0.504656971
1686456000000,0.505231977
1686470400000,0.505797982
1686484800000,0.506348014
1686499200000,0.506953001
1686513600000,0.507548988
1686528000000,0.508032024
1686542400000,0.508524001
1686556800000,0.509052992
1686571200000,0.509510994
1686585600000,0.509992003
1686600000000,0.510502994
1686614400000,0.511040986
1686628800000,0.511627972
1686643200000,0.512538016
1686657600000,0.512902975
1686672000000,0.513342023
1686686400000,0.513804018
1686700800000,0.514218986
1686715200000,0.514505029
1686729600000,0.514820993
1686744000000,0.515025973
1686758400000,0.515227973
1686772800000,0.515221
1686787200000,0.515235007
1686801600000,0.515148997
1686816000000,0.515065014
1686830400000,0.514862001
1686844800000,0.514699996
1686859200000,0.514487982
1686873600000,0.514266014
1686888000000,0.513993979
1686902400000,0.513420999
1686916800000,0.512874007
1686931200000,0.512328029
1686945600000,0.511994004
1686960000000,0.511599004
1686974400000,0.511350989
1686988800000,0.510996997
1687003200000,0.510613024
1687017600000,0.510330021
1687032000000,0.510077
1687046400000,0.509833992
1687060800000,0.50960499
1687075200000,0.509406984
1687089600000,0.509271026
1687104000000,0.509064019
1687118400000,0.508777976
1687132800000,0.508540988
1687147200000,0.508251011
1687161600000,0.507880986
1687176000000,0.507524014
1687190400000,0.507233977
1687204800000,0.506924987
1687219200000,0.506596982
1687233600000,0.506254971
1687248000000,0.505890012
1687262400000,0.505484998
1687276800000,0.505154014
1687291200000,0.504830003
1687305600000,0.504559994
1687320000000,0.504172981
1687334400000,0.503736973
1687348800000,0.503332973
1687363200000,0.503006995
1687377600000,0.50266403
1687392000000,0.50248301
1687406400000,0.502568007
1687420800000,0.50245899
1687435200000,0.502308011
1687449600000,0.502236009
1687464000000,0.502117991
1687478400000,0.502035022
1687492800000,0.501846015
1687507200000,0.501489997
1687521600000,0.501173019
1687536000000,0.500908971
1687550400000,0.500608027
1687564800000,0.500198007
1687579200000,0.499922991
1687593600000,0.499666005
1687608000000,0.499323994
1687622400000,0.49902299
1687636800000,0.498690009
1687651200000,0.498396993
1687665600000,0.498057991
1687680000000,0.497743011
1687694400000,0.497397006
1687708800000,0.497045994
1687723200000,0.496711999
1687737600000,0.496264994
1687752000000,0.495801002
1687766400000,0.495315999
1687780800000,0.494783998
1687795200000,0.494354993
1687809600000,0.494248003
1687824000000,0.494118005
1687838400000,0.494011998
1687852800000,0.493773997
1687867200000,0.493497998
1687881600000,0.493261993
1687896000000,0.493045002
1687910400000,0.492787987
1687924800000,0.492435992
1687939200000,0.491939992
1687953600000,0.491483986
1687968000000,0.490940988
1687982400000,0.490464002
1687996800000,0.489948004
1688011200000,0.489472985
1688025600000,0.488954008
1688040000000,0.488402992
1688054400000,0.487897992
1688068800000,0.487347007
1688083200000,0.486524999
1688097600000,0.486203998
1688112000000,0.485828996
1688126400000,0.485284001
1688140800000,0.484917998
1688155200000,0.484643012
1688169600000,0.484252989
1688184000000,0.483938009
1688198400000,0.483633012
1688212800000,0.483554989
1688227200000,0.483475
1688241600000,0.483507007
1688256000000,0.48368001
1688270400000,0.48377499
1688284800000,0.483761013
1688299200000,0.483803004
1688313600000,0.483844012
1688328000000,0.483916998
1688342400000,0.484115988
1688356800000,0.484266996
1688371200000,0.484393001
1688385600000,0.48448801
1688400000000,0.484674007
1688414400000,0.484764993
1688428800000,0.484907001
1688443200000,0.484997004
1688457600000,0.485080987
1688472000000,0.485127985
1688486400000,0.485184997
1688500800000,0.485231996
1688515200000,0.485273987
1688529600000,0.485233992
1688544000000,0.485062987
1688558400000,0.484916002
1688572800000,0.484771997
1688587200000,0.484645993
1688601600000,0.484533995
1688616000000,0.484439999
1688630400000,0.484250009
1688644800000,0.484010994
1688659200000,0.483788997
1688673600000,0.483538002
1688688000000,0.483392
1688702400000,0.483240008
1688716800000,0.483013988
1688731200000,0.482758999
1688745600000,0.482452005
1688760000000,0.482165992
1688774400000,0.481889009
1688788800000,0.481604993
1688803200000,0.481298
1688817600000,0.480989993
1688832000000,0.480529994
1688846400000,0.48010999
1688860800000,0.479878992
1688875200000,0.479636997
1688889600000,0.47933799
1688904000000,0.479097992
1688918400000,0.478790998
1688932800000,0.478551
1688947200000,0.478285015
1688961600000,0.477986991
1688976000000,0.477692008
1688990400000,0.477456003
1689004800000,0.477320999
1689019200000,0.477198988
1689033600000,0.477035999
1689048000000,0.47695899
1689062400000,0.476819992
1689076800000,0.476693004
1689091200000,0.476536989
1689105600000,0.476384997
1689120000000,0.476215988
1689134400000,0.47608
1689148800000,0.475926012
1689163200000,0.475733995
1689177600000,0.475576013
1689192000000,0.475439996
1689206400000,0.475331008
1689220800000,0.475201011
1689235200000,0.475147009
1689249600000,0.476271003
1689264000000,0.479671001
1689278400000,0.483036995
1689292800000,0.48606801
1689307200000,0.488985986
1689321600000,0.492163002
1689336000000,0.495115012
1689350400000,0.497294009
1689364800000,0.499743998
1689379200000,0.502200007
1689393600000,0.504701972
1689408000000,0.507286012
1689422400000,0.509872973
1689436800000,0.512435973
1689451200000,0.514918029
1689465600000,0.517334998
1689480000000,0.519786
1689494400000,0.522530019
1689508800000,0.525496006
1689523200000,0.528122008
1689537600000,0.530830026
1689552000000,0.533601999
1689566400000,0.536453009
1689580800000,0.539036989
1689595200000,0.541692019
1689609600000,0.544340014
1689624000000,0.547004998
1689638400000,0.549679995
1689652800000,0.552371979
1689667200000,0.555121005
1689681600000,0.557967007
1689696000000,0.560648978
1689710400000,0.563591003
1689724800000,0.566776991
1689739200000,0.569828987
1689753600000,0.572933018
1689768000000,0.576088011
1689782400000,0.579599023
1689796800000,0.582988024
1689811200000,0.586462975
1689825600000,0.589788973
1689840000000,0.59296602
1689854400000,0.595947027
1689868800000,0.598948002
1689883200000,0.602015018
1689897600000,0.605062008
1689912000000,0.608008981
1689926400000,0.610882998
1689940800000,0.613766015
1689955200000,0.616687
1689969600000,0.619508028
1689984000000,0.622474015
1689998400000,0.62549299
1690012800000,0.628455997
1690027200000,0.631353021
1690041600000,0.634048998
1690056000000,0.636587977
1690070400000,0.639183998
1690084800000,0.641867995
1690099200000,0.644595981
1690113600000,0.647376001
1690128000000,0.650059998
1690142400000,0.652806997
1690156800000,0.655426025
1690171200000,0.657995999
1690185600000,0.660256028
1690200000000,0.662512004
1690214400000,0.664874971
1690228800000,0.66722399
1690243200000,0.669519007
1690257600000,0.671626985
1690272000000,0.673774004
1690286400000,0.676069975
1690300800000,0.678368986
1690315200000,0.680761993
1690329600000,0.683179021
1690344000000,0.685486972
1690358400000,0.687767982
1690372800000,0.690123022
1690387200000,0.692604005
1690401600000,0.695080996
1690416000000,0.697543979
1690430400000,0.699935019
1690444800000,0.702310979
1690459200000,0.704747021
1690473600000,0.707117975
1690488000000,0.709491014
1690502400000,0.711898983
1690516800000,0.714218974
1690531200000,0.716575027
1690545600000,0.71894598
1690560000000,0.721311986
1690574400000,0.723672986
1690588800000,0.726042986
1690603200000,0.728447974
1690617600000,0.730848014
1690632000000,0.733220994
1690646400000,0.735644996
1690660800000,0.738052011
1690675200000,0.740417004
1690689600000,0.741603971
1690704000000,0.740576029
1690718400000,0.739565015
1690732800000,0.738754988
1690747200000,0.738093972
1690761600000,0.737161994
1690776000000,0.736420989
1690790400000,0.73645997
1690804800000,0.736240029
1690819200000,0.736177027
1690833600000,0.735898972
1690848000000,0.735592008
1690862400000,0.735257983
1690876800000,0.734897017
1690891200000,0.734688997
1690905600000,0.734566987
1690920000000,0.734486997
1690934400000,0.733994007
1690948800000,0.733228981
1690963200000,0.732771993
1690977600000,0.732177973
1690992000000,0.731473982
1691006400000,0.730826974
1691020800000,0.730297983
1691035200000,0.729614019
1691049600000,0.72893101
1691064000000,0.728263974
1691078400000,0.727625012
1691092800000,0.726840973
1691107200000,0.726001978
1691121600000,0.725013971
1691136000000,0.723975003
1691150400000,0.722832024
1691164800000,0.721391022
1691179200000,0.719855011
1691193600000,0.718144
1691208000000,0.716381013
1691222400000,0.71431601
1691236800000,0.712364018
1691251200000,0.710309982
1691265600000,0.708420992
1691280000000,0.706700027
1691294400000,0.705159009
1691308800000,0.703563988
1691323200000,0.701888978
1691337600000,0.700232029
1691352000000,0.69868499
1691366400000,0.697205007
1691380800000,0.695572972
1691395200000,0.693938017
1691409600000,0.692393005
1691424000000,0.690818012
1691438400000,0.689312994
1691452800000,0.68779099
1691467200000,0.686339021
1691481600000,0.685091972
1691496000000,0.684051991
1691510400000,0.683070004
1691524800000,0.682106972
1691539200000,0.681096017
1691553600000,0.680140972
1691568000000,0.679221988
1691582400000,0.678388
1691596800000,0.677709997
1691611200000,0.676900983
1691625600000,0.676348984
1691640000000,0.675673008
1691654400000,0.674924016
1691668800000,0.674217999
1691683200000,0.673591018
1691697600000,0.673121989
1691712000000,0.672622025
1691726400000,0.671943009
1691740800000,0.671272993
1691755200000,0.67047298
1691769600000,0.669673979
1691784000000,0.668987989
1691798400000,0.668308973
1691812800000,0.667573988
1691827200000,0.666737974
1691841600000,0.665886998
1691856000000,0.664968014
1691870400000,0.664128006
1691884800000,0.663259983
1691899200000,0.662339985
1691913600000,0.661485016
1691928000000,0.660631001
1691942400000,0.659844995
1691956800000,0.659042001
1691971200000,0.658250988
1691985600000,0.657395005
1692000000000,0.656561017
1692014400000,0.655762017
1692028800000,0.654937983
1692043200000,0.654163003
1692057600000,0.653392971
1692072000000,0.652586997
1692086400000,0.651708007
1692100800000,0.650835991
1692115200000,0.649761975
1692129600000,0.648765981
1692144000000,0.64764899
1692158400000,0.646529019
1692172800000,0.645500004
1692187200000,0.64439702
1692201600000,0.64329499
1692216000000,0.642135024
1692230400000,0.640999973
1692244800000,0.639937997
1692259200000,0.638639987
1692273600000,0.637427986
1692288000000,0.636317015
1692302400000,0.634478986
1692316800000,0.632541001
1692331200000,0.630659997
1692345600000,0.628750026
1692360000000,0.626707017
1692374400000,0.624701023
1692388800000,0.622816026
1692403200000,0.620907009
1692417600000,0.619089007
1692432000000,0.617255986
1692446400000,0.615620017
1692460800000,0.613987982
1692475200000,0.612484992
1692489600000,0.611010015
1692504000000,0.60958302
1692518400000,0.608291984
1692532800000,0.607051015
1692547200000,0.605818987
1692561600000,0.604610026
1692576000000,0.60335201
1692590400000,0.601927996
1692604800000,0.600646019
1692619200000,0.59939301
1692633600000,0.598371983
1692648000000,0.597375989
1692662400000,0.596315026
1692676800000,0.595255971
1692691200000,0.594148993
1692705600000,0.592976987
1692720000000,0.591732025
1692734400000,0.590608001
1692748800000,0.589465022
1692763200000,0.588374972
1692777600000,0.587293029
1692792000000,0.586281002
1692806400000,0.585345984
1692820800000,0.584519982
1692835200000,0.583603024
1692849600000,0.582717001
1692864000000,0.581788003
1692878400000,0.580700994
1692892800000,0.579657018
1692907200000,0.578622997
1692921600000,0.577564001
1692936000000,0.576370001
1692950400000,0.57514298
1692964800000,0.573886991
1692979200000,0.572741985
1692993600000,0.571550012
1693008000000,0.570333004
1693022400000,0.569001019
1693036800000,0.567627013
1693051200000,0.566447973
1693065600000,0.565333009
1693080000000,0.564300001
1693094400000,0.563260972
1693108800000,0.562220991
1693123200000,0.561146975
1693137600000,0.560086012
1693152000000,0.558983028
1693166400000,0.557897985
1693180800000,0.556764007
1693195200000,0.555642009
1693209600000,0.554498017
1693224000000,0.553378999
1693238400000,0.552296996
1693252800000,0.551225007
1693267200000,0.550128996
1693281600000,0.548986018
1693296000000,0.547886014
1693310400000,0.546958029
1693324800000,0.546046019
1693339200000,0.545148015
1693353600000,0.544209003
1693368000000,0.543249011
1693382400000,0.542185009
1693396800000,0.541167974
1693411200000,0.540138006
1693425600000,0.539153993
1693440000000,0.538132012
1693454400000,0.537074029
1693468800000,0.536051989
1693483200000,0.534887016
1693497600000,0.533671975
1693512000000,0.532504976
1693526400000,0.531343997
1693540800000,0.530137002
1693555200000,0.529178977
1693569600000,0.52809
1693584000000,0.526930988
1693598400000,0.525880992
1693612800000,0.524855971
1693627200000,0.523872972
1693641600000,0.522881985
1693656000000,0.521996021
1693670400000,0.521058977
1693684800000,0.520147979
1693699200000,0.519318998
1693713600000,0.518594027
1693728000000,0.517858028
1693742400000,0.517813027
1693756800000,0.517939985
1693771200000,0.517926991
1693785600000,0.517937005
1693800000000,0.517948985
1693814400000,0.517960012
1693828800000,0.517933011
1693843200000,0.517967999
1693857600000,0.51799798
1693872000000,0.518019021
1693886400000,0.517849028
1693900800000,0.517690003
1693915200000,0.51751101
1693929600000,0.517351985
1693944000000,0.517123997
1693958400000,0.516716003
1693972800000,0.516345024
1693987200000,0.515942991
1694001600000,0.515534997
1694016000000,0.515221
1694030400000,0.515042007
1694044800000,0.514813006
1694059200000,0.514708996
1694073600000,0.514473021
1694088000000,0.514223993
1694102400000,0.514023006
1694116800000,0.513886988
1694131200000,0.513767004
1694145600000,0.513688028
1694160000000,0.513556004
1694174400000,0.513360977
1694188800000,0.513218999
1694203200000,0.513089001
1694217600000,0.512920976
1694232000000,0.512731016
1694246400000,0.512440979
1694260800000,0.512183011
1694275200000,0.511934996
1694289600000,0.511693001
1694304000000,0.511467993
1694318400000,0.511318028
1694332800000,0.511151016
1694347200000,0.510927975
1694361600000,0.510739982
1694376000000,0.510612011
1694390400000,0.510437012
1694404800000,0.510128975
1694419200000,0.509571016
1694433600000,0.509036005
1694448000000,0.50849098
1694462400000,0.508019984
1694476800000,0.507583022
1694491200000,0.507076025
1694505600000,0.506604016
1694520000000,0.506199002
1694534400000,0.505769014
1694548800000,0.505298018
1694563200000,0.504817009
1694577600000,0.504293978
1694592000000,0.503862023
1694606400000,0.50345701
1694620800000,0.503075004
1694635200000,0.502740026
1694649600000,0.502422988
1694664000000,0.502036989
1694678400000,0.501654029
1694692800000,0.501300991
1694707200000,0.501022995
1694721600000,0.500748992
1694736000000,0.500569999
1694750400000,0.500159025
1694764800000,0.499715
1694779200000,0.499251992
1694793600000,0.498892993
1694808000000,0.498573989
1694822400000,0.498281986
1694836800000,0.498032004
1694851200000,0.497767001
1694865600000,0.497474998
1694880000000,0.497211993
1694894400000,0.496948987
1694908800000,0.496659994
1694923200000,0.496428996
1694937600000,0.496302009
1694952000000,0.496188998
1694966400000,0.496055007
1694980800000,0.49593699
1694995200000,0.495842993
1695009600000,0.495739996
1695024000000,0.495835006
1695038400000,0.495898008
1695052800000,0.495956004
1695067200000,0.496022999
1695081600000,0.496140003
1695096000000,0.496174991
1695110400000,0.496297985
1695124800000,0.496425986
1695139200000,0.496558994
1695153600000,0.496657997
1695168000000,0.496865988
1695182400000,0.496991009
1695196800000,0.497083992
1695211200000,0.497215003
1695225600000,0.497280985
1695240000000,0.497451991
1695254400000,0.497626007
1695268800000,0.497687012
1695283200000,0.497651011
1695297600000,0.497617006
1695312000000,0.497671992
1695326400000,0.497696012
1695340800000,0.497783989
1695355200000,0.497875988
1695369600000,0.497947991
1695384000000,0.497997999
1695398400000,0.498100996
1695412800000,0.498203993
1695427200000,0.498302996
1695441600000,0.498445004
1695456000000,0.498562008
1695470400000,0.498629987
1695484800000,0.49870199
1695499200000,0.498777986
1695513600000,0.498876005
1695528000000,0.498964995
1695542400000,0.499062985
1695556800000,0.499107003
1695571200000,0.499125987
1695585600000,0.499110013
1695600000000,0.499148011
1695614400000,0.49909699
1695628800000,0.49900201
1695643200000,0.498944014
1695657600000,0.498979002
1695672000000,0.498993009
1695686400000,0.49901101
1695700800000,0.498988003
1695715200000,0.498961985
1695729600000,0.49892801
1695744000000,0.498957992
1695758400000,0.498977005
1695772800000,0.49901101
1695787200000,0.499045998
1695801600000,0.499125987
1695816000000,0.499173999
1695830400000,0.499251992
1695844800000,0.49939099
1695859200000,0.499677002
1695873600000,0.499929011
1695888000000,0.500253975
1695902400000,0.500559986
1695916800000,0.500845015
1695931200000,0.501192987
1695945600000,0.501496971
1695960000000,0.501751006
1695974400000,0.502053022
1695988800000,0.502569973
1696003200000,0.503108978
1696017600000,0.503574014
1696032000000,0.503929973
1696046400000,0.50425297
1696060800000,0.504607975
1696075200000,0.504943013
1696089600000,0.505273998
1696104000000,0.505608976
1696118400000,0.505944014
1696132800000,0.50624299
1696147200000,0.506522
1696161600000,0.506820023
1696176000000,0.507004023
1696190400000,0.507306993
1696204800000,0.507623017
1696219200000,0.507911026
1696233600000,0.508140981
1696248000000,0.508310974
1696262400000,0.508471012
1696276800000,0.508602023
1696291200000,0.508731008
1696305600000,0.508840024
1696320000000,0.508935988
1696334400000,0.509016991
1696348800000,0.509185016
1696363200000,0.509626985
1696377600000,0.510011017
1696392000000,0.510335028
1696406400000,0.510695994
1696420800000,0.511057019
1696435200000,0.511380017
1696449600000,0.511790991
1696464000000,0.51207
1696478400000,0.51226002
1696492800000,0.51244998
1696507200000,0.512610018
1696521600000,0.512744009
1696536000000,0.512930989
1696550400000,0.513090014
1696564800000,0.513172984
1696579200000,0.513225019
1696593600000,0.513330996
1696608000000,0.513351023
1696622400000,0.51345998
1696636800000,0.513540983
1696651200000,0.513589025
1696665600000,0.51365
1696680000000,0.51366502
1696694400000,0.513687015
1696708800000,0.513809979
1696723200000,0.513983011
1696737600000,0.514146984
1696752000000,0.514227986
1696766400000,0.514334023
1696780800000,0.514388978
1696795200000,0.514450014
1696809600000,0.51454097
1696824000000,0.514581978
1696838400000,0.514415979
1696852800000,0.514279008
1696867200000,0.514176011
1696881600000,0.514083028
1696896000000,0.513957977
1696910400000,0.513858974
1696924800000,0.513724029
1696939200000,0.513589978
1696953600000,0.513505995
1696968000000,0.513388991
1696982400000,0.513176024
1696996800000,0.512908995
1697011200000,0.512714982
1697025600000,0.512525022
1697040000000,0.51235503
1697054400000,0.512278974
1697068800000,0.512183011
1697083200000,0.512013972
1697097600000,0.51175499
1697112000000,0.51147902
1697126400000,0.511237979
1697140800000,0.511053026
1697155200000,0.51086998
1697169600000,0.51068902
1697184000000,0.510438025
1697198400000,0.510230005
1697212800000,0.510035992
1697227200000,0.509887993
1697241600000,0.509678006
1697256000000,0.50950098
1697270400000,0.509310007
1697284800000,0.50919199
1697299200000,0.509073973
1697313600000,0.508965015
1697328000000,0.508807003
1697342400000,0.508621991
1697356800000,0.508413017
1697371200000,0.508186996
1697385600000,0.507974982
1697400000000,0.507766008
1697414400000,0.507525027
1697428800000,0.507135987
1697443200000,0.506748974
1697457600000,0.506456971
1697472000000,0.506246984
1697486400000,0.506069005
1697500800000,0.505824029
1697515200000,0.505572021
1697529600000,0.505315006
1697544000000,0.505069017
1697558400000,0.504830003
1697572800000,0.504562974
1697587200000,0.504257977
1697601600000,0.503956974
1697616000000,0.503697991
1697630400000,0.503332019
1697644800000,0.502969027
1697659200000,0.502626002
1697673600000,0.502249002
1697688000000,0.501873016
1697702400000,0.501533985
1697716800000,0.50128001
1697731200000,0.501031995
1697745600000,0.501128972
1697760000000,0.501239002
1697774400000,0.501259029
1697788800000,0.501276016
1697803200000,0.501125991
1697817600000,0.500984013
1697832000000,0.500810027
1697846400000,0.500618994
1697860800000,0.500505984
1697875200000,0.500387013
1697889600000,0.500298023
1697904000000,0.500218987
1697918400000,0.50019598
1697932800000,0.500168979
1697947200000,0.500144005
1697961600000,0.500082016
1697976000000,0.500038981
1697990400000,0.499989986
1698004800000,0.500014007
1698019200000,0.500048995
1698033600000,0.500046015
1698048000000,0.500105023
1698062400000,0.500177026
1698076800000,0.500298023
1698091200000,0.500548005
1698105600000,0.50077498
1698120000000,0.500959992
1698134400000,0.50128001
1698148800000,0.501603007
1698163200000,0.501980007
1698177600000,0.502351999
1698192000000,0.502695024
1698206400000,0.502961993
1698220800000,0.503305018
1698235200000,0.503719985
1698249600000,0.504096985
1698264000000,0.504508972
1698278400000,0.505101979
1698292800000,0.505702019
1698307200000,0.506258011
1698321600000,0.506711006
1698336000000,0.50722599
1698350400000,0.507766008
1698364800000,0.508328974
1698379200000,0.508841991
1698393600000,0.509343982
1698408000000,0.509934008
1698422400000,0.51049298
1698436800000,0.511098981
1698451200000,0.511685014
1698465600000,0.512309015
1698480000000,0.512934029
1698494400000,0.513525009
1698508800000,0.514114976
1698523200000,0.514744997
1698537600000,0.515372992
1698552000000,0.516068995
1698566400000,0.516815007
1698580800000,0.517554998
1698595200000,0.518315971
1698609600000,0.519059002
1698624000000,0.519814014
1698638400000,0.520537019
1698652800000,0.521336019
1698667200000,0.522270024
1698681600000,0.52324599
1698696000000,0.524194002
1698710400000,0.525085986
1698724800000,0.525897026
1698739200000,0.527082026
1698753600000,0.528173983
1698768000000,0.529312015
1698782400000,0.530447006
1698796800000,0.531508982
1698811200000,0.532628
1698825600000,0.533784986
1698840000000,0.534887016
1698854400000,0.536104977
1698868800000,0.537267029
1698883200000,0.538450003
1698897600000,0.539587975
1698912000000,0.540802002
1698926400000,0.541868985
1698940800000,0.543045998
1698955200000,0.544192016
1698969600000,0.545282006
1698984000000,0.546350002
1698998400000,0.547454
1699012800000,0.548663974
1699027200000,0.549871027
1699041600000,0.551108003
1699056000000,0.552323997
1699070400000,0.553599
1699084800000,0.554856002
1699099200000,0.556084991
1699113600000,0.557380021
1699128000000,0.55874002
1699142400000,0.560172975
1699156800000,0.561535001
1699171200000,0.56311202
1699185600000,0.564364016
1699200000000,0.565708995
1699214400000,0.567225993
1699228800000,0.568892002
1699243200000,0.570478022
1699257600000,0.572299004
1699272000000,0.574334025
1699286400000,0.576355994
1699300800000,0.578336
1699315200000,0.580067992
1699329600000,0.581781983
1699344000000,0.583402991
1699358400000,0.584919989
1699372800000,0.58661598
1699387200000,0.58830899
1699401600000,0.590007007
1699416000000,0.591573
1699430400000,0.593303978
1699444800000,0.594927013
1699459200000,0.596590996
1699473600000,0.598231971
1699488000000,0.599835992
1699502400000,0.60146898
1699516800000,0.603070021
1699531200000,0.604469001
1699545600000,0.605607986
1699560000000,0.606876016
1699574400000,0.608017027
1699588800000,0.609021008
1699603200000,0.610033989
1699617600000,0.610922992
1699632000000,0.611986995
1699646400000,0.61314702
1699660800000,0.614121974
1699675200000,0.615143001
1699689600000,0.616262019
1699704000000,0.617444992
1699718400000,0.618623018
1699732800000,0.619674027
1699747200000,0.620721996
1699761600000,0.621930003
1699776000000,0.623077989
1699790400000,0.624188006
1699804800000,0.625276983
1699819200000,0.626439989
1699833600000,0.627488971
1699848000000,0.628503025
1699862400000,0.62956202
1699876800000,0.630640984
1699891200000,0.631712973
1699905600000,0.632964015
1699920000000,0.634091973
1699934400000,0.635263979
1699948800000,0.636327028
1699963200000,0.637421012
1699977600000,0.638217986
1699992000000,0.639041007
1700006400000,0.639747977
1700020800000,0.640475988
1700035200000,0.641294003
1700049600000,0.642135978
1700064000000,0.643054008
1700078400000,0.644010007
1700092800000,0.644847989
1700107200000,0.645585001
1700121600000,0.646175981
1700136000000,0.646615028
1700150400000,0.647037983
1700164800000,0.647475004
1700179200000,0.647650003
1700193600000,0.647852004
1700208000000,0.647987008
1700222400000,0.647890985
1700236800000,0.648033977
1700251200000,0.648182988
1700265600000,0.648176014
1700280000000,0.648209989
1700294400000,0.64815098
1700308800000,0.648136973
1700323200000,0.648153007
1700337600000,0.648204982
1700352000000,0.648105979
1700366400000,0.648169994
1700380800000,0.648163021
1700395200000,0.648316979
1700409600000,0.648557007
1700424000000,0.648851991
1700438400000,0.649055004
1700452800000,0.649168015
1700467200000,0.649296999
1700481600000,0.649366021
1700496000000,0.649435997
1700510400000,0.64941299
1700524800000,0.649403989
1700539200000,0.649399996
1700553600000,0.649392009
1700568000000,0.649280012
1700582400000,0.648980021
1700596800000,0.648539007
1700611200000,0.648007989
1700625600000,0.647494018
1700640000000,0.646887004
1700654400000,0.646211028
1700668800000,0.645483971
1700683200000,0.644773006
1700697600000,0.643853009
1700712000000,0.64279002
1700726400000,0.641770005
1700740800000,0.640779018
1700755200000,0.640089989
1700769600000,0.639352024
1700784000000,0.638728023
1700798400000,0.638247013
1700812800000,0.63756001
1700827200000,0.636931002
1700841600000,0.636265993
1700856000000,0.635734022
1700870400000,0.635021985
1700884800000,0.63440001
1700899200000,0.633677006
1700913600000,0.632992029
1700928000000,0.632282972
1700942400000,0.631559014
1700956800000,0.630806029
1700971200000,0.630153
1700985600000,0.629869998
1701000000000,0.629420996
1701014400000,0.628937006
1701028800000,0.628557026
1701043200000,0.628042996
1701057600000,0.627644002
1701072000000,0.627089977
1701086400000,0.626470983
1701100800000,0.625963986
1701115200000,0.625397027
1701129600000,0.624760985
1701144000000,0.624050975
1701158400000,0.623353004
1701172800000,0.622808993
1701187200000,0.622309983
1701201600000,0.62173301
1701216000000,0.621195018
1701230400000,0.620684028
1701244800000,0.620181024
1701259200000,0.61964798
1701273600000,0.619202018
1701288000000,0.618727982
1701302400000,0.618305027
1701316800000,0.617838979
1701331200000,0.617371976
1701345600000,0.616692007
1701360000000,0.616127014
1701374400000,0.615544975
1701388800000,0.615140975
1701403200000,0.614704013
1701417600000,0.614593983
1701432000000,0.614380002
1701446400000,0.614238977
1701460800000,0.614069998
1701475200000,0.613798022
1701489600000,0.613534987
1701504000000,0.613204002
1701518400000,0.612859011
1701532800000,0.612582982
1701547200000,0.612273991
1701561600000,0.612043977
1701576000000,0.612029016
1701590400000,0.612151027
1701604800000,0.61224997
1701619200000,0.612249017
1701633600000,0.612327993
1701648000000,0.612482011
1701662400000,0.612917006
1701676800000,0.613048971
1701691200000,0.613075972
1701705600000,0.613263011
1701720000000,0.613507986
1701734400000,0.613660991
1701748800000,0.613714993
1701763200000,0.613695025
1701777600000,0.61373198
1701792000000,0.613884985
1701806400000,0.614000022
1701820800000,0.614136994
1701835200000,0.614206016
1701849600000,0.614166975
1701864000000,0.614183009
1701878400000,0.614264011
1701892800000,0.614435971
1701907200000,0.614530981
1701921600000,0.614826024
1701936000000,0.614961982
1701950400000,0.615208983
1701964800000,0.615496993
1701979200000,0.615836024
1701993600000,0.616192997
1702008000000,0.616564989
1702022400000,0.617103994
1702036800000,0.617919981
1702051200000,0.618700981
1702065600000,0.619497001
1702080000000,0.620320976
1702094400000,0.621309996
1702108800000,0.622087002
1702123200000,0.622788012
1702137600000,0.623390019
1702152000000,0.623862982
1702166400000,0.624387026
1702180800000,0.62488699
1702195200000,0.625232995
1702209600000,0.625640988
1702224000000,0.626066029
1702238400000,0.626448989
1702252800000,0.626518011
1702267200000,0.626513004
1702281600000,0.62659198
1702296000000,0.626581013
1702310400000,0.626489997
1702324800000,0.626456022
1702339200000,0.626515985
1702353600000,0.62657702
1702368000000,0.626571
1702382400000,0.626518011
1702396800000,0.62649101
1702411200000,0.626470029
1702425600000,0.626215994
1702440000000,0.626043975
1702454400000,0.625880003
1702468800000,0.625869989
1702483200000,0.626030028
1702497600000,0.626232982
1702512000000,0.626428008
1702526400000,0.626715004
1702540800000,0.627074003
1702555200000,0.627264977
1702569600000,0.627547026
1702584000000,0.627839983
1702598400000,0.628144026
1702612800000,0.628367007
1702627200000,0.628557026
1702641600000,0.62865001
1702656000000,0.62876302
1702670400000,0.628786981
1702684800000,0.628895998
1702699200000,0.629016995
1702713600000,0.629161
1702728000000,0.629321992
1702742400000,0.629428983
1702756800000,0.629593015
1702771200000,0.629724026
1702785600000,0.629840016
1702800000000,0.630008996
1702814400000,0.63013202
1702828800000,0.630221009
1702843200000,0.630219996
1702857600000,0.630165994
1702872000000,0.630102992
1702886400000,0.629877985
1702900800000,0.629716992
1702915200000,0.62963599
1702929600000,0.629619002
1702944000000,0.629608989
1702958400000,0.629585028
1702972800000,0.629477024
1702987200000,0.629325986
1703001600000,0.629191995
1703016000000,0.629032016
1703030400000,0.628832996
1703044800000,0.628720999
1703059200000,0.628620982
1703073600000,0.628610015
1703088000000,0.628539026
1703102400000,0.628378987
1703116800000,0.628327012
1703131200000,0.628334999
1703145600000,0.628310025
1703160000000,0.628220975
1703174400000,0.628226995
1703188800000,0.628342986
1703203200000,0.628436983
1703217600000,0.628485024
1703232000000,0.628480017
1703246400000,0.628464997
1703260800000,0.628418028
1703275200000,0.628385007
1703289600000,0.628316998
1703304000000,0.628193974
1703318400000,0.628036022
1703332800000,0.627819002
1703347200000,0.62767601
1703361600000,0.627389014
1703376000000,0.627273023
1703390400000,0.627071977
1703404800000,0.626837015
1703419200000,0.626614988
1703433600000,0.626379013
1703448000000,0.62608999
1703462400000,0.625762999
1703476800000,0.625325978
1703491200000,0.625041008
1703505600000,0.624659002
1703520000000,0.624274015
1703534400000,0.623815
1703548800000,0.623335004
1703563200000,0.622747004
1703577600000,0.622282028
1703592000000,0.621896982
1703606400000,0.621403992
1703620800000,0.620967984
1703635200000,0.620572984
1703649600000,0.620157003
1703664000000,0.619799972
1703678400000,0.619517028
1703692800000,0.619641006
1703707200000,0.619771004
1703721600000,0.619921982
1703736000000,0.620095015
1703750400000,0.620410025
1703764800000,0.620523989
1703779200000,0.620609999
1703793600000,0.620709002
1703808000000,0.620827973
1703822400000,0.620896995
1703836800000,0.621043026
1703851200000,0.621092975
1703865600000,0.621282995
1703880000000,0.621463001
1703894400000,0.621658027
1703908800000,0.62173301
1703923200000,0.621685028
1703937600000,0.621692002
1703952000000,0.621711016
1703966400000,0.621653974
1703980800000,0.621517003
1703995200000,0.62152499
1704009600000,0.621434987
1704024000000,0.621342003
1704038400000,0.621200025
1704052800000,0.621046007
1704067200000,0.620876014
1704081600000,0.620829999
1704096000000,0.620804012
1704110400000,0.620862007
1704124800000,0.620904982
1704139200000,0.621002018
1704153600000,0.621104002
1704168000000,0.621160984
1704182400000,0.621294022
1704196800000,0.62134701
1704211200000,0.621438026
1704225600000,0.621546984
1704240000000,0.621608973
1704254400000,0.621746004
1704268800000,0.621739984
1704283200000,0.621403992
1704297600000,0.621083021
1704312000000,0.620886981
1704326400000,0.620805025
1704340800000,0.620584011
1704355200000,0.620298028
1704369600000,0.620029986
1704384000000,0.619772017
1704398400000,0.619522989
1704412800000,0.619195998
1704427200000,0.618871987
1704441600000,0.618511021
1704456000000,0.618097007
1704470400000,0.61768198
1704484800000,0.617329001
1704499200000,0.616927028
1704513600000,0.616348028
1704528000000,0.615797997
1704542400000,0.615333021
1704556800000,0.614875972
1704571200000,0.614386022
1704585600000,0.613864005
1704600000000,0.613395989
1704614400000,0.612870991
1704628800000,0.612298012
1704643200000,0.611763
1704657600000,0.611081004
1704672000000,0.61045301
1704686400000,0.609812975
1704700800000,0.609250009
1704715200000,0.608657002
1704729600000,0.608322024
1704744000000,0.607941985
1704758400000,0.607513011
1704772800000,0.607043982
1704787200000,0.606540978
1704801600000,0.605934978
1704816000000,0.605457008
1704830400000,0.604955971
1704844800000,0.604461014
1704859200000,0.603875995
1704873600000,0.603275001
1704888000000,0.60285598
1704902400000,0.602482021
1704916800000,0.602326989
1704931200000,0.601930022
1704945600000,0.60155803
1704960000000,0.601300001
1704974400000,0.600848019
1704988800000,0.600511014
1705003200000,0.600309014
1705017600000,0.600039005
1705032000000,0.599784017
1705046400000,0.599622011
1705060800000,0.599272013
1705075200000,0.598905027
1705089600000,0.598402977
1705104000000,0.597845972
1705118400000,0.597254992
1705132800000,0.596601009
1705147200000,0.595996976
1705161600000,0.595323026
1705176000000,0.594695985
1705190400000,0.593994975
1705204800000,0.593451023
1705219200000,0.592894971
1705233600000,0.592316985
1705248000000,0.591766
1705262400000,0.59128499
1705276800000,0.590826988
1705291200000,0.590355992
1705305600000,0.589909017
1705320000000,0.589375019
1705334400000,0.588972986
1705348800000,0.58850199
1705363200000,0.588072002
1705377600000,0.587552011
1705392000000,0.587042987
1705406400000,0.586588979
1705420800000,0.586162984
1705435200000,0.585681975
1705449600000,0.585193992
1705464000000,0.584685981
1705478400000,0.584177971
1705492800000,0.583710015
1705507200000,0.583290994
1705521600000,0.582825005
1705536000000,0.58227998
1705550400000,0.581748009
1705564800000,0.581117988
1705579200000,0.580439985
1705593600000,0.579563975
1705608000000,0.578773022
1705622400000,0.577943981
1705636800000,0.577157021
1705651200000,0.576379001
1705665600000,0.575516999
1705680000000,0.574710011
1705694400000,0.573827028
1705708800000,0.573071003
1705723200000,0.572795987
1705737600000,0.572551012
1705752000000,0.572211027
1705766400000,0.571865022
1705780800000,0.571650982
1705795200000,0.571425974
1705809600000,0.571096003
1705824000000,0.570752978
1705838400000,0.570398986
1705852800000,0.570151985
1705867200000,0.569881976
1705881600000,0.569607973
1705896000000,0.569342971
1705910400000,0.568983018
1705924800000,0.568513989
1705939200000,0.568053007
1705953600000,0.567682981
1705968000000,0.567318976
1705982400000,0.566830993
1705996800000,0.566186011
1706011200000,0.565605998
1706025600000,0.565015972
1706040000000,0.564502001
1706054400000,0.563974977
1706068800000,0.563454986
1706083200000,0.562946975
1706097600000,0.562596023
1706112000000,0.562147021
1706126400000,0.561760008
1706140800000,0.561287999
1706155200000,0.560768008
1706169600000,0.560079992
1706184000000,0.559373975
1706198400000,0.558785021
1706212800000,0.558203995
1706227200000,0.557649016
1706241600000,0.557166994
1706256000000,0.556645989
1706270400000,0.556189001
1706284800000,0.555814981
1706299200000,0.555499971
1706313600000,0.555188
1706328000000,0.554765999
1706342400000,0.554271996
1706356800000,0.553559005
1706371200000,0.552829027
1706385600000,0.552154005
1706400000000,0.551358998
1706414400000,0.550647974
1706428800000,0.549893022
1706443200000,0.54916501
1706457600000,0.548417985
1706472000000,0.547707975
1706486400000,0.54698199
1706500800000,0.546352983
1706515200000,0.545808971
1706529600000,0.545385003
1706544000000,0.545017004
1706558400000,0.544614971
1706572800000,0.544241011
1706587200000,0.543835998
1706601600000,0.543426991
1706616000000,0.542934
1706630400000,0.542333007
1706644800000,0.541679025
1706659200000,0.541013002
1706673600000,0.54034698
1706688000000,0.539647996
1706702400000,0.538968027
1706716800000,0.538212001
1706731200000,0.537467003
1706745600000,0.536652982
1706760000000,0.535880983
1706774400000,0.534999013
1706788800000,0.534233987
1706803200000,0.533545971
1706817600000,0.532836974
1706832000000,0.532149017
1706846400000,0.53145802
1706860800000,0.530716002
1706875200000,0.529982984
1706889600000,0.529273987
1706904000000,0.528656006
1706918400000,0.528025985
1706932800000,0.527413011
1706947200000,0.526911974
1706961600000,0.526423991
1706976000000,0.525965989
1706990400000,0.525463998
1707004800000,0.525004983
1707019200000,0.524479985
1707033600000,0.524141014
1707048000000,0.523725986
1707062400000,0.523289979
1707076800000,0.522844017
1707091200000,0.522394001
1707105600000,0.52204901
1707120000000,0.521643996
1707134400000,0.521224976
1707148800000,0.520891011
1707163200000,0.520465016
1707177600000,0.520039022
1707192000000,0.519596994
1707206400000,0.519138992
1707220800000,0.518644989
1707235200000,0.518199027
1707249600000,0.517719984
1707264000000,0.517228007
1707278400000,0.516722023
1707292800000,0.516229987
1707307200000,0.515799999
1707321600000,0.515471995
1707336000000,0.515236974
1707350400000,0.515058994
1707364800000,0.514894009
1707379200000,0.514770985
1707393600000,0.514666021
1707408000000,0.514518023
1707422400000,0.51444
1707436800000,0.514577985
1707451200000,0.514652014
1707465600000,0.514819026
1707480000000,0.514853001
1707494400000,0.514971018
1707508800000,0.515078008
1707523200000,0.515181005
1707537600000,0.515254974
1707552000000,0.515320003
1707566400000,0.515363991
1707580800000,0.515443027
1707595200000,0.515542984
1707609600000,0.515691996
1707624000000,0.515905976
1707638400000,0.516102016
1707652800000,0.516260028
1707667200000,0.516418993
1707681600000,0.516568005
1707696000000,0.516592026
1707710400000,0.516575992
1707724800000,0.516435027
1707739200000,0.516394019
1707753600000,0.516381025
1707768000000,0.516409993
1707782400000,0.516399026
1707796800000,0.51641202
1707811200000,0.516400993
1707825600000,0.516303003
1707840000000,0.516227007
1707854400000,0.516175985
1707868800000,0.516128004
1707883200000,0.516085029
1707897600000,0.516174018
1707912000000,0.516263008
1707926400000,0.516371012
1707940800000,0.516506016
1707955200000,0.516779006
1707969600000,0.517004013
1707984000000,0.517157018
1707998400000,0.517279029
1708012800000,0.517449975
1708027200000,0.517732978
1708041600000,0.518189013
1708056000000,0.518598974
1708070400000,0.51917398
1708084800000,0.519674003
1708099200000,0.52018398
1708113600000,0.520718992
1708128000000,0.521251976
1708142400000,0.521781027
1708156800000,0.522213995
1708171200000,0.522650003
1708185600000,0.523168027
1708200000000,0.523741007
1708214400000,0.524320006
1708228800000,0.524884999
1708243200000,0.525384009
1708257600000,0.525927007
1708272000000,0.526455998
1708286400000,0.526965022
1708300800000,0.527522981
1708315200000,0.528136015
1708329600000,0.528692007
1708344000000,0.529175997
1708358400000,0.529726982
1708372800000,0.530281007
1708387200000,0.530746996
1708401600000,0.531220973
1708416000000,0.531728029
1708430400000,0.532094002
1708444800000,0.532527983
1708459200000,0.533059001
1708473600000,0.533526003
1708488000000,0.533895016
1708502400000,0.534223974
1708516800000,0.534600973
1708531200000,0.534973025
1708545600000,0.535426021
1708560000000,0.535806
1708574400000,0.536246002
1708588800000,0.536605
1708603200000,0.536983013
1708617600000,0.537398994
1708632000000,0.537772
1708646400000,0.538145006
1708660800000,0.538480997
1708675200000,0.538757026
1708689600000,0.539029002
1708704000000,0.539386988
1708718400000,0.539723992
1708732800000,0.540075004
1708747200000,0.540471017
1708761600000,0.540844977
1708776000000,0.541146994
1708790400000,0.541477025
1708804800000,0.541809976
1708819200000,0.542135
1708833600000,0.54243499
1708848000000,0.542737007
1708862400000,0.543031991
1708876800000,0.543307006
1708891200000,0.543565989
1708905600000,0.543734014
1708920000000,0.543892026
1708934400000,0.543944001
1708948800000,0.544102013
1708963200000,0.544340014
1708977600000,0.544615984
1708992000000,0.544938028
1709006400000,0.545239985
1709020800000,0.545614004
1709035200000,0.545991004
1709049600000,0.546661019
1709064000000,0.547242999
1709078400000,0.547694981
1709092800000,0.548237979
1709107200000,0.548756003
1709121600000,0.549373984
1709136000000,0.549795985
1709150400000,0.550356984
1709164800000,0.551051974
1709179200000,0.551715016
1709193600000,0.552375972
1709208000000,0.553126991
1709222400000,0.553946972
1709236800000,0.554507017
1709251200000,0.555137992
1709265600000,0.555787027
1709280000000,0.556430995
1709294400000,0.557061017
1709308800000,0.557771027
1709323200000,0.558539987
1709337600000,0.559534013
1709352000000,0.560516
1709366400000,0.561563015
1709380800000,0.562480986
1709395200000,0.56329298
1709409600000,0.564243019
1709424000000,0.565104008
1709438400000,0.565738022
1709452800000,0.566443026
1709467200000,0.56705302
1709481600000,0.567533016
1709496000000,0.56813997
1709510400000,0.568776011
1709524800000,0.569545984
1709539200000,0.570538998
1709553600000,0.571521997
1709568000000,0.57248199
1709582400000,0.573352993
1709596800000,0.57435298
1709611200000,0.575294018
1709625600000,0.576308012
1709640000000,0.577197015
1709654400000,0.577371001
1709668800000,0.577731013
1709683200000,0.577978015
1709697600000,0.578531981
1709712000000,0.579096019
1709726400000,0.57951498
1709740800000,0.580036998
1709755200000,0.580522001
1709769600000,0.58120501
1709784000000,0.581878006
1709798400000,0.582476974
1709812800000,0.583106995
1709827200000,0.583763003
1709841600000,0.58436501
1709856000000,0.584942997
1709870400000,0.585608006
1709884800000,0.586287975
1709899200000,0.586804986
1709913600000,0.58741498
1709928000000,0.588145971
1709942400000,0.589017987
1709956800000,0.589906991
1709971200000,0.590716004
1709985600000,0.591443002
1710000000000,0.592209995
1710014400000,0.592953026
1710028800000,0.593724012
1710043200000,0.594550014
1710057600000,0.595260978
1710072000000,0.595954001
1710086400000,0.596696019
1710100800000,0.597410023
1710115200000,0.598128974
1710129600000,0.599014997
1710144000000,0.599858999
1710158400000,0.60145402
1710172800000,0.603399992
1710187200000,0.605206013
1710201600000,0.606644988
1710216000000,0.608241975
1710230400000,0.609795988
1710244800000,0.611375988
1710259200000,0.612836003
1710273600000,0.614252985
1710288000000,0.615796983
1710302400000,0.617326975
1710316800000,0.618763983
1710331200000,0.620108008
1710345600000,0.621550024
1710360000000,0.623077989
1710374400000,0.624628007
1710388800000,0.626022995
1710403200000,0.627379
1710417600000,0.628566027
1710432000000,0.629553974
1710446400000,0.63072902
1710460800000,0.631497979
1710475200000,0.632248998
1710489600000,0.632535994
1710504000000,0.632948995
1710518400000,0.633476973
1710532800000,0.633988976
1710547200000,0.63459599
1710561600000,0.635124028
1710576000000,0.63577801
1710590400000,0.636273026
1710604800000,0.636473
1710619200000,0.636566997
1710633600000,0.636750996
1710648000000,0.636691988
1710662400000,0.636734009
1710676800000,0.637075007
1710691200000,0.637381017
1710705600000,0.637726009
1710720000000,0.638041019
1710734400000,0.638378024
1710748800000,0.638538003
1710763200000,0.638590991
1710777600000,0.638314009
1710792000000,0.638459027
1710806400000,0.638176024
1710820800000,0.637875021
1710835200000,0.637439013
1710849600000,0.63705498
1710864000000,0.636762977
1710878400000,0.636505008
1710892800000,0.63609302
1710907200000,0.635811985
1710921600000,0.635505974
1710936000000,0.63510102
1710950400000,0.634813011
1710964800000,0.634549975
1710979200000,0.634019971
1710993600000,0.633440018
1711008000000,0.633059978
1711022400000,0.632943988
1711036800000,0.632767022
1711051200000,0.632768989
1711065600000,0.632623971
1711080000000,0.632588029
1711094400000,0.633068025
1711108800000,0.633261979
1711123200000,0.633548021
1711137600000,0.633513987
1711152000000,0.633451998
1711166400000,0.633620977
1711180800000,0.63369298
1711195200000,0.633850992
1711209600000,0.633821011
1711224000000,0.633732021
1711238400000,0.633661985
1711252800000,0.633674026
1711267200000,0.633651018
1711281600000,0.633695006
1711296000000,0.633705974
1711310400000,0.633822978
1711324800000,0.633853018
1711339200000,0.63400197
1711353600000,0.634070992
1711368000000,0.634292006
1711382400000,0.634585023
1711396800000,0.63469702
1711411200000,0.634907007
1711425600000,0.635156989
1711440000000,0.635406971
1711454400000,0.635546982
1711468800000,0.635619998
1711483200000,0.635672987
1711497600000,0.635801971
1711512000000,0.635905027
1711526400000,0.636004984
1711540800000,0.636030972
1711555200000,0.636089027
1711569600000,0.636004984
1711584000000,0.635869026
1711598400000,0.635155022
1711612800000,0.634060025
1711627200000,0.633053005
1711641600000,0.632426977
1711656000000,0.631644011
1711670400000,0.630841017
1711684800000,0.629914999
1711699200000,0.629294991
1711713600000,0.628660023
1711728000000,0.627932012
1711742400000,0.62726903
1711756800000,0.626631021
1711771200000,0.626083016
1711785600000,0.625506997
1711800000000,0.624900997
1711814400000,0.624311984
1711828800000,0.623714983
1711843200000,0.623081982
1711857600000,0.622663021
1711872000000,0.622416973
1711886400000,0.621990979
1711900800000,0.621914983
1711915200000,0.621850014
1711929600000,0.621900976
1711944000000,0.621779978
1711958400000,0.621563017
1711972800000,0.621214986
1711987200000,0.620917022
1712001600000,0.620622993
1712016000000,0.620274007
1712030400000,0.620021999
1712044800000,0.619835973
1712059200000,0.619621992
1712073600000,0.619373977
1712088000000,0.619225025
1712102400000,0.618929982
1712116800000,0.618607998
1712131200000,0.618215024
1712145600000,0.617823005
1712160000000,0.617371023
1712174400000,0.616898
1712188800000,0.616465986
1712203200000,0.616129994
1712217600000,0.615848005
1712232000000,0.615334988
1712246400000,0.615145981
1712260800000,0.615085006
1712275200000,0.615060985
1712289600000,0.614817023
1712304000000,0.614467025
1712318400000,0.614454985
1712332800000,0.61450702
1712347200000,0.614428997
1712361600000,0.614359021
1712376000000,0.614394009
1712390400000,0.61421001
1712404800000,0.614042997
1712419200000,0.613876998
1712433600000,0.613762975
1712448000000,0.613530993
1712462400000,0.613123
1712476800000,0.612735987
1712491200000,0.612291992
1712505600000,0.61184001
1712520000000,0.611434996
1712534400000,0.611195982
1712548800000,0.611106992
1712563200000,0.611060023
1712577600000,0.611100018
1712592000000,0.611262023
1712606400000,0.611250997
1712620800000,0.611196995
1712635200000,0.611002982
1712649600000,0.611000001
1712664000000,0.611055017
1712678400000,0.611146986
1712692800000,0.611018002
1712707200000,0.61077702
1712721600000,0.610608995
1712736000000,0.610435009
1712750400000,0.610180974
1712764800000,0.610053003
1712779200000,0.609933019
1712793600000,0.60986203
1712808000000,0.609628975
1712822400000,0.609165013
1712836800000,0.608847022
1712851200000,0.608527005
1712865600000,0.608146012
1712880000000,0.607816994
1712894400000,0.607577026
1712908800000,0.607361019
1712923200000,0.606975019
1712937600000,0.606015027
1712952000000,0.605274022
1712966400000,0.604475975
1712980800000,0.603784978
1712995200000,0.603055
1713009600000,0.602361023
1713024000000,0.601176023
1713038400000,0.599736989
1713052800000,0.598213017
1713067200000,0.596934974
1713081600000,0.595480025
1713096000000,0.594093978
1713110400000,0.592774987
1713124800000,0.591695011
1713139200000,0.590376973
1713153600000,0.589259028
1713168000000,0.588101029
1713182400000,0.586762011
1713196800000,0.585473001
1713211200000,0.584215999
1713225600000,0.582823992
1713240000000,0.581512988
1713254400000,0.580148995
1713268800000,0.578809023
1713283200000,0.577490985
1713297600000,0.576170981
1713312000000,0.574868977
1713326400000,0.573634982
1713340800000,0.572211981
1713355200000,0.570692003
1713369600000,0.569401026
1713384000000,0.568190992
1713398400000,0.567063987
1713412800000,0.565962017
1713427200000,0.564794004
1713441600000,0.563682973
1713456000000,0.562748015
1713470400000,0.561770022
1713484800000,0.560724974
1713499200000,0.559855998
1713513600000,0.558957994
1713528000000,0.558130026
1713542400000,0.557337999
1713556800000,0.556474984
1713571200000,0.555755973
1713585600000,0.555088997
1713600000000,0.554526985
1713614400000,0.55399102
1713628800000,0.553569973
1713643200000,0.553119004
1713657600000,0.552623987
1713672000000,0.552015007
1713686400000,0.551347971
1713700800000,0.550683022
1713715200000,0.550023973
1713729600000,0.549444973
1713744000000,0.54904902
1713758400000,0.548532009
1713772800000,0.547972023
1713787200000,0.547479987
1713801600000,0.547092974
1713816000000,0.546746016
1713830400000,0.546348989
1713844800000,0.545892
1713859200000,0.545414984
1713873600000,0.544945002
1713888000000,0.544534028
1713902400000,0.544017017
1713916800000,0.543502986
1713931200000,0.543027997
1713945600000,0.542558014
1713960000000,0.541868985
1713974400000,0.541316986
1713988800000,0.540566027
1714003200000,0.539741993
1714017600000,0.538803995
1714032000000,0.537742019
1714046400000,0.536832988
1714060800000,0.535993993
1714075200000,0.535156012
1714089600000,0.534182012
1714104000000,0.533213019
1714118400000,0.532189012
1714132800000,0.531246006
1714147200000,0.530436993
1714161600000,0.529541016
1714176000000,0.528595984
1714190400000,0.527661979
1714204800000,0.526601017
1714219200000,0.525582016
1714233600000,0.524578989
1714248000000,0.523563027
1714262400000,0.522691011
1714276800000,0.521835983
1714291200000,0.520880997
1714305600000,0.519989014
1714320000000,0.519056976
1714334400000,0.518051028
1714348800000,0.516997993
1714363200000,0.516080976
1714377600000,0.515770972
1714392000000,0.515424013
1714406400000,0.515154004
1714420800000,0.514877975
1714435200000,0.514603972
1714449600000,0.514276028
1714464000000,0.514329016
1714478400000,0.514499009
1714492800000,0.514760017
1714507200000,0.514810979
1714521600000,0.515016973
1714536000000,0.515057027
1714550400000,0.515097022
1714564800000,0.515057981
1714579200000,0.515181005
1714593600000,0.515219986
1714608000000,0.515217006
1714622400000,0.515384018
1714636800000,0.515585005
1714651200000,0.515810013
1714665600000,0.516151011
1714680000000,0.516342998
1714694400000,0.516651988
1714708800000,0.516955018
1714723200000,0.51720202
1714737600000,0.517507017
1714752000000,0.517836988
1714766400000,0.518110991
1714780800000,0.518530011
1714795200000,0.519029021
1714809600000,0.519384027
1714824000000,0.519793987
1714838400000,0.52015698
1714852800000,0.520555019
1714867200000,0.52088201
1714881600000,0.521162987
1714896000000,0.521430016
1714910400000,0.521722019
1714924800000,0.522175014
1714939200000,0.522517025
1714953600000,0.522818029
1714968000000,0.523181975
1714982400000,0.523468018
1714996800000,0.524034977
1715011200000,0.524384975
1715025600000,0.524648011
1715040000000,0.524837017
1715054400000,0.525004029
1715068800000,0.525079012
1715083200000,0.525193989
1715097600000,0.525287986
1715112000000,0.525195003
1715126400000,0.525151014
1715140800000,0.525084972
1715155200000,0.525054991
1715169600000,0.525085986
1715184000000,0.525008023
1715198400000,0.524857998
1715212800000,0.524748981
1715227200000,0.524522007
1715241600000,0.524147987
1715256000000,0.523759007
1715270400000,0.523464978
1715284800000,0.523182988
1715299200000,0.522921979
1715313600000,0.522629976
1715328000000,0.522249997
1715342400000,0.521817029
1715356800000,0.521404028
1715371200000,0.520931005
1715385600000,0.520515978
1715400000000,0.520309985
1715414400000,0.519959986
1715428800000,0.519752026
1715443200000,0.519560993
1715457600000,0.51939702
1715472000000,0.51928103
1715486400000,0.51907599
1715500800000,0.518814981
1715515200000,0.51860702
1715529600000,0.518342018
1715544000000,0.518076003
1715558400000,0.517781019
1715572800000,0.517609
1715587200000,0.517409027
1715601600000,0.517243028
1715616000000,0.517134011
1715630400000,0.517039001
1715644800000,0.516973972
1715659200000,0.516873002
1715673600000,0.516735971
1715688000000,0.516638994
1715702400000,0.516467988
1715716800000,0.516233981
1715731200000,0.516076028
1715745600000,0.515872002
1715760000000,0.515684009
1715774400000,0.515685976
1715788800000,0.515837014
1715803200000,0.515999973
1715817600000,0.51611799
1715832000000,0.516198993
1715846400000,0.516225994
1715860800000,0.516260982
1715875200000,0.516296029
1715889600000,0.516351998
1715904000000,0.516550004
1715918400000,0.51680702
1715932800000,0.517050028
1715947200000,0.517297983
1715961600000,0.517507017
1715976000000,0.517832994
1715990400000,0.518136024
1716004800000,0.518374026
1716019200000,0.518508971
1716033600000,0.518554986
1716048000000,0.518652022
1716062400000,0.518727005
1716076800000,0.518777013
1716091200000,0.518787026
1716105600000,0.518733978
1716120000000,0.518683016
1716134400000,0.518540025
1716148800000,0.518454015
1716163200000,0.518423021
1716177600000,0.51829499
1716192000000,0.518113971
1716206400000,0.517965972
1716220800000,0.518009007
1716235200000,0.51810801
1716249600000,0.518118978
1716264000000,0.518168986
1716278400000,0.518262982
1716292800000,0.51839298
1716307200000,0.51849103
1716321600000,0.518580973
1716336000000,0.518657982
1716350400000,0.51868999
1716364800000,0.518721998
1716379200000,0.51878798
1716393600000,0.518765986
1716408000000,0.518643975
1716422400000,0.51859498
1716436800000,0.518293977
1716451200000,0.518124998
1716465600000,0.518019021
1716480000000,0.517840981
1716494400000,0.517754018
1716508800000,0.517717004
1716523200000,0.517548978
1716537600000,0.517472029
1716552000000,0.517557979
1716566400000,0.517637014
1716580800000,0.517791986
1716595200000,0.517943978
1716609600000,0.518022001
1716624000000,0.518150985
1716638400000,0.518382013
1716652800000,0.518559992
1716667200000,0.518823028
1716681600000,0.519089997
1716696000000,0.519321024
1716710400000,0.519496977
1716724800000,0.519605994
1716739200000,0.519746006
1716753600000,0.519860983
1716768000000,0.520017982
1716782400000,0.520287991
1716796800000,0.520521998
1716811200000,0.520898998
1716825600000,0.521189988
1716840000000,0.521480024
1716854400000,0.521739006
1716868800000,0.521942973
1716883200000,0.522188008
1716897600000,0.522436976
1716912000000,0.52263999
1716926400000,0.522893012
1716940800000,0.523142993
1716955200000,0.523364007
1716969600000,0.523652017
1716984000000,0.523945987
1716998400000,0.524251997
1717012800000,0.524464011
1717027200000,0.524680018
1717041600000,0.524752021
1717056000000,0.524884999
1717070400000,0.525084019
1717084800000,0.525240004
1717099200000,0.525375009
1717113600000,0.525530994
1717128000000,0.52561897
1717142400000,0.525785029
1717156800000,0.525964975
1717171200000,0.526135981
1717185600000,0.526318014
1717200000000,0.52651
1717214400000,0.52659899
1717228800000,0.526619971
1717243200000,0.526638985
1717257600000,0.526665986
1717272000000,0.526652992
1717286400000,0.526660979
1717300800000,0.526646972
1717315200000,0.526642978
1717329600000,0.526664972
1717344000000,0.526628017
1717358400000,0.526552022
1717372800000,0.526517987
1717387200000,0.526479006
1717401600000,0.526432991
1717416000000,0.526423991
1717430400000,0.526404023
1717444800000,0.526377022
1717459200000,0.526358008
1717473600000,0.526345015
1717488000000,0.526371002
1717502400000,0.526458979
1717516800000,0.526511014
1717531200000,0.526562989
1717545600000,0.526646972
1717560000000,0.526795983
1717574400000,0.527011991
1717588800000,0.527216971
1717603200000,0.527366996
1717617600000,0.527493
1717632000000,0.527631998
1717646400000,0.527718008
1717660800000,0.527647972
1717675200000,0.527541995
1717689600000,0.527392983
1717704000000,0.52720201
1717718400000,0.527001977
1717732800000,0.526830018
1717747200000,0.526731014
1717761600000,0.52660203
1717776000000,0.526166022
1717790400000,0.525811017
1717804800000,0.525481999
1717819200000,0.525128007
1717833600000,0.524770021
1717848000000,0.524429977
1717862400000,0.524061978
1717876800000,0.523697019
1717891200000,0.523333013
1717905600000,0.522979021
1717920000000,0.522714019
1717934400000,0.522373974
1717948800000,0.522041023
1717963200000,0.521794975
1717977600000,0.521520972
1717992000000,0.521127999
1718006400000,0.520763993
1718020800000,0.520447016
1718035200000,0.52006799
1718049600000,0.519685984
1718064000000,0.519186974
1718078400000,0.518643975
1718092800000,0.51809001
1718107200000,0.517432988
1718121600000,0.516826987
1718136000000,0.516231
1718150400000,0.515679002
1718164800000,0.515172005
1718179200000,0.514672995
1718193600000,0.514346004
1718208000000,0.513868988
1718222400000,0.513502002
1718236800000,0.513077974
1718251200000,0.512561977
1718265600000,0.512088001
1718280000000,0.511546016
1718294400000,0.511084974
1718308800000,0.510586023
1718323200000,0.510061979
1718337600000,0.509536982
1718352000000,0.509042978
1718366400000,0.508491993
1718380800000,0.507889986
1718395200000,0.507368982
1718409600000,0.506839991
1718424000000,0.506338
1718438400000,0.505901992
1718452800000,0.505505979
1718467200000,0.505167007
1718481600000,0.504909992
1718496000000,0.504608989
1718510400000,0.50424403
1718524800000,0.503982008
1718539200000,0.503699005
1718553600000,0.50337702
1718568000000,0.503098011
1718582400000,0.502768993
1718596800000,0.502578974
1718611200000,0.502380013
1718625600000,0.502295971
1718640000000,0.50227797
1718654400000,0.502129972
1718668800000,0.501824021
1718683200000,0.501622975
1718697600000,0.50138098
1718712000000,0.501039982
1718726400000,0.500666976
1718740800000,0.500405014
1718755200000,0.500181019
1718769600000,0.499918014
1718784000000,0.499711007
1718798400000,0.499495
1718812800000,0.499283999
1718827200000,0.49900201
1718841600000,0.498739988
1718856000000,0.498510987
1718870400000,0.498297989
1718884800000,0.498017013
1718899200000,0.497707993
1718913600000,0.497388005
1718928000000,0.497040987
1718942400000,0.496647
1718956800000,0.496311009
1718971200000,0.495905995
1718985600000,0.495503992
1719000000000,0.495119005
1719014400000,0.494700015
1719028800000,0.494266987
1719043200000,0.493844002
1719057600000,0.493440986
1719072000000,0.493057013
1719086400000,0.49267
1719100800000,0.49228999
1719115200000,0.491896003
1719129600000,0.491551012
1719144000000,0.491158009
1719158400000,0.490750015
1719172800000,0.490292013
1719187200000,0.489771992
1719201600000,0.489261001
1719216000000,0.489082992
1719230400000,0.48881799
1719244800000,0.488481998
1719259200000,0.488213986
1719273600000,0.488056988
1719288000000,0.487883002
1719302400000,0.487713993
1719316800000,0.48755601
1719331200000,0.487399995
1719345600000,0.487213999
1719360000000,0.487019002
1719374400000,0.486800998
1719388800000,0.486573011
1719403200000,0.486283004
1719417600000,0.485992998
1719432000000,0.485754013
1719446400000,0.48547399
1719460800000,0.485098004
1719475200000,0.484829992
1719489600000,0.48458001
1719504000000,0.484432995
1719518400000,0.484326988
1719532800000,0.484241009
1719547200000,0.484254003
1719561600000,0.484252006
1719576000000,0.484209001
1719590400000,0.484129012
1719604800000,0.484034002
1719619200000,0.483963996
1719633600000,0.483758003
1719648000000,0.48368001
1719662400000,0.483516008
1719676800000,0.483395994
1719691200000,0.483240008
1719705600000,0.483108014
1719720000000,0.483049989
1719734400000,0.482955992
1719748800000,0.482921004
1719763200000,0.48287499
1719777600000,0.482852012
1719792000000,0.482850999
1719806400000,0.482906997
1719820800000,0.483013988
1719835200000,0.483065993
1719849600000,0.483067006
1719864000000,0.483051986
1719878400000,0.483034015
1719892800000,0.482973009
1719907200000,0.482894003
1719921600000,0.482805997
1719936000000,0.482726008
1719950400000,0.482692987
1719964800000,0.482538015
1719979200000,0.482455999
1719993600000,0.482381999
1720008000000,0.482208997
1720022400000,0.481945992
1720036800000,0.481624991
1720051200000,0.481234014
1720065600000,0.480679989
1720080000000,0.48003
1720094400000,0.479429007
1720108800000,0.478935987
1720123200000,0.47826001
1720137600000,0.477286994
1720152000000,0.476485014
1720166400000,0.475829989
1720180800000,0.475165993
1720195200000,0.474465996
1720209600000,0.47379899
1720224000000,0.473150998
1720238400000,0.472553998
1720252800000,0.471951008
1720267200000,0.471401006
1720281600000,0.470950991
1720296000000,0.470443994
1720310400000,0.469879001
1720324800000,0.469329
1720339200000,0.468766987
1720353600000,0.46814999
1720368000000,0.467557013
1720382400000,0.466845989
1720396800000,0.466051012
1720411200000,0.465420991
1720425600000,0.464956999
1720440000000,0.46430701
1720454400000,0.463735014
1720468800000,0.463182986
1720483200000,0.462653995
1720497600000,0.462137014
1720512000000,0.461598992
1720526400000,0.461050987
1720540800000,0.460523993
1720555200000,0.460002005
1720569600000,0.459495991
1720584000000,0.459066987
1720598400000,0.458649009
1720612800000,0.458182007
1720627200000,0.457789004
1720641600000,0.457439005
1720656000000,0.457085997
1720670400000,0.456802994
1720684800000,0.456634015
1720699200000,0.45629999
1720713600000,0.455994993
1720728000000,0.455725014
1720742400000,0.455476999
1720756800000,0.455332011
1720771200000,0.455267012
1720785600000,0.455123991
1720800000000,0.455071002
1720814400000,0.455080003
1720828800000,0.455255985
1720843200000,0.455711007
1720857600000,0.456092
1720872000000,0.456757993
1720886400000,0.457673997
1720900800000,0.45826
1720915200000,0.458754987
1720929600000,0.459297001
1720944000000,0.459841013
1720958400000,0.460359991
1720972800000,0.460918009
1720987200000,0.461344004
1721001600000,0.461816013
1721016000000,0.462359011
1721030400000,0.462987006
1721044800000,0.463508993
1721059200000,0.464114994
1721073600000,0.464729995
1721088000000,0.465617001
1721102400000,0.466268003
1721116800000,0.466987997
1721131200000,0.468107998
1721145600000,0.469226003
1721160000000,0.470272005
1721174400000,0.471401006
1721188800000,0.472759008
1721203200000,0.474157006
1721217600000,0.475421011
1721232000000,0.476774007
1721246400000,0.478235006
1721260800000,0.479508996
1721275200000,0.48051399
1721289600000,0.481530994
1721304000000,0.482389003
1721318400000,0.483298004
1721332800000,0.484207004
1721347200000,0.484903008
1721361600000,0.485576004
1721376000000,0.486277997
1721390400000,0.487051994
1721404800000,0.48804599
1721419200000,0.488950998
1721433600000,0.489941001
1721448000000,0.491176009
1721462400000,0.492460996
1721476800000,0.493703991
1721491200000,0.495023012
1721505600000,0.496417999
1721520000000,0.49782601
1721534400000,0.499271989
1721548800000,0.50068599
1721563200000,0.502237022
1721577600000,0.504162014
1721592000000,0.506099999
1721606400000,0.507875979
1721620800000,0.509608984
1721635200000,0.511465013
1721649600000,0.513316989
1721664000000,0.515228987
1721678400000,0.516978979
1721692800000,0.518765986
1721707200000,0.520384014
1721721600000,0.521863997
1721736000000,0.523380995
1721750400000,0.524884999
1721764800000,0.526488006
1721779200000,0.528181016
1721793600000,0.529937983
1721808000000,0.53193301
1721822400000,0.533976018
1721836800000,0.536062002
1721851200000,0.538015008
1721865600000,0.539677978
1721880000000,0.54152602
1721894400000,0.543330014
1721908800000,0.545189977
1721923200000,0.546868026
1721937600000,0.548516989
1721952000000,0.550222993
1721966400000,0.551887989
1721980800000,0.553542972
1721995200000,0.555109024
1722009600000,0.556744993
1722024000000,0.558378994
1722038400000,0.559938014
1722052800000,0.561613977
1722067200000,0.563253999
1722081600000,0.564855993
1722096000000,0.566420972
1722110400000,0.567933023
1722124800000,0.569431007
1722139200000,0.571067989
1722153600000,0.572624028
1722168000000,0.574171007
1722182400000,0.575679004
1722196800000,0.577060997
1722211200000,0.578414023
1722225600000,0.579904974
1722240000000,0.581290007
1722254400000,0.582534015
1722268800000,0.583666027
1722283200000,0.584531009
1722297600000,0.585438013
1722312000000,0.586072981
1722326400000,0.586758018
1722340800000,0.587682009
1722355200000,0.588774025
1722369600000,0.58978498
1722384000000,0.590996981
1722398400000,0.592190027
1722412800000,0.593367994
1722427200000,0.594681978
1722441600000,0.595748007
1722456000000,0.596674025
1722470400000,0.597423017
1722484800000,0.598269999
1722499200000,0.599017978
1722513600000,0.599502027
1722528000000,0.599671006
1722542400000,0.600232005
1722556800000,0.600643992
1722571200000,0.600525022
1722585600000,0.600431025
1722600000000,0.600253999
1722614400000,0.600027025
1722628800000,0.599538982
1722643200000,0.599036992
1722657600000,0.598767996
1722672000000,0.598335028
1722686400000,0.597636998
1722700800000,0.596991003
1722715200000,0.596745014
1722729600000,0.596529007
1722744000000,0.596378982
1722758400000,0.596125007
1722772800000,0.595714986
1722787200000,0.595513999
1722801600000,0.595248997
1722816000000,0.594452024
1722830400000,0.593518019
1722844800000,0.592234015
1722859200000,0.591386974
1722873600000,0.590366006
1722888000000,0.589302003
1722902400000,0.588500023
1722916800000,0.587754011
1722931200000,0.586871028
1722945600000,0.586043
1722960000000,0.585222006
1722974400000,0.584390998
1722988800000,0.583720028
1723003200000,0.58297199
1723017600000,0.582202017
1723032000000,0.581212997
1723046400000,0.580600023
1723060800000,0.580623984
1723075200000,0.580624998
1723089600000,0.580579996
1723104000000,0.580543995
1723118400000,0.580595016
1723132800000,0.580667973
1723147200000,0.580833018
1723161600000,0.581018984
1723176000000,0.581045985
1723190400000,0.580963016
1723204800000,0.580717027
1723219200000,0.580483973
1723233600000,0.580259979
1723248000000,0.579864025
1723262400000,0.579488993
1723276800000,0.579150021
1723291200000,0.578943014
1723305600000,0.578795016
1723320000000,0.578544974
1723334400000,0.578327
1723348800000,0.578065991
1723363200000,0.577817023
1723377600000,0.577489972
1723392000000,0.57703501
1723406400000,0.576582015
1723420800000,0.576210976
1723435200000,0.575963974
1723449600000,0.575733006
1723464000000,0.575414002
1723478400000,0.575142026
1723492800000,0.574814975
1723507200000,0.574461997
1723521600000,0.574204981
1723536000000,0.573987007
1723550400000,0.573767006
1723564800000,0.573544979
1723579200000,0.57326901
1723593600000,0.573033988
1723608000000,0.572762012
1723622400000,0.572530985
1723636800000,0.572260022
1723651200000,0.571869016
1723665600000,0.571451008
1723680000000,0.571089983
1723694400000,0.570761979
1723708800000,0.570402026
1723723200000,0.570097983
1723737600000,0.569655001
1723752000000,0.569265008
1723766400000,0.568594992
1723780800000,0.568087995
1723795200000,0.567457974
1723809600000,0.566763997
1723824000000,0.565936983
1723838400000,0.565109015
1723852800000,0.564242005
1723867200000,0.563373029
1723881600000,0.562686026
1723896000000,0.56212002
1723910400000,0.561675012
1723924800000,0.561254025
1723939200000,0.56081301
1723953600000,0.560609996
1723968000000,0.560467005
1723982400000,0.560235023
1723996800000,0.560084999
1724011200000,0.559987009
1724025600000,0.559909999
1724040000000,0.56003201
1724054400000,0.560253978
1724068800000,0.560441971
1724083200000,0.560827971
1724097600000,0.561056018
1724112000000,0.561433971
1724126400000,0.561941981
1724140800000,0.56260401
1724155200000,0.562941015
1724169600000,0.563373983
1724184000000,0.563832998
1724198400000,0.564352989
1724212800000,0.565050006
1724227200000,0.565654993
1724241600000,0.566353023
1724256000000,0.567642987
1724270400000,0.568948984
1724284800000,0.57041502
1724299200000,0.571546018
1724313600000,0.572776973
1724328000000,0.573841989
1724342400000,0.574719012
1724356800000,0.575528026
1724371200000,0.576483011
1724385600000,0.577368975
1724400000000,0.578221977
1724414400000,0.579153001
1724428800000,0.580075979
1724443200000,0.581050992
1724457600000,0.581990004
1724472000000,0.583079994
1724486400000,0.583848
1724500800000,0.584043026
1724515200000,0.584128976
1724529600000,0.584195971
1724544000000,0.584120989
1724558400000,0.583979011
1724572800000,0.583773017
1724587200000,0.583633006
1724601600000,0.583486974
1724616000000,0.583453
1724630400000,0.58355099
1724644800000,0.583772004
1724659200000,0.583917975
1724673600000,0.584038973
1724688000000,0.58396101
1724702400000,0.583971977
1724716800000,0.584007025
1724731200000,0.583943009
1724745600000,0.583904982
1724760000000,0.584006011
1724774400000,0.584048986
1724788800000,0.583800972
1724803200000,0.583718002
1724817600000,0.583743989
1724832000000,0.583958983
1724846400000,0.584115982
1724860800000,0.584194005
1724875200000,0.584209025
1724889600000,0.58415699
1724904000000,0.584186971
1724918400000,0.584237993
1724932800000,0.584275007
1724947200000,0.584246993
1724961600000,0.584133983
1724976000000,0.583998024
1724990400000,0.583904982
1725004800000,0.583766997
1725019200000,0.583483994
1725033600000,0.583305001
1725048000000,0.583205998
1725062400000,0.58306098
1725076800000,0.582984984
1725091200000,0.583002985
1725105600000,0.58297801
1725120000000,0.582933009
1725134400000,0.582934976
1725148800000,0.582846999
1725163200000,0.582722008
1725177600000,0.582738996
1725192000000,0.582696021
1725206400000,0.582668006
1725220800000,0.582464993
1725235200000,0.582302988
1725249600000,0.582183003
1725264000000,0.582066
1725278400000,0.582009971
1725292800000,0.582059979
1725307200000,0.582087994
1725321600000,0.582102001
1725336000000,0.582129002
1725350400000,0.582157016
1725364800000,0.582086027
1725379200000,0.582085013
1725393600000,0.582005024
1725408000000,0.581856012
1725422400000,0.581668019
1725436800000,0.581447005
1725451200000,0.581438005
1725465600000,0.581351995
1725480000000,0.581193984
1725494400000,0.580871999
1725508800000,0.580613971
1725523200000,0.580093026
1725537600000,0.579568982
1725552000000,0.578917027
1725566400000,0.578289986
1725580800000,0.577655971
1725595200000,0.577113986
1725609600000,0.576493025
1725624000000,0.575820029
1725638400000,0.575016022
1725652800000,0.574241996
1725667200000,0.573499024
1725681600000,0.572866976
1725696000000,0.572113991
1725710400000,0.571426988
1725724800000,0.570743024
1725739200000,0.569975019
1725753600000,0.569229007
1725768000000,0.568566024
1725782400000,0.567866027
1725796800000,0.567112982
1725811200000,0.566377997
1725825600000,0.565676987
1725840000000,0.565010011
1725854400000,0.564328015
1725868800000,0.563564003
1725883200000,0.562749028
1725897600000,0.562056005
1725912000000,0.561362028
1725926400000,0.560599029
1725940800000,0.559792995
1725955200000,0.558978021
1725969600000,0.558214009
1725984000000,0.557539999
1725998400000,0.556959987
1726012800000,0.55628401
1726027200000,0.555594027
1726041600000,0.554930985
1726056000000,0.554252982
1726070400000,0.553651989
1726084800000,0.553049982
1726099200000,0.552465022
1726113600000,0.55192101
1726128000000,0.551478982
1726142400000,0.551181018
1726156800000,0.550884008
1726171200000,0.550598979
1726185600000,0.550333023
1726200000000,0.550027013
1726214400000,0.549723983
1726228800000,0.549767971
1726243200000,0.549764991
1726257600000,0.549799025
1726272000000,0.549763978
1726286400000,0.549869001
1726300800000,0.550013006
1726315200000,0.550191998
1726329600000,0.550395012
1726344000000,0.550607026
1726358400000,0.550742984
1726372800000,0.550911009
1726387200000,0.551119983
1726401600000,0.551385999
1726416000000,0.551607013
1726430400000,0.551670015
1726444800000,0.55171603
1726459200000,0.551953971
1726473600000,0.552048028
1726488000000,0.552066028
1726502400000,0.552289009
1726516800000,0.552492976
1726531200000,0.552666008
1726545600000,0.552854002
1726560000000,0.553021014
1726574400000,0.553264022
1726588800000,0.553546011
1726603200000,0.553794026
1726617600000,0.554017007
1726632000000,0.554226995
1726646400000,0.554361999
1726660800000,0.554534018
1726675200000,0.554784
1726689600000,0.555175006
1726704000000,0.555480003
1726718400000,0.555751026
1726732800000,0.555929005
1726747200000,0.556113005
1726761600000,0.556344986
1726776000000,0.556520998
1726790400000,0.556706011
1726804800000,0.557021022
1726819200000,0.557210982
1726833600000,0.557437003
1726848000000,0.557734013
1726862400000,0.558040023
1726876800000,0.558346987
1726891200000,0.558559
1726905600000,0.558826983
1726920000000,0.559113026
1726934400000,0.559584975
1726948800000,0.56002599
1726963200000,0.560508013
1726977600000,0.56100601
1726992000000,0.561504006
1727006400000,0.561950028
1727020800000,0.562394977
1727035200000,0.562914014
1727049600000,0.563467979
1727064000000,0.564091027
1727078400000,0.564801991
1727092800000,0.56547302
1727107200000,0.566129982
1727121600000,0.566684008
1727136000000,0.567265987
1727150400000,0.567822993
1727164800000,0.568403006
1727179200000,0.568987012
1727193600000,0.569620013
1727208000000,0.570237994
1727222400000,0.570883989
1727236800000,0.571536005
1727251200000,0.572187006
1727265600000,0.572744012
1727280000000,0.573288977
1727294400000,0.573810995
1727308800000,0.574322999
1727323200000,0.574912012
1727337600000,0.575423002
1727352000000,0.575957
1727366400000,0.576546013
1727380800000,0.577058971
1727395200000,0.577542007
1727409600000,0.578074992
1727424000000,0.578541994
1727438400000,0.579016984
1727452800000,0.579551995
1727467200000,0.58010298
1727481600000,0.580672979
1727496000000,0.581429005
1727510400000,0.582235992
1727524800000,0.583064973
1727539200000,0.583922029
1727553600000,0.584679008
1727568000000,0.585439026
1727582400000,0.586145997
1727596800000,0.586760998
1727611200000,0.587734997
1727625600000,0.588653028
1727640000000,0.589432001
1727654400000,0.590254009
1727668800000,0.590995014
1727683200000,0.591620982
1727697600000,0.592070997
1727712000000,0.592523992
1727726400000,0.592845976
1727740800000,0.593208015
1727755200000,0.593622029
1727769600000,0.593998015
1727784000000,0.594161987
1727798400000,0.594389021
1727812800000,0.594470024
1727827200000,0.594659984
1727841600000,0.594779015
1727856000000,0.594798028
1727870400000,0.594935
1727884800000,0.595003009
1727899200000,0.594663978
1727913600000,0.594331026
1727928000000,0.593832016
1727942400000,0.593133986
1727956800000,0.592495024
1727971200000,0.591899991
1727985600000,0.59126699
1728000000000,0.590668976
1728014400000,0.590003014
1728028800000,0.589362979
1728043200000,0.588744998
1728057600000,0.58829999
1728072000000,0.587863982
1728086400000,0.587410986
1728100800000,0.587100029
1728115200000,0.586667001
1728129600000,0.586117983
1728144000000,0.585600972
1728158400000,0.585042
1728172800000,0.584478974
1728187200000,0.583930016
1728201600000,0.583341002
1728216000000,0.582841992
1728230400000,0.582278013
1728244800000,0.581705987
1728259200000,0.581264019
1728273600000,0.580868006
1728288000000,0.580413997
1728302400000,0.579973996
1728316800000,0.579568028
1728331200000,0.57902199
1728345600000,0.578499973
1728360000000,0.577906013
1728374400000,0.577219009
1728388800000,0.576490998
1728403200000,0.575806975
1728417600000,0.575160027
1728432000000,0.574563026
1728446400000,0.573980987
1728460800000,0.573406994
1728475200000,0.572852015
1728489600000,0.572216988
1728504000000,0.571573973
1728518400000,0.570982993
1728532800000,0.570360005
1728547200000,0.569781005
1728561600000,0.569289029
1728576000000,0.568700016
1728590400000,0.568135023
1728604800000,0.567606986
1728619200000,0.567157984
1728633600000,0.566600978
1728648000000,0.566074014
1728662400000,0.56555599
1728676800000,0.565069973
1728691200000,0.564526975
1728705600000,0.564056993
1728720000000,0.563602984
1728734400000,0.563188016
1728748800000,0.562747002
1728763200000,0.562259018
1728777600000,0.561721027
1728792000000,0.561160028
1728806400000,0.560545027
1728820800000,0.559919
1728835200000,0.559327006
1728849600000,0.558752
1728864000000,0.558264017
1728878400000,0.557771027
1728892800000,0.557290971
1728907200000,0.556897998
1728921600000,0.55646199
1728936000000,0.555869997
1728950400000,0.555176973
1728964800000,0.554461002
1728979200000,0.55359298
1728993600000,0.552847981
1729008000000,0.552156985
1729022400000,0.551289976
1729036800000,0.550472975
1729051200000,0.549265981
1729065600000,0.548182011
1729080000000,0.547248006
1729094400000,0.546325982
1729108800000,0.545355976
1729123200000,0.544552982
1729137600000,0.543922007
1729152000000,0.543223977
1729166400000,0.542648017
1729180800000,0.541863024
1729195200000,0.541023016
1729209600000,0.540171027
1729224000000,0.539551973
1729238400000,0.538910985
1729252800000,0.538402021
1729267200000,0.537845016
1729281600000,0.537308991
1729296000000,0.536931992
1729310400000,0.536549985
1729324800000,0.536233008
1729339200000,0.536297023
1729353600000,0.536334991
1729368000000,0.536590993
1729382400000,0.536849976
1729396800000,0.537029028
1729411200000,0.53716898
1729425600000,0.537400007
1729440000000,0.537581027
1729454400000,0.537826002
1729468800000,0.538055003
1729483200000,0.538326025
1729497600000,0.538507998
1729512000000,0.538637996
1729526400000,0.538842022
1729540800000,0.538960993
1729555200000,0.539084017
1729569600000,0.53925401
1729584000000,0.539259017
1729598400000,0.539303005
1729612800000,0.539352
1729627200000,0.539380014
1729641600000,0.539389014
1729656000000,0.539286971
1729670400000,0.539237022
1729684800000,0.539142013
1729699200000,0.538955986
1729713600000,0.538814008
1729728000000,0.538729012
1729742400000,0.538609028
1729756800000,0.538487017
1729771200000,0.538495004
1729785600000,0.538502991
1729800000000,0.53855598
1729814400000,0.538533986
1729828800000,0.538528025
1729843200000,0.538495004
1729857600000,0.538408995
1729872000000,0.538231015
1729886400000,0.537944973
1729900800000,0.537739992
1729915200000,0.537566006
1729929600000,0.537409008
1729944000000,0.537258029
1729958400000,0.537114978
1729972800000,0.536993027
1729987200000,0.536858976
1730001600000,0.536653996
1730016000000,0.536511004
1730030400000,0.536378026
1730044800000,0.536177993
1730059200000,0.535962999
1730073600000,0.535740018
1730088000000,0.535520971
1730102400000,0.535305023
1730116800000,0.535054982
1730131200000,0.534870028
1730145600000,0.534682989
1730160000000,0.53452599
1730174400000,0.534370005
1730188800000,0.534247994
1730203200000,0.534114003
1730217600000,0.53401798
1730232000000,0.533939004
1730246400000,0.533888996
1730260800000,0.533851027
1730275200000,0.533788025
1730289600000,0.533704996
1730304000000,0.533547997
1730318400000,0.533389986
1730332800000,0.533218026
1730347200000,0.532904029
1730361600000,0.532617986
1730376000000,0.532244027
1730390400000,0.531830013
1730404800000,0.531467021
1730419200000,0.531301975
1730433600000,0.531029999
1730448000000,0.530780971
1730462400000,0.530529022
1730476800000,0.530267
1730491200000,0.530007005
1730505600000,0.529712021
1730520000000,0.529365003
1730534400000,0.528953016
1730548800000,0.528577983
1730563200000,0.528182983
1730577600000,0.527742982
1730592000000,0.527235985
1730606400000,0.526757002
1730620800000,0.526341021
1730635200000,0.525867999
1730649600000,0.525439978
1730664000000,0.524971008
1730678400000,0.524578989
1730692800000,0.524177015
1730707200000,0.52383101
1730721600000,0.523468971
1730736000000,0.523055971
1730750400000,0.522628009
1730764800000,0.522249997
1730779200000,0.521950006
1730793600000,0.521628022
1730808000000,0.521284997
1730822400000,0.520931005
1730836800000,0.52066499
1730851200000,0.520596027
1730865600000,0.520515025
1730880000000,0.520435989
1730894400000,0.52026099
1730908800000,0.520146012
1730923200000,0.520078003
1730937600000,0.520138979
1730952000000,0.520229995
1730966400000,0.520224988
1730980800000,0.52027601
1730995200000,0.520392001
1731009600000,0.52047801
1731024000000,0.520636022
1731038400000,0.520807981
1731052800000,0.520972013
1731067200000,0.521160007
1731081600000,0.52135998
1731096000000,0.521633983
1731110400000,0.521834016
1731124800000,0.522128999
1731139200000,0.52244699
1731153600000,0.522670984
1731168000000,0.522885025
1731182400000,0.523191988
1731196800000,0.523626983
1731211200000,0.524194002
1731225600000,0.524737
1731240000000,0.525463998
1731254400000,0.526136994
1731268800000,0.526785016
1731283200000,0.527469993
1731297600000,0.528024971
1731312000000,0.528755009
1731326400000,0.529645026
1731340800000,0.530520022
1731355200000,0.531599998
1731369600000,0.53252399
1731384000000,0.533596992
1731398400000,0.534949005
1731412800000,0.536606014
1731427200000,0.538376987
1731441600000,0.540277004
1731456000000,0.541833997
1731470400000,0.543277979
1731484800000,0.544897974
1731499200000,0.546866
1731513600000,0.548551023
1731528000000,0.550293982
1731542400000,0.552070975
1731556800000,0.553923011
1731571200000,0.555935979
1731585600000,0.557883978
1731600000000,0.560558021
1731614400000,0.563037992
1731628800000,0.565989971
1731643200000,0.568590999
1731657600000,0.57160002
1731672000000,0.574976027
1731686400000,0.578701973
1731700800000,0.58239001
1731715200000,0.586265028
1731729600000,0.590758979
1731744000000,0.596032977
1731758400000,0.601911008
1731772800000,0.608566999
1731787200000,0.61460799
1731801600000,0.620039999
1731816000000,0.625622988
1731830400000,0.630940974
1731844800000,0.636696994
1731859200000,0.641867995
1731873600000,0.647300005
1731888000000,0.65329802
1731902400000,0.659852028
1731916800000,0.665890992
1731931200000,0.672443986
1731945600000,0.67820102
1731960000000,0.684221983
1731974400000,0.690496981
1731988800000,0.696425974
1732003200000,0.702338994
1732017600000,0.708208025
1732032000000,0.714258015
1732046400000,0.720215023
1732060800000,0.725978971
1732075200000,0.731836975
1732089600000,0.738041997
1732104000000,0.744226992
1732118400000,0.749991
1732132800000,0.755984008
1732147200000,0.761829972
1732161600000,0.767827988
1732176000000,0.773883998
1732190400000,0.779893994
1732204800000,0.78657198
1732219200000,0.793911994
1732233600000,0.802672029
1732248000000,0.811224997
1732262400000,0.820818007
1732276800000,0.830106974
1732291200000,0.839133978
1732305600000,0.848508
1732320000000,0.858834028
1732334400000,0.868995011
1732348800000,0.879092991
1732363200000,0.889241993
1732377600000,0.898413002
1732392000000,0.907558024
1732406400000,0.916827023
1732420800000,0.925989985
1732435200000,0.934292972
1732449600000,0.941825986
1732464000000,0.950127006
1732478400000,0.958959997
1732492800000,0.967491984
1732507200000,0.97676897
1732521600000,0.986057997
1732536000000,0.99475503
1732550400000,1.00405395
1732564800000,1.01266694
1732579200000,1.02160704
1732593600000,1.03038597
1732608000000,1.03822005
1732622400000,1.046085
1732636800000,1.05416703
1732651200000,1.06230199
1732665600000,1.07009602
1732680000000,1.078161
1732694400000,1.08653605
1732708800000,1.09562898
1732723200000,1.10453904
1732737600000,1.11347497
1732752000000,1.12225294
1732766400000,1.13099205
1732780800000,1.13965595
1732795200000,1.147789
1732809600000,1.15651703
1732824000000,1.16579401
1732838400000,1.17485201
1732852800000,1.18397295
1732867200000,1.19358897
1732881600000,1.20365906
1732896000000,1.21426201
1732910400000,1.22566998
1732924800000,1.23709905
1732939200000,1.24910903
1732953600000,1.261271
1732968000000,1.27315199
1732982400000,1.28519297
1732996800000,1.297737
1733011200000,1.30947804
1733025600000,1.32107997
1733040000000,1.33230698
1733054400000,1.34359503
1733068800000,1.35666001
1733083200000,1.37177002
1733097600000,1.38747001
1733112000000,1.40323603
1733126400000,1.41741705
1733140800000,1.43550599
1733155200000,1.45391297
1733169600000,1.47143602
1733184000000,1.48870504
1733198400000,1.50390995
1733212800000,1.52057505
1733227200000,1.53461802
1733241600000,1.54972398
1733256000000,1.56417894
1733270400000,1.57926798
1733284800000,1.59466696
1733299200000,1.61042905
1733313600000,1.62502301
1733328000000,1.63781905
1733342400000,1.64970195
1733356800000,1.66109097
1733371200000,1.67318404
1733385600000,1.68641698
1733400000000,1.69904697
1733414400000,1.711061
1733428800000,1.72249997
1733443200000,1.73461902
1733457600000,1.74687397
1733472000000,1.75856197
1733486400000,1.77087104
1733500800000,1.78375196
1733515200000,1.79720199
1733529600000,1.81016195
1733544000000,1.82303798
1733558400000,1.83653903
1733572800000,1.85091603
1733587200000,1.86513197
1733601600000,1.88015199
1733616000000,1.89498794
1733630400000,1.90949905
1733644800000,1.92318499
1733659200000,1.93613505
1733673600000,1.94812
1733688000000,1.960513
1733702400000,1.97056901
1733716800000,1.98058999
1733731200000,1.98996496
1733745600000,1.99912095
1733760000000,2.00755501
1733774400000,2.01421905
1733788800000,2.02026892
1733803200000,2.02678108
1733817600000,2.03421211
1733832000000,2.0399189
1733846400000,2.04640388
1733860800000,2.0554359
1733875200000,2.06459403
1733889600000,2.07439399
1733904000000,2.08419394
1733918400000,2.09433603
1733932800000,2.10463691
1733947200000,2.11378407
1733961600000,2.12303209
1733976000000,2.13306093
1733990400000,2.14240789
1734004800000,2.15244889
1734019200000,2.16144609
1734033600000,2.17057109
1734048000000,2.18075395
1734062400000,2.19045091
1734076800000,2.2000041
1734091200000,2.21001792
1734105600000,2.22056293
1734120000000,2.23068309
1734134400000,2.24099112
1734148800000,2.25090408
1734163200000,2.26035905
1734177600000,2.26969504
1734192000000,2.27899289
1734206400000,2.28835607
1734220800000,2.29785705
1734235200000,2.30750299
1734249600000,2.31698799
1734264000000,2.32571006
1734278400000,2.33424211
1734292800000,2.34281111
1734307200000,2.3503089
1734321600000,2.35724592
1734336000000,2.36346102
1734350400000,2.36918998
1734364800000,2.37575603
1734379200000,2.38146305
1734393600000,2.38734508
1734408000000,2.39391899
1734422400000,2.40180111
1734436800000,2.40823698
1734451200000,2.41532612
1734465600000,2.42224598
1734480000000,2.42834306
1734494400000,2.43441105
1734508800000,2.43894506
1734523200000,2.44068503
1734537600000,2.4407289
1734552000000,2.43938589
1734566400000,2.43972802
1734580800000,2.43650293
1734595200000,2.43310809
1734609600000,2.42912602
1734624000000,2.42365003
1734638400000,2.41971898
1734652800000,2.414469
1734667200000,2.41209006
1734681600000,2.40603399
1734696000000,2.40302896
1734710400000,2.40033007
1734724800000,2.39687204
1734739200000,2.39372993
1734753600000,2.39211202
1734768000000,2.391186
1734782400000,2.39015603
1734796800000,2.38997602
1734811200000,2.38857603
1734825600000,2.38683295
1734840000000,2.38533306
1734854400000,2.38452291
1734868800000,2.38423109
1734883200000,2.38299203
1734897600000,2.38178492
1734912000000,2.38119793
1734926400000,2.37965202
1734940800000,2.37798309
1734955200000,2.37512207
1734969600000,2.37277889
1734984000000,2.37129593
1734998400000,2.36944199
1735012800000,2.36647797
1735027200000,2.36373997
1735041600000,2.36082196
1735056000000,2.35792089
1735070400000,2.35559511
1735084800000,2.35314488
1735099200000,2.35055089
1735113600000,2.34742093
1735128000000,2.34416294
1735142400000,2.34250212
1735156800000,2.34101701
1735171200000,2.33997798
1735185600000,2.33848906
1735200000000,2.33627701
1735214400000,2.33579111
1735228800000,2.33594394
1735243200000,2.33540797
1735257600000,2.33494592
1735272000000,2.33595991
1735286400000,2.3368659
1735300800000,2.33460593
1735315200000,2.33337998
1735329600000,2.3319459
1735344000000,2.32989192
1735358400000,2.32698202
1735372800000,2.32434011
1735387200000,2.32210898
1735401600000,2.31994796
1735416000000,2.317518
1735430400000,2.31527209
1735444800000,2.31304193
1735459200000,2.31133294
1735473600000,2.30958509
1735488000000,2.30749106
1735502400000,2.30526209
1735516800000,2.30291605
1735531200000,2.29957891
1735545600000,2.29612398
1735560000000,2.29211903
1735574400000,2.28850293
1735588800000,2.28418994
1735603200000,2.28007603
1735617600000,2.27635288
1735632000000,2.27314401
1735646400000,2.27040696
1735660800000,2.26716399
1735675200000,2.26399708
1735689600000,2.260777
1735704000000,2.25785303
1735718400000,2.25513101
1735732800000,2.25291991
1735747200000,2.25204206
1735761600000,2.2513051
1735776000000,2.25204897
1735790400000,2.25195909
1735804800000,2.25122309
1735819200000,2.25040603
1735833600000,2.24941802
1735848000000,2.24807906
1735862400000,2.24586511
1735876800000,2.24403596
1735891200000,2.24210501
1735905600000,2.240906
1735920000000,2.24039793
1735934400000,2.23983908
1735948800000,2.23867702
1735963200000,2.23842311
1735977600000,2.23880911
1735992000000,2.23982596
1736006400000,2.24054599
1736020800000,2.24095011
1736035200000,2.24075508
1736049600000,2.24148989
1736064000000,2.24272299
1736078400000,2.24401212
1736092800000,2.24454808
1736107200000,2.24564791
1736121600000,2.25009704
1736136000000,2.25188494
1736150400000,2.25307107
1736164800000,2.25463891
1736179200000,2.255898
1736193600000,2.2565639
1736208000000,2.25755095
1736222400000,2.25925493
1736236800000,2.26105404
1736251200000,2.26179695
1736265600000,2.26221895
1736280000000,2.26263499
1736294400000,2.26322699
1736308800000,2.26389694
1736323200000,2.26526093
1736337600000,2.26632404
1736352000000,2.26729989
1736366400000,2.269243
1736380800000,2.27072096
1736395200000,2.27242708
1736409600000,2.27362609
1736424000000,2.27421498
1736438400000,2.27451396
1736452800000,2.27476311
1736467200000,2.27519298
1736481600000,2.27507806
1736496000000,2.27510595
1736510400000,2.27475405
1736524800000,2.27536106
1736539200000,2.27592111
1736553600000,2.27651405
1736568000000,2.27716303
1736582400000,2.27828598
1736596800000,2.27938509
1736611200000,2.28197408
1736625600000,2.28532505
1736640000000,2.28884101
1736654400000,2.29261088
1736668800000,2.29588294
1736683200000,2.29955292
1736697600000,2.30329204
1736712000000,2.30690002
1736726400000,2.30980611
1736740800000,2.31298494
1736755200000,2.31457901
1736769600000,2.31777596
1736784000000,2.32085204
1736798400000,2.324507
1736812800000,2.32813501
1736827200000,2.33156991
1736841600000,2.33542299
1736856000000,2.33937192
1736870400000,2.34413195
1736884800000,2.34884
1736899200000,2.35538006
1736913600000,2.36233211
1736928000000,2.36850905
1736942400000,2.37728095
1736956800000,2.38572311
1736971200000,2.39646196
1736985600000,2.40609789
1737000000000,2.41677308
1737014400000,2.42771196
1737028800000,2.44020104
1737043200000,2.45348501
1737057600000,2.46559191
1737072000000,2.47791409
1737086400000,2.48965502
1737100800000,2.50171709
1737115200000,2.51287794
1737129600000,2.52416205
1737144000000,2.535851
1737158400000,2.54690194
1737172800000,2.55578995
1737187200000,2.56433702
1737201600000,2.57277989
1737216000000,2.58064604
1737230400000,2.58968306
1737244800000,2.59815407
1737259200000,2.60593796
1737273600000,2.6126039
1737288000000,2.62005901
1737302400000,2.62760592
1737316800000,2.63302898
1737331200000,2.64006209
1737345600000,2.64761305
1737360000000,2.65616989
1737374400000,2.66435909
1737388800000,2.67123008
1737403200000,2.67782688
1737417600000,2.684448
1737432000000,2.69103098
1737446400000,2.69790602
1737460800000,2.704916
1737475200000,2.71301889
1737489600000,2.72075105
1737504000000,2.7290051
1737518400000,2.73705292
1737532800000,2.74558496
1737547200000,2.75322509
1737561600000,2.76135111
1737576000000,2.76921201
1737590400000,2.77676797
1737604800000,2.78370094
1737619200000,2.79030395
1737633600000,2.79744911
1737648000000,2.80419993
1737662400000,2.81111002
1737676800000,2.81810093
1737691200000,2.82664204
1737705600000,2.83579803
1737720000000,2.84474802
1737734400000,2.85296297
1737748800000,2.86110592
1737763200000,2.869174
1737777600000,2.87717795
1737792000000,2.88517094
1737806400000,2.89285588
1737820800000,2.9006269
1737835200000,2.90857697
1737849600000,2.91689491
1737864000000,2.92511511
1737878400000,2.93363404
1737892800000,2.94207501
1737907200000,2.95050597
1737921600000,2.957623
1737936000000,2.96457696
1737950400000,2.96979403
1737964800000,2.97408795
1737979200000,2.9802351
1737993600000,2.98607802
1738008000000,2.99317503
1738022400000,2.99985194
1738036800000,3.00682092
1738051200000,3.01289392
1738065600000,3.01897407
1738080000000,3.02492404
1738094400000,3.03006196
1738108800000,3.0359571
1738123200000,3.04178691
1738137600000,3.04716396
1738152000000,3.05276299
1738166400000,3.05842996
1738180800000,3.06448007
1738195200000,3.07230806
1738209600000,3.07872891
1738224000000,3.085114
1738238400000,3.0910809
1738252800000,3.0970521
1738267200000,3.10317111
1738281600000,3.10835195
1738296000000,3.11334705
1738310400000,3.11769795
1738324800000,3.1220119
1738339200000,3.12401509
1738353600000,3.12577605
1738368000000,3.12856293
1738382400000,3.12915397
1738396800000,3.1296351
1738411200000,3.12793899
1738425600000,3.12691402
1738440000000,3.12477207
1738454400000,3.12112594
1738468800000,3.1168611
1738483200000,3.1112411
1738497600000,3.10689902
1738512000000,3.10049295
1738526400000,3.09326506
1738540800000,3.08284497
1738555200000,3.07512903
1738569600000,3.06647706
1738584000000,3.05904198
1738598400000,3.05409193
1738612800000,3.04992509
1738627200000,3.045398
1738641600000,3.038481
1738656000000,3.03226089
1738670400000,3.02575397
1738684800000,3.01912594
1738699200000,3.0125649
1738713600000,3.00707412
1738728000000,3.00069404
1738742400000,2.99395108
1738756800000,2.989393
1738771200000,2.98263407
1738785600000,2.97441602
1738800000000,2.96536803
1738814400000,2.95703602
1738828800000,2.94999695
1738843200000,2.94208789
1738857600000,2.93400311
1738872000000,2.92655706
1738886400000,2.91897392
1738900800000,2.91064501
1738915200000,2.90281296
1738929600000,2.895854
1738944000000,2.88834596
1738958400000,2.88057804
1738972800000,2.87204289
1738987200000,2.86435199
1739001600000,2.85620594
1739016000000,2.84831405
1739030400000,2.84103894
1739044800000,2.83392406
1739059200000,2.82810593
1739073600000,2.82142901
1739088000000,2.81500506
1739102400000,2.80809498
1739116800000,2.80086589
1739131200000,2.79311895
1739145600000,2.78496599
1739160000000,2.77736211
1739174400000,2.77024102
1739188800000,2.76345301
1739203200000,2.75636101
1739217600000,2.74949908
1739232000000,2.74276209
1739246400000,2.73634791
1739260800000,2.73005199
1739275200000,2.7236681
1739289600000,2.71618605
1739304000000,2.70888996
1739318400000,2.70146203
1739332800000,2.69436598
1739347200000,2.68726707
1739361600000,2.68105412
1739376000000,2.67548299
1739390400000,2.67211199
1739404800000,2.66906095
1739419200000,2.66391206
1739433600000,2.65920401
1739448000000,2.65314198
1739462400000,2.64681292
1739476800000,2.64135909
1739491200000,2.63592291
1739505600000,2.62995195
1739520000000,2.62590909
1739534400000,2.62259412
1739548800000,2.61963201
1739563200000,2.61596107
1739577600000,2.61323309
1739592000000,2.61022305
1739606400000,2.6074791
1739620800000,2.60460091
1739635200000,2.60083008
1739649600000,2.597363
1739664000000,2.59417892
1739678400000,2.59057403
1739692800000,2.58691001
1739707200000,2.58285093
1739721600000,2.57917309
1739736000000,2.575665
1739750400000,2.57179809
1739764800000,2.56735396
1739779200000,2.56376505
1739793600000,2.5598619
1739808000000,2.55594611
1739822400000,2.55224109
1739836800000,2.54890203
1739851200000,2.54481292
1739865600000,2.54117107
1739880000000,2.53780508
1739894400000,2.53459096
1739908800000,2.53140092
1739923200000,2.52906203
1739937600000,2.52652502
1739952000000,2.52599406
1739966400000,2.52627206
1739980800000,2.53030491
1739995200000,2.53338408
1740009600000,2.53672504
1740024000000,2.53807902
1740038400000,2.53742695
1740052800000,2.53714705
1740067200000,2.53702211
1740081600000,2.53904605
1740096000000,2.53958893
1740110400000,2.53998303
1740124800000,2.54060411
1740139200000,2.54146504
1740153600000,2.54165912
1740168000000,2.54231691
1740182400000,2.54256201
1740196800000,2.54340005
1740211200000,2.54494309
1740225600000,2.54705596
1740240000000,2.54871511
1740254400000,2.5500741
1740268800000,2.55113196
1740283200000,2.5539
1740297600000,2.55665708
1740312000000,2.55864692
1740326400000,2.56065202
1740340800000,2.56354594
1740355200000,2.56428289
1740369600000,2.56444812
1740384000000,2.5650599
1740398400000,2.56542492
1740412800000,2.565624
1740427200000,2.56445694
1740441600000,2.56318998
1740456000000,2.56078911
1740470400000,2.55842805
1740484800000,2.55630994
1740499200000,2.5539031
1740513600000,2.55244899
1740528000000,2.55118394
1740542400000,2.54977489
1740556800000,2.54860091
1740571200000,2.54743505
1740585600000,2.54541111
1740600000000,2.54333711
1740614400000,2.54107308
1740628800000,2.53909111
1740643200000,2.53724408
1740657600000,2.53500104
1740672000000,2.53248811
1740686400000,2.52947497
1740700800000,2.52471304
1740715200000,2.52002001
1740729600000,2.51645994
1740744000000,2.51379704
1740758400000,2.51138902
1740772800000,2.50878501
1740787200000,2.50641608
1740801600000,2.50408792
1740816000000,2.50121999
1740830400000,2.49799609
1740844800000,2.49485207
1740859200000,2.49235797
1740873600000,2.49044895
1740888000000,2.48869991
1740902400000,2.48689198
1740916800000,2.48730206
1740931200000,2.49007392
1740945600000,2.49358797
1740960000000,2.49420691
1740974400000,2.4938519
1740988800000,2.49231195
1741003200000,2.49091196
1741017600000,2.48624706
1741032000000,2.48248506
1741046400000,2.4774909
1741060800000,2.47289705
1741075200000,2.46904397
1741089600000,2.46545911
1741104000000,2.46256495
1741118400000,2.45950389
1741132800000,2.4562459
1741147200000,2.45349097
1741161600000,2.45102596
1741176000000,2.44821906
1741190400000,2.44605589
1741204800000,2.44450092
1741219200000,2.44290209
1741233600000,2.44156408
1741248000000,2.44119501
1741262400000,2.44081092
1741276800000,2.44005489
1741291200000,2.44041109
1741305600000,2.43938589
1741320000000,2.43904591
1741334400000,2.43923092
1741348800000,2.43863297
1741363200000,2.43791699
1741377600000,2.4361999
1741392000000,2.43349004
1741406400000,2.43103409
1741420800000,2.42759609
1741435200000,2.42373991
1741449600000,2.42024589
1741464000000,2.41664791
1741478400000,2.41306305
1741492800000,2.4097321
1741507200000,2.40519905
1741521600000,2.40016794
1741536000000,2.39535403
1741550400000,2.39014792
1741564800000,2.38534689
1741579200000,2.38105798
1741593600000,2.37793493
1741608000000,2.373353
1741622400000,2.3683629
1741636800000,2.36272192
1741651200000,2.35726595
1741665600000,2.35229993
1741680000000,2.34795189
1741694400000,2.3435421
1741708800000,2.34007502
1741723200000,2.33586502
1741737600000,2.3318429
1741752000000,2.32848597
1741766400000,2.32508898
1741780800000,2.32133389
1741795200000,2.31879497
1741809600000,2.31624103
1741824000000,2.3137579
1741838400000,2.31177497
1741852800000,2.31058908
1741867200000,2.31069207
1741881600000,2.31023097
1741896000000,2.31124091
1741910400000,2.31226206
1741924800000,2.31313396
1741939200000,2.31366396
1741953600000,2.31402302
1741968000000,2.31445098
1741982400000,2.31514096
1741996800000,2.3165791
1742011200000,2.31774497
1742025600000,2.32018304
1742040000000,2.32245994
1742054400000,2.32444596
1742068800000,2.32612109
1742083200000,2.32754803
1742097600000,2.32936311
1742112000000,2.33044505
1742126400000,2.33141398
1742140800000,2.33415794
1742155200000,2.33709598
1742169600000,2.34032607
1742184000000,2.34222007
1742198400000,2.34412193
1742212800000,2.34611201
1742227200000,2.34786892
1742241600000,2.34957004
1742256000000,2.35081601
1742270400000,2.35220098
1742284800000,2.35313511
1742299200000,2.35358691
1742313600000,2.35367608
1742328000000,2.35379505
1742342400000,2.35400295
1742356800000,2.35094094
1742371200000,2.34559393
1742385600000,2.34174705
1742400000000,2.33867908
1742414400000,2.33725595
1742428800000,2.33576989
1742443200000,2.33442497
1742457600000,2.33586192
1742472000000,2.33637691
1742486400000,2.33775306
1742500800000,2.3389101
1742515200000,2.33954811
1742529600000,2.33959508
1742544000000,2.33853889
1742558400000,2.33772993
1742572800000,2.33736491
1742587200000,2.33669806
1742601600000,2.33579707
1742616000000,2.33533597
1742630400000,2.33430791
1742644800000,2.33309197
1742659200000,2.33176994
1742673600000,2.33035707
1742688000000,2.32813692
1742702400000,2.32588291
1742716800000,2.32409501
1742731200000,2.32223511
1742745600000,2.3215239
1742760000000,2.32084894
1742774400000,2.31997705
1742788800000,2.31938291
1742803200000,2.31915689
1742817600000,2.32004809
1742832000000,2.32126594
1742846400000,2.32213712
1742860800000,2.32311606
1742875200000,2.32382798
1742889600000,2.3247211
1742904000000,2.32583499
1742918400000,2.32720089
1742932800000,2.3283031
1742947200000,2.33014488
1742961600000,2.33294892
1742976000000,2.33589792
1742990400000,2.33855796
1743004800000,2.34056997
1743019200000,2.34221792
1743033600000,2.34386611
1743048000000,2.34632301
1743062400000,2.34899902
1743076800000,2.35218692
1743091200000,2.3551271
1743105600000,2.357584
1743120000000,2.35913396
1743134400000,2.35999393
1743148800000,2.3601799
1743163200000,2.3602531
1743177600000,2.36036706
1743192000000,2.36055207
1743206400000,2.36017299
1743220800000,2.35937095
1743235200000,2.35785198
1743249600000,2.35652709
1743264000000,2.3554399
1743278400000,2.35444808
1743292800000,2.35342407
1743307200000,2.35230303
1743321600000,2.3515501
1743336000000,2.35040593
1743350400000,2.34893298
1743364800000,2.34735703
1743379200000,2.34500098
1743393600000,2.34207797
1743408000000,2.33935404
1743422400000,2.33697009
1743436800000,2.33362794
1743451200000,2.33060193
1743465600000,2.32734108
1743480000000,2.32403588
1743494400000,2.32136297
1743508800000,2.31904507
1743523200000,2.31660604
1743537600000,2.314188
1743552000000,2.31219697
1743566400000,2.310323
1743580800000,2.30851698
1743595200000,2.307302
1743609600000,2.30535197
1743624000000,2.30221105
1743638400000,2.29946494
1743652800000,2.29653192
1743667200000,2.29326701
1743681600000,2.28994012
1743696000000,2.28761697
1743710400000,2.28536391
1743724800000,2.28324509
1743739200000,2.28178
1743753600000,2.27962899
1743768000000,2.27800608
1743782400000,2.27634406
1743796800000,2.27471089
1743811200000,2.27252293
1743825600000,2.26834607
1743840000000,2.26507497
1743854400000,2.26082993
1743868800000,2.25717211
1743883200000,2.25397801
1743897600000,2.25037408
1743912000000,2.24692893
1743926400000,2.24343204
1743940800000,2.2398169
1743955200000,2.23553395
1743969600000,2.23067307
1743984000000,2.22502398
1743998400000,2.21808195
1744012800000,2.21171308
1744027200000,2.20665193
1744041600000,2.20165205
1744056000000,2.19662499
1744070400000,2.19173694
1744084800000,2.18663597
1744099200000,2.18241906
1744113600000,2.17775607
1744128000000,2.17212105
1744142400000,2.16613102
1744156800000,2.15955496
1744171200000,2.15373993
1744185600000,2.14756107
1744200000000,2.14145994
1744214400000,2.13741899
1744228800000,2.13352203
1744243200000,2.12895107
1744257600000,2.12411809
1744272000000,2.11946607
1744286400000,2.11431193
1744300800000,2.10979295
1744315200000,2.10522699
1744329600000,2.10079288
1744344000000,2.09647202
1744358400000,2.09197807
1744372800000,2.08750296
1744387200000,2.08356595
1744401600000,2.07913899
1744416000000,2.07470298
1744430400000,2.07120395
1744444800000,2.06810999
1744459200000,2.0661521
1744473600000,2.06375504
1744488000000,2.06171894
1744502400000,2.05985188
1744516800000,2.05791903
1744531200000,2.0565331
1744545600000,2.05459404
1744560000000,2.05269194
1744574400000,2.05167389
1744588800000,2.0508101
1744603200000,2.05030394
1744617600000,2.050071
1744632000000,2.0491581
1744646400000,2.04892492
1744660800000,2.04897809
1744675200000,2.04965401
1744689600000,2.050102
1744704000000,2.05029702
1744718400000,2.05028892
1744732800000,2.04964304
1744747200000,2.04873109
1744761600000,2.04792404
1744776000000,2.04705501
1744790400000,2.04650903
1744804800000,2.04608488
1744819200000,2.04634309
1744833600000,2.04652309
1744848000000,2.04640007
1744862400000,2.04613805
1744876800000,2.04626393
1744891200000,2.04604101
1744905600000,2.0457139
1744920000000,2.045439
1744934400000,2.04465294
1744948800000,2.04375291
1744963200000,2.04317307
1744977600000,2.04236388
1744992000000,2.04218006
1745006400000,2.04171109
1745020800000,2.04142189
1745035200000,2.04058599
1745049600000,2.03980994
1745064000000,2.04035997
1745078400000,2.04057002
1745092800000,2.04093003
1745107200000,2.04142499
1745121600000,2.042068
1745136000000,2.04196405
1745150400000,2.04181194
1745164800000,2.04212499
1745179200000,2.04200602
1745193600000,2.04263091
1745208000000,2.04267192
1745222400000,2.04257202
1745236800000,2.0424161
1745251200000,2.04211497
1745265600000,2.04160094
1745280000000,2.04082894
1745294400000,2.04053092
1745308800000,2.04033589
1745323200000,2.040447
1745337600000,2.04068899
1745352000000,2.04189491
1745366400000,2.04339409
1745380800000,2.04522491
1745395200000,2.04787898
1745409600000,2.05093789
1745424000000,2.05488396
1745438400000,2.06028199
1745452800000,2.06438303
1745467200000,2.06713891
1745481600000,2.0698061
1745496000000,2.07294106
1745510400000,2.07596111
1745524800000,2.07933903
1745539200000,2.08156395
1745553600000,2.08447194
1745568000000,2.08826089
1745582400000,2.09229708
1745596800000,2.0967629
1745611200000,2.10025692
1745625600000,2.1043489
1745640000000,2.10826302
1745654400000,2.10981297
1745668800000,2.11127496
1745683200000,2.11324501
1745697600000,2.11525393
1745712000000,2.11701298
1745726400000,2.11939812
1745740800000,2.12158203
1745755200000,2.12420702
1745769600000,2.12704301
1745784000000,2.12951589
1745798400000,2.13201094
1745812800000,2.13534689
1745827200000,2.13808799
1745841600000,2.14059901
1745856000000,2.14338207
1745870400000,2.14578009
1745884800000,2.148036
1745899200000,2.14936495
1745913600000,2.15090394
1745928000000,2.15222692
1745942400000,2.15358901
1745956800000,2.1544981
1745971200000,2.15497088
1745985600000,2.15570092
1746000000000,2.15688396
1746014400000,2.15727091
1746028800000,2.15781307
1746043200000,2.15844107
1746057600000,2.15891695
1746072000000,2.1597681
1746086400000,2.16061902
1746100800000,2.16170597
1746115200000,2.1623559
1746129600000,2.16295505
1746144000000,2.16368604
1746158400000,2.16428995
1746172800000,2.16527295
1746187200000,2.16659403
1746201600000,2.16786599
1746216000000,2.16945601
1746230400000,2.17069197
1746244800000,2.17178392
1746259200000,2.17260098
1746273600000,2.17386794
1746288000000,2.175107
1746302400000,2.17606306
1746316800000,2.17701697
1746331200000,2.17845702
1746345600000,2.17969203
1746360000000,2.18098402
1746374400000,2.18218708
1746388800000,2.18305397
1746403200000,2.18372202
1746417600000,2.18490696
1746432000000,2.18552399
1746446400000,2.18605709
1746460800000,2.1866219
1746475200000,2.18703699
1746489600000,2.18740511
1746504000000,2.18762398
1746518400000,2.18768406
1746532800000,2.18791604
1746547200000,2.18844795
1746561600000,2.18930602
1746576000000,2.19035912
1746590400000,2.19128895
1746604800000,2.19190788
1746619200000,2.19238997
1746633600000,2.192415
1746648000000,2.19241595
1746662400000,2.19309092
1746676800000,2.19383407
1746691200000,2.1950469
1746705600000,2.19663405
1746720000000,2.19853997
1746734400000,2.20088911
1746748800000,2.20284104
1746763200000,2.20467901
1746777600000,2.20709109
1746792000000,2.20844412
1746806400000,2.20967197
1746820800000,2.21054506
1746835200000,2.2116189
1746849600000,2.21324706
1746864000000,2.21487188
1746878400000,2.21666908
1746892800000,2.21912193
1746907200000,2.22234607
1746921600000,2.22481394
1746936000000,2.22624111
1746950400000,2.22804403
1746964800000,2.22946191
1746979200000,2.23136401
1746993600000,2.23308492
1747008000000,2.23500991
1747022400000,2.23714805
1747036800000,2.23970604
1747051200000,2.24383307
1747065600000,2.24725389
1747080000000,2.2504971
1747094400000,2.25285506
1747108800000,2.25585198
1747123200000,2.25921392
1747137600000,2.262743
1747152000000,2.26679707
1747166400000,2.27090406
1747180800000,2.27467108
1747195200000,2.27858901
1747209600000,2.28189397
1747224000000,2.28498197
1747238400000,2.2880621
1747252800000,2.29021502
1747267200000,2.29225206
1747281600000,2.29411697
1747296000000,2.29597092
1747310400000,2.29767799
1747324800000,2.29928589
1747339200000,2.3002789
1747353600000,2.30148411
1747368000000,2.30263209
1747382400000,2.30396199
1747396800000,2.30581808
1747411200000,2.30751801
1747425600000,2.30911493
1747440000000,2.31043005
1747454400000,2.31265402
1747468800000,2.31423903
1747483200000,2.31566405
1747497600000,2.31697011
1747512000000,2.3184979
1747526400000,2.31970501
1747540800000,2.3213079
1747555200000,2.32299805
1747569600000,2.32525396
1747584000000,2.32669902
1747598400000,2.32903194
1747612800000,2.33036709
1747627200000,2.33125806
1747641600000,2.332407
1747656000000,2.33380604
1747670400000,2.33567095
1747684800000,2.33744311
1747699200000,2.33938909
1747713600000,2.34075999
1747728000000,2.34228802
1747742400000,2.34383607
1747756800000,2.34540391
1747771200000,2.34685302
1747785600000,2.34854889
1747800000000,2.35006595
1747814400000,2.35183311
1747828800000,2.35427499
1747843200000,2.35670304
1747857600000,2.35889292
1747872000000,2.36164689
1747886400000,2.36455798
1747900800000,2.36746597
1747915200000,2.37049389
1747929600000,2.37353897
1747944000000,2.37686491
1747958400000,2.38070798
1747972800000,2.38386989
1747987200000,2.38613796
1748001600000,2.38820696
1748016000000,2.39013004
1748030400000,2.3916769
1748044800000,2.39358902
1748059200000,2.39568305
1748073600000,2.39807701
1748088000000,2.40033197
1748102400000,2.40196109
1748116800000,2.40337491
1748131200000,2.40451193
1748145600000,2.40515304
1748160000000,2.40533805
1748174400000,2.40493608
1748188800000,2.40504098
1748203200000,2.40506411
1748217600000,2.40453291
1748232000000,2.40452909
1748246400000,2.40430188
1748260800000,2.40418792
1748275200000,2.40363312
1748289600000,2.40283203
1748304000000,2.40198898
1748318400000,2.40102506
1748332800000,2.40002108
1748347200000,2.39867806
1748361600000,2.39801311
1748376000000,2.39763188
1748390400000,2.39689708
1748404800000,2.396384
1748419200000,2.39574909
1748433600000,2.39460397
1748448000000,2.3929081
1748462400000,2.39151096
1748476800000,2.38992095
1748491200000,2.38678598
1748505600000,2.38447595
1748520000000,2.38179302
1748534400000,2.38013911
1748548800000,2.37758398
1748563200000,2.374403
1748577600000,2.37086296
1748592000000,2.36711693
1748606400000,2.36312103
1748620800000,2.3594079
1748635200000,2.3546021
1748649600000,2.34955192
1748664000000,2.34522796
1748678400000,2.34095097
1748692800000,2.33717394
1748707200000,2.33387303
1748721600000,2.33101392
1748736000000,2.3278749
1748750400000,2.32480693
1748764800000,2.32172894
1748779200000,2.31940198
1748793600000,2.31695604
1748808000000,2.3146739
1748822400000,2.31199789
1748836800000,2.30940294
1748851200000,2.30665112
1748865600000,2.30444908
1748880000000,2.30240107
1748894400000,2.30056405
1748908800000,2.29899693
1748923200000,2.29756999
1748937600000,2.29637098
1748952000000,2.2954669
1748966400000,2.29469395
1748980800000,2.29317403
1748995200000,2.29182601
1749009600000,2.28978992
1749024000000,2.28863096
1749038400000,2.28684592
1749052800000,2.28541398
1749067200000,2.28436399
1749081600000,2.28317595
1749096000000,2.28154802
1749110400000,2.27961206
1749124800000,2.27773094
1749139200000,2.27520394
1749153600000,2.27266788
1749168000000,2.27049494
1749182400000,2.26837707
1749196800000,2.2663281
1749211200000,2.26461291
1749225600000,2.26276803
1749240000000,2.2608819
1749254400000,2.25915504
1749268800000,2.25698996
1749283200000,2.25492096
1749297600000,2.25279403
1749312000000,2.25037909
1749326400000,2.24809003
1749340800000,2.24552202
1749355200000,2.24326301
1749369600000,2.24145198
1749384000000,2.23991108
1749398400000,2.23804903
1749412800000,2.23644805
1749427200000,2.23523998
1749441600000,2.23392797
1749456000000,2.23321605
1749470400000,2.23287892
1749484800000,2.23249292
1749499200000,2.23234701
1749513600000,2.23182011
1749528000000,2.23113704
1749542400000,2.23070002
1749556800000,2.23015499
1749571200000,2.22989106
1749585600000,2.22988892
1749600000000,2.22994709
1749614400000,2.23000908
1749628800000,2.23009801
1749643200000,2.22993994
1749657600000,2.22937107
1749672000000,2.22857594
1749686400000,2.22765994
1749700800000,2.226722
1749715200000,2.22585702
1749729600000,2.225034
1749744000000,2.22410893
1749758400000,2.22299099
1749772800000,2.22104311
1749787200000,2.21895599
1749801600000,2.21713996
1749816000000,2.2154479
1749830400000,2.21353889
1749844800000,2.21205306
1749859200000,2.21055794
1749873600000,2.20968008
1749888000000,2.20916891
1749902400000,2.20791793
1749916800000,2.206249
1749931200000,2.20483899
1749945600000,2.20334411
1749960000000,2.20209193
1749974400000,2.20103788
1749988800000,2.20024204
1750003200000,2.19970894
1750017600000,2.19946003
1750032000000,2.1991179
1750046400000,2.19931698
1750060800000,2.19991112
1750075200000,2.20141912
1750089600000,2.20368195
1750104000000,2.20477295
1750118400000,2.20587206
1750132800000,2.20650291
1750147200000,2.20652008
1750161600000,2.20657611
1750176000000,2.20676804
1750190400000,2.2067709
1750204800000,2.20704007
1750219200000,2.20714498
1750233600000,2.20688295
1750248000000,2.20660305
1750262400000,2.20642996
1750276800000,2.20649791
1750291200000,2.20673203
1750305600000,2.20670009
1750320000000,2.20656705
1750334400000,2.20605493
1750348800000,2.20581198
1750363200000,2.20555711
1750377600000,2.20495892
1750392000000,2.20400095
1750406400000,2.20291591
1750420800000,2.20180511
1750435200000,2.20056009
1750449600000,2.19941902
1750464000000,2.19818592
1750478400000,2.19702792
1750492800000,2.19633698
1750507200000,2.19549608
1750521600000,2.19414902
1750536000000,2.19291902
1750550400000,2.19146204
1750564800000,2.19022298
1750579200000,2.18917203
1750593600000,2.18758106
1750608000000,2.18593597
1750622400000,2.1848011
1750636800000,2.18348193
1750651200000,2.18186808
1750665600000,2.18014002
1750680000000,2.17852998
1750694400000,2.17730808
1750708800000,2.17705703
1750723200000,2.17673397
1750737600000,2.17668605
1750752000000,2.17676401
1750766400000,2.17687702
1750780800000,2.17719293
1750795200000,2.17701101
1750809600000,2.1763761
1750824000000,2.17545795
1750838400000,2.17452693
1750852800000,2.17367005
1750867200000,2.17330003
1750881600000,2.17284989
1750896000000,2.17211795
1750910400000,2.17138791
1750924800000,2.17013788
1750939200000,2.16812396
1750953600000,2.16638207
1750968000000,2.16459799
1750982400000,2.16260004
1750996800000,2.16069508
1751011200000,2.15864491
1751025600000,2.15654612
1751040000000,2.15450096
1751054400000,2.1529839
1751068800000,2.15168309
1751083200000,2.15032911
1751097600000,2.14939594
1751112000000,2.14873409
1751126400000,2.14815211
1751140800000,2.14760804
1751155200000,2.14718604
1751169600000,2.14674807
1751184000000,2.14667296
1751198400000,2.14660811
1751212800000,2.14724493
1751227200000,2.14801908
1751241600000,2.14843702
1751256000000,2.14883304
1751270400000,2.14938998
1751284800000,2.14984703
1751299200000,2.15146208
1751313600000,2.152174
1751328000000,2.15278602
1751342400000,2.15353394
1751356800000,2.15430999
1751371200000,2.15479898
1751385600000,2.15484405
1751400000000,2.1550529
1751414400000,2.15532088
1751428800000,2.15559602
1751443200000,2.15572405
1751457600000,2.15618992
1751472000000,2.15711308
1751486400000,2.15742111
1751500800000,2.15738702
1751515200000,2.15728307
1751529600000,2.15688896
1751544000000,2.15694904
1751558400000,2.15717602
1751572800000,2.15738797
1751587200000,2.1579349
1751601600000,2.15834999
1751616000000,2.15890694
1751630400000,2.15946507
1751644800000,2.15989399
1751659200000,2.16047096
1751673600000,2.16131306
1751688000000,2.1620481
1751702400000,2.16285896
1751716800000,2.16337991
1751731200000,2.16385889
1751745600000,2.164469
1751760000000,2.16511297
1751774400000,2.16593409
1751788800000,2.16683698
1751803200000,2.16796303
1751817600000,2.16905999
1751832000000,2.17009997
1751846400000,2.17108607
1751860800000,2.17247796
1751875200000,2.17402697
1751889600000,2.17622304
1751904000000,2.17791605
1751918400000,2.17928195
1751932800000,2.18054008
1751947200000,2.182127
1751961600000,2.18436098
1751976000000,2.18659091
1751990400000,2.18920708
1752004800000,2.19162512
1752019200000,2.19441605
1752033600000,2.19839096
1752048000000,2.202564
1752062400000,2.20621395
1752076800000,2.21023703
1752091200000,2.21404696
1752105600000,2.21824503
1752120000000,2.22262907
1752134400000,2.22658706
1752148800000,2.22954798
1752163200000,2.23304796
1752177600000,2.23674703
1752192000000,2.24067807
1752206400000,2.244596
1752220800000,2.24882197
1752235200000,2.25471997
1752249600000,2.26153588
1752264000000,2.26702905
1752278400000,2.2731061
1752292800000,2.27898598
1752307200000,2.285007
1752321600000,2.28997493
1752336000000,2.29540205
1752350400000,2.30090189
1752364800000,2.30689001
1752379200000,2.31368995
1752393600000,2.32033801
1752408000000,2.32767391
1752422400000,2.33509302
1752436800000,2.34260392
1752451200000,2.35097408
1752465600000,2.35957098
1752480000000,2.36842799
1752494400000,2.37649798
1752508800000,2.38396811
1752523200000,2.39165807
1752537600000,2.39824891
1752552000000,2.40475988
1752566400000,2.41197491
1752580800000,2.41904593
1752595200000,2.42585993
1752609600000,2.43323588
1752624000000,2.44034004
1752638400000,2.447824
1752652800000,2.4554801
1752667200000,2.463202
1752681600000,2.47184801
1752696000000,2.48038197
1752710400000,2.48886895
1752724800000,2.49852395
1752739200000,2.50798202
1752753600000,2.51818395
1752768000000,2.52891397
1752782400000,2.54152799
1752796800000,2.55560493
1752811200000,2.5683341
1752825600000,2.58168697
1752840000000,2.59374309
1752854400000,2.60625005
1752868800000,2.61848593
1752883200000,2.63123608
1752897600000,2.64379501
1752912000000,2.65509701
1752926400000,2.6668849
1752940800000,2.67881393
1752955200000,2.69029307
1752969600000,2.70170403
1752984000000,2.71372008
1752998400000,2.72602201
1753012800000,2.738657
1753027200000,2.7514441
1753041600000,2.76378608
1753056000000,2.77620697
1753070400000,2.78977704
1753084800000,2.80304694
1753099200000,2.81692696
1753113600000,2.83016396
1753128000000,2.84343696
1753142400000,2.8562541
1753156800000,2.86880493
1753171200000,2.88187599
1753185600000,2.89482689
1753200000000,2.90788507
1753214400000,2.92114997
1753228800000,2.93349004
1753243200000,2.94542098
1753257600000,2.95730591
1753272000000,2.967834
1753286400000,2.97698212
1753300800000,2.98610902
1753315200000,2.99520111
1753329600000,3.002563
1753344000000,3.01125693
1753358400000,3.0208149
1753372800000,3.03028107
1753387200000,3.03898311
1753401600000,3.04674292
1753416000000,3.05462193
1753430400000,3.06276107
1753444800000,3.07002902
1753459200000,3.07769608
1753473600000,3.085814
1753488000000,3.09344506
1753502400000,3.10119295
1753516800000,3.10885811
1753531200000,3.1167531
1753545600000,3.12446308
1753560000000,3.13175702
1753574400000,3.13923001
1753588800000,3.14658809
1753603200000,3.15338397
1753617600000,3.15977001
1753632000000,3.16609812
1753646400000,3.17269897
1753660800000,3.17911291
1753675200000,3.18407106
1753689600000,3.18792605
1753704000000,3.19217205
1753718400000,3.19574809
1753732800000,3.19928098
1753747200000,3.20260596
1753761600000,3.20753407
1753776000000,3.211514
1753790400000,3.21510196
1753804800000,3.21861005
1753819200000,3.22189212
1753833600000,3.22537804
1753848000000,3.22818494
1753862400000,3.23022604
1753876800000,3.23329806
1753891200000,3.23499107
1753905600000,3.23638892
1753920000000,3.2379961
1753934400000,3.2400589
1753948800000,3.24226904
1753963200000,3.24367309
1753977600000,3.24572706
1753992000000,3.24739504
1754006400000,3.24829698
1754020800000,3.24892902
1754035200000,3.24998498
1754049600000,3.25120211
1754064000000,3.25227809
1754078400000,3.25256705
1754092800000,3.2528491
1754107200000,3.25298309
1754121600000,3.25177789
1754136000000,3.24967194
1754150400000,3.24720192
1754164800000,3.24331093
1754179200000,3.23900104
1754193600000,3.23508
1754208000000,3.23066401
1754222400000,3.224751
1754236800000,3.21781111
1754251200000,3.21267104
1754265600000,3.20773101
1754280000000,3.20406699
1754294400000,3.19962311
1754308800000,3.19577193
1754323200000,3.19173694
1754337600000,3.18776989
1754352000000,3.18420506
1754366400000,3.18011904
1754380800000,3.17640591
1754395200000,3.17184305
1754409600000,3.16692805
1754424000000,3.16209102
1754438400000,3.15621305
1754452800000,3.15056801
1754467200000,3.14475489
1754481600000,3.14023495
1754496000000,3.13553596
1754510400000,3.12972498
1754524800000,3.12402511
1754539200000,3.117939
1754553600000,3.11324
1754568000000,3.10834289
1754582400000,3.10432291
1754596800000,3.1027379
1754611200000,3.10128188
1754625600000,3.09971309
1754640000000,3.09785509
1754654400000,3.09452891
1754668800000,3.09295106
1754683200000,3.09110808
1754697600000,3.08949304
1754712000000,3.08947301
1754726400000,3.09071302
1754740800000,3.09158802
1754755200000,3.09231496
1754769600000,3.09381604
1754784000000,3.09471202
1754798400000,3.09432006
1754812800000,3.09414291
1754827200000,3.09454012
1754841600000,3.09591389
1754856000000,3.09704089
1754870400000,3.09834504
1754884800000,3.10041809
1754899200000,3.101861
1754913600000,3.10250998
1754928000000,3.10254788
1754942400000,3.10227609
1754956800000,3.10188603
1754971200000,3.10150409
1754985600000,3.10108399
1755000000000,3.1015451
1755014400000,3.10243392
1755028800000,3.10321903
1755043200000,3.10384488
1755057600000,3.10438991
1755072000000,3.105165
1755086400000,3.10534
1755100800000,3.10542107
1755115200000,3.1054399
1755129600000,3.10628009
1755144000000,3.10726309
1755158400000,3.10785198
1755172800000,3.10757589
1755187200000,3.10685396
1755201600000,3.10589194
1755216000000,3.10569501
1755230400000,3.10588193
1755244800000,3.1057899
1755259200000,3.104774
1755273600000,3.10404205
1755288000000,3.10362601
1755302400000,3.10419989
1755316800000,3.10400105
1755331200000,3.10408306
1755345600000,3.1041441
1755360000000,3.10373712
1755374400000,3.10323
1755388800000,3.10289693
1755403200000,3.10306907
1755417600000,3.10377908
1755432000000,3.10500503
1755446400000,3.10591698
1755460800000,3.10722995
1755475200000,3.10741091
1755489600000,3.10660911
1755504000000,3.106107
1755518400000,3.10664797
1755532800000,3.10763907
1755547200000,3.10833907
1755561600000,3.10884309
1755576000000,3.11058497
1755590400000,3.11294603
1755604800000,3.11454391
1755619200000,3.11495399
1755633600000,3.11491203
1755648000000,3.11508799
1755662400000,3.11481595
1755676800000,3.11454892
1755691200000,3.11412311
1755705600000,3.11402702
1755720000000,3.11342692
1755734400000,3.11280203
1755748800000,3.11158395
1755763200000,3.11012006
1755777600000,3.10827208
1755792000000,3.10657001
1755806400000,3.10504293
1755820800000,3.10272908
1755835200000,3.10161209
1755849600000,3.10019708
1755864000000,3.10074401
1755878400000,3.10233307
1755892800000,3.10351801
1755907200000,3.1039989
1755921600000,3.10459805
1755936000000,3.10493588
1755950400000,3.10522294
1755964800000,3.10584688
1755979200000,3.10633612
1755993600000,3.1060729
1756008000000,3.10581303
1756022400000,3.10488892
1756036800000,3.10184503
1756051200000,3.09844303
1756065600000,3.09515309
1756080000000,3.09201407
1756094400000,3.08918905
1756108800000,3.08523512
1756123200000,3.08190799
1756137600000,3.07775211
1756152000000,3.0731101
1756166400000,3.068856
1756180800000,3.06529403
1756195200000,3.06165195
1756209600000,3.05871892
1756224000000,3.056741
1756238400000,3.05499601
1756252800000,3.053123
1756267200000,3.05120611
1756281600000,3.049119
1756296000000,3.04741192
1756310400000,3.04481006
1756324800000,3.04205298
1756339200000,3.03972697
1756353600000,3.037678
1756368000000,3.0362699
1756382400000,3.03478789
1756396800000,3.03274012
1756411200000,3.03084707
1756425600000,3.02873111
1756440000000,3.02530408
1756454400000,3.02117491
1756468800000,3.01682997
1756483200000,3.01253605
1756497600000,3.00831795
1756512000000,3.00357103
1756526400000,2.99930906
1756540800000,2.99460793
1756555200000,2.98990607
1756569600000,2.98471403
1756584000000,2.98031497
1756598400000,2.9766469
1756612800000,2.9739871
1756627200000,2.97154808
1756641600000,2.96898103
1756656000000,2.96581507
1756670400000,2.96240091
1756684800000,2.95870805
1756699200000,2.95637989
1756713600000,2.95342803
1756728000000,2.95026803
1756742400000,2.9469099
1756756800000,2.943259
1756771200000,2.94018602
1756785600000,2.93709493
1756800000000,2.93409204
1756814400000,2.93095207
1756828800000,2.92802811
1756843200000,2.92547393
1756857600000,2.92260504
1756872000000,2.91936803
1756886400000,2.91704297
1756900800000,2.91489196
1756915200000,2.91364908
1756929600000,2.91245198
1756944000000,2.91125703
1756958400000,2.90935493
1756972800000,2.90695
1756987200000,2.90442896
1757001600000,2.90236807
1757016000000,2.90027094
1757030400000,2.89818692
1757044800000,2.89733601
1757059200000,2.897017
1757073600000,2.89655995
1757088000000,2.89634204
1757102400000,2.89581203
1757116800000,2.89519
1757131200000,2.89434695
1757145600000,2.89251494
1757160000000,2.89101911
1757174400000,2.88966298
1757188800000,2.88867092
1757203200000,2.88786793
1757217600000,2.88731003
1757232000000,2.88694096
1757246400000,2.8874259
1757260800000,2.88772511
1757275200000,2.88789892
1757289600000,2.88873506
1757304000000,2.887676
1757318400000,2.88630509
1757332800000,2.88541889
1757347200000,2.88527298
1757361600000,2.88434005
1757376000000,2.88339806
1757390400000,2.88340998
1757404800000,2.88315797
1757419200000,2.88213396
1757433600000,2.8812499
1757448000000,2.88035488
1757462400000,2.87989092
1757476800000,2.87955594
1757491200000,2.87890506
1757505600000,2.87867093
1757520000000,2.878232
1757534400000,2.87867594
1757548800000,2.87934089
1757563200000,2.87983894
1757577600000,2.88115811
1757592000000,2.88252807
1757606400000,2.88393998
1757620800000,2.88517094
1757635200000,2.88653588
1757649600000,2.88788295
1757664000000,2.88767099
1757678400000,2.88782501
1757692800000,2.88868308
1757707200000,2.88981104
1757721600000,2.89097404
1757736000000,2.89198589
1757750400000,2.89366794
1757764800000,2.895329
1757779200000,2.8966229
1757793600000,2.89778209
1757808000000,2.89865494
1757822400000,2.8996861
1757836800000,2.90084291
1757851200000,2.90149689
1757865600000,2.9024961
1757880000000,2.90407801
1757894400000,2.90579605
1757908800000,2.90768695
1757923200000,2.90953994
1757937600000,2.9116199
1757952000000,2.91336799
1757966400000,2.91501904
1757980800000,2.91671395
1757995200000,2.91872501
1758009600000,2.92091107
1758024000000,2.92312503
1758038400000,2.92511392
1758052800000,2.92719889
1758067200000,2.92912602
1758081600000,2.931247
1758096000000,2.93332911
1758110400000,2.93579507
1758124800000,2.93869805
1758139200000,2.94160604
1758153600000,2.94497299
1758168000000,2.9482801
1758182400000,2.95192909
1758196800000,2.955477
1758211200000,2.95856404
1758225600000,2.96135211
1758240000000,2.96383309
1758254400000,2.96630907
1758268800000,2.96834207
1758283200000,2.96982908
1758297600000,2.97127509
1758312000000,2.97296906
1758326400000,2.97431993
1758340800000,2.97568798
1758355200000,2.97693706
1758369600000,2.97839403
1758384000000,2.97969699
1758398400000,2.98119807
1758412800000,2.98276496
1758427200000,2.98463511
1758441600000,2.98654294
1758456000000,2.98839402
1758470400000,2.99013805
1758484800000,2.99139595
1758499200000,2.9919889
1758513600000,2.99189901
1758528000000,2.99140692
1758542400000,2.99185491
1758556800000,2.99191403
1758571200000,2.99223089
1758585600000,2.992769
1758600000000,2.99338889
1758614400000,2.99402404
1758628800000,2.99469304
1758643200000,2.99500203
1758657600000,2.9949379
1758672000000,2.99476004
1758686400000,2.99449706
1758700800000,2.99467611
1758715200000,2.99530411
1758729600000,2.99618602
1758744000000,2.99633288
1758758400000,2.99569798
1758772800000,2.99425507
1758787200000,2.99260998
1758801600000,2.9912169
1758816000000,2.98931408
1758830400000,2.98653698
1758844800000,2.98409605
1758859200000,2.98218012
1758873600000,2.97980499
1758888000000,2.97768807
1758902400000,2.97598004
1758916800000,2.97399807
1758931200000,2.97212291
1758945600000,2.96989989
1758960000000,2.96788907
1758974400000,2.96588993
1758988800000,2.96368504
1759003200000,2.9616909
1759017600000,2.95943594
1759032000000,2.95736408
1759046400000,2.95486808
1759060800000,2.95257998
1759075200000,2.95047998
1759089600000,2.94848609
1759104000000,2.94672704
1759118400000,2.94531798
1759132800000,2.94296694
1759147200000,2.94083405
1759161600000,2.9386611
1759176000000,2.93628097
1759190400000,2.93330097
1759204800000,2.93069196
1759219200000,2.92803597
1759233600000,2.92511606
1759248000000,2.92279792
1759262400000,2.92042089
1759276800000,2.91801691
1759291200000,2.91623998
1759305600000,2.91530204
1759320000000,2.91443706
1759334400000,2.91350794
1759348800000,2.91276312
1759363200000,2.91250396
1759377600000,2.91193604
1759392000000,2.91178799
1759406400000,2.91175008
1759420800000,2.91286898
1759435200000,2.91317797
1759449600000,2.9130981
1759464000000,2.91304994
1759478400000,2.91292
1759492800000,2.91323209
1759507200000,2.91341591
1759521600000,2.91348791
1759536000000,2.91364789
1759550400000,2.91361594
1759564800000,2.91321206
1759579200000,2.91187906
1759593600000,2.91033292
1759608000000,2.9090991
1759622400000,2.90780592
1759636800000,2.90732503
1759651200000,2.90648794
1759665600000,2.90589404
1759680000000,2.90496492
1759694400000,2.90428805
1759708800000,2.90377593
1759723200000,2.90341496
1759737600000,2.90352011
1759752000000,2.90393591
1759766400000,2.90427804
1759780800000,2.90408611
1759795200000,2.90405893
1759809600000,2.90389109
1759824000000,2.90384698
1759838400000,2.9029429
1759852800000,2.90152907
1759867200000,2.90007401
1759881600000,2.89878201
1759896000000,2.89756107
1759910400000,2.89650607
1759924800000,2.89546394
1759939200000,2.89551997
1759953600000,2.89626408
1759968000000,2.89655304
1759982400000,2.89613104
1759996800000,2.896065
1760011200000,2.89556503
1760025600000,2.89485788
1760040000000,2.894243
1760054400000,2.89379501
1760068800000,2.89306593
1760083200000,2.89272594
1760097600000,2.89189696
1760112000000,2.89052105
1760126400000,2.88551307
1760140800000,2.88067102
1760155200000,2.87538409
1760169600000,2.87038708
1760184000000,2.86591506
1760198400000,2.86127996
1760212800000,2.85667896
1760227200000,2.85194302
1760241600000,2.84753108
1760256000000,2.84390092
1760270400000,2.84135509
1760284800000,2.8392179
1760299200000,2.83695102
1760313600000,2.83518696
1760328000000,2.83404994
1760342400000,2.83182096
1760356800000,2.82985902
1760371200000,2.82827592
1760385600000,2.82651496
1760400000000,2.82433796
1760414400000,2.82102299
1760428800000,2.81764793
1760443200000,2.81457806
1760457600000,2.8115871
1760472000000,2.80874205
1760486400000,2.80585909
1760500800000,2.80281401
1760515200000,2.79946494
1760529600000,2.7951231
1760544000000,2.79054403
1760558400000,2.78578305
1760572800000,2.78141403
1760587200000,2.77658105
1760601600000,2.77212405
1760616000000,2.76687598
1760630400000,2.76138806
1760644800000,2.75592589
1760659200000,2.75105
1760673600000,2.74516296
1760688000000,2.7393539
1760702400000,2.73389792
1760716800000,2.72867894
1760731200000,2.72307611
1760745600000,2.71701503
1760760000000,2.7111361
1760774400000,2.70536804
1760788800000,2.69936395
1760803200000,2.69330692
1760817600000,2.68719697
1760832000000,2.68115497
1760846400000,2.67470598
1760860800000,2.66754699
1760875200000,2.66116905
1760889600000,2.65494704
1760904000000,2.64850998
1760918400000,2.64246297
1760932800000,2.63647699
1760947200000,2.63070011
1760961600000,2.62490892
1760976000000,2.61990309
1760990400000,2.61465693
1761004800000,2.6092701
1761019200000,2.60401797
1761033600000,2.59881496
1761048000000,2.5943439
1761062400000,2.58918905
1761076800000,2.5827539
1761091200000,2.57672691
1761105600000,2.570683
1761120000000,2.565099
1761134400000,2.55939698
1761148800000,2.55336595
1761163200000,2.54726291
1761177600000,2.54109001
1761192000000,2.53485298
1761206400000,2.5285089
1761220800000,2.52269912
1761235200000,2.51689792
1761249600000,2.51111889
1761264000000,2.50548196
1761278400000,2.50104499
1761292800000,2.49703693
1761307200000,2.49331093
1761321600000,2.48985696
1761336000000,2.48639297
1761350400000,2.48303199
1761364800000,2.47979498
1761379200000,2.47634506
1761393600000,2.47352195
1761408000000,2.47112989
1761422400000,2.46891999
1761436800000,2.4666779
1761451200000,2.46489596
1761465600000,2.46347189
1761480000000,2.46185708
1761494400000,2.45987701
1761508800000,2.45830297
1761523200000,2.45647001
1761537600000,2.45535898
1761552000000,2.45486307
1761566400000,2.45775008
1761580800000,2.46048689
1761595200000,2.46271205
1761609600000,2.46425104
1761624000000,2.46584797
1761638400000,2.46816707
1761652800000,2.47070289
1761667200000,2.47371101
1761681600000,2.47584701
1761696000000,2.47796106
1761710400000,2.47941709
1761724800000,2.48044801
1761739200000,2.4814291
1761753600000,2.48179293
1761768000000,2.48107505
1761782400000,2.48117399
1761796800000,2.4811399
1761811200000,2.4803319
1761825600000,2.47881794
1761840000000,2.47707391
1761854400000,2.47694397
1761868800000,2.47713399
1761883200000,2.47691488
1761897600000,2.47722006
1761912000000,2.47742605
1761926400000,2.47798395
1761940800000,2.47800994
1761955200000,2.47824311
1761969600000,2.4789691
1761984000000,2.47991705
1761998400000,2.48082399
1762012800000,2.4817059
1762027200000,2.48266292
1762041600000,2.4832139
1762056000000,2.48500991
1762070400000,2.48715806
1762084800000,2.4888761
1762099200000,2.49017191
1762113600000,2.49304605
1762128000000,2.49450898
1762142400000,2.49563193
1762156800000,2.49668097
1762171200000,2.49701905
1762185600000,2.49688005
1762200000000,2.49643207
1762214400000,2.49620891
1762228800000,2.4951601
1762243200000,2.49429703
1762257600000,2.49353099
1762272000000,2.49154401
1762286400000,2.49011588
1762300800000,2.48873901
1762315200000,2.48718905
1762329600000,2.48556709
1762344000000,2.48442507
1762358400000,2.48331094
1762372800000,2.48203897
1762387200000,2.48105597
1762401600000,2.47968602
1762416000000,2.47744799
1762430400000,2.47484112
1762444800000,2.47242093
1762459200000,2.47028899
1762473600000,2.46826291
1762488000000,2.46537209
1762502400000,2.46231604
1762516800000,2.46022391
1762531200000,2.4595449
1762545600000,2.45861197
1762560000000,2.4578371
1762574400000,2.45705891
1762588800000,2.45625901
1762603200000,2.45517612
1762617600000,2.45411301
1762632000000,2.45289803
1762646400000,2.45152307
1762660800000,2.45039606
1762675200000,2.44907808
1762689600000,2.44827294
1762704000000,2.44769597
1762718400000,2.44695306
1762732800000,2.44701505
1762747200000,2.44703603
1762761600000,2.44744706
1762776000000,2.447644
1762790400000,2.44773197
1762804800000,2.44757009
1762819200000,2.4472301
1762833600000,2.44572806
1762848000000,2.44427609
1762862400000,2.44268489
1762876800000,2.44082189
1762891200000,2.43849611
1762905600000,2.43602109
1762920000000,2.43334699
1762934400000,2.43158007
1762948800000,2.42880297
1762963200000,2.42582297
1762977600000,2.42339492
1762992000000,2.42196798
1763006400000,2.42022991
1763020800000,2.41848993
1763035200000,2.41649008
1763049600000,2.41332889
1763064000000,2.41017008
1763078400000,2.4069109
1763092800000,2.40363097
1763107200000,2.39989591
1763121600000,2.39698911
1763136000000,2.39402795
1763150400000,2.39012599
1763164800000,2.38657594
1763179200000,2.38316607
1763193600000,2.37987399
1763208000000,2.37692499
1763222400000,2.37370205
1763236800000,2.37023711
1763251200000,2.36729908
1763265600000,2.36543393
1763280000000,2.36393404
1763294400000,2.361413
1763308800000,2.35887504
1763323200000,2.35627103
1763337600000,2.35370898
1763352000000,2.35111904
1763366400000,2.34840703
1763380800000,2.34540391
1763395200000,2.34151506
1763409600000,2.33808994
1763424000000,2.33473706
1763438400000,2.33133698
1763452800000,2.32811594
1763467200000,2.32519889
1763481600000,2.32241511
1763496000000,2.31924391
1763510400000,2.31568098
1763524800000,2.31236506
1763539200000,2.30879688
1763553600000,2.304389
1763568000000,2.30047107
1763582400000,2.29743195
1763596800000,2.29475689
1763611200000,2.29289007
1763625600000,2.29081011
1763640000000,2.28857303
1763654400000,2.28508711
1763668800000,2.2826519
1763683200000,2.27964211
1763697600000,2.27600908
1763712000000,2.27307296
1763726400000,2.27013493
1763740800000,2.26724601
1763755200000,2.26429892
1763769600000,2.26142192
1763784000000,2.25818801
1763798400000,2.25413895
1763812800000,2.25000405
1763827200000,2.24569106
1763841600000,2.24194193
1763856000000,2.23924398
1763870400000,2.23716903
1763884800000,2.23536801
1763899200000,2.23386908
1763913600000,2.23232508
1763928000000,2.23048091
1763942400000,2.22947097
1763956800000,2.22797704
1763971200000,2.2250371
1763985600000,2.22277999
1764000000000,2.22193789
1764014400000,2.22099304
1764028800000,2.22046304
1764043200000,2.22006798
1764057600000,2.21929693
1764072000000,2.21831989
1764086400000,2.21749997
1764100800000,2.21656704
1764115200000,2.21558595
1764129600000,2.214499
1764144000000,2.21272397
1764158400000,2.21078491
1764172800000,2.20849395
1764187200000,2.20591402
1764201600000,2.20259404
1764216000000,2.19933391
1764230400000,2.19573808
1764244800000,2.19250607
1764259200000,2.18944311
1764273600000,2.18696904
1764288000000,2.18422508
1764302400000,2.18182707
1764316800000,2.1796329
1764331200000,2.17817712
1764345600000,2.17605996
1764360000000,2.174119
1764374400000,2.1715939
1764388800000,2.16970992
1764403200000,2.16845107
1764417600000,2.16675901
1764432000000,2.16386104
1764446400000,2.16099191
1764460800000,2.15809894
1764475200000,2.1557529
1764489600000,2.15448499
1764504000000,2.15322995
1764518400000,2.15207291
1764532800000,2.15054893
1764547200000,2.14836311
1764561600000,2.14580107
1764576000000,2.14301991
1764590400000,2.1406579
1764604800000,2.13765693
1764619200000,2.13509703
1764633600000,2.132725
1764648000000,2.13035107
1764662400000,2.12815309
1764676800000,2.12733412
1764691200000,2.12657595
1764705600000,2.12544298
1764720000000,2.12485194
1764734400000,2.12490106
1764748800000,2.12450004
1764763200000,2.1240449
1764777600000,2.12333393
1764792000000,2.12265992
1764806400000,2.12188411
1764820800000,2.121521
1764835200000,2.1217649
1764849600000,2.12165689
1764864000000,2.12097692
1764878400000,2.12032199
1764892800000,2.11939001
1764907200000,2.11818194
1764921600000,2.11658192
1764936000000,2.11516595
1764950400000,2.11368895
1764964800000,2.11235309
1764979200000,2.11142612
1764993600000,2.11087108
1765008000000,2.11081696
1765022400000,2.11001706
1765036800000,2.1089251
1765051200000,2.10782599
1765065600000,2.10734391
1765080000000,2.10679793
1765094400000,2.1070559
1765108800000,2.10757804
1765123200000,2.10865688
1765137600000,2.1098969
1765152000000,2.11185408
1765166400000,2.11360598
1765180800000,2.115031
1765195200000,2.11628008
1765209600000,2.11757207
1765224000000,2.11876297
1765238400000,2.12028909
1765252800000,2.12160993
1765267200000,2.12302399
1765281600000,2.12467694
1765296000000,2.1257081
1765310400000,2.126508
1765324800000,2.12703109
1765339200000,2.12724495
1765353600000,2.1272161
1765368000000,2.12734103
1765382400000,2.12715912
1765396800000,2.12694192
1765411200000,2.12634706
1765425600000,2.12550902
1765440000000,2.12324095
1765454400000,2.12093091
1765468800000,2.11861801
1765483200000,2.11679602
1765497600000,2.11515594
1765512000000,2.11364198
1765526400000,2.11234808
1765540800000,2.1101079
1765555200000,2.10837507
1765569600000,2.10639405
1765584000000,2.10490608
1765598400000,2.10346889
1765612800000,2.1014781
1765627200000,2.09954906
1765641600000,2.09764504
1765656000000,2.095824
1765670400000,2.09417295
1765684800000,2.09233999
1765699200000,2.09011412
1765713600000,2.088027
1765728000000,2.08605194
1765742400000,2.08386588
1765756800000,2.08185601
1765771200000,2.07934809
1765785600000,2.0773561
1765800000000,2.07481503
1765814400000,2.07191992
1765828800000,2.0691011
1765843200000,2.06571388
1765857600000,2.06228805
1765872000000,2.05955911
1765886400000,2.05695701
1765900800000,2.05415797
1765915200000,2.05146194
1765929600000,2.04883409
1765944000000,2.04610395
1765958400000,2.04324389
1765972800000,2.04080701
1765987200000,2.03895307
1766001600000,2.03701591
1766016000000,2.03523302
1766030400000,2.03357291
1766044800000,2.03240705
1766059200000,2.03131509
1766073600000,2.02917194
1766088000000,2.02707696
1766102400000,2.02511311
1766116800000,2.02223611
1766131200000,2.01919699
1766145600000,2.01642108
1766160000000,2.01373792
1766174400000,2.01091194
1766188800000,2.00818706
1766203200000,2.00563502
1766217600000,2.00320792
1766232000000,2.00044894
1766246400000,1.99775195
1766260800000,1.99536002
1766275200000,1.99314702
1766289600000,1.99087
1766304000000,1.98923898
1766318400000,1.98732603
1766332800000,1.98559594
1766347200000,1.98389006
1766361600000,1.982409
1766376000000,1.98092496
1766390400000,1.97990501
1766404800000,1.97890496
1766419200000,1.97753894
1766433600000,1.97628498
1766448000000,1.97489202
1766462400000,1.97340798
1766476800000,1.97220695
1766491200000,1.97071505
1766505600000,1.96886098
1766520000000,1.96728694
1766534400000,1.96556997
1766548800000,1.96359396
1766563200000,1.96140695
1766577600000,1.95960796
1766592000000,1.95750999
1766606400000,1.95527196
1766620800000,1.95306802
1766635200000,1.95105302
1766649600000,1.94886696
1766664000000,1.94697797
1766678400000,1.94501305
1766692800000,1.94272494
1766707200000,1.94068301
1766721600000,1.93816602
1766736000000,1.93554795
1766750400000,1.93286097
1766764800000,1.93049002
1766779200000,1.92808604
1766793600000,1.92588902
1766808000000,1.92375505
1766822400000,1.92158794
1766836800000,1.91966903
1766851200000,1.91823804
1766865600000,1.91690803
1766880000000,1.91558003
1766894400000,1.91434801
1766908800000,1.91295695
1766923200000,1.91131699
1766937600000,1.90957105
1766952000000,1.90785301
1766966400000,1.90657902
1766980800000,1.90581203
1766995200000,1.90449798
1767009600000,1.90307605
1767024000000,1.90138304
1767038400000,1.89960206
1767052800000,1.89787304
1767067200000,1.89617896
1767081600000,1.89460695
1767096000000,1.89315796
1767110400000,1.89168298
1767124800000,1.89026797
1767139200000,1.88897896
1767153600000,1.88779604
1767168000000,1.88670301
1767182400000,1.88551295
1767196800000,1.88384902
1767211200000,1.88232505
1767225600000,1.88079202
1767240000000,1.87996304
1767254400000,1.87955797
1767268800000,1.87920702
1767283200000,1.87922001
1767297600000,1.87926197
1767312000000,1.87894297
1767326400000,1.87825596
1767340800000,1.87790596
1767355200000,1.87779701
1767369600000,1.87846899
1767384000000,1.87930799
1767398400000,1.88057804
1767412800000,1.88140905
1767427200000,1.88275504
1767441600000,1.88419294
1767456000000,1.88570702
1767470400000,1.88747394
1767484800000,1.88926804
1767499200000,1.89078903
1767513600000,1.89367402
1767528000000,1.89650404
1767542400000,1.89894903
1767556800000,1.90118003
1767571200000,1.90390396
1767585600000,1.90648305
1767600000000,1.90873897
1767614400000,1.91129899
1767628800000,1.91504204
1767643200000,1.91938305
1767657600000,1.92380702
1767672000000,1.92790103
1767686400000,1.93242002
1767700800000,1.93657601
1767715200000,1.93955696
1767729600000,1.94334304
1767744000000,1.94667196
1767758400000,1.95042598
1767772800000,1.95375001
1767787200000,1.95648098
1767801600000,1.95921302
1767816000000,1.96159303
1767830400000,1.96373701
1767844800000,1.96558797
1767859200000,1.96748996
1767873600000,1.96970606
1767888000000,1.97213697
1767902400000,1.97455394
1767916800000,1.97686005
1767931200000,1.97924495
1767945600000,1.98144603
1767960000000,1.98388803
1767974400000,1.98610198
1767988800000,1.98851502
1768003200000,1.99073303
1768017600000,1.99310195
1768032000000,1.99551105
1768046400000,1.99781203
1768060800000,2.00005507
1768075200000,2.00221801
1768089600000,2.00458097
1768104000000,2.006675
1768118400000,2.00890589
1768132800000,2.01147389
1768147200000,2.01369309
1768161600000,2.01579309
1768176000000,2.0179081
1768190400000,2.02006602
1768204800000,2.02208805
1768219200000,2.02459002
1768233600000,2.02676797
1768248000000,2.0288229
1768262400000,2.03081107
1768276800000,2.03285193
1768291200000,2.0349021
1768305600000,2.0371511
1768320000000,2.03979897
1768334400000,2.04271507
1768348800000,2.04583192
1768363200000,2.04861808
1768377600000,2.05120397
1768392000000,2.05411696
1768406400000,2.056427
1768420800000,2.05880499
1768435200000,2.06096792
1768449600000,2.06332994
1768464000000,2.06591392
1768478400000,2.0683639
1768492800000,2.07041097
1768507200000,2.07259107
1768521600000,2.0746181
1768536000000,2.07657409
1768550400000,2.07846093
1768564800000,2.08000994
1768579200000,2.08183908
1768593600000,2.08379006
1768608000000,2.08556294
1768622400000,2.08755398
1768636800000,2.08988404
1768651200000,2.09227896
1768665600000,2.0946691
1768680000000,2.09688306
1768694400000,2.0989151
1768708800000,2.10081005
1768723200000,2.10261798
1768737600000,2.10432506
1768752000000,2.10597301
1768766400000,2.10716701
1768780800000,2.10792398
1768795200000,2.10837102
1768809600000,2.10817599
1768824000000,2.10791612
1768838400000,2.10764694
1768852800000,2.10756612
1768867200000,2.10719395
1768881600000,2.10662389
1768896000000,2.10584211
1768910400000,2.10483694
1768924800000,2.10328889
1768939200000,2.10146308
1768953600000,2.0995419
1768968000000,2.09773588
1768982400000,2.095788
1768996800000,2.09446311
1769011200000,2.09276891
1769025600000,2.0909071
1769040000000,2.08904791
1769054400000,2.08687401
1769068800000,2.08352709
1769083200000,2.07919002
1769097600000,2.07465601
1769112000000,2.07058692
1769126400000,2.0659771
1769140800000,2.06162906
1769155200000,2.05848694
1769169600000,2.05466795
1769184000000,2.05123711
1769198400000,2.04763293
1769212800000,2.04436493
1769227200000,2.0416019
1769241600000,2.03883505
1769256000000,2.03631091
1769270400000,2.03397799
1769284800000,2.03192711
1769299200000,2.03001094
1769313600000,2.02769804
1769328000000,2.02536702
1769342400000,2.02301598
1769356800000,2.01983905
1769371200000,2.01699305
1769385600000,2.01466203
1769400000000,2.01230597
1769414400000,2.010391
1769428800000,2.00868797
1769443200000,2.00685596
1769457600000,2.00489092
1769472000000,2.00295901
1769486400000,2.00102711
1769500800000,1.99897099
1769515200000,1.996997
1769529600000,1.99511302
1769544000000,1.993343
1769558400000,1.991395
1769572800000,1.98966098
1769587200000,1.98821104
1769601600000,1.98654306
1769616000000,1.98490798
1769630400000,1.98348606
1769644800000,1.98176098
1769659200000,1.97967803
1769673600000,1.97769403
1769688000000,1.97516704
1769702400000,1.97255695
1769716800000,1.97009504
1769731200000,1.96696198
1769745600000,1.96356297
1769760000000,1.95986295
1769774400000,1.95579803
1769788800000,1.95167398
1769803200000,1.94753599
1769817600000,1.94382596
1769832000000,1.93945003
1769846400000,1.93501198
1769860800000,1.92997098
1769875200000,1.92491698
1769889600000,1.92037296
1769904000000,1.91592205
1769918400000,1.91155899
1769932800000,1.90740597
1769947200000,1.90257299
1769961600000,1.89792395
1769976000000,1.89310205
1769990400000,1.88826203
1770004800000,1.88373399
1770019200000,1.87939703
1770033600000,1.87514198
1770048000000,1.87084103
1770062400000,1.86645401
1770076800000,1.86197305
1770091200000,1.85732996
1770105600000,1.85262501
1770120000000,1.84817398
1770134400000,1.8434
1770148800000,1.83866894
1770163200000,1.83411598
1770177600000,1.82966602
1770192000000,1.82505405
1770206400000,1.82057905
1770220800000,1.81645596
1770235200000,1.81194699
1770249600000,1.80665505
1770264000000,1.80116796
1770278400000,1.79469097
1770292800000,1.787799
1770307200000,1.78031504
1770321600000,1.77296996
1770336000000,1.76638305
1770350400000,1.76013196
1770364800000,1.75478494
1770379200000,1.75101995
1770393600000,1.746557
1770408000000,1.74215102
1770422400000,1.73798895
1770436800000,1.73254502
1770451200000,1.72673702
1770465600000,1.72136903
1770480000000,1.71620095
1770494400000,1.71095502
1770508800000,1.70568895
1770523200000,1.700755
1770537600000,1.69595695
1770552000000,1.69112003
1770566400000,1.68646204
1770580800000,1.68163002
1770595200000,1.67701304
1770609600000,1.67205
1770624000000,1.666749
1770638400000,1.66202104
1770652800000,1.65731597
1770667200000,1.65249801
1770681600000,1.64768195
1770696000000,1.64277506
1770710400000,1.63768804
1770724800000,1.63261402
1770739200000,1.62761903
1770753600000,1.62267196
1770768000000,1.61769199
1770782400000,1.61248302
1770796800000,1.608096
1770811200000,1.603284
1770825600000,1.59838104
1770840000000,1.593261
1770854400000,1.58810198
1770868800000,1.58266795
1770883200000,1.57761097
1770897600000,1.57232904
1770912000000,1.56688094
1770926400000,1.56152403
1770940800000,1.55629206
1770955200000,1.55089903
1770969600000,1.54551005
1770984000000,1.54039896
1770998400000,1.535496
1771012800000,1.53040802
1771027200000,1.52515602
1771041600000,1.52030694
1771056000000,1.51582599
1771070400000,1.51140404
1771084800000,1.50762904
1771099200000,1.50386405
1771113600000,1.50042295
1771128000000,1.49890602
1771142400000,1.49664199
1771156800000,1.49380398
1771171200000,1.49086702
1771185600000,1.48803198
1771200000000,1.48495305
1771214400000,1.48197997
1771228800000,1.47909999
1771243200000,1.47649598
1771257600000,1.47380602
1771272000000,1.47149003
1771286400000,1.46929896
1771300800000,1.46767795
1771315200000,1.46638
1771329600000,1.46448398
1771344000000,1.46267796
1771358400000,1.46082902
1771372800000,1.45912099
1771387200000,1.45804
1771401600000,1.45670605
1771416000000,1.45556402
1771430400000,1.45398498
1771444800000,1.45240998
1771459200000,1.45048499
1771473600000,1.44838798
1771488000000,1.44622505
1771502400000,1.44400597
1771516800000,1.44199705
1771531200000,1.43989396
1771545600000,1.437994
1771560000000,1.43600404
1771574400000,1.43425
1771588800000,1.43274903
1771603200000,1.43099403
1771617600000,1.429232
1771632000000,1.42756999
1771646400000,1.42644596
1771660800000,1.42534006
1771675200000,1.424721
1771689600000,1.424721
1771704000000,1.42470098
1771718400000,1.425282
1771732800000,1.42652595
1771747200000,1.42862296
1771761600000,1.43040895
1771776000000,1.43157697
1771790400000,1.43258703
1771804800000,1.43232095
1771819200000,1.43090498
1771833600000,1.43030906
1771848000000,1.429322
1771862400000,1.42816305
1771876800000,1.42754698
1771891200000,1.42694199
1771905600000,1.42610395
1771920000000,1.42513204
1771934400000,1.42442
1771948800000,1.42381299
1771963200000,1.42308795
1771977600000,1.422261
1771992000000,1.42152297
1772006400000,1.42086101
1772020800000,1.42096603
1772035200000,1.42111504
1772049600000,1.42120194
1772064000000,1.42168605
1772078400000,1.42156398
1772092800000,1.42140806
1772107200000,1.42125201
1772121600000,1.42097104
1772136000000,1.42077601
1772150400000,1.42077804
1772164800000,1.42087805
1772179200000,1.42069304
1772193600000,1.42026198
1772208000000,1.41972995
1772222400000,1.41962504
1772236800000,1.419384
1772251200000,1.41886997
1772265600000,1.41801
1772280000000,1.41755104
1772294400000,1.41733599
1772308800000,1.41727805
1772323200000,1.417449
1772337600000,1.41767204
1772352000000,1.41778696
1772366400000,1.41793799
1772380800000,1.41785002
1772395200000,1.417835
1772409600000,1.41789401
1772424000000,1.41732001
1772438400000,1.41672599
1772452800000,1.41666102
1772467200000,1.41650605
1772481600000,1.41618395
1772496000000,1.41520596
1772510400000,1.41415596
1772524800000,1.41270399
1772539200000,1.41126001
1772553600000,1.40961802
1772568000000,1.40673602
1772582400000,1.40463996
1772596800000,1.40315795
1772611200000,1.40261495
1772625600000,1.40249395
1772640000000,1.40244699
1772654400000,1.40214396
1772668800000,1.40150797
1772683200000,1.40089595
1772697600000,1.40050602
1772712000000,1.39980102
1772726400000,1.399086
1772740800000,1.39839399
1772755200000,1.39792204
1772769600000,1.39742804
1772784000000,1.39651895
1772798400000,1.39533806
1772812800000,1.39418006
1772827200000,1.39294398
1772841600000,1.39193904
1772856000000,1.39084196
1772870400000,1.39030898
1772884800000,1.38966
1772899200000,1.38887799
1772913600000,1.38812006
1772928000000,1.38750994
1772942400000,1.38713706
1772956800000,1.38658905
1772971200000,1.38597596
1772985600000,1.385409
1773000000000,1.38461602
1773014400000,1.38406599
1773028800000,1.383183
1773043200000,1.382447
1773057600000,1.38175797
1773072000000,1.38122702
1773086400000,1.380548
1773100800000,1.37986195
1773115200000,1.37923706
1773129600000,1.37871206
1773144000000,1.37871897
1773158400000,1.37833297
1773172800000,1.37798703
1773187200000,1.377545
1773201600000,1.37739897
1773216000000,1.37726498
1773230400000,1.37715697
1773244800000,1.37764394
1773259200000,1.37777901
1773273600000,1.37754595
1773288000000,1.37760496
1773302400000,1.37791002
1773316800000,1.37818396
1773331200000,1.37865102
1773345600000,1.37923098
1773360000000,1.38002503
1773374400000,1.38066304
1773388800000,1.38130903
1773403200000,1.381917
1773417600000,1.382231
1773432000000,1.38256001
1773446400000,1.38272905
1773460800000,1.38226104
1773475200000,1.38151598
1773489600000,1.38107896
1773504000000,1.38056397
1773518400000,1.38028395
1773532800000,1.38003504
1773547200000,1.37989902
1773561600000,1.38002896
1773576000000,1.38015997
1773590400000,1.380211
1773604800000,1.38053596
1773619200000,1.38139105
1773633600000,1.38265705
1773648000000,1.38384902
1773662400000,1.38522005
1773676800000,1.386971
1773691200000,1.38937199
1773705600000,1.39188302
1773720000000,1.39394701
1773734400000,1.39550197
1773748800000,1.39687598
1773763200000,1.398018
1773777600000,1.39922202
1773792000000,1.40085101
1773806400000,1.40226305
1773820800000,1.40359199
1773835200000,1.40447295
1773849600000,1.40522504
1773864000000,1.40640295
1773878400000,1.40762901
1773892800000,1.40823603
1773907200000,1.408813
1773921600000,1.40923202
1773936000000,1.40994501
1773950400000,1.41078103
1773964800000,1.41178298
1773979200000,1.41268396
1773993600000,1.41354895
1774008000000,1.41431904
1774022400000,1.41515005
1774036800000,1.41584897
1774051200000,1.41631401
1774065600000,1.41612506
1774080000000,1.41598403
1774094400000,1.41605306
1774108800000,1.41622698
1774123200000,1.41618204
1774137600000,1.41598904
1774152000000,1.415856
1774166400000,1.41565299
1774180800000,1.41554296
1774195200000,1.41533804
1774209600000,1.41511095
1774224000000,1.41497803
1774238400000,1.41514504
1774252800000,1.415627
1774267200000,1.41630697
1774281600000,1.41699398
1774296000000,1.41764796
1774310400000,1.41809595
1774324800000,1.41883898
1774339200000,1.41956604
1774353600000,1.42000604
1774368000000,1.42039895
1774382400000,1.42095494
1774396800000,1.42151201
1774411200000,1.42225802
1774425600000,1.42298496
1774440000000,1.42365897
1774454400000,1.42427301
1774468800000,1.42501402
1774483200000,1.425529
1774497600000,1.42578602
1774512000000,1.42576694
1774526400000,1.42573905
1774540800000,1.42542899
1774555200000,1.42516196
1774569600000,1.424896
1774584000000,1.42417502
1774598400000,1.42367601
1774612800000,1.42316997
1774627200000,1.42262995
1774641600000,1.42210305
1774656000000,1.42164099
1774670400000,1.42122495
1774684800000,1.42072999
1774699200000,1.42041695
1774713600000,1.42013204
1774728000000,1.41970003
1774742400000,1.41920602
1774756800000,1.41875505
1774771200000,1.41835105
1774785600000,1.41776001
1774800000000,1.41681194
1774814400000,1.41593504
1774828800000,1.41524994
1774843200000,1.41474402
1774857600000,1.41423202
1774872000000,1.41370106
1774886400000,1.41292596
1774900800000,1.41222703
1774915200000,1.41156399
1774929600000,1.41085601
1774944000000,1.41010296
1774958400000,1.40919101
1774972800000,1.40851903
1774987200000,1.40785098
1775001600000,1.40713501
1775016000000,1.40654695
1775030400000,1.40596294
1775044800000,1.40504599
1775059200000,1.40387201
1775073600000,1.40251505
1775088000000,1.40093899
1775102400000,1.39918196
1775116800000,1.39688206
1775131200000,1.394454
1775145600000,1.39209199
1775160000000,1.38998997
1775174400000,1.38811398
1775188800000,1.38616705
1775203200000,1.38404202
1775217600000,1.38204706
1775232000000,1.37983406
1775246400000,1.37781894
1775260800000,1.37608194
1775275200000,1.37483799
1775289600000,1.37346804
1775304000000,1.371948
1775318400000,1.37038195
1775332800000,1.36892295
1775347200000,1.36747098
1775361600000,1.36612999
1775376000000,1.36467099
1775390400000,1.36316001
1775404800000,1.36163402
1775419200000,1.36035299
1775433600000,1.35924494
1775448000000,1.35831296
1775462400000,1.35745203
1775476800000,1.35650694
1775491200000,1.35546398
1775505600000,1.35423505
1775520000000,1.35297894
1775534400000,1.35172606
1775548800000,1.35041595
1775563200000,1.34930599
1775577600000,1.34827697
1775592000000,1.348032
1775606400000,1.34782505
1775620800000,1.34769905
1775635200000,1.347633
1775649600000,1.347332
1775664000000,1.347036
1775678400000,1.34673703
1775692800000,1.34593499
1775707200000,1.34494197
1775721600000,1.34389198
1775736000000,1.34309304
1775750400000,1.34250605
1775764800000,1.34162903
1775779200000,1.34080899
1775793600000,1.34017503
1775808000000,1.33971298
1775822400000,1.33903503
1775836800000,1.33853304
1775851200000,1.33789098
1775865600000,1.33710802
1775880000000,1.33650005
1775894400000,1.33583403
1775908800000,1.33514905
1775923200000,1.33484602
1775937600000,1.334535
1775952000000,1.334126
1775966400000,1.33381498
1775980800000,1.33370197
1775995200000,1.33333099
1776009600000,1.33299506
1776024000000,1.33265305
1776038400000,1.33255506
1776052800000,1.33245206
1776067200000,1.33245897
1776081600000,1.33254504
1776096000000,1.33280802
1776110400000,1.33315802
1776124800000,1.33342898
1776139200000,1.33357894
1776153600000,1.33382106
1776168000000,1.33423305
1776182400000,1.33445406
1776196800000,1.33473206
1776211200000,1.33492601
1776225600000,1.33518898
1776240000000,1.33564496
1776254400000,1.33610201
1776268800000,1.33658195
1776283200000,1.33692002
1776297600000,1.33748305
1776312000000,1.33808506
1776326400000,1.33894897
1776340800000,1.33999801
1776355200000,1.34138405
1776369600000,1.34271801
1776384000000,1.34387505
1776398400000,1.34509695
1776412800000,1.34612095
1776427200000,1.34756899
1776441600000,1.34895694
1776456000000,1.35014606
1776470400000,1.35128605
1776484800000,1.35245204
1776499200000,1.35326099
1776513600000,1.35414195
1776528000000,1.35528803
1776542400000,1.35643697
1776556800000,1.35773206
1776571200000,1.35893095
1776585600000,1.360147
1776600000000,1.36126304
1776614400000,1.36222005
1776628800000,1.36297405
1776643200000,1.36387706
1776657600000,1.36484301
1776672000000,1.36581898
1776686400000,1.36696303
1776700800000,1.36810601
1776715200000,1.36919105
1776729600000,1.37030804
1776744000000,1.37157404
1776758400000,1.37279296
1776772800000,1.37396502
1776787200000,1.37496996
1776801600000,1.37632596
1776816000000,1.37776995
1776830400000,1.37935102
1776844800000,1.38089204
1776859200000,1.38219094
1776873600000,1.38321805
1776888000000,1.38406706
1776902400000,1.384727
1776916800000,1.38542902
1776931200000,1.38617396
1776945600000,1.38728404
1776960000000,1.38840997
1776974400000,1.38967204
1776988800000,1.39091897
1777003200000,1.39227104
1777017600000,1.39351499
1777032000000,1.39420795
1777046400000,1.39489901
1777060800000,1.39543104
1777075200000,1.39601302
1777089600000,1.39679599
1777104000000,1.39758503
1777118400000,1.39841199
1777132800000,1.39930296
1777147200000,1.40022302
1777161600000,1.40111494
1777176000000,1.401878
1777190400000,1.40262401
1777204800000,1.40347898
1777219200000,1.40436804
1777233600000,1.405303
1777248000000,1.40631294
1777262400000,1.40697598
1777276800000,1.40747797
1777291200000,1.40780103
1777305600000,1.40822506
1777320000000,1.40876496
1777334400000,1.40923798
1777348800000,1.409706
1777363200000,1.40980697
1777377600000,1.41001403
1777392000000,1.41053903
1777406400000,1.41105402
1777420800000,1.41161394
1777435200000,1.41229904
1777449600000,1.41294003
1777464000000,1.41331005
1777478400000,1.41358995
1777492800000,1.414029
1777507200000,1.41450596
1777521600000,1.41490901
1777536000000,1.41506898
1777550400000,1.41500401
1777564800000,1.41503298
1777579200000,1.41502798
1777593600000,1.41510105
1777608000000,1.41510499
1777622400000,1.41527998
1777636800000,1.41562104
1777651200000,1.41598201
1777665600000,1.41631901
1777680000000,1.41654205
1777694400000,1.41666102
1777708800000,1.41651797
1777723200000,1.41652906
1777737600000,1.41640902
1777752000000,1.41628695
1777766400000,1.41602898
1777780800000,1.41559696
1777795200000,1.41490102
1777809600000,1.41432905
1777824000000,1.413975
1777838400000,1.41348004
1777852800000,1.41314197
1777867200000,1.41239297
1777881600000,1.41146195
1777896000000,1.410694
1777910400000,1.40998995
1777924800000,1.40916598
1777939200000,1.40891004
1777953600000,1.40862298
1777968000000,1.40843105
1777982400000,1.40822399
1777996800000,1.40805697
1778011200000,1.407987
1778025600000,1.40791202
1778040000000,1.40790999
1778054400000,1.40824699
1778068800000,1.408602
1778083200000,1.40876997
1778097600000,1.40886295
1778112000000,1.40875995
1778126400000,1.40862894
1778140800000,1.40842295
1778155200000,1.40808105
1778169600000,1.40770102
1778184000000,1.40717494
1778198400000,1.40663302
1778212800000,1.40614796
1778227200000,1.40592396
1778241600000,1.40556395
1778256000000,1.40532398
1778270400000,1.40496099
1778284800000,1.404706
1778299200000,1.40437901
1778313600000,1.40418899
1778328000000,1.40403795
1778342400000,1.40411794
1778356800000,1.40411496
1778371200000,1.40412295
1778385600000,1.40400398
1778400000000,1.40393996
1778414400000,1.40399396
1778428800000,1.40455604
1778443200000,1.40496397
1778457600000,1.40506601
1778472000000,1.40508103
1778486400000,1.40526402
1778500800000,1.40578401
1778515200000,1.40621197
1778529600000,1.40665305
1778544000000,1.40694404
1778558400000,1.40731895
1778572800000,1.40760601
1778587200000,1.40760601
1778601600000,1.40782404
1778616000000,1.40790904
1778630400000,1.408126
1778644800000,1.40846002
1778659200000,1.40864694
1778673600000,1.40846896
1778688000000,1.40823495
1778702400000,1.40836298
1778716800000,1.40845394
1778731200000,1.40889704
1778745600000,1.40929198
1778760000000,1.41001499
1778774400000,1.41125906
1778788800000,1.412184
1778803200000,1.41326201
1778817600000,1.41420197
1778832000000,1.41505694
1778846400000,1.41560102
1778860800000,1.41605306
1778875200000,1.41646802
1778889600000,1.41687405
1778904000000,1.41742206
1778918400000,1.41799605
1778932800000,1.41844904
1778947200000,1.41887701
1778961600000,1.41926599
1778976000000,1.41969204
1778990400000,1.42018199
1779004800000,1.42070305
1779019200000,1.42115402
1779033600000,1.42161405
1779048000000,1.42188203
1779062400000,1.422032
1779076800000,1.42193997
1779091200000,1.42190897
1779105600000,1.42181802
1779120000000,1.42183805
1779134400000,1.42188394
1779148800000,1.42186296
1779163200000,1.42181695
1779177600000,1.42159498
1779192000000,1.42133296
1779206400000,1.42106903
1779220800000,1.42082596
1779235200000,1.42043805
1779249600000,1.42016602
1779264000000,1.41987002
1779278400000,1.41973603
1779292800000,1.41932702
1779307200000,1.41888905
1779321600000,1.41879296
1779336000000,1.41856599
1779350400000,1.41822398
1779364800000,1.41792095
1779379200000,1.41766095
1779393600000,1.41733003
1779408000000,1.41697502
1779422400000,1.41650903
1779436800000,1.41599905
1779451200000,1.41540396
1779465600000,1.41457105
1779480000000,1.41360497
1779494400000,1.41250205
1779508800000,1.41132498
1779523200000,1.41029406
1779537600000,1.40940797
1779552000000,1.40882802
1779566400000,1.408216
1779580800000,1.40772903
1779595200000,1.40742099
1779609600000,1.40721703
1779624000000,1.40683401
1779638400000,1.40647197
1779652800000,1.40613902
1779667200000,1.40569401
1779681600000,1.40530896
1779696000000,1.40469599
1779710400000,1.40410399
1779724800000,1.40338504
1779739200000,1.40264904
1779753600000,1.40182698
1779768000000,1.40109205
1779782400000,1.40037596
1779796800000,1.39962101
1779811200000,1.39876997
1779825600000,1.39786196
1779840000000,1.39690602
1779854400000,1.39578497
1779868800000,1.39421201
1779883200000,1.39284301
1779897600000,1.39166403
1779912000000,1.39024305
1779926400000,1.38845694
1779940800000,1.38653696
1779955200000,1.38462198
1779969600000,1.38297105
1779984000000,1.38153303
1779998400000,1.38005602
1780012800000,1.37868905
1780027200000,1.377617
1780041600000,1.37632895
1780056000000,1.37518501
1780070400000,1.37387502
1780084800000,1.37254703
1780099200000,1.37156403
1780113600000,1.37086499
1780128000000,1.37008095
1780142400000,1.36923504
1780156800000,1.36848903
1780171200000,1.36757302
1780185600000,1.366696
1780200000000,1.36532295
1780214400000,1.36357105
1780228800000,1.36202204
1780243200000,1.360394
1780257600000,1.35902905
1780272000000,1.35765803
1780286400000,1.35634398
1780300800000,1.35503805
1780315200000,1.35352194
1780329600000,1.35216701
1780344000000,1.35097599
1780358400000,1.34975195
1780372800000,1.34828699
1780387200000,1.346735
1780401600000,1.34481895
1780416000000,1.34291601
1780430400000,1.34085095
1780444800000,1.33860397
1780459200000,1.33690703
1780473600000,1.33505201
1780488000000,1.33328998
1780502400000,1.33140004
1780516800000,1.32954502
1780531200000,1.32773304
1780545600000,1.32564604
1780560000000,1.32332504
1780574400000,1.32111299
1780588800000,1.31902802
1780603200000,1.31682897
1780617600000,1.31445396
1780632000000,1.31214201
1780646400000,1.30975902
1780660800000,1.30714405
1780675200000,1.30456996
1780689600000,1.30186296
1780704000000,1.29906595
1780718400000,1.29624498
1780732800000,1.29339504
1780747200000,1.29068601
1780761600000,1.28764999
1780776000000,1.28482294
1780790400000,1.28236902
1780804800000,1.280123
1780819200000,1.27772796
1780833600000,1.27532899
1780848000000,1.27285004
1780862400000,1.27075803
1780876800000,1.268659
1780891200000,1.26660597
1780905600000,1.26479697
1780920000000,1.26315999
1780934400000,1.26154804
1780948800000,1.26011097
1780963200000,1.25841498
1780977600000,1.25676894
1780992000000,1.25485301
1781006400000,1.252545
1781020800000,1.25033903
1781035200000,1.24811995
1781049600000,1.24566102
1781064000000,1.24334502
1781078400000,1.24089801
1781092800000,1.23867798
1781107200000,1.23618901
1781121600000,1.23356903
1781136000000,1.23119199
1781150400000,1.22875798
1781164800000,1.22641301
1781179200000,1.22404397
1781193600000,1.22207904
1781208000000,1.22010005
1781222400000,1.21801996
1781236800000,1.21590805
1781251200000,1.21400499
1781265600000,1.21199906
1781280000000,1.21003795
1781294400000,1.20804203
1781308800000,1.20608103
1781323200000,1.20413494
1781337600000,1.20231605
1781352000000,1.20080602
1781366400000,1.19949102
1781380800000,1.198066
1781395200000,1.19672406
1781409600000,1.19506502
1781424000000,1.19334197
1781438400000,1.19153798
1781452800000,1.18974495
1781467200000,1.18843603
1781481600000,1.18719196
1781496000000,1.18577898
1781510400000,1.18489504
1781524800000,1.18428302
1781539200000,1.18353403
1781553600000,1.18248606
1781568000000,1.18135202
1781582400000,1.18027997
1781596800000,1.17918301
1781611200000,1.17787099
1781625600000,1.17662704
1781640000000,1.17544496
1781654400000,1.17419004
1781668800000,1.17298102
1781683200000,1.17164505
1781697600000,1.17044997
1781712000000,1.16894603
1781726400000,1.16777599
1781740800000,1.16652799
1781755200000,1.16549504
1781769600000,1.16414297
1781784000000,1.16255105
1781798400000,1.16110599
1781812800000,1.15989101
1781827200000,1.15867198
1781841600000,1.157709
1781856000000,1.15676403
1781870400000,1.15601504
1781884800000,1.15535402
1781899200000,1.15427899
1781913600000,1.15330803
1781928000000,1.15252602
1781942400000,1.15195799
1781956800000,1.15145695
1781971200000,1.150805
1781985600000,1.15062702
1782000000000,1.15056503
1782014400000,1.15035403
1782028800000,1.15002704
1782043200000,1.14983797
1782057600000,1.14994705
1782072000000,1.14983201
1782086400000,1.14994395
1782100800000,1.15031695
1782115200000,1.15080798
1782129600000,1.15122902
1782144000000,1.15171194
1782158400000,1.15208495
1782172800000,1.15248501
1782187200000,1.15265203
1782201600000,1.15293705
1782216000000,1.15299296
1782230400000,1.15282905
1782244800000,1.15256202
1782259200000,1.15219903
1782273600000,1.15184498
1782288000000,1.15155804
1782302400000,1.15058303
1782316800000,1.14963901
1782331200000,1.14889395
1782345600000,1.148036
1782360000000,1.14719605
1782374400000,1.14611995
1782388800000,1.14478695
1782403200000,1.14358401
1782417600000,1.14230597
1782432000000,1.14109802
1782446400000,1.14032102
1782460800000,1.13914704
1782475200000,1.13822305
1782489600000,1.13750899
1782504000000,1.136832
1782518400000,1.13637805
1782532800000,1.13569498
1782547200000,1.13531005
1782561600000,1.13509405
1782576000000,1.13443804
1782590400000,1.13375902
1782604800000,1.13303304
1782619200000,1.13241303
1782633600000,1.13150895
1782648000000,1.13060701
1782662400000,1.12961102
1782676800000,1.12875998
1782691200000,1.12785494
1782705600000,1.12706304
1782720000000,1.12628698
1782734400000,1.125458
1782748800000,1.12487495
1782763200000,1.12404501
1782777600000,1.12301004
1782792000000,1.12191904
1782806400000,1.12083602
1782820800000,1.11967099
1782835200000,1.11858797
1782849600000,1.11752701
1782864000000,1.11660004
1782878400000,1.11569095
1782892800000,1.114748
1782907200000,1.11349702
1782921600000,1.11223996
1782936000000,1.11095703
1782950400000,1.10930896
1782964800000,1.10721004
1782979200000,1.10529804
1782993600000,1.10385299
1783008000000,1.10243404
1783022400000,1.100963
1783036800000,1.09948802
1783051200000,1.09841895
1783065600000,1.09731805
1783080000000,1.096349
1783094400000,1.095505
1783108800000,1.09475803
1783123200000,1.09421098
1783137600000,1.09347498
1783152000000,1.09307301
1783166400000,1.09293103
1783180800000,1.09282804
1783195200000,1.09261703
1783209600000,1.09235597
1783224000000,1.09237301
1783238400000,1.092255
1783252800000,1.09215796
1783267200000,1.09212005
1783281600000,1.09243703
1783296000000,1.09264004
1783310400000,1.092731
1783324800000,1.09276497
1783339200000,1.09285295
1783353600000,1.09294796
1783368000000,1.09292996
1783382400000,1.092749
1783396800000,1.09250605
1783411200000,1.09231603
1783425600000,1.09212196
1783440000000,1.09185505
1783454400000,1.09149802
1783468800000,1.09102905
1783483200000,1.09047306
1783497600000,1.08988702
1783512000000,1.089378
1783526400000,1.08898997
1783540800000,1.08852506
1783555200000,1.08792496
1783569600000,1.08750904
1783584000000,1.08710396
1783598400000,1.08670998
1783612800000,1.08641195
1783627200000,1.08622003
1783641600000,1.08619797
1783656000000,1.08626604
1783670400000,1.08637094
1783684800000,1.086308
1783699200000,1.08632302
1783713600000,1.08638501
1783728000000,1.08650506
1783742400000,1.08699906
1783756800000,1.08750904
1783771200000,1.08790898
1783785600000,1.08834398
1783800000000,1.08844304
1783814400000,1.08871996
1783828800000,1.08928502
1783843200000,1.08990598
1783857600000,1.09049201
1783872000000,1.09115195
1783886400000,1.09151304
1783900800000,1.09200799
1783915200000,1.09235406
1783929600000,1.09264696
1783944000000,1.09288299
1783958400000,1.09296799
1783972800000,1.09303701
1783987200000,1.09310496
1784001600000,1.09304202
1784016000000,1.09322202
1784030400000,1.09379494
1784044800000,1.09445095
1784059200000,1.09505796
1784073600000,1.09557104
1784088000000,1.096084
1784102400000,1.09672296
1784116800000,1.09750199
1784131200000,1.09809101
1784145600000,1.09873295
1784160000000,1.09932697
1784174400000,1.09989595
1784188800000,1.10023105
1784203200000,1.10079002
1784217600000,1.10130799
1784232000000,1.101704
1784246400000,1.10223699
1784260800000,1.10273397
1784275200000,1.10312903
1784289600000,1.10356104
1784304000000,1.10396397
1784318400000,1.10441399
1784332800000,1.10492897
1784347200000,1.10520995
1784361600000,1.10548198
1784376000000,1.10581803
1784390400000,1.10607398
1784404800000,1.10641897
1784419200000,1.10652697
1784433600000,1.10654402
1784448000000,1.10666096
1784462400000,1.10675895
1784476800000,1.10680199
1784491200000,1.10675299
1784505600000,1.10665095
1784520000000,1.10635102
1784534400000,1.106094
1784548800000,1.10587299
1784563200000,1.10566199
1784577600000,1.105389
1784592000000,1.10523105
1784606400000,1.10486996
1784620800000,1.10455203
1784635200000,1.10452402
1784649600000,1.10471201
1784664000000,1.10475194
1784678400000,1.10482597
1784692800000,1.10476995
1784707200000,1.10480905
1784721600000,1.10475099
1784736000000,1.10465002
1784750400000,1.10461104
1784764800000,1.10459697
1784779200000,1.10449004
1784793600000,1.10432398
1784808000000,1.10399795
1784822400000,1.10374999
1784836800000,1.10356104
1784851200000,1.10342205
1784865600000,1.10325897
1784880000000,1.10307205
1784894400000,1.10286403
1784908800000,1.10280001
1784923200000,1.10277796
1784937600000,1.10282505
1784952000000,1.102965
1784966400000,1.10294998
1784980800000,1.10302603
1784995200000,1.10315394
1785009600000,1.10315204
1785024000000,1.10323298
1785038400000,1.10332203
1785052800000,1.103351
1785067200000,1.10346103
1785081600000,1.10341501
1785096000000,1.10348904
1785110400000,1.10343897
1785124800000,1.10347998
1785139200000,1.10348105
1785153600000,1.10329604
1785168000000,1.10314298
1785182400000,1.10272706
1785196800000,1.10222697
1785211200000,1.10165095
1785225600000,1.10099101
1785240000000,1.10067594
1785254400000,1.10029101
1785268800000,1.10006702
1785283200000,1.09981596
1785297600000,1.09969795
1785312000000,1.09953594
1785326400000,1.09935796
1785340800000,1.09933305
1785355200000,1.09927702
1785369600000,1.09926105
1785384000000,1.09930396
1785398400000,1.09946895
1785412800000,1.09972
1785427200000,1.09995699
1785441600000,1.10009396
1785456000000,1.10018694
1785470400000,1.09993398
1785484800000,1.09950602
1785499200000,1.09899402
1785513600000,1.09857094
1785528000000,1.09815097
1785542400000,1.09772599
1785556800000,1.09708405
1785571200000,1.09662294
1785585600000,1.09611905
1785600000000,1.09551203
1785614400000,1.09505403
1785628800000,1.09474301
1785643200000,1.09443295
1785657600000,1.09425998
1785672000000,1.09419501
1785686400000,1.09409297
1785700800000,1.09412599
1785715200000,1.09399295
1785729600000,1.09384298
1785744000000,1.09357595
1785758400000,1.09352696
1785772800000,1.09342897
1785787200000,1.09329903
1785801600000,1.09318697
1785816000000,1.09311104
1785830400000,1.09297097
1785844800000,1.09281695
1785859200000,1.09267104
1785873600000,1.09245598
1785888000000,1.09216201
1785902400000,1.09185803
1785916800000,1.09151995
1785931200000,1.091151
1785945600000,1.09085202
1785960000000,1.09057295
1785974400000,1.08994496
1785988800000,1.08931196
1786003200000,1.08864605
1786017600000,1.08801401
1786032000000,1.08711898
1786046400000,1.08610702
1786060800000,1.08495295
1786075200000,1.08368897
1786089600000,1.08245695
1786104000000,1.08129704
1786118400000,1.08014095
1786132800000,1.07904005
1786147200000,1.07802403
1786161600000,1.07685697
1786176000000,1.07586503
1786190400000,1.074898
1786204800000,1.07399094
1786219200000,1.07304895
1786233600000,1.07209396
1786248000000,1.07133901
1786262400000,1.07066596
1786276800000,1.07002199
1786291200000,1.06933105
1786305600000,1.06848896
1786320000000,1.067765
1786334400000,1.06722903
1786348800000,1.06668401
1786363200000,1.06599796
1786377600000,1.06528902
1786392000000,1.06453395
1786406400000,1.063784
1786420800000,1.06284904
1786435200000,1.06192505
1786449600000,1.06098604
1786464000000,1.06012595
1786478400000,1.05936694
1786492800000,1.05856597
1786507200000,1.05772901
1786521600000,1.05693305
1786536000000,1.05593002
1786550400000,1.054932
1786564800000,1.05391097
1786579200000,1.05296695
1786593600000,1.05223799
1786608000000,1.05135596
1786622400000,1.05072606
1786636800000,1.050246
1786651200000,1.04978395
1786665600000,1.04938602
1786680000000,1.04877996
1786694400000,1.04819405
1786708800000,1.04757094
1786723200000,1.04684806
1786737600000,1.04593897
1786752000000,1.04514301
1786766400000,1.04449105
1786780800000,1.04381895
1786795200000,1.04310203
1786809600000,1.04238701
1786824000000,1.04164398
1786838400000,1.04082704
1786852800000,1.03992903
1786867200000,1.03903103
1786881600000,1.03822505
1786896000000,1.03741801
1786910400000,1.03655899
1786924800000,1.03585899
1786939200000,1.03528297
1786953600000,1.03466797
1786968000000,1.03411996
1786982400000,1.03347397
1786996800000,1.03288305
1787011200000,1.03215897
1787025600000,1.03149498
1787040000000,1.03095901
1787054400000,1.03039396
1787068800000,1.02964604
1787083200000,1.02883005
1787097600000,1.02803504
1787112000000,1.02726698
1787126400000,1.02650595
1787140800000,1.026317
1787155200000,1.02628303
1787169600000,1.02666104
1787184000000,1.02695704
1787198400000,1.02723897
1787212800000,1.02834797
1787227200000,1.03020501
1787241600000,1.03175902
1787256000000,1.03364801
1787270400000,1.035941
1787284800000,1.03830898
1787299200000,1.04108596
1787313600000,1.04438198
1787328000000,1.04743195
1787342400000,1.05130506
1787356800000,1.05633497
1787371200000,1.06136501
1787385600000,1.06555295
1787400000000,1.06933105
1787414400000,1.07390499
1787428800000,1.07803202
1787443200000,1.08227801
1787457600000,1.08640695
1787472000000,1.09100997
1787486400000,1.09563005
1787500800000,1.10039997
1787515200000,1.10532498
1787529600000,1.10964
1787544000000,1.11412394
1787558400000,1.11886406
1787572800000,1.12366498
1787587200000,1.12811995
1787601600000,1.13258803
1787616000000,1.13734305
1787630400000,1.14174795
1787644800000,1.14612603
1787659200000,1.15051603
1787673600000,1.15485799
1787688000000,1.15882897
1787702400000,1.16285396
1787716800000,1.16674697
1787731200000,1.17044103
1787745600000,1.17386901
1787760000000,1.17733705
1787774400000,1.18118501
1787788800000,1.18490696
1787803200000,1.18879402
1787817600000,1.19283795
1787832000000,1.19737196
1787846400000,1.20179296
1787860800000,1.20627499
1787875200000,1.21049905
1787889600000,1.21466696
1787904000000,1.21870697
1787918400000,1.22250998
1787932800000,1.22608995
1787947200000,1.22971594
1787961600000,1.23328102
1787976000000,1.23697996
1787990400000,1.24073601
1788004800000,1.24460804
1788019200000,1.24847496
1788033600000,1.252303
1788048000000,1.25618601
1788062400000,1.26007199
1788076800000,1.26389098
1788091200000,1.26777697
1788105600000,1.27179003
1788120000000,1.27531397
1788134400000,1.27883196
1788148800000,1.28249097
1788163200000,1.28620994
1788177600000,1.28994405
1788192000000,1.29377103
1788206400000,1.29753995
1788220800000,1.30138302
1788235200000,1.30515897
1788249600000,1.30893898
1788264000000,1.31269097
1788278400000,1.31621695
1788292800000,1.31970799
1788307200000,1.32322395
1788321600000,1.32665801
1788336000000,1.329898
1788350400000,1.33333004
1788364800000,1.336748
1788379200000,1.34022796
1788393600000,1.34389305
1788408000000,1.34747899
1788422400000,1.35119796
1788436800000,1.35581505
1788451200000,1.36061597
1788465600000,1.36516201
1788480000000,1.36964405
1788494400000,1.37404394
1788508800000,1.37852204
1788523200000,1.38249004
1788537600000,1.38647795
1788552000000,1.39042497
1788566400000,1.39433396
1788580800000,1.39769602
1788595200000,1.40105796
1788609600000,1.40411901
1788624000000,1.40733695
1788638400000,1.41033697
1788652800000,1.41266704
1788667200000,1.41421902
1788681600000,1.41609502
1788696000000,1.41752601
1788710400000,1.41853702
1788724800000,1.41962898
1788739200000,1.42010999
1788753600000,1.42006397
