ts_ms,sma_15
1542211200000,
1542225600000,
1542240000000,
1542254400000,
1542268800000,
1542283200000,
1542297600000,
1542312000000,
1542326400000,
1542340800000,
1542355200000,
1542369600000,
1542384000000,
1542398400000,
1542412800000,5523.7666
1542427200000,5524.5
1542441600000,5516.9668
1542456000000,5510.4668
1542470400000,5505.0332
1542484800000,5511.0332
1542499200000,5516.9668
1542513600000,5516.7002
1542528000000,5512.5
1542542400000,5509.8667
1542556800000,5513.9668
1542571200000,5514.5332
1542585600000,5513.2334
1542600000000,5505.1665
1542614400000,5487.9668
1542628800000,5465.1665
1542643200000,5428.7334
1542657600000,5378.6001
1542672000000,5333.6665
1542686400000,5272.1001
1542700800000,5193.7334
1542715200000,5138.56689
1542729600000,5069.2998
1542744000000,4992.2334
1542758400000,4919.56689
1542772800000,4847
1542787200000,4776.43311
1542801600000,4709.8335
1542816000000,4644.6333
1542830400000,4596.8999
1542844800000,4556.93311
1542859200000,4527.43311
1542873600000,4508.3667
1542888000000,4484.6333
1542902400000,4473.3335
1542916800000,4469.1001
1542931200000,4435.8335
1542945600000,4418.06689
1542960000000,4413.4668
1542974400000,4402.2002
1542988800000,4385.7002
1543003200000,4371.8667
1543017600000,4357.93311
1543032000000,4348.4668
1543046400000,4330.2002
1543060800000,4310.6665
1543075200000,4285.06689
1543089600000,4240.3999
1543104000000,4186.43311
1543118400000,4140.2998
1543132800000,4108.0332
1543147200000,4075.56665
1543161600000,4046.96655
1543176000000,4023.2334
1543190400000,4003.93335
1543204800000,3986.2666
1543219200000,3961.93335
1543233600000,3920
1543248000000,3887.19995
1543262400000,3851.33325
1543276800000,3814.7334
1543291200000,3788.2334
1543305600000,3779.43335
1543320000000,3781.1001
1543334400000,3781.66675
1543348800000,3781.19995
1543363200000,3788.46655
1543377600000,3803.66675
1543392000000,3808.53345
1543406400000,3822.1001
1543420800000,3841.93335
1543435200000,3861.5
1543449600000,3892.1333
1543464000000,3917.8667
1543478400000,3959.19995
1543492800000,3996.2666
1543507200000,4026.1001
1543521600000,4064.8667
1543536000000,4104.3999
1543550400000,4133.8667
1543564800000,4144.8335
1543579200000,4153.1333
1543593600000,4148.93311
1543608000000,4146.7666
1543622400000,4132.1333
1543636800000,4110.7998
1543651200000,4105.3999
1543665600000,4107.8335
1543680000000,4112.7998
1543694400000,4099
1543708800000,4092.2666
1543723200000,4087.33325
1543737600000,4076.69995
1543752000000,4066.7334
1543766400000,4064.03345
1543780800000,4075.43335
1543795200000,4074.43335
1543809600000,4074.6001
1543824000000,4073.96655
1543838400000,4064.03345
1543852800000,4055.5
1543867200000,4035.1001
1543881600000,4011.1333
1543896000000,3993.7666
1543910400000,3981.6001
1543924800000,3970.30005
1543939200000,3957.06665
1543953600000,3946.03345
1543968000000,3927.8667
1543982400000,3906.3667
1543996800000,3890.53345
1544011200000,3882.03345
1544025600000,3864.33325
1544040000000,3846.2334
1544054400000,3839.30005
1544068800000,3839.3999
1544083200000,3835.53345
1544097600000,3823.19995
1544112000000,3800.46655
1544126400000,3765.43335
1544140800000,3722.33325
1544155200000,3686.2666
1544169600000,3651.19995
1544184000000,3615.8999
1544198400000,3593.7666
1544212800000,3560.6001
1544227200000,3535.1001
1544241600000,3517.1333
1544256000000,3498.2334
1544270400000,3474.19995
1544284800000,3443.43335
1544299200000,3418.3667
1544313600000,3403.5
1544328000000,3388.46655
1544342400000,3387.8999
1544356800000,3403.30005
1544371200000,3416.03345
1544385600000,3425.8667
1544400000000,3441.1001
1544414400000,3442.46655
1544428800000,3450.3667
1544443200000,3448.2666
1544457600000,3444.7666
1544472000000,3444.43335
1544486400000,3446.66675
1544500800000,3449.1333
1544515200000,3445.6333
1544529600000,3439.83325
1544544000000,3434.8999
1544558400000,3429.83325
1544572800000,3415.80005
1544587200000,3403.7334
1544601600000,3397.30005
1544616000000,3391.56665
1544630400000,3388.1001
1544644800000,3384.16675
1544659200000,3382.53345
1544673600000,3382.6001
1544688000000,3379.5
1544702400000,3380.16675
1544716800000,3374.8999
1544731200000,3369.03345
1544745600000,3364.30005
1544760000000,3359.6001
1544774400000,3353.2666
1544788800000,3345.7666
1544803200000,3332.5
1544817600000,3316.80005
1544832000000,3301.56665
1544846400000,3286.1333
1544860800000,3267.8667
1544875200000,3250.96655
1544889600000,3237.30005
1544904000000,3225.69995
1544918400000,3215.1001
1544932800000,3208.46655
1544947200000,3207.03345
1544961600000,3204.6001
1544976000000,3202.3667
1544990400000,3198.46655
1545004800000,3196.5
1545019200000,3200.46655
1545033600000,3203.16675
1545048000000,3214.83325
1545062400000,3237.2334
1545076800000,3259.80005
1545091200000,3286.69995
1545105600000,3308.83325
1545120000000,3328.33325
1545134400000,3346.6333
1545148800000,3367.1001
1545163200000,3395.56665
1545177600000,3431.1001
1545192000000,3463.2334
1545206400000,3504.43335
1545220800000,3542.5
1545235200000,3577.1333
1545249600000,3606.8667
1545264000000,3628.3667
1545278400000,3641.80005
1545292800000,3676.93335
1545307200000,3709.2334
1545321600000,3745.5
1545336000000,3784.96655
1545350400000,3820.43335
1545364800000,3852.93335
1545379200000,3876.66675
1545393600000,3891.33325
1545408000000,3898.33325
1545422400000,3900.30005
1545436800000,3903.7666
1545451200000,3909.1001
1545465600000,3922.2666
1545480000000,3929.53345
1545494400000,3939.53345
1545508800000,3936.69995
1545523200000,3936
1545537600000,3931.2334
1545552000000,3927.46655
1545566400000,3919.6333
1545580800000,3916.06665
1545595200000,3911.19995
1545609600000,3925.2334
1545624000000,3950.30005
1545638400000,3970.1333
1545652800000,3985.96655
1545667200000,3998.46655
1545681600000,4008.7666
1545696000000,4002.7334
1545710400000,3994.8999
1545724800000,3980.1001
1545739200000,3961.16675
1545753600000,3945.2666
1545768000000,3929.6001
1545782400000,3923.56665
1545796800000,3911.56665
1545811200000,3898.46655
1545825600000,3869.2334
1545840000000,3843.03345
1545854400000,3821.06665
1545868800000,3799.6333
1545883200000,3780.66675
1545897600000,3761.5
1545912000000,3761.6333
1545926400000,3750.3999
1545940800000,3738.96655
1545955200000,3730.53345
1545969600000,3721.43335
1545984000000,3711.33325
1545998400000,3710.8999
1546012800000,3718.19995
1546027200000,3727.6001
1546041600000,3737.69995
1546056000000,3745.03345
1546070400000,3749.1001
1546084800000,3757.96655
1546099200000,3764.3667
1546113600000,3761.6001
1546128000000,3761.1001
1546142400000,3771.2666
1546156800000,3787.3999
1546171200000,3800.96655
1546185600000,3815
1546200000000,3828.56665
1546214400000,3825.69995
1546228800000,3818.83325
1546243200000,3808.7666
1546257600000,3800.96655
1546272000000,3785.66675
1546286400000,3773.93335
1546300800000,3761.6001
1546315200000,3752.6333
1546329600000,3752.3667
1546344000000,3748.93335
1546358400000,3745.3999
1546372800000,3745.06665
1546387200000,3744.93335
1546401600000,3743.93335
1546416000000,3742.2334
1546430400000,3744.2666
1546444800000,3748.30005
1546459200000,3758.2334
1546473600000,3764.96655
1546488000000,3776.16675
1546502400000,3785.7666
1546516800000,3795.80005
1546531200000,3800.69995
1546545600000,3806.30005
1546560000000,3814.43335
1546574400000,3821.43335
1546588800000,3818.46655
1546603200000,3815.1333
1546617600000,3812.80005
1546632000000,3813.6001
1546646400000,3815.33325
1546660800000,3814
1546675200000,3810.6001
1546689600000,3808.03345
1546704000000,3807.6001
1546718400000,3804.93335
1546732800000,3802.2334
1546747200000,3802.96655
1546761600000,3804.69995
1546776000000,3806.30005
1546790400000,3822.93335
1546804800000,3840.2666
1546819200000,3859.56665
1546833600000,3878.19995
1546848000000,3891.7666
1546862400000,3903.1333
1546876800000,3916.56665
1546891200000,3927.7666
1546905600000,3937.7334
1546920000000,3947.19995
1546934400000,3963.2666
1546948800000,3978.96655
1546963200000,3993.6333
1546977600000,4005.96655
1546992000000,4019.2334
1547006400000,4016.83325
1547020800000,4016.03345
1547035200000,4012.7334
1547049600000,4010.83325
1547064000000,4009.5
1547078400000,4009.53345
1547092800000,3994.33325
1547107200000,3979.7334
1547121600000,3966.30005
1547136000000,3942.6001
1547150400000,3914.80005
1547164800000,3887.83325
1547179200000,3863.1001
1547193600000,3839.19995
1547208000000,3813.5
1547222400000,3788.66675
1547236800000,3762.2334
1547251200000,3738.93335
1547265600000,3713.19995
1547280000000,3687.3667
1547294400000,3661.3999
1547308800000,3650.1333
1547323200000,3638.6001
1547337600000,3628.1001
1547352000000,3627.19995
1547366400000,3626.96655
1547380800000,3625.96655
1547395200000,3617.30005
1547409600000,3608.83325
1547424000000,3600.8667
1547438400000,3593.46655
1547452800000,3586.3999
1547467200000,3588.2334
1547481600000,3591.83325
1547496000000,3595.2334
1547510400000,3598.33325
1547524800000,3601
1547539200000,3603.2666
1547553600000,3603.5
1547568000000,3604.56665
1547582400000,3602.1001
1547596800000,3600.80005
1547611200000,3605.3999
1547625600000,3612.46655
1547640000000,3618.66675
1547654400000,3622.6333
1547668800000,3627.8667
1547683200000,3622.19995
1547697600000,3616.43335
1547712000000,3611.69995
1547726400000,3607.7334
1547740800000,3604.96655
1547755200000,3604.43335
1547769600000,3604.43335
1547784000000,3603.96655
1547798400000,3606.1001
1547812800000,3608.2666
1547827200000,3609.7666
1547841600000,3609.2666
1547856000000,3609.83325
1547870400000,3611.16675
1547884800000,3619.1001
1547899200000,3627.46655
1547913600000,3635.03345
1547928000000,3641.16675
1547942400000,3646.83325
1547956800000,3651.03345
1547971200000,3647.53345
1547985600000,3640
1548000000000,3632.6001
1548014400000,3627.33325
1548028800000,3621.5
1548043200000,3616.93335
1548057600000,3613.16675
1548072000000,3607.66675
1548086400000,3602.3999
1548100800000,3589.5
1548115200000,3578.06665
1548129600000,3565.7666
1548144000000,3555.5
1548158400000,3547.83325
1548172800000,3540.43335
1548187200000,3539.8999
1548201600000,3544.6001
1548216000000,3548.1333
1548230400000,3551
1548244800000,3551.8667
1548259200000,3552.2666
1548273600000,3552.2334
1548288000000,3551.8999
1548302400000,3552.53345
1548316800000,3554.3999
1548331200000,3555.6001
1548345600000,3559.2334
1548360000000,3561.69995
1548374400000,3561
1548388800000,3559.8999
1548403200000,3557
1548417600000,3555.3999
1548432000000,3554.06665
1548446400000,3553.1333
1548460800000,3554.5
1548475200000,3560.1001
1548489600000,3562.46655
1548504000000,3563.69995
1548518400000,3564.2334
1548532800000,3564.06665
1548547200000,3564.33325
1548561600000,3562.5
1548576000000,3560.2334
1548590400000,3558.1333
1548604800000,3557.2334
1548619200000,3556.80005
1548633600000,3550.8667
1548648000000,3543.6333
1548662400000,3533.5
1548676800000,3523.2334
1548691200000,3509.30005
1548705600000,3498.7666
1548720000000,3489.2666
1548734400000,3476.30005
1548748800000,3464.2666
1548763200000,3453.8667
1548777600000,3444.30005
1548792000000,3434.96655
1548806400000,3426.03345
1548820800000,3416.96655
1548835200000,3409.3999
1548849600000,3407.5
1548864000000,3407.33325
1548878400000,3409.03345
1548892800000,3411.3667
1548907200000,3413.96655
1548921600000,3412.6001
1548936000000,3412.96655
1548950400000,3416.56665
1548964800000,3419.06665
1548979200000,3418.53345
1548993600000,3417.1001
1549008000000,3418.83325
1549022400000,3420.66675
1549036800000,3422.7666
1549051200000,3424.19995
1549065600000,3423.8999
1549080000000,3423.2334
1549094400000,3423.6001
1549108800000,3421.80005
1549123200000,3420.80005
1549137600000,3424.56665
1549152000000,3426.33325
1549166400000,3427.03345
1549180800000,3427.66675
1549195200000,3429.33325
1549209600000,3430.69995
1549224000000,3430.30005
1549238400000,3428.96655
1549252800000,3427.2334
1549267200000,3424.69995
1549281600000,3422.8667
1549296000000,3422.33325
1549310400000,3420.30005
1549324800000,3419.3667
1549339200000,3417.8999
1549353600000,3414.96655
1549368000000,3413.46655
1549382400000,3413.3667
1549396800000,3413.7334
1549411200000,3410.80005
1549425600000,3409
1549440000000,3405.66675
1549454400000,3402.66675
1549468800000,3398.93335
1549483200000,3396.69995
1549497600000,3394.1001
1549512000000,3390.93335
1549526400000,3388.19995
1549540800000,3385.1001
1549555200000,3381.33325
1549569600000,3377.03345
1549584000000,3373.2666
1549598400000,3369
1549612800000,3366.43335
1549627200000,3371.06665
1549641600000,3388.19995
1549656000000,3405.33325
1549670400000,3421.53345
1549684800000,3438.8999
1549699200000,3456.3999
1549713600000,3472.16675
1549728000000,3488.6333
1549742400000,3505.83325
1549756800000,3522.66675
1549771200000,3538.7666
1549785600000,3555.30005
1549800000000,3571
1549814400000,3587.69995
1549828800000,3604.96655
1549843200000,3614.8999
1549857600000,3612.46655
1549872000000,3610.2334
1549886400000,3609.5
1549900800000,3608
1549915200000,3605.53345
1549929600000,3603.43335
1549944000000,3600.8999
1549958400000,3597.2666
1549972800000,3594.3667
1549987200000,3594.3667
1550001600000,3593.30005
1550016000000,3593.2666
1550030400000,3591.93335
1550044800000,3587
1550059200000,3585.1333
1550073600000,3583.69995
1550088000000,3583
1550102400000,3581.46655
1550116800000,3579.46655
1550131200000,3577.06665
1550145600000,3576.53345
1550160000000,3576.2334
1550174400000,3575.5
1550188800000,3575.66675
1550203200000,3574.1001
1550217600000,3573.2666
1550232000000,3570.53345
1550246400000,3568.93335
1550260800000,3568.3999
1550275200000,3569.69995
1550289600000,3570.3999
1550304000000,3571.2334
1550318400000,3572.6333
1550332800000,3574.2334
1550347200000,3576
1550361600000,3577.19995
1550376000000,3578.7666
1550390400000,3580.1001
1550404800000,3579.56665
1550419200000,3579.16675
1550433600000,3582.1333
1550448000000,3590.46655
1550462400000,3598.7334
1550476800000,3607.83325
1550491200000,3622.53345
1550505600000,3641.33325
1550520000000,3659.8667
1550534400000,3677.83325
1550548800000,3697.6333
1550563200000,3717.1001
1550577600000,3741.7666
1550592000000,3765.1001
1550606400000,3785.66675
1550620800000,3807.5
1550635200000,3829.16675
1550649600000,3849.46655
1550664000000,3864.5
1550678400000,3880.1001
1550692800000,3895.93335
1550707200000,3905.06665
1550721600000,3909.2666
1550736000000,3911
1550750400000,3912.7334
1550764800000,3912.6333
1550779200000,3914.1001
1550793600000,3911
1550808000000,3907.56665
1550822400000,3910.06665
1550836800000,3912.3999
1550851200000,3915.3999
1550865600000,3916.66675
1550880000000,3918.80005
1550894400000,3919.16675
1550908800000,3919.3667
1550923200000,3917.93335
1550937600000,3929
1550952000000,3943.30005
1550966400000,3961.1333
1550980800000,3979.03345
1550995200000,3994.7334
1551009600000,3985.80005
1551024000000,3977.6333
1551038400000,3964.66675
1551052800000,3954.1001
1551067200000,3942
1551081600000,3931.03345
1551096000000,3921
1551110400000,3915.16675
1551124800000,3906.8999
1551139200000,3900.30005
1551153600000,3879.6333
1551168000000,3858.2334
1551182400000,3834.80005
1551196800000,3811.16675
1551211200000,3788.8999
1551225600000,3790.43335
1551240000000,3792.7334
1551254400000,3797.93335
1551268800000,3799.6333
1551283200000,3802.3667
1551297600000,3803.46655
1551312000000,3804.3999
1551326400000,3801.7334
1551340800000,3801.8999
1551355200000,3802.96655
1551369600000,3803.8667
1551384000000,3803.93335
1551398400000,3803.53345
1551412800000,3803.6001
1551427200000,3804.2334
1551441600000,3805.16675
1551456000000,3806.3667
1551470400000,3805.8667
1551484800000,3806.83325
1551499200000,3806.33325
1551513600000,3807.46655
1551528000000,3807.19995
1551542400000,3807.46655
1551556800000,3806.66675
1551571200000,3804.43335
1551585600000,3804.80005
1551600000000,3806.1001
1551614400000,3805.1001
1551628800000,3804.06665
1551643200000,3802.66675
1551657600000,3800.5
1551672000000,3793.6001
1551686400000,3786.96655
1551700800000,3779.5
1551715200000,3773.53345
1551729600000,3765.93335
1551744000000,3759
1551758400000,3752.8667
1551772800000,3747.1001
1551787200000,3748.33325
1551801600000,3751.1333
1551816000000,3753.69995
1551830400000,3755.7666
1551844800000,3759.1333
1551859200000,3763.6001
1551873600000,3768.06665
1551888000000,3776.2334
1551902400000,3785.96655
1551916800000,3797.30005
1551931200000,3807.83325
1551945600000,3817.8999
1551960000000,3829.1001
1551974400000,3839
1551988800000,3847.80005
1552003200000,3849.7666
1552017600000,3851.1001
1552032000000,3852.80005
1552046400000,3857.1333
1552060800000,3860.8999
1552075200000,3860.06665
1552089600000,3860.6333
1552104000000,3863.7334
1552118400000,3866.7334
1552132800000,3870.06665
1552147200000,3873.2666
1552161600000,3877.69995
1552176000000,3880.19995
1552190400000,3881.7334
1552204800000,3884.1333
1552219200000,3886.3999
1552233600000,3887.2666
1552248000000,3889.03345
1552262400000,3890.80005
1552276800000,3888.69995
1552291200000,3889.6333
1552305600000,3888.19995
1552320000000,3884.66675
1552334400000,3881.43335
1552348800000,3873.96655
1552363200000,3868.30005
1552377600000,3864.46655
1552392000000,3861.1001
1552406400000,3858.93335
1552420800000,3856.69995
1552435200000,3855.5
1552449600000,3854.1333
1552464000000,3850.30005
1552478400000,3846.33325
1552492800000,3845.5
1552507200000,3845.2334
1552521600000,3846.3667
1552536000000,3846.3667
1552550400000,3846.1333
1552564800000,3849.06665
1552579200000,3850.7666
1552593600000,3850.5
1552608000000,3851.19995
1552622400000,3851.3667
1552636800000,3853.1001
1552651200000,3854.83325
1552665600000,3857.43335
1552680000000,3861.2334
1552694400000,3868.2666
1552708800000,3878.2666
1552723200000,3888.7666
1552737600000,3897.03345
1552752000000,3906.2666
1552766400000,3915.8999
1552780800000,3922.6001
1552795200000,3929.7666
1552809600000,3937.06665
1552824000000,3944.53345
1552838400000,3952.19995
1552852800000,3957.46655
1552867200000,3963.3667
1552881600000,3966.96655
1552896000000,3970.93335
1552910400000,3971.43335
1552924800000,3968.6333
1552939200000,3966.06665
1552953600000,3965.83325
1552968000000,3964.66675
1552982400000,3963.30005
1552996800000,3964.8667
1553011200000,3967.2666
1553025600000,3969.3999
1553040000000,3969.69995
1553054400000,3970.8999
1553068800000,3972.8999
1553083200000,3973.56665
1553097600000,3977.19995
1553112000000,3982.03345
1553126400000,3986.46655
1553140800000,3991.3999
1553155200000,3995.7334
1553169600000,3995.2334
1553184000000,3996.1333
1553198400000,3996.3667
1553212800000,3996.1001
1553227200000,3994.3999
1553241600000,3993.30005
1553256000000,3993.7334
1553270400000,3993.7666
1553284800000,3993.06665
1553299200000,3993.19995
1553313600000,3991.96655
1553328000000,3988.43335
1553342400000,3984.80005
1553356800000,3980.6001
1553371200000,3976.96655
1553385600000,3977.46655
1553400000000,3976.7334
1553414400000,3976.83325
1553428800000,3976.53345
1553443200000,3976.16675
1553457600000,3975.2666
1553472000000,3974.5
1553486400000,3972.93335
1553500800000,3972.19995
1553515200000,3968.69995
1553529600000,3962.43335
1553544000000,3957.56665
1553558400000,3953.1333
1553572800000,3948.5
1553587200000,3942.80005
1553601600000,3938.83325
1553616000000,3935.56665
1553630400000,3931.80005
1553644800000,3932.5
1553659200000,3933.7666
1553673600000,3937.30005
1553688000000,3940.16675
1553702400000,3942.8999
1553716800000,3946.6001
1553731200000,3950.66675
1553745600000,3958.53345
1553760000000,3964.8667
1553774400000,3971.93335
1553788800000,3979.1001
1553803200000,3986.80005
1553817600000,3994.19995
1553832000000,4002.30005
1553846400000,4014.3667
1553860800000,4020.93335
1553875200000,4027.3667
1553889600000,4031.83325
1553904000000,4037.03345
1553918400000,4042.56665
1553932800000,4046.16675
1553947200000,4050.19995
1553961600000,4054.30005
1553976000000,4060.2666
1553990400000,4064.8999
1554004800000,4069.56665
1554019200000,4075.33325
1554033600000,4079.16675
1554048000000,4083.1001
1554062400000,4082.80005
1554076800000,4086.56665
1554091200000,4089.33325
1554105600000,4090.69995
1554120000000,4093.43335
1554134400000,4095.8999
1554148800000,4099.5332
1554163200000,4107.0332
1554177600000,4148.3335
1554192000000,4194.6333
1554206400000,4238.8667
1554220800000,4284.56689
1554235200000,4338.5
1554249600000,4403.3335
1554264000000,4461.2998
1554278400000,4519.8335
1554292800000,4578.06689
1554307200000,4646.1001
1554321600000,4704.3335
1554336000000,4759.8335
1554350400000,4820.4668
1554364800000,4877.5332
1554379200000,4932.7666
1554393600000,4942.2002
1554408000000,4950.7002
1554422400000,4960.7334
1554436800000,4972.2998
1554451200000,4978.6001
1554465600000,4974.2334
1554480000000,4977.7998
1554494400000,4982.5332
1554508800000,4982.0332
1554523200000,4972.93311
1554537600000,4974.3667
1554552000000,4984.7666
1554566400000,4992.93311
1554580800000,4995.7334
1554595200000,5003.7998
1554609600000,5023.6001
1554624000000,5037.06689
1554638400000,5051.8667
1554652800000,5064.6665
1554667200000,5077.3999
1554681600000,5095.2998
1554696000000,5111.1001
1554710400000,5117.8335
1554724800000,5133.56689
1554739200000,5146.6001
1554753600000,5165.6665
1554768000000,5173.6001
1554782400000,5177.8335
1554796800000,5189.6333
1554811200000,5195.0332
1554825600000,5200.3667
1554840000000,5205.3667
1554854400000,5212
1554868800000,5219.8667
1554883200000,5223.1665
1554897600000,5225.06689
1554912000000,5235.0332
1554926400000,5246.6665
1554940800000,5244.1665
1554955200000,5244.3335
1554969600000,5228.43311
1554984000000,5214.7998
1554998400000,5204.93311
1555012800000,5193.8667
1555027200000,5181.5332
1555041600000,5169.6665
1555056000000,5162.06689
1555070400000,5152.1665
1555084800000,5139.3667
1555099200000,5128.43311
1555113600000,5116.3667
1555128000000,5095.43311
1555142400000,5078.3999
1555156800000,5070.9668
1555171200000,5063.1001
1555185600000,5064.2334
1555200000000,5065.43311
1555214400000,5064.93311
1555228800000,5066.3667
1555243200000,5069.7998
1555257600000,5073.2334
1555272000000,5079.0332
1555286400000,5085.06689
1555300800000,5092
1555315200000,5095.7334
1555329600000,5099.0332
1555344000000,5093.6665
1555358400000,5091.56689
1555372800000,5088.93311
1555387200000,5088.1333
1555401600000,5088.2998
1555416000000,5090.2334
1555430400000,5098.7002
1555444800000,5108.06689
1555459200000,5118.3999
1555473600000,5127.1001
1555488000000,5133
1555502400000,5135.93311
1555516800000,5141.3335
1555531200000,5147.7002
1555545600000,5155.7998
1555560000000,5173
1555574400000,5186.8667
1555588800000,5200.3999
1555603200000,5215.2666
1555617600000,5229.2334
1555632000000,5238.7998
1555646400000,5242.2666
1555660800000,5245.7998
1555675200000,5249.2334
1555689600000,5254.7666
1555704000000,5257.3667
1555718400000,5264
1555732800000,5269.9668
1555747200000,5275.3999
1555761600000,5278.2002
1555776000000,5281.6665
1555790400000,5287.2002
1555804800000,5292.9668
1555819200000,5294.6001
1555833600000,5293.2998
1555848000000,5296.7998
1555862400000,5297.6001
1555876800000,5300.1333
1555891200000,5298.6001
1555905600000,5297.1001
1555920000000,5298.56689
1555934400000,5298.7666
1555948800000,5302.2998
1555963200000,5307.2666
1555977600000,5314.6665
1555992000000,5329.2998
1556006400000,5344.7334
1556020800000,5359.7002
1556035200000,5377.6001
1556049600000,5395.7002
1556064000000,5415.4668
1556078400000,5429.3335
1556092800000,5438.2998
1556107200000,5451.5332
1556121600000,5461.56689
1556136000000,5470.2666
1556150400000,5478.8999
1556164800000,5481.6333
1556179200000,5487.2002
1556193600000,5489.2002
1556208000000,5485.6665
1556222400000,5456.9668
1556236800000,5432.93311
1556251200000,5404.6665
1556265600000,5379.7334
1556280000000,5350.3335
1556294400000,5324.4668
1556308800000,5305.7002
1556323200000,5284.3999
1556337600000,5267.2002
1556352000000,5248.6001
1556366400000,5229.6001
1556380800000,5214.3999
1556395200000,5194.1665
1556409600000,5174.7002
1556424000000,5154.1333
1556438400000,5159.93311
1556452800000,5159.2998
1556467200000,5157.8667
1556481600000,5157.6665
1556496000000,5160.2002
1556510400000,5165.5
1556524800000,5165.5
1556539200000,5165.8335
1556553600000,5164.2334
1556568000000,5162.8667
1556582400000,5162.3999
1556596800000,5159.06689
1556611200000,5162.2002
1556625600000,5168.06689
1556640000000,5171.8999
1556654400000,5175.6665
1556668800000,5183.8999
1556683200000,5195.2334
1556697600000,5205.8335
1556712000000,5213.5
1556726400000,5223
1556740800000,5234.1001
1556755200000,5247
1556769600000,5259.5332
1556784000000,5274.1333
1556798400000,5290.7998
1556812800000,5307.2334
1556827200000,5319.06689
1556841600000,5333.1665
1556856000000,5356.56689
1556870400000,5385.6333
1556884800000,5412.2334
1556899200000,5436.1665
1556913600000,5459.1665
1556928000000,5489.1665
1556942400000,5518.4668
1556956800000,5545.6333
1556971200000,5559.7334
1556985600000,5577.2002
1557000000000,5604.6665
1557014400000,5628.5
1557028800000,5649.3335
1557043200000,5670.7666
1557057600000,5686.7666
1557072000000,5694.1665
1557086400000,5695.1665
1557100800000,5688.93311
1557115200000,5683.2998
1557129600000,5682
1557144000000,5676.1665
1557158400000,5675.7666
1557172800000,5673.06689
1557187200000,5696.0332
1557201600000,5714.6665
1557216000000,5722.1665
1557230400000,5729.1665
1557244800000,5738.1665
1557259200000,5740
1557273600000,5744.7002
1557288000000,5753.1001
1557302400000,5761.6333
1557316800000,5779.56689
1557331200000,5800.56689
1557345600000,5820.43311
1557360000000,5846.1333
1557374400000,5867.7002
1557388800000,5890.8667
1557403200000,5897.4668
1557417600000,5909.3667
1557432000000,5926.43311
1557446400000,5954.0332
1557460800000,5985.56689
1557475200000,6022.2002
1557489600000,6057.7666
1557504000000,6094.3667
1557518400000,6127.6333
1557532800000,6171.0332
1557547200000,6230.3999
1557561600000,6287.1001
1557576000000,6347.43311
1557590400000,6406.6333
1557604800000,6487.3999
1557619200000,6565
1557633600000,6663.3667
1557648000000,6733.9668
1557662400000,6774.7002
1557676800000,6822.1333
1557691200000,6868.1001
1557705600000,6914.8667
1557720000000,6958.3335
1557734400000,7019.7998
1557748800000,7107.2334
1557763200000,7181.7666
1557777600000,7251.0332
1557792000000,7319.7998
1557806400000,7412.3667
1557820800000,7465.5332
1557835200000,7518.43311
1557849600000,7535.3667
1557864000000,7588.5
1557878400000,7667.6665
1557892800000,7727.2666
1557907200000,7794.1333
1557921600000,7861.5
1557936000000,7940.5
1557950400000,8003.5332
1557964800000,8030.3999
1557979200000,8037.0332
1557993600000,8039.6001
1558008000000,8043.06689
1558022400000,8010.2334
1558036800000,8000.0332
1558051200000,7956.2998
1558065600000,7922.7998
1558080000000,7867.2666
1558094400000,7801.7334
1558108800000,7749.93311
1558123200000,7708.06689
1558137600000,7665.2334
1558152000000,7606.43311
1558166400000,7546.9668
1558180800000,7486.93311
1558195200000,7435.7334
1558209600000,7395.3667
1558224000000,7390.5332
1558238400000,7400.2998
1558252800000,7410.7334
1558267200000,7457.6333
1558281600000,7502.93311
1558296000000,7572.5
1558310400000,7637.7998
1558324800000,7689.3667
1558339200000,7723.7998
1558353600000,7754.3667
1558368000000,7786.93311
1558382400000,7833.2002
1558396800000,7871.9668
1558411200000,7918.8335
1558425600000,7960.2666
1558440000000,7959.1333
1558454400000,7961.7666
1558468800000,7956.1665
1558483200000,7952.43311
1558497600000,7949.8999
1558512000000,7924.1333
1558526400000,7919
1558540800000,7920.0332
1558555200000,7903.7666
1558569600000,7892.5332
1558584000000,7878.1001
1558598400000,7850.2334
1558612800000,7839.4668
1558627200000,7829.2334
1558641600000,7828.7998
1558656000000,7825.3335
1558670400000,7816.06689
1558684800000,7821.6665
1558699200000,7833.5
1558713600000,7843.9668
1558728000000,7855.9668
1558742400000,7857.7334
1558756800000,7862.7334
1558771200000,7895.5
1558785600000,7922.3667
1558800000000,7950.3667
1558814400000,7981.9668
1558828800000,7998.1333
1558843200000,8012.43311
1558857600000,8016.5332
1558872000000,8026.3667
1558886400000,8075.7666
1558900800000,8123.1665
1558915200000,8167.06689
1558929600000,8214.36621
1558944000000,8262.36621
1558958400000,8318.40039
1558972800000,8371.9668
1558987200000,8416.43359
1559001600000,8464.93359
1559016000000,8514.2666
1559030400000,8560.56641
1559044800000,8606.93359
1559059200000,8653.2998
1559073600000,8705.7002
1559088000000,8745.93359
1559102400000,8740.09961
1559116800000,8732.5
1559131200000,8728.0332
1559145600000,8722.4668
1559160000000,8718.7666
1559174400000,8708.83301
1559188800000,8702.43359
1559203200000,8698.2002
1559217600000,8706.9668
1559232000000,8698.09961
1559246400000,8665.5332
1559260800000,8635.7334
1559275200000,8609.2666
1559289600000,8578.7334
1559304000000,8559.86621
1559318400000,8553.90039
1559332800000,8548.06641
1559347200000,8537.36621
1559361600000,8526.66699
1559376000000,8520.90039
1559390400000,8509.7334
1559404800000,8498.0332
1559419200000,8487.2666
1559433600000,8463.09961
1559448000000,8469.2666
1559462400000,8500.86621
1559476800000,8530.9668
1559491200000,8556.36621
1559505600000,8588.09961
1559520000000,8610.2666
1559534400000,8611.2998
1559548800000,8607.5332
1559563200000,8603.56641
1559577600000,8605.2998
1559592000000,8573.5332
1559606400000,8529.90039
1559620800000,8484.7334
1559635200000,8440.7002
1559649600000,8397.36621
1559664000000,8323.33301
1559678400000,8251.13379
1559692800000,8189.8999
1559707200000,8132.7002
1559721600000,8069.1665
1559736000000,7999.7334
1559750400000,7954.5332
1559764800000,7907.1333
1559779200000,7865.06689
1559793600000,7811.4668
1559808000000,7794.6333
1559822400000,7783.0332
1559836800000,7765.3335
1559851200000,7759.1665
1559865600000,7752.06689
1559880000000,7774.6333
1559894400000,7791.6001
1559908800000,7801.2998
1559923200000,7810.8999
1559937600000,7825.06689
1559952000000,7845.93311
1559966400000,7856.2002
1559980800000,7871.2334
1559995200000,7876.8999
1560009600000,7881.3667
1560024000000,7886.56689
1560038400000,7898.4668
1560052800000,7919.93311
1560067200000,7924.7666
1560081600000,7920.0332
1560096000000,7906.6001
1560110400000,7887.3335
1560124800000,7868.4668
1560139200000,7851.6001
1560153600000,7848.0332
1560168000000,7847.43311
1560182400000,7850.06689
1560196800000,7850.6333
1560211200000,7852.2334
1560225600000,7859.6333
1560240000000,7850.5
1560254400000,7843.3667
1560268800000,7841.7666
1560283200000,7844.4668
1560297600000,7861.3667
1560312000000,7878.93311
1560326400000,7903.6001
1560340800000,7939.43311
1560355200000,7969.7666
1560369600000,7985.2998
1560384000000,7997.1665
1560398400000,8007.1333
1560412800000,8014.3999
1560427200000,8029.3667
1560441600000,8048.9668
1560456000000,8078.5332
1560470400000,8106.93311
1560484800000,8131.5332
1560499200000,8155.0332
1560513600000,8182.8335
1560528000000,8209.40039
1560542400000,8255.7334
1560556800000,8286.16699
1560571200000,8322.0332
1560585600000,8355.7666
1560600000000,8400.9668
1560614400000,8450
1560628800000,8498.66699
1560643200000,8553.90039
1560657600000,8627.93359
1560672000000,8688.5332
1560686400000,8756.9668
1560700800000,8801.2334
1560715200000,8848.2998
1560729600000,8898.83301
1560744000000,8949.40039
1560758400000,8991.0332
1560772800000,9027.5
1560787200000,9068
1560801600000,9112.33301
1560816000000,9143.9668
1560830400000,9161.63379
1560844800000,9183.40039
1560859200000,9187.9668
1560873600000,9169.7334
1560888000000,9165.7666
1560902400000,9159.7334
1560916800000,9177.33301
1560931200000,9188.36621
1560945600000,9183.56641
1560960000000,9182.36621
1560974400000,9180.16699
1560988800000,9190.2666
1561003200000,9187.93359
1561017600000,9183.43359
1561032000000,9190.93359
1561046400000,9217.33301
1561060800000,9240.7002
1561075200000,9285.2998
1561089600000,9331
1561104000000,9381.2666
1561118400000,9426
1561132800000,9473.56641
1561147200000,9548.83301
1561161600000,9651.40039
1561176000000,9754.5
1561190400000,9860.7998
1561204800000,9958.33301
1561219200000,10050.7666
1561233600000,10145
1561248000000,10236.5332
1561262400000,10315.667
1561276800000,10386.7334
1561291200000,10452.2002
1561305600000,10532.9004
1561320000000,10600.4336
1561334400000,10655.6338
1561348800000,10713.7002
1561363200000,10754.333
1561377600000,10773.2998
1561392000000,10787.7002
1561406400000,10798.833
1561420800000,10820.833
1561435200000,10867.167
1561449600000,10913.7002
1561464000000,10953.4004
1561478400000,10996.9336
1561492800000,11074.4336
1561507200000,11175.2002
1561521600000,11276
1561536000000,11396.4004
1561550400000,11543.0996
1561564800000,11750.667
1561579200000,11887.5332
1561593600000,12013.2002
1561608000000,12113.5664
1561622400000,12183
1561636800000,12219.333
1561651200000,12186.0332
1561665600000,12170.5
1561680000000,12152.3662
1561694400000,12145.7666
1561708800000,12166.3662
1561723200000,12143.5664
1561737600000,12134.2998
1561752000000,12115.9336
1561766400000,12025.4004
1561780800000,11888.0996
1561795200000,11822.0664
1561809600000,11761.4004
1561824000000,11725.0996
1561838400000,11710.667
1561852800000,11740.8662
1561867200000,11797.2998
1561881600000,11820.9004
1561896000000,11818.333
1561910400000,11815.333
1561924800000,11728.333
1561939200000,11673.5
1561953600000,11578
1561968000000,11484.5664
1561982400000,11408.0996
1561996800000,11299.4336
1562011200000,11208.333
1562025600000,11102.7334
1562040000000,10967.667
1562054400000,10841.9336
1562068800000,10739.2666
1562083200000,10676.333
1562097600000,10631.6338
1562112000000,10650.0664
1562126400000,10652.9336
1562140800000,10682.5
1562155200000,10707.3662
1562169600000,10731.9336
1562184000000,10799.0664
1562198400000,10903.7666
1562212800000,11005.0664
1562227200000,11083.5
1562241600000,11181.7334
1562256000000,11317.7334
1562270400000,11395.1338
1562284800000,11430.0996
1562299200000,11443.2002
1562313600000,11467.2334
1562328000000,11463.2666
1562342400000,11454.7666
1562356800000,11440.2998
1562371200000,11445.167
1562385600000,11457.9668
1562400000000,11420.833
1562414400000,11402.5
1562428800000,11389.7666
1562443200000,11355.4004
1562457600000,11312.833
1562472000000,11267.1338
1562486400000,11280.2666
1562500800000,11288.2334
1562515200000,11329.4004
1562529600000,11347.7666
1562544000000,11357.9336
1562558400000,11381.1338
1562572800000,11446.2666
1562587200000,11470.9004
1562601600000,11520.9004
1562616000000,11578.4668
1562630400000,11648.2666
1562644800000,11712.2998
1562659200000,11786.5332
1562673600000,11871
1562688000000,11958.7002
1562702400000,12040.2002
1562716800000,12156.5996
1562731200000,12244.9004
1562745600000,12346.833
1562760000000,12410.2666
1562774400000,12449.0332
1562788800000,12457.167
1562803200000,12443.7998
1562817600000,12403.167
1562832000000,12356.9336
1562846400000,12281.167
1562860800000,12221.7666
1562875200000,12154.0664
1562889600000,12071.9668
1562904000000,12016.167
1562918400000,11958.0996
1562932800000,11860.5664
1562947200000,11776.4668
1562961600000,11696.2666
1562976000000,11646.9668
1562990400000,11610.0332
1563004800000,11557.0996
1563019200000,11537.9004
1563033600000,11509.167
1563048000000,11494.0664
1563062400000,11477.2002
1563076800000,11446.7666
1563091200000,11403.0664
1563105600000,11352.9004
1563120000000,11273.4668
1563134400000,11173.167
1563148800000,11087.5332
1563163200000,11000.0664
1563177600000,10899.7666
1563192000000,10828.5996
1563206400000,10784.5664
1563220800000,10755.2998
1563235200000,10709.5996
1563249600000,10681.8662
1563264000000,10637.8662
1563278400000,10586.0996
1563292800000,10488.5332
1563307200000,10404.6338
1563321600000,10337.0332
1563336000000,10276.7002
1563350400000,10209.2666
1563364800000,10175.3662
1563379200000,10136.6338
1563393600000,10096.2998
1563408000000,10041.5664
1563422400000,9972.0332
1563436800000,9899.2998
1563451200000,9881.2998
1563465600000,9865.59961
1563480000000,9861.2998
1563494400000,9867.2334
1563508800000,9931.86621
1563523200000,9990.09961
1563537600000,10056.0996
1563552000000,10110.833
1563566400000,10200.333
1563580800000,10253
1563595200000,10309.4336
1563609600000,10369.167
1563624000000,10430.333
1563638400000,10505.167
1563652800000,10571.5
1563667200000,10579.9668
1563681600000,10584.7002
1563696000000,10579.4004
1563710400000,10568.9004
1563724800000,10553.3662
1563739200000,10572.8662
1563753600000,10587.0996
1563768000000,10600.4336
1563782400000,10603.0332
1563796800000,10583.0996
1563811200000,10552.5332
1563825600000,10534.5
1563840000000,10506.4004
1563854400000,10445.7666
1563868800000,10395.4668
1563883200000,10352.7666
1563897600000,10321.833
1563912000000,10273.6338
1563926400000,10219.4004
1563940800000,10171.1338
1563955200000,10112.4004
1563969600000,10064.4668
1563984000000,10001.2334
1563998400000,9948.5
1564012800000,9941.33301
1564027200000,9937.0332
1564041600000,9922.2998
1564056000000,9906.09961
1564070400000,9895.63379
1564084800000,9886.63379
1564099200000,9870.86621
1564113600000,9846.2998
1564128000000,9843.2998
1564142400000,9853.93359
1564156800000,9865.5
1564171200000,9874.86621
1564185600000,9891.2998
1564200000000,9920.2002
1564214400000,9901.36621
1564228800000,9854.7998
1564243200000,9809.7002
1564257600000,9767.40039
1564272000000,9732
1564286400000,9706.2002
1564300800000,9682.56641
1564315200000,9668.90039
1564329600000,9652.9668
1564344000000,9635.06641
1564358400000,9624.09961
1564372800000,9606.5
1564387200000,9580.4668
1564401600000,9538.13379
1564416000000,9497.0332
1564430400000,9498.09961
1564444800000,9498.2334
1564459200000,9505.13379
1564473600000,9509.86621
1564488000000,9526.2998
1564502400000,9534.7334
1564516800000,9539.66699
1564531200000,9551.7998
1564545600000,9566.09961
1564560000000,9581.56641
1564574400000,9609.7002
1564588800000,9636.7998
1564603200000,9679.13379
1564617600000,9712.2666
1564632000000,9746.13379
1564646400000,9777.56641
1564660800000,9817.63379
1564675200000,9870.13379
1564689600000,9928.66699
1564704000000,9972.5
1564718400000,10035.4336
1564732800000,10095.0332
1564747200000,10157.2002
1564761600000,10205.5
1564776000000,10256.5996
1564790400000,10305.4004
1564804800000,10360.7334
1564819200000,10406.167
1564833600000,10456.333
1564848000000,10516
1564862400000,10572.333
1564876800000,10622.833
1564891200000,10649.833
1564905600000,10668.4336
1564920000000,10709.7998
1564934400000,10737.2998
1564948800000,10770.5332
1564963200000,10835.5332
1564977600000,10918.2002
1564992000000,11003.8662
1565006400000,11070.9668
1565020800000,11133.0664
1565035200000,11202.7334
1565049600000,11264.2002
1565064000000,11353.7002
1565078400000,11417.667
1565092800000,11480
1565107200000,11547.2666
1565121600000,11598.9668
1565136000000,11641.7666
1565150400000,11679.4336
1565164800000,11730.1338
1565179200000,11735.0996
1565193600000,11739.4004
1565208000000,11751.0996
1565222400000,11762.7998
1565236800000,11773.0996
1565251200000,11773.667
1565265600000,11774.333
1565280000000,11731.5
1565294400000,11747.7334
1565308800000,11758.7998
1565323200000,11769.2334
1565337600000,11784.5996
1565352000000,11790.2334
1565366400000,11808.7002
1565380800000,11817.2998
1565395200000,11829.0664
1565409600000,11833.4336
1565424000000,11790.1338
1565438400000,11751.7666
1565452800000,11710.6338
1565467200000,11674.5332
1565481600000,11653.5332
1565496000000,11638.7666
1565510400000,11601.7666
1565524800000,11568.2002
1565539200000,11536
1565553600000,11526.2666
1565568000000,11508.167
1565582400000,11481.7334
1565596800000,11445.5
1565611200000,11415.333
1565625600000,11389.0664
1565640000000,11392.9004
1565654400000,11393.333
1565668800000,11396.4336
1565683200000,11394.2666
1565697600000,11363.5996
1565712000000,11333.5996
1565726400000,11293.2666
1565740800000,11241.833
1565755200000,11188.5
1565769600000,11119.833
1565784000000,11055.2666
1565798400000,10970.0996
1565812800000,10882.9336
1565827200000,10778.2002
1565841600000,10671.167
1565856000000,10587.167
1565870400000,10500
1565884800000,10416.6338
1565899200000,10352.9336
1565913600000,10313.2334
1565928000000,10247.8662
1565942400000,10199.833
1565956800000,10186.0664
1565971200000,10178.5332
1565985600000,10167.167
1566000000000,10155.8662
1566014400000,10171.2998
1566028800000,10191.7998
1566043200000,10225.5332
1566057600000,10246.7334
1566072000000,10251.2334
1566086400000,10253.0332
1566100800000,10255.2998
1566115200000,10263.2666
1566129600000,10268.4668
1566144000000,10298.833
1566158400000,10310.5
1566172800000,10311.0332
1566187200000,10328.5996
1566201600000,10351.8662
1566216000000,10379.2998
1566230400000,10401.4336
1566244800000,10441.2666
1566259200000,10472.9336
1566273600000,10517.4668
1566288000000,10551.4668
1566302400000,10592.5664
1566316800000,10633.0996
1566331200000,10657.2998
1566345600000,10650.0332
1566360000000,10632.2666
1566374400000,10621.0664
1566388800000,10591.7334
1566403200000,10549.7334
1566417600000,10511.5
1566432000000,10454.9336
1566446400000,10406.4668
1566460800000,10341.9668
1566475200000,10296.2002
1566489600000,10252.5664
1566504000000,10212.5996
1566518400000,10173.833
1566532800000,10140.0996
1566547200000,10097.7998
1566561600000,10106
1566576000000,10126.9668
1566590400000,10144.2998
1566604800000,10171.667
1566619200000,10186.9668
1566633600000,10179.0664
1566648000000,10187.5996
1566662400000,10196.8662
1566676800000,10208.7334
1566691200000,10210.4004
1566705600000,10207.333
1566720000000,10208.5
1566734400000,10202.9004
1566748800000,10191.5996
1566763200000,10191.8662
1566777600000,10183.7334
1566792000000,10178.7998
1566806400000,10177.2334
1566820800000,10173.9336
1566835200000,10173.5996
1566849600000,10197.6338
1566864000000,10210.0332
1566878400000,10214.2998
1566892800000,10212.4004
1566907200000,10215.4668
1566921600000,10217.7666
1566936000000,10220.9336
1566950400000,10222.4004
1566964800000,10228.8662
1566979200000,10229.0664
1566993600000,10226.0996
1567008000000,10179.833
1567022400000,10134.4004
1567036800000,10084.9336
1567051200000,10022.6338
1567065600000,9961.43359
1567080000000,9916.06641
1567094400000,9870.63379
1567108800000,9829.40039
1567123200000,9781.5
1567137600000,9735
1567152000000,9693.59961
1567166400000,9660.06641
1567180800000,9621
1567195200000,9582.9668
1567209600000,9541.2666
1567224000000,9537.16699
1567238400000,9528.2998
1567252800000,9528.7334
1567267200000,9541.7998
1567281600000,9552.06641
1567296000000,9560.90039
1567310400000,9569.83301
1567324800000,9576.13379
1567339200000,9586.2998
1567353600000,9597.33301
1567368000000,9611.4668
1567382400000,9623.36621
1567396800000,9636.2998
1567411200000,9653.90039
1567425600000,9673.2998
1567440000000,9712.7334
1567454400000,9767.0332
1567468800000,9821.2998
1567483200000,9875.40039
1567497600000,9930.63379
1567512000000,10003.0664
1567526400000,10073
1567540800000,10143.0332
1567555200000,10210.7334
1567569600000,10273.7334
1567584000000,10324.7334
1567598400000,10368.7666
1567612800000,10432.3662
1567627200000,10481.6338
1567641600000,10526.333
1567656000000,10551.9336
1567670400000,10565.6338
1567684800000,10576.4336
1567699200000,10587.0996
1567713600000,10597.4004
1567728000000,10594.5664
1567742400000,10600.2666
1567756800000,10616.5996
1567771200000,10633.4336
1567785600000,10620.9004
1567800000000,10605.9336
1567814400000,10600.7002
1567828800000,10578.4668
1567843200000,10568.2998
1567857600000,10561.5
1567872000000,10557.0664
1567886400000,10550.5664
1567900800000,10550
1567915200000,10549.5332
1567929600000,10538.0332
1567944000000,10520
1567958400000,10492.6338
1567972800000,10459.6338
1567987200000,10420.5332
1568001600000,10403.667
1568016000000,10410.7002
1568030400000,10408.5332
1568044800000,10402
1568059200000,10393.5664
1568073600000,10381.167
1568088000000,10365.7998
1568102400000,10349.6338
1568116800000,10323.333
1568131200000,10286.3662
1568145600000,10264.833
1568160000000,10242.7666
1568174400000,10222.2334
1568188800000,10199.7666
1568203200000,10177.7666
1568217600000,10173.667
1568232000000,10155.9668
1568246400000,10141.9668
1568260800000,10126.9668
1568275200000,10117.4668
1568289600000,10119.8662
1568304000000,10123.4668
1568318400000,10135.5
1568332800000,10150.7666
1568347200000,10172.9336
1568361600000,10188.9004
1568376000000,10205.2002
1568390400000,10217.167
1568404800000,10238.2334
1568419200000,10261.3662
1568433600000,10279.5664
1568448000000,10290.0332
1568462400000,10308.333
1568476800000,10329.7002
1568491200000,10343.3662
1568505600000,10343.4668
1568520000000,10344.0664
1568534400000,10337.167
1568548800000,10331.8662
1568563200000,10330.7998
1568577600000,10329.0996
1568592000000,10329.5
1568606400000,10335.9336
1568620800000,10330.4004
1568635200000,10317.9336
1568649600000,10303.7666
1568664000000,10301.0332
1568678400000,10292.7998
1568692800000,10281.333
1568707200000,10268.4004
1568721600000,10260.2666
1568736000000,10255.5996
1568750400000,10246.167
1568764800000,10239.9336
1568779200000,10234.1338
1568793600000,10224.7334
1568808000000,10215.5332
1568822400000,10206.7998
1568836800000,10198.9336
1568851200000,10177.6338
1568865600000,10161.0332
1568880000000,10133.7666
1568894400000,10109.1338
1568908800000,10102.2998
1568923200000,10109.4004
1568937600000,10110.833
1568952000000,10103.4336
1568966400000,10102.2334
1568980800000,10098.7998
1568995200000,10094.3662
1569009600000,10095.2334
1569024000000,10091.8662
1569038400000,10085.0996
1569052800000,10076.7998
1569067200000,10091.9336
1569081600000,10100.0996
1569096000000,10107.4004
1569110400000,10106.2002
1569124800000,10100.0996
1569139200000,10081.4668
1569153600000,10064.9336
1569168000000,10053.333
1569182400000,10043.3662
1569196800000,10029.4004
1569211200000,10011.5
1569225600000,9993.09961
1569240000000,9974.43359
1569254400000,9954.83301
1569268800000,9931
1569283200000,9908.7002
1569297600000,9891.13379
1569312000000,9873.90039
1569326400000,9848.66699
1569340800000,9738.59961
1569355200000,9640.59961
1569369600000,9548.2002
1569384000000,9439.4668
1569398400000,9326.40039
1569412800000,9214.86621
1569427200000,9112.7002
1569441600000,9015.2334
1569456000000,8916.59961
1569470400000,8823.40039
1569484800000,8737.66699
1569499200000,8618.7334
1569513600000,8510.5332
1569528000000,8399.43359
1569542400000,8301.09961
1569556800000,8279.06641
1569571200000,8242.33301
1569585600000,8202.2666
1569600000000,8178.93311
1569614400000,8170
1569628800000,8163.2998
1569643200000,8154.8667
1569657600000,8135.2998
1569672000000,8116.3667
1569686400000,8101.2666
1569700800000,8088.8667
1569715200000,8103.6333
1569729600000,8102.6333
1569744000000,8105.7002
1569758400000,8102.7998
1569772800000,8097.2998
1569787200000,8102.3335
1569801600000,8101.2666
1569816000000,8087.3335
1569830400000,8077.2334
1569844800000,8083.93311
1569859200000,8087.7998
1569873600000,8097.7002
1569888000000,8120.06689
1569902400000,8137.5332
1569916800000,8148.56689
1569931200000,8165.2666
1569945600000,8179.3335
1569960000000,8194.56641
1569974400000,8214.7666
1569988800000,8232.33301
1570003200000,8247.83301
1570017600000,8265.09961
1570032000000,8296.40039
1570046400000,8319.0332
1570060800000,8322.5332
1570075200000,8321.90039
1570089600000,8317.56641
1570104000000,8296.4668
1570118400000,8278.33301
1570132800000,8269.13379
1570147200000,8250.4668
1570161600000,8238.83301
1570176000000,8227.7334
1570190400000,8220.06641
1570204800000,8218.36621
1570219200000,8209.2666
1570233600000,8202.7998
1570248000000,8193.36621
1570262400000,8174.7002
1570276800000,8157.8335
1570291200000,8145.1333
1570305600000,8139.2666
1570320000000,8135.6001
1570334400000,8123.7002
1570348800000,8105.0332
1570363200000,8099.43311
1570377600000,8083.1001
1570392000000,8063.6333
1570406400000,8044.3667
1570420800000,8022.2334
1570435200000,8011.56689
1570449600000,8014.6333
1570464000000,8021.7334
1570478400000,8029.2002
1570492800000,8041.43311
1570507200000,8050.3667
1570521600000,8052.8667
1570536000000,8061.3667
1570550400000,8074.06689
1570564800000,8088.7998
1570579200000,8095.2666
1570593600000,8113.7334
1570608000000,8135.6333
1570622400000,8182.6001
1570636800000,8231.83301
1570651200000,8271.7334
1570665600000,8297.13379
1570680000000,8323.83301
1570694400000,8346.90039
1570708800000,8366.13379
1570723200000,8390.90039
1570737600000,8418.36621
1570752000000,8445.2002
1570766400000,8461.0332
1570780800000,8469.7998
1570795200000,8485.13379
1570809600000,8497.09961
1570824000000,8502.90039
1570838400000,8486.16699
1570852800000,8469.33301
1570867200000,8452.16699
1570881600000,8440.5332
1570896000000,8420.33301
1570910400000,8404.2998
1570924800000,8390
1570939200000,8372.90039
1570953600000,8358.16699
1570968000000,8347.43359
1570982400000,8350.5332
1570996800000,8348.90039
1571011200000,8345.36621
1571025600000,8342.86621
1571040000000,8344.36621
1571054400000,8340.40039
1571068800000,8340
1571083200000,8341.90039
1571097600000,8337.06641
1571112000000,8335.2998
1571126400000,8334.5
1571140800000,8333.16699
1571155200000,8322.86621
1571169600000,8308.86621
1571184000000,8291.7002
1571198400000,8271.33301
1571212800000,8255.7666
1571227200000,8232.2334
1571241600000,8208.5332
1571256000000,8188.6665
1571270400000,8169.2666
1571284800000,8144.7666
1571299200000,8125.5
1571313600000,8109.3335
1571328000000,8093.93311
1571342400000,8078.9668
1571356800000,8062.2998
1571371200000,8044.7334
1571385600000,8028.93311
1571400000000,8012.43311
1571414400000,7999.7998
1571428800000,7993.5
1571443200000,7993.6333
1571457600000,7992.5
1571472000000,7989.3335
1571486400000,7991
1571500800000,7991.5
1571515200000,7984.3999
1571529600000,7973.5
1571544000000,7963.6333
1571558400000,7954.8667
1571572800000,7951.7998
1571587200000,7973.6665
1571601600000,7993.9668
1571616000000,8014.8335
1571630400000,8033.1665
1571644800000,8051.9668
1571659200000,8068.3999
1571673600000,8085.7334
1571688000000,8102.8667
1571702400000,8117.43311
1571716800000,8133.56689
1571731200000,8155.2666
1571745600000,8175.56689
1571760000000,8192.59961
1571774400000,8197.66699
1571788800000,8192.63379
1571803200000,8174.0332
1571817600000,8157.2334
1571832000000,8103.5332
1571846400000,8054.2998
1571860800000,8002.7002
1571875200000,7950.4668
1571889600000,7898.9668
1571904000000,7847.8667
1571918400000,7796.6333
1571932800000,7746.8999
1571947200000,7689.06689
1571961600000,7637.6333
1571976000000,7590.93311
1571990400000,7561.8335
1572004800000,7584.93311
1572019200000,7630.1001
1572033600000,7676
1572048000000,7821.6665
1572062400000,7956.6665
1572076800000,8075.1665
1572091200000,8194.93359
1572105600000,8301.7666
1572120000000,8423.2666
1572134400000,8538.33301
1572148800000,8651.7666
1572163200000,8777.06641
1572177600000,8917.2666
1572192000000,9068.56641
1572206400000,9199.36621
1572220800000,9289.40039
1572235200000,9345.0332
1572249600000,9395.7998
1572264000000,9382.4668
1572278400000,9376.90039
1572292800000,9376.0332
1572307200000,9382.7666
1572321600000,9412.16699
1572336000000,9424.43359
1572350400000,9437.83301
1572364800000,9441.83301
1572379200000,9451.06641
1572393600000,9434.09961
1572408000000,9396.16699
1572422400000,9367.33301
1572436800000,9330.59961
1572451200000,9313.2002
1572465600000,9295.7666
1572480000000,9276.16699
1572494400000,9254.90039
1572508800000,9247.9668
1572523200000,9243.5332
1572537600000,9228.2666
1572552000000,9208.90039
1572566400000,9189.7666
1572580800000,9182.0332
1572595200000,9165.06641
1572609600000,9152.0332
1572624000000,9153.4668
1572638400000,9163
1572652800000,9173.83301
1572667200000,9175.56641
1572681600000,9182.59961
1572696000000,9197.56641
1572710400000,9212.86621
1572724800000,9225.66699
1572739200000,9233.2334
1572753600000,9234.93359
1572768000000,9235.9668
1572782400000,9242.63379
1572796800000,9244.66699
1572811200000,9246.33301
1572825600000,9250.13379
1572840000000,9250.36621
1572854400000,9251.66699
1572868800000,9254.7998
1572883200000,9257.09961
1572897600000,9267
1572912000000,9273.5332
1572926400000,9266.06641
1572940800000,9264.7666
1572955200000,9266.66699
1572969600000,9276
1572984000000,9285.66699
1572998400000,9294.5332
1573012800000,9311.2002
1573027200000,9323.59961
1573041600000,9336.2998
1573056000000,9343.63379
1573070400000,9348.40039
1573084800000,9347.7334
1573099200000,9346.2334
1573113600000,9331.7998
1573128000000,9314.83301
1573142400000,9312.90039
1573156800000,9307.06641
1573171200000,9297.09961
1573185600000,9278.90039
1573200000000,9258.56641
1573214400000,9223.56641
1573228800000,9183.2666
1573243200000,9141.59961
1573257600000,9107.16699
1573272000000,9074.59961
1573286400000,9039.5
1573300800000,9006.2002
1573315200000,8973.7334
1573329600000,8947.7666
1573344000000,8920.43359
1573358400000,8896.90039
1573372800000,8872.16699
1573387200000,8843.5
1573401600000,8837.7002
1573416000000,8839.2998
1573430400000,8854.43359
1573444800000,8854.2666
1573459200000,8851.2002
1573473600000,8842.4668
1573488000000,8837.90039
1573502400000,8830.90039
1573516800000,8826.7002
1573531200000,8826.7666
1573545600000,8821.40039
1573560000000,8814.7666
1573574400000,8809.2998
1573588800000,8807.7666
1573603200000,8802.33301
1573617600000,8781.2002
1573632000000,8762.63379
1573646400000,8743.59961
1573660800000,8741.36621
1573675200000,8743.93359
1573689600000,8747.66699
1573704000000,8740.56641
1573718400000,8733.43359
1573732800000,8725.83301
1573747200000,8717
1573761600000,8710.2998
1573776000000,8701.5
1573790400000,8687.2334
1573804800000,8673.9668
1573819200000,8657
1573833600000,8640.40039
1573848000000,8620.5
1573862400000,8601.59961
1573876800000,8582.5332
1573891200000,8563.2002
1573905600000,8545.56641
1573920000000,8534.33301
1573934400000,8525.90039
1573948800000,8516
1573963200000,8501.7998
1573977600000,8495
1573992000000,8494.2334
1574006400000,8494.9668
1574020800000,8487.7666
1574035200000,8488.66699
1574049600000,8486.2002
1574064000000,8484.16699
1574078400000,8480.86621
1574092800000,8462.43359
1574107200000,8442.90039
1574121600000,8419.16699
1574136000000,8395.13379
1574150400000,8367.0332
1574164800000,8341.7334
1574179200000,8319.9668
1574193600000,8293.0332
1574208000000,8265.7002
1574222400000,8236
1574236800000,8207.2334
1574251200000,8183.1001
1574265600000,8158.6001
1574280000000,8135.3667
1574294400000,8115.7334
1574308800000,8107.2666
1574323200000,8085.3667
1574337600000,8049.3667
1574352000000,8016.06689
1574366400000,7986.3335
1574380800000,7952.56689
1574395200000,7916.2334
1574409600000,7847.5
1574424000000,7780.3667
1574438400000,7726.2334
1574452800000,7672.6001
1574467200000,7616.8667
1574481600000,7557.5
1574496000000,7497.3335
1574510400000,7443.56689
1574524800000,7391.5
1574539200000,7356.1333
1574553600000,7330.8335
1574568000000,7302.3667
1574582400000,7275.2666
1574596800000,7235.56689
1574611200000,7201.43311
1574625600000,7188.6665
1574640000000,7159.4668
1574654400000,7117.7666
1574668800000,7091.3999
1574683200000,7089.3667
1574697600000,7090.6333
1574712000000,7086.7666
1574726400000,7082.1001
1574740800000,7074.06689
1574755200000,7064.1001
1574769600000,7055.6665
1574784000000,7048.2666
1574798400000,7044.7666
1574812800000,7050.1001
1574827200000,7051.6333
1574841600000,7068.2002
1574856000000,7110.7334
1574870400000,7170.5
1574884800000,7213.7002
1574899200000,7230.5332
1574913600000,7250.7334
1574928000000,7275.2002
1574942400000,7300.9668
1574956800000,7331.0332
1574971200000,7348.1665
1574985600000,7375.2002
1575000000000,7404.8667
1575014400000,7429.3667
1575028800000,7479.06689
1575043200000,7523.2998
1575057600000,7563.5332
1575072000000,7592.43311
1575086400000,7604.6001
1575100800000,7613.8667
1575115200000,7616.8335
1575129600000,7616.8335
1575144000000,7621.2334
1575158400000,7599.5
1575172800000,7576.5332
1575187200000,7569.1001
1575201600000,7556.3667
1575216000000,7545
1575230400000,7536.5332
1575244800000,7506.06689
1575259200000,7474.43311
1575273600000,7443.7334
1575288000000,7414.5332
1575302400000,7382.56689
1575316800000,7358.1665
1575331200000,7345
1575345600000,7330.7666
1575360000000,7311.6333
1575374400000,7314.6665
1575388800000,7317.93311
1575403200000,7316.2998
1575417600000,7305.9668
1575432000000,7291.5332
1575446400000,7278.6001
1575460800000,7285.7998
1575475200000,7301.43311
1575489600000,7294.8999
1575504000000,7288.4668
1575518400000,7290.2998
1575532800000,7294.93311
1575547200000,7293.56689
1575561600000,7299.2666
1575576000000,7307.2998
1575590400000,7309.7334
1575604800000,7312.2998
1575619200000,7315.7002
1575633600000,7330.2998
1575648000000,7351.0332
1575662400000,7373.3335
1575676800000,7378.3335
1575691200000,7381.6333
1575705600000,7404.1333
1575720000000,7424.6001
1575734400000,7439.1333
1575748800000,7448.0332
1575763200000,7453.2334
1575777600000,7457.8667
1575792000000,7467.2002
1575806400000,7479.5332
1575820800000,7490.06689
1575835200000,7501.6333
1575849600000,7511.5332
1575864000000,7513.5
1575878400000,7509.2998
1575892800000,7500.8667
1575907200000,7490.1333
1575921600000,7476.7998
1575936000000,7466.7334
1575950400000,7454.4668
1575964800000,7443.43311
1575979200000,7431.5
1575993600000,7416.6001
1576008000000,7395.93311
1576022400000,7372.2666
1576036800000,7351.2002
1576051200000,7331.56689
1576065600000,7307.93311
1576080000000,7288.93311
1576094400000,7270.2666
1576108800000,7252.43311
1576123200000,7236.4668
1576137600000,7226.3999
1576152000000,7213.43311
1576166400000,7203.6333
1576180800000,7193.2998
1576195200000,7191.8667
1576209600000,7191.6001
1576224000000,7191.2334
1576238400000,7193.8667
1576252800000,7196.56689
1576267200000,7198
1576281600000,7203.8335
1576296000000,7208.1001
1576310400000,7207.2002
1576324800000,7200.56689
1576339200000,7196.43311
1576353600000,7187.9668
1576368000000,7179.2334
1576382400000,7175.56689
1576396800000,7170.1333
1576411200000,7163.1665
1576425600000,7155.1333
1576440000000,7148.2002
1576454400000,7136.0332
1576468800000,7123
1576483200000,7111.5
1576497600000,7099.7666
1576512000000,7075.8335
1576526400000,7055.3999
1576540800000,7043.5332
1576555200000,7029.56689
1576569600000,7021.3335
1576584000000,6997.5332
1576598400000,6962.3667
1576612800000,6929.7666
1576627200000,6901.3999
1576641600000,6868.7666
1576656000000,6835.3667
1576670400000,6819.2998
1576684800000,6812.7666
1576699200000,6827.1001
1576713600000,6832.9668
1576728000000,6845.7998
1576742400000,6863.6333
1576756800000,6881.2998
1576771200000,6902.1001
1576785600000,6916.2666
1576800000000,6945.2998
1576814400000,6980.3667
1576828800000,7015.3667
1576843200000,7046.5332
1576857600000,7084.7998
1576872000000,7123.3667
1576886400000,7146.2998
1576900800000,7158.0332
1576915200000,7148.8335
1576929600000,7146.8335
1576944000000,7150.7002
1576958400000,7150.3667
1576972800000,7150.1001
1576987200000,7150.7334
1577001600000,7151.5
1577016000000,7155.2002
1577030400000,7172.7334
1577044800000,7197.1333
1577059200000,7226.8667
1577073600000,7247.8999
1577088000000,7272.5
1577102400000,7300.6665
1577116800000,7320.6001
1577131200000,7331.2998
1577145600000,7342.9668
1577160000000,7350.2002
1577174400000,7365.3667
1577188800000,7374.2666
1577203200000,7378
1577217600000,7384.3667
1577232000000,7387.7334
1577246400000,7377.4668
1577260800000,7357.7998
1577275200000,7330.1333
1577289600000,7312
1577304000000,7287.8999
1577318400000,7260.5332
1577332800000,7244.8335
1577347200000,7236.1333
1577361600000,7230.56689
1577376000000,7233.2998
1577390400000,7221.8667
1577404800000,7218.06689
1577419200000,7212.93311
1577433600000,7202.9668
1577448000000,7202.5332
1577462400000,7199.6333
1577476800000,7201.8667
1577491200000,7208.2998
1577505600000,7212.2666
1577520000000,7218.43311
1577534400000,7226.1665
1577548800000,7235.1333
1577563200000,7243.2002
1577577600000,7247.7666
1577592000000,7248.5
1577606400000,7257.5332
1577620800000,7268.8335
1577635200000,7288.8335
1577649600000,7307.3999
1577664000000,7314.9668
1577678400000,7325.56689
1577692800000,7329.1001
1577707200000,7326.5332
1577721600000,7321.2334
1577736000000,7316.6333
1577750400000,7311.4668
1577764800000,7304.5
1577779200000,7299.3999
1577793600000,7291.5332
1577808000000,7281.4668
1577822400000,7270.6333
1577836800000,7258.56689
1577851200000,7240.1001
1577865600000,7226.43311
1577880000000,7217.93311
1577894400000,7207.7666
1577908800000,7200.06689
1577923200000,7190.7998
1577937600000,7182.1001
1577952000000,7175.56689
1577966400000,7168.5332
1577980800000,7151
1577995200000,7132.5
1578009600000,7116.2998
1578024000000,7118.56689
1578038400000,7129.0332
1578052800000,7136.43311
1578067200000,7146
1578081600000,7156.7002
1578096000000,7164.6001
1578110400000,7173.3999
1578124800000,7182.8999
1578139200000,7196.5
1578153600000,7212.7334
1578168000000,7227.7334
1578182400000,7251.56689
1578196800000,7284.6665
1578211200000,7316.3667
1578225600000,7351.43311
1578240000000,7367.8667
1578254400000,7369.43311
1578268800000,7384.5332
1578283200000,7396.0332
1578297600000,7409.06689
1578312000000,7421.4668
1578326400000,7434.5332
1578340800000,7463.6333
1578355200000,7503.2666
1578369600000,7540.2002
1578384000000,7576.43311
1578398400000,7596.43311
1578412800000,7637.7666
1578427200000,7686.4668
1578441600000,7742.7002
1578456000000,7800.2002
1578470400000,7865.9668
1578484800000,7916.9668
1578499200000,7947.5
1578513600000,7981.7334
1578528000000,8010.4668
1578542400000,8037.56689
1578556800000,8045.0332
1578571200000,8045.06689
1578585600000,8047.7002
1578600000000,8042.6001
1578614400000,8044.7666
1578628800000,8021.8999
1578643200000,8000.3999
1578657600000,7984.3667
1578672000000,7969.0332
1578686400000,7959.9668
1578700800000,7950.7334
1578715200000,7958.2998
1578729600000,7957.7334
1578744000000,7967.5
1578758400000,7981.3667
1578772800000,7991.6001
1578787200000,8003.6665
1578801600000,8015.3667
1578816000000,8034.7998
1578830400000,8058.1001
1578844800000,8083.8667
1578859200000,8107.5332
1578873600000,8109.8667
1578888000000,8109.7334
1578902400000,8101.1001
1578916800000,8095.1333
1578931200000,8097.43311
1578945600000,8101.7998
1578960000000,8126.93311
1578974400000,8150.8335
1578988800000,8184.56689
1579003200000,8225.93359
1579017600000,8272.09961
1579032000000,8320.40039
1579046400000,8358.90039
1579060800000,8391.5332
1579075200000,8427.59961
1579089600000,8471.40039
1579104000000,8517.86621
1579118400000,8567.43359
1579132800000,8604.63379
1579147200000,8641.7666
1579161600000,8682.5332
1579176000000,8698.43359
1579190400000,8710.5332
1579204800000,8723.0332
1579219200000,8728.2998
1579233600000,8738.16699
1579248000000,8742.66699
1579262400000,8750.2666
1579276800000,8767.33301
1579291200000,8779.06641
1579305600000,8790.4668
1579320000000,8795.86621
1579334400000,8799.16699
1579348800000,8816.9668
1579363200000,8832.7666
1579377600000,8846.2002
1579392000000,8875.5332
1579406400000,8901.06641
1579420800000,8897.93359
1579435200000,8888.09961
1579449600000,8869.13379
1579464000000,8856.13379
1579478400000,8843.83301
1579492800000,8829
1579507200000,8809.4668
1579521600000,8792.16699
1579536000000,8779.7334
1579550400000,8764.59961
1579564800000,8748.40039
1579579200000,8729.86621
1579593600000,8711.7666
1579608000000,8677.7334
1579622400000,8640.2998
1579636800000,8644
1579651200000,8648.9668
1579665600000,8653.63379
1579680000000,8650.0332
1579694400000,8648.7334
1579708800000,8648.9668
1579723200000,8652.66699
1579737600000,8646.2002
1579752000000,8639.36621
1579766400000,8623.40039
1579780800000,8602.09961
1579795200000,8583.4668
1579809600000,8566.83301
1579824000000,8545.06641
1579838400000,8532.66699
1579852800000,8510.09961
1579867200000,8495.7998
1579881600000,8480.66699
1579896000000,8466
1579910400000,8442.66699
1579924800000,8419.13379
1579939200000,8394.93359
1579953600000,8378.43359
1579968000000,8364.5
1579982400000,8359.7334
1579996800000,8360.2334
1580011200000,8361.7334
1580025600000,8365.93359
1580040000000,8373.93359
1580054400000,8388.7334
1580068800000,8402.56641
1580083200000,8412.83301
1580097600000,8422.93359
1580112000000,8441.90039
1580126400000,8473.2666
1580140800000,8514.59961
1580155200000,8554.2002
1580169600000,8606.06641
1580184000000,8652.13379
1580198400000,8701.63379
1580212800000,8746.0332
1580227200000,8788.16699
1580241600000,8850.86621
1580256000000,8911.93359
1580270400000,8966.2666
1580284800000,9012.2334
1580299200000,9054.5
1580313600000,9103.93359
1580328000000,9142.4668
1580342400000,9175.7666
1580356800000,9206.13379
1580371200000,9235.2334
1580385600000,9253.36621
1580400000000,9283.86621
1580414400000,9313.2334
1580428800000,9340.86621
1580443200000,9364.2998
1580457600000,9358.7002
1580472000000,9356.93359
1580486400000,9351.9668
1580500800000,9356
1580515200000,9365.33301
1580529600000,9367.36621
1580544000000,9370.66699
1580558400000,9375.2334
1580572800000,9373.7002
1580587200000,9376.86621
1580601600000,9369.33301
1580616000000,9360.7666
1580630400000,9355.0332
1580644800000,9357.13379
1580659200000,9363.33301
1580673600000,9364.36621
1580688000000,9368.2002
1580702400000,9372.9668
1580716800000,9372.13379
1580731200000,9361.86621
1580745600000,9354.93359
1580760000000,9351.09961
1580774400000,9348.06641
1580788800000,9342.7334
1580803200000,9329.2334
1580817600000,9324.7002
1580832000000,9310.9668
1580846400000,9294.16699
1580860800000,9277.86621
1580875200000,9264.86621
1580889600000,9269.9668
1580904000000,9277.16699
1580918400000,9297.9668
1580932800000,9317.2998
1580947200000,9341.59961
1580961600000,9362.5332
1580976000000,9390.4668
1580990400000,9424.7002
1581004800000,9455.56641
1581019200000,9493.86621
1581033600000,9532.4668
1581048000000,9574.7334
1581062400000,9616.66699
1581076800000,9655.43359
1581091200000,9690.06641
1581105600000,9716.90039
1581120000000,9731.7998
1581134400000,9737.2334
1581148800000,9750.59961
1581163200000,9764.90039
1581177600000,9781.0332
1581192000000,9794.9668
1581206400000,9812.66699
1581220800000,9839.90039
1581235200000,9864.4668
1581249600000,9887.2998
1581264000000,9906.66699
1581278400000,9931.2666
1581292800000,9951.59961
1581307200000,9966.5332
1581321600000,9966.5
1581336000000,9977.7002
1581350400000,9982.93359
1581364800000,9985.09961
1581379200000,9977.56641
1581393600000,9968.93359
1581408000000,9962.09961
1581422400000,9973.2334
1581436800000,9984
1581451200000,9994.7334
1581465600000,10008.0996
1581480000000,10029.9004
1581494400000,10043.4668
1581508800000,10059.9004
1581523200000,10083.167
1581537600000,10120.0996
1581552000000,10155.833
1581566400000,10190.4668
1581580800000,10209.9336
1581595200000,10245.8662
1581609600000,10281.167
1581624000000,10310.3662
1581638400000,10312.667
1581652800000,10300.5996
1581667200000,10299.9336
1581681600000,10296.7334
1581696000000,10293.5332
1581710400000,10293.6338
1581724800000,10289.5664
1581739200000,10282.5664
1581753600000,10274.333
1581768000000,10245.5996
1581782400000,10215.2666
1581796800000,10199.4336
1581811200000,10182.2334
1581825600000,10162.5
1581840000000,10141.8662
1581854400000,10116.5332
1581868800000,10093
1581883200000,10070.7334
1581897600000,10041.7998
1581912000000,10002.2666
1581926400000,9953.63379
1581940800000,9911.7998
1581955200000,9875.33301
1581969600000,9840.16699
1581984000000,9824.0332
1581998400000,9818.56641
1582012800000,9806.7002
1582027200000,9796.5
1582041600000,9803.2998
1582056000000,9820.66699
1582070400000,9840.43359
1582084800000,9861.06641
1582099200000,9881.13379
1582113600000,9902.16699
1582128000000,9929.43359
1582142400000,9926.63379
1582156800000,9920.56641
1582171200000,9914.93359
1582185600000,9905.86621
1582200000000,9895.66699
1582214400000,9878.40039
1582228800000,9870.56641
1582243200000,9861
1582257600000,9835.5
1582272000000,9803.43359
1582286400000,9774.13379
1582300800000,9748.56641
1582315200000,9712.93359
1582329600000,9682.0332
1582344000000,9644.2998
1582358400000,9647.7334
1582372800000,9653.43359
1582387200000,9659.40039
1582401600000,9666.0332
1582416000000,9681.13379
1582430400000,9704.9668
1582444800000,9721.56641
1582459200000,9733.83301
1582473600000,9748.33301
1582488000000,9765.33301
1582502400000,9767.83301
1582516800000,9772.2998
1582531200000,9780.5332
1582545600000,9783.13379
1582560000000,9782.2002
1582574400000,9782.7666
1582588800000,9778.59961
1582603200000,9767.2002
1582617600000,9764.7334
1582632000000,9736.7666
1582646400000,9699.4668
1582660800000,9663.06641
1582675200000,9614.2334
1582689600000,9563.06641
1582704000000,9508.2334
1582718400000,9455.63379
1582732800000,9392.83301
1582747200000,9323.2998
1582761600000,9257.5
1582776000000,9205.59961
1582790400000,9148.2334
1582804800000,9098.9668
1582819200000,9058.43359
1582833600000,9003.93359
1582848000000,8967.33301
1582862400000,8925.66699
1582876800000,8876.36621
1582891200000,8846.59961
1582905600000,8808.7998
1582920000000,8779.9668
1582934400000,8763.36621
1582948800000,8760.2998
1582963200000,8755.4668
1582977600000,8751.13379
1582992000000,8741.90039
1583006400000,8724.13379
1583020800000,8708.66699
1583035200000,8683.9668
1583049600000,8672.7666
1583064000000,8653.7666
1583078400000,8641.33301
1583092800000,8637.90039
1583107200000,8630.43359
1583121600000,8633.5
1583136000000,8636.2334
1583150400000,8642.63379
1583164800000,8650.4668
1583179200000,8664.2998
1583193600000,8678.16699
1583208000000,8683.40039
1583222400000,8706.56641
1583236800000,8715.5
1583251200000,8727.0332
1583265600000,8734.2334
1583280000000,8749.7666
1583294400000,8767.9668
1583308800000,8781.33301
1583323200000,8787.93359
1583337600000,8796.5332
1583352000000,8796.9668
1583366400000,8800.5
1583380800000,8801.66699
1583395200000,8814.7002
1583409600000,8829.33301
1583424000000,8856.7998
1583438400000,8869.59961
1583452800000,8889.7998
1583467200000,8916.09961
1583481600000,8941.63379
1583496000000,8957.66699
1583510400000,8976.93359
1583524800000,9005.63379
1583539200000,9032.86621
1583553600000,9057.06641
1583568000000,9080.7334
1583582400000,9097.5332
1583596800000,9097.40039
1583611200000,9083.5332
1583625600000,9061.09961
1583640000000,9033.2002
1583654400000,9011.93359
1583668800000,8968.2666
1583683200000,8913.9668
1583697600000,8840.40039
1583712000000,8776.5332
1583726400000,8696.7002
1583740800000,8607
1583755200000,8516.83301
1583769600000,8432.4668
1583784000000,8353.5332
1583798400000,8271.66699
1583812800000,8204.5
1583827200000,8148.8999
1583841600000,8082.43311
1583856000000,8030.7666
1583870400000,7972.9668
1583884800000,7941.2666
1583899200000,7912.2666
1583913600000,7898.43311
1583928000000,7879.1001
1583942400000,7874.1665
1583956800000,7882.6333
1583971200000,7875.7998
1583985600000,7844.93311
1584000000000,7713.9668
1584014400000,7595.5332
1584028800000,7472.6665
1584043200000,7240.1665
1584057600000,7072.8667
1584072000000,6897.7002
1584086400000,6736.3999
1584100800000,6554.0332
1584115200000,6389.5332
1584129600000,6240
1584144000000,6095.1665
1584158400000,5940.8999
1584172800000,5778.1001
1584187200000,5622.6001
1584201600000,5490.93311
1584216000000,5437.5332
1584230400000,5373
1584244800000,5319.7334
1584259200000,5376.2666
1584273600000,5380.43311
1584288000000,5377.7334
1584302400000,5369.43311
1584316800000,5373.6665
1584331200000,5332.3335
1584345600000,5262.3335
1584360000000,5231.1665
1584374400000,5193.1001
1584388800000,5162.4668
1584403200000,5163.43311
1584417600000,5161.1333
1584432000000,5168.7334
1584446400000,5183.0332
1584460800000,5192.2998
1584475200000,5185.3335
1584489600000,5191.4668
1584504000000,5181.3335
1584518400000,5168.8335
1584532800000,5175.06689
1584547200000,5213.3335
1584561600000,5271.2666
1584576000000,5281.2998
1584590400000,5313.3999
1584604800000,5353.56689
1584619200000,5392
1584633600000,5449.43311
1584648000000,5509.5
1584662400000,5561.7334
1584676800000,5623.56689
1584691200000,5713.5332
1584705600000,5795.0332
1584720000000,5864.1665
1584734400000,5934.1333
1584748800000,5995.1001
1584763200000,6048.6333
1584777600000,6095.7334
1584792000000,6157.1333
1584806400000,6209.93311
1584820800000,6246.56689
1584835200000,6275.8667
1584849600000,6280.7666
1584864000000,6279.3335
1584878400000,6274.2002
1584892800000,6247.1333
1584907200000,6189.6001
1584921600000,6145.1333
1584936000000,6122.7998
1584950400000,6098.93311
1584964800000,6097.6001
1584979200000,6106.2666
1584993600000,6131.4668
1585008000000,6153.4668
1585022400000,6178.1665
1585036800000,6215.7998
1585051200000,6232.2002
1585065600000,6259.6001
1585080000000,6299.7002
1585094400000,6331.8999
1585108800000,6383.5
1585123200000,6431.0332
1585137600000,6475.2998
1585152000000,6526.06689
1585166400000,6581.93311
1585180800000,6615.7002
1585195200000,6636.8999
1585209600000,6644.7334
1585224000000,6649.8335
1585238400000,6655.0332
1585252800000,6655.3667
1585267200000,6669.1001
1585281600000,6668.93311
1585296000000,6660.1333
1585310400000,6664.43311
1585324800000,6662.7002
1585339200000,6651.6001
1585353600000,6616.8999
1585368000000,6587.8335
1585382400000,6557.7998
1585396800000,6522.8667
1585411200000,6497.5
1585425600000,6473.2002
1585440000000,6446.1001
1585454400000,6411.7334
1585468800000,6370.5
1585483200000,6325.3335
1585497600000,6271.2334
1585512000000,6220.3335
1585526400000,6178.2334
1585540800000,6151.1001
1585555200000,6152.1001
1585569600000,6168.43311
1585584000000,6181.0332
1585598400000,6191.9668
1585612800000,6206.8335
1585627200000,6221.7666
1585641600000,6231.7998
1585656000000,6247.7998
1585670400000,6268.8335
1585684800000,6287.6665
1585699200000,6303.7998
1585713600000,6332.3999
1585728000000,6360.9668
1585742400000,6376.6333
1585756800000,6373.43311
1585771200000,6393.0332
1585785600000,6411.43311
1585800000000,6430.6665
1585814400000,6450.93311
1585828800000,6475.3335
1585843200000,6499.2002
1585857600000,6525.93311
1585872000000,6547.7334
1585886400000,6578.6665
1585900800000,6618.2666
1585915200000,6640.6333
1585929600000,6669.9668
1585944000000,6699.4668
1585958400000,6730.3335
1585972800000,6765.6333
1585987200000,6767.3999
1586001600000,6774.7334
1586016000000,6780.43311
1586030400000,6791.56689
1586044800000,6791.06689
1586059200000,6789.43311
1586073600000,6788.3667
1586088000000,6788.7998
1586102400000,6779.56689
1586116800000,6763.3999
1586131200000,6772.5332
1586145600000,6790.56689
1586160000000,6815.2666
1586174400000,6845.6001
1586188800000,6881.56689
1586203200000,6924.3667
1586217600000,6963.7666
1586232000000,7005.8667
1586246400000,7040.3999
1586260800000,7074.93311
1586275200000,7109.06689
1586289600000,7136.5332
1586304000000,7173.9668
1586318400000,7209.1665
1586332800000,7244.06689
1586347200000,7272.5
1586361600000,7290.43311
1586376000000,7307.5332
1586390400000,7316.2334
1586404800000,7320.1665
1586419200000,7310.1665
1586433600000,7307.2666
1586448000000,7299.6665
1586462400000,7293.2666
1586476800000,7283.7334
1586491200000,7259.0332
1586505600000,7239.2334
1586520000000,7200.93311
1586534400000,7173.2998
1586548800000,7144.6001
1586563200000,7121.1001
1586577600000,7092.9668
1586592000000,7061.4668
1586606400000,7032.1665
1586620800000,6996.7334
1586635200000,6976.2666
1586649600000,6944.8999
1586664000000,6916.2666
1586678400000,6887.2002
1586692800000,6877.2998
1586707200000,6891.2998
1586721600000,6891.8335
1586736000000,6885.06689
1586750400000,6871.1333
1586764800000,6865.2998
1586779200000,6855.7998
1586793600000,6848.8999
1586808000000,6846.56689
1586822400000,6849.7334
1586836800000,6851.2666
1586851200000,6848.7002
1586865600000,6855.2666
1586880000000,6860.9668
1586894400000,6862.0332
1586908800000,6853.8667
1586923200000,6836.6665
1586937600000,6828
1586952000000,6829.8335
1586966400000,6831.7666
1586980800000,6821.06689
1586995200000,6812.43311
1587009600000,6819.7002
1587024000000,6831.2334
1587038400000,6842.1665
1587052800000,6859
1587067200000,6876.7998
1587081600000,6888.3999
1587096000000,6896.8667
1587110400000,6910.7666
1587124800000,6919.7334
1587139200000,6933.3335
1587153600000,6950.1001
1587168000000,6976.3999
1587182400000,7001.3667
1587196800000,7034.2002
1587211200000,7074.1665
1587225600000,7095.7002
1587240000000,7110.56689
1587254400000,7122.5
1587268800000,7127.1001
1587283200000,7130.7334
1587297600000,7131.7998
1587312000000,7137.8667
1587326400000,7140.8335
1587340800000,7149.2666
1587355200000,7156.9668
1587369600000,7152.4668
1587384000000,7151.1333
1587398400000,7128.7998
1587412800000,7110.1333
1587427200000,7084.3335
1587441600000,7062.1001
1587456000000,7032.1001
1587470400000,7005.6001
1587484800000,6987.1333
1587499200000,6966.0332
1587513600000,6950.56689
1587528000000,6937.3999
1587542400000,6926.3335
1587556800000,6923.06689
1587571200000,6916.7334
1587585600000,6928.3335
1587600000000,6931.2666
1587614400000,6950.9668
1587628800000,6971.5
1587643200000,7016.7998
1587657600000,7060
1587672000000,7105.93311
1587686400000,7151.7666
1587700800000,7198.7666
1587715200000,7241.93311
1587729600000,7284.93311
1587744000000,7323.8999
1587758400000,7360.5
1587772800000,7387.43311
1587787200000,7418.6001
1587801600000,7445.7666
1587816000000,7473.0332
1587830400000,7505.2998
1587844800000,7531.8335
1587859200000,7533.6333
1587873600000,7534.7666
1587888000000,7546.8335
1587902400000,7548.5
1587916800000,7553.6665
1587931200000,7567.4668
1587945600000,7582.1665
1587960000000,7593.56689
1587974400000,7607.6665
1587988800000,7617.8999
1588003200000,7627.5332
1588017600000,7643.8667
1588032000000,7656.1665
1588046400000,7666.8999
1588060800000,7680.2998
1588075200000,7690.3335
1588089600000,7701.5332
1588104000000,7706.56689
1588118400000,7724.6001
1588132800000,7744.5
1588147200000,7774.1333
1588161600000,7816.7666
1588176000000,7885.3999
1588190400000,7956.6333
1588204800000,8065.1665
1588219200000,8164.0332
1588233600000,8235.06641
1588248000000,8306.40039
1588262400000,8382.59961
1588276800000,8441.83301
1588291200000,8505.7998
1588305600000,8576.2666
1588320000000,8660.5332
1588334400000,8721.2002
1588348800000,8772.7666
1588363200000,8818.36621
1588377600000,8849.16699
1588392000000,8854.16699
1588406400000,8858.2666
1588420800000,8834.2334
1588435200000,8813.66699
1588449600000,8822.33301
1588464000000,8846.7998
1588478400000,8855.93359
1588492800000,8884.16699
1588507200000,8893.09961
1588521600000,8899.2002
1588536000000,8891.9668
1588550400000,8892.06641
1588564800000,8887.06641
1588579200000,8877.16699
1588593600000,8878.2002
1588608000000,8880.40039
1588622400000,8882.56641
1588636800000,8877.13379
1588651200000,8886.66699
1588665600000,8878.09961
1588680000000,8857.83301
1588694400000,8852.63379
1588708800000,8850.59961
1588723200000,8861.90039
1588737600000,8872.7998
1588752000000,8901.83301
1588766400000,8938.56641
1588780800000,8978.66699
1588795200000,9009.86621
1588809600000,9039.7334
1588824000000,9072.13379
1588838400000,9099
1588852800000,9143.43359
1588867200000,9200.4668
1588881600000,9277.56641
1588896000000,9350.7666
1588910400000,9412.13379
1588924800000,9471.66699
1588939200000,9536.66699
1588953600000,9599.13379
1588968000000,9630.63379
1588982400000,9670.16699
1588996800000,9693.63379
1589011200000,9726.83301
1589025600000,9753.2998
1589040000000,9782.43359
1589054400000,9800.06641
1589068800000,9739.4668
1589083200000,9668.36621
1589097600000,9583.5
1589112000000,9497.7002
1589126400000,9409.06641
1589140800000,9329.7334
1589155200000,9245.86621
1589169600000,9158.7666
1589184000000,9099.59961
1589198400000,9033.13379
1589212800000,8975.7666
1589227200000,8903.66699
1589241600000,8838.06641
1589256000000,8764.5
1589270400000,8714.59961
1589284800000,8731.2002
1589299200000,8729.40039
1589313600000,8734.83301
1589328000000,8751.4668
1589342400000,8775.7002
1589356800000,8796.56641
1589371200000,8826.06641
1589385600000,8859.2998
1589400000000,8884.9668
1589414400000,8916.5332
1589428800000,8967.90039
1589443200000,9042.2998
1589457600000,9111.4668
1589472000000,9178.0332
1589486400000,9244.33301
1589500800000,9284.59961
1589515200000,9343.40039
1589529600000,9394.7666
1589544000000,9432.59961
1589558400000,9463.56641
1589572800000,9481.66699
1589587200000,9499.43359
1589601600000,9514.40039
1589616000000,9521.06641
1589630400000,9522.40039
1589644800000,9509.56641
1589659200000,9489.13379
1589673600000,9474.83301
1589688000000,9467.09961
1589702400000,9449.0332
1589716800000,9472.4668
1589731200000,9479.5332
1589745600000,9485.2666
1589760000000,9511.5
1589774400000,9541.36621
1589788800000,9562.36621
1589803200000,9579.2334
1589817600000,9599.83301
1589832000000,9620.93359
1589846400000,9631.09961
1589860800000,9647.2334
1589875200000,9672
1589889600000,9681.36621
1589904000000,9688.2666
1589918400000,9705.36621
1589932800000,9698.2998
1589947200000,9697.2998
1589961600000,9700.36621
1589976000000,9668.5332
1589990400000,9651.59961
1590004800000,9643.7666
1590019200000,9631.2666
1590033600000,9614.63379
1590048000000,9591.0332
1590062400000,9560.7998
1590076800000,9526.56641
1590091200000,9480.43359
1590105600000,9433.7334
1590120000000,9395.43359
1590134400000,9353.90039
1590148800000,9320.0332
1590163200000,9280.7002
1590177600000,9243.56641
1590192000000,9236.2334
1590206400000,9218.2002
1590220800000,9195.93359
1590235200000,9177
1590249600000,9159.43359
1590264000000,9145.9668
1590278400000,9154.0332
1590292800000,9167.7998
1590307200000,9171.7334
1590321600000,9176.5
1590336000000,9172.90039
1590350400000,9142.7334
1590364800000,9113.83301
1590379200000,9093.09961
1590393600000,9065.0332
1590408000000,9031.2998
1590422400000,9009.56641
1590436800000,8990.86621
1590451200000,8971.33301
1590465600000,8956.13379
1590480000000,8935.2998
1590494400000,8903.2998
1590508800000,8871.93359
1590523200000,8853.2998
1590537600000,8838.2002
1590552000000,8826.66699
1590566400000,8856.16699
1590580800000,8880.43359
1590595200000,8899.66699
1590609600000,8930.2666
1590624000000,8956.16699
1590638400000,8970.5332
1590652800000,8995.09961
1590667200000,9035.16699
1590681600000,9068.33301
1590696000000,9116.4668
1590710400000,9170.2666
1590724800000,9218.86621
1590739200000,9256.16699
1590753600000,9294.93359
1590768000000,9332.33301
1590782400000,9350.59961
1590796800000,9367.16699
1590811200000,9392.4668
1590825600000,9416.0332
1590840000000,9441.06641
1590854400000,9467.56641
1590868800000,9497.0332
1590883200000,9502.7666
1590897600000,9510.13379
1590912000000,9510.7666
1590926400000,9508.0332
1590940800000,9507.5332
1590955200000,9510.7002
1590969600000,9520.40039
1590984000000,9531.2666
1590998400000,9537.2334
1591012800000,9547.33301
1591027200000,9550.43359
1591041600000,9595.93359
1591056000000,9633.86621
1591070400000,9672.93359
1591084800000,9699.86621
1591099200000,9690.7334
1591113600000,9686.63379
1591128000000,9681.9668
1591142400000,9682.2666
1591156800000,9681.90039
1591171200000,9693.56641
1591185600000,9693.90039
1591200000000,9694.83301
1591214400000,9704.83301
1591228800000,9713.40039
1591243200000,9718.36621
1591257600000,9677.36621
1591272000000,9658.93359
1591286400000,9638.40039
1591300800000,9617.63379
1591315200000,9640.86621
1591329600000,9659.40039
1591344000000,9670.7998
1591358400000,9685.7998
1591372800000,9700.2666
1591387200000,9700.06641
1591401600000,9704.83301
1591416000000,9706.2666
1591430400000,9707.86621
1591444800000,9706.56641
1591459200000,9707.43359
1591473600000,9710.5
1591488000000,9700.5
1591502400000,9689.5332
1591516800000,9674.59961
1591531200000,9654.2998
1591545600000,9654.4668
1591560000000,9658.7666
1591574400000,9660.2002
1591588800000,9660.86621
1591603200000,9669.66699
1591617600000,9674.66699
1591632000000,9680.83301
1591646400000,9687.63379
1591660800000,9689.63379
1591675200000,9691.2002
1591689600000,9695.0332
1591704000000,9697.63379
1591718400000,9702.83301
1591732800000,9716.9668
1591747200000,9734.66699
1591761600000,9732.83301
1591776000000,9731.0332
1591790400000,9732.90039
1591804800000,9741.0332
1591819200000,9750.5
1591833600000,9763.59961
1591848000000,9770.40039
1591862400000,9770.2002
1591876800000,9758.66699
1591891200000,9731.16699
1591905600000,9700.2666
1591920000000,9675.16699
1591934400000,9654.5
1591948800000,9635.16699
1591963200000,9612.2998
1591977600000,9590.5332
1591992000000,9572.56641
1592006400000,9548.9668
1592020800000,9521.06641
1592035200000,9488.4668
1592049600000,9457.36621
1592064000000,9431
1592078400000,9410.2666
1592092800000,9405.0332
1592107200000,9413.9668
1592121600000,9424.7998
1592136000000,9429.2002
1592150400000,9426.93359
1592164800000,9416.13379
1592179200000,9398.5332
1592193600000,9376.7998
1592208000000,9353
1592222400000,9345.33301
1592236800000,9343.7998
1592251200000,9345.2998
1592265600000,9354.33301
1592280000000,9361.16699
1592294400000,9363.36621
1592308800000,9364.33301
1592323200000,9370.56641
1592337600000,9376.90039
1592352000000,9379.5
1592366400000,9387.40039
1592380800000,9396.9668
1592395200000,9412.5
1592409600000,9425.33301
1592424000000,9448.7002
1592438400000,9457.43359
1592452800000,9458.2998
1592467200000,9458.4668
1592481600000,9445.63379
1592496000000,9438
1592510400000,9429.16699
1592524800000,9416.83301
1592539200000,9402.5332
1592553600000,9393.0332
1592568000000,9388
1592582400000,9374
1592596800000,9362.16699
1592611200000,9357.9668
1592625600000,9357.9668
1592640000000,9349.2666
1592654400000,9337.7998
1592668800000,9327.9668
1592683200000,9323.36621
1592697600000,9322.90039
1592712000000,9321.06641
1592726400000,9319.7334
1592740800000,9326.7002
1592755200000,9330.2334
1592769600000,9323.9668
1592784000000,9323.63379
1592798400000,9331.43359
1592812800000,9341.9668
1592827200000,9353.4668
1592841600000,9371.7002
1592856000000,9396.43359
1592870400000,9423.66699
1592884800000,9449.5
1592899200000,9468.06641
1592913600000,9489.5332
1592928000000,9508.7002
1592942400000,9526.7002
1592956800000,9545.7002
1592971200000,9556.66699
1592985600000,9558.4668
1593000000000,9549.66699
1593014400000,9541.40039
1593028800000,9530.16699
1593043200000,9502.5
1593057600000,9475.2998
1593072000000,9445.66699
1593086400000,9417.0332
1593100800000,9391.2334
1593115200000,9364.7334
1593129600000,9334.56641
1593144000000,9299.63379
1593158400000,9269.5
1593172800000,9235.36621
1593187200000,9212.40039
1593201600000,9201.5332
1593216000000,9195.7666
1593230400000,9187.4668
1593244800000,9178.5
1593259200000,9181.5332
1593273600000,9165.63379
1593288000000,9148.90039
1593302400000,9131.09961
1593316800000,9113.59961
1593331200000,9100.36621
1593345600000,9094.5
1593360000000,9093.40039
1593374400000,9089.33301
1593388800000,9086.09961
1593403200000,9080.93359
1593417600000,9076.5332
1593432000000,9074.33301
1593446400000,9073.5332
1593460800000,9075.63379
1593475200000,9078.2334
1593489600000,9092.7334
1593504000000,9102.63379
1593518400000,9116.16699
1593532800000,9123.86621
1593547200000,9130
1593561600000,9129
1593576000000,9130.83301
1593590400000,9133.7002
1593604800000,9145.90039
1593619200000,9156.90039
1593633600000,9167.0332
1593648000000,9175.0332
1593662400000,9178.7334
1593676800000,9179.59961
1593691200000,9171.4668
1593705600000,9165.40039
1593720000000,9161.33301
1593734400000,9156.36621
1593748800000,9154.2666
1593763200000,9151.66699
1593777600000,9149.0332
1593792000000,9145.40039
1593806400000,9138.86621
1593820800000,9125.9668
1593835200000,9114.4668
1593849600000,9102.7334
1593864000000,9090.7002
1593878400000,9085.36621
1593892800000,9081.66699
1593907200000,9087.4668
1593921600000,9088.59961
1593936000000,9085.2002
1593950400000,9080.90039
1593964800000,9076.2334
1593979200000,9075.40039
1593993600000,9075.0332
1594008000000,9082.86621
1594022400000,9094.2334
1594036800000,9109.06641
1594051200000,9123.7334
1594065600000,9142.90039
1594080000000,9158.86621
1594094400000,9167.5332
1594108800000,9176.2334
1594123200000,9185.9668
1594137600000,9197.33301
1594152000000,9211.83301
1594166400000,9230.36621
1594180800000,9247.06641
1594195200000,9262.2002
1594209600000,9283.7998
1594224000000,9299.59961
1594238400000,9313.5
1594252800000,9319.2666
1594267200000,9326.59961
1594281600000,9330.0332
1594296000000,9324.16699
1594310400000,9321.40039
1594324800000,9318.90039
1594339200000,9315.06641
1594353600000,9309.2334
1594368000000,9303
1594382400000,9298.7666
1594396800000,9295.16699
1594411200000,9293.7666
1594425600000,9283.7002
1594440000000,9272.5332
1594454400000,9256.9668
1594468800000,9245.9668
1594483200000,9232.7002
1594497600000,9221.66699
1594512000000,9225.90039
1594526400000,9228.2334
1594540800000,9229.2334
1594555200000,9229.5
1594569600000,9234.33301
1594584000000,9243.93359
1594598400000,9246.2998
1594612800000,9249.06641
1594627200000,9250.7002
1594641600000,9252.36621
1594656000000,9249.7334
1594670400000,9251.93359
1594684800000,9251.2998
1594699200000,9249.40039
1594713600000,9249.5
1594728000000,9246.09961
1594742400000,9247.09961
1594756800000,9247.4668
1594771200000,9248.43359
1594785600000,9249.0332
1594800000000,9243.13379
1594814400000,9237.90039
1594828800000,9231.5
1594843200000,9223.5332
1594857600000,9216.9668
1594872000000,9209.36621
1594886400000,9198.43359
1594900800000,9191.86621
1594915200000,9188
1594929600000,9181.13379
1594944000000,9173.63379
1594958400000,9162.5332
1594972800000,9154.43359
1594987200000,9148.2998
1595001600000,9143.56641
1595016000000,9139.4668
1595030400000,9135.40039
1595044800000,9132.83301
1595059200000,9130.93359
1595073600000,9129.66699
1595088000000,9132.9668
1595102400000,9139.7002
1595116800000,9142.16699
1595131200000,9144.4668
1595145600000,9144.0332
1595160000000,9145.13379
1595174400000,9149.2002
1595188800000,9154.40039
1595203200000,9157.63379
1595217600000,9159.2334
1595232000000,9159.2666
1595246400000,9161.83301
1595260800000,9163.4668
1595275200000,9163.43359
1595289600000,9163.83301
1595304000000,9174.16699
1595318400000,9185.56641
1595332800000,9197.86621
1595347200000,9211.66699
1595361600000,9229.59961
1595376000000,9245.59961
1595390400000,9255.43359
1595404800000,9264.5
1595419200000,9274.5
1595433600000,9286.86621
1595448000000,9312.33301
1595462400000,9334.5332
1595476800000,9357.93359
1595491200000,9381.56641
1595505600000,9405.09961
1595520000000,9424.0332
1595534400000,9441.56641
1595548800000,9456.93359
1595563200000,9467.33301
1595577600000,9477.09961
1595592000000,9489.66699
1595606400000,9508.2334
1595620800000,9521.5
1595635200000,9537.7998
1595649600000,9551.7002
1595664000000,9555.13379
1595678400000,9561.2666
1595692800000,9572.7998
1595707200000,9585.66699
1595721600000,9596.5332
1595736000000,9604.7002
1595750400000,9630.43359
1595764800000,9657.33301
1595779200000,9681.2666
1595793600000,9707.7334
1595808000000,9756.59961
1595822400000,9795.7002
1595836800000,9844.63379
1595851200000,9893.2666
1595865600000,9976.06641
1595880000000,10074.5332
1595894400000,10168
1595908800000,10249.4004
1595923200000,10335.667
1595937600000,10434.667
1595952000000,10520.6338
1595966400000,10583.5332
1595980800000,10652.0996
1595995200000,10729.7002
1596009600000,10808.6338
1596024000000,10868.0996
1596038400000,10937.667
1596052800000,10993.2998
1596067200000,11039.167
1596081600000,11048.7002
1596096000000,11040.9004
1596110400000,11042.5996
1596124800000,11057.9668
1596139200000,11065.4668
1596153600000,11053
1596168000000,11062.3662
1596182400000,11082.5332
1596196800000,11107.4668
1596211200000,11127.0664
1596225600000,11143.0996
1596240000000,11156.7002
1596254400000,11187.7666
1596268800000,11225.0664
1596283200000,11268.4336
1596297600000,11324.7002
1596312000000,11383.667
1596326400000,11450.7334
1596340800000,11463.6338
1596355200000,11463.4336
1596369600000,11470.2666
1596384000000,11473.5996
1596398400000,11462.3662
1596412800000,11446.8662
1596427200000,11438.7334
1596441600000,11430.5996
1596456000000,11430.9004
1596470400000,11413.2666
1596484800000,11384.1338
1596499200000,11358.2998
1596513600000,11324.667
1596528000000,11277.7002
1596542400000,11223.2002
1596556800000,11216.7334
1596571200000,11222.1338
1596585600000,11232
1596600000000,11237.2334
1596614400000,11262.667
1596628800000,11298.4668
1596643200000,11328.9668
1596657600000,11363.7666
1596672000000,11382.2666
1596686400000,11397.4004
1596700800000,11428.5
1596715200000,11467.7666
1596729600000,11506.3662
1596744000000,11549.333
1596758400000,11590.8662
1596772800000,11628.5996
1596787200000,11666.8662
1596801600000,11694.0664
1596816000000,11708.667
1596830400000,11718.7998
1596844800000,11710.5996
1596859200000,11706.1338
1596873600000,11707.9668
1596888000000,11713.9668
1596902400000,11719.0664
1596916800000,11724.0332
1596931200000,11717.2334
1596945600000,11706.1338
1596960000000,11701.2002
1596974400000,11683.9336
1596988800000,11673.3662
1597003200000,11668.3662
1597017600000,11695.1338
1597032000000,11727.9004
1597046400000,11737.333
1597060800000,11762.7998
1597075200000,11781.5996
1597089600000,11789.333
1597104000000,11795.2334
1597118400000,11797.8662
1597132800000,11796.0996
1597147200000,11778.5996
1597161600000,11757.2002
1597176000000,11736.4336
1597190400000,11723.4004
1597204800000,11710.833
1597219200000,11695.6338
1597233600000,11664.7666
1597248000000,11637.2666
1597262400000,11625.4668
1597276800000,11602.0664
1597291200000,11578.7334
1597305600000,11556.2334
1597320000000,11533.7666
1597334400000,11517.9668
1597348800000,11521.6338
1597363200000,11539.2666
1597377600000,11561.7334
1597392000000,11588.4668
1597406400000,11613.167
1597420800000,11638.167
1597435200000,11658.7998
1597449600000,11680.333
1597464000000,11701.9668
1597478400000,11721.5996
1597492800000,11740.167
1597507200000,11761.4668
1597521600000,11781.2666
1597536000000,11810.167
1597550400000,11833.5664
1597564800000,11830.7002
1597579200000,11838.667
1597593600000,11845.4336
1597608000000,11854.6338
1597622400000,11861.5332
1597636800000,11861.4004
1597651200000,11871.333
1597665600000,11906.833
1597680000000,11936.5
1597694400000,11965.8662
1597708800000,11996.167
1597723200000,12024.0332
1597737600000,12045.3662
1597752000000,12045.667
1597766400000,12053.4668
1597780800000,12066.4004
1597795200000,12065.0664
1597809600000,12064.7998
1597824000000,12059.7998
1597838400000,12051.7334
1597852800000,12041.333
1597867200000,12031.1338
1597881600000,11982.2998
1597896000000,11939.5332
1597910400000,11907.4336
1597924800000,11877.333
1597939200000,11850.0332
1597953600000,11828.7998
1597968000000,11824.0664
1597982400000,11813.7998
1597996800000,11798.5996
1598011200000,11790.7666
1598025600000,11781.7002
1598040000000,11760.6338
1598054400000,11743
1598068800000,11737.2998
1598083200000,11723.5996
1598097600000,11715.4004
1598112000000,11707.5
1598126400000,11697.6338
1598140800000,11680.5332
1598155200000,11664.667
1598169600000,11642.7998
1598184000000,11628.2998
1598198400000,11618.167
1598212800000,11613.2666
1598227200000,11609.4668
1598241600000,11614.0332
1598256000000,11631.5664
1598270400000,11651.2334
1598284800000,11662.7334
1598299200000,11675.9004
1598313600000,11681.7002
1598328000000,11681.2002
1598342400000,11677.833
1598356800000,11665.667
1598371200000,11643.5664
1598385600000,11629.4668
1598400000000,11610.0664
1598414400000,11587.4668
1598428800000,11569.333
1598443200000,11556.5996
1598457600000,11537.5
1598472000000,11515.7334
1598486400000,11490.667
1598500800000,11467.7334
1598515200000,11438.4668
1598529600000,11415.9668
1598544000000,11393.7998
1598558400000,11374.5332
1598572800000,11371.667
1598587200000,11378
1598601600000,11388.2666
1598616000000,11399.833
1598630400000,11410.8662
1598644800000,11420.5996
1598659200000,11422.0332
1598673600000,11428.833
1598688000000,11427.833
1598702400000,11435.4336
1598716800000,11443.4668
1598731200000,11453.667
1598745600000,11472.5332
1598760000000,11495.833
1598774400000,11514.3662
1598788800000,11530.2998
1598803200000,11547.7334
1598817600000,11563.7666
1598832000000,11573.667
1598846400000,11581.333
1598860800000,11592.167
1598875200000,11608.1338
1598889600000,11619.4336
1598904000000,11633.1338
1598918400000,11646.4004
1598932800000,11673.2334
1598947200000,11700.9004
1598961600000,11730.2002
1598976000000,11755.4668
1598990400000,11777.167
1599004800000,11792.5996
1599019200000,11799
1599033600000,11778.5
1599048000000,11754.833
1599062400000,11739.9004
1599076800000,11720.4336
1599091200000,11695.0664
1599105600000,11673.2002
1599120000000,11644.2998
1599134400000,11575.4336
1599148800000,11492.2334
1599163200000,11376.0996
1599177600000,11256.8662
1599192000000,11145.2334
1599206400000,11045.1338
1599220800000,10950.2002
1599235200000,10872.5664
1599249600000,10808.7334
1599264000000,10747.0332
1599278400000,10680.4004
1599292800000,10601.9668
1599307200000,10529.0332
1599321600000,10431.3662
1599336000000,10360.0996
1599350400000,10326.9004
1599364800000,10296.667
1599379200000,10304.2334
1599393600000,10297.7334
1599408000000,10294.4668
1599422400000,10282.2002
1599436800000,10266.9004
1599451200000,10235.9668
1599465600000,10207.4668
1599480000000,10190.0332
1599494400000,10172.7998
1599508800000,10182.667
1599523200000,10184.667
1599537600000,10205.9668
1599552000000,10193.9668
1599566400000,10188.5664
1599580800000,10172.1338
1599595200000,10163.0664
1599609600000,10153.4004
1599624000000,10148.7002
1599638400000,10146.5664
1599652800000,10149.7334
1599667200000,10161
1599681600000,10173.8662
1599696000000,10189.333
1599710400000,10197.5332
1599724800000,10192.7002
1599739200000,10200.5332
1599753600000,10201.0664
1599768000000,10225.2334
1599782400000,10233.4668
1599796800000,10251.5996
1599811200000,10260.5664
1599825600000,10279.9004
1599840000000,10289.2334
1599854400000,10300.7002
1599868800000,10307.3662
1599883200000,10311.2666
1599897600000,10319.2666
1599912000000,10317.9336
1599926400000,10330.5332
1599940800000,10339.9004
1599955200000,10348.6338
1599969600000,10366.5
1599984000000,10365.2002
1599998400000,10369.5996
1600012800000,10372.4336
1600027200000,10376.5
1600041600000,10378.5332
1600056000000,10383.5664
1600070400000,10388.4004
1600084800000,10411.8662
1600099200000,10434
1600113600000,10456.2666
1600128000000,10482.4336
1600142400000,10500.833
1600156800000,10526.4668
1600171200000,10541.9004
1600185600000,10557.1338
1600200000000,10587.833
1600214400000,10620.5664
1600228800000,10661.5664
1600243200000,10700.1338
1600257600000,10743.9668
1600272000000,10782.8662
1600286400000,10815.0664
1600300800000,10826.4004
1600315200000,10840.667
1600329600000,10854.5996
1600344000000,10860.5
1600358400000,10872.4004
1600372800000,10879.9004
1600387200000,10889.0996
1600401600000,10901.1338
1600416000000,10914.167
1600430400000,10922.5
1600444800000,10919.0664
1600459200000,10920.7666
1600473600000,10918.833
1600488000000,10913.2666
1600502400000,10925.833
1600516800000,10940.4004
1600531200000,10951.667
1600545600000,10964.5996
1600560000000,10971.7002
1600574400000,10974.4668
1600588800000,10975.333
1600603200000,10969.0332
1600617600000,10962.833
1600632000000,10958.7334
1600646400000,10962.9004
1600660800000,10965.1338
1600675200000,10945.167
1600689600000,10907.4336
1600704000000,10880
1600718400000,10831.0664
1600732800000,10788
1600747200000,10742.167
1600761600000,10699.9668
1600776000000,10666.5996
1600790400000,10635.2334
1600804800000,10606.8662
1600819200000,10583.2334
1600833600000,10554.0996
1600848000000,10524.5
1600862400000,10490.2998
1600876800000,10449.6338
1600891200000,10423.2998
1600905600000,10415.5
1600920000000,10405.2334
1600934400000,10405.0664
1600948800000,10411.833
1600963200000,10430.4668
1600977600000,10449.7666
1600992000000,10464.4668
1601006400000,10477.7334
1601020800000,10484.9004
1601035200000,10496.4668
1601049600000,10516.0664
1601064000000,10530.333
1601078400000,10547.7666
1601092800000,10576
1601107200000,10607.9004
1601121600000,10636.4004
1601136000000,10662.1338
1601150400000,10684
1601164800000,10699.9668
1601179200000,10701.4668
1601193600000,10694.2666
1601208000000,10700.1338
1601222400000,10703.3662
1601236800000,10712.8662
1601251200000,10729.0996
1601265600000,10738.4004
1601280000000,10751.4668
1601294400000,10764.167
1601308800000,10774.4668
1601323200000,10773.2334
1601337600000,10770.7998
1601352000000,10770.8662
1601366400000,10772.5
1601380800000,10768.4004
1601395200000,10772.9004
1601409600000,10787.0996
1601424000000,10786.333
1601438400000,10784
1601452800000,10777.5332
1601467200000,10769.7334
1601481600000,10759.7334
1601496000000,10752.5664
1601510400000,10745.7998
1601524800000,10743.0996
1601539200000,10757.5996
1601553600000,10759.9336
1601568000000,10752.2666
1601582400000,10742.7998
1601596800000,10737.4004
1601611200000,10720.7334
1601625600000,10693.9336
1601640000000,10679.0996
1601654400000,10666.7666
1601668800000,10659.5
1601683200000,10644.833
1601697600000,10632.833
1601712000000,10617.2666
1601726400000,10600.4004
1601740800000,10584.2002
1601755200000,10559.7998
1601769600000,10548.2998
1601784000000,10548.667
1601798400000,10547.9336
1601812800000,10544.7334
1601827200000,10557.0996
1601841600000,10572.833
1601856000000,10583.1338
1601870400000,10594.8662
1601884800000,10601.5996
1601899200000,10612.5996
1601913600000,10625.9668
1601928000000,10642.333
1601942400000,10657.2666
1601956800000,10666.2334
1601971200000,10676.2002
1601985600000,10688.5
1602000000000,10685.4668
1602014400000,10685.333
1602028800000,10684.1338
1602043200000,10680.4004
1602057600000,10675.9336
1602072000000,10672.9336
1602086400000,10670.3662
1602100800000,10670.2334
1602115200000,10665.0664
1602129600000,10655.7666
1602144000000,10643.9668
1602158400000,10652.4668
1602172800000,10663.7334
1602187200000,10679.2334
1602201600000,10690.1338
1602216000000,10712.2002
1602230400000,10742.7002
1602244800000,10776.9004
1602259200000,10805.0664
1602273600000,10835.333
1602288000000,10887.7998
1602302400000,10937.2002
1602316800000,10981.4004
1602331200000,11028.9668
1602345600000,11080.5996
1602360000000,11127.0332
1602374400000,11156.4004
1602388800000,11188.167
1602403200000,11218.333
1602417600000,11252.5
1602432000000,11281.8662
1602446400000,11302.9336
1602460800000,11323.0996
1602475200000,11345.5996
1602489600000,11358.4004
1602504000000,11368
1602518400000,11378.9336
1602532800000,11393
1602547200000,11400.4004
1602561600000,11406.9336
1602576000000,11419.667
1602590400000,11423.1338
1602604800000,11425.2666
1602619200000,11428.1338
1602633600000,11427.2998
1602648000000,11432.5
1602662400000,11432.5996
1602676800000,11427.833
1602691200000,11425.6338
1602705600000,11437.0664
1602720000000,11424.9336
1602734400000,11414.667
1602748800000,11399.167
1602763200000,11395.3662
1602777600000,11399.0996
1602792000000,11399.7334
1602806400000,11407.6338
1602820800000,11402.4004
1602835200000,11399.2666
1602849600000,11395.0664
1602864000000,11388.6338
1602878400000,11385.2998
1602892800000,11388.0332
1602907200000,11388.167
1602921600000,11382.8662
1602936000000,11380
1602950400000,11375.7666
1602964800000,11379.0332
1602979200000,11376.5996
1602993600000,11372.5332
1603008000000,11367.2334
1603022400000,11363.7002
1603036800000,11372.0996
1603051200000,11381.333
1603065600000,11387.4668
1603080000000,11397.2998
1603094400000,11408.0996
1603108800000,11438
1603123200000,11461.333
1603137600000,11488.5664
1603152000000,11516.0332
1603166400000,11542.833
1603180800000,11570.5664
1603195200000,11607.8662
1603209600000,11639.2666
1603224000000,11672.4336
1603238400000,11722.2334
1603252800000,11773.6338
1603267200000,11829.0332
1603281600000,11917.0996
1603296000000,11999.5332
1603310400000,12088.2666
1603324800000,12150.4668
1603339200000,12221.9336
1603353600000,12303.5332
1603368000000,12383.5664
1603382400000,12473.9336
1603396800000,12556
1603411200000,12625.8662
1603425600000,12690.6338
1603440000000,12761.0996
1603454400000,12810.3662
1603468800000,12857.9668
1603483200000,12897.667
1603497600000,12913.4004
1603512000000,12929.2334
1603526400000,12942.2334
1603540800000,12967.7998
1603555200000,12991.9004
1603569600000,13001.833
1603584000000,13026.4336
1603598400000,13022.8662
1603612800000,13020.5332
1603627200000,13019.1338
1603641600000,13029.5664
1603656000000,13033.667
1603670400000,13044.333
1603684800000,13052.0996
1603699200000,13066.4004
1603713600000,13067
1603728000000,13071.5996
1603742400000,13075.5332
1603756800000,13073.167
1603771200000,13074.5664
1603785600000,13096.7002
1603800000000,13116.7334
1603814400000,13158.2666
1603828800000,13203.5996
1603843200000,13259.0996
1603857600000,13300.2666
1603872000000,13319.4336
1603886400000,13327.833
1603900800000,13336.4004
1603915200000,13344.4004
1603929600000,13363.7998
1603944000000,13372.5332
1603958400000,13372.333
1603972800000,13396.333
1603987200000,13420.0996
1604001600000,13420.9004
1604016000000,13409.7998
1604030400000,13380.4004
1604044800000,13361.3662
1604059200000,13345.9336
1604073600000,13337.7002
1604088000000,13353.5332
1604102400000,13371.9668
1604116800000,13400.1338
1604131200000,13445.5996
1604145600000,13484.7002
1604160000000,13528.2334
1604174400000,13577.7002
1604188800000,13594.9004
1604203200000,13615.167
1604217600000,13631.5996
1604232000000,13656.3662
1604246400000,13694.5332
1604260800000,13721.2002
1604275200000,13731.2666
1604289600000,13744.2998
1604304000000,13734.333
1604318400000,13733.833
1604332800000,13731.7666
1604347200000,13705.9004
1604361600000,13675
1604376000000,13652.0332
1604390400000,13634.0332
1604404800000,13634.7002
1604419200000,13628.833
1604433600000,13650.7666
1604448000000,13657.1338
1604462400000,13644.7002
1604476800000,13642.4668
1604491200000,13656.2002
1604505600000,13681.2334
1604520000000,13730.5996
1604534400000,13785.8662
1604548800000,13848.2002
1604563200000,13925.833
1604577600000,14039.5664
1604592000000,14152.3662
1604606400000,14290.5
1604620800000,14407.7002
1604635200000,14543.4668
1604649600000,14647.5664
1604664000000,14748.4336
1604678400000,14871.833
1604692800000,14997
1604707200000,15108.1338
1604721600000,15198.4004
1604736000000,15290.7002
1604750400000,15359.667
1604764800000,15371.4668
1604779200000,15378.8662
1604793600000,15371.167
1604808000000,15358.4004
1604822400000,15331.1338
1604836800000,15324.167
1604851200000,15298.4668
1604865600000,15291.9668
1604880000000,15294.667
1604894400000,15285.5996
1604908800000,15300.3662
1604923200000,15261.667
1604937600000,15254.9336
1604952000000,15240.9336
1604966400000,15240.7002
1604980800000,15282.2998
1604995200000,15312.3662
1605009600000,15324.833
1605024000000,15350.0332
1605038400000,15357.833
1605052800000,15361.4336
1605067200000,15364.3662
1605081600000,15370.7002
1605096000000,15385.8662
1605110400000,15420
1605124800000,15412.3662
1605139200000,15456.4668
1605153600000,15491.333
1605168000000,15521.1338
1605182400000,15575.2002
1605196800000,15628.0664
1605211200000,15696.2334
1605225600000,15781.833
1605240000000,15845.6338
1605254400000,15907.0996
1605268800000,15953.2334
1605283200000,16012.7002
1605297600000,16062.6338
1605312000000,16096.667
1605326400000,16114.6338
1605340800000,16129.1338
1605355200000,16148.7002
1605369600000,16148.9004
1605384000000,16169.333
1605398400000,16153.5996
1605412800000,16149.9004
1605427200000,16126.7002
1605441600000,16098.4004
1605456000000,16070.7334
1605470400000,16052.9004
1605484800000,16047.0332
1605499200000,16044.4336
1605513600000,16038.3662
1605528000000,16054.7998
1605542400000,16100.4336
1605556800000,16152.833
1605571200000,16195.167
1605585600000,16253.2998
1605600000000,16315.2666
1605614400000,16408.666
1605628800000,16519.7324
1605643200000,16633.9336
1605657600000,16769.8008
1605672000000,16918.4668
1605686400000,17071.9004
1605700800000,17195.9336
1605715200000,17289.3008
1605729600000,17391.5
1605744000000,17489.6992
1605758400000,17548.3008
1605772800000,17618.9336
1605787200000,17718.4004
1605801600000,17799.5664
1605816000000,17854.1992
1605830400000,17897.2324
1605844800000,17933.666
1605859200000,17975.4668
1605873600000,18015.7324
1605888000000,18052.5
1605902400000,18080.0664
1605916800000,18132.834
1605931200000,18201.2676
1605945600000,18252.2676
1605960000000,18312.3672
1605974400000,18382.3672
1605988800000,18445.5996
1606003200000,18479.0332
1606017600000,18515.166
1606032000000,18520.7676
1606046400000,18544.334
1606060800000,18569.334
1606075200000,18579.7324
1606089600000,18561.6992
1606104000000,18550.2676
1606118400000,18546
1606132800000,18521.1992
1606147200000,18506.0332
1606161600000,18494.9004
1606176000000,18465.5664
1606190400000,18443.6328
1606204800000,18468.5
1606219200000,18521.0664
1606233600000,18565.666
1606248000000,18649.9004
1606262400000,18683.6992
1606276800000,18709.0996
1606291200000,18767.166
1606305600000,18815.8672
1606320000000,18852.0332
1606334400000,18859.2324
1606348800000,18834.4004
1606363200000,18778.834
1606377600000,18693.4668
1606392000000,18594.7676
1606406400000,18471.834
1606420800000,18343
1606435200000,18190.6328
1606449600000,18050.4336
1606464000000,17890.834
1606478400000,17735.6992
1606492800000,17589.7324
1606507200000,17443.9336
1606521600000,17301.666
1606536000000,17167.9004
1606550400000,17063.9668
1606564800000,17036.6992
1606579200000,17049.6328
1606593600000,17090.7324
1606608000000,17156.1992
1606622400000,17242.5664
1606636800000,17304.9668
1606651200000,17374.0664
1606665600000,17437.8672
1606680000000,17532
1606694400000,17671.9668
1606708800000,17793.9004
1606723200000,17892.5996
1606737600000,18048.3672
1606752000000,18199.334
1606766400000,18370.1328
1606780800000,18498.5664
1606795200000,18612.4668
1606809600000,18727.9668
1606824000000,18820.9668
1606838400000,18903.4004
1606852800000,18948.0332
1606867200000,18980.8672
1606881600000,19053.9336
1606896000000,19116.6992
1606910400000,19136.2324
1606924800000,19167.9336
1606939200000,19207.9004
1606953600000,19192.4004
1606968000000,19189.0996
1606982400000,19169.4336
1606996800000,19177.3672
1607011200000,19171.1992
1607025600000,19170.4336
1607040000000,19163.9668
1607054400000,19180.334
1607068800000,19184.0664
1607083200000,19207.1992
1607097600000,19200.834
1607112000000,19168.8008
1607126400000,19163.334
1607140800000,19150.0332
1607155200000,19136.4336
1607169600000,19136.7676
1607184000000,19129.6328
1607198400000,19111
1607212800000,19086.0664
1607227200000,19072.4004
1607241600000,19048.9668
1607256000000,19045.334
1607270400000,19034.334
1607284800000,19072.4336
1607299200000,19094.4336
1607313600000,19117.4336
1607328000000,19148.0664
1607342400000,19175.2676
1607356800000,19178.3008
1607371200000,19189.7324
1607385600000,19194.0332
1607400000000,19197.1992
1607414400000,19171.0664
1607428800000,19145.3008
1607443200000,19114.834
1607457600000,19062.334
1607472000000,19005.8008
1607486400000,18922.666
1607500800000,18845.666
1607515200000,18782.3008
1607529600000,18705.3008
1607544000000,18666.666
1607558400000,18611.7676
1607572800000,18569.7676
1607587200000,18502.6992
1607601600000,18432.8672
1607616000000,18381.2324
1607630400000,18346.4336
1607644800000,18290.4004
1607659200000,18224.1992
1607673600000,18179.2324
1607688000000,18167.0664
1607702400000,18170.5664
1607716800000,18155.834
1607731200000,18151.2676
1607745600000,18160.666
1607760000000,18158.3672
1607774400000,18157.9336
1607788800000,18188.6328
1607803200000,18229.5664
1607817600000,18272.9336
1607832000000,18330.0996
1607846400000,18402.334
1607860800000,18485.8008
1607875200000,18579.2324
1607889600000,18681.9668
1607904000000,18759.5996
1607918400000,18839.0996
1607932800000,18911.5
1607947200000,18973.2324
1607961600000,19025.8008
1607976000000,19076.6992
1607990400000,19150.0332
1608004800000,19175.834
1608019200000,19209.7324
1608033600000,19251.6992
1608048000000,19271.4336
1608062400000,19278.5332
1608076800000,19288.166
1608091200000,19304.2676
1608105600000,19343.6992
1608120000000,19438.8008
1608134400000,19546.7676
1608148800000,19698.8008
1608163200000,19871.5996
1608177600000,20093.0664
1608192000000,20326.9668
1608206400000,20584.3008
1608220800000,20833.5996
1608235200000,21068.0664
1608249600000,21295.8672
1608264000000,21532.7324
1608278400000,21763.0664
1608292800000,21976.6992
1608307200000,22199.5664
1608321600000,22424.334
1608336000000,22588.166
1608350400000,22728.5332
1608364800000,22830.8008
1608379200000,22951.9004
1608393600000,23042.9004
1608408000000,23115.6992
1608422400000,23117.9668
1608436800000,23167.0332
1608451200000,23218.0996
1608465600000,23290.2324
1608480000000,23348.5332
1608494400000,23387.834
1608508800000,23480.834
1608523200000,23561.6328
1608537600000,23528.9004
1608552000000,23526.4004
1608566400000,23522.9004
1608580800000,23509.8672
1608595200000,23458.7676
1608609600000,23379
1608624000000,23330.9004
1608638400000,23329.2676
1608652800000,23313.3672
1608667200000,23328.7324
1608681600000,23314.0996
1608696000000,23287.5
1608710400000,23261.3672
1608724800000,23228.3672
1608739200000,23199.6992
1608753600000,23239.3008
1608768000000,23223.5996
1608782400000,23246.6992
1608796800000,23280.0332
1608811200000,23307.7324
1608825600000,23351.0996
1608840000000,23390.3008
1608854400000,23398.4004
1608868800000,23414.9668
1608883200000,23467.0332
1608897600000,23488.9336
1608912000000,23547.5996
1608926400000,23656.4668
1608940800000,23753.8008
1608955200000,23835.8672
1608969600000,23943.834
1608984000000,24127.5996
1608998400000,24312.5996
1609012800000,24532.3008
1609027200000,24753.5664
1609041600000,25040
1609056000000,25298.0664
1609070400000,25555.9004
1609084800000,25783.9668
1609099200000,25892.1328
1609113600000,26107.1992
1609128000000,26275
1609142400000,26418.5
1609156800000,26551.3008
1609171200000,26698.0996
1609185600000,26841.4668
1609200000000,26894.5
1609214400000,26925.4336
1609228800000,26948.0664
1609243200000,26949.4004
1609257600000,26904.8008
1609272000000,26889.9336
1609286400000,26939.4336
1609300800000,27027.6328
1609315200000,27134.5664
1609329600000,27194.4004
1609344000000,27315.3672
1609358400000,27449.9004
1609372800000,27590.6992
1609387200000,27738
1609401600000,27865.2676
1609416000000,28023.0664
1609430400000,28189.2676
1609444800000,28328.6328
1609459200000,28511.6992
1609473600000,28659.4004
1609488000000,28794.5
1609502400000,28873.0996
1609516800000,28917.6992
1609531200000,29021.834
1609545600000,29106.9336
1609560000000,29177.5
1609574400000,29240.6992
1609588800000,29425.9668
1609603200000,29687.9336
1609617600000,29907.4004
1609632000000,30165.8672
1609646400000,30540.3008
1609660800000,30905.8008
1609675200000,31187.4336
1609689600000,31430.5664
1609704000000,31675.9004
1609718400000,31964.0996
1609732800000,32173.6328
1609747200000,32264.0332
1609761600000,32416.834
1609776000000,32540.8672
1609790400000,32688.2324
1609804800000,32648.5332
1609819200000,32496
1609833600000,32470.5664
1609848000000,32436.0664
1609862400000,32389.1992
1609876800000,32365.9004
1609891200000,32409.5
1609905600000,32544.8008
1609920000000,32677.7676
1609934400000,32751.5
1609948800000,32936.6016
1609963200000,33345.668
1609977600000,33737.2344
1609992000000,34086.5352
1610006400000,34482.5
1610020800000,35009.3984
1610035200000,35561.1992
1610049600000,36072.332
1610064000000,36487.5
1610078400000,36829.3984
1610092800000,37320.1328
1610107200000,37766.668
1610121600000,38140.6016
1610136000000,38509.1328
1610150400000,38874.668
1610164800000,39181.2656
1610179200000,39430.8984
1610193600000,39635.668
1610208000000,39892.3008
1610222400000,40046.3008
1610236800000,40141.3984
1610251200000,40275.2656
1610265600000,40252.3672
1610280000000,40340.8672
1610294400000,40239.8984
1610308800000,40024.7344
1610323200000,39658.8008
1610337600000,39253.9648
1610352000000,38824.5352
1610366400000,38246.5664
1610380800000,37757.8672
1610395200000,37404.1016
1610409600000,37027.832
1610424000000,36738.7344
1610438400000,36413.6328
1610452800000,35965.1328
1610467200000,35537.2344
1610481600000,35195.9648
1610496000000,34799.832
1610510400000,34637.668
1610524800000,34381.8672
1610539200000,34331.0352
1610553600000,34440.3984
1610568000000,34656.9648
1610582400000,35029.0352
1610596800000,35429.6016
1610611200000,35636.1016
1610625600000,35935.3008
1610640000000,36167.6992
1610654400000,36415.7656
1610668800000,36742.9336
1610683200000,36990.1992
1610697600000,37262.6992
1610712000000,37377.2344
1610726400000,37385.5
1610740800000,37542.332
1610755200000,37665.8008
1610769600000,37706.8008
1610784000000,37728.0664
1610798400000,37757.8008
1610812800000,37632.1016
1610827200000,37466.1992
1610841600000,37248.6016
1610856000000,36902.9648
1610870400000,36644.8672
1610884800000,36446.168
1610899200000,36261.4336
1610913600000,36111.7344
1610928000000,36085.5352
1610942400000,36151.2656
1610956800000,36134.332
1610971200000,36130.5664
1610985600000,36087.668
1611000000000,36015.6992
1611014400000,35951.5
1611028800000,36009.4648
1611043200000,36108.1016
1611057600000,36185.9648
1611072000000,36290
1611086400000,36328
1611100800000,36278.6992
1611115200000,36278.6016
1611129600000,36180.5664
1611144000000,36121.0664
1611158400000,36062.1992
1611172800000,35999.1992
1611187200000,35876
1611201600000,35785.8672
1611216000000,35485.832
1611230400000,35139.0664
1611244800000,34819.5664
1611259200000,34380.1016
1611273600000,33950.1016
1611288000000,33584.8672
1611302400000,33311.332
1611316800000,33143.5
1611331200000,33008.8672
1611345600000,32914.9648
1611360000000,32794.8008
1611374400000,32644.166
1611388800000,32387.0996
1611403200000,32206
1611417600000,32055.0996
1611432000000,32050.2324
1611446400000,32125.0664
1611460800000,32149.9336
1611475200000,32288.5996
1611489600000,32357.7324
1611504000000,32389.0996
1611518400000,32425.8008
1611532800000,32500.3672
1611547200000,32485.0996
1611561600000,32499.0664
1611576000000,32639.166
1611590400000,32669.1328
1611604800000,32706.3672
1611619200000,32680.4004
1611633600000,32631.5332
1611648000000,32613.334
1611662400000,32563.5
1611676800000,32522.5664
1611691200000,32496.3672
1611705600000,32485.5996
1611720000000,32517.3672
1611734400000,32407.334
1611748800000,32190.5664
1611763200000,32013.8672
1611777600000,31825.6992
1611792000000,31624.8008
1611806400000,31478.7676
1611820800000,31427.666
1611835200000,31457.8672
1611849600000,31524.0664
1611864000000,31633.7324
1611878400000,31772.166
1611892800000,31780.3008
1611907200000,32092.6992
1611921600000,32453.166
1611936000000,32619.4336
1611950400000,32858.1328
1611964800000,33051.2656
1611979200000,33272.8008
1611993600000,33493.8672
1612008000000,33679.832
1612022400000,33887.1992
1612036800000,34077.6016
1612051200000,34211.3984
1612065600000,34278.6992
1612080000000,34289
1612094400000,34226.832
1612108800000,34260.1328
1612123200000,33989.6328
1612137600000,33749.0664
1612152000000,33720.5352
1612166400000,33721.832
1612180800000,33716.6328
1612195200000,33702.9336
1612209600000,33691.5352
1612224000000,33645.4336
1612238400000,33641.7656
1612252800000,33672.4336
1612267200000,33723.6992
1612281600000,33868.5
1612296000000,33995.8672
1612310400000,34234.3008
1612324800000,34469.3984
1612339200000,34663.6328
1612353600000,34885.0664
1612368000000,35087.4336
1612382400000,35318.9336
1612396800000,35612.9648
1612411200000,35884.0352
1612425600000,36140.9336
1612440000000,36342.9336
1612454400000,36560.2656
1612468800000,36708.7344
1612483200000,36887.3672
1612497600000,37017.2656
1612512000000,37167.8672
1612526400000,37270.2344
1612540800000,37354.1992
1612555200000,37510.3672
1612569600000,37678.4336
1612584000000,37848
1612598400000,38018.668
1612612800000,38240.6016
1612627200000,38398.5352
1612641600000,38526.668
1612656000000,38679.6016
1612670400000,38781.8984
1612684800000,38926.8672
1612699200000,38966.4336
1612713600000,38991.8672
1612728000000,39064.3008
1612742400000,39070.0664
1612756800000,39181
1612771200000,39255.9336
1612785600000,39568.5
1612800000000,39815.9336
1612814400000,40234.5664
1612828800000,40621.6992
1612843200000,41111.5664
1612857600000,41591.5664
1612872000000,42118.3008
1612886400000,42656.9336
1612900800000,43144.832
1612915200000,43701.5
1612929600000,44273.9336
1612944000000,44797.2344
1612958400000,45214.9336
1612972800000,45616.1992
1612987200000,45974.3008
1613001600000,46068.7656
1613016000000,46174.7344
1613030400000,46149.668
1613044800000,46245.1328
1613059200000,46263.5
1613073600000,46369.832
1613088000000,46430.0664
1613102400000,46447.8008
1613116800000,46530.5
1613131200000,46578.6016
1613145600000,46623.8984
1613160000000,46672.9336
1613174400000,46916.3672
1613188800000,47034.4336
1613203200000,47150.2656
1613217600000,47254.3008
1613232000000,47403.0664
1613246400000,47475.0352
1613260800000,47427.5664
1613275200000,47494.3008
1613289600000,47569.7656
1613304000000,47632.1016
1613318400000,47725.6016
1613332800000,47788.5352
1613347200000,47793.168
1613361600000,47781.6016
1613376000000,47812.1016
1613390400000,47811.7344
1613404800000,47927.1328
1613419200000,48018.332
1613433600000,48187.3672
1613448000000,48335.9648
1613462400000,48451.6328
1613476800000,48552.8984
1613491200000,48531.9336
1613505600000,48531.9336
1613520000000,48605.8672
1613534400000,48767.3672
1613548800000,48947.7344
1613563200000,49217.2344
1613577600000,49550.7344
1613592000000,49835.7656
1613606400000,50113.2344
1613620800000,50325.0664
1613635200000,50555.1328
1613649600000,50681.3672
1613664000000,50854.7344
1613678400000,51029.6016
1613692800000,51181.1328
1613707200000,51388.3008
1613721600000,51626.8984
1613736000000,51902.1016
1613750400000,52148.8672
1613764800000,52445.5352
1613779200000,52754.6328
1613793600000,52961.2656
1613808000000,53244.832
1613822400000,53515.832
1613836800000,53854.3008
1613851200000,54155.8672
1613865600000,54490.6992
1613880000000,54779.0664
1613894400000,55169.0664
1613908800000,55583.2656
1613923200000,56014.8984
1613937600000,56324.1016
1613952000000,56461.6992
1613966400000,56571.4336
1613980800000,56488.0352
1613995200000,56317.6016
1614009600000,56200.3984
1614024000000,56041.332
1614038400000,55755.3672
1614052800000,55261.7344
1614067200000,54626
1614081600000,54094.1016
1614096000000,53386
1614110400000,52815.8008
1614124800000,52377.7344
1614139200000,51838.1016
1614153600000,51368.1016
1614168000000,50964.6992
1614182400000,50460.1016
1614196800000,50136.3984
1614211200000,49938.3008
1614225600000,49734.7344
1614240000000,49492
1614254400000,49421.9336
1614268800000,49411.4336
1614283200000,49455.9336
1614297600000,49375.0352
1614312000000,49342.6328
1614326400000,49177.6328
1614340800000,48963.8672
1614355200000,48756.3984
1614369600000,48486.832
1614384000000,48322.8008
1614398400000,48199.668
1614412800000,48038.8672
1614427200000,47788.5664
1614441600000,47584.4648
1614456000000,47301.3008
1614470400000,46884
1614484800000,46546.668
1614499200000,46430.2344
1614513600000,46165.5664
1614528000000,46129.3008
1614542400000,46049.5664
1614556800000,45962.9336
1614571200000,45920.3672
1614585600000,46019.668
1614600000000,46141.4648
1614614400000,46219.3008
1614628800000,46376.4336
1614643200000,46542.2656
1614657600000,46604.1992
1614672000000,46786.6016
1614686400000,47059.668
1614700800000,47260.9336
1614715200000,47471.4648
1614729600000,47826.1328
1614744000000,48183.0664
1614758400000,48619.1328
1614772800000,48916.7344
1614787200000,49220.4336
1614801600000,49387.3672
1614816000000,49407.7656
1614830400000,49498.7656
1614844800000,49477.8984
1614859200000,49508.2344
1614873600000,49482.7656
1614888000000,49448.8984
1614902400000,49353.5352
1614916800000,49349.168
1614931200000,49282.4648
1614945600000,49226.832
1614960000000,49196.5664
1614974400000,48997.3672
1614988800000,48851.832
1615003200000,48715.5352
1615017600000,48571.0664
1615032000000,48415.332
1615046400000,48328.6992
1615060800000,48299.2344
1615075200000,48306.332
1615089600000,48449.6328
1615104000000,48607.9648
1615118400000,48828.832
1615132800000,49030.168
1615147200000,49262.1328
1615161600000,49445.3672
1615176000000,49472.9648
1615190400000,49592.1328
1615204800000,49759
1615219200000,49929.8008
1615233600000,50219.3984
1615248000000,50671.3008
1615262400000,51015.0352
1615276800000,51375.4648
1615291200000,51678.7656
1615305600000,51947.8008
1615320000000,52227.6328
1615334400000,52423.6992
1615348800000,52682.8008
1615363200000,52948.8008
1615377600000,53337.5
1615392000000,53804.3672
1615406400000,54155.832
1615420800000,54478.832
1615435200000,54712.6992
1615449600000,54967.9336
1615464000000,55120.6328
1615478400000,55344.8008
1615492800000,55576.668
1615507200000,55778.6992
1615521600000,55943.8672
1615536000000,56048.5352
1615550400000,56281.2344
1615564800000,56457.7344
1615579200000,56606.8672
1615593600000,56620.8984
1615608000000,56661.1992
1615622400000,56941.6016
1615636800000,57191.4336
1615651200000,57593.3984
1615665600000,57914.0352
1615680000000,58254.4648
1615694400000,58486
1615708800000,58660.332
1615723200000,58825.3984
1615737600000,59044.6016
1615752000000,59208.1016
1615766400000,59441.4648
1615780800000,59503.6328
1615795200000,59429.3672
1615809600000,59388.9336
1615824000000,59339.5664
1615838400000,59047.8672
1615852800000,58684.6328
1615867200000,58304.6992
1615881600000,57926.8672
1615896000000,57556.832
1615910400000,57248.1992
1615924800000,57021.3008
1615939200000,56745.7656
1615953600000,56468.2344
1615968000000,56189.8672
1615982400000,55819.0352
1615996800000,55820.6328
1616011200000,56013.7344
1616025600000,56191.6992
1616040000000,56311
1616054400000,56481.8672
1616068800000,56840.7344
1616083200000,56976.0664
1616097600000,57119.0352
1616112000000,57247.8984
1616126400000,57382.6992
1616140800000,57504.4648
1616155200000,57740.1992
1616169600000,57947.9336
1616184000000,58163.6328
1616198400000,58395.8984
1616212800000,58434.668
1616227200000,58456.7344
1616241600000,58492.2344
1616256000000,58552.4336
1616270400000,58543.9648
1616284800000,58421.6016
1616299200000,58405.668
1616313600000,58313.6992
1616328000000,58276.168
1616342400000,58261.3672
1616356800000,58166.3008
1616371200000,58071.668
1616385600000,57988.9336
1616400000000,57971.6328
1616414400000,57878.4648
1616428800000,57678.8008
1616443200000,57327.1328
1616457600000,57018.7656
1616472000000,56674.0352
1616486400000,56414.0664
1616500800000,56240.6328
1616515200000,56107.2344
1616529600000,55983.4336
1616544000000,55793.5
1616558400000,55655.7656
1616572800000,55601.5
1616587200000,55513.9336
1616601600000,55322.668
1616616000000,54950.0664
1616630400000,54620.1992
1616644800000,54401.3008
1616659200000,54274.168
1616673600000,54026.4648
1616688000000,53893.1016
1616702400000,53700.832
1616716800000,53512.0664
1616731200000,53414.8984
1616745600000,53304.8672
1616760000000,53233.1016
1616774400000,53118.6328
1616788800000,53018.4336
1616803200000,52918.3984
1616817600000,52932.1016
1616832000000,53084.668
1616846400000,53277.5664
1616860800000,53522.1016
1616875200000,53769.9648
1616889600000,54111.3008
1616904000000,54378.668
1616918400000,54678.9336
1616932800000,54944.4648
1616947200000,55054.8984
1616961600000,55257.1016
1616976000000,55396.0352
1616990400000,55540.7656
1617004800000,55724.5664
1617019200000,55918.9336
1617033600000,56099.8984
1617048000000,56309.332
1617062400000,56456.3008
1617076800000,56609.5664
1617091200000,56845.3008
1617105600000,57013.8008
1617120000000,57212.0352
1617134400000,57405
1617148800000,57558.2344
1617163200000,57754.832
1617177600000,57908.832
1617192000000,58174.6016
1617206400000,58354.6016
1617220800000,58418.0664
1617235200000,58515.3008
1617249600000,58587.5352
1617264000000,58653.1992
1617278400000,58773.668
1617292800000,58828.5
1617307200000,58787.5352
1617321600000,58877.7656
1617336000000,58896.8008
1617350400000,58957.2344
1617364800000,59007.332
1617379200000,59054.9648
1617393600000,59116.7344
1617408000000,59114.1016
1617422400000,59162.7344
1617436800000,59199.6328
1617451200000,59170.2656
1617465600000,59158.7344
1617480000000,59055.0352
1617494400000,58960.2656
1617508800000,58872.9336
1617523200000,58775.6992
1617537600000,58642.668
1617552000000,58549.5352
1617566400000,58457.2344
1617580800000,58331.7656
1617595200000,58223.832
1617609600000,58142.6992
1617624000000,58124.2656
1617638400000,58106
1617652800000,58100.5352
1617667200000,58096.9648
1617681600000,58091.5664
1617696000000,58194.3672
1617710400000,58211.4336
1617724800000,58251.8672
1617739200000,58295.668
1617753600000,58299.3008
1617768000000,58288.8984
1617782400000,58161.8008
1617796800000,58090.4648
1617811200000,58015
1617825600000,57889.668
1617840000000,57721.5352
1617854400000,57583.1992
1617868800000,57397.3672
1617883200000,57335.332
1617897600000,57282.9648
1617912000000,57251.1992
1617926400000,57261.9648
1617940800000,57247.3984
1617955200000,57282.7344
1617969600000,57297.4336
1617984000000,57331.0352
1617998400000,57449.7344
1618012800000,57633.168
1618027200000,57929.1328
1618041600000,58240.9336
1618056000000,58490.6992
1618070400000,58654.9648
1618084800000,58869.5352
1618099200000,59041.1992
1618113600000,59173.5352
1618128000000,59283.5
1618142400000,59394.5352
1618156800000,59502.8984
1618171200000,59602.8672
1618185600000,59745.1992
1618200000000,59907.832
1618214400000,60054.0352
1618228800000,60107.2344
1618243200000,60072.8672
1618257600000,60024.8984
1618272000000,60045.6992
1618286400000,60150.5664
1618300800000,60369.668
1618315200000,60572
1618329600000,60796.5664
1618344000000,61048.4648
1618358400000,61326.1992
1618372800000,61636.4336
1618387200000,61946.6016
1618401600000,62130.5
1618416000000,62222.2344
1618430400000,62402
1618444800000,62609.3672
1618459200000,62795.832
1618473600000,62965.4648
1618488000000,63112.8984
1618502400000,63274.168
1618516800000,63295.1328
1618531200000,63273.7344
1618545600000,63167.8672
1618560000000,62994.3672
1618574400000,62849.8672
1618588800000,62682.7656
1618603200000,62469.832
1618617600000,62426.2656
1618632000000,62426.5352
1618646400000,62292.8672
1618660800000,62109.5352
1618675200000,61971.4648
1618689600000,61820.668
1618704000000,61324.1992
1618718400000,60842.5
1618732800000,60184.1992
1618747200000,59687.8984
1618761600000,59306.8984
1618776000000,58993.4648
1618790400000,58687.7656
1618804800000,58390.5664
1618819200000,58106
1618833600000,57584.332
1618848000000,57168.1016
1618862400000,56813.8008
1618876800000,56422.2656
1618891200000,55999
1618905600000,55747.5352
1618920000000,55750.0664
1618934400000,55776.4336
1618948800000,55980.5664
1618963200000,55958.168
1618977600000,55928.1328
1618992000000,55819.6328
1619006400000,55758.7344
1619020800000,55632.1992
1619035200000,55408.1992
1619049600000,55335
1619064000000,55218.832
1619078400000,55168
1619092800000,55179.6328
1619107200000,55078.3008
1619121600000,54766.1016
1619136000000,54424.1328
1619150400000,53843.2656
1619164800000,53412.8984
1619179200000,53049.1992
1619193600000,52749.3008
1619208000000,52516.0664
1619222400000,52115.1328
1619236800000,51741.9648
1619251200000,51425.3008
1619265600000,51204.5664
1619280000000,50970.5352
1619294400000,50649.1016
1619308800000,50314.7344
1619323200000,50093.6328
1619337600000,49949.9648
1619352000000,49949.6016
1619366400000,50044.668
1619380800000,49979.1016
1619395200000,50149.2344
1619409600000,50284.8008
1619424000000,50454.5352
1619438400000,50685.8984
1619452800000,50963.6992
1619467200000,51292
1619481600000,51510.1016
1619496000000,51767.3672
1619510400000,52105.5
1619524800000,52460.5
1619539200000,52805.9648
1619553600000,53171.3008
1619568000000,53477.332
1619582400000,53805.9336
1619596800000,54193.332
1619611200000,54324.9336
1619625600000,54496.6992
1619640000000,54576.8672
1619654400000,54621.332
1619668800000,54647.8984
1619683200000,54671.5664
1619697600000,54687.9648
1619712000000,54576.0352
1619726400000,54468.1016
1619740800000,54382.832
1619755200000,54353.9648
1619769600000,54303.9648
1619784000000,54460.3008
1619798400000,54646.0352
1619812800000,54837.9336
1619827200000,55099.332
1619841600000,55252.3984
1619856000000,55455.668
1619870400000,55662.832
1619884800000,55888.0352
1619899200000,56122.3008
1619913600000,56308.1016
1619928000000,56563.6992
1619942400000,56803.8008
1619956800000,56998.832
1619971200000,57171.4336
1619985600000,57329.1016
1620000000000,57385.0352
1620014400000,57504.3672
1620028800000,57570.6992
1620043200000,57531.2344
1620057600000,57521.1992
1620072000000,57471.6016
1620086400000,57342.5352
1620100800000,57218.3984
1620115200000,57105.8008
1620129600000,56926.0352
1620144000000,56783.7656
1620158400000,56523.3672
1620172800000,56402.5664
1620187200000,56265.2344
1620201600000,56165.668
1620216000000,56139.1016
1620230400000,56028.1328
1620244800000,55946.2344
1620259200000,55896.168
1620273600000,55849.6992
1620288000000,55910.6328
1620302400000,56026.1016
1620316800000,56041.5352
1620331200000,56053.8672
1620345600000,56184.2656
1620360000000,56269.7344
1620374400000,56483.9648
1620388800000,56666.6992
1620403200000,56853
1620417600000,57004.2344
1620432000000,57044.168
1620446400000,57136.9648
1620460800000,57211.332
1620475200000,57259.168
1620489600000,57410.3672
1620504000000,57472.5
1620518400000,57571.6992
1620532800000,57690.5664
1620547200000,57798.332
1620561600000,57908.668
1620576000000,58007.8984
1620590400000,58129.1016
1620604800000,58258
1620619200000,58309.6328
1620633600000,58360.168
1620648000000,58374.168
1620662400000,58186.1992
1620676800000,58004.5352
1620691200000,57844.3672
1620705600000,57622.5
1620720000000,57373.9336
1620734400000,57202.5352
1620748800000,57115
1620763200000,57034.0352
1620777600000,57059.2656
1620792000000,57048.8672
1620806400000,56932.0664
1620820800000,56664.6992
1620835200000,56400.9336
1620849600000,55824.168
1620864000000,55290.8008
1620878400000,54964.9648
1620892800000,54556.8984
1620907200000,54191.0352
1620921600000,53705.4336
1620936000000,53333
1620950400000,52871.1328
1620964800000,52431.0664
1620979200000,52021.0352
1620993600000,51585.5352
1621008000000,51116.6016
1621022400000,50674.3008
1621036800000,50285.832
1621051200000,49885.7344
1621065600000,49848.7344
1621080000000,49752.9648
1621094400000,49570.6016
1621108800000,49370.332
1621123200000,49282.5352
1621137600000,49337.6016
1621152000000,49294.1992
1621166400000,49201.2656
1621180800000,48901.1016
1621195200000,48620.0664
1621209600000,48058.2656
1621224000000,47726
1621238400000,47451.8672
1621252800000,47030.7656
1621267200000,46742.2344
1621281600000,46380.7344
1621296000000,46101.168
1621310400000,45900.5
1621324800000,45804.1016
1621339200000,45440.168
1621353600000,45031.9336
1621368000000,44619.5
1621382400000,44139.3672
1621396800000,43790.4336
1621411200000,43273.9336
1621425600000,42898.9648
1621440000000,42518.1328
1621454400000,41918.7656
1621468800000,41585.668
1621483200000,41306.4648
1621497600000,41100.8008
1621512000000,40877.1328
1621526400000,40543.5352
1621540800000,40228.3984
1621555200000,40077.9648
1621569600000,39851.7344
1621584000000,39738.4336
1621598400000,39484.832
1621612800000,39198.9648
1621627200000,39107.3984
1621641600000,39088
1621656000000,38878.5664
1621670400000,38969.9648
1621684800000,38956.9648
1621699200000,38777.1328
1621713600000,38576.4336
1621728000000,38308.3672
1621742400000,38026.1992
1621756800000,37679.3008
1621771200000,37186.4336
1621785600000,36732.6992
1621800000000,36301.6992
1621814400000,36201.3672
1621828800000,36241.832
1621843200000,36263.7344
1621857600000,36304.5352
1621872000000,36522.7656
1621886400000,36567.0664
1621900800000,36579.1992
1621915200000,36692.8008
1621929600000,36633.5664
1621944000000,36691.5
1621958400000,36784.0352
1621972800000,36980.6328
1621987200000,37395.668
1622001600000,37890.7344
1622016000000,38236.5664
1622030400000,38469.0352
1622044800000,38590.668
1622059200000,38699.4336
1622073600000,38703.3008
1622088000000,38615.5664
1622102400000,38675.6992
1622116800000,38765.6328
1622131200000,38752.7344
1622145600000,38881.9336
1622160000000,38879.3008
1622174400000,38856.9648
1622188800000,38658.3984
1622203200000,38471.4648
1622217600000,38156.0352
1622232000000,37874.4336
1622246400000,37719.5352
1622260800000,37565.9648
1622275200000,37308.6016
1622289600000,37094.9336
1622304000000,36811.832
1622318400000,36468.8008
1622332800000,36139.6992
1622347200000,35952.2656
1622361600000,35808.8008
1622376000000,35625.6016
1622390400000,35566.9648
1622404800000,35585.0664
1622419200000,35435.7344
1622433600000,35441.5352
1622448000000,35519.1016
1622462400000,35554.6016
1622476800000,35599.332
1622491200000,35722.8984
1622505600000,35874.8008
1622520000000,36060.832
1622534400000,36194.4336
1622548800000,36290.668
1622563200000,36286.6328
1622577600000,36307.5664
1622592000000,36371.0664
1622606400000,36445.9648
1622620800000,36547.8672
1622635200000,36781.4336
1622649600000,36914.1992
1622664000000,36961.5352
1622678400000,37002.9336
1622692800000,37118.8672
1622707200000,37220.668
1622721600000,37342.3008
1622736000000,37459.5352
1622750400000,37634.4336
1622764800000,37749.5352
1622779200000,37795.1016
1622793600000,37788.3672
1622808000000,37821.2656
1622822400000,37793.8984
1622836800000,37771.0352
1622851200000,37730.5352
1622865600000,37713.5352
1622880000000,37601.5
1622894400000,37514.6016
1622908800000,37325.168
1622923200000,37107.0664
1622937600000,36936.9336
1622952000000,36773.9336
1622966400000,36550.8672
1622980800000,36433.168
1622995200000,36374.6016
1623009600000,36322.1328
1623024000000,36283.168
1623038400000,36239.832
1623052800000,36208.1016
1623067200000,36116.3008
1623081600000,35984.4336
1623096000000,35829.0664
1623110400000,35595.1016
1623124800000,35408.9336
1623139200000,35248.332
1623153600000,34964.6992
1623168000000,34744.2656
1623182400000,34578.3008
1623196800000,34356.4336
1623211200000,34252
1623225600000,34197.6992
1623240000000,34195.1992
1623254400000,34204.168
1623268800000,34272.7344
1623283200000,34334.668
1623297600000,34425.6016
1623312000000,34712.3984
1623326400000,34987.3008
1623340800000,35235.332
1623355200000,35474.668
1623369600000,35810.8672
1623384000000,36097.832
1623398400000,36363.9648
1623412800000,36628.3008
1623427200000,36833.6016
1623441600000,36990.8008
1623456000000,36938.9648
1623470400000,36869.0352
1623484800000,36747.8008
1623499200000,36642.168
1623513600000,36558.5352
1623528000000,36405.5
1623542400000,36267.168
1623556800000,36172.1016
1623571200000,36119.2344
1623585600000,36071.0352
1623600000000,36104.0664
1623614400000,36214
1623628800000,36358.4336
1623643200000,36513.3008
1623657600000,36637.7656
1623672000000,36979.0664
1623686400000,37277.6016
1623700800000,37606.8672
1623715200000,37943.7656
1623729600000,38253.8984
1623744000000,38540.1328
1623758400000,38887.6992
1623772800000,39199.168
1623787200000,39481.1328
1623801600000,39746.3984
1623816000000,39911.3984
1623830400000,39914.1992
1623844800000,39901.168
1623859200000,39838.2344
1623873600000,39780
1623888000000,39655.1016
1623902400000,39621.3008
1623916800000,39530.3984
1623931200000,39434.832
1623945600000,39255
1623960000000,39136.1992
1623974400000,38992.1328
1623988800000,38843.168
1624003200000,38687.7656
1624017600000,38443.832
1624032000000,38123.0664
1624046400000,37904.168
1624060800000,37655.8008
1624075200000,37465.3984
1624089600000,37306.6016
1624104000000,37127.6992
1624118400000,36908.1328
1624132800000,36663.2344
1624147200000,36431.5664
1624161600000,36293.5
1624176000000,36013.3984
1624190400000,35779.9648
1624204800000,35629.9648
1624219200000,35483.2656
1624233600000,35368.3984
1624248000000,35212.3008
1624262400000,34993.168
1624276800000,34833.7656
1624291200000,34618.1328
1624305600000,34329.3984
1624320000000,34119.1016
1624334400000,33900.2656
1624348800000,33615.5352
1624363200000,33357.5664
1624377600000,33144.668
1624392000000,33055.9336
1624406400000,33026.5352
1624420800000,32929.7344
1624435200000,32816.8008
1624449600000,32740.0664
1624464000000,32732.9004
1624478400000,32811.0664
1624492800000,32805.4336
1624507200000,32824.5352
1624521600000,32973.668
1624536000000,33032.8008
1624550400000,33177.0352
1624564800000,33405.6328
1624579200000,33630.6992
1624593600000,33753.832
1624608000000,33803.8672
1624622400000,33709.3984
1624636800000,33588.6992
1624651200000,33432.6992
1624665600000,33329.6328
1624680000000,33185.0664
1624694400000,33057.9648
1624708800000,32987.7344
1624723200000,32903.7656
1624737600000,32798.7656
1624752000000,32747.666
1624766400000,32642.7676
1624780800000,32550.0664
1624795200000,32428.0664
1624809600000,32330.4004
1624824000000,32426.666
1624838400000,32550.9004
1624852800000,32740.5332
1624867200000,32909.8008
1624881600000,33113.1016
1624896000000,33362
1624910400000,33542.6992
1624924800000,33745.0352
1624939200000,33962.9336
1624953600000,34182.6016
1624968000000,34391.9648
1624982400000,34602.9648
1624996800000,34781.6016
1625011200000,34907.9336
1625025600000,35069.2344
1625040000000,35078
1625054400000,35061.832
1625068800000,35042.4336
1625083200000,35104.2344
1625097600000,35045
1625112000000,34971.9648
1625126400000,34920
1625140800000,34844
1625155200000,34726.1328
1625169600000,34589.1016
1625184000000,34365.2344
1625198400000,34162.8008
1625212800000,33967.8008
1625227200000,33873.7656
1625241600000,33745.168
1625256000000,33673.8672
1625270400000,33631.1328
1625284800000,33615.0664
1625299200000,33585
1625313600000,33618.2656
1625328000000,33712.0352
1625342400000,33778.0664
1625356800000,33860.168
1625371200000,34025.8672
1625385600000,34157.8984
1625400000000,34331.6016
1625414400000,34477.7656
1625428800000,34630.332
1625443200000,34674.3008
1625457600000,34737.668
1625472000000,34709.1016
1625486400000,34713.5664
1625500800000,34687.5352
1625515200000,34628.5
1625529600000,34581.1016
1625544000000,34589.1016
1625558400000,34546.4336
1625572800000,34504.5664
1625587200000,34400.6992
1625601600000,34315.3984
1625616000000,34246.8984
1625630400000,34192.5352
1625644800000,34161.9336
1625659200000,34174.2344
1625673600000,34198.8008
1625688000000,34231.6016
1625702400000,34211.2344
1625716800000,34103.1016
1625731200000,34037.5352
1625745600000,33970.6016
1625760000000,33845.7656
1625774400000,33766.5352
1625788800000,33693.3008
1625803200000,33617.6992
1625817600000,33520.8672
1625832000000,33459.168
1625846400000,33371.9648
1625860800000,33303.0352
1625875200000,33254.0352
1625889600000,33196.668
1625904000000,33193.2656
1625918400000,33230.9336
1625932800000,33290.4336
1625947200000,33343.1992
1625961600000,33378.7344
1625976000000,33411.2344
1625990400000,33473.6328
1626004800000,33541.168
1626019200000,33607.9648
1626033600000,33706.8008
1626048000000,33766.3008
1626062400000,33822.1328
1626076800000,33803.2344
1626091200000,33773.668
1626105600000,33709.832
1626120000000,33663.6016
1626134400000,33611.2344
1626148800000,33596.8672
1626163200000,33565.3672
1626177600000,33521.6328
1626192000000,33442.1328
1626206400000,33369.9648
1626220800000,33226.8008
1626235200000,33095.5
1626249600000,32974.7656
1626264000000,32865.6016
1626278400000,32761.5664
1626292800000,32713.5
1626307200000,32665.6328
1626321600000,32643.9004
1626336000000,32563.1992
1626350400000,32469.4668
1626364800000,32360.0664
1626379200000,32282.5996
1626393600000,32225.3008
1626408000000,32191.9004
1626422400000,32083.7324
1626436800000,32103.0664
1626451200000,32103.4004
1626465600000,32033.4336
1626480000000,31934.0332
1626494400000,31852.6992
1626508800000,31758.6992
1626523200000,31701.7324
1626537600000,31659.0332
1626552000000,31633.1328
1626566400000,31665.2676
1626580800000,31676.2324
1626595200000,31671.666
1626609600000,31634.6992
1626624000000,31625.3008
1626638400000,31670.6328
1626652800000,31634.8008
1626667200000,31614.4004
1626681600000,31605.8672
1626696000000,31562.334
1626710400000,31510.9004
1626724800000,31472.6328
1626739200000,31326.7324
1626753600000,31192.6992
1626768000000,31072.2676
1626782400000,30922.9336
1626796800000,30794.4004
1626811200000,30659.7324
1626825600000,30557.9668
1626840000000,30502.2324
1626854400000,30486.0996
1626868800000,30509.7676
1626883200000,30511.834
1626897600000,30568.3672
1626912000000,30653.8672
1626926400000,30747.1328
1626940800000,30820.166
1626955200000,31014.1992
1626969600000,31184.0664
1626984000000,31356.6328
1626998400000,31534.8672
1627012800000,31715.834
1627027200000,31883.5664
1627041600000,32047.6992
1627056000000,32143.5332
1627070400000,32283.7324
1627084800000,32400.1992
1627099200000,32545.5332
1627113600000,32662.334
1627128000000,32791.7656
1627142400000,32908.668
1627156800000,33064.668
1627171200000,33175.7344
1627185600000,33331.4648
1627200000000,33471.4336
1627214400000,33578.9648
1627228800000,33703.8984
1627243200000,33911.5
1627257600000,34312.832
1627272000000,34709.1016
1627286400000,35032.5352
1627300800000,35360.1016
1627315200000,35728.832
1627329600000,35953.7344
1627344000000,36150.168
1627358400000,36366.9648
1627372800000,36620.3672
1627387200000,36890.8984
1627401600000,37096
1627416000000,37437.3984
1627430400000,37814.332
1627444800000,38184.2656
1627459200000,38541.168
1627473600000,38631.5352
1627488000000,38778.3008
1627502400000,38879.8008
1627516800000,38949.0352
1627531200000,38987.3984
1627545600000,39156.9336
1627560000000,39364.7656
1627574400000,39532.9336
1627588800000,39664.2656
1627603200000,39780.6992
1627617600000,39910.332
1627632000000,39854.1016
1627646400000,39801.832
1627660800000,39802
1627675200000,39901.1016
1627689600000,40045.6328
1627704000000,40123.168
1627718400000,40230.3672
1627732800000,40360.2344
1627747200000,40452.3984
1627761600000,40564.1328
1627776000000,40732.2344
1627790400000,40868.6992
1627804800000,40974.7344
1627819200000,41062.5
1627833600000,41164.9336
1627848000000,41243.5352
1627862400000,41291.3008
1627876800000,41304.1016
1627891200000,41122.0352
1627905600000,40978.3984
1627920000000,40819.5
1627934400000,40654.2656
1627948800000,40459.3984
1627963200000,40276.8672
1627977600000,40078.0352
1627992000000,39791.8008
1628006400000,39545.5664
1628020800000,39317.668
1628035200000,39094.6016
1628049600000,38863.8008
1628064000000,38750.2656
1628078400000,38717.2344
1628092800000,38693.332
1628107200000,38708.1992
1628121600000,38692.332
1628136000000,38672.332
1628150400000,38595.8008
1628164800000,38602.7656
1628179200000,38747.0352
1628193600000,38908.0664
1628208000000,39047.4336
1628222400000,39230
1628236800000,39383.9336
1628251200000,39669.2344
1628265600000,40011.0352
1628280000000,40326.2656
1628294400000,40619.8984
1628308800000,40852.668
1628323200000,41125.1016
1628337600000,41387.1016
1628352000000,41729
1628366400000,42169.7344
1628380800000,42543.668
1628395200000,42816.7656
1628409600000,43056.168
1628424000000,43305.7344
1628438400000,43506.3008
1628452800000,43727.7656
1628467200000,43813.7344
1628481600000,43873.3984
1628496000000,44080
1628510400000,44228.3984
1628524800000,44413.4336
1628539200000,44578.332
1628553600000,44734.6328
1628568000000,44868.3984
1628582400000,44920.8008
1628596800000,44974.8008
1628611200000,45020.4336
1628625600000,45095.5664
1628640000000,45202.6328
1628654400000,45378.8984
1628668800000,45521.8008
1628683200000,45715.6328
1628697600000,45893.2344
1628712000000,45862.7344
1628726400000,45862.6992
1628740800000,45811.832
1628755200000,45709.5664
1628769600000,45607.4336
1628784000000,45501.5664
1628798400000,45435.0352
1628812800000,45438.8672
1628827200000,45477.2344
1628841600000,45514.7344
1628856000000,45567.8984
1628870400000,45572.0352
1628884800000,45696.7344
1628899200000,45774.5664
1628913600000,45852.332
1628928000000,45922.7344
1628942400000,45990.1328
1628956800000,46111.1992
1628971200000,46265.332
1628985600000,46446.1016
1629000000000,46537.9336
1629014400000,46641.4648
1629028800000,46706.6992
1629043200000,46723.4336
1629057600000,46781.1016
1629072000000,46849.3984
1629086400000,46908.1992
1629100800000,46888.6016
1629115200000,46805.1328
1629129600000,46702.3672
1629144000000,46658.7656
1629158400000,46625.0352
1629172800000,46549.6328
1629187200000,46536.2656
1629201600000,46459.1992
1629216000000,46439.2656
1629230400000,46354.5
1629244800000,46278.6328
1629259200000,46188.6016
1629273600000,46036.668
1629288000000,45929.5
1629302400000,45767.2344
1629316800000,45577.1328
1629331200000,45424.2656
1629345600000,45335.0664
1629360000000,45222.3984
1629374400000,45182.1016
1629388800000,45234.0352
1629403200000,45228.8008
1629417600000,45318.6992
1629432000000,45408.2656
1629446400000,45563.332
1629460800000,45810.1328
1629475200000,46058.3008
1629489600000,46364.6016
1629504000000,46567.3008
1629518400000,46843.1016
1629532800000,47101.1016
1629547200000,47447.7344
1629561600000,47729.0352
1629576000000,48037.6328
1629590400000,48239.3984
1629604800000,48409.7344
1629619200000,48568.7656
1629633600000,48665.6992
1629648000000,48789.4336
1629662400000,48943.2344
1629676800000,49048.7656
1629691200000,49150.168
1629705600000,49224.168
1629720000000,49271.3984
1629734400000,49287.8008
1629748800000,49353.6016
1629763200000,49361.0664
1629777600000,49417.5664
1629792000000,49458.7656
1629806400000,49425.5352
1629820800000,49359.3672
1629835200000,49260.6016
1629849600000,49224.0664
1629864000000,49189.332
1629878400000,49074.9648
1629892800000,48972.6328
1629907200000,48867.8984
1629921600000,48771.832
1629936000000,48661.6016
1629950400000,48502.668
1629964800000,48322.8984
1629979200000,48150.5
1629993600000,47957.0664
1630008000000,47783.4648
1630022400000,47681.332
1630036800000,47629.8672
1630051200000,47613.3008
1630065600000,47627.7656
1630080000000,47637.8008
1630094400000,47738.0664
1630108800000,47747.332
1630123200000,47769.5
1630137600000,47752.2656
1630152000000,47815.668
1630166400000,47935.8672
1630180800000,48074.9648
1630195200000,48174.168
1630209600000,48279.3008
1630224000000,48368.9648
1630238400000,48482.2344
1630252800000,48570.7656
1630267200000,48661.6328
1630281600000,48645.2344
1630296000000,48621.3672
1630310400000,48544.8984
1630324800000,48487.3984
1630339200000,48464.168
1630353600000,48346.9336
1630368000000,48233.3008
1630382400000,48172.6992
1630396800000,48113.6328
1630411200000,48060.8984
1630425600000,47984.8672
1630440000000,47916.668
1630454400000,47822.4648
1630468800000,47715.9336
1630483200000,47647
1630497600000,47618.6328
1630512000000,47636
1630526400000,47699.1328
1630540800000,47803.9648
1630555200000,47889.2344
1630569600000,48099.832
1630584000000,48262.9336
1630598400000,48369.5352
1630612800000,48454.832
1630627200000,48591.668
1630641600000,48724.6328
1630656000000,48929.168
1630670400000,49164.9336
1630684800000,49387.832
1630699200000,49538.168
1630713600000,49722.1328
1630728000000,49857.1016
1630742400000,49928.3672
1630756800000,49944.9648
1630771200000,49953.1016
1630785600000,49940.6992
1630800000000,49949.6016
1630814400000,49985.7344
1630828800000,50048.3984
1630843200000,50096.5
1630857600000,50187.8008
1630872000000,50293.7344
1630886400000,50361.9336
1630900800000,50446.3672
1630915200000,50540.1016
1630929600000,50629.6016
1630944000000,50733.5664
1630958400000,50917.3008
1630972800000,51104.8672
1630987200000,51263.332
1631001600000,51330.6328
1631016000000,51127
1631030400000,50912.668
1631044800000,50684.5664
1631059200000,50433
1631073600000,50056.8008
1631088000000,49695.1328
1631102400000,49321.832
1631116800000,48961.8984
1631131200000,48603.3672
1631145600000,48226.4648
1631160000000,47859.4648
1631174400000,47432.3984
1631188800000,47050.7344
1631203200000,46661.0664
1631217600000,46354.2344
1631232000000,46355.2344
1631246400000,46317.0352
1631260800000,46282.0352
1631275200000,46213.2344
1631289600000,46248
1631304000000,46142.6992
1631318400000,46084.8984
1631332800000,45991.3984
1631347200000,45958.1328
1631361600000,45930.2656
1631376000000,45866.7344
1631390400000,45789.3008
1631404800000,45677.6016
1631419200000,45598
1631433600000,45576.1328
1631448000000,45522.5
1631462400000,45505.332
1631476800000,45486.0664
1631491200000,45431.1016
1631505600000,45354.9336
1631520000000,45357.6992
1631534400000,45301.4336
1631548800000,45283.5
1631563200000,45243.9336
1631577600000,45218.3672
1631592000000,45243.9648
1631606400000,45299.332
1631620800000,45394.0352
1631635200000,45466.668
1631649600000,45537.6016
1631664000000,45616.1016
1631678400000,45702.168
1631692800000,45801.4648
1631707200000,46046.6992
1631721600000,46285.832
1631736000000,46502.5352
1631750400000,46719.8984
1631764800000,46959.1992
1631779200000,47155.8008
1631793600000,47344.7344
1631808000000,47458.2344
1631822400000,47578.168
1631836800000,47655.4648
1631851200000,47739.0352
1631865600000,47758.832
1631880000000,47786.2344
1631894400000,47805.168
1631908800000,47787.8008
1631923200000,47763.5664
1631937600000,47801.668
1631952000000,47818.3008
1631966400000,47870.5664
1631980800000,47861.8672
1631995200000,47886.7344
1632009600000,47872.9336
1632024000000,47918.5664
1632038400000,47888
1632052800000,47873.8984
1632067200000,47851.332
1632081600000,47842.1328
1632096000000,47714.3984
1632110400000,47538
1632124800000,47302.5352
1632139200000,47029.4648
1632153600000,46711.3008
1632168000000,46353.1992
1632182400000,45970.8984
1632196800000,45638.6992
1632211200000,45303.4648
1632225600000,44988.2656
1632240000000,44580.1328
1632254400000,44139.5352
1632268800000,43763.1016
1632283200000,43438.8008
1632297600000,43082.8984
1632312000000,42924.6016
1632326400000,42828.4648
1632340800000,42816.3984
1632355200000,42832.6016
1632369600000,42859.2344
1632384000000,42902.6016
1632398400000,42976.832
1632412800000,43079.7344
1632427200000,43186.5
1632441600000,43267.8672
1632456000000,43454.5
1632470400000,43510.5
1632484800000,43504.9336
1632499200000,43495.5664
1632513600000,43556.0664
1632528000000,43519.2656
1632542400000,43453.2656
1632556800000,43384
1632571200000,43292.1992
1632585600000,43185.7344
1632600000000,43119.8984
1632614400000,43017.1016
1632628800000,42782.2656
1632643200000,42664.4336
1632657600000,42600.5664
1632672000000,42498.7656
1632686400000,42608.0352
1632700800000,42747.6016
1632715200000,42836.5
1632729600000,42900.3984
1632744000000,42944.6328
1632758400000,42989.8008
1632772800000,42964.668
1632787200000,42955.9648
1632801600000,42896.0352
1632816000000,42858
1632830400000,42805.7344
1632844800000,42826.6328
1632859200000,42687.3008
1632873600000,42609.8008
1632888000000,42554.6016
1632902400000,42500
1632916800000,42339.7656
1632931200000,42171.2344
1632945600000,42017.7344
1632960000000,42037.6328
1632974400000,42053.7344
1632988800000,42115.4336
1633003200000,42152.832
1633017600000,42270.832
1633032000000,42384.6992
1633046400000,42529.168
1633060800000,42744.3672
1633075200000,43177.1992
1633089600000,43521.2656
1633104000000,43894.4336
1633118400000,44278.4648
1633132800000,44673.168
1633147200000,45109.5
1633161600000,45522.5352
1633176000000,45805.332
1633190400000,46135.0352
1633204800000,46442.3984
1633219200000,46762.8984
1633233600000,47055.3984
1633248000000,47336.6992
1633262400000,47620.3984
1633276800000,47888.2656
1633291200000,47935.3672
1633305600000,47945.3984
1633320000000,47932.8672
1633334400000,47899.4336
1633348800000,47915.1992
1633363200000,48025.168
1633377600000,48128.1992
1633392000000,48225.7656
1633406400000,48310.1328
1633420800000,48458.3984
1633435200000,48581.7656
1633449600000,48800.2344
1633464000000,49030.7656
1633478400000,49276.4648
1633492800000,49451.2656
1633507200000,49660.168
1633521600000,50163.1016
1633536000000,50646.0352
1633550400000,51159.1016
1633564800000,51630.1328
1633579200000,51994.2344
1633593600000,52336.4648
1633608000000,52646.0352
1633622400000,52947.2656
1633636800000,53207.668
1633651200000,53478.668
1633665600000,53720.8672
1633680000000,53977.668
1633694400000,54165.668
1633708800000,54384.0352
1633723200000,54558.1328
1633737600000,54529.9336
1633752000000,54519.5664
1633766400000,54490.6016
1633780800000,54501.8672
1633795200000,54491.6992
1633809600000,54531.5664
1633824000000,54609.6328
1633838400000,54721.8984
1633852800000,54815.1992
1633867200000,54920.168
1633881600000,54965.3984
1633896000000,54925.1328
1633910400000,55073.1016
1633924800000,55215.4336
1633939200000,55382.5352
1633953600000,55573.8984
1633968000000,55745.3008
1633982400000,55920.5
1633996800000,56033.5
1634011200000,56213.3984
1634025600000,56367.3672
1634040000000,56448.3008
1634054400000,56422.1328
1634068800000,56475.832
1634083200000,56531.8672
1634097600000,56475.1016
1634112000000,56506.5664
1634126400000,56479.8672
1634140800000,56508.7344
1634155200000,56572
1634169600000,56615.5352
1634184000000,56609.4336
1634198400000,56619.2344
1634212800000,56660.7344
1634227200000,56695.1016
1634241600000,56701.0352
1634256000000,56910.8984
1634270400000,57175.5664
1634284800000,57411.3008
1634299200000,57665.5
1634313600000,58122.668
1634328000000,58555.8672
1634342400000,58922.832
1634356800000,59220.9336
1634371200000,59507.0664
1634385600000,59697.3984
1634400000000,59928.2344
1634414400000,60145.0352
1634428800000,60401.168
1634443200000,60565.1016
1634457600000,60809.5352
1634472000000,60896.5352
1634486400000,60978.168
1634500800000,61113.6992
1634515200000,61251.6328
1634529600000,61277.2344
1634544000000,61228.668
1634558400000,61251.2656
1634572800000,61231.7656
1634587200000,61256.9336
1634601600000,61364.2656
1634616000000,61460.8984
1634630400000,61546.8008
1634644800000,61630.5664
1634659200000,61891.0352
1634673600000,62109.3984
1634688000000,62317.4336
1634702400000,62556.1328
1634716800000,62709.168
1634731200000,63032.0352
1634745600000,63334.6992
1634760000000,63672.7656
1634774400000,63883.8984
1634788800000,64129.7344
1634803200000,64316.3672
1634817600000,64345.3008
1634832000000,64378.9648
1634846400000,64378.1328
1634860800000,64431.5352
1634875200000,64375.1992
1634889600000,64314.8008
1634904000000,64100.4336
1634918400000,63897.8672
1634932800000,63689.3984
1634947200000,63308.5
1634961600000,62941.8672
1634976000000,62645.3672
1634990400000,62399.8672
1635004800000,62129.3008
1635019200000,61894.0352
1635033600000,61777.3672
1635048000000,61639.5
1635062400000,61515.6992
1635076800000,61293.1328
1635091200000,61111.7344
1635105600000,60946.8008
1635120000000,61042.0352
1635134400000,61147.9336
1635148800000,61283.7656
1635163200000,61442.9648
1635177600000,61563.6016
1635192000000,61666.8984
1635206400000,61753.8672
1635220800000,61847.3984
1635235200000,61947.2344
1635249600000,62035.5
1635264000000,62124.168
1635278400000,62118.6992
1635292800000,62175.668
1635307200000,62124.7656
1635321600000,61972.4336
1635336000000,61756.0352
1635350400000,61521.832
1635364800000,61234.8984
1635379200000,60916.3672
1635393600000,60668.3672
1635408000000,60525.5
1635422400000,60417.3984
1635436800000,60344.9336
1635451200000,60201.832
1635465600000,60142.3008
1635480000000,60039.8984
1635494400000,60087.5352
1635508800000,60196.7656
1635523200000,60375.7656
1635537600000,60622.2656
1635552000000,60813.8008
1635566400000,60979.668
1635580800000,61190.3672
1635595200000,61357.8984
1635609600000,61541.1992
1635624000000,61603.8008
1635638400000,61643.668
1635652800000,61646.0352
1635667200000,61633.3672
1635681600000,61555.0664
1635696000000,61569.6992
1635710400000,61599.8008
1635724800000,61437.4336
1635739200000,61415.9336
1635753600000,61387.9336
1635768000000,61379.6328
1635782400000,61370.5
1635796800000,61322.0664
1635811200000,61304.7344
1635825600000,61293.5
1635840000000,61369.6016
1635854400000,61525.0664
1635868800000,61674.1016
1635883200000,61859.3984
1635897600000,62040.9336
1635912000000,62217.3984
1635926400000,62337.2656
1635940800000,62488.2344
1635955200000,62526.2344
1635969600000,62595.2656
1635984000000,62655.832
1635998400000,62685.668
1636012800000,62726.3008
1636027200000,62725
1636041600000,62701.6016
1636056000000,62594.1328
1636070400000,62470.8984
1636084800000,62372
1636099200000,62240.4336
1636113600000,62078.5
1636128000000,61927.8672
1636142400000,61783.8984
1636156800000,61714.8984
1636171200000,61579.1992
1636185600000,61410.7344
1636200000000,61289.8984
1636214400000,61244.0352
1636228800000,61244.9648
1636243200000,61319.9648
1636257600000,61358.3984
1636272000000,61395.3008
1636286400000,61380.1016
1636300800000,61395.2344
1636315200000,61530.2344
1636329600000,61826.4336
1636344000000,62149.2656
1636358400000,62486.5
1636372800000,62838.832
1636387200000,63176.8984
1636401600000,63656.668
1636416000000,64180.8672
1636430400000,64629.1992
1636444800000,65041.1992
1636459200000,65348.1992
1636473600000,65685.7344
1636488000000,66015.7656
1636502400000,66317.3984
1636516800000,66589.6641
1636531200000,66807.7969
1636545600000,67017.8672
1636560000000,67066.3984
1636574400000,66985.6641
1636588800000,66871.5703
1636603200000,66826.7656
1636617600000,66670.8672
1636632000000,66421.4297
1636646400000,66236.1641
1636660800000,66045.3984
1636675200000,65914.3672
1636689600000,65757.2031
1636704000000,65546.2656
1636718400000,65320.7344
1636732800000,65148.9336
1636747200000,64986
1636761600000,64677.0664
1636776000000,64498.9336
1636790400000,64412.832
1636804800000,64408.5664
1636819200000,64323.332
1636833600000,64265.332
1636848000000,64254.5352
1636862400000,64219.2344
1636876800000,64193.9648
1636891200000,64142.1992
1636905600000,64117.6992
1636920000000,64234.6992
1636934400000,64407.0352
1636948800000,64520.0664
1636963200000,64629.3984
1636977600000,64665.8008
1636992000000,64677.2344
1637006400000,64676.7344
1637020800000,64423.3984
1637035200000,64213.6992
1637049600000,63959.6992
1637064000000,63694.6328
1637078400000,63401.8984
1637092800000,63111.9648
1637107200000,62775.832
1637121600000,62482.4648
1637136000000,62163.9336
1637150400000,61757.5664
1637164800000,61397.2344
1637179200000,61034.668
1637193600000,60739.0664
1637208000000,60444.2344
1637222400000,60153.4648
1637236800000,59967.1328
1637251200000,59777.3008
1637265600000,59532.0352
1637280000000,59213.9336
1637294400000,58931.1016
1637308800000,58725.1016
1637323200000,58647.6992
1637337600000,58535.8008
1637352000000,58357.9336
1637366400000,58283.9336
1637380800000,58164.7656
1637395200000,58050.8008
1637409600000,57901.3672
1637424000000,57879.4336
1637438400000,57911.168
1637452800000,57953.0352
1637467200000,58024.6016
1637481600000,58147
1637496000000,58369.1328
1637510400000,58591.0352
1637524800000,58699.3984
1637539200000,58669.1016
1637553600000,58618.3008
1637568000000,58557.8984
1637582400000,58535.0352
1637596800000,58371.9336
1637611200000,58213.4336
1637625600000,58166.3672
1637640000000,57938.668
1637654400000,57699.6016
1637668800000,57576.6016
1637683200000,57495.168
1637697600000,57416.5
1637712000000,57225.668
1637726400000,57038.3984
1637740800000,56906.1992
1637755200000,56860.668
1637769600000,56831.0352
1637784000000,56831.3984
1637798400000,56802.6328
1637812800000,56915.2656
1637827200000,57034.6992
1637841600000,57177.5
1637856000000,57368.8008
1637870400000,57559.6328
1637884800000,57632.4336
1637899200000,57580.3984
1637913600000,57324.832
1637928000000,57189.6328
1637942400000,57044
1637956800000,56851.8672
1637971200000,56695.3984
1637985600000,56532.1328
1638000000000,56360.4648
1638014400000,56169.6016
1638028800000,55989.5
1638043200000,55768.7344
1638057600000,55438.6328
1638072000000,55146.2656
1638086400000,54849
1638100800000,54606.1016
1638115200000,54448.3008
1638129600000,54687.4648
1638144000000,54889.668
1638158400000,55102.6328
1638172800000,55313.7344
1638187200000,55495.2344
1638201600000,55729.0664
1638216000000,55942.1328
1638230400000,56088.8984
1638244800000,56192.9648
1638259200000,56384.8984
1638273600000,56591.2656
1638288000000,56800.3672
1638302400000,56962.9336
1638316800000,57168.6328
1638331200000,57339.6992
1638345600000,57330.9336
1638360000000,57417.9648
1638374400000,57415.2656
1638388800000,57432.5
1638403200000,57381.4648
1638417600000,57308.9336
1638432000000,57213.2656
1638446400000,57173.6992
1638460800000,57182.8984
1638475200000,57108.832
1638489600000,57049.0352
1638504000000,56989.2344
1638518400000,56995
1638532800000,56901.1992
1638547200000,56678.3984
1638561600000,56440.3984
1638576000000,55996.168
1638590400000,55313.8008
1638604800000,54604.5
1638619200000,54067.2656
1638633600000,53564.5
1638648000000,53084.9336
1638662400000,52595.9648
1638676800000,52108.4648
1638691200000,51626.9648
1638705600000,51071
1638720000000,50546.9648
1638734400000,50038.0664
1638748800000,49574.2656
1638763200000,49211.332
1638777600000,48878.0664
1638792000000,48674.1016
1638806400000,48797.8672
1638820800000,49057.5352
1638835200000,49234.4648
1638849600000,49344.3008
1638864000000,49497.7344
1638878400000,49668.6016
1638892800000,49772
1638907200000,49859.9336
1638921600000,50002.9336
1638936000000,50108.668
1638950400000,50094.332
1638964800000,50201.3008
1638979200000,50335.9336
1638993600000,50458.8984
1639008000000,50494.5352
1639022400000,50553.5664
1639036800000,50468.5352
1639051200000,50302.5664
1639065600000,50080.7344
1639080000000,49818
1639094400000,49592.8672
1639108800000,49378.832
1639123200000,49251
1639137600000,49104.9648
1639152000000,48945.3008
1639166400000,48807.3984
1639180800000,48649.9648
1639195200000,48490.332
1639209600000,48340.3984
1639224000000,48289.6328
1639238400000,48181.1328
1639252800000,48193.1992
1639267200000,48248.832
1639281600000,48359.5664
1639296000000,48464.9336
1639310400000,48546.7344
1639324800000,48715.9336
1639339200000,48808.2344
1639353600000,48867.5352
1639368000000,48909.168
1639382400000,49021.668
1639396800000,48950.668
1639411200000,48858.9336
1639425600000,48755.5664
1639440000000,48634.1016
1639454400000,48539.832
1639468800000,48421.5664
1639483200000,48256.1016
1639497600000,48093.332
1639512000000,48041.6016
1639526400000,47950.1328
1639540800000,47814.832
1639555200000,47685.1992
1639569600000,47534.332
1639584000000,47529.7344
1639598400000,47531.9336
1639612800000,47638.3672
1639627200000,47774.6016
1639641600000,47942.5
1639656000000,48051.4336
1639670400000,48110.5352
1639684800000,48111.6992
1639699200000,48175.7344
1639713600000,48185.5664
1639728000000,48101.4648
1639742400000,47984
1639756800000,47886.168
1639771200000,47751.8984
1639785600000,47732.9336
1639800000000,47578.6992
1639814400000,47458.668
1639828800000,47326.5
1639843200000,47186.1328
1639857600000,47028.8984
1639872000000,46972.5
1639886400000,46951.1016
1639900800000,46920.1328
1639915200000,46881.6016
1639929600000,46858.668
1639944000000,46828.1992
1639958400000,46840.668
1639972800000,46820.0664
1639987200000,46815.5
1640001600000,46792.5352
1640016000000,46808.3008
1640030400000,46796.5664
1640044800000,46870.4336
1640059200000,47000.6328
1640073600000,47135.8008
1640088000000,47182.4336
1640102400000,47254.7656
1640116800000,47371.168
1640131200000,47507.3672
1640145600000,47678.3984
1640160000000,47834.5352
1640174400000,47982.3984
1640188800000,48147.9648
1640203200000,48317.2344
1640217600000,48487.1016
1640232000000,48588.832
1640246400000,48687.5
1640260800000,48745.0352
1640275200000,48912.6016
1640289600000,49043.1992
1640304000000,49217.168
1640318400000,49374.2656
1640332800000,49514.1016
1640347200000,49627.3008
1640361600000,49755.0664
1640376000000,49875.8008
1640390400000,50006.1328
1640404800000,50139.7656
1640419200000,50277.6016
1640433600000,50423.0664
1640448000000,50610.2656
1640462400000,50747.0664
1640476800000,50803.832
1640491200000,50726.1328
1640505600000,50654.8672
1640520000000,50589.9336
1640534400000,50547.6016
1640548800000,50532.4336
1640563200000,50536.8008
1640577600000,50509
1640592000000,50506.6992
1640606400000,50548.1992
1640620800000,50569.2344
1640635200000,50571.3984
1640649600000,50511.6328
1640664000000,50396.6328
1640678400000,50315.1016
1640692800000,50266.332
1640707200000,50116.4336
1640721600000,49967.668
1640736000000,49828.7344
1640750400000,49642.8984
1640764800000,49440.6328
1640779200000,49237.668
1640793600000,48998.8984
1640808000000,48709.6016
1640822400000,48378.0664
1640836800000,48093.6016
1640851200000,47880.3672
1640865600000,47702.2344
1640880000000,47591.4648
1640894400000,47451.3984
1640908800000,47334.3672
1640923200000,47299.7656
1640937600000,47330.0352
1640952000000,47328.7656
1640966400000,47203.3008
1640980800000,47100.168
1640995200000,47022.2656
1641009600000,47025.0352
1641024000000,47045.8008
1641038400000,47091.3984
1641052800000,47114.668
1641067200000,47129.0664
1641081600000,47141.4648
1641096000000,47115.832
1641110400000,47123.5352
1641124800000,47132
1641139200000,47115.2656
1641153600000,47069.9336
1641168000000,46991.7656
1641182400000,47082.6016
1641196800000,47160.8984
1641211200000,47151.6992
1641225600000,47097.1328
1641240000000,47076.6328
1641254400000,47019.4648
1641268800000,46966.3672
1641283200000,46898.1016
1641297600000,46870.8008
1641312000000,46793.5664
1641326400000,46701.1328
1641340800000,46641
1641355200000,46605.5352
1641369600000,46535.332
1641384000000,46523.3008
1641398400000,46363.8672
1641412800000,46099.832
1641427200000,45843.4336
1641441600000,45633.332
1641456000000,45394.4648
1641470400000,45170.2344
1641484800000,44962.1992
1641499200000,44721.6992
1641513600000,44379.8984
1641528000000,44091.668
1641542400000,43851.5664
1641556800000,43511.3984
1641571200000,43201.6992
1641585600000,42888.3984
1641600000000,42566.7344
1641614400000,42382.5352
1641628800000,42285.3672
1641643200000,42203.3984
1641657600000,42044.332
1641672000000,41966.4648
1641686400000,41890.6016
1641700800000,41783.668
1641715200000,41699.6992
1641729600000,41688.2656
1641744000000,41754.9648
1641758400000,41729.168
1641772800000,41771.3672
1641787200000,41791.6328
1641801600000,41792.168
1641816000000,41738
1641830400000,41697
1641844800000,41687.0352
1641859200000,41730.1992
1641873600000,41821.5352
1641888000000,41830.1992
1641902400000,41824.0352
1641916800000,41901.5664
1641931200000,41960
1641945600000,42026.8672
1641960000000,42018.2344
1641974400000,42089.9336
1641988800000,42197.3008
1642003200000,42309.7344
1642017600000,42464.9336
1642032000000,42633.8984
1642046400000,42794.8984
1642060800000,42917.6016
1642075200000,42981.2344
1642089600000,43014.5664
1642104000000,43065.1016
1642118400000,43126.5352
1642132800000,43104.6992
1642147200000,43058.0664
1642161600000,43090.5
1642176000000,43126.7344
1642190400000,43136.1992
1642204800000,43093.0664
1642219200000,43049.3008
1642233600000,42990.832
1642248000000,42983.1016
1642262400000,42970.2656
1642276800000,42932.1016
1642291200000,42918.2344
1642305600000,42951.6016
1642320000000,42979.0664
1642334400000,43017.5
1642348800000,43030.2344
1642363200000,43100
1642377600000,43070.3984
1642392000000,43042.2656
1642406400000,43015.8672
1642420800000,42987.1328
1642435200000,42931.6992
1642449600000,42877.8008
1642464000000,42787.6016
1642478400000,42690.7656
1642492800000,42610.8984
1642507200000,42518.5664
1642521600000,42419.3984
1642536000000,42378.1016
1642550400000,42275.9648
1642564800000,42171.668
1642579200000,42103.2656
1642593600000,42059.6016
1642608000000,42006.1992
1642622400000,41940.4336
1642636800000,41904.9336
1642651200000,41893.168
1642665600000,41889.9336
1642680000000,41974.4336
1642694400000,42031.1016
1642708800000,41951
1642723200000,41740.1016
1642737600000,41566.6328
1642752000000,41334.2344
1642766400000,41143.8984
1642780800000,40923.6992
1642795200000,40551.6992
1642809600000,40173.0664
1642824000000,39740.0664
1642838400000,39321.8672
1642852800000,38847.7656
1642867200000,38344.168
1642881600000,37871.9648
1642896000000,37322.7344
1642910400000,36834.4336
1642924800000,36501.9336
1642939200000,36292.8672
1642953600000,36004.4648
1642968000000,35830.5
1642982400000,35596.2344
1642996800000,35391.2656
1643011200000,35207.332
1643025600000,35068.7344
1643040000000,35115.7344
1643054400000,35200.1992
1643068800000,35306.3672
1643083200000,35410.4336
1643097600000,35499.3008
1643112000000,35598
1643126400000,35698.832
1643140800000,35783.7344
1643155200000,35923.5352
1643169600000,36094.0664
1643184000000,36214.3672
1643198400000,36392.7344
1643212800000,36571.3672
1643227200000,36779.1328
1643241600000,36878.8984
1643256000000,36883.9336
1643270400000,36885.832
1643284800000,36900.8984
1643299200000,36910.832
1643313600000,36961.9648
1643328000000,37014.9336
1643342400000,36996.2344
1643356800000,36961.1992
1643371200000,36947.5664
1643385600000,36938.4336
1643400000000,36914.6016
1643414400000,36894.2656
1643428800000,36913.6016
1643443200000,36974.7344
1643457600000,37095.8672
1643472000000,37208.9648
1643486400000,37307.6992
1643500800000,37392.6328
1643515200000,37526.8672
1643529600000,37589.9336
1643544000000,37631.8984
1643558400000,37679.1016
1643572800000,37777.9336
1643587200000,37766.6328
1643601600000,37759.5664
1643616000000,37730.7656
1643630400000,37731.3008
1643644800000,37769.832
1643659200000,37819.332
1643673600000,37888.8984
1643688000000,37927.2344
1643702400000,37944.6328
1643716800000,37991.8672
1643731200000,38002.0664
1643745600000,38042.5352
1643760000000,38081.7656
1643774400000,38132.1016
1643788800000,38171.2344
1643803200000,38198.2656
1643817600000,38229.8008
1643832000000,38204.6016
1643846400000,38146.3672
1643860800000,38052.3672
1643875200000,37939.5664
1643889600000,37826.5352
1643904000000,37700.3984
1643918400000,37624.332
1643932800000,37535.3984
1643947200000,37501.168
1643961600000,37440.9648
1643976000000,37503.7344
1643990400000,37668.3672
1644004800000,37871.0352
1644019200000,38140.0352
1644033600000,38395.8008
1644048000000,38700
1644062400000,39029.8008
1644076800000,39331.4336
1644091200000,39639.7656
1644105600000,39943.168
1644120000000,40283.0664
1644134400000,40564
1644148800000,40843.9648
1644163200000,41101.0664
1644177600000,41405.1328
1644192000000,41626.4336
1644206400000,41760.1992
1644220800000,41839.5
1644235200000,41998.7344
1644249600000,42188.9648
1644264000000,42348
1644278400000,42508.3672
1644292800000,42730.9648
1644307200000,42904.0352
1644321600000,43038.9336
1644336000000,43131.7344
1644350400000,43301.2344
1644364800000,43423.832
1644379200000,43563.332
1644393600000,43654.3984
1644408000000,43724.8672
1644422400000,43840.9336
1644436800000,43951.9648
1644451200000,43947.7656
1644465600000,43938.4648
1644480000000,44004.4648
1644494400000,44056.5
1644508800000,44022.668
1644523200000,43989.168
1644537600000,43979.8008
1644552000000,44000.2344
1644566400000,43953.9336
1644580800000,43977
1644595200000,43905.9648
1644609600000,43815.332
1644624000000,43709.832
1644638400000,43552.5
1644652800000,43419.668
1644667200000,43308.2344
1644681600000,43210.3672
1644696000000,43034.332
1644710400000,42851.5664
1644724800000,42721.9336
1644739200000,42654.332
1644753600000,42603.668
1644768000000,42517.5
1644782400000,42430.1328
1644796800000,42311.9336
1644811200000,42282.1992
1644825600000,42264.3008
1644840000000,42284.4648
1644854400000,42284.3672
1644868800000,42293.1992
1644883200000,42390.168
1644897600000,42459.5664
1644912000000,42596.7656
1644926400000,42729.832
1644940800000,42833.5352
1644955200000,42972.2344
1644969600000,43065.7344
1644984000000,43208.7656
1644998400000,43350.8984
1645012800000,43462.8008
1645027200000,43591.1992
1645041600000,43709.3008
1645056000000,43775.1328
1645070400000,43895.668
1645084800000,43938.1328
1645099200000,43826.8008
1645113600000,43660.3984
1645128000000,43411.1992
1645142400000,43175.1016
1645156800000,42953.9336
1645171200000,42662.7656
1645185600000,42387.1016
1645200000000,42121.832
1645214400000,41843.0664
1645228800000,41612.6328
1645243200000,41348.0352
1645257600000,41078.668
1645272000000,40838.2656
1645286400000,40574.1992
1645300800000,40369.3984
1645315200000,40228.9648
1645329600000,40067.668
1645344000000,39920.9336
1645358400000,39765.0664
1645372800000,39613.3008
1645387200000,39492.2656
1645401600000,39430.8984
1645416000000,39370.1992
1645430400000,39209.6992
1645444800000,39122.3984
1645459200000,38979.3672
1645473600000,38790.8984
1645488000000,38564.6992
1645502400000,38351.2656
1645516800000,38178.7344
1645531200000,38043.6016
1645545600000,37995.0664
1645560000000,37988.5
1645574400000,37948.3672
1645588800000,37932.6328
1645603200000,37959.1328
1645617600000,37932.6016
1645632000000,37820.3984
1645646400000,37797.6992
1645660800000,37538.4336
1645675200000,37349.7344
1645689600000,37244.1328
1645704000000,37199.8984
1645718400000,37236.3008
1645732800000,37291.5352
1645747200000,37368.832
1645761600000,37398.5352
1645776000000,37434.2344
1645790400000,37545.5664
1645804800000,37582.0352
1645819200000,37610.6328
1645833600000,37669.3984
1645848000000,37774.7656
1645862400000,37887.8672
1645876800000,38173.0664
1645891200000,38437.7656
1645905600000,38682.832
1645920000000,38861.5352
1645934400000,38960.1328
1645948800000,39037.3984
1645963200000,39066.5
1645977600000,39005.7656
1645992000000,38935.0352
1646006400000,38825.8984
1646020800000,38802.332
1646035200000,38744.5
1646049600000,38840.1016
1646064000000,38981.168
1646078400000,39263.168
1646092800000,39525.5664
1646107200000,39806.6992
1646121600000,40105.7656
1646136000000,40442.0664
1646150400000,40770.3984
1646164800000,41098.5
1646179200000,41430.6992
1646193600000,41856.6328
1646208000000,42283.7344
1646222400000,42706.1992
1646236800000,43062.9336
1646251200000,43435.8672
1646265600000,43601.8984
1646280000000,43744.6992
1646294400000,43758.2344
1646308800000,43717.5352
1646323200000,43632.9648
1646337600000,43557.3984
1646352000000,43411.6992
1646366400000,43258.2344
1646380800000,43073.6328
1646395200000,42829.332
1646409600000,42547.6992
1646424000000,42213.9336
1646438400000,41876.168
1646452800000,41564
1646467200000,41243.2344
1646481600000,40965.3984
1646496000000,40696
1646510400000,40429.2656
1646524800000,40211.668
1646539200000,40023.8672
1646553600000,39748.6016
1646568000000,39573.8672
1646582400000,39391.3984
1646596800000,39174.2656
1646611200000,38986.6328
1646625600000,38861.332
1646640000000,38810.0664
1646654400000,38812.7344
1646668800000,38697.4648
1646683200000,38621.8984
1646697600000,38588.8672
1646712000000,38530.4648
1646726400000,38502.7656
1646740800000,38460.9648
1646755200000,38417.832
1646769600000,38444.7656
1646784000000,38601.7656
1646798400000,38808.5
1646812800000,39058.832
1646827200000,39367.9336
1646841600000,39656.6328
1646856000000,39896.8984
1646870400000,40009.5664
1646884800000,40137.2656
1646899200000,40210.0664
1646913600000,40242.7656
1646928000000,40302.168
1646942400000,40332.6328
1646956800000,40337.1992
1646971200000,40360.3672
1646985600000,40437.8984
1647000000000,40295.332
1647014400000,40094.4336
1647028800000,39864.9336
1647043200000,39636.7344
1647057600000,39429.1328
1647072000000,39237.7656
1647086400000,39121.9648
1647100800000,39108.7656
1647115200000,39089.1992
1647129600000,39090
1647144000000,39066.3008
1647158400000,39019.4648
1647172800000,39033.668
1647187200000,39017.4336
1647201600000,38874.2344
1647216000000,38813.5664
1647230400000,38834.5664
1647244800000,38846.6992
1647259200000,38836.0352
1647273600000,38816.7656
1647288000000,38856.1016
1647302400000,38836.7344
1647316800000,38795.6992
1647331200000,38786.7344
1647345600000,38775.6016
1647360000000,38818.3984
1647374400000,38855.8008
1647388800000,38869.8984
1647403200000,38916.832
1647417600000,39102
1647432000000,39265.832
1647446400000,39385.3672
1647460800000,39534.2344
1647475200000,39673.5664
1647489600000,39802.5352
1647504000000,39875.0352
1647518400000,40011.332
1647532800000,40175.2344
1647547200000,40325.832
1647561600000,40426.9336
1647576000000,40483.332
1647590400000,40557.4336
1647604800000,40676.3008
1647619200000,40841.9648
1647633600000,40924.2344
1647648000000,41003.7344
1647662400000,41052.9648
1647676800000,41092.9648
1647691200000,41154.3672
1647705600000,41241.4648
1647720000000,41339.668
1647734400000,41416.3008
1647748800000,41483.6328
1647763200000,41529.6328
1647777600000,41584.9336
1647792000000,41639.668
1647806400000,41697.9336
1647820800000,41691
1647835200000,41629
1647849600000,41594.2344
1647864000000,41555.7656
1647878400000,41527.1328
1647892800000,41478.5352
1647907200000,41499.4648
1647921600000,41511.668
1647936000000,41562.1016
1647950400000,41604.7656
1647964800000,41632.1016
1647979200000,41682.668
1647993600000,41730.6016
1648008000000,41778.2656
1648022400000,41830.2656
1648036800000,41949.5352
1648051200000,42023.0664
1648065600000,42132.4336
1648080000000,42231.332
1648094400000,42357.4336
1648108800000,42487.1328
1648123200000,42604.2656
1648137600000,42716.8672
1648152000000,42784.8984
1648166400000,42878.3672
1648180800000,42988.8008
1648195200000,43137.5664
1648209600000,43288.832
1648224000000,43445.1016
1648238400000,43595.8984
1648252800000,43714.9648
1648267200000,43868.5
1648281600000,43965.3672
1648296000000,44065.3672
1648310400000,44150.9336
1648324800000,44256.9336
1648339200000,44304.1016
1648353600000,44359.7344
1648368000000,44397.832
1648382400000,44456.668
1648396800000,44516.832
1648411200000,44665.6016
1648425600000,44846.3984
1648440000000,45016.5664
1648454400000,45213.7344
1648468800000,45415.1328
1648483200000,45644.9336
1648497600000,45831.668
1648512000000,46040.832
1648526400000,46239.8984
1648540800000,46464.8672
1648555200000,46646.4336
1648569600000,46844.6016
1648584000000,47037.0664
1648598400000,47208.332
1648612800000,47378.4648
1648627200000,47411.7344
1648641600000,47419.332
1648656000000,47423.1992
1648670400000,47408.6016
1648684800000,47385.5352
1648699200000,47331.5664
1648713600000,47331.8008
1648728000000,47272.1328
1648742400000,47154.8008
1648756800000,46995.168
1648771200000,46804.3672
1648785600000,46624.5664
1648800000000,46465.2344
1648814400000,46405.3984
1648828800000,46337.4336
1648843200000,46268.3672
1648857600000,46230.1328
1648872000000,46199.8672
1648886400000,46166.832
1648900800000,46114.5352
1648915200000,46045.7656
1648929600000,45956.332
1648944000000,45923.2656
1648958400000,45974.4648
1648972800000,46023.8672
1648987200000,46144.8984
1649001600000,46236.8672
1649016000000,46326.2656
1649030400000,46290.2344
1649044800000,46277.0664
1649059200000,46267.832
1649073600000,46202.5664
1649088000000,46157.4336
1649102400000,46159.4648
1649116800000,46181.9336
1649131200000,46221.0664
1649145600000,46279.8672
1649160000000,46266.2344
1649174400000,46244.7656
1649188800000,46193.7344
1649203200000,46114.1992
1649217600000,46037.2656
1649232000000,45930.6328
1649246400000,45808.1016
1649260800000,45646.7656
1649275200000,45447.6328
1649289600000,45292.9648
1649304000000,45126.832
1649318400000,44936.9648
1649332800000,44716.5664
1649347200000,44493.4648
1649361600000,44276.1328
1649376000000,44132.3672
1649390400000,43980.4336
1649404800000,43833.7344
1649419200000,43730.9336
1649433600000,43562.1016
1649448000000,43391.6328
1649462400000,43272.6992
1649476800000,43187.5664
1649491200000,43138.6016
1649505600000,43067.7344
1649520000000,43006.3984
1649534400000,42940.7344
1649548800000,42903.7344
1649563200000,42854.332
1649577600000,42806.2344
1649592000000,42749.9648
1649606400000,42715.0352
1649620800000,42639.1992
1649635200000,42536.6328
1649649600000,42509.3984
1649664000000,42429.3984
1649678400000,42309.1328
1649692800000,42142.3672
1649707200000,41948.2344
1649721600000,41780.2656
1649736000000,41623.168
1649750400000,41463.168
1649764800000,41290
1649779200000,41067.8008
1649793600000,40892.4336
1649808000000,40713.6016
1649822400000,40505.8672
1649836800000,40342.9336
1649851200000,40277.7656
1649865600000,40193.3672
1649880000000,40199.3672
1649894400000,40248.668
1649908800000,40335.3008
1649923200000,40428.832
1649937600000,40445.3008
1649952000000,40418.6992
1649966400000,40390.332
1649980800000,40391.3008
1649995200000,40453.7344
1650009600000,40463.3672
1650024000000,40486.4648
1650038400000,40498.6992
1650052800000,40554.5
1650067200000,40507.0352
1650081600000,40463.5
1650096000000,40414.8008
1650110400000,40331.5664
1650124800000,40261.4336
1650139200000,40225
1650153600000,40242.9336
1650168000000,40276.7344
1650182400000,40311.7344
1650196800000,40329.168
1650211200000,40338.9336
1650225600000,40302.5664
1650240000000,40262.3672
1650254400000,40169.8984
1650268800000,40065.8984
1650283200000,39987.332
1650297600000,40005.9648
1650312000000,40031.6992
1650326400000,40073.3984
1650340800000,40103.5352
1650355200000,40123.9648
1650369600000,40205.6328
1650384000000,40282.0352
1650398400000,40350.5
1650412800000,40412.7656
1650427200000,40476.3672
1650441600000,40637.2656
1650456000000,40733.9336
1650470400000,40885.832
1650484800000,41043.8672
1650499200000,41206.2344
1650513600000,41284.7656
1650528000000,41395.0352
1650542400000,41491.832
1650556800000,41528.5352
1650571200000,41514.832
1650585600000,41450.2656
1650600000000,41402.5352
1650614400000,41341.8672
1650628800000,41210.9648
1650643200000,41088.6016
1650657600000,40929.0664
1650672000000,40808.9648
1650686400000,40701.6328
1650700800000,40584.4336
1650715200000,40457.5352
1650729600000,40317.8008
1650744000000,40117.1016
1650758400000,39958.9648
1650772800000,39860.2656
1650787200000,39802.0352
1650801600000,39745.5664
1650816000000,39677.7656
1650830400000,39602.7344
1650844800000,39590.8672
1650859200000,39520.332
1650873600000,39462.6992
1650888000000,39430.9648
1650902400000,39473.1992
1650916800000,39528
1650931200000,39578.1328
1650945600000,39634.1328
1650960000000,39703.1016
1650974400000,39621.0352
1650988800000,39521.6992
1651003200000,39421.4648
1651017600000,39334.0352
1651032000000,39295.2344
1651046400000,39265.7656
1651060800000,39249.832
1651075200000,39277
1651089600000,39302.4336
1651104000000,39326.3008
1651118400000,39270.332
1651132800000,39220.5352
1651147200000,39147.2656
1651161600000,39105.832
1651176000000,39056.4336
1651190400000,39121.5664
1651204800000,39211.5664
1651219200000,39254.668
1651233600000,39299.1992
1651248000000,39246.668
1651262400000,39218.6016
1651276800000,39194.6016
1651291200000,39180.168
1651305600000,39137.7344
1651320000000,39078.9648
1651334400000,39017.9648
1651348800000,38881.1328
1651363200000,38787.3984
1651377600000,38652.8008
1651392000000,38533.0664
1651406400000,38464.7656
1651420800000,38344.1992
1651435200000,38325.5664
1651449600000,38303.4648
1651464000000,38340.6016
1651478400000,38336.7344
1651492800000,38339.6016
1651507200000,38333.7344
1651521600000,38329.832
1651536000000,38333.0664
1651550400000,38338.3672
1651564800000,38400.3008
1651579200000,38419.9336
1651593600000,38403.7344
1651608000000,38388.832
1651622400000,38355.6328
1651636800000,38414.4336
1651651200000,38450.2656
1651665600000,38471.5664
1651680000000,38536.4336
1651694400000,38613.4336
1651708800000,38682.3984
1651723200000,38751.7344
1651737600000,38817.332
1651752000000,38708.5664
1651766400000,38557.168
1651780800000,38421.6328
1651795200000,38296.1992
1651809600000,38206.6328
1651824000000,38077.0664
1651838400000,37943.1016
1651852800000,37763.5352
1651867200000,37563.2656
1651881600000,37350.3984
1651896000000,37086.8672
1651910400000,36843.332
1651924800000,36590.3984
1651939200000,36342.1992
1651953600000,36071.6016
1651968000000,35911.3984
1651982400000,35799.8984
1651996800000,35683.3672
1652011200000,35543.3984
1652025600000,35424.168
1652040000000,35307.5352
1652054400000,35145.7344
1652068800000,34981.1992
1652083200000,34788.3672
1652097600000,34558.4648
1652112000000,34226.9648
1652126400000,33829.5352
1652140800000,33477.0352
1652155200000,33194.3008
1652169600000,32939.1992
1652184000000,32728
1652198400000,32509.1992
1652212800000,32258.5996
1652227200000,32048
1652241600000,31783.0332
1652256000000,31615.5664
1652270400000,31440.3672
1652284800000,31160.4336
1652299200000,30884.7324
1652313600000,30612.0996
1652328000000,30394.4668
1652342400000,30270.3008
1652356800000,30153.0996
1652371200000,29948.3672
1652385600000,29769.6992
1652400000000,29713.9668
1652414400000,29632.9004
1652428800000,29605.8008
1652443200000,29545.5332
1652457600000,29506.5
1652472000000,29354.334
1652486400000,29259.9004
1652500800000,29263.166
1652515200000,29265.166
1652529600000,29298.3008
1652544000000,29406.5996
1652558400000,29528.334
1652572800000,29581.1328
1652587200000,29662.834
1652601600000,29746.9668
1652616000000,29712.7676
1652630400000,29733.334
1652644800000,29778.4004
1652659200000,29777.0664
1652673600000,29746.334
1652688000000,29792.2676
1652702400000,29800.4336
1652716800000,29811.0664
1652731200000,29866.3672
1652745600000,29970.2676
1652760000000,30042.334
1652774400000,30058.834
1652788800000,30088.2324
1652803200000,30106.8672
1652817600000,30120.4668
1652832000000,30109.2676
1652846400000,30072.1992
1652860800000,29972.6328
1652875200000,29883.9336
1652889600000,29861.666
1652904000000,29778.0332
1652918400000,29745.5664
1652932800000,29720.9004
1652947200000,29696.4668
1652961600000,29700.0664
1652976000000,29671.1992
1652990400000,29671.7676
1653004800000,29673.3008
1653019200000,29685.2676
1653033600000,29684.3008
1653048000000,29637.9004
1653062400000,29597.2324
1653076800000,29555.334
1653091200000,29573.666
1653105600000,29584.0332
1653120000000,29622.6992
1653134400000,29646.0332
1653148800000,29663.834
1653163200000,29659.3672
1653177600000,29589.166
1653192000000,29553.0664
1653206400000,29524.5
1653220800000,29502.1328
1653235200000,29479.4668
1653249600000,29470.834
1653264000000,29539.5332
1653278400000,29616.8008
1653292800000,29696.7324
1653307200000,29772.5332
1653321600000,29750.0332
1653336000000,29737.6992
1653350400000,29721.6992
1653364800000,29718.3008
1653379200000,29709.5
1653393600000,29712.8672
1653408000000,29711.1328
1653422400000,29695.834
1653436800000,29719.8672
1653451200000,29704.4668
1653465600000,29644.0664
1653480000000,29608.5996
1653494400000,29551.666
1653508800000,29494.9668
1653523200000,29459.1328
1653537600000,29502.6328
1653552000000,29496.6328
1653566400000,29502.8008
1653580800000,29501.5332
1653595200000,29494.7676
1653609600000,29469.3672
1653624000000,29441.6328
1653638400000,29391.4336
1653652800000,29301.1328
1653667200000,29246.4004
1653681600000,29195.2676
1653696000000,29141.5996
1653710400000,29094.7324
1653724800000,29047.0332
1653739200000,28989.666
1653753600000,28942.9668
1653768000000,28945.0332
1653782400000,28917.9668
1653796800000,28892.9336
1653811200000,28894.1328
1653825600000,28907.166
1653840000000,28916.5332
1653854400000,28953.5332
1653868800000,29054.2676
1653883200000,29172.2324
1653897600000,29308.5332
1653912000000,29430.4336
1653926400000,29548.5
1653940800000,29743.2324
1653955200000,29929.4004
1653969600000,30099.5664
1653984000000,30281.8008
1653998400000,30487.5996
1654012800000,30662.3672
1654027200000,30834.5
1654041600000,30995.834
1654056000000,31153.5332
1654070400000,31297.1328
1654084800000,31322.3008
1654099200000,31287.0664
1654113600000,31229.3008
1654128000000,31168
1654142400000,31122.1328
1654156800000,31017.166
1654171200000,30912.9336
1654185600000,30827.3008
1654200000000,30740
1654214400000,30637.5996
1654228800000,30559.4004
1654243200000,30423.334
1654257600000,30280.8008
1654272000000,30153.4336
1654286400000,30026.2324
1654300800000,29947.834
1654315200000,29920.0332
1654329600000,29911.5332
1654344000000,29920.166
1654358400000,29898.834
1654372800000,29879.0996
1654387200000,29848.9336
1654401600000,29805.8008
1654416000000,29757.4668
1654430400000,29720.6328
1654444800000,29694.5664
1654459200000,29705.0664
1654473600000,29822.8672
1654488000000,29937.3672
1654502400000,30050.334
1654516800000,30182.7676
1654531200000,30302.0996
1654545600000,30416.1992
1654560000000,30396.1992
1654574400000,30391.9336
1654588800000,30368.6992
1654603200000,30378.5
1654617600000,30473.5664
1654632000000,30567.3008
1654646400000,30570.3008
1654660800000,30604.0664
1654675200000,30637.8672
1654689600000,30586.2324
1654704000000,30509.5332
1654718400000,30429.4004
1654732800000,30346.334
1654747200000,30280.4668
1654761600000,30208.3008
1654776000000,30258.6328
1654790400000,30287.4336
1654804800000,30326.3008
1654819200000,30340.4336
1654833600000,30272.0996
1654848000000,30198.0332
1654862400000,30160.5332
1654876800000,30053.8672
1654891200000,29964.4336
1654905600000,29883.4668
1654920000000,29828.9668
1654934400000,29730.9004
1654948800000,29604.6328
1654963200000,29477.666
1654977600000,29352.3008
1654992000000,29167.4336
1655006400000,29009.334
1655020800000,28832.4336
1655035200000,28696.6992
1655049600000,28521.1328
1655064000000,28290.4668
1655078400000,28026.0996
1655092800000,27747.334
1655107200000,27388.0996
1655121600000,26987.3008
1655136000000,26578.4336
1655150400000,26161.166
1655164800000,25741.666
1655179200000,25360.8008
1655193600000,24931.8672
1655208000000,24608.1328
1655222400000,24244.5996
1655236800000,23889.6992
1655251200000,23447.5
1655265600000,23000.8008
1655280000000,22640.8008
1655294400000,22369.1992
1655308800000,22158.4004
1655323200000,22085.1992
1655337600000,22015.166
1655352000000,21920.1328
1655366400000,21825.1992
1655380800000,21756.3008
1655395200000,21622.9004
1655409600000,21516.8672
1655424000000,21362.2676
1655438400000,21289.0996
1655452800000,21212.5
1655467200000,21160.3008
1655481600000,21147.0996
1655496000000,21100.7676
1655510400000,21036.2324
1655524800000,20877.6992
1655539200000,20654.5664
1655553600000,20437.334
1655568000000,20190.3008
1655582400000,20052.5332
1655596800000,19868.0996
1655611200000,19696.4668
1655625600000,19649.334
1655640000000,19613.5332
1655654400000,19549.334
1655668800000,19522.0664
1655683200000,19476.3672
1655697600000,19447.5
1655712000000,19469.834
1655726400000,19495.0996
1655740800000,19550.5332
1655755200000,19639.5332
1655769600000,19750.5996
1655784000000,19954.9668
1655798400000,20087.334
1655812800000,20293.334
1655827200000,20466
1655841600000,20535.8008
1655856000000,20568.9336
1655870400000,20567.3008
1655884800000,20563.1992
1655899200000,20570.3008
1655913600000,20572.834
1655928000000,20519.3008
1655942400000,20478.3008
1655956800000,20503.8008
1655971200000,20508.4668
1655985600000,20491.5
1656000000000,20478.0332
1656014400000,20488.334
1656028800000,20467.2324
1656043200000,20468.4668
1656057600000,20498.1992
1656072000000,20536.5996
1656086400000,20613.7324
1656100800000,20662.7676
1656115200000,20744.4336
1656129600000,20837.9668
1656144000000,20927.834
1656158400000,20978.5996
1656172800000,21029.334
1656187200000,21086.7324
1656201600000,21159.0332
1656216000000,21191.4668
1656230400000,21231.5996
1656244800000,21249.0664
1656259200000,21275.1992
1656273600000,21267.334
1656288000000,21286.2324
1656302400000,21294.2324
1656316800000,21299.0664
1656331200000,21262.9004
1656345600000,21218.7324
1656360000000,21178.666
1656374400000,21162.7676
1656388800000,21140.6992
1656403200000,21106.9004
1656417600000,21051.334
1656432000000,20974.4336
1656446400000,20878.834
1656460800000,20808.4004
1656475200000,20727.4668
1656489600000,20664.0332
1656504000000,20590.3008
1656518400000,20513.4668
1656532800000,20433.5664
1656547200000,20387.334
1656561600000,20292.3672
1656576000000,20182.9004
1656590400000,20077.1328
1656604800000,19946.2324
1656619200000,19876.4004
1656633600000,19817.334
1656648000000,19772.4004
1656662400000,19699.166
1656676800000,19633.1992
1656691200000,19586.5332
1656705600000,19531.5
1656720000000,19468.666
1656734400000,19395.5
1656748800000,19333.834
1656763200000,19277.5664
1656777600000,19266.5
1656792000000,19276.166
1656806400000,19283.9336
1656820800000,19298.0332
1656835200000,19240.8672
1656849600000,19196.166
1656864000000,19190.8672
1656878400000,19199.4004
1656892800000,19186.7676
1656907200000,19169.5996
1656921600000,19204.7676
1656936000000,19249.334
1656950400000,19296.7324
1656964800000,19366.1328
1656979200000,19438.334
1656993600000,19501.4336
1657008000000,19519.7676
1657022400000,19536.6992
1657036800000,19621.5664
1657051200000,19693.8008
1657065600000,19753.7324
1657080000000,19798.334
1657094400000,19851.0996
1657108800000,19920.5332
1657123200000,20000.8008
1657137600000,20051.4336
1657152000000,20097.0996
1657166400000,20137.6992
1657180800000,20156.3008
1657195200000,20195.5
1657209600000,20303.3672
1657224000000,20444.3008
1657238400000,20619.3008
1657252800000,20712.834
1657267200000,20807
1657281600000,20941.334
1657296000000,21051.9336
1657310400000,21151.9336
1657324800000,21250.4336
1657339200000,21338.9336
1657353600000,21398.0996
1657368000000,21470.3672
1657382400000,21549.8008
1657396800000,21622.7676
1657411200000,21650.166
1657425600000,21617.8008
1657440000000,21596.4336
1657454400000,21514.3008
1657468800000,21455.5996
1657483200000,21407.6992
1657497600000,21313.9004
1657512000000,21222.1992
1657526400000,21147.3672
1657540800000,21068.5
1657555200000,20992.0664
1657569600000,20892.9336
1657584000000,20784.7676
1657598400000,20658.5996
1657612800000,20537.0664
1657627200000,20442.3008
1657641600000,20312.3008
1657656000000,20180.334
1657670400000,20084.666
1657684800000,20003.5664
1657699200000,19935.3008
1657713600000,19862.5
1657728000000,19809.666
1657742400000,19793.5996
1657756800000,19779.8008
1657771200000,19745.5664
1657785600000,19730.8008
1657800000000,19760.9004
1657814400000,19819.1992
1657828800000,19873.5664
1657843200000,19922.5
1657857600000,20018.666
1657872000000,20115.1328
1657886400000,20204.3672
1657900800000,20302.166
1657915200000,20369.5
1657929600000,20455.5
1657944000000,20516.3008
1657958400000,20542.2324
1657972800000,20590.666
1657987200000,20671.2324
1658001600000,20769.5996
1658016000000,20833.0332
1658030400000,20890.8672
1658044800000,20949.1992
1658059200000,20987.1328
1658073600000,21001.1328
1658088000000,21003.2324
1658102400000,21035.9004
1658116800000,21108.6328
1658131200000,21195.2324
1658145600000,21325
1658160000000,21396.8672
1658174400000,21518.8008
1658188800000,21583.0664
1658203200000,21621.7324
1658217600000,21673.4004
1658232000000,21794.1328
1658246400000,21922.9004
1658260800000,22053
1658275200000,22204.6328
1658289600000,22362
1658304000000,22558.4336
1658318400000,22751.4668
1658332800000,22845.6328
1658347200000,22918.7324
1658361600000,22925.7324
1658376000000,23013.1992
1658390400000,23024.9668
1658404800000,23074.666
1658419200000,23170.4668
1658433600000,23248.9336
1658448000000,23233.9004
1658462400000,23215.5332
1658476800000,23229.9336
1658491200000,23219.9336
1658505600000,23166.4668
1658520000000,23096.4004
1658534400000,23004.834
1658548800000,22945.9336
1658563200000,22880
1658577600000,22842.6992
1658592000000,22799.0332
1658606400000,22787.7324
1658620800000,22767.166
1658635200000,22733.7324
1658649600000,22700.834
1658664000000,22697.4336
1658678400000,22670.0996
1658692800000,22600.7324
1658707200000,22506.166
1658721600000,22464.9668
1658736000000,22415.3008
1658750400000,22355.0996
1658764800000,22296.0996
1658779200000,22234.2324
1658793600000,22161.834
1658808000000,22080.334
1658822400000,21990.2676
1658836800000,21884.2324
1658851200000,21765.0996
1658865600000,21671.1992
1658880000000,21552.4668
1658894400000,21461.9336
1658908800000,21370.4336
1658923200000,21348.2324
1658937600000,21402.4004
1658952000000,21470.3672
1658966400000,21553.3008
1658980800000,21622.9668
1658995200000,21743.4668
1659009600000,21917.666
1659024000000,22100.5
1659038400000,22284.1992
1659052800000,22495.5332
1659067200000,22698
1659081600000,22863.5
1659096000000,23059.8672
1659110400000,23230.834
1659124800000,23402.5332
1659139200000,23554.166
1659153600000,23628.1992
1659168000000,23694.834
1659182400000,23787.166
1659196800000,23853
1659211200000,23888.7676
1659225600000,23888.7676
1659240000000,23883.3672
1659254400000,23880.5332
1659268800000,23871.6328
1659283200000,23865.0332
1659297600000,23837.1328
1659312000000,23794.4336
1659326400000,23755.834
1659340800000,23719.2676
1659355200000,23687.1328
1659369600000,23625.4336
1659384000000,23579.4336
1659398400000,23468.166
1659412800000,23399.4336
1659427200000,23348.166
1659441600000,23296.9004
1659456000000,23245.0996
1659470400000,23190.3008
1659484800000,23129.0996
1659499200000,23071.8008
1659513600000,23078.9336
1659528000000,23077.7676
1659542400000,23086.6992
1659556800000,23059.5996
1659571200000,23043.9004
1659585600000,23043.2676
1659600000000,23018
1659614400000,23022.5
1659628800000,22992.8008
1659643200000,22975.1328
1659657600000,22988.0332
1659672000000,23004.4004
1659686400000,23032.8672
1659700800000,23041.2324
1659715200000,23037.5332
1659729600000,23030.5
1659744000000,23017.6328
1659758400000,22999.8008
1659772800000,23022.2324
1659787200000,23030
1659801600000,23046.0664
1659816000000,23050.6992
1659830400000,23055.4004
1659844800000,23093.2324
1659859200000,23121.2676
1659873600000,23110.9336
1659888000000,23108.6992
1659902400000,23093.1328
1659916800000,23114.2676
1659931200000,23173.2324
1659945600000,23230.3672
1659960000000,23285.5
1659974400000,23334.2324
1659988800000,23378
1660003200000,23419.1992
1660017600000,23464.3672
1660032000000,23484.666
1660046400000,23489.8672
1660060800000,23493.5
1660075200000,23500.6992
1660089600000,23490.5996
1660104000000,23478.4336
1660118400000,23475.0664
1660132800000,23521.5996
1660147200000,23509.5
1660161600000,23495.6328
1660176000000,23517.4668
1660190400000,23551.5332
1660204800000,23601.5332
1660219200000,23636.834
1660233600000,23661.1992
1660248000000,23706.7676
1660262400000,23769.8672
1660276800000,23829.666
1660291200000,23864.3008
1660305600000,23938.7324
1660320000000,24019.6328
1660334400000,24104.7324
1660348800000,24158.4336
1660363200000,24221.1992
1660377600000,24253.4004
1660392000000,24266.0664
1660406400000,24263.4004
1660420800000,24254.334
1660435200000,24268.6328
1660449600000,24311.5996
1660464000000,24352.4004
1660478400000,24385.4336
1660492800000,24406.6992
1660507200000,24449.2676
1660521600000,24508.3672
1660536000000,24497.6328
1660550400000,24473.8672
1660564800000,24435
1660579200000,24394.5664
1660593600000,24370.6992
1660608000000,24342.0996
1660622400000,24320.2324
1660636800000,24293.5
1660651200000,24248.5996
1660665600000,24185.4336
1660680000000,24138.5664
1660694400000,24103.8672
1660708800000,24070.1328
1660723200000,24031.9004
1660737600000,23932.9004
1660752000000,23882
1660766400000,23834.2676
1660780800000,23780.9336
1660795200000,23742.5664
1660809600000,23705.3672
1660824000000,23662.8008
1660838400000,23614.0996
1660852800000,23558.2676
1660867200000,23482.8672
1660881600000,23347.4004
1660896000000,23187.6328
1660910400000,23017
1660924800000,22853
1660939200000,22658.9004
1660953600000,22509.1992
1660968000000,22378.6328
1660982400000,22238.6992
1660996800000,22096.834
1661011200000,21936.2676
1661025600000,21776.834
1661040000000,21627.1328
1661054400000,21487.3672
1661068800000,21375.7676
1661083200000,21285.7324
1661097600000,21259.4668
1661112000000,21263.3672
1661126400000,21261.8672
1661140800000,21246.9004
1661155200000,21275.334
1661169600000,21292.666
1661184000000,21275.9668
1661198400000,21286.834
1661212800000,21282.5664
1661227200000,21303.7324
1661241600000,21324.6992
1661256000000,21342.5
1661270400000,21360.3672
1661284800000,21360.5996
1661299200000,21350
1661313600000,21336.6328
1661328000000,21331.6992
1661342400000,21345.0996
1661356800000,21385.6992
1661371200000,21393.334
1661385600000,21397.5664
1661400000000,21443.2676
1661414400000,21465.4336
1661428800000,21487.4668
1661443200000,21507.1328
1661457600000,21514.5332
1661472000000,21520.1328
1661486400000,21515.9336
1661500800000,21493.9004
1661515200000,21461.5996
1661529600000,21417
1661544000000,21336.5332
1661558400000,21242.3672
1661572800000,21146.1992
1661587200000,21069.1328
1661601600000,20970.1992
1661616000000,20855.834
1661630400000,20743.1992
1661644800000,20638.0664
1661659200000,20534.666
1661673600000,20432.4004
1661688000000,20330.1328
1661702400000,20231.0332
1661716800000,20122.2676
1661731200000,20061.8008
1661745600000,20012.1328
1661760000000,19984.334
1661774400000,19987.7676
1661788800000,19976.8672
1661803200000,19982.1328
1661817600000,20001.5
1661832000000,20029.0332
1661846400000,20053.6328
1661860800000,20038.0996
1661875200000,20031.5
1661889600000,20017.0996
1661904000000,20042.4668
1661918400000,20061.5664
1661932800000,20111.8008
1661947200000,20130.166
1661961600000,20152.166
1661976000000,20167.5332
1661990400000,20151.834
1662004800000,20137.8008
1662019200000,20124.0664
1662033600000,20091.4004
1662048000000,20054.1328
1662062400000,20035.9668
1662076800000,20063.1328
1662091200000,20073.666
1662105600000,20091.9668
1662120000000,20089.0996
1662134400000,20066.5332
1662148800000,20042.3672
1662163200000,20026.0996
1662177600000,19999.1992
1662192000000,19982.5664
1662206400000,19965.5
1662220800000,19953.7676
1662235200000,19937.1328
1662249600000,19936.2676
1662264000000,19920.0332
1662278400000,19900.9668
1662292800000,19876.334
1662307200000,19861.2324
1662321600000,19855.8008
1662336000000,19824.4668
1662350400000,19813.5664
1662364800000,19796.6328
1662379200000,19793.5
1662393600000,19786.166
1662408000000,19785.6992
1662422400000,19787.0332
1662436800000,19800.0996
1662451200000,19805.9668
1662465600000,19809.6992
1662480000000,19755.8008
1662494400000,19685.0332
1662508800000,19615.0996
1662523200000,19543.1992
1662537600000,19458.5
1662552000000,19390.5664
1662566400000,19340.166
1662580800000,19313.4004
1662595200000,19271.1992
1662609600000,19235.0996
1662624000000,19202.666
1662638400000,19166.9004
1662652800000,19129.6328
1662667200000,19089.5664
1662681600000,19097.9004
1662696000000,19218.7676
1662710400000,19362.7676
1662724800000,19531.0996
1662739200000,19696.9668
1662753600000,19872.7324
1662768000000,20035.4336
1662782400000,20187.9004
1662796800000,20321.0332
1662811200000,20455.0996
1662825600000,20616.0664
1662840000000,20772.2676
1662854400000,20925.7324
1662868800000,21076.7324
1662883200000,21229.8008
1662897600000,21343.0664
1662912000000,21409.2324
1662926400000,21468.6992
1662940800000,21494.834
1662955200000,21555.334
1662969600000,21617.9668
1662984000000,21671.5996
1662998400000,21748.1328
1663012800000,21822.166
1663027200000,21889.4336
1663041600000,21935.6992
1663056000000,21994.9336
1663070400000,21947.0996
1663084800000,21858.4668
1663099200000,21762
1663113600000,21673.5332
1663128000000,21581.5
1663142400000,21474.2676
1663156800000,21375.3672
1663171200000,21225.166
1663185600000,21086.4668
1663200000000,20947.3672
1663214400000,20799.3008
1663228800000,20648.7676
1663243200000,20481.6992
1663257600000,20315.2324
1663272000000,20126.166
1663286400000,20053.8008
1663300800000,20017.5664
1663315200000,19997.7324
1663329600000,19953.6992
1663344000000,19911.8672
1663358400000,19883.0332
1663372800000,19863.1328
1663387200000,19856.0996
1663401600000,19828.1328
1663416000000,19823.5996
1663430400000,19810.0664
1663444800000,19808.4004
1663459200000,19826.0664
1663473600000,19843.8672
1663488000000,19858.7676
1663502400000,19862.6992
1663516800000,19861.4668
1663531200000,19831.2324
1663545600000,19772.3008
1663560000000,19695.1992
1663574400000,19620.8672
1663588800000,19567.9336
1663603200000,19546.3672
1663617600000,19528.2676
1663632000000,19488.666
1663646400000,19445.9004
1663660800000,19385.7676
1663675200000,19334.7324
1663689600000,19264.5664
1663704000000,19194.6992
1663718400000,19142.7324
1663732800000,19091.166
1663747200000,19074.6992
1663761600000,19102.7676
1663776000000,19138.5996
1663790400000,19123.7324
1663804800000,19097.2676
1663819200000,19058.2676
1663833600000,19037.7324
1663848000000,19012.4668
1663862400000,19008.666
1663876800000,19021.1328
1663891200000,19031.4336
1663905600000,19046.8008
1663920000000,19045.4336
1663934400000,19024.834
1663948800000,19015.5664
1663963200000,19023.6992
1663977600000,19019.0996
1663992000000,19018.5
1664006400000,19058.3008
1664020800000,19087.3008
1664035200000,19098.834
1664049600000,19078.4336
1664064000000,19082.666
1664078400000,19068.834
1664092800000,19049.7676
1664107200000,19023.4336
1664121600000,19003.0996
1664136000000,19000.1992
1664150400000,19010.3672
1664164800000,19017.4004
1664179200000,18989.834
1664193600000,18989.2676
1664208000000,19003.5664
1664222400000,19015.334
1664236800000,19080.5
1664251200000,19152.4004
1664265600000,19239.5332
1664280000000,19295.3672
1664294400000,19293.9668
1664308800000,19291.1992
1664323200000,19274.666
1664337600000,19265.834
1664352000000,19275.166
1664366400000,19316.5996
1664380800000,19358.2324
1664395200000,19394.3008
1664409600000,19419.9668
1664424000000,19430.4004
1664438400000,19445.9336
1664452800000,19391.9004
1664467200000,19339.8672
1664481600000,19297.0664
1664496000000,19264.3672
1664510400000,19297.2324
1664524800000,19321.3008
1664539200000,19388.5664
1664553600000,19434.4668
1664568000000,19465.5332
1664582400000,19460.5
1664596800000,19445.5332
1664611200000,19438.334
1664625600000,19426.9336
1664640000000,19420.5
1664654400000,19410.2324
1664668800000,19411.6328
1664683200000,19403.5
1664697600000,19377.2676
1664712000000,19360.5332
1664726400000,19339.5996
1664740800000,19314
1664755200000,19275.1328
1664769600000,19256.5332
1664784000000,19245.334
1664798400000,19240.1328
1664812800000,19255.5664
1664827200000,19277.2324
1664841600000,19295.4668
1664856000000,19342.1328
1664870400000,19384.0996
1664884800000,19436.666
1664899200000,19499.7324
1664913600000,19576.2676
1664928000000,19646.0664
1664942400000,19710.666
1664956800000,19775.834
1664971200000,19831.7324
1664985600000,19893.2676
1665000000000,19954.1328
1665014400000,20022.1328
1665028800000,20067.3008
1665043200000,20108.0996
1665057600000,20135.3008
1665072000000,20138.4336
1665086400000,20140.0664
1665100800000,20132.6992
1665115200000,20113.0996
1665129600000,20090.5332
1665144000000,20049.5664
1665158400000,19998.5
1665172800000,19965.0332
1665187200000,19931.334
1665201600000,19890
1665216000000,19848.4668
1665230400000,19790.666
1665244800000,19739.8672
1665259200000,19684.8008
1665273600000,19641.666
1665288000000,19601.4668
1665302400000,19568.4668
1665316800000,19538.6328
1665331200000,19507.5664
1665345600000,19470.166
1665360000000,19461.5
1665374400000,19458.3672
1665388800000,19445.3008
1665403200000,19429.8672
1665417600000,19410.6328
1665432000000,19383.166
1665446400000,19353.1992
1665460800000,19327.5664
1665475200000,19309.8008
1665489600000,19295.166
1665504000000,19267.0996
1665518400000,19239.8672
1665532800000,19206.7676
1665547200000,19182.7324
1665561600000,19160.8672
1665576000000,19140.5332
1665590400000,19122.2676
1665604800000,19110.5
1665619200000,19098
1665633600000,19084.5
1665648000000,19058.9668
1665662400000,19053.0996
1665676800000,19072.666
1665691200000,19087.7676
1665705600000,19132.3008
1665720000000,19176.0332
1665734400000,19211.7676
1665748800000,19232.7324
1665763200000,19236.9668
1665777600000,19240.9668
1665792000000,19245.166
1665806400000,19247.5332
1665820800000,19248.2324
1665835200000,19251.4668
1665849600000,19257.2676
1665864000000,19278.6992
1665878400000,19289.9004
1665892800000,19274.0996
1665907200000,19258.4336
1665921600000,19214.5664
1665936000000,19196.6328
1665950400000,19174.2676
1665964800000,19163
1665979200000,19171.6992
1665993600000,19190.334
1666008000000,19212.2676
1666022400000,19235.3672
1666036800000,19260.5332
1666051200000,19288.3008
1666065600000,19326.5664
1666080000000,19359.666
1666094400000,19376.4336
1666108800000,19382.0996
1666123200000,19394.3008
1666137600000,19402.8672
1666152000000,19392.5664
1666166400000,19388.5996
1666180800000,19394
1666195200000,19389.5
1666209600000,19367.5996
1666224000000,19334.5
1666238400000,19309.0664
1666252800000,19286.5
1666267200000,19266.7676
1666281600000,19226.9336
1666296000000,19192.4668
1666310400000,19170.6992
1666324800000,19157.6992
1666339200000,19131.9668
1666353600000,19123.8008
1666368000000,19121.4668
1666382400000,19118.9004
1666396800000,19111.0332
1666411200000,19106.6328
1666425600000,19109.8672
1666440000000,19123
1666454400000,19126.3008
1666468800000,19126.1328
1666483200000,19122.7676
1666497600000,19128.834
1666512000000,19135.8672
1666526400000,19145.666
1666540800000,19177.2676
1666555200000,19219.0332
1666569600000,19234.5664
1666584000000,19243.8672
1666598400000,19261.2324
1666612800000,19271.5664
1666627200000,19282.9668
1666641600000,19293.3008
1666656000000,19300.4004
1666670400000,19308.2324
1666684800000,19314.666
1666699200000,19351.0664
1666713600000,19425.334
1666728000000,19487.5
1666742400000,19558.4004
1666756800000,19615.3008
1666771200000,19684.6328
1666785600000,19781.4004
1666800000000,19877.5332
1666814400000,19967.5664
1666828800000,20063.9336
1666843200000,20155.6992
1666857600000,20241.9004
1666872000000,20323.0332
1666886400000,20411.1992
1666900800000,20478
1666915200000,20514.2324
1666929600000,20501.4668
1666944000000,20507.666
1666958400000,20522.5
1666972800000,20540.0332
1666987200000,20539.4004
1667001600000,20533.334
1667016000000,20533.8008
1667030400000,20528.9336
1667044800000,20541.0332
1667059200000,20549.6992
1667073600000,20563
1667088000000,20577.7676
1667102400000,20592.666
1667116800000,20624.5
1667131200000,20650.8672
1667145600000,20688.5332
1667160000000,20718.5664
1667174400000,20721.666
1667188800000,20717.5664
1667203200000,20726.3008
1667217600000,20702.5
1667232000000,20675.1328
1667246400000,20661.2676
1667260800000,20630.7676
1667275200000,20613.7676
1667289600000,20593.2676
1667304000000,20570.8008
1667318400000,20543.8672
1667332800000,20523.666
1667347200000,20512.2676
1667361600000,20497.2676
1667376000000,20483.8672
1667390400000,20476.1328
1667404800000,20455.9668
1667419200000,20417.2324
1667433600000,20411
1667448000000,20406.6328
1667462400000,20382.0996
1667476800000,20366.9004
1667491200000,20344.5
1667505600000,20324.0996
1667520000000,20315.7324
1667534400000,20326.5664
1667548800000,20331.6992
1667563200000,20353.1992
1667577600000,20398.5332
1667592000000,20446.6328
1667606400000,20515.6328
1667620800000,20591.2324
1667635200000,20674.7324
1667649600000,20741
1667664000000,20809.7324
1667678400000,20888.334
1667692800000,20954.1992
1667707200000,21017.2676
1667721600000,21086.666
1667736000000,21148.3008
1667750400000,21187.666
1667764800000,21211.5664
1667779200000,21216.5
1667793600000,21184.7676
1667808000000,21156.8008
1667822400000,21111.6992
1667836800000,21075.334
1667851200000,21021.5
1667865600000,20944.8008
1667880000000,20842.3008
1667894400000,20735.5332
1667908800000,20621.5
1667923200000,20425.7324
1667937600000,20245.3672
1667952000000,20049.4668
1667966400000,19850.9668
1667980800000,19642.6328
1667995200000,19388.0996
1668009600000,19129.166
1668024000000,18805.4668
1668038400000,18507.4336
1668052800000,18229.7324
1668067200000,17937.4004
1668081600000,17762.4336
1668096000000,17602.834
1668110400000,17460.3008
1668124800000,17291.5664
1668139200000,17231.8008
1668153600000,17148.4336
1668168000000,17050.5
1668182400000,16955.0996
1668196800000,16903.0664
1668211200000,16887.1992
1668225600000,16888.6328
1668240000000,16951.5664
1668254400000,16991.334
1668268800000,17003.2676
1668283200000,17041.4336
1668297600000,16998.3672
1668312000000,16954.1328
1668326400000,16891.6992
1668340800000,16861.666
1668355200000,16806.0664
1668369600000,16740.3672
1668384000000,16691.8008
1668398400000,16690.8008
1668412800000,16670.8008
1668427200000,16651.4668
1668441600000,16615.3672
1668456000000,16599.7324
1668470400000,16591.9336
1668484800000,16589.3672
1668499200000,16588.4004
1668513600000,16593.7676
1668528000000,16600.2676
1668542400000,16616.4336
1668556800000,16643.4668
1668571200000,16662.9004
1668585600000,16688.9668
1668600000000,16709.6992
1668614400000,16693.9336
1668628800000,16689.8008
1668643200000,16686
1668657600000,16710.5664
1668672000000,16710.7676
1668686400000,16693.5996
1668700800000,16680.0664
1668715200000,16674.3672
1668729600000,16666.166
1668744000000,16659.4336
1668758400000,16650.5664
1668772800000,16632.4336
1668787200000,16620.7324
1668801600000,16619.6328
1668816000000,16632.3672
1668830400000,16635.9336
1668844800000,16636.9004
1668859200000,16644.8672
1668873600000,16645.8672
1668888000000,16652.3008
1668902400000,16661.9004
1668916800000,16667.7676
1668931200000,16656.2676
1668945600000,16638.5996
1668960000000,16628.2676
1668974400000,16597.6992
1668988800000,16556.4668
1669003200000,16513.9336
1669017600000,16472.7324
1669032000000,16439.0996
1669046400000,16379.7334
1669060800000,16319.333
1669075200000,16265.5332
1669089600000,16208.2998
1669104000000,16145.6338
1669118400000,16115.5332
1669132800000,16078.6338
1669147200000,16058.167
1669161600000,16057.1338
1669176000000,16055.5664
1669190400000,16074.4668
1669204800000,16098.0996
1669219200000,16127.9004
1669233600000,16162.7666
1669248000000,16202.2998
1669262400000,16261.9336
1669276800000,16315.9004
1669291200000,16364.5
1669305600000,16418.6992
1669320000000,16474.7324
1669334400000,16493.0996
1669348800000,16513.5996
1669363200000,16534.7676
1669377600000,16530.6328
1669392000000,16527.7676
1669406400000,16524.1992
1669420800000,16536.6992
1669435200000,16543.9336
1669449600000,16542.2676
1669464000000,16528.9004
1669478400000,16520.9336
1669492800000,16513.334
1669507200000,16511.7676
1669521600000,16511.8008
1669536000000,16509.6992
1669550400000,16514.9336
1669564800000,16521.8672
1669579200000,16515.3008
1669593600000,16493.8672
1669608000000,16473.9004
1669622400000,16454.0996
1669636800000,16424.334
1669651200000,16401.3008
1669665600000,16377.9336
1669680000000,16363.1338
1669694400000,16361.1338
1669708800000,16363.2998
1669723200000,16353.4336
1669737600000,16343.4336
1669752000000,16335.5332
1669766400000,16354.0996
1669780800000,16375.833
1669795200000,16406.334
1669809600000,16452.5332
1669824000000,16508.9004
1669838400000,16571.9004
1669852800000,16637.4336
1669867200000,16694.0996
1669881600000,16753.8008
1669896000000,16801
1669910400000,16835.2676
1669924800000,16868.1328
1669939200000,16902.8672
1669953600000,16939.0996
1669968000000,16976.4004
1669982400000,16983.1992
1669996800000,16991.1328
1670011200000,17005.834
1670025600000,17016.8008
1670040000000,17011.166
1670054400000,16997.5332
1670068800000,16985.5
1670083200000,16977.666
1670097600000,16963.2676
1670112000000,16961.9668
1670126400000,16964.0332
1670140800000,16962.1328
1670155200000,16970.666
1670169600000,16979.1992
1670184000000,16986.6992
1670198400000,17003.6328
1670212800000,17023.834
1670227200000,17037.6992
1670241600000,17041
1670256000000,17037.666
1670270400000,17039.1992
1670284800000,17041.9336
1670299200000,17045.5332
1670313600000,17052.166
1670328000000,17053.6992
1670342400000,17052.9336
1670356800000,17062.666
1670371200000,17062.2676
1670385600000,17041.2676
1670400000000,17021.0332
1670414400000,16997.5
1670428800000,16965.2324
1670443200000,16933.7676
1670457600000,16917.7676
1670472000000,16910.9336
1670486400000,16902.8008
1670500800000,16897.6328
1670515200000,16913.9668
1670529600000,16929.4668
1670544000000,16943.5664
1670558400000,16958.8672
1670572800000,16968.6992
1670587200000,16979.334
1670601600000,17004.834
1670616000000,17026.7676
1670630400000,17046.9668
1670644800000,17069.1328
1670659200000,17091.3008
1670673600000,17115.8672
1670688000000,17138.9336
1670702400000,17157.1992
1670716800000,17172.5332
1670731200000,17167.6992
1670745600000,17163.8008
1670760000000,17161.3672
1670774400000,17159
1670788800000,17149.1328
1670803200000,17131.334
1670817600000,17116.0664
1670832000000,17106.6992
1670846400000,17097.2324
1670860800000,17090.2676
1670875200000,17092.9668
1670889600000,17088.6992
1670904000000,17088.4004
1670918400000,17110.0332
1670932800000,17150.3672
1670947200000,17188.2324
1670961600000,17229.0332
1670976000000,17271.1992
1670990400000,17314.1328
1671004800000,17362.8672
1671019200000,17438.1992
1671033600000,17496.3008
1671048000000,17551.0996
1671062400000,17599.666
1671076800000,17643.3672
1671091200000,17678.8672
1671105600000,17698.2324
1671120000000,17717.6328
1671134400000,17711.9668
1671148800000,17689.3672
1671163200000,17672.666
1671177600000,17622.4336
1671192000000,17567.834
1671206400000,17504.8008
1671220800000,17425.3672
1671235200000,17334.1328
1671249600000,17264.8672
1671264000000,17191.4668
1671278400000,17122.5664
1671292800000,17055.334
1671307200000,16991.666
1671321600000,16945.5332
1671336000000,16898.5996
1671350400000,16854.4004
1671364800000,16805.4336
1671379200000,16755.4668
1671393600000,16736.5996
1671408000000,16717.0664
1671422400000,16707.2676
1671436800000,16714
1671451200000,16713.6992
1671465600000,16700.6328
1671480000000,16682.3672
1671494400000,16684.0996
1671508800000,16691.6328
1671523200000,16693.5664
1671537600000,16704.9668
1671552000000,16715.5332
1671566400000,16728.5664
1671580800000,16739.1328
1671595200000,16743.9336
1671609600000,16753.3672
1671624000000,16765.4004
1671638400000,16767.8672
1671652800000,16775
1671667200000,16786.666
1671681600000,16804.8672
1671696000000,16831.5996
1671710400000,16826.1328
1671724800000,16816.9668
1671739200000,16817.7676
1671753600000,16812.8672
1671768000000,16809.0996
1671782400000,16805.4668
1671796800000,16805.0664
1671811200000,16807.3008
1671825600000,16801.2324
1671840000000,16799.9668
1671854400000,16805.334
1671868800000,16805.0996
1671883200000,16804.3672
1671897600000,16805.166
1671912000000,16805.2676
1671926400000,16818.1992
1671940800000,16828.3008
1671955200000,16828.1328
1671969600000,16825.7324
1671984000000,16822.0664
1671998400000,16821.2676
1672012800000,16825.2324
1672027200000,16825.4336
1672041600000,16830.4336
1672056000000,16828.6328
1672070400000,16829.0664
1672084800000,16835.2324
1672099200000,16837.8672
1672113600000,16839.5
1672128000000,16838.9004
1672142400000,16836.0664
1672156800000,16826.5332
1672171200000,16818.7676
1672185600000,16808.9668
1672200000000,16799.6992
1672214400000,16789.7676
1672228800000,16768.6328
1672243200000,16751.3672
1672257600000,16729.9336
1672272000000,16712.8008
1672286400000,16693.3672
1672300800000,16671.4336
1672315200000,16653.6328
1672329600000,16635.7676
1672344000000,16622.4336
1672358400000,16608.7676
1672372800000,16594.8672
1672387200000,16580.8672
1672401600000,16573.9668
1672416000000,16565.7676
1672430400000,16561.166
1672444800000,16559.7676
1672459200000,16557.5332
1672473600000,16559.4668
1672488000000,16561.0332
1672502400000,16561.2324
1672516800000,16557.1992
1672531200000,16552.166
1672545600000,16547.1328
1672560000000,16541.7676
1672574400000,16539.2676
1672588800000,16547.2324
1672603200000,16554.6992
1672617600000,16562
1672632000000,16574.1992
1672646400000,16582.0332
1672660800000,16593.4336
1672675200000,16604.5
1672689600000,16610.8672
1672704000000,16618.3008
1672718400000,16628.834
1672732800000,16640.5332
1672747200000,16650.0664
1672761600000,16657.9004
1672776000000,16665.666
1672790400000,16685.9336
1672804800000,16704.8672
1672819200000,16720.4336
1672833600000,16733.334
1672848000000,16741.834
1672862400000,16750.834
1672876800000,16756.9336
1672891200000,16762.4668
1672905600000,16773.4336
1672920000000,16783.4668
1672934400000,16792.834
1672948800000,16800.5664
1672963200000,16810.5996
1672977600000,16820.1992
1672992000000,16824.834
1673006400000,16823.4668
1673020800000,16827.334
1673035200000,16834.3672
1673049600000,16840.6992
1673064000000,16846.9668
1673078400000,16850.8008
1673092800000,16858.9004
1673107200000,16867.7676
1673121600000,16875.0664
1673136000000,16881.2324
1673150400000,16887.0996
1673164800000,16894.0332
1673179200000,16905.334
1673193600000,16914.834
1673208000000,16940.9336
1673222400000,16965.3672
1673236800000,16983.4336
1673251200000,17003.0332
1673265600000,17024.3008
1673280000000,17048.0996
1673294400000,17065.3672
1673308800000,17082.9336
1673323200000,17100.0996
1673337600000,17120.9336
1673352000000,17146.5
1673366400000,17178.4336
1673380800000,17212.9004
1673395200000,17241.5332
1673409600000,17275.666
1673424000000,17296.334
1673438400000,17304.9336
1673452800000,17328.0332
1673467200000,17374.9336
1673481600000,17439.0332
1673496000000,17495.3672
1673510400000,17563.5
1673524800000,17622.7324
1673539200000,17735.0332
1673553600000,17840.9668
1673568000000,17945
1673582400000,18038.0332
1673596800000,18136.0996
1673611200000,18258.5332
1673625600000,18386.6992
1673640000000,18553.3008
1673654400000,18797.166
1673668800000,19021.7676
1673683200000,19208.7324
1673697600000,19380.4336
1673712000000,19558.4336
1673726400000,19742.2676
1673740800000,19918.9668
1673755200000,20043.4004
1673769600000,20170.5664
1673784000000,20307.4004
1673798400000,20443.3008
1673812800000,20574.4004
1673827200000,20696.1992
1673841600000,20813.1992
1673856000000,20873.5664
1673870400000,20874.0996
1673884800000,20901.0996
1673899200000,20931.4004
1673913600000,20953.2324
1673928000000,20975.9004
1673942400000,20993.9004
1673956800000,21023.334
1673971200000,21062.334
1673985600000,21087.7324
1674000000000,21109.9668
1674014400000,21139.6328
1674028800000,21161.166
1674043200000,21158.2324
1674057600000,21143.5996
1674072000000,21132.834
1674086400000,21116.0664
1674100800000,21082.0332
1674115200000,21051.2676
1674129600000,21034
1674144000000,21030.666
1674158400000,21020.2324
1674172800000,21013.834
1674187200000,20988.5332
1674201600000,20977.5332
1674216000000,20969.5
1674230400000,20982.3672
1674244800000,21078.7676
1674259200000,21179.9004
1674273600000,21296.9004
1674288000000,21445.5996
1674302400000,21596.166
1674316800000,21761.3672
1674331200000,21898.2324
1674345600000,22023.9668
1674360000000,22144.0332
1674374400000,22259.5664
1674388800000,22373.5332
1674403200000,22491.8008
1674417600000,22608.6992
1674432000000,22709.7676
1674446400000,22790.6328
1674460800000,22808.9668
1674475200000,22829.2324
1674489600000,22839.1992
1674504000000,22840.9668
1674518400000,22846.5332
1674532800000,22831.2324
1674547200000,22840.1992
1674561600000,22852.2324
1674576000000,22861.0996
1674590400000,22850.6328
1674604800000,22841.2676
1674619200000,22841.5332
1674633600000,22834.6992
1674648000000,22831.334
1674662400000,22835.3008
1674676800000,22844.334
1674691200000,22862.6328
1674705600000,22874.3008
1674720000000,22878.4336
1674734400000,22870.1992
1674748800000,22871.3008
1674763200000,22877.0332
1674777600000,22866.3008
1674792000000,22869.5664
1674806400000,22891.0332
1674820800000,22909.8008
1674835200000,22944.6328
1674849600000,22975.9336
1674864000000,23010
1674878400000,23025.2676
1674892800000,23020.334
1674907200000,23011.834
1674921600000,23016.5996
1674936000000,23018.5664
1674950400000,23034.334
1674964800000,23042.9336
1674979200000,23071.834
1674993600000,23122.4336
1675008000000,23177.9668
1675022400000,23229.9336
1675036800000,23281.666
1675051200000,23308.334
1675065600000,23308.7676
1675080000000,23313.4668
1675094400000,23300.2324
1675108800000,23290.0664
1675123200000,23278.5
1675137600000,23274.5332
1675152000000,23264.5664
1675166400000,23259.8672
1675180800000,23258.5
1675195200000,23238.2676
1675209600000,23212
1675224000000,23157.166
1675238400000,23113.4004
1675252800000,23066.0664
1675267200000,23048.2324
1675281600000,23091.3672
1675296000000,23137.4668
1675310400000,23204.5664
1675324800000,23271.3008
1675339200000,23340.1328
1675353600000,23397.2676
1675368000000,23439.2676
1675382400000,23469.7324
1675396800000,23488.3008
1675411200000,23515.666
1675425600000,23547.7324
1675440000000,23563.9336
1675454400000,23587.666
1675468800000,23611.5332
1675483200000,23607.6328
1675497600000,23583.4004
1675512000000,23552.8672
1675526400000,23529.0332
1675540800000,23495.0664
1675555200000,23460.8008
1675569600000,23430.4668
1675584000000,23421.6328
1675598400000,23390.1992
1675612800000,23353.2324
1675627200000,23312.9668
1675641600000,23265.1992
1675656000000,23236.0332
1675670400000,23199
1675684800000,23178.4004
1675699200000,23158.5996
1675713600000,23117.4336
1675728000000,23081
1675742400000,23044.9004
1675756800000,23021.2324
1675771200000,22991.7324
1675785600000,22972.6992
1675800000000,22964.4336
1675814400000,22973.8672
1675828800000,22996.2676
1675843200000,23010.9004
1675857600000,23009
1675872000000,23008.3672
1675886400000,23013.6992
1675900800000,22977.9668
1675915200000,22954.0996
1675929600000,22949.5
1675944000000,22931.4336
1675958400000,22873.7676
1675972800000,22795.6992
1675987200000,22723.4336
1676001600000,22644.6328
1676016000000,22543.9668
1676030400000,22437.5664
1676044800000,22340.3672
1676059200000,22238.2676
1676073600000,22158.5664
1676088000000,22079.4668
1676102400000,21994.0664
1676116800000,21940.7324
1676131200000,21873.4336
1676145600000,21817.3672
1676160000000,21761.9668
1676174400000,21745.3672
1676188800000,21750.4668
1676203200000,21757.9336
1676217600000,21763.5996
1676232000000,21766.5
1676246400000,21776.4668
1676260800000,21783.5664
1676275200000,21782.666
1676289600000,21776.5332
1676304000000,21772.0996
1676318400000,21777.834
1676332800000,21777.1328
1676347200000,21784.1328
1676361600000,21781.4336
1676376000000,21800.8008
1676390400000,21830.0664
1676404800000,21851.8008
1676419200000,21863.334
1676433600000,21870.5
1676448000000,21914.4668
1676462400000,21980.9004
1676476800000,22076.1328
1676491200000,22257.9668
1676505600000,22468.3672
1676520000000,22668.2324
1676534400000,22856.9668
1676548800000,23083.666
1676563200000,23292.5
1676577600000,23407.4336
1676592000000,23526.666
1676606400000,23621.4336
1676620800000,23728.0996
1676635200000,23863.334
1676649600000,24025.2324
1676664000000,24168.5996
1676678400000,24290.4336
1676692800000,24370.6992
1676707200000,24382.7324
1676721600000,24378
1676736000000,24377.1328
1676750400000,24379.9336
1676764800000,24351.7676
1676779200000,24331.3672
1676793600000,24408.666
1676808000000,24480.9336
1676822400000,24538.9336
1676836800000,24571.0996
1676851200000,24590.5664
1676865600000,24589.3008
1676880000000,24609.9004
1676894400000,24632.5
1676908800000,24658.0332
1676923200000,24680.7676
1676937600000,24699
1676952000000,24725.5664
1676966400000,24721.4668
1676980800000,24714.4336
1676995200000,24716.2676
1677009600000,24701.8008
1677024000000,24653.334
1677038400000,24622.9004
1677052800000,24616.0332
1677067200000,24569.5996
1677081600000,24521.834
1677096000000,24475.0332
1677110400000,24441.334
1677124800000,24406.7676
1677139200000,24334.9336
1677153600000,24269.4336
1677168000000,24201.7324
1677182400000,24159.5664
1677196800000,24118.6328
1677211200000,24067.4004
1677225600000,24029.5996
1677240000000,23972.7324
1677254400000,23913.9004
1677268800000,23848.0664
1677283200000,23804.7676
1677297600000,23759.5996
1677312000000,23679.5332
1677326400000,23582.7324
1677340800000,23489.834
1677355200000,23447.6992
1677369600000,23397.9004
1677384000000,23341.4336
1677398400000,23294.166
1677412800000,23246.7676
1677427200000,23223.2324
1677441600000,23199.9668
1677456000000,23212.7324
1677470400000,23228.5664
1677484800000,23244.2676
1677499200000,23275.4004
1677513600000,23285.7324
1677528000000,23318.4668
1677542400000,23347.6328
1677556800000,23362.8008
1677571200000,23378.3672
1677585600000,23398.0664
1677600000000,23405.1328
1677614400000,23397.7676
1677628800000,23411
1677643200000,23425.5332
1677657600000,23437.5332
1677672000000,23448.834
1677686400000,23444.7676
1677700800000,23458.9004
1677715200000,23455.3672
1677729600000,23462.6328
1677744000000,23457.834
1677758400000,23451.9004
1677772800000,23468.4004
1677787200000,23473.0332
1677801600000,23393.334
1677816000000,23333.5664
1677830400000,23281.0996
1677844800000,23206.4668
1677859200000,23115.6328
1677873600000,23023.3672
1677888000000,22932.4004
1677902400000,22865.7676
1677916800000,22779.5664
1677931200000,22700.4336
1677945600000,22624.2676
1677960000000,22553.0664
1677974400000,22487.7324
1677988800000,22415.1328
1678003200000,22343.3672
1678017600000,22350.4336
1678032000000,22352.7676
1678046400000,22357.7324
1678060800000,22360.5996
1678075200000,22362.1328
1678089600000,22363.8672
1678104000000,22376.7676
1678118400000,22378.2676
1678132800000,22381.334
1678147200000,22390.8008
1678161600000,22402
1678176000000,22401.6992
1678190400000,22397.5996
1678204800000,22380.666
1678219200000,22367.5
1678233600000,22348.7324
1678248000000,22319.5
1678262400000,22295.6328
1678276800000,22279.9004
1678291200000,22253.5664
1678305600000,22207.3672
1678320000000,22154.7324
1678334400000,22107.6992
1678348800000,22058.3672
1678363200000,22003.7324
1678377600000,21898.6992
1678392000000,21766.0664
1678406400000,21613.834
1678420800000,21468.334
1678435200000,21306.334
1678449600000,21163.4336
1678464000000,21034.0664
1678478400000,20909.5
1678492800000,20802.5664
1678507200000,20667.0996
1678521600000,20566.9004
1678536000000,20463.5996
1678550400000,20376.6328
1678564800000,20306.7324
1678579200000,20232.166
1678593600000,20210.9004
1678608000000,20224.666
1678622400000,20258.666
1678636800000,20326.7676
1678651200000,20487.3672
1678665600000,20642.5996
1678680000000,20811.9668
1678694400000,20942.334
1678708800000,21178.4336
1678723200000,21473.8672
1678737600000,21740.2324
1678752000000,22024.8008
1678766400000,22291.7676
1678780800000,22573.9336
1678795200000,22939.2324
1678809600000,23245.9668
1678824000000,23524.7676
1678838400000,23808.9004
1678852800000,24077.3008
1678867200000,24257.1992
1678881600000,24403.4004
1678896000000,24527.9668
1678910400000,24675.666
1678924800000,24693.2324
1678939200000,24712.6992
1678953600000,24759.8008
1678968000000,24790.2676
1678982400000,24833.9004
1678996800000,24848.5
1679011200000,24838.5996
1679025600000,24905.8008
1679040000000,25055.7676
1679054400000,25165.9668
1679068800000,25293.5332
1679083200000,25466.5
1679097600000,25657.4668
1679112000000,25857.3008
1679126400000,26067.8672
1679140800000,26266.0996
1679155200000,26450.166
1679169600000,26590.5664
1679184000000,26747.0664
1679198400000,26881.8672
1679212800000,27028.1328
1679227200000,27147.5664
1679241600000,27294.666
1679256000000,27365.1992
1679270400000,27425.1328
1679284800000,27516.1992
1679299200000,27570.5332
1679313600000,27595.6328
1679328000000,27624.8008
1679342400000,27643.5
1679356800000,27680.2676
1679371200000,27690.166
1679385600000,27764.6992
1679400000000,27819.5332
1679414400000,27896.4336
1679428800000,27957.666
1679443200000,27996.8672
1679457600000,27983.8672
1679472000000,27993.334
1679486400000,28081
1679500800000,27976.4004
1679515200000,27911.4004
1679529600000,27888.1328
1679544000000,27878.4336
1679558400000,27868.4668
1679572800000,27921.666
1679587200000,27976.9668
1679601600000,27992.0664
1679616000000,28002.3672
1679630400000,28008.834
1679644800000,27971.5996
1679659200000,27958.4336
1679673600000,27937.8672
1679688000000,27889.7324
1679702400000,27818.8008
1679716800000,27873.1328
1679731200000,27884.6992
1679745600000,27902
1679760000000,27867.834
1679774400000,27856.0996
1679788800000,27781.9004
1679803200000,27722.3672
1679817600000,27692.5
1679832000000,27663.7676
1679846400000,27632.9004
1679860800000,27657.8672
1679875200000,27649.1328
1679889600000,27647.6328
1679904000000,27676.1328
1679918400000,27628.834
1679932800000,27592.166
1679947200000,27568.2676
1679961600000,27521.6328
1679976000000,27504.5996
1679990400000,27475.6992
1680004800000,27438.5664
1680019200000,27431.6992
1680033600000,27389.6992
1680048000000,27358.5996
1680062400000,27375.9004
1680076800000,27400.3672
1680091200000,27436.666
1680105600000,27477.3008
1680120000000,27506.8008
1680134400000,27612.2676
1680148800000,27730.0332
1680163200000,27832.2324
1680177600000,27920.9668
1680192000000,27990.4336
1680206400000,28055.9336
1680220800000,28134.9668
1680235200000,28156.4336
1680249600000,28201.8008
1680264000000,28277.5
1680278400000,28302.2324
1680292800000,28309.834
1680307200000,28316.2676
1680321600000,28317.7676
1680336000000,28320.5332
1680350400000,28315.9668
1680364800000,28293.4336
1680379200000,28279.4004
1680393600000,28290.8008
1680408000000,28318.9336
1680422400000,28340.2324
1680436800000,28337.5664
1680451200000,28352.1992
1680465600000,28368.4668
1680480000000,28319.166
1680494400000,28284.9004
1680508800000,28270.1992
1680523200000,28236.666
1680537600000,28211.9336
1680552000000,28173.166
1680566400000,28135.4336
1680580800000,28110.5
1680595200000,28100.2324
1680609600000,28069.834
1680624000000,28055.6328
1680638400000,28043.6992
1680652800000,28071.334
1680667200000,28109
1680681600000,28134.3008
1680696000000,28151.9336
1680710400000,28170.9668
1680724800000,28165.5996
1680739200000,28172.1992
1680753600000,28161.0664
1680768000000,28170.6328
1680782400000,28186.834
1680796800000,28186.4336
1680811200000,28169.9668
1680825600000,28171.666
1680840000000,28147.7676
1680854400000,28125.4336
1680868800000,28085.0332
1680883200000,28043.1328
1680897600000,27999.5996
1680912000000,28000.4668
1680926400000,27990.0664
1680940800000,27980.1328
1680955200000,27972.8672
1680969600000,27973.834
1680984000000,27973.9336
1680998400000,27970.666
1681012800000,27963.4336
1681027200000,27956.5996
1681041600000,27947.2676
1681056000000,27967.9668
1681070400000,28000.3008
1681084800000,28022.9004
1681099200000,28048.9336
1681113600000,28076.166
1681128000000,28103.8008
1681142400000,28177.5332
1681156800000,28287.0664
1681171200000,28427.5332
1681185600000,28574.9668
1681200000000,28717.4668
1681214400000,28862.6328
1681228800000,29012.166
1681243200000,29164.9668
1681257600000,29301.5996
1681272000000,29426.2324
1681286400000,29540.5996
1681300800000,29653.6328
1681315200000,29754.9336
1681329600000,29861.0996
1681344000000,29971.3672
1681358400000,30030.666
1681372800000,30066.0664
1681387200000,30088.4336
1681401600000,30103.5332
1681416000000,30124.5332
1681430400000,30158.8008
1681444800000,30200.7324
1681459200000,30241.2324
1681473600000,30261.834
1681488000000,30282.9336
1681502400000,30311.5996
1681516800000,30339.3672
1681531200000,30383.1992
1681545600000,30417.666
1681560000000,30434.0996
1681574400000,30454.0332
1681588800000,30462.834
1681603200000,30450.2324
1681617600000,30452.0332
1681632000000,30442.8008
1681646400000,30417.666
1681660800000,30387.5996
1681675200000,30352.9336
1681689600000,30333.6328
1681704000000,30301.6328
1681718400000,30242.3008
1681732800000,30174.5332
1681747200000,30108.4336
1681761600000,30042.2324
1681776000000,29982.5996
1681790400000,29942.166
1681804800000,29946.9668
1681819200000,29941.3008
1681833600000,29931.0996
1681848000000,29939.7676
1681862400000,29930.2324
1681876800000,29914.166
1681891200000,29847.5996
1681905600000,29800.5996
1681920000000,29759
1681934400000,29707.4668
1681948800000,29673.6992
1681963200000,29634
1681977600000,29579.5
1681992000000,29517
1682006400000,29405.4668
1682020800000,29262.4336
1682035200000,29138.3008
1682049600000,29000.2676
1682064000000,28845.2676
1682078400000,28701
1682092800000,28513.4668
1682107200000,28375.7324
1682121600000,28246.3672
1682136000000,28115.834
1682150400000,28015.1992
1682164800000,27922.0664
1682179200000,27837.7324
1682193600000,27783
1682208000000,27719.3008
1682222400000,27693.8008
1682236800000,27653.4004
1682251200000,27596.0996
1682265600000,27549.2676
1682280000000,27516.666
1682294400000,27498.3672
1682308800000,27509.9336
1682323200000,27529.2324
1682337600000,27524.7324
1682352000000,27531.5
1682366400000,27545.0332
1682380800000,27536.3008
1682395200000,27513.166
1682409600000,27485.5332
1682424000000,27470.5
1682438400000,27462.6328
1682452800000,27505.0996
1682467200000,27560.0996
1682481600000,27621.0664
1682496000000,27712.1992
1682510400000,27848.4336
1682524800000,27876.9668
1682539200000,27935.6328
1682553600000,28043.334
1682568000000,28144.6992
1682582400000,28240.9336
1682596800000,28360.9668
1682611200000,28521.2324
1682625600000,28661
1682640000000,28800.4004
1682654400000,28925.666
1682668800000,28989.9004
1682683200000,29047.2676
1682697600000,29111.1328
1682712000000,29136.4004
1682726400000,29105.0332
1682740800000,29204.1328
1682755200000,29265.0332
1682769600000,29292.2324
1682784000000,29315.8008
1682798400000,29335.4004
1682812800000,29337.8672
1682827200000,29312.0332
1682841600000,29294.3008
1682856000000,29310.5664
1682870400000,29302.7324
1682884800000,29302.3672
1682899200000,29262.4668
1682913600000,29215.9004
1682928000000,29162.5996
1682942400000,29084.4668
1682956800000,28983.2324
1682971200000,28898.9668
1682985600000,28816.3672
1683000000000,28737
1683014400000,28660.666
1683028800000,28617.834
1683043200000,28578.4004
1683057600000,28542.2324
1683072000000,28466.2324
1683086400000,28418.7676
1683100800000,28372.4004
1683115200000,28356.2676
1683129600000,28335.9004
1683144000000,28370.334
1683158400000,28431.666
1683172800000,28512.7324
1683187200000,28585.166
1683201600000,28640.9336
1683216000000,28697.334
1683230400000,28746.9004
1683244800000,28790.6992
1683259200000,28815.3008
1683273600000,28847.6328
1683288000000,28904.5
1683302400000,28966.8672
1683316800000,29032.0664
1683331200000,29103.334
1683345600000,29174.1328
1683360000000,29191.6328
1683374400000,29159.3008
1683388800000,29147.1328
1683403200000,29130
1683417600000,29127.2676
1683432000000,29129.334
1683446400000,29131.3008
1683460800000,29116.0996
1683475200000,29108.0996
1683489600000,29061.9336
1683504000000,28984.1328
1683518400000,28878.7676
1683532800000,28774.0664
1683547200000,28675.2324
1683561600000,28539.0332
1683576000000,28430.0664
1683590400000,28364.5664
1683604800000,28284.166
1683619200000,28202.6992
1683633600000,28107.166
1683648000000,28025.4004
1683662400000,27943.3008
1683676800000,27857.666
1683691200000,27765.1992
1683705600000,27712.9004
1683720000000,27708.4004
1683734400000,27687.3008
1683748800000,27663.7324
1683763200000,27633.5664
1683777600000,27640.666
1683792000000,27623.4004
1683806400000,27593.4668
1683820800000,27538.334
1683835200000,27491.6328
1683849600000,27436.9668
1683864000000,27343.4336
1683878400000,27258.1992
1683892800000,27167.3672
1683907200000,27094.0664
1683921600000,27035.0332
1683936000000,26945.5332
1683950400000,26884.834
1683964800000,26832.8008
1683979200000,26790.7676
1683993600000,26750.334
1684008000000,26708
1684022400000,26687.1992
1684036800000,26687.8672
1684051200000,26676.834
1684065600000,26709.5664
1684080000000,26748.0332
1684094400000,26785.3008
1684108800000,26846.0332
1684123200000,26908.7324
1684137600000,26945
1684152000000,26984.3008
1684166400000,27027.2324
1684180800000,27050.334
1684195200000,27071.1328
1684209600000,27097.8008
1684224000000,27116.9668
1684238400000,27128.1992
1684252800000,27133.7324
1684267200000,27148.334
1684281600000,27146.6992
1684296000000,27144.5332
1684310400000,27126.1328
1684324800000,27097.4668
1684339200000,27096.4004
1684353600000,27099.9336
1684368000000,27096.5
1684382400000,27094.3672
1684396800000,27109.666
1684411200000,27106.0332
1684425600000,27072.1992
1684440000000,27056.2324
1684454400000,27043.8672
1684468800000,27039.0996
1684483200000,27027.834
1684497600000,27016.2324
1684512000000,27015.5664
1684526400000,27031.3672
1684540800000,27035.3672
1684555200000,27000.6328
1684569600000,26966.3672
1684584000000,26939.7324
1684598400000,26917.834
1684612800000,26898.6328
1684627200000,26905.1992
1684641600000,26926.5664
1684656000000,26926.7324
1684670400000,26930.4336
1684684800000,26933.4336
1684699200000,26926.0664
1684713600000,26911.0996
1684728000000,26911.5
1684742400000,26907.9668
1684756800000,26908.1992
1684771200000,26908.5
1684785600000,26906.8672
1684800000000,26935.9004
1684814400000,26951.4004
1684828800000,26967.666
1684843200000,26977.0332
1684857600000,26985.6328
1684872000000,27011.9336
1684886400000,27003.4668
1684900800000,26988.334
1684915200000,26987.666
1684929600000,26964.6328
1684944000000,26924.7676
1684958400000,26891.5
1684972800000,26845.3672
1684987200000,26796.4668
1685001600000,26759.5332
1685016000000,26681.7676
1685030400000,26626.1992
1685044800000,26567.2676
1685059200000,26508.5664
1685073600000,26462.5
1685088000000,26411.8672
1685102400000,26409.9004
1685116800000,26415.2324
1685131200000,26412.9004
1685145600000,26442.666
1685160000000,26473.7324
1685174400000,26499.1328
1685188800000,26533.3672
1685203200000,26573.3672
1685217600000,26610.5664
1685232000000,26675.0332
1685246400000,26725.166
1685260800000,26771
1685275200000,26826.6992
1685289600000,26895.8008
1685304000000,27003.834
1685318400000,27084.6328
1685332800000,27161.1992
1685347200000,27241.5
1685361600000,27299.9668
1685376000000,27361.8008
1685390400000,27431.2676
1685404800000,27508.4004
1685419200000,27575.5664
1685433600000,27654.6328
1685448000000,27688.4004
1685462400000,27731.5664
1685476800000,27768.4004
1685491200000,27794.334
1685505600000,27770.0664
1685520000000,27705.0996
1685534400000,27634.6328
1685548800000,27573.9668
1685563200000,27527.4336
1685577600000,27469.5
1685592000000,27413.4668
1685606400000,27356.834
1685620800000,27293.166
1685635200000,27234.334
1685649600000,27152.5
1685664000000,27106.7676
1685678400000,27052.4668
1685692800000,27014.0332
1685707200000,26977.1992
1685721600000,26982
1685736000000,26991.1992
1685750400000,27007.1328
1685764800000,27018.9004
1685779200000,27013.7324
1685793600000,27048.9668
1685808000000,27068.2324
1685822400000,27079.9004
1685836800000,27091.666
1685851200000,27111.0996
1685865600000,27136.6992
1685880000000,27149.0332
1685894400000,27160.0996
1685908800000,27159.1992
1685923200000,27141.1992
1685937600000,27113.0664
1685952000000,27081.9668
1685966400000,27004.9004
1685980800000,26901.4004
1685995200000,26807.1992
1686009600000,26702.9004
1686024000000,26611.5664
1686038400000,26519.5664
1686052800000,26453.1328
1686067200000,26448.9336
1686081600000,26451.4004
1686096000000,26433.2676
1686110400000,26405.9668
1686124800000,26391.5996
1686139200000,26358.834
1686153600000,26336.0996
1686168000000,26306.7324
1686182400000,26329.9668
1686196800000,26384.834
1686211200000,26432.2676
1686225600000,26498.4004
1686240000000,26552.6992
1686254400000,26606.4336
1686268800000,26633.2324
1686283200000,26594
1686297600000,26552.5
1686312000000,26523.166
1686326400000,26496.5664
1686340800000,26468.0664
1686355200000,26466.5
1686369600000,26410.8672
1686384000000,26370.3672
1686398400000,26323.834
1686412800000,26277.2324
1686427200000,26237.8008
1686441600000,26172.0332
1686456000000,26119.3008
1686470400000,26073.2324
1686484800000,26025.834
1686499200000,25995.1328
1686513600000,25950.0332
1686528000000,25904.3672
1686542400000,25864.1992
1686556800000,25831.1992
1686571200000,25798.0996
1686585600000,25809.7324
1686600000000,25821.0996
1686614400000,25848.9336
1686628800000,25869.7324
1686643200000,25892.0664
1686657600000,25893.4004
1686672000000,25903.8672
1686686400000,25912.0996
1686700800000,25926.3008
1686715200000,25917.4668
1686729600000,25919.6992
1686744000000,25932.2676
1686758400000,25935.8672
1686772800000,25878.6328
1686787200000,25827.2324
1686801600000,25768
1686816000000,25706.3008
1686830400000,25631.4004
1686844800000,25590.5
1686859200000,25551.0664
1686873600000,25537.9336
1686888000000,25511.834
1686902400000,25480.1992
1686916800000,25471.2676
1686931200000,25502.9668
1686945600000,25528.2676
1686960000000,25546.6328
1686974400000,25595.7676
1686988800000,25688.0332
1687003200000,25778.3672
1687017600000,25881.0996
1687032000000,25984.3672
1687046400000,26091.1328
1687060800000,26167.0664
1687075200000,26228.0332
1687089600000,26294.0332
1687104000000,26369.1992
1687118400000,26427.834
1687132800000,26464.9336
1687147200000,26468.4668
1687161600000,26474.2324
1687176000000,26485.8672
1687190400000,26490.5
1687204800000,26512.5
1687219200000,26543.9668
1687233600000,26567.7676
1687248000000,26592.0332
1687262400000,26627.5332
1687276800000,26720.334
1687291200000,26841.3672
1687305600000,26985.8008
1687320000000,27134.3672
1687334400000,27307.4004
1687348800000,27537.6328
1687363200000,27783.5
1687377600000,28021.5664
1687392000000,28279.2324
1687406400000,28508.5664
1687420800000,28715.2676
1687435200000,28913.4668
1687449600000,29139.6992
1687464000000,29339.8008
1687478400000,29535.334
1687492800000,29665.7676
1687507200000,29787.834
1687521600000,29956.3008
1687536000000,30090.8008
1687550400000,30208.4004
1687564800000,30267
1687579200000,30298.0332
1687593600000,30344.2676
1687608000000,30352.166
1687622400000,30387.2324
1687636800000,30427.9336
1687651200000,30487.4004
1687665600000,30521.0996
1687680000000,30576.8008
1687694400000,30616.4004
1687708800000,30649.9004
1687723200000,30671.9336
1687737600000,30608.8672
1687752000000,30576.9668
1687766400000,30551.9004
1687780800000,30531.1328
1687795200000,30508.5332
1687809600000,30479.5
1687824000000,30476
1687838400000,30461
1687852800000,30473.166
1687867200000,30455.8008
1687881600000,30449.834
1687896000000,30448.3008
1687910400000,30439.334
1687924800000,30423.0996
1687939200000,30412.166
1687953600000,30420.0664
1687968000000,30399.5
1687982400000,30382.9336
1687996800000,30365.334
1688011200000,30371.5664
1688025600000,30399.4668
1688040000000,30407.834
1688054400000,30419.834
1688068800000,30401.9668
1688083200000,30419.166
1688097600000,30427.334
1688112000000,30441.0664
1688126400000,30413.9004
1688140800000,30425.2324
1688155200000,30435.1992
1688169600000,30433.7676
1688184000000,30457.5
1688198400000,30487.7324
1688212800000,30515.4668
1688227200000,30534.166
1688241600000,30528.3672
1688256000000,30530.5664
1688270400000,30525.4668
1688284800000,30530.5664
1688299200000,30513.7324
1688313600000,30499.2676
1688328000000,30480.3672
1688342400000,30527.4668
1688356800000,30548
1688371200000,30559.1992
1688385600000,30604.7676
1688400000000,30659.4668
1688414400000,30702.666
1688428800000,30744.4336
1688443200000,30763.6992
1688457600000,30795.5
1688472000000,30826.5996
1688486400000,30839.6328
1688500800000,30855.4336
1688515200000,30881.0664
1688529600000,30896.8008
1688544000000,30882.5
1688558400000,30855.666
1688572800000,30839.8008
1688587200000,30831.5996
1688601600000,30793.1992
1688616000000,30761.7324
1688630400000,30739.5664
1688644800000,30686.8672
1688659200000,30646.2676
1688673600000,30567.2676
1688688000000,30510.5996
1688702400000,30464.166
1688716800000,30419.8008
1688731200000,30387
1688745600000,30349.8672
1688760000000,30344.8672
1688774400000,30339.4668
1688788800000,30323.5
1688803200000,30303
1688817600000,30284
1688832000000,30237.6328
1688846400000,30200.1328
1688860800000,30192.166
1688875200000,30189.6328
1688889600000,30214.7676
1688904000000,30228.4668
1688918400000,30244.0332
1688932800000,30247.9004
1688947200000,30232.6992
1688961600000,30224.8672
1688976000000,30218.5664
1688990400000,30220.4668
1689004800000,30263.3008
1689019200000,30277.8672
1689033600000,30295.6328
1689048000000,30323.7676
1689062400000,30332.6328
1689076800000,30353.6328
1689091200000,30375.5332
1689105600000,30399.8008
1689120000000,30416.5996
1689134400000,30450.1328
1689148800000,30491.1328
1689163200000,30515.0664
1689177600000,30526.3008
1689192000000,30535.9668
1689206400000,30535.7324
1689220800000,30504
1689235200000,30512.5
1689249600000,30541.8008
1689264000000,30615.3008
1689278400000,30686.5664
1689292800000,30744.5664
1689307200000,30779.2676
1689321600000,30819.5332
1689336000000,30864.0996
1689350400000,30822.4004
1689364800000,30791.5664
1689379200000,30776.5664
1689393600000,30780.7324
1689408000000,30775.9336
1689422400000,30776.0332
1689436800000,30774
1689451200000,30756.5996
1689465600000,30707.9668
1689480000000,30617.1328
1689494400000,30539.0996
1689508800000,30466.334
1689523200000,30409.8008
1689537600000,30343.4004
1689552000000,30280.1992
1689566400000,30291.2676
1689580800000,30280.834
1689595200000,30273.5332
1689609600000,30243.4668
1689624000000,30232
1689638400000,30216.334
1689652800000,30191.0332
1689667200000,30163.666
1689681600000,30144.5664
1689696000000,30106.9668
1689710400000,30077.4004
1689724800000,30056.2676
1689739200000,30038.166
1689753600000,30023.166
1689768000000,29998.5
1689782400000,29981.9004
1689796800000,29964.2324
1689811200000,29948.4668
1689825600000,29969.1328
1689840000000,29978.4004
1689854400000,29960.334
1689868800000,29946.9004
1689883200000,29941.834
1689897600000,29940.3008
1689912000000,29944.3672
1689926400000,29938.7324
1689940800000,29925.5996
1689955200000,29917.5332
1689969600000,29909.5996
1689984000000,29906.8008
1689998400000,29900.0664
1690012800000,29899.1328
1690027200000,29895.8008
1690041600000,29871.4336
1690056000000,29838.3672
1690070400000,29840.9668
1690084800000,29851.4336
1690099200000,29856.834
1690113600000,29857.5
1690128000000,29878.7676
1690142400000,29898.166
1690156800000,29887.1992
1690171200000,29883.6328
1690185600000,29841.5996
1690200000000,29788.334
1690214400000,29734.0664
1690228800000,29686.9336
1690243200000,29634.334
1690257600000,29587.9668
1690272000000,29543.7324
1690286400000,29499.8672
1690300800000,29451.9668
1690315200000,29408.0332
1690329600000,29364.2324
1690344000000,29305.834
1690358400000,29245.334
1690372800000,29219.5
1690387200000,29191.5664
1690401600000,29196.7676
1690416000000,29216.3672
1690430400000,29235.334
1690444800000,29256.8672
1690459200000,29267.8672
1690473600000,29268.0332
1690488000000,29274.2324
1690502400000,29278.3008
1690516800000,29273.834
1690531200000,29272
1690545600000,29281.3672
1690560000000,29288.0332
1690574400000,29298.166
1690588800000,29301.4336
1690603200000,29294.1992
1690617600000,29289.3008
1690632000000,29282.4004
1690646400000,29277.3672
1690660800000,29267.3008
1690675200000,29269.2676
1690689600000,29279.0332
1690704000000,29284.7324
1690718400000,29291.5
1690732800000,29296.1992
1690747200000,29301.1328
1690761600000,29303.0996
1690776000000,29307.3008
1690790400000,29312.6992
1690804800000,29304.1328
1690819200000,29295.1992
1690833600000,29291.9668
1690848000000,29260.5996
1690862400000,29233.9336
1690876800000,29200.9336
1690891200000,29177.8672
1690905600000,29177.0996
1690920000000,29204.4336
1690934400000,29223.9668
1690948800000,29249.666
1690963200000,29269.334
1690977600000,29264.2324
1690992000000,29249.7324
1691006400000,29235.6328
1691020800000,29231.1992
1691035200000,29222.5332
1691049600000,29217.166
1691064000000,29245.7676
1691078400000,29269.3672
1691092800000,29291.834
1691107200000,29305.4336
1691121600000,29301.1328
1691136000000,29264.8672
1691150400000,29239.8008
1691164800000,29202.0996
1691179200000,29170.666
1691193600000,29152.6992
1691208000000,29144.0332
1691222400000,29133.5996
1691236800000,29123.8672
1691251200000,29125.4668
1691265600000,29120.1992
1691280000000,29106.3672
1691294400000,29092.666
1691308800000,29083.8672
1691323200000,29072.7324
1691337600000,29063.6328
1691352000000,29057.1992
1691366400000,29048.8672
1691380800000,29052.166
1691395200000,29049.1992
1691409600000,29034.834
1691424000000,29043
1691438400000,29054.166
1691452800000,29064.834
1691467200000,29073.0996
1691481600000,29097.1328
1691496000000,29128.9336
1691510400000,29181.6328
1691524800000,29228.7324
1691539200000,29275.9668
1691553600000,29325.3672
1691568000000,29380.166
1691582400000,29421.3008
1691596800000,29443.7676
1691611200000,29478.9668
1691625600000,29527.9336
1691640000000,29551.5
1691654400000,29571.4336
1691668800000,29589.2324
1691683200000,29606.1992
1691697600000,29608.0332
1691712000000,29599.4668
1691726400000,29567.9004
1691740800000,29545.6992
1691755200000,29523.6328
1691769600000,29494.2676
1691784000000,29462.5664
1691798400000,29438.2676
1691812800000,29438.8008
1691827200000,29428.3672
1691841600000,29418.666
1691856000000,29412.4004
1691870400000,29407.4336
1691884800000,29404.5
1691899200000,29402.4004
1691913600000,29396.9004
1691928000000,29394.2324
1691942400000,29396.0664
1691956800000,29386.5332
1691971200000,29386.334
1691985600000,29387.9336
1692000000000,29386.0332
1692014400000,29399.2676
1692028800000,29394.3008
1692043200000,29394.1992
1692057600000,29390.4668
1692072000000,29388.7324
1692086400000,29383.0664
1692100800000,29376.2324
1692115200000,29360.9336
1692129600000,29348.7324
1692144000000,29339.2324
1692158400000,29323.7324
1692172800000,29314.334
1692187200000,29295.6992
1692201600000,29275.7324
1692216000000,29230.6992
1692230400000,29167.8672
1692244800000,29119.2324
1692259200000,29059.5996
1692273600000,28961.166
1692288000000,28859.834
1692302400000,28680.1328
1692316800000,28485.5996
1692331200000,28301.1328
1692345600000,28121.2324
1692360000000,27906.1992
1692374400000,27696.5332
1692388800000,27488.9668
1692403200000,27279.4004
1692417600000,27066.3008
1692432000000,26878.0996
1692446400000,26715.3672
1692460800000,26548.7676
1692475200000,26386.4336
1692489600000,26265.5
1692504000000,26146.5996
1692518400000,26114.9336
1692532800000,26096.0332
1692547200000,26078.0664
1692561600000,26058.4004
1692576000000,26065.0664
1692590400000,26062.5332
1692604800000,26061.4668
1692619200000,26060.3008
1692633600000,26072.5996
1692648000000,26087.5996
1692662400000,26077.0996
1692676800000,26075.9004
1692691200000,26072.8672
1692705600000,26061.7676
1692720000000,26041.0996
1692734400000,26032.1992
1692748800000,26024.4668
1692763200000,26018.8008
1692777600000,26000.3008
1692792000000,26003.5996
1692806400000,26044.0996
1692820800000,26071.0664
1692835200000,26104.4004
1692849600000,26129.2676
1692864000000,26150.3672
1692878400000,26146.1992
1692892800000,26141.3672
1692907200000,26149.0664
1692921600000,26160.5996
1692936000000,26173.0996
1692950400000,26176.666
1692964800000,26171.8008
1692979200000,26165.5332
1692993600000,26173.9668
1693008000000,26169.5
1693022400000,26130.6992
1693036800000,26104.334
1693051200000,26078.0664
1693065600000,26049.0996
1693080000000,26020.6992
1693094400000,26022.1992
1693108800000,26022.7324
1693123200000,26015.2324
1693137600000,26015.6992
1693152000000,26025.9336
1693166400000,26025.5664
1693180800000,26030.6992
1693195200000,26028.2324
1693209600000,26024.1328
1693224000000,26024.8672
1693238400000,26020.9668
1693252800000,26025.7676
1693267200000,26027.1992
1693281600000,26024.2676
1693296000000,26021.2324
1693310400000,26115.334
1693324800000,26234.9336
1693339200000,26345.9668
1693353600000,26431.4668
1693368000000,26519.8008
1693382400000,26603.5996
1693396800000,26684.1992
1693411200000,26767.666
1693425600000,26855.666
1693440000000,26930.8672
1693454400000,27015.666
1693468800000,27095.7324
1693483200000,27152.6992
1693497600000,27163.3008
1693512000000,27160.6328
1693526400000,27070.4336
1693540800000,26947.834
1693555200000,26835.4004
1693569600000,26729.4004
1693584000000,26609
1693598400000,26505.5996
1693612800000,26411.4668
1693627200000,26319.0332
1693641600000,26219.0664
1693656000000,26131.0664
1693670400000,26036.3008
1693684800000,25939.834
1693699200000,25868.9668
1693713600000,25855.2676
1693728000000,25855.6328
1693742400000,25842.7676
1693756800000,25844.1992
1693771200000,25839.4668
1693785600000,25851.666
1693800000000,25872.7676
1693814400000,25878.5996
1693828800000,25879.5332
1693843200000,25885.8672
1693857600000,25886.5996
1693872000000,25871.834
1693886400000,25864.2324
1693900800000,25857.7676
1693915200000,25850.4004
1693929600000,25832.5664
1693944000000,25822.166
1693958400000,25814.834
1693972800000,25795.1992
1693987200000,25779.3008
1694001600000,25752.3008
1694016000000,25733.666
1694030400000,25724.9668
1694044800000,25726.0996
1694059200000,25717.834
1694073600000,25709.7676
1694088000000,25716.4668
1694102400000,25726.2676
1694116800000,25758.6328
1694131200000,25792.0664
1694145600000,25830.666
1694160000000,25833.834
1694174400000,25838.8672
1694188800000,25850.5
1694203200000,25862.5
1694217600000,25881.834
1694232000000,25895.5
1694246400000,25902.666
1694260800000,25906.7324
1694275200000,25914.4004
1694289600000,25927.8008
1694304000000,25933.1992
1694318400000,25931.7676
1694332800000,25901.334
1694347200000,25869.3672
1694361600000,25838.834
1694376000000,25839.5996
1694390400000,25831.834
1694404800000,25826.666
1694419200000,25806.0332
1694433600000,25754.8008
1694448000000,25696.9336
1694462400000,25650.0996
1694476800000,25643.8672
1694491200000,25639.8008
1694505600000,25652.9336
1694520000000,25676.3008
1694534400000,25690.4004
1694548800000,25693.6328
1694563200000,25701.2676
1694577600000,25706.334
1694592000000,25730.1328
1694606400000,25764.1328
1694620800000,25786.1992
1694635200000,25828.4004
1694649600000,25906.666
1694664000000,25995.6992
1694678400000,26081.7676
1694692800000,26142.1328
1694707200000,26200.1328
1694721600000,26229.3008
1694736000000,26256.7676
1694750400000,26291.5664
1694764800000,26330.9336
1694779200000,26360.334
1694793600000,26395.334
1694808000000,26422.834
1694822400000,26449.2676
1694836800000,26473.334
1694851200000,26493.9004
1694865600000,26510.166
1694880000000,26523.6328
1694894400000,26531.8008
1694908800000,26520.834
1694923200000,26508.8008
1694937600000,26512
1694952000000,26507.6328
1694966400000,26503.5664
1694980800000,26510.4336
1694995200000,26533.0332
1695009600000,26554.4004
1695024000000,26593.9668
1695038400000,26636.5996
1695052800000,26658.0332
1695067200000,26673.334
1695081600000,26693.8008
1695096000000,26714.1992
1695110400000,26759.166
1695124800000,26818.5664
1695139200000,26864.6328
1695153600000,26906.5996
1695168000000,26944.8672
1695182400000,26984.3672
1695196800000,27022.0664
1695211200000,27056.9668
1695225600000,27071.0332
1695240000000,27065.8008
1695254400000,27050.2324
1695268800000,27061.6992
1695283200000,27058.9668
1695297600000,27042.4336
1695312000000,27025.166
1695326400000,26980.2676
1695340800000,26926.9336
1695355200000,26891.834
1695369600000,26854.6328
1695384000000,26822.0664
1695398400000,26784.166
1695412800000,26749.4004
1695427200000,26705.8008
1695441600000,26682.666
1695456000000,26646.7676
1695470400000,26616.3008
1695484800000,26591.5664
1695499200000,26582.2324
1695513600000,26582.1992
1695528000000,26580.666
1695542400000,26583.0664
1695556800000,26580.3008
1695571200000,26566.4336
1695585600000,26539.9668
1695600000000,26507.9668
1695614400000,26484.834
1695628800000,26451
1695643200000,26431.834
1695657600000,26415.1992
1695672000000,26396.5
1695686400000,26381.5996
1695700800000,26358
1695715200000,26337.5332
1695729600000,26307.5332
1695744000000,26285.8672
1695758400000,26260.0996
1695772800000,26239.5332
1695787200000,26224.8672
1695801600000,26258.3672
1695816000000,26267.1328
1695830400000,26271.4004
1695844800000,26290.4336
1695859200000,26298.5
1695873600000,26305.5664
1695888000000,26316.5
1695902400000,26360
1695916800000,26415.8008
1695931200000,26465.7676
1695945600000,26521.666
1695960000000,26584.4004
1695974400000,26634.6328
1695988800000,26675.5996
1696003200000,26721.7676
1696017600000,26732.5996
1696032000000,26774.6992
1696046400000,26819.8672
1696060800000,26859.0664
1696075200000,26901.4668
1696089600000,26940.7676
1696104000000,26974.666
1696118400000,26977.1992
1696132800000,26977.5332
1696147200000,26988.7676
1696161600000,27001.5996
1696176000000,26996.3008
1696190400000,27064.8672
1696204800000,27147.666
1696219200000,27240.4004
1696233600000,27326.6992
1696248000000,27401.4336
1696262400000,27470.5
1696276800000,27507.3008
1696291200000,27547.4004
1696305600000,27581.6992
1696320000000,27621.2676
1696334400000,27640.6992
1696348800000,27651.6992
1696363200000,27666.9336
1696377600000,27684.7324
1696392000000,27707.834
1696406400000,27680.0996
1696420800000,27631.8008
1696435200000,27585.2324
1696449600000,27556.6328
1696464000000,27531.1328
1696478400000,27506.834
1696492800000,27522.4668
1696507200000,27519.7324
1696521600000,27515.4004
1696536000000,27505.5996
1696550400000,27520.8008
1696564800000,27545.2676
1696579200000,27568
1696593600000,27603.166
1696608000000,27637.3672
1696622400000,27661.834
1696636800000,27695.9668
1696651200000,27714.666
1696665600000,27726.4004
1696680000000,27746.0332
1696694400000,27764.166
1696708800000,27779.834
1696723200000,27813.9336
1696737600000,27844.1328
1696752000000,27870.9004
1696766400000,27893.9336
1696780800000,27912
1696795200000,27923.1992
1696809600000,27921.7676
1696824000000,27912.7676
1696838400000,27881.4004
1696852800000,27850.9004
1696867200000,27832.5332
1696881600000,27808.9004
1696896000000,27788.3672
1696910400000,27773.7324
1696924800000,27743.7676
1696939200000,27699.5
1696953600000,27664.3008
1696968000000,27635.7676
1696982400000,27575.334
1696996800000,27515.6992
1697011200000,27466.4336
1697025600000,27389.7676
1697040000000,27318.6328
1697054400000,27278.1328
1697068800000,27237.4668
1697083200000,27182.8008
1697097600000,27131.834
1697112000000,27066.834
1697126400000,27003.7676
1697140800000,26953.5664
1697155200000,26911.7676
1697169600000,26876.166
1697184000000,26838.166
1697198400000,26817.9668
1697212800000,26802.0996
1697227200000,26780.4004
1697241600000,26790.9004
1697256000000,26798.5664
1697270400000,26798.6992
1697284800000,26804.7676
1697299200000,26808.8008
1697313600000,26809.9004
1697328000000,26824.0996
1697342400000,26835.3672
1697356800000,26841.7324
1697371200000,26849.5996
1697385600000,26862.1992
1697400000000,26885.5
1697414400000,26921.5996
1697428800000,26992.7676
1697443200000,27052.834
1697457600000,27128.834
1697472000000,27235.834
1697486400000,27345.334
1697500800000,27435.1328
1697515200000,27539.6992
1697529600000,27645.0664
1697544000000,27751.6992
1697558400000,27861.8008
1697572800000,27965.5664
1697587200000,28074.3672
1697601600000,28171.0332
1697616000000,28250.5332
1697630400000,28318.166
1697644800000,28344.5996
1697659200000,28381.5996
1697673600000,28394
1697688000000,28383.9336
1697702400000,28379.1992
1697716800000,28405.334
1697731200000,28426.9004
1697745600000,28446.1992
1697760000000,28497.3008
1697774400000,28545.166
1697788800000,28641.5332
1697803200000,28710.3008
1697817600000,28781.1328
1697832000000,28868.834
1697846400000,28959.3008
1697860800000,29056.5996
1697875200000,29155.5332
1697889600000,29267.1992
1697904000000,29388.5332
1697918400000,29486.7676
1697932800000,29569.834
1697947200000,29641.1992
1697961600000,29721.5664
1697976000000,29761.2676
1697990400000,29801.5664
1698004800000,29810.9668
1698019200000,29890.3008
1698033600000,29953.7324
1698048000000,30019.3008
1698062400000,30104.4668
1698076800000,30215.6992
1698091200000,30436.4004
1698105600000,30712.6992
1698120000000,30971.9336
1698134400000,31282.3008
1698148800000,31533.4004
1698163200000,31799.334
1698177600000,32066.9004
1698192000000,32346.3672
1698206400000,32614.666
1698220800000,32896.6992
1698235200000,33172.1328
1698249600000,33456.1992
1698264000000,33714.3008
1698278400000,33977.2656
1698292800000,34198.0664
1698307200000,34266.5352
1698321600000,34266.332
1698336000000,34268.5664
1698350400000,34243.332
1698364800000,34273.8008
1698379200000,34284.8984
1698393600000,34294.4648
1698408000000,34294.4648
1698422400000,34284.3672
1698436800000,34264.5352
1698451200000,34212.8672
1698465600000,34166.668
1698480000000,34145.668
1698494400000,34105.1992
1698508800000,34070.168
1698523200000,34069
1698537600000,34064.8672
1698552000000,34068.3008
1698566400000,34074.9648
1698580800000,34098.3672
1698595200000,34140.6992
1698609600000,34172.832
1698624000000,34191.6016
1698638400000,34226.5352
1698652800000,34274.6016
1698667200000,34313.6016
1698681600000,34339.8984
1698696000000,34360.5352
1698710400000,34360.8672
1698724800000,34362.6992
1698739200000,34390.3984
1698753600000,34410.5664
1698768000000,34441.4336
1698782400000,34468.332
1698796800000,34466.3984
1698811200000,34457.5664
1698825600000,34450.1016
1698840000000,34451.3984
1698854400000,34475.1992
1698868800000,34529.8008
1698883200000,34592.8008
1698897600000,34650.8984
1698912000000,34711.5352
1698926400000,34740.3672
1698940800000,34796.9648
1698955200000,34826.6328
1698969600000,34853.6992
1698984000000,34848.1992
1698998400000,34821.1992
1699012800000,34842.8984
1699027200000,34847.7656
1699041600000,34867.1992
1699056000000,34893.9336
1699070400000,34907.3008
1699084800000,34858.9648
1699099200000,34799.3984
1699113600000,34760.8008
1699128000000,34738.4336
1699142400000,34782.3984
1699156800000,34793.8008
1699171200000,34803.4336
1699185600000,34817.8008
1699200000000,34854.0664
1699214400000,34905.1992
1699228800000,34921.168
1699243200000,34947.7656
1699257600000,34984.7656
1699272000000,35010
1699286400000,35029.2656
1699300800000,35052
1699315200000,35065.9648
1699329600000,35079.668
1699344000000,35050.8984
1699358400000,35013.6016
1699372800000,35033.2656
1699387200000,35053.6328
1699401600000,35078.5352
1699416000000,35093.0664
1699430400000,35113.7656
1699444800000,35128.168
1699459200000,35175.1992
1699473600000,35198.4648
1699488000000,35289.4336
1699502400000,35389.5352
1699516800000,35508.1992
1699531200000,35655.0352
1699545600000,35752.1992
1699560000000,35890.832
1699574400000,36025.9336
1699588800000,36092.5664
1699603200000,36205
1699617600000,36325.1016
1699632000000,36460.6016
1699646400000,36592.4648
1699660800000,36715.4336
1699675200000,36808.8008
1699689600000,36901.4648
1699704000000,36943.332
1699718400000,36983.7344
1699732800000,37004.7344
1699747200000,36997.1328
1699761600000,37046.3984
1699776000000,37069.832
1699790400000,37097.5664
1699804800000,37141.0352
1699819200000,37140.7656
1699833600000,37131.7344
1699848000000,37113.2656
1699862400000,37081.0352
1699876800000,37068.2656
1699891200000,37057
1699905600000,37021.0664
1699920000000,36980.4648
1699934400000,36949.4336
1699948800000,36891.7344
1699963200000,36835.332
1699977600000,36712.5352
1699992000000,36610.6328
1700006400000,36491.0664
1700020800000,36388.4336
1700035200000,36332.5664
1700049600000,36296.9336
1700064000000,36331.4648
1700078400000,36400.8672
1700092800000,36440.5
1700107200000,36479.168
1700121600000,36531.8008
1700136000000,36528.3008
1700150400000,36476.3008
1700164800000,36468.1016
1700179200000,36489.0352
1700193600000,36550.8984
1700208000000,36607.4336
1700222400000,36651.5352
1700236800000,36700.8008
1700251200000,36724.6992
1700265600000,36722.2344
1700280000000,36649.2344
1700294400000,36551.168
1700308800000,36497.1992
1700323200000,36445.832
1700337600000,36400.332
1700352000000,36408.0352
1700366400000,36453.7344
1700380800000,36473.4648
1700395200000,36479.4648
1700409600000,36527.3672
1700424000000,36591.9648
1700438400000,36663.8672
1700452800000,36725.832
1700467200000,36762.4336
1700481600000,36835.8672
1700496000000,36913.168
1700510400000,36983.1328
1700524800000,37037.2344
1700539200000,37077.668
1700553600000,37116.1992
1700568000000,37145.832
1700582400000,37169.2344
1700596800000,37118.668
1700611200000,37105.6328
1700625600000,37071.5
1700640000000,37011.5352
1700654400000,36967.2344
1700668800000,36968.8672
1700683200000,36985.5664
1700697600000,36973.6016
1700712000000,36959.5664
1700726400000,36953.168
1700740800000,36917.1016
1700755200000,36916.2656
1700769600000,36924.3008
1700784000000,36946.1992
1700798400000,36982.668
1700812800000,37118.8008
1700827200000,37242.4648
1700841600000,37331.5664
1700856000000,37417
1700870400000,37507
1700884800000,37543.0664
1700899200000,37560.3008
1700913600000,37588
1700928000000,37619.2344
1700942400000,37648.332
1700956800000,37703.6016
1700971200000,37739.0352
1700985600000,37766.332
1701000000000,37775.4336
1701014400000,37766.7344
1701028800000,37746.332
1701043200000,37684.9336
1701057600000,37651.6016
1701072000000,37603.1016
1701086400000,37531.1992
1701100800000,37467.5352
1701115200000,37438.7656
1701129600000,37398.668
1701144000000,37348.832
1701158400000,37311.5352
1701172800000,37294.3008
1701187200000,37315.168
1701201600000,37322.5664
1701216000000,37355.1992
1701230400000,37402.2656
1701244800000,37445.7344
1701259200000,37479.332
1701273600000,37517.9648
1701288000000,37572.7656
1701302400000,37659.3984
1701316800000,37720.2656
1701331200000,37762.6328
1701345600000,37794.6328
1701360000000,37838.332
1701374400000,37869.668
1701388800000,37904.8008
1701403200000,37912.7656
1701417600000,37966.168
1701432000000,37998.5664
1701446400000,38044.0664
1701460800000,38083.7344
1701475200000,38148.7656
1701489600000,38205.3984
1701504000000,38265.8008
1701518400000,38317.6992
1701532800000,38429
1701547200000,38535
1701561600000,38654.9336
1701576000000,38771.4648
1701590400000,38890.4336
1701604800000,39007.2344
1701619200000,39097.0664
1701633600000,39190.9648
1701648000000,39345.3008
1701662400000,39525.168
1701676800000,39720.0352
1701691200000,39885.832
1701705600000,40106
1701720000000,40322.168
1701734400000,40523.7656
1701748800000,40663.6016
1701763200000,40815.5352
1701777600000,41006.168
1701792000000,41294.3008
1701806400000,41600.332
1701820800000,41864.8984
1701835200000,42137.9648
1701849600000,42393.8984
1701864000000,42597.6328
1701878400000,42765.6328
1701892800000,42909.0352
1701907200000,43085.9648
1701921600000,43211.6992
1701936000000,43291.8984
1701950400000,43414.6992
1701964800000,43527
1701979200000,43630.8984
1701993600000,43706.6016
1702008000000,43664.2344
1702022400000,43638.1328
1702036800000,43639.1992
1702051200000,43658.1992
1702065600000,43680.332
1702080000000,43705.0664
1702094400000,43719.9648
1702108800000,43725.2656
1702123200000,43734.9648
1702137600000,43739.2344
1702152000000,43775.668
1702166400000,43787.7656
1702180800000,43838.332
1702195200000,43869.8008
1702209600000,43906.0664
1702224000000,43948.3984
1702238400000,43957.1328
1702252800000,43861.8672
1702267200000,43739.6992
1702281600000,43618.168
1702296000000,43461.1328
1702310400000,43230.0352
1702324800000,43055.6992
1702339200000,42900.168
1702353600000,42763.2656
1702368000000,42619.7344
1702382400000,42453.1016
1702396800000,42262.332
1702411200000,42109.5664
1702425600000,41902.9648
1702440000000,41721.2656
1702454400000,41532.3672
1702468800000,41505.0352
1702483200000,41545.0664
1702497600000,41579.668
1702512000000,41641.5
1702526400000,41785.8672
1702540800000,41922.5352
1702555200000,41970.1992
1702569600000,42050.7656
1702584000000,42147.3672
1702598400000,42243.5
1702612800000,42350.3672
1702627200000,42437.4648
1702641600000,42508.4648
1702656000000,42576.168
1702670400000,42640.2656
1702684800000,42667.9336
1702699200000,42633.5352
1702713600000,42596.3008
1702728000000,42587.168
1702742400000,42549.2656
1702756800000,42481.5
1702771200000,42444.3672
1702785600000,42361.9336
1702800000000,42289.0352
1702814400000,42220.7656
1702828800000,42177.2656
1702843200000,42080.3984
1702857600000,42023.668
1702872000000,41957.1016
1702886400000,41899.4648
1702900800000,41826.2344
1702915200000,41791.9648
1702929600000,41815.0664
1702944000000,41848.3672
1702958400000,41894.8984
1702972800000,41943.4648
1702987200000,41982.5664
1703001600000,42013.0352
1703016000000,42035.3984
1703030400000,42078.5
1703044800000,42134.9336
1703059200000,42237.3008
1703073600000,42437.5352
1703088000000,42613.8672
1703102400000,42786.832
1703116800000,42948.6992
1703131200000,43087.4648
1703145600000,43174.0664
1703160000000,43223.2344
1703174400000,43261.2656
1703188800000,43321.2344
1703203200000,43424.6016
1703217600000,43510.6992
1703232000000,43611.1328
1703246400000,43694.5664
1703260800000,43745.1992
1703275200000,43822.3672
1703289600000,43790.1992
1703304000000,43779.3984
1703318400000,43772.332
1703332800000,43779.5664
1703347200000,43775.5664
1703361600000,43759.3008
1703376000000,43761.4336
1703390400000,43765.5
1703404800000,43751.0352
1703419200000,43729.4336
1703433600000,43731.6328
1703448000000,43680.9648
1703462400000,43647.2656
1703476800000,43617.2344
1703491200000,43561.6992
1703505600000,43567.5352
1703520000000,43560.6016
1703534400000,43562.3672
1703548800000,43542
1703563200000,43479.2656
1703577600000,43410.6328
1703592000000,43313.332
1703606400000,43209.5664
1703620800000,43133.7344
1703635200000,43035.9336
1703649600000,42957.6016
1703664000000,42960
1703678400000,42948.5352
1703692800000,42944.7656
1703707200000,42961.8672
1703721600000,42948.4336
1703736000000,42921.168
1703750400000,42888.5
1703764800000,42821.7656
1703779200000,42812.1328
1703793600000,42806.3672
1703808000000,42828.1016
1703822400000,42841.7656
1703836800000,42867.3984
1703851200000,42871.4336
1703865600000,42848
1703880000000,42782.4336
1703894400000,42715.5352
1703908800000,42635.1016
1703923200000,42531.1328
1703937600000,42459.6016
1703952000000,42412.8008
1703966400000,42349.3984
1703980800000,42330.6016
1703995200000,42323.9336
1704009600000,42318.6992
1704024000000,42300.7344
1704038400000,42320
1704052800000,42277.6992
1704067200000,42280.5
1704081600000,42307.1328
1704096000000,42349.3672
1704110400000,42403.168
1704124800000,42509.4336
1704139200000,42665.3984
1704153600000,42870
1704168000000,43082.5352
1704182400000,43305.6328
1704196800000,43508.8672
1704211200000,43678.1328
1704225600000,43843
1704240000000,44033.1992
1704254400000,44195
1704268800000,44290.8984
1704283200000,44333.1328
1704297600000,44337
1704312000000,44345.6992
1704326400000,44365.8672
1704340800000,44312.332
1704355200000,44243.4336
1704369600000,44150.7656
1704384000000,44044.0664
1704398400000,43952.1016
1704412800000,43834.1016
1704427200000,43747.4648
1704441600000,43665.1016
1704456000000,43544
1704470400000,43447.3008
1704484800000,43475.2344
1704499200000,43538.2344
1704513600000,43609.3008
1704528000000,43663.2344
1704542400000,43712.6328
1704556800000,43787.5
1704571200000,43837.6016
1704585600000,43827.832
1704600000000,43835.1016
1704614400000,43829.7344
1704628800000,43867
1704643200000,43897.0664
1704657600000,43906.7344
1704672000000,43906.3984
1704686400000,43929.7656
1704700800000,43961.5352
1704715200000,44030.1016
1704729600000,44252.6328
1704744000000,44473.168
1704758400000,44677.5
1704772800000,44873.0352
1704787200000,45050.1328
1704801600000,45245.168
1704816000000,45431.4648
1704830400000,45568.3984
1704844800000,45706.8672
1704859200000,45808.2656
1704873600000,45915.1328
1704888000000,46052.1992
1704902400000,46222.1328
1704916800000,46358.3008
1704931200000,46460.668
1704945600000,46401
1704960000000,46408.0664
1704974400000,46399.0664
1704988800000,46389.7344
1705003200000,46371.5
1705017600000,46313.7344
1705032000000,46256.168
1705046400000,46245.3984
1705060800000,46135.0664
1705075200000,45979.5
1705089600000,45794.3008
1705104000000,45595.6992
1705118400000,45367.668
1705132800000,45096.332
1705147200000,44871
1705161600000,44646.668
1705176000000,44363.4648
1705190400000,44088.3984
1705204800000,43841.1328
1705219200000,43604.5
1705233600000,43396.832
1705248000000,43170.9336
1705262400000,42885.3984
1705276800000,42755.0664
1705291200000,42704.3672
1705305600000,42698.7344
1705320000000,42675.8984
1705334400000,42666.3008
1705348800000,42657.4648
1705363200000,42639.6016
1705377600000,42637.8984
1705392000000,42638.2656
1705406400000,42674
1705420800000,42683.4648
1705435200000,42703.4336
1705449600000,42698.4648
1705464000000,42697.3008
1705478400000,42760.8672
1705492800000,42755.3008
1705507200000,42748.1016
1705521600000,42751.6328
1705536000000,42769.832
1705550400000,42764.0664
1705564800000,42764.7656
1705579200000,42744.6992
1705593600000,42627.1992
1705608000000,42522.5664
1705622400000,42375.2344
1705636800000,42248.4648
1705651200000,42136.7656
1705665600000,42007.3008
1705680000000,41951.1328
1705694400000,41883.3984
1705708800000,41827.8008
1705723200000,41764.1992
1705737600000,41685.8984
1705752000000,41620.1328
1705766400000,41535.832
1705780800000,41479.8008
1705795200000,41418.7656
1705809600000,41461.9336
1705824000000,41490.6328
1705838400000,41534.6016
1705852800000,41567.8672
1705867200000,41578.1992
1705881600000,41600.1992
1705896000000,41550.668
1705910400000,41495.7344
1705924800000,41439.3008
1705939200000,41316.8008
1705953600000,41181.332
1705968000000,41076.5352
1705982400000,40953.6016
1705996800000,40764.0352
1706011200000,40598.6016
1706025600000,40430.8984
1706040000000,40309.1016
1706054400000,40170.3984
1706068800000,40051
1706083200000,39957.7344
1706097600000,39879.6992
1706112000000,39796.0352
1706126400000,39747.5352
1706140800000,39696.5352
1706155200000,39717.832
1706169600000,39760.1016
1706184000000,39746.9648
1706198400000,39759.5352
1706212800000,39834.2344
1706227200000,39891.332
1706241600000,39947.832
1706256000000,40039.8672
1706270400000,40159.332
1706284800000,40299.668
1706299200000,40406.9336
1706313600000,40524.8008
1706328000000,40652.3008
1706342400000,40763.8008
1706356800000,40884
1706371200000,41003.3672
1706385600000,41133.3984
1706400000000,41295.832
1706414400000,41457.7344
1706428800000,41626.668
1706443200000,41773.9336
1706457600000,41895.8672
1706472000000,41946.8672
1706486400000,42009.668
1706500800000,42009
1706515200000,42038.3984
1706529600000,42094.1016
1706544000000,42180.2656
1706558400000,42283.832
1706572800000,42397.7656
1706587200000,42494.5664
1706601600000,42588.4336
1706616000000,42665.0352
1706630400000,42742.1016
1706644800000,42773.2344
1706659200000,42817.6016
1706673600000,42901.332
1706688000000,42941.3984
1706702400000,43011.3008
1706716800000,43097.3008
1706731200000,43117.8984
1706745600000,43072.6328
1706760000000,43016.2656
1706774400000,42932
1706788800000,42863.0664
1706803200000,42853.4336
1706817600000,42823.3008
1706832000000,42800.0664
1706846400000,42769.8984
1706860800000,42782.3008
1706875200000,42802.6016
1706889600000,42801.8008
1706904000000,42838.1992
1706918400000,42823.8672
1706932800000,42804.2656
1706947200000,42831.8008
1706961600000,42907.7344
1706976000000,42967.3984
1706990400000,43031.4648
1707004800000,43066.1992
1707019200000,43040.1328
1707033600000,43038.7344
1707048000000,43031.832
1707062400000,43000.1016
1707076800000,42962.2344
1707091200000,42926.1328
1707105600000,42926.5664
1707120000000,42927.168
1707134400000,42889.9648
1707148800000,42869
1707163200000,42848.5
1707177600000,42829.2656
1707192000000,42815.9648
1707206400000,42802.4648
1707220800000,42816.7344
1707235200000,42846.5
1707249600000,42848.5
1707264000000,42838.9336
1707278400000,42856.2344
1707292800000,42879.2344
1707307200000,42902.7656
1707321600000,42940.5352
1707336000000,43017.7656
1707350400000,43146.0664
1707364800000,43264.2656
1707379200000,43399.668
1707393600000,43573.832
1707408000000,43737.168
1707422400000,43903.4648
1707436800000,44091.5664
1707451200000,44287.2656
1707465600000,44560.2656
1707480000000,44853.6016
1707494400000,45165.1016
1707508800000,45448.8008
1707523200000,45740.6992
1707537600000,45979.3672
1707552000000,46170.668
1707566400000,46360.7344
1707580800000,46564.7344
1707595200000,46769.832
1707609600000,46979.3984
1707624000000,47175.6328
1707638400000,47387
1707652800000,47530.332
1707667200000,47671
1707681600000,47749.3008
1707696000000,47817.1328
1707710400000,47864.4336
1707724800000,47914.2344
1707739200000,48083.6328
1707753600000,48241.3672
1707768000000,48424.3984
1707782400000,48588.168
1707796800000,48754.0352
1707811200000,48905.1016
1707825600000,48917.6992
1707840000000,48973.5
1707854400000,49059.4648
1707868800000,49152.4336
1707883200000,49258.9648
1707897600000,49476.5
1707912000000,49707.4648
1707926400000,49939.3008
1707940800000,50203.2656
1707955200000,50368.5664
1707969600000,50521.8008
1707984000000,50686.1992
1707998400000,50831.0352
1708012800000,50967.4336
1708027200000,51097.1016
1708041600000,51337.8672
1708056000000,51521.2344
1708070400000,51689.832
1708084800000,51847.9648
1708099200000,51973.5352
1708113600000,52011.3008
1708128000000,52035.7344
1708142400000,52050.332
1708156800000,52042.1016
1708171200000,51949
1708185600000,51921.832
1708200000000,51874.5664
1708214400000,51842.4648
1708228800000,51817.1016
1708243200000,51811.332
1708257600000,51774.5664
1708272000000,51772.7656
1708286400000,51766.3008
1708300800000,51773.4336
1708315200000,51816.668
1708329600000,51830.3672
1708344000000,51838.8672
1708358400000,51829.168
1708372800000,51829.668
1708387200000,51866.832
1708401600000,51894.6992
1708416000000,51935.7344
1708430400000,51948.6328
1708444800000,51978.0352
1708459200000,52007.8672
1708473600000,52023.8672
1708488000000,52011.0352
1708502400000,51931.6328
1708516800000,51872.6992
1708531200000,51783.9336
1708545600000,51753.2656
1708560000000,51719.5664
1708574400000,51723.7656
1708588800000,51717.168
1708603200000,51719.7656
1708617600000,51698.6328
1708632000000,51631.0664
1708646400000,51592.3672
1708660800000,51513.2656
1708675200000,51441.4648
1708689600000,51368.1328
1708704000000,51336.1328
1708718400000,51320.7656
1708732800000,51300.832
1708747200000,51301.3008
1708761600000,51251.4648
1708776000000,51219.3008
1708790400000,51203.3672
1708804800000,51201.1016
1708819200000,51205.3984
1708833600000,51221.5664
1708848000000,51247.6328
1708862400000,51275.3984
1708876800000,51325.5664
1708891200000,51360.3984
1708905600000,51402.3672
1708920000000,51415.6328
1708934400000,51439.1328
1708948800000,51574.6992
1708963200000,51806.7344
1708977600000,52032.0664
1708992000000,52343.8672
1709006400000,52644.8008
1709020800000,52979.0664
1709035200000,53321
1709049600000,53697.3008
1709064000000,54058.1016
1709078400000,54422.1992
1709092800000,54866.168
1709107200000,55350.8008
1709121600000,55983.2344
1709136000000,56631.8984
1709150400000,57394.8672
1709164800000,57978.4336
1709179200000,58524
1709193600000,59090.3984
1709208000000,59558.2656
1709222400000,59931.1992
1709236800000,60241.1016
1709251200000,60534.6992
1709265600000,60808.3672
1709280000000,61133.0352
1709294400000,61423.5352
1709308800000,61686.6328
1709323200000,61915.3008
1709337600000,62006.168
1709352000000,62078.332
1709366400000,62040.832
1709380800000,62056.6992
1709395200000,62021.168
1709409600000,61959
1709424000000,61905.3008
1709438400000,61903.1016
1709452800000,61948.0352
1709467200000,62017.3672
1709481600000,62104.1328
1709496000000,62186.1016
1709510400000,62333.4336
1709524800000,62457.668
1709539200000,62651.6016
1709553600000,62929.9336
1709568000000,63290.9336
1709582400000,63718.8008
1709596800000,64146.3984
1709611200000,64417.2344
1709625600000,64729.3008
1709640000000,65050.8008
1709654400000,65041.7656
1709668800000,65168.6328
1709683200000,65245.0352
1709697600000,65509.5664
1709712000000,65791.7344
1709726400000,65990.9688
1709740800000,66171.0312
1709755200000,66222.7656
1709769600000,66178.8984
1709784000000,66108.8359
1709798400000,66017.1016
1709812800000,65955.1641
1709827200000,66043.8984
1709841600000,66056.9297
1709856000000,66084.4688
1709870400000,66475.6016
1709884800000,66745.2344
1709899200000,67036.5
1709913600000,67187
1709928000000,67245.0312
1709942400000,67370.5703
1709956800000,67477.2031
1709971200000,67633.5703
1709985600000,67803.0312
1710000000000,67931.1016
1710014400000,68029.1328
1710028800000,68160.1328
1710043200000,68287.2344
1710057600000,68474
1710072000000,68613.4688
1710086400000,68756.7969
1710100800000,68838.2969
1710115200000,68900.2969
1710129600000,69041.4688
1710144000000,69262.9688
1710158400000,69505.8359
1710172800000,69747.1328
1710187200000,69993.2031
1710201600000,70208.9688
1710216000000,70462.9688
1710230400000,70706.6016
1710244800000,70869.2969
1710259200000,70995.1328
1710273600000,71110.7031
1710288000000,71296.8984
1710302400000,71525.7031
1710316800000,71798.6016
1710331200000,72069.5703
1710345600000,72225.5703
1710360000000,72326.9297
1710374400000,72413.7344
1710388800000,72496.0312
1710403200000,72550.6328
1710417600000,72497.3984
1710432000000,72315.7031
1710446400000,72269.1641
1710460800000,72032.1016
1710475200000,71835.2031
1710489600000,71585.0703
1710504000000,71320.5312
1710518400000,71054.7344
1710532800000,70811.7031
1710547200000,70577.8359
1710561600000,70307.9688
1710576000000,69982.2656
1710590400000,69651.9688
1710604800000,69225.8984
1710619200000,68712.6641
1710633600000,68423.6328
1710648000000,68167.0312
1710662400000,67867.6641
1710676800000,67850.3984
1710691200000,67855.8672
1710705600000,67897.5312
1710720000000,67883.2656
1710734400000,67830.3672
1710748800000,67743.4688
1710763200000,67627
1710777600000,67459
1710792000000,67415.5312
1710806400000,67248.0312
1710820800000,67098.3984
1710835200000,66949.6016
1710849600000,66780.2344
1710864000000,66698.1641
1710878400000,66362.3984
1710892800000,65954.9297
1710907200000,65582.3672
1710921600000,65248.6328
1710936000000,64959.0664
1710950400000,64799.668
1710964800000,64775.0352
1710979200000,64718.8008
1710993600000,64722.832
1711008000000,64686.1016
1711022400000,64731.5352
1711036800000,64770.1328
1711051200000,64932.8008
1711065600000,65064.7344
1711080000000,65185.4336
1711094400000,65341.2344
1711108800000,65478.2344
1711123200000,65541.5703
1711137600000,65571.6641
1711152000000,65570.8672
1711166400000,65491.9336
1711180800000,65278.8984
1711195200000,65178.3008
1711209600000,65038.668
1711224000000,64834.5664
1711238400000,64662.5
1711252800000,64621
1711267200000,64612.8984
1711281600000,64591.9336
1711296000000,64570.0352
1711310400000,64770.832
1711324800000,65005.5
1711339200000,65204.8008
1711353600000,65408.0352
1711368000000,65825.8672
1711382400000,66255.1328
1711396800000,66605.2656
1711411200000,66961.2344
1711425600000,67339.4688
1711440000000,67789.4297
1711454400000,68209.7969
1711468800000,68534.2031
1711483200000,68845.0703
1711497600000,69160.6641
1711512000000,69420.7031
1711526400000,69623.8359
1711540800000,69721.6641
1711555200000,69839.3672
1711569600000,70015.4297
1711584000000,69977.6016
1711598400000,69934.5703
1711612800000,69985.3359
1711627200000,70041.1641
1711641600000,70059.4688
1711656000000,70067.1641
1711670400000,70080
1711684800000,70104.8984
1711699200000,70116.2969
1711713600000,70036.5
1711728000000,70035.3672
1711742400000,70009.6641
1711756800000,70076
1711771200000,70161.6641
1711785600000,70212.7969
1711800000000,70265.7344
1711814400000,70235.7031
1711828800000,70167.6016
1711843200000,70077.6641
1711857600000,70046.7656
1711872000000,70019.4297
1711886400000,70016.2344
1711900800000,70100.7969
1711915200000,70178.7344
1711929600000,70273.5703
1711944000000,70266.2969
1711958400000,70240.6328
1711972800000,70132.6328
1711987200000,70117.8672
1712001600000,70081.2656
1712016000000,69856
1712030400000,69623.2344
1712044800000,69353.5
1712059200000,69013.8984
1712073600000,68715.8672
1712088000000,68382.4688
1712102400000,68101.1016
1712116800000,67769.0703
1712131200000,67415.6016
1712145600000,67093.9688
1712160000000,66836.6016
1712174400000,66596.2656
1712188800000,66420.2031
1712203200000,66174.8672
1712217600000,65948.1016
1712232000000,66007.6328
1712246400000,66140.9297
1712260800000,66330.8672
1712275200000,66528.4297
1712289600000,66594.0703
1712304000000,66662.1328
1712318400000,66793.3984
1712332800000,66872.6016
1712347200000,66987.6641
1712361600000,67117.1328
1712376000000,67263.9688
1712390400000,67378.8984
1712404800000,67543.6328
1712419200000,67690.7969
1712433600000,67861.2969
1712448000000,67980.1016
1712462400000,68039.5
1712476800000,68099.8359
1712491200000,68215.1016
1712505600000,68359.1016
1712520000000,68551.6641
1712534400000,68634.5703
1712548800000,68859.8672
1712563200000,69167.9297
1712577600000,69436.6016
1712592000000,69688.8672
1712606400000,69956.2344
1712620800000,70171.7969
1712635200000,70314.8359
1712649600000,70441.7656
1712664000000,70433.3359
1712678400000,70407.8359
1712692800000,70389.8672
1712707200000,70363.9297
1712721600000,70383.0703
1712736000000,70365.1328
1712750400000,70310.3359
1712764800000,70264.2969
1712779200000,70143.1641
1712793600000,70079.0312
1712808000000,70009.2344
1712822400000,69896.7344
1712836800000,69806.8672
1712851200000,69810.7031
1712865600000,69756.2969
1712880000000,69870.7031
1712894400000,69990.2344
1712908800000,70108.3672
1712923200000,70115.8359
1712937600000,69947.0703
1712952000000,69815.6016
1712966400000,69716.2656
1712980800000,69542.3672
1712995200000,69323.2969
1713009600000,69112
1713024000000,68714.2344
1713038400000,68312.7656
1713052800000,67877.9688
1713067200000,67479.6328
1713081600000,67093.6641
1713096000000,66639.2031
1713110400000,66196.6016
1713124800000,65851
1713139200000,65576.5
1713153600000,65541.5703
1713168000000,65459.168
1713182400000,65288.5352
1713196800000,65011.9648
1713211200000,64751.4336
1713225600000,64439.168
1713240000000,64355.7344
1713254400000,64296.2656
1713268800000,64183.7656
1713283200000,64067.5664
1713297600000,64040.9648
1713312000000,64019.1328
1713326400000,63961.168
1713340800000,63752.1016
1713355200000,63424.6992
1713369600000,63070.5664
1713384000000,62761.6992
1713398400000,62587.0664
1713412800000,62445.0664
1713427200000,62388.5352
1713441600000,62422.1016
1713456000000,62419.3008
1713470400000,62445.8008
1713484800000,62445.832
1713499200000,62567.0352
1713513600000,62638.9336
1713528000000,62678.7656
1713542400000,62746.3672
1713556800000,62828.8008
1713571200000,63073.668
1713585600000,63271.9648
1713600000000,63434.7344
1713614400000,63624.8984
1713628800000,63872.0352
1713643200000,64028.7656
1713657600000,64141.1992
1713672000000,64250.9648
1713686400000,64367.832
1713700800000,64584.5
1713715200000,64582.8008
1713729600000,64586.9648
1713744000000,64670.8008
1713758400000,64783.6328
1713772800000,64922.7656
1713787200000,65059.3984
1713801600000,65229.8984
1713816000000,65438.2344
1713830400000,65545.3984
1713844800000,65628.0312
1713859200000,65701.3984
1713873600000,65782.7656
1713888000000,65871.0312
1713902400000,65949.7031
1713916800000,66055.8672
1713931200000,66194.6016
1713945600000,66302.9297
1713960000000,66226.8984
1713974400000,66088.2344
1713988800000,65977.8359
1714003200000,65860.9688
1714017600000,65691.6641
1714032000000,65491.5664
1714046400000,65336.6992
1714060800000,65243
1714075200000,65137.0352
1714089600000,65000.6016
1714104000000,64853.1328
1714118400000,64707.3672
1714132800000,64495.6328
1714147200000,64301.4648
1714161600000,64111.6328
1714176000000,64010.832
1714190400000,63945.3672
1714204800000,63850.6016
1714219200000,63761.8672
1714233600000,63716.5
1714248000000,63687.8008
1714262400000,63680.7344
1714276800000,63624.832
1714291200000,63557.8008
1714305600000,63500.0664
1714320000000,63464.5664
1714334400000,63387.3008
1714348800000,63306.9648
1714363200000,63219.5
1714377600000,63120.5
1714392000000,63118.8984
1714406400000,63120.2344
1714420800000,63186.0664
1714435200000,63231.6016
1714449600000,63219.6016
1714464000000,63072.5664
1714478400000,62854.8984
1714492800000,62544.3672
1714507200000,62357.2656
1714521600000,62135.0352
1714536000000,61715.4336
1714550400000,61367.1016
1714564800000,61005.1016
1714579200000,60637.168
1714593600000,60370.7344
1714608000000,59993.0352
1714622400000,59636.6992
1714636800000,59284.668
1714651200000,58994.5352
1714665600000,58743.168
1714680000000,58599.5664
1714694400000,58531
1714708800000,58528.0664
1714723200000,58437.2656
1714737600000,58538.9336
1714752000000,58849.9648
1714766400000,59186.4336
1714780800000,59578.832
1714795200000,59985.9336
1714809600000,60362.0352
1714824000000,60778.8008
1714838400000,61199.3008
1714852800000,61556.332
1714867200000,61822
1714881600000,62115.4648
1714896000000,62437.4336
1714910400000,62752.6016
1714924800000,63065.6992
1714939200000,63380.8672
1714953600000,63524.668
1714968000000,63688.168
1714982400000,63776.9336
1714996800000,63839.332
1715011200000,63853.8008
1715025600000,63804.1328
1715040000000,63776.168
1715054400000,63759.3008
1715068800000,63731.1992
1715083200000,63763.0664
1715097600000,63715.832
1715112000000,63611.8984
1715126400000,63508.0352
1715140800000,63396.2656
1715155200000,63276.6016
1715169600000,63170.0352
1715184000000,63011.1328
1715198400000,62805.6328
1715212800000,62672.0352
1715227200000,62539.8984
1715241600000,62399.1328
1715256000000,62329.2656
1715270400000,62248
1715284800000,62220.5664
1715299200000,62165.3984
1715313600000,62166.7344
1715328000000,62231.1016
1715342400000,62099.0664
1715356800000,61996.832
1715371200000,61900.3984
1715385600000,61796.8672
1715400000000,61719.168
1715414400000,61687.0664
1715428800000,61654.9648
1715443200000,61648.4336
1715457600000,61633.1328
1715472000000,61549.3008
1715486400000,61438.1016
1715500800000,61308.5664
1715515200000,61208.8984
1715529600000,61096.832
1715544000000,60974.3008
1715558400000,60989.0352
1715572800000,61099.1328
1715587200000,61228.5352
1715601600000,61380.9336
1715616000000,61525.1016
1715630400000,61675.4648
1715644800000,61761.5664
1715659200000,61819.1992
1715673600000,61883.2656
1715688000000,61939.3008
1715702400000,61991.168
1715716800000,62019.4648
1715731200000,62054.8984
1715745600000,62107.4648
1715760000000,62174.6992
1715774400000,62414.0664
1715788800000,62662.5352
1715803200000,62896.6992
1715817600000,63097.668
1715832000000,63297.668
1715846400000,63539.0352
1715860800000,63765.6016
1715875200000,63977.8008
1715889600000,64209.3008
1715904000000,64465.7344
1715918400000,64789.4336
1715932800000,65102.832
1715947200000,65455.168
1715961600000,65780.8359
1715976000000,66086.2344
1715990400000,66235.6641
1716004800000,66291.5
1716019200000,66356.6641
1716033600000,66410.8359
1716048000000,66461.2344
1716062400000,66485.7656
1716076800000,66572.7656
1716091200000,66717.2344
1716105600000,66857.2656
1716120000000,66945.2344
1716134400000,66918.9297
1716148800000,66920.3984
1716163200000,66883.8672
1716177600000,66867.7969
1716192000000,66866.1641
1716206400000,66897.5703
1716220800000,67111.2031
1716235200000,67396.2344
1716249600000,67695.5
1716264000000,67962.3359
1716278400000,68246.5312
1716292800000,68429.6641
1716307200000,68560.3984
1716321600000,68751.2031
1716336000000,68957.8984
1716350400000,69206.9297
1716364800000,69441.3672
1716379200000,69696.8359
1716393600000,69887.3984
1716408000000,70033.7344
1716422400000,70169.9688
1716436800000,70147.9297
1716451200000,70050.6328
1716465600000,69836.0312
1716480000000,69587.6016
1716494400000,69376.5
1716508800000,69243.2344
1716523200000,69101.8984
1716537600000,68913.3984
1716552000000,68802.5703
1716566400000,68762.0703
1716580800000,68683.1328
1716595200000,68570.4297
1716609600000,68510.6328
1716624000000,68506.9688
1716638400000,68474.6641
1716652800000,68438.8984
1716667200000,68393.3359
1716681600000,68462.9297
1716696000000,68608.6016
1716710400000,68685.8672
1716724800000,68751.2031
1716739200000,68866.6328
1716753600000,68943.1016
1716768000000,68981.0703
1716782400000,68949.4297
1716796800000,68940.0703
1716811200000,69046.7031
1716825600000,69080.2031
1716840000000,69100.5312
1716854400000,69039.2344
1716868800000,68937.2656
1716883200000,68873.6016
1716897600000,68823
1716912000000,68760.2031
1716926400000,68709.2031
1716940800000,68706.5
1716955200000,68640.2969
1716969600000,68589.4297
1716984000000,68488.3672
1716998400000,68394.2031
1717012800000,68338.4297
1717027200000,68186.2656
1717041600000,68073.6328
1717056000000,67963.6016
1717070400000,67996.2656
1717084800000,68064.2344
1717099200000,68064.5703
1717113600000,68075.2969
1717128000000,68058.4297
1717142400000,68054.9688
1717156800000,67945.7344
1717171200000,67926.7031
1717185600000,67910.7031
1717200000000,67931.6328
1717214400000,67955.1328
1717228800000,67958.8672
1717243200000,67930
1717257600000,67941.1641
1717272000000,67938.8984
1717286400000,67887.0312
1717300800000,67820.1328
1717315200000,67812.1016
1717329600000,67787.5312
1717344000000,67759.1328
1717358400000,67720.7969
1717372800000,67803.1328
1717387200000,67889.8984
1717401600000,67998.4297
1717416000000,68129.1016
1717430400000,68238.9688
1717444800000,68317.6641
1717459200000,68419.2969
1717473600000,68505
1717488000000,68586.1328
1717502400000,68767.7969
1717516800000,68954.3984
1717531200000,69109.9297
1717545600000,69300.3359
1717560000000,69534.3672
1717574400000,69750.7656
1717588800000,69964.7031
1717603200000,70126.1328
1717617600000,70260.3984
1717632000000,70357.1641
1717646400000,70479.2344
1717660800000,70638.3672
1717675200000,70781.3984
1717689600000,70879.2969
1717704000000,71002.4688
1717718400000,71038.5
1717732800000,71080.8672
1717747200000,71157.2344
1717761600000,71165.1328
1717776000000,71032.2031
1717790400000,70921.6328
1717804800000,70775
1717819200000,70658.1641
1717833600000,70542.9688
1717848000000,70431.9688
1717862400000,70325.7344
1717876800000,70199.8984
1717891200000,70062.7969
1717905600000,69985.5312
1717920000000,69892.3672
1717934400000,69792.5
1717948800000,69700.2031
1717963200000,69563.4297
1717977600000,69464.3672
1717992000000,69470
1718006400000,69481.2031
1718020800000,69524.2344
1718035200000,69519.0703
1718049600000,69526.7031
1718064000000,69459.9688
1718078400000,69331.1641
1718092800000,69166.2031
1718107200000,68963.0312
1718121600000,68833.9688
1718136000000,68695.5
1718150400000,68554.7031
1718164800000,68403.2344
1718179200000,68276.2344
1718193600000,68283.1328
1718208000000,68164.1016
1718222400000,68079.9688
1718236800000,67906.4297
1718251200000,67787.7031
1718265600000,67668.3984
1718280000000,67537.4297
1718294400000,67472.9688
1718308800000,67466.4688
1718323200000,67499.2344
1718337600000,67465.6328
1718352000000,67443.5312
1718366400000,67373.8984
1718380800000,67243.0703
1718395200000,67124.6641
1718409600000,66889.6641
1718424000000,66786.2969
1718438400000,66654.1328
1718452800000,66573.6328
1718467200000,66465.4297
1718481600000,66360.2969
1718496000000,66333.4297
1718510400000,66307.3359
1718524800000,66284.5312
1718539200000,66278.3984
1718553600000,66250.1328
1718568000000,66223.3984
1718582400000,66208.1641
1718596800000,66247.6016
1718611200000,66231.2344
1718625600000,66171.6641
1718640000000,66213.2344
1718654400000,66227.1328
1718668800000,66174.5703
1718683200000,66143.8672
1718697600000,66089.3672
1718712000000,65994.7969
1718726400000,65874
1718740800000,65786.1328
1718755200000,65700.7969
1718769600000,65621.6328
1718784000000,65525.5664
1718798400000,65441.8984
1718812800000,65359.1328
1718827200000,65305.5664
1718841600000,65295.7656
1718856000000,65242.6992
1718870400000,65223
1718884800000,65178.668
1718899200000,65137.3008
1718913600000,65104.8672
1718928000000,65092.0664
1718942400000,65073.7656
1718956800000,64981.1992
1718971200000,64871.332
1718985600000,64800.668
1719000000000,64730.8008
1719014400000,64691
1719028800000,64666.4336
1719043200000,64619.9336
1719057600000,64560.6328
1719072000000,64457.168
1719086400000,64328.6992
1719100800000,64303.0352
1719115200000,64260.5664
1719129600000,64225.1992
1719144000000,64199.3008
1719158400000,64199.4336
1719172800000,64161.1992
1719187200000,64100.5
1719201600000,63978.5
1719216000000,63787.7344
1719230400000,63555.1016
1719244800000,63208.832
1719259200000,62940.832
1719273600000,62738.8672
1719288000000,62495.1992
1719302400000,62288.6992
1719316800000,62111.1328
1719331200000,61947.8672
1719345600000,61777.4648
1719360000000,61631.5
1719374400000,61469.8008
1719388800000,61355.5352
1719403200000,61266.0664
1719417600000,61168.8984
1719432000000,61139.1992
1719446400000,61150.832
1719460800000,61247.832
1719475200000,61308.5664
1719489600000,61325.5664
1719504000000,61377.5664
1719518400000,61409.7344
1719532800000,61410.9336
1719547200000,61366.9336
1719561600000,61357.332
1719576000000,61296.9648
1719590400000,61184.5352
1719604800000,61110.332
1719619200000,61056.832
1719633600000,61059.4648
1719648000000,61073.7344
1719662400000,61076.6992
1719676800000,61091.6992
1719691200000,61075.6016
1719705600000,61029.832
1719720000000,61032.1016
1719734400000,61020.5664
1719748800000,61011.5352
1719763200000,61058.1992
1719777600000,61130.1328
1719792000000,61289.1992
1719806400000,61503.3672
1719820800000,61656.5
1719835200000,61817.8008
1719849600000,61965
1719864000000,62086.332
1719878400000,62221.8984
1719892800000,62328.2344
1719907200000,62452.2656
1719921600000,62521.7344
1719936000000,62550.0664
1719950400000,62588.8672
1719964800000,62537.6992
1719979200000,62458.9648
1719993600000,62301.1328
1720008000000,62083.0664
1720022400000,61842.2656
1720036800000,61676.3984
1720051200000,61407.2344
1720065600000,61072.9648
1720080000000,60730.1992
1720094400000,60396.9648
1720108800000,60107.332
1720123200000,59723.832
1720137600000,59276.9336
1720152000000,58778.1328
1720166400000,58339.2344
1720180800000,58057.3008
1720195200000,57766.5
1720209600000,57517.832
1720224000000,57272.2656
1720238400000,57072.5664
1720252800000,56845.8672
1720267200000,56730.0664
1720281600000,56707.8672
1720296000000,56741.1992
1720310400000,56733.6016
1720324800000,56675.5664
1720339200000,56705.4648
1720353600000,56815.4648
1720368000000,56998.4336
1720382400000,57024.5664
1720396800000,56924.4336
1720411200000,56885.1016
1720425600000,56921
1720440000000,56875.0664
1720454400000,56865.668
1720468800000,56864.4648
1720483200000,56854.6992
1720497600000,56804.5352
1720512000000,56752.4336
1720526400000,56720.1016
1720540800000,56753.3672
1720555200000,56790.4648
1720569600000,56881.5
1720584000000,57004.8984
1720598400000,57179.3984
1720612800000,57347.668
1720627200000,57448.8672
1720641600000,57486.9336
1720656000000,57607.6016
1720670400000,57722.1992
1720684800000,57858.832
1720699200000,57873.332
1720713600000,57891.8008
1720728000000,57884.4336
1720742400000,57846.6328
1720756800000,57795.9648
1720771200000,57741.5352
1720785600000,57741.8984
1720800000000,57648.4648
1720814400000,57608.9336
1720828800000,57618.0664
1720843200000,57670.8008
1720857600000,57726.0664
1720872000000,57812.6328
1720886400000,57841.2656
1720900800000,57872.8008
1720915200000,58014.1016
1720929600000,58194.5352
1720944000000,58381.832
1720958400000,58595
1720972800000,58783.1328
1720987200000,59021.1016
1721001600000,59319.3984
1721016000000,59671.7656
1721030400000,59977.4648
1721044800000,60326.3672
1721059200000,60674.668
1721073600000,61088.4648
1721088000000,61483.668
1721102400000,61771.6016
1721116800000,62074.4336
1721131200000,62434.332
1721145600000,62775.3672
1721160000000,63103.8672
1721174400000,63479.1992
1721188800000,63835.1328
1721203200000,64098.4648
1721217600000,64236.5352
1721232000000,64350.668
1721246400000,64457.8672
1721260800000,64578.668
1721275200000,64663.4648
1721289600000,64661.5
1721304000000,64578.2344
1721318400000,64617.8984
1721332800000,64630.7344
1721347200000,64592.1992
1721361600000,64492.1016
1721376000000,64427.7344
1721390400000,64434.1328
1721404800000,64562.6992
1721419200000,64692.7656
1721433600000,64818.8984
1721448000000,64953.1016
1721462400000,65115.1328
1721476800000,65247.6016
1721491200000,65420.1328
1721505600000,65580.8984
1721520000000,65826.7031
1721534400000,66037.3359
1721548800000,66231.9688
1721563200000,66422.6641
1721577600000,66672.7031
1721592000000,66946.5312
1721606400000,67085.2031
1721620800000,67090.1328
1721635200000,67147.2656
1721649600000,67177.5312
1721664000000,67286.3984
1721678400000,67354.9297
1721692800000,67397.6641
1721707200000,67354.4688
1721721600000,67323.7344
1721736000000,67283.0703
1721750400000,67207.0703
1721764800000,67144.8984
1721779200000,67070.8984
1721793600000,66980.4688
1721808000000,66860.1641
1721822400000,66745.4688
1721836800000,66639.2031
1721851200000,66494.3984
1721865600000,66294.0312
1721880000000,66020.1641
1721894400000,65791.2656
1721908800000,65611.9688
1721923200000,65486.3984
1721937600000,65428.5
1721952000000,65458.6016
1721966400000,65548.8359
1721980800000,65639.2344
1721995200000,65737.7031
1722009600000,65864.2344
1722024000000,65965.6016
1722038400000,66073.7969
1722052800000,66233.9297
1722067200000,66427.1016
1722081600000,66750.9688
1722096000000,67030.6328
1722110400000,67283.5
1722124800000,67493.3359
1722139200000,67681.2969
1722153600000,67816.3984
1722168000000,67857.8672
1722182400000,67940.1641
1722196800000,68004.2656
1722211200000,68128.7031
1722225600000,68233.6016
1722240000000,68346.3672
1722254400000,68364.9688
1722268800000,68312.7656
1722283200000,68213.7656
1722297600000,68059.1641
1722312000000,67969.5312
1722326400000,67882.3359
1722340800000,67768.3359
1722355200000,67660.1641
1722369600000,67550.9297
1722384000000,67442.3359
1722398400000,67312.9688
1722412800000,67167.9297
1722427200000,66964.5
1722441600000,66678.4297
1722456000000,66345.6328
1722470400000,66065.6016
1722484800000,65866.4688
1722499200000,65725.3672
1722513600000,65473.3672
1722528000000,65233.9648
1722542400000,65148.6016
1722556800000,65036.2344
1722571200000,64914.832
1722585600000,64808.2344
1722600000000,64627.8984
1722614400000,64385.2656
1722628800000,64070.832
1722643200000,63767.4648
1722657600000,63522.2656
1722672000000,63339.1992
1722686400000,63135.9336
1722700800000,62861.7656
1722715200000,62596.6016
1722729600000,62453.1328
1722744000000,62249.668
1722758400000,61953.832
1722772800000,61585.1328
1722787200000,61259.0352
1722801600000,60827.4336
1722816000000,60195.9648
1722830400000,59535.0664
1722844800000,58865.2656
1722859200000,58367
1722873600000,57826.0352
1722888000000,57302.7656
1722902400000,56958.0664
1722916800000,56681.8672
1722931200000,56319.0664
1722945600000,56033.168
1722960000000,55795.5664
1722974400000,55473
1722988800000,55330.1328
1723003200000,55179.5352
1723017600000,55103.1328
1723032000000,55251.8672
1723046400000,55391.5664
1723060800000,55644.6992
1723075200000,55826.6016
1723089600000,56074.332
1723104000000,56294.668
1723118400000,56546.8008
1723132800000,56772.3984
1723147200000,57201.7344
1723161600000,57533
1723176000000,57806.1016
1723190400000,58114.5
1723204800000,58309.6328
1723219200000,58558.8984
1723233600000,58816.832
1723248000000,59106.6992
1723262400000,59514.4648
1723276800000,59901.2656
1723291200000,60131.9648
1723305600000,60387.5
1723320000000,60626.5664
1723334400000,60734.9648
1723348800000,60855.8672
1723363200000,60788.6328
1723377600000,60706.332
1723392000000,60624.168
1723406400000,60494.1992
1723420800000,60406.5664
1723435200000,60272.2656
1723449600000,60205.3984
1723464000000,60190.9336
1723478400000,60068.8984
1723492800000,59962.8672
1723507200000,59864.1328
1723521600000,59744.9648
1723536000000,59605.6016
1723550400000,59498.3984
1723564800000,59470.8984
1723579200000,59465.3008
1723593600000,59520.8672
1723608000000,59607.168
1723622400000,59778.8984
1723636800000,59842.1016
1723651200000,59858.9336
1723665600000,59780.9336
1723680000000,59660
1723694400000,59593.8984
1723708800000,59553.832
1723723200000,59594.9336
1723737600000,59446.3008
1723752000000,59359.1992
1723766400000,59253.1992
1723780800000,59094.8672
1723795200000,58949.5
1723809600000,58755.832
1723824000000,58672.0352
1723838400000,58512.0352
1723852800000,58494.1328
1723867200000,58515.8672
1723881600000,58546.3984
1723896000000,58610.0352
1723910400000,58704.1016
1723924800000,58753.6016
1723939200000,58730.5
1723953600000,58900.3672
1723968000000,59066.4648
1723982400000,59197.0664
1723996800000,59279.4648
1724011200000,59279
1724025600000,59324.2656
1724040000000,59246.5352
1724054400000,59212.2656
1724068800000,59170.0352
1724083200000,59150.4648
1724097600000,59170.5664
1724112000000,59254.832
1724126400000,59354.6016
1724140800000,59423.8672
1724155200000,59390.5664
1724169600000,59387.168
1724184000000,59320.1992
1724198400000,59285.1016
1724212800000,59287.0352
1724227200000,59350.8672
1724241600000,59402.5
1724256000000,59607.5664
1724270400000,59792.5
1724284800000,59926.8984
1724299200000,60063.8008
1724313600000,60190.6016
1724328000000,60176.3008
1724342400000,60133.0352
1724356800000,60123.3672
1724371200000,60240.8672
1724385600000,60343.668
1724400000000,60457.2656
1724414400000,60604.7344
1724428800000,60864.2344
1724443200000,61178.4648
1724457600000,61468.4648
1724472000000,61651.9336
1724486400000,61837.5664
1724500800000,62066.7656
1724515200000,62280.668
1724529600000,62470.4336
1724544000000,62716.4648
1724558400000,62954.5664
1724572800000,63187.6328
1724587200000,63425.5664
1724601600000,63636
1724616000000,63871.1992
1724630400000,64043.9336
1724644800000,64044.2344
1724659200000,64030.9648
1724673600000,64010.4336
1724688000000,63944.7656
1724702400000,63871
1724716800000,63803.3008
1724731200000,63715.3672
1724745600000,63597.7656
1724760000000,63439.9336
1724774400000,63323.4648
1724788800000,63023.9648
1724803200000,62722.7344
1724817600000,62348.832
1724832000000,62062.7344
1724846400000,61722.3672
1724860800000,61407.5352
1724875200000,61083.6992
1724889600000,60789.6992
1724904000000,60538.4336
1724918400000,60351.668
1724932800000,60205.0664
1724947200000,59962.1992
1724961600000,59756.4336
1724976000000,59575.2344
1724990400000,59384.6328
1725004800000,59385.0352
1725019200000,59281.4648
1725033600000,59287.0664
1725048000000,59231
1725062400000,59244.6328
1725076800000,59256.7344
1725091200000,59262.168
1725105600000,59252.6992
1725120000000,59204.6992
1725134400000,59133.7344
1725148800000,58982.8008
1725163200000,58931.5352
1725177600000,58857.832
1725192000000,58804.0352
1725206400000,58752.1992
1725220800000,58611.6016
1725235200000,58588.7656
1725249600000,58511.8984
1725264000000,58465.832
1725278400000,58421.5
1725292800000,58378.0664
1725307200000,58380.332
1725321600000,58386.3008
1725336000000,58401.8984
1725350400000,58407.8008
1725364800000,58353.8008
1725379200000,58322.4336
1725393600000,58270.5664
1725408000000,58164.832
1725422400000,58048.3984
1725436800000,57999.7344
1725451200000,58025.0664
1725465600000,58058.668
1725480000000,58027.6016
1725494400000,57931.5
1725508800000,57846.2656
1725523200000,57683.8984
1725537600000,57472.668
1725552000000,57269.5664
1725566400000,57076.9648
1725580800000,57001.0352
1725595200000,56850.8672
1725609600000,56752.6016
1725624000000,56576.8984
1725638400000,56358.8672
1725652800000,56184.5352
1725667200000,55896.0664
1725681600000,55646.0664
1725696000000,55404.168
1725710400000,55248.3008
1725724800000,55065.7656
1725739200000,54895.0352
1725753600000,54792.2344
1725768000000,54684.3008
1725782400000,54576.8672
1725796800000,54383.5352
1725811200000,54288.0664
1725825600000,54213.8984
1725840000000,54287.832
1725854400000,54386.6992
1725868800000,54475.2344
1725883200000,54580.8984
1725897600000,54768.5
1725912000000,54948.9336
1725926400000,55064.5352
1725940800000,55251.1992
1725955200000,55456.668
1725969600000,55601.9336
1725984000000,55836.3672
1725998400000,56042.332
1726012800000,56250.832
1726027200000,56408.668
1726041600000,56537.1016
1726056000000,56642.6328
1726070400000,56817.6016
1726084800000,56955.168
1726099200000,57145.4336
1726113600000,57215.5352
1726128000000,57283.7344
1726142400000,57349.5
1726156800000,57427.668
1726171200000,57488.1992
1726185600000,57572.8672
1726200000000,57583.6328
1726214400000,57598.7344
1726228800000,57790.0664
1726243200000,57992.8984
1726257600000,58242.1328
1726272000000,58485.6328
1726286400000,58656.9648
1726300800000,58816.1328
1726315200000,58925.6992
1726329600000,59036.668
1726344000000,59166.832
1726358400000,59345.332
1726372800000,59465.7656
1726387200000,59591.5
1726401600000,59759.1016
1726416000000,59876.9336
1726430400000,59960.3008
1726444800000,59886.832
1726459200000,59830.2344
1726473600000,59704.9336
1726488000000,59538.9336
1726502400000,59390.4336
1726516800000,59288.7344
1726531200000,59166.6992
1726545600000,59091.5352
1726560000000,59029.9336
1726574400000,59095
1726588800000,59079.8672
1726603200000,59099.8672
1726617600000,59109.8984
1726632000000,59146.6992
1726646400000,59193.8984
1726660800000,59250.8984
1726675200000,59327.9336
1726689600000,59534.8984
1726704000000,59819.332
1726718400000,60098.2656
1726732800000,60395.668
1726747200000,60735.8008
1726761600000,61040.1016
1726776000000,61299.1992
1726790400000,61471.6016
1726804800000,61708.668
1726819200000,61918
1726833600000,62093.0664
1726848000000,62252.332
1726862400000,62478.832
1726876800000,62710.0664
1726891200000,62911.5664
1726905600000,63000
1726920000000,63069.668
1726934400000,63142.3008
1726948800000,63188.3008
1726963200000,63186.0664
1726977600000,63164.5352
1726992000000,63151.6992
1727006400000,63079.332
1727020800000,63054.5664
1727035200000,63062.0664
1727049600000,63142.9648
1727064000000,63190.5664
1727078400000,63203.4648
1727092800000,63251.6992
1727107200000,63266.1328
1727121600000,63281.4336
1727136000000,63277.7656
1727150400000,63300.6328
1727164800000,63308
1727179200000,63309.2344
1727193600000,63400.6992
1727208000000,63500.1328
1727222400000,63621.2656
1727236800000,63666.7344
1727251200000,63684.332
1727265600000,63627.7656
1727280000000,63604.332
1727294400000,63584.7656
1727308800000,63577.1328
1727323200000,63614.1016
1727337600000,63685.668
1727352000000,63827
1727366400000,63905.1016
1727380800000,64019.6992
1727395200000,64169.0664
1727409600000,64247.8672
1727424000000,64327.2344
1727438400000,64429.2344
1727452800000,64550.5664
1727467200000,64680.0352
1727481600000,64852.2344
1727496000000,65028.8008
1727510400000,65207.3008
1727524800000,65349.1328
1727539200000,65474.8008
1727553600000,65572.6016
1727568000000,65610.8984
1727582400000,65661.2344
1727596800000,65696.1328
1727611200000,65720.7969
1727625600000,65751.8984
1727640000000,65761.7656
1727654400000,65666.1016
1727668800000,65592.7656
1727683200000,65463.3984
1727697600000,65294.3984
1727712000000,65136.5664
1727726400000,64969.2344
1727740800000,64840.7344
1727755200000,64727.4648
1727769600000,64585.3672
1727784000000,64371.8008
1727798400000,64121.5352
1727812800000,63793.5
1727827200000,63525.2344
1727841600000,63242.7656
1727856000000,62945.0664
1727870400000,62765.6016
1727884800000,62473.6016
1727899200000,62259.6016
1727913600000,62120.2344
1727928000000,61949.1016
1727942400000,61778.6016
1727956800000,61573.7656
1727971200000,61373.9648
1727985600000,61174.4648
1728000000000,61064.0664
1728014400000,61045.1016
1728028800000,61088.668
1728043200000,61098.2344
1728057600000,61140.2656
1728072000000,61202.7656
1728086400000,61201.668
1728100800000,61327.2656
1728115200000,61429.8984
1728129600000,61476.1016
1728144000000,61538.8984
1728158400000,61625.668
1728172800000,61708.0352
1728187200000,61768.168
1728201600000,61858.1992
1728216000000,61975.5352
1728230400000,62054.4336
1728244800000,62146.1992
1728259200000,62255.8984
1728273600000,62334.1016
1728288000000,62404.3672
1728302400000,62523.3008
1728316800000,62609.5
1728331200000,62611
1728345600000,62641.6328
1728360000000,62671.5352
1728374400000,62708.668
1728388800000,62734.1328
1728403200000,62752.2656
1728417600000,62753.8008
1728432000000,62729.7656
1728446400000,62704.5664
1728460800000,62660.5664
1728475200000,62577.9648
1728489600000,62407.8984
1728504000000,62237.3672
1728518400000,62048.3008
1728532800000,61879.5664
1728547200000,61812.9336
1728561600000,61686.8008
1728576000000,61511.5664
1728590400000,61356.2656
1728604800000,61243.332
1728619200000,61137.7656
1728633600000,61072.4648
1728648000000,61065.3672
1728662400000,61121.2344
1728676800000,61144.832
1728691200000,61162.4336
1728705600000,61279.832
1728720000000,61435.5
1728734400000,61591
1728748800000,61734.6992
1728763200000,61867.1328
1728777600000,61998.9336
1728792000000,62210.0352
1728806400000,62361.0664
1728820800000,62470.2656
1728835200000,62609.5664
1728849600000,62723.668
1728864000000,62860.5
1728878400000,62961.9648
1728892800000,63119.8672
1728907200000,63342.5664
1728921600000,63554.6328
1728936000000,63766.5664
1728950400000,63917
1728964800000,64094.8984
1728979200000,64243.668
1728993600000,64464.0664
1729008000000,64740.332
1729022400000,65044.0352
1729036800000,65371.7656
1729051200000,65654.6016
1729065600000,65990.7344
1729080000000,66221.2344
1729094400000,66429.1016
1729108800000,66610.2344
1729123200000,66723.1641
1729137600000,66813.2969
1729152000000,66864.1641
1729166400000,67010
1729180800000,67087.9297
1729195200000,67221.1016
1729209600000,67323.0703
1729224000000,67388.3672
1729238400000,67428.7656
1729252800000,67538.3984
1729267200000,67648.2031
1729281600000,67684.2969
1729296000000,67731.2969
1729310400000,67773.6328
1729324800000,67805.3984
1729339200000,67849.0703
1729353600000,67910.1328
1729368000000,68012.4688
1729382400000,68053.8672
1729396800000,68158.0703
1729411200000,68227.2344
1729425600000,68301.3672
1729440000000,68338.9297
1729454400000,68429.0703
1729468800000,68442.5
1729483200000,68435.7031
1729497600000,68423.8984
1729512000000,68349.0312
1729526400000,68310.5
1729540800000,68263.4688
1729555200000,68206.8984
1729569600000,68152.3672
1729584000000,68078.0312
1729598400000,68015.2969
1729612800000,67954.9297
1729627200000,67886.3672
1729641600000,67780.5
1729656000000,67667.0703
1729670400000,67489.3672
1729684800000,67305.1328
1729699200000,67167.0312
1729713600000,67059.5
1729728000000,67050.2031
1729742400000,67005
1729756800000,66998.7656
1729771200000,67018.0703
1729785600000,67079.0703
1729800000000,67140.3359
1729814400000,67189.0703
1729828800000,67191.7344
1729843200000,67237.7969
1729857600000,67280.6641
1729872000000,67277.7344
1729886400000,67292.2656
1729900800000,67334.8984
1729915200000,67369.4297
1729929600000,67399.2969
1729944000000,67374.8672
1729958400000,67376.5312
1729972800000,67360.6641
1729987200000,67330.0703
1730001600000,67252.8672
1730016000000,67176.6016
1730030400000,67159.8984
1730044800000,67177.3359
1730059200000,67168.5312
1730073600000,67166.3359
1730088000000,67273.5
1730102400000,67416.0312
1730116800000,67524.2031
1730131200000,67701.7344
1730145600000,67892.8359
1730160000000,68166.2031
1730174400000,68425.3359
1730188800000,68719.7031
1730203200000,69066.3672
1730217600000,69427.0703
1730232000000,69807.9688
1730246400000,70108.2969
1730260800000,70406.4688
1730275200000,70675
1730289600000,70969.3672
1730304000000,71200.7969
1730318400000,71443.1328
1730332800000,71704.3672
1730347200000,71891.2656
1730361600000,72043.3984
1730376000000,72022.9297
1730390400000,71959.8359
1730404800000,71879.7031
1730419200000,71673.1016
1730433600000,71452.1016
1730448000000,71266.9297
1730462400000,71076.6328
1730476800000,70877.1641
1730491200000,70710.0312
1730505600000,70544.3672
1730520000000,70408.4297
1730534400000,70223.2344
1730548800000,70024.1328
1730563200000,69829.7031
1730577600000,69638.2031
1730592000000,69487.6641
1730606400000,69374.0312
1730620800000,69246.8359
1730635200000,69164.9688
1730649600000,69128.6641
1730664000000,69046.8984
1730678400000,69021.5703
1730692800000,68975.1016
1730707200000,68925.1328
1730721600000,68859.7344
1730736000000,68726.7656
1730750400000,68607.3672
1730764800000,68528.4688
1730779200000,68486.1641
1730793600000,68448.5703
1730808000000,68531.3359
1730822400000,68571.1641
1730836800000,68638.6641
1730851200000,69059.6641
1730865600000,69378.2969
1730880000000,69751.4297
1730894400000,70107.9688
1730908800000,70598.1328
1730923200000,71059.1016
1730937600000,71492.7969
1730952000000,71961.5703
1730966400000,72428.4688
1730980800000,72958.8359
1730995200000,73474.5
1731009600000,73949.4297
1731024000000,74373.7344
1731038400000,74861.7344
1731052800000,75306.8672
1731067200000,75447.9688
1731081600000,75684
1731096000000,75829.6016
1731110400000,75963.7344
1731124800000,76008
1731139200000,76066.2656
1731153600000,76147.7969
1731168000000,76241.1641
1731182400000,76367.5
1731196800000,76441.1328
1731211200000,76593
1731225600000,76865.3359
1731240000000,77121.0312
1731254400000,77359.7031
1731268800000,77656.8984
1731283200000,78005.1641
1731297600000,78289.0312
1731312000000,78670.5312
1731326400000,79194.0312
1731340800000,79844.8359
1731355200000,80667.2969
1731369600000,81464.6328
1731384000000,82329.4297
1731398400000,83038.2344
1731412800000,83670.5312
1731427200000,84337.6016
1731441600000,84875.1641
1731456000000,85373.8672
1731470400000,85884.7656
1731484800000,86374.6016
1731499200000,87112.6328
1731513600000,87717.6328
1731528000000,88269.5
1731542400000,88660.2969
1731556800000,88966.6016
1731571200000,89150.2969
1731585600000,89130.1016
1731600000000,89151.7969
1731614400000,89153.7031
1731628800000,89256.0312
1731643200000,89178.7656
1731657600000,89295.8984
1731672000000,89375.6641
1731686400000,89569.8359
1731700800000,89788.7656
1731715200000,89691.8672
1731729600000,89753.1328
1731744000000,89802.5312
1731758400000,89837.9297
1731772800000,89858.4688
1731787200000,89795.7969
1731801600000,89953.7344
1731816000000,90024.9297
1731830400000,90253.2969
1731844800000,90391.7656
1731859200000,90552.8672
1731873600000,90559.4688
1731888000000,90711.6016
1731902400000,90804.3359
1731916800000,90755.7969
1731931200000,90830.6641
1731945600000,90798.4688
1731960000000,90753.7969
1731974400000,90817.3672
1731988800000,90852.7656
1732003200000,90927.3984
1732017600000,91073.3359
1732032000000,91259.4297
1732046400000,91373.3359
1732060800000,91497.7344
1732075200000,91689.2969
1732089600000,91936.2969
1732104000000,92211.7344
1732118400000,92366.8672
1732132800000,92634.9688
1732147200000,92868.2969
1732161600000,93289.2344
1732176000000,93787.5703
1732190400000,94134.9688
1732204800000,94549.8672
1732219200000,94998.6016
1732233600000,95430.7656
1732248000000,95831.5312
1732262400000,96268.9688
1732276800000,96710.2344
1732291200000,97125.9297
1732305600000,97486.5312
1732320000000,97749.8984
1732334400000,98055.9297
1732348800000,98334.2344
1732363200000,98512.7656
1732377600000,98553.3672
1732392000000,98536.7969
1732406400000,98644.4688
1732420800000,98684.4297
1732435200000,98612.5703
1732449600000,98413.9688
1732464000000,98217.7344
1732478400000,98153.0703
1732492800000,98103.2344
1732507200000,98036.7656
1732521600000,97994.1016
1732536000000,97810.6641
1732550400000,97544.4688
1732564800000,97175.4688
1732579200000,96903.1641
1732593600000,96646.6641
1732608000000,96285.2969
1732622400000,95917
1732636800000,95462.1641
1732651200000,95096.2656
1732665600000,94869.4688
1732680000000,94681.5312
1732694400000,94371.0312
1732708800000,94211.1016
1732723200000,94113.7031
1732737600000,93953.9688
1732752000000,93921.3984
1732766400000,93966.8984
1732780800000,94135.3984
1732795200000,94171.8359
1732809600000,94264.7969
1732824000000,94486.9688
1732838400000,94742.3672
1732852800000,95007.3984
1732867200000,95367.2969
1732881600000,95738.6328
1732896000000,95995.2344
1732910400000,96272.3984
1732924800000,96343.7344
1732939200000,96352.2969
1732953600000,96377.4297
1732968000000,96455.6328
1732982400000,96570.4688
1732996800000,96636.1016
1733011200000,96725.1641
1733025600000,96817.7656
1733040000000,96918.7031
1733054400000,96950.5703
1733068800000,97054.3359
1733083200000,97054.2031
1733097600000,96947.6641
1733112000000,96856.8359
1733126400000,96698.2344
1733140800000,96726.8984
1733155200000,96660.1328
1733169600000,96631.2656
1733184000000,96592.2969
1733198400000,96492.4297
1733212800000,96394.7969
1733227200000,96351.8359
1733241600000,96281.3672
1733256000000,96198.4688
1733270400000,96115.5
1733284800000,96079.7031
1733299200000,96013.9688
1733313600000,95968.2031
1733328000000,96055.1016
1733342400000,96296.9688
1733356800000,96699.6641
1733371200000,97133.8359
1733385600000,97592.6328
1733400000000,97946.3359
1733414400000,98183.0703
1733428800000,98318.1328
1733443200000,98455.5
1733457600000,98638.5703
1733472000000,98783.7969
1733486400000,99020.5703
1733500800000,99348.8359
1733515200000,99587.6016
1733529600000,99825.6016
1733544000000,99972.5703
1733558400000,100039.5
1733572800000,99819.1328
1733587200000,99675.5
1733601600000,99489.2656
1733616000000,99397.0703
1733630400000,99439.1328
1733644800000,99621.6641
1733659200000,99768.6016
1733673600000,99901.0703
1733688000000,100108.164
1733702400000,100093.031
1733716800000,99960.9297
1733731200000,99841.0703
1733745600000,99728.7969
1733760000000,99559.2344
1733774400000,99397.2969
1733788800000,99204.2031
1733803200000,99002.6016
1733817600000,98856.1328
1733832000000,98564.8359
1733846400000,98305.2969
1733860800000,98093.6328
1733875200000,97921.1641
1733889600000,97728
1733904000000,97534.9297
1733918400000,97617.4297
1733932800000,97720.7969
1733947200000,97924.8984
1733961600000,98146.7656
1733976000000,98378.7344
1733990400000,98581.0312
1734004800000,98906.0703
1734019200000,99058.2031
1734033600000,99207
1734048000000,99476.9688
1734062400000,99759.3359
1734076800000,100007.867
1734091200000,100169.266
1734105600000,100442.57
1734120000000,100647.297
1734134400000,100758.664
1734148800000,100801.234
1734163200000,100829.836
1734177600000,100864.602
1734192000000,100917.469
1734206400000,100984.398
1734220800000,100973.266
1734235200000,101120.203
1734249600000,101294.234
1734264000000,101490.797
1734278400000,101700.43
1734292800000,101976.031
1734307200000,102290.031
1734321600000,102525.898
1734336000000,102680.93
1734350400000,102964.5
1734364800000,103284.43
1734379200000,103585.102
1734393600000,103937.234
1734408000000,104306.43
1734422400000,104668.734
1734436800000,104988.07
1734451200000,105309.031
1734465600000,105542.797
1734480000000,105678.266
1734494400000,105743
1734508800000,105776.969
1734523200000,105766.031
1734537600000,105617.07
1734552000000,105374.898
1734566400000,105024
1734580800000,104686.602
1734595200000,104438.836
1734609600000,104017.57
1734624000000,103366.398
1734638400000,102733
1734652800000,102099.969
1734667200000,101511.664
1734681600000,100607.469
1734696000000,100085
1734710400000,99602.5312
1734724800000,99115.2344
1734739200000,98646.5
1734753600000,98390.5703
1734768000000,98260.6328
1734782400000,98014.3672
1734796800000,97718.7031
1734811200000,97369.1641
1734825600000,97120.7031
1734840000000,97052.7031
1734854400000,97029.6641
1734868800000,96913.2969
1734883200000,96712.5703
1734897600000,96877.3984
1734912000000,96809.5312
1734926400000,96693.2656
1734940800000,96565.9297
1734955200000,96278.9297
1734969600000,95876.1641
1734984000000,95646.5
1734998400000,95432.8672
1735012800000,95225.9688
1735027200000,95030.8359
1735041600000,95120.0703
1735056000000,95214.3359
1735070400000,95320.1016
1735084800000,95496.9297
1735099200000,95717.0703
1735113600000,95899.0703
1735128000000,96068.1016
1735142400000,96310.2344
1735156800000,96545.9688
1735171200000,96932.9688
1735185600000,97247.5703
1735200000000,97301.7031
1735214400000,97413.6641
1735228800000,97540.5
1735243200000,97632.7344
1735257600000,97505.3984
1735272000000,97335.2969
1735286400000,97217.7031
1735300800000,96985.7656
1735315200000,96759.1016
1735329600000,96515.6328
1735344000000,96247.7969
1735358400000,95932.1641
1735372800000,95614.2656
1735387200000,95304.6328
1735401600000,95119.4688
1735416000000,95089.9688
1735430400000,95029.0312
1735444800000,94970.3672
1735459200000,94917.5312
1735473600000,94784.0312
1735488000000,94679.6328
1735502400000,94459.7344
1735516800000,94398.6016
1735531200000,94327.2969
1735545600000,94300.8672
1735560000000,94133.8359
1735574400000,94141.2656
1735588800000,94009.2344
1735603200000,93881.7344
1735617600000,93739.8359
1735632000000,93671.8672
1735646400000,93691.2031
1735660800000,93619.1641
1735675200000,93520.5312
1735689600000,93475.2656
1735704000000,93481.0703
1735718400000,93462.4297
1735732800000,93511.5
1735747200000,93573.9688
1735761600000,93617.2969
1735776000000,93813.5
1735790400000,93908.7031
1735804800000,94179.2969
1735819200000,94448.9688
1735833600000,94752.3359
1735848000000,94939.5703
1735862400000,95053
1735876800000,95200.7656
1735891200000,95422.3672
1735905600000,95677.7969
1735920000000,96015.8359
1735934400000,96340.8672
1735948800000,96601
1735963200000,96852.7031
1735977600000,97083.5
1735992000000,97269.8359
1736006400000,97431.8359
1736020800000,97534.0312
1736035200000,97651.8672
1736049600000,97716.7969
1736064000000,97762.7969
1736078400000,97829.3672
1736092800000,97948.8359
1736107200000,98057.8984
1736121600000,98159.8984
1736136000000,98208.7656
1736150400000,98281.8359
1736164800000,98547.1328
1736179200000,98785.6641
1736193600000,99077.7031
1736208000000,99347.6016
1736222400000,99581.2031
1736236800000,99756.7656
1736251200000,99739
1736265600000,99615.2656
1736280000000,99569
1736294400000,99468.4297
1736308800000,99304.6328
1736323200000,99086.6641
1736337600000,98848.3984
1736352000000,98508.6328
1736366400000,98227.3359
1736380800000,97680.2969
1736395200000,97100.3984
1736409600000,96509.0312
1736424000000,96008.4297
1736438400000,95353.9297
1736452800000,94798.6016
1736467200000,94516.3672
1736481600000,94387.7031
1736496000000,94263.6328
1736510400000,94076.6328
1736524800000,94057.8359
1736539200000,94032.2656
1736553600000,93947.6328
1736568000000,93946.6016
1736582400000,93915.8672
1736596800000,93942.1328
1736611200000,94011.2969
1736625600000,94087.8359
1736640000000,94111.7969
1736654400000,94272.3984
1736668800000,94384.0312
1736683200000,94473.5
1736697600000,94481.5312
1736712000000,94442.7656
1736726400000,94477.6641
1736740800000,94357.3672
1736755200000,94094.4297
1736769600000,93955.0312
1736784000000,93825.8359
1736798400000,93820.7344
1736812800000,93853.0312
1736827200000,93896.1016
1736841600000,94027.0312
1736856000000,94151.5
1736870400000,94299.3359
1736884800000,94452.5703
1736899200000,94602.1016
1736913600000,94780
1736928000000,94928.5
1736942400000,95244.6641
1736956800000,95667.1016
1736971200000,96317.2031
1736985600000,96806.8359
1737000000000,97308.2656
1737014400000,97618.5
1737028800000,97915.2969
1737043200000,98286.7656
1737057600000,98516.8984
1737072000000,98824.2969
1737086400000,99154.3359
1737100800000,99537.2656
1737115200000,99988.6016
1737129600000,100564.297
1737144000000,101057.531
1737158400000,101365.234
1737172800000,101561.266
1737187200000,101764.398
1737201600000,102105.07
1737216000000,102409.234
1737230400000,102764.664
1737244800000,103140.93
1737259200000,103454
1737273600000,103739.164
1737288000000,103994
1737302400000,104310.07
1737316800000,104247.836
1737331200000,104104.336
1737345600000,104185.07
1737360000000,104458.898
1737374400000,104544.969
1737388800000,104602.969
1737403200000,104513
1737417600000,104402.43
1737432000000,104239.297
1737446400000,104188.633
1737460800000,104120.836
1737475200000,104251.664
1737489600000,104380.469
1737504000000,104430.43
1737518400000,104357.102
1737532800000,104611.703
1737547200000,104765.797
1737561600000,104599.93
1737576000000,104296
1737590400000,104130.07
1737604800000,104063.367
1737619200000,104043.664
1737633600000,104201.602
1737648000000,104327.664
1737662400000,104339.234
1737676800000,104335.797
1737691200000,104200.531
1737705600000,104149.969
1737720000000,104166.633
1737734400000,104213.734
1737748800000,104194.133
1737763200000,104259.5
1737777600000,104242.398
1737792000000,104307.164
1737806400000,104471.734
1737820800000,104628.57
1737835200000,104815.203
1737849600000,104800.43
1737864000000,104878.234
1737878400000,104937.234
1737892800000,105009.234
1737907200000,105011.531
1737921600000,104818.602
1737936000000,104516.266
1737950400000,104061
1737964800000,103652.164
1737979200000,103381.266
1737993600000,103066.297
1738008000000,102893.07
1738022400000,102743
1738036800000,102594.266
1738051200000,102462.5
1738065600000,102309.797
1738080000000,102138
1738094400000,101904.234
1738108800000,101707.203
1738123200000,101548.734
1738137600000,101550.398
1738152000000,101589.633
1738166400000,101895.734
1738180800000,102231.203
1738195200000,102504.93
1738209600000,102871.398
1738224000000,103090.266
1738238400000,103287.633
1738252800000,103482.398
1738267200000,103614.602
1738281600000,103718.102
1738296000000,103838
1738310400000,104068
1738324800000,104297.766
1738339200000,104269.102
1738353600000,104257.836
1738368000000,104274.93
1738382400000,104178.57
1738396800000,104062.57
1738411200000,103851.367
1738425600000,103619.336
1738440000000,103304.398
1738454400000,102877.203
1738468800000,102469.531
1738483200000,102076.164
1738497600000,101744.031
1738512000000,101346.898
1738526400000,100875.203
1738540800000,100116.164
1738555200000,99656.7969
1738569600000,99173.9688
1738584000000,98958.2031
1738598400000,98951.2344
1738612800000,98911.2656
1738627200000,98820.5
1738641600000,98609.8672
1738656000000,98505.3359
1738670400000,98521.6016
1738684800000,98475.7344
1738699200000,98405.1328
1738713600000,98322.5
1738728000000,98298.8984
1738742400000,98337.7031
1738756800000,98609.5703
1738771200000,98742.7969
1738785600000,98839.6016
1738800000000,98733.2969
1738814400000,98480.1016
1738828800000,98313.3359
1738843200000,98089.3359
1738857600000,97921.7656
1738872000000,97756
1738886400000,97625.3672
1738900800000,97482.1641
1738915200000,97482.1641
1738929600000,97497.1641
1738944000000,97432.4688
1738958400000,97315.8359
1738972800000,97220.2031
1738987200000,97141.2344
1739001600000,97108.2656
1739016000000,97004.9688
1739030400000,96894.6641
1739044800000,96732.3359
1739059200000,96731.1328
1739073600000,96801.9688
1739088000000,96803.5
1739102400000,96740
1739116800000,96694.3672
1739131200000,96608.9688
1739145600000,96508.7969
1739160000000,96543.5312
1739174400000,96622.2969
1739188800000,96657.6641
1739203200000,96737.1328
1739217600000,96826.5312
1739232000000,96947.6641
1739246400000,97061.2656
1739260800000,97172.9688
1739275200000,97152.0312
1739289600000,97016.1328
1739304000000,96961.7969
1739318400000,96879.6641
1739332800000,96878.1016
1739347200000,96851.2031
1739361600000,96783.8984
1739376000000,96768.5312
1739390400000,96781.1016
1739404800000,96798.7969
1739419200000,96710.2344
1739433600000,96608.8984
1739448000000,96499.5703
1739462400000,96324.1641
1739476800000,96222.1641
1739491200000,96231.7656
1739505600000,96360.1641
1739520000000,96434.4688
1739534400000,96543.9688
1739548800000,96671.0312
1739563200000,96765.6016
1739577600000,96890.3672
1739592000000,96901.2656
1739606400000,96885.2344
1739620800000,96894.5
1739635200000,96992.2031
1739649600000,97102.6328
1739664000000,97206.3359
1739678400000,97313.3672
1739692800000,97360.7344
1739707200000,97344.7031
1739721600000,97352.7656
1739736000000,97301.4688
1739750400000,97254.6641
1739764800000,97129.6016
1739779200000,97034.5
1739793600000,96900.3359
1739808000000,96778.4297
1739822400000,96655.8984
1739836800000,96559.8672
1739851200000,96421.0703
1739865600000,96289.6641
1739880000000,96155.1016
1739894400000,95942.3359
1739908800000,95827.8672
1739923200000,95746.0703
1739937600000,95652.7344
1739952000000,95673.3672
1739966400000,95654.1328
1739980800000,95661.8672
1739995200000,95699.7344
1740009600000,95793.7969
1740024000000,95884.5312
1740038400000,95979.6016
1740052800000,96026.2344
1740067200000,96226.3672
1740081600000,96407.4688
1740096000000,96584.4297
1740110400000,96861.1016
1740124800000,97063.6641
1740139200000,97225.8984
1740153600000,97202.2656
1740168000000,97191.2031
1740182400000,97222.6328
1740196800000,97235.1641
1740211200000,97237.1641
1740225600000,97212
1740240000000,97198.4688
1740254400000,97158.2344
1740268800000,97131.2031
1740283200000,97006.6328
1740297600000,96863.8359
1740312000000,96685.9688
1740326400000,96528.4297
1740340800000,96375.3359
1740355200000,96201.5
1740369600000,96242.7656
1740384000000,96219.7031
1740398400000,96086.6641
1740412800000,95929.2344
1740427200000,95589.7344
1740441600000,95291.1328
1740456000000,94800.6016
1740470400000,94312.1328
1740484800000,93694.5703
1740499200000,93118.9297
1740513600000,92616.7344
1740528000000,92173.2969
1740542400000,91698.1328
1740556800000,91182
1740571200000,90649.3984
1740585600000,89841.5312
1740600000000,89059.8359
1740614400000,88445.8672
1740628800000,87926.2969
1740643200000,87597.6328
1740657600000,87149.7969
1740672000000,86798.0703
1740686400000,86492.3672
1740700800000,86035.7031
1740715200000,85447.3984
1740729600000,84899.7969
1740744000000,84576.4688
1740758400000,84291.7031
1740772800000,84004.5312
1740787200000,83855.7656
1740801600000,83913.0703
1740816000000,83939.5
1740830400000,83910.0703
1740844800000,83856
1740859200000,83813.4297
1740873600000,83833.3672
1740888000000,83976.2031
1740902400000,84066.0703
1740916800000,84533.6016
1740931200000,85494.4688
1740945600000,86416.1641
1740960000000,86995
1740974400000,87522.0703
1740988800000,88082.9688
1741003200000,88397.6016
1741017600000,88451.1016
1741032000000,88555.1641
1741046400000,88501.1328
1741060800000,88347.1328
1741075200000,88206.5703
1741089600000,88014
1741104000000,88146.1641
1741118400000,88225.4688
1741132800000,88186.5703
1741147200000,87789.5703
1741161600000,87492.7969
1741176000000,87200.0312
1741190400000,87024.7344
1741204800000,86882.3359
1741219200000,86987.5703
1741233600000,87377.2344
1741248000000,87722.5
1741262400000,88180.2344
1741276800000,88541.2969
1741291200000,88941.9297
1741305600000,89210.2031
1741320000000,89220.7031
1741334400000,89335
1741348800000,89443.0312
1741363200000,89457.0312
1741377600000,89252.5703
1741392000000,89090.8984
1741406400000,88853.6641
1741420800000,88543
1741435200000,88193.8359
1741449600000,87851.6641
1741464000000,87510.0703
1741478400000,87196.5703
1741492800000,87025.6328
1741507200000,86697.9688
1741521600000,86438.7031
1741536000000,86053.8672
1741550400000,85504.6328
1741564800000,85077.2656
1741579200000,84710.3984
1741593600000,84497.7969
1741608000000,84105.2031
1741622400000,83628.6328
1741636800000,83138.5312
1741651200000,82681.8359
1741665600000,82295.6016
1741680000000,81995.5312
1741694400000,81667.4297
1741708800000,81476.2344
1741723200000,81336.8672
1741737600000,81272.9688
1741752000000,81260.6641
1741766400000,81412
1741780800000,81389.2344
1741795200000,81430.4688
1741809600000,81436.3672
1741824000000,81674.3984
1741838400000,81949.7656
1741852800000,82240.3672
1741867200000,82340.7656
1741881600000,82324.1641
1741896000000,82282.7344
1741910400000,82328.7031
1741924800000,82265.9297
1741939200000,82289.4688
1741953600000,82465.2266
1741968000000,82610.2266
1741982400000,82676.6172
1741996800000,82863.4766
1742011200000,82925.7812
1742025600000,82955.75
1742040000000,83006.6094
1742054400000,83082.6406
1742068800000,83177.3203
1742083200000,83398.2266
1742097600000,83672.4766
1742112000000,83760.4297
1742126400000,83856.0469
1742140800000,83918.5859
1742155200000,83871.4297
1742169600000,83801.25
1742184000000,83731.9531
1742198400000,83699.9531
1742212800000,83634.9688
1742227200000,83676.6172
1742241600000,83669.1172
1742256000000,83589.2578
1742270400000,83514.1641
1742284800000,83395.6719
1742299200000,83213.2812
1742313600000,83081.3984
1742328000000,83101.3594
1742342400000,83082
1742356800000,83088.1484
1742371200000,83176.1328
1742385600000,83247.25
1742400000000,83375.8984
1742414400000,83599.4297
1742428800000,83759.3203
1742443200000,83849.7031
1742457600000,83948.75
1742472000000,84051.2969
1742486400000,84116.1562
1742500800000,84222.9062
1742515200000,84410.1172
1742529600000,84516.7812
1742544000000,84604.1406
1742558400000,84637.7578
1742572800000,84686.5547
1742587200000,84699.0938
1742601600000,84664.1562
1742616000000,84583.25
1742630400000,84406.7812
1742644800000,84284.7812
1742659200000,84174.2109
1742673600000,84064.4922
1742688000000,84034.25
1742702400000,84043.4609
1742716800000,84077.3281
1742731200000,84128.9297
1742745600000,84203.1797
1742760000000,84341.0469
1742774400000,84541.6875
1742788800000,84739.8438
1742803200000,84981.8594
1742817600000,85256.8984
1742832000000,85523.4141
1742846400000,85743.8672
1742860800000,85906.5312
1742875200000,86059.2734
1742889600000,86296.6953
1742904000000,86534.3203
1742918400000,86791.5703
1742932800000,86975.3359
1742947200000,87109.1719
1742961600000,87319.7891
1742976000000,87447.8047
1742990400000,87461.5547
1743004800000,87439.3516
1743019200000,87387.3438
1743033600000,87343.75
1743048000000,87288.1562
1743062400000,87250.9297
1743076800000,87280.3828
1743091200000,87320.6406
1743105600000,87308.7969
1743120000000,87241.8906
1743134400000,87044.8438
1743148800000,86897.2422
1743163200000,86685.625
1743177600000,86391.875
1743192000000,86151.0703
1743206400000,85976.9766
1743220800000,85786.3438
1743235200000,85475.0703
1743249600000,85121.3203
1743264000000,84810
1743278400000,84520.6719
1743292800000,84261.2109
1743307200000,83994.0859
1743321600000,83718.6094
1743336000000,83447.1875
1743350400000,83270.7812
1743364800000,83080.7422
1743379200000,82914.5469
1743393600000,82792.8047
1743408000000,82647.8203
1743422400000,82600.0547
1743436800000,82516.1641
1743451200000,82535.5781
1743465600000,82574.3906
1743480000000,82622.5078
1743494400000,82709.7344
1743508800000,82857.1172
1743523200000,82984.7969
1743537600000,83123.3281
1743552000000,83246.5938
1743566400000,83373.0703
1743580800000,83518.8203
1743595200000,83868.3438
1743609600000,84200.2812
1743624000000,84219.4688
1743638400000,84223.2031
1743652800000,84290.8281
1743667200000,84327.3516
1743681600000,84263.7734
1743696000000,84163.6641
1743710400000,84113.4297
1743724800000,83946.9531
1743739200000,83882.7969
1743753600000,83716.1094
1743768000000,83600.5312
1743782400000,83571.3047
1743796800000,83524.375
1743811200000,83314.3438
1743825600000,83086.5703
1743840000000,83149.4922
1743854400000,83091.0781
1743868800000,83049.5078
1743883200000,83077.1016
1743897600000,83163.2422
1743912000000,83232.0078
1743926400000,83207.6016
1743940800000,83190.25
1743955200000,82895.2031
1743969600000,82608.4766
1743984000000,82264.7188
1743998400000,81670.0156
1744012800000,81189.8984
1744027200000,80845.7891
1744041600000,80484.2969
1744056000000,80197.1562
1744070400000,80016.0234
1744084800000,79792.2969
1744099200000,79557.2031
1744113600000,79234.8516
1744128000000,78822.7812
1744142400000,78386.9453
1744156800000,77885.375
1744171200000,77757.0938
1744185600000,77613.0156
1744200000000,77582.9297
1744214400000,78065.6172
1744228800000,78461.7656
1744243200000,78682.2188
1744257600000,78915.9453
1744272000000,79096.7031
1744286400000,79019.25
1744300800000,79027.6016
1744315200000,78999.9062
1744329600000,79155.6328
1744344000000,79449.9375
1744358400000,79838.25
1744372800000,80336.1172
1744387200000,80748.1094
1744401600000,81226.9297
1744416000000,81608.6953
1744430400000,81701.1719
1744444800000,81761.1875
1744459200000,81976.9219
1744473600000,82199.8984
1744488000000,82427.9375
1744502400000,82874.0469
1744516800000,83194.4453
1744531200000,83524.3203
1744545600000,83725.5938
1744560000000,83908.7031
1744574400000,84017.6406
1744588800000,84155.7578
1744603200000,84204.7344
1744617600000,84307.1016
1744632000000,84383.9219
1744646400000,84464.1094
1744660800000,84535.8438
1744675200000,84562.125
1744689600000,84617.125
1744704000000,84638.3438
1744718400000,84605.7969
1744732800000,84577.9922
1744747200000,84520.6641
1744761600000,84511.5469
1744776000000,84470.5547
1744790400000,84491.2109
1744804800000,84511.2734
1744819200000,84495.5156
1744833600000,84437.0781
1744848000000,84430.7891
1744862400000,84416.2188
1744876800000,84414.6562
1744891200000,84357.7969
1744905600000,84297.6172
1744920000000,84255.3047
1744934400000,84249.9297
1744948800000,84293.9844
1744963200000,84362.1094
1744977600000,84407.1016
1744992000000,84486.6719
1745006400000,84514.3281
1745020800000,84516.1406
1745035200000,84574.8359
1745049600000,84653.9609
1745064000000,84732.1172
1745078400000,84759.25
1745092800000,84793.4844
1745107200000,84835.2578
1745121600000,84830.9297
1745136000000,84775.3828
1745150400000,84743.2031
1745164800000,84742.6797
1745179200000,84776.75
1745193600000,84966.2266
1745208000000,85159.3672
1745222400000,85328.1562
1745236800000,85541.7812
1745251200000,85688.8125
1745265600000,85840.7578
1745280000000,86040.9766
1745294400000,86267.9766
1745308800000,86505.3047
1745323200000,86894.0391
1745337600000,87339.9922
1745352000000,87965.6328
1745366400000,88554.5391
1745380800000,89188.4219
1745395200000,89742.7656
1745409600000,90143.2969
1745424000000,90547.2734
1745438400000,90996.3516
1745452800000,91303.0312
1745467200000,91622.9766
1745481600000,91963.7031
1745496000000,92301.4297
1745510400000,92640.8359
1745524800000,93000.5625
1745539200000,93157.4297
1745553600000,93314.2578
1745568000000,93391.4297
1745582400000,93522.25
1745596800000,93602.8672
1745611200000,93684.1172
1745625600000,93789.75
1745640000000,93863.3047
1745654400000,93894.1016
1745668800000,94010.5156
1745683200000,94152.5391
1745697600000,94288.0156
1745712000000,94352.2812
1745726400000,94385.9453
1745740800000,94380.4844
1745755200000,94420.375
1745769600000,94462.9062
1745784000000,94403.0234
1745798400000,94318.0703
1745812800000,94275.9766
1745827200000,94319.3672
1745841600000,94257.1953
1745856000000,94270.6406
1745870400000,94326.0703
1745884800000,94342.6641
1745899200000,94382.0234
1745913600000,94416.1172
1745928000000,94460.2109
1745942400000,94542.5938
1745956800000,94564.9922
1745971200000,94639.1016
1745985600000,94651.375
1746000000000,94747.2109
1746014400000,94757.1875
1746028800000,94718.9141
1746043200000,94639.4297
1746057600000,94700.6172
1746072000000,94715.6484
1746086400000,94793.9922
1746100800000,94943.4141
1746115200000,95050.9531
1746129600000,95141
1746144000000,95292.4062
1746158400000,95363.9297
1746172800000,95543.75
1746187200000,95697.2422
1746201600000,95851.2578
1746216000000,95965.9297
1746230400000,96121.9141
1746244800000,96268.375
1746259200000,96388.0234
1746273600000,96497.7891
1746288000000,96586.9766
1746302400000,96567.1641
1746316800000,96488.5469
1746331200000,96444.0391
1746345600000,96370.1953
1746360000000,96258.5859
1746374400000,96204.4609
1746388800000,96024.9609
1746403200000,95805.2891
1746417600000,95659.4766
1746432000000,95468.2891
1746446400000,95294.6562
1746460800000,95159.7734
1746475200000,95077.2188
1746489600000,94944.6094
1746504000000,94811.9141
1746518400000,94672.8594
1746532800000,94593.7656
1746547200000,94532.1875
1746561600000,94626.8281
1746576000000,94695.6484
1746590400000,94788.9062
1746604800000,94971.9141
1746619200000,95164.6562
1746633600000,95258.4375
1746648000000,95458.0391
1746662400000,95816.6953
1746676800000,96145.4219
1746691200000,96458.9531
1746705600000,96881.1562
1746720000000,97342.5391
1746734400000,97973.3125
1746748800000,98500.5703
1746763200000,99079.6094
1746777600000,99487.5938
1746792000000,99913.9375
1746806400000,100327.703
1746820800000,100724.234
1746835200000,101143.164
1746849600000,101647.977
1746864000000,102074.234
1746878400000,102341.75
1746892800000,102603.07
1746907200000,102961.633
1746921600000,103177.922
1746936000000,103318.312
1746950400000,103411.445
1746964800000,103525.023
1746979200000,103580.555
1746993600000,103661.164
1747008000000,103745.445
1747022400000,103833.742
1747036800000,103886.922
1747051200000,103839.453
1747065600000,103713.492
1747080000000,103671.766
1747094400000,103577.727
1747108800000,103543.227
1747123200000,103471.781
1747137600000,103451.516
1747152000000,103546.102
1747166400000,103510.883
1747180800000,103471.586
1747195200000,103420.625
1747209600000,103407.75
1747224000000,103365.25
1747238400000,103286.602
1747252800000,103269.836
1747267200000,103285.625
1747281600000,103282.297
1747296000000,103254.836
1747310400000,103357.047
1747324800000,103390.141
1747339200000,103393.516
1747353600000,103415.555
1747368000000,103341.781
1747382400000,103311.656
1747396800000,103353.656
1747411200000,103376.5
1747425600000,103344.93
1747440000000,103344.625
1747454400000,103352.844
1747468800000,103319.156
1747483200000,103334.156
1747497600000,103426.617
1747512000000,103477.023
1747526400000,103479.445
1747540800000,103531.453
1747555200000,103533.883
1747569600000,103633.156
1747584000000,103646.75
1747598400000,103833.656
1747612800000,103794.523
1747627200000,103741.188
1747641600000,103707.133
1747656000000,103793.594
1747670400000,103932.617
1747684800000,104105.148
1747699200000,104290.984
1747713600000,104414.93
1747728000000,104553.461
1747742400000,104690.016
1747756800000,104898.828
1747771200000,105102.023
1747785600000,105192.102
1747800000000,105366.836
1747814400000,105372.672
1747828800000,105734.414
1747843200000,106094.93
1747857600000,106542.031
1747872000000,107007.891
1747886400000,107377.016
1747900800000,107736.562
1747915200000,108106.336
1747929600000,108516.641
1747944000000,108949.422
1747958400000,109333.078
1747972800000,109578.938
1747987200000,109727.617
1748001600000,109866.742
1748016000000,110012.805
1748030400000,110062.969
1748044800000,110018.758
1748059200000,109949.43
1748073600000,109918.617
1748088000000,109730.164
1748102400000,109590.844
1748116800000,109377.227
1748131200000,109165.828
1748145600000,108931.07
1748160000000,108635.508
1748174400000,108361.758
1748188800000,108160.766
1748203200000,108156.18
1748217600000,108203.383
1748232000000,108297.562
1748246400000,108463.25
1748260800000,108573.617
1748275200000,108676.688
1748289600000,108694.031
1748304000000,108691.008
1748318400000,108728.586
1748332800000,108850.797
1748347200000,108986.297
1748361600000,109134.828
1748376000000,109247.492
1748390400000,109375.508
1748404800000,109450.07
1748419200000,109442.445
1748433600000,109274.055
1748448000000,109061.18
1748462400000,108927.438
1748476800000,108797.242
1748491200000,108712.836
1748505600000,108667.617
1748520000000,108541.75
1748534400000,108286.883
1748548800000,108016.148
1748563200000,107740.117
1748577600000,107417.07
1748592000000,107211.883
1748606400000,106986.398
1748620800000,106704.695
1748635200000,106378.93
1748649600000,106148.516
1748664000000,105937.227
1748678400000,105652.078
1748692800000,105419.883
1748707200000,105209.484
1748721600000,104933.047
1748736000000,104757.984
1748750400000,104664.07
1748764800000,104568.109
1748779200000,104482.141
1748793600000,104488.648
1748808000000,104473.523
1748822400000,104428.148
1748836800000,104480.516
1748851200000,104483.523
1748865600000,104535.664
1748880000000,104580.297
1748894400000,104738.008
1748908800000,104801.438
1748923200000,104833.375
1748937600000,104880.039
1748952000000,105029.758
1748966400000,105160.914
1748980800000,105249.273
1748995200000,105304.875
1749009600000,105318.367
1749024000000,105284.008
1749038400000,105314.195
1749052800000,105283.078
1749067200000,105326.602
1749081600000,105366.234
1749096000000,105373.703
1749110400000,105305.43
1749124800000,105240.977
1749139200000,105019.836
1749153600000,104765.883
1749168000000,104492.242
1749182400000,104285.75
1749196800000,104188.297
1749211200000,104159.258
1749225600000,104086.18
1749240000000,104032.82
1749254400000,104007.562
1749268800000,104006.617
1749283200000,104037.547
1749297600000,104073.25
1749312000000,104152.695
1749326400000,104202.203
1749340800000,104265.609
1749355200000,104502.648
1749369600000,104781.805
1749384000000,105012.297
1749398400000,105221.094
1749412800000,105340.414
1749427200000,105376.516
1749441600000,105466.102
1749456000000,105695.953
1749470400000,105879.234
1749484800000,106125.086
1749499200000,106464.742
1749513600000,106730.391
1749528000000,106963.281
1749542400000,107227.93
1749556800000,107462.844
1749571200000,107735.344
1749585600000,108037.617
1749600000000,108285.172
1749614400000,108494.688
1749628800000,108726.32
1749643200000,108998.062
1749657600000,109208.617
1749672000000,109265.703
1749686400000,109278.492
1749700800000,109211.852
1749715200000,108986.289
1749729600000,108815.445
1749744000000,108653.359
1749758400000,108393.117
1749772800000,108079.797
1749787200000,107771.539
1749801600000,107424.625
1749816000000,107141.281
1749830400000,106853.281
1749844800000,106643.516
1749859200000,106344.758
1749873600000,106100.602
1749888000000,105864.094
1749902400000,105663.828
1749916800000,105467.68
1749931200000,105369.922
1749945600000,105269.469
1749960000000,105179.445
1749974400000,105134.047
1749988800000,105216.844
1750003200000,105242.297
1750017600000,105277.797
1750032000000,105308.438
1750046400000,105437.086
1750060800000,105490.68
1750075200000,105636.094
1750089600000,105874.117
1750104000000,105987.805
1750118400000,106170.594
1750132800000,106310.477
1750147200000,106324.656
1750161600000,106240.297
1750176000000,106188.18
1750190400000,106159.203
1750204800000,106131.875
1750219200000,106110.328
1750233600000,106061.25
1750248000000,105986.938
1750262400000,105769.859
1750276800000,105635.859
1750291200000,105479
1750305600000,105210.875
1750320000000,105075.484
1750334400000,104841.883
1750348800000,104674.938
1750363200000,104609.609
1750377600000,104634.203
1750392000000,104710.453
1750406400000,104805.453
1750420800000,104741.203
1750435200000,104631.266
1750449600000,104526.867
1750464000000,104439.453
1750478400000,104416.773
1750492800000,104349.312
1750507200000,104248.352
1750521600000,104088.352
1750536000000,103911.07
1750550400000,103796.07
1750564800000,103674.195
1750579200000,103544.781
1750593600000,103165.383
1750608000000,102703.555
1750622400000,102369.656
1750636800000,102166.398
1750651200000,102075.016
1750665600000,101942.344
1750680000000,101806.797
1750694400000,101788.969
1750708800000,101890.625
1750723200000,101983.766
1750737600000,102168.094
1750752000000,102374.375
1750766400000,102568.18
1750780800000,102783.414
1750795200000,103009.18
1750809600000,103499.703
1750824000000,104016.633
1750838400000,104433.367
1750852800000,104826.961
1750867200000,105215.422
1750881600000,105620.625
1750896000000,106049.656
1750910400000,106360.57
1750924800000,106491.359
1750939200000,106647.008
1750953600000,106815.461
1750968000000,106934.078
1750982400000,107081.156
1750996800000,107163.57
1751011200000,107224.148
1751025600000,107294.562
1751040000000,107306
1751054400000,107296.531
1751068800000,107313.023
1751083200000,107296.062
1751097600000,107298.492
1751112000000,107271.258
1751126400000,107230.203
1751140800000,107227.758
1751155200000,107222.75
1751169600000,107214.82
1751184000000,107315.461
1751198400000,107335.289
1751212800000,107370.305
1751227200000,107460.094
1751241600000,107539.953
1751256000000,107594
1751270400000,107633.719
1751284800000,107652.227
1751299200000,107666.883
1751313600000,107649.367
1751328000000,107630.594
1751342400000,107625.227
1751356800000,107577.477
1751371200000,107492.828
1751385600000,107357.547
1751400000000,107168.875
1751414400000,107062.523
1751428800000,107039.391
1751443200000,106980.984
1751457600000,106997.797
1751472000000,107137.508
1751486400000,107217.086
1751500800000,107289.578
1751515200000,107394.086
1751529600000,107558.57
1751544000000,107687.234
1751558400000,107864.414
1751572800000,108063.711
1751587200000,108283.039
1751601600000,108505.891
1751616000000,108721.516
1751630400000,108816.734
1751644800000,108845.062
1751659200000,108879.344
1751673600000,108838.805
1751688000000,108727.477
1751702400000,108677.844
1751716800000,108637.188
1751731200000,108560.25
1751745600000,108466.977
1751760000000,108394.75
1751774400000,108276.391
1751788800000,108176.297
1751803200000,108152.797
1751817600000,108139.156
1751832000000,108159.086
1751846400000,108278.117
1751860800000,108381.102
1751875200000,108424.391
1751889600000,108432.898
1751904000000,108431.617
1751918400000,108439.82
1751932800000,108427.195
1751947200000,108447.562
1751961600000,108483.562
1751976000000,108497.125
1751990400000,108545.68
1752004800000,108601.156
1752019200000,108564.586
1752033600000,108576.453
1752048000000,108566.578
1752062400000,108543.523
1752076800000,108724.133
1752091200000,108899.406
1752105600000,109084.758
1752120000000,109300.438
1752134400000,109488.07
1752148800000,109725.508
1752163200000,110050.875
1752177600000,110535.188
1752192000000,111109.453
1752206400000,111700.586
1752220800000,112298.633
1752235200000,112873.156
1752249600000,113502.023
1752264000000,114069.508
1752278400000,114651.477
1752292800000,115050.32
1752307200000,115488.336
1752321600000,115892.734
1752336000000,116313.609
1752350400000,116739.789
1752364800000,117163.719
1752379200000,117474.852
1752393600000,117615.664
1752408000000,117740.992
1752422400000,117831.148
1752436800000,117910.57
1752451200000,118165.492
1752465600000,118475.172
1752480000000,118739.031
1752494400000,118882.156
1752508800000,119033.094
1752523200000,119172.242
1752537600000,119180.25
1752552000000,119131.617
1752566400000,119114.93
1752580800000,119026.625
1752595200000,118925.219
1752609600000,118904.539
1752624000000,118825.477
1752638400000,118776.906
1752652800000,118759.43
1752667200000,118649.422
1752681600000,118419.406
1752696000000,118232.391
1752710400000,118114.508
1752724800000,118006.016
1752739200000,117881.195
1752753600000,117994.836
1752768000000,118140.625
1752782400000,118278.141
1752796800000,118535.719
1752811200000,118733.102
1752825600000,118830.797
1752840000000,118856.023
1752854400000,118801.93
1752868800000,118748.727
1752883200000,118701.258
1752897600000,118631.672
1752912000000,118612.438
1752926400000,118612.172
1752940800000,118592.523
1752955200000,118583.68
1752969600000,118522.469
1752984000000,118461.742
1752998400000,118377.977
1753012800000,118275
1753027200000,118196.438
1753041600000,118069.234
1753056000000,118106.711
1753070400000,118238.891
1753084800000,118246.883
1753099200000,118247.695
1753113600000,118153.008
1753128000000,118088.477
1753142400000,118030.562
1753156800000,118030.242
1753171200000,118120.016
1753185600000,118184.516
1753200000000,118268.945
1753214400000,118409.781
1753228800000,118406.289
1753243200000,118418.82
1753257600000,118503.07
1753272000000,118514.609
1753286400000,118451.383
1753300800000,118496.664
1753315200000,118506.789
1753329600000,118615.359
1753344000000,118696.977
1753358400000,118824.172
1753372800000,118886.562
1753387200000,118828.539
1753401600000,118592.586
1753416000000,118324.344
1753430400000,118091.414
1753444800000,117897.117
1753459200000,117786.203
1753473600000,117724.852
1753488000000,117652.094
1753502400000,117580.484
1753516800000,117516.406
1753531200000,117491.617
1753545600000,117479.297
1753560000000,117431.523
1753574400000,117368.523
1753588800000,117313.477
1753603200000,117295.688
1753617600000,117507.5
1753632000000,117751.883
1753646400000,117943.695
1753660800000,118177.992
1753675200000,118320.336
1753689600000,118396.344
1753704000000,118440.406
1753718400000,118487.625
1753732800000,118502.977
1753747200000,118540.516
1753761600000,118580.734
1753776000000,118624.164
1753790400000,118567.75
1753804800000,118522.984
1753819200000,118508.688
1753833600000,118474.172
1753848000000,118411.688
1753862400000,118279.594
1753876800000,118188.523
1753891200000,118052.586
1753905600000,117983.523
1753920000000,117995.766
1753934400000,118031.078
1753948800000,118046.688
1753963200000,118012.047
1753977600000,117869.68
1753992000000,117677.383
1754006400000,117559.664
1754020800000,117395.125
1754035200000,117219.297
1754049600000,117028.523
1754064000000,116705.859
1754078400000,116420.805
1754092800000,116146.359
1754107200000,115949.734
1754121600000,115678.258
1754136000000,115303.844
1754150400000,114873.586
1754164800000,114486.523
1754179200000,114171.781
1754193600000,113963.734
1754208000000,113835.922
1754222400000,113721.102
1754236800000,113669.555
1754251200000,113596.305
1754265600000,113549.25
1754280000000,113642.234
1754294400000,113723.578
1754308800000,113787.422
1754323200000,113841.344
1754337600000,113927.648
1754352000000,114022.805
1754366400000,114140.297
1754380800000,114292.82
1754395200000,114250.523
1754409600000,114247.398
1754424000000,114267.172
1754438400000,114239.883
1754452800000,114235.555
1754467200000,114236.406
1754481600000,114290.656
1754496000000,114330.594
1754510400000,114366.695
1754524800000,114349.43
1754539200000,114351.867
1754553600000,114448.148
1754568000000,114611.797
1754582400000,114845.82
1754596800000,115024.094
1754611200000,115280.602
1754625600000,115496.523
1754640000000,115684.117
1754654400000,115865.539
1754668800000,116014.453
1754683200000,116179.18
1754697600000,116245.586
1754712000000,116345.828
1754726400000,116486.039
1754740800000,116641.406
1754755200000,116761.422
1754769600000,116763.789
1754784000000,116886.773
1754798400000,116909.617
1754812800000,116965.727
1754827200000,117102.148
1754841600000,117224.766
1754856000000,117382.734
1754870400000,117748.844
1754884800000,118086.625
1754899200000,118345.297
1754913600000,118607.844
1754928000000,118765.25
1754942400000,118873.383
1754956800000,119007.023
1754971200000,119168.422
1754985600000,119301.398
1755000000000,119393.961
1755014400000,119517.297
1755028800000,119637.867
1755043200000,119683.883
1755057600000,119744.703
1755072000000,119829.914
1755086400000,119777.43
1755100800000,119859.594
1755115200000,120047.938
1755129600000,120255.148
1755144000000,120434.961
1755158400000,120588.336
1755172800000,120553.07
1755187200000,120486.875
1755201600000,120477.656
1755216000000,120421.008
1755230400000,120379.992
1755244800000,120308.781
1755259200000,120163.25
1755273600000,119988.656
1755288000000,119776.484
1755302400000,119546.977
1755316800000,119208.492
1755331200000,118813.344
1755345600000,118432.523
1755360000000,118158.773
1755374400000,117918.047
1755388800000,117876.008
1755403200000,117878.547
1755417600000,117876.133
1755432000000,117823.062
1755446400000,117728.586
1755460800000,117621.406
1755475200000,117492.781
1755489600000,117378.805
1755504000000,117218.602
1755518400000,117129.758
1755532800000,117041.047
1755547200000,116960.461
1755561600000,116767.352
1755576000000,116585.758
1755590400000,116459.93
1755604800000,116196.195
1755619200000,115866.156
1755633600000,115499.406
1755648000000,115181.82
1755662400000,114906.133
1755676800000,114653.578
1755691200000,114516.156
1755705600000,114449.234
1755720000000,114399.297
1755734400000,114250.844
1755748800000,114086.156
1755763200000,113878.852
1755777600000,113743.289
1755792000000,113555.75
1755806400000,113351.883
1755820800000,113294.891
1755835200000,113293.781
1755849600000,113257.961
1755864000000,113445.055
1755878400000,113653.414
1755892800000,113868.656
1755907200000,114015.195
1755921600000,114114.523
1755936000000,114182.023
1755950400000,114241.664
1755964800000,114326.383
1755979200000,114479.469
1755993600000,114631.062
1756008000000,114814.297
1756022400000,114967.812
1756036800000,115072.594
1756051200000,115042.609
1756065600000,115124.594
1756080000000,114899.008
1756094400000,114559.016
1756108800000,114179.023
1756123200000,113956.844
1756137600000,113620.078
1756152000000,113276.844
1756166400000,112946.461
1756180800000,112623.086
1756195200000,112252.977
1756209600000,111894.023
1756224000000,111640.219
1756238400000,111439.18
1756252800000,111235.828
1756267200000,111108.539
1756281600000,110961.625
1756296000000,110900.75
1756310400000,110937.773
1756324800000,110939.719
1756339200000,110925.875
1756353600000,111086.578
1756368000000,111273.156
1756382400000,111459.758
1756396800000,111565.898
1756411200000,111744.273
1756425600000,111878.773
1756440000000,111804.844
1756454400000,111693.273
1756468800000,111489.883
1756483200000,111322.32
1756497600000,111125.883
1756512000000,110885.047
1756526400000,110644.992
1756540800000,110474.07
1756555200000,110265.516
1756569600000,109978.5
1756584000000,109703.953
1756598400000,109472.43
1756612800000,109260.352
1756627200000,108983.047
1756641600000,108789.766
1756656000000,108716.828
1756670400000,108593.344
1756684800000,108544.18
1756699200000,108624.102
1756713600000,108649.578
1756728000000,108675.008
1756742400000,108725.93
1756756800000,108762.477
1756771200000,108859.992
1756785600000,108954.406
1756800000000,109016.344
1756814400000,109124.695
1756828800000,109263.703
1756843200000,109451.977
1756857600000,109600.812
1756872000000,109745.688
1756886400000,109958.297
1756900800000,110263.102
1756915200000,110449.109
1756929600000,110645.703
1756944000000,110804.172
1756958400000,110884.664
1756972800000,110992.688
1756987200000,110938.203
1757001600000,110908.086
1757016000000,110973.07
1757030400000,111004.164
1757044800000,111148.094
1757059200000,111222.82
1757073600000,111200.469
1757088000000,111234.477
1757102400000,111183.422
1757116800000,111106.477
1757131200000,111013.523
1757145600000,110950.844
1757160000000,110897.398
1757174400000,110869.758
1757188800000,110826.672
1757203200000,110903.305
1757217600000,110968.93
1757232000000,111008.07
1757246400000,111009.023
1757260800000,110895.617
1757275200000,110814.117
1757289600000,110836.227
1757304000000,110813.016
1757318400000,110903.859
1757332800000,111006.961
1757347200000,111091.992
1757361600000,111177.156
1757376000000,111264.562
1757390400000,111462.023
1757404800000,111611.445
1757419200000,111628.18
1757433600000,111665.133
1757448000000,111681.695
1757462400000,111697.203
1757476800000,111782.797
1757491200000,111861.43
1757505600000,112049.883
1757520000000,112204.398
1757534400000,112333.328
1757548800000,112452.039
1757563200000,112586.156
1757577600000,112718.742
1757592000000,112885.016
1757606400000,112980.656
1757620800000,113185.273
1757635200000,113472.906
1757649600000,113726.312
1757664000000,113953.398
1757678400000,114191.977
1757692800000,114469.57
1757707200000,114721.664
1757721600000,114864.695
1757736000000,115015.117
1757750400000,115151.914
1757764800000,115247.086
1757779200000,115363.906
1757793600000,115491.031
1757808000000,115592.883
1757822400000,115686.711
1757836800000,115709.289
1757851200000,115713.281
1757865600000,115751.055
1757880000000,115776.797
1757894400000,115799.992
1757908800000,115743.758
1757923200000,115679.164
1757937600000,115605.344
1757952000000,115573.039
1757966400000,115531.547
1757980800000,115498.867
1757995200000,115499.109
1758009600000,115455.258
1758024000000,115469.094
1758038400000,115533.094
1758052800000,115596.57
1758067200000,115670.312
1758081600000,115772.211
1758096000000,115836.539
1758110400000,115865.977
1758124800000,115854.188
1758139200000,115944.117
1758153600000,116125.391
1758168000000,116242.719
1758182400000,116355.398
1758196800000,116507.023
1758211200000,116616.234
1758225600000,116737.828
1758240000000,116810.906
1758254400000,116820.102
1758268800000,116795.695
1758283200000,116763.898
1758297600000,116627.164
1758312000000,116585.703
1758326400000,116557.492
1758340800000,116579.492
1758355200000,116545.031
1758369600000,116439.617
1758384000000,116349.617
1758398400000,116258.648
1758412800000,116132.188
1758427200000,116023.016
1758441600000,115925.617
1758456000000,115829.703
1758470400000,115736.734
1758484800000,115660.023
1758499200000,115578.883
1758513600000,115405.617
1758528000000,115223.047
1758542400000,115049.977
1758556800000,114795.016
1758571200000,114579.258
1758585600000,114336.977
1758600000000,114163.117
1758614400000,113983.367
1758628800000,113796.172
1758643200000,113517.68
1758657600000,113274.227
1758672000000,113016.828
1758686400000,112820.141
1758700800000,112671.531
1758715200000,112582.18
1758729600000,112640.727
1758744000000,112668.312
1758758400000,112646.32
1758772800000,112620.547
1758787200000,112532.219
1758801600000,112480.133
1758816000000,112228.633
1758830400000,111961.969
1758844800000,111742.484
1758859200000,111587.234
1758873600000,111398.492
1758888000000,111222.102
1758902400000,110996.922
1758916800000,110772.789
1758931200000,110522.719
1758945600000,110255.711
1758960000000,109988.945
1758974400000,109780.195
1758988800000,109623.75
1759003200000,109509.156
1759017600000,109366.336
1759032000000,109377.062
1759046400000,109403.188
1759060800000,109431.742
1759075200000,109498.469
1759089600000,109699.578
1759104000000,109887.883
1759118400000,110065.969
1759132800000,110229.875
1759147200000,110512.617
1759161600000,110834.656
1759176000000,111168.25
1759190400000,111500.906
1759204800000,111789.562
1759219200000,112019.648
1759233600000,112264.219
1759248000000,112586.852
1759262400000,112895.844
1759276800000,113173.336
1759291200000,113453.328
1759305600000,113761.383
1759320000000,114133.023
1759334400000,114504.156
1759348800000,114937.445
1759363200000,115265.43
1759377600000,115551.344
1759392000000,115850.336
1759406400000,116219.977
1759420800000,116694.047
1759435200000,117191.492
1759449600000,117667.211
1759464000000,118022.383
1759478400000,118447.562
1759492800000,118989.383
1759507200000,119533.656
1759521600000,119899.375
1759536000000,120222.688
1759550400000,120551.812
1759564800000,120778.422
1759579200000,120984.523
1759593600000,121215.969
1759608000000,121455.477
1759622400000,121712.07
1759636800000,121969.469
1759651200000,122165.633
1759665600000,122338.477
1759680000000,122536.57
1759694400000,122744.688
1759708800000,122850.391
1759723200000,122897.938
1759737600000,123027.852
1759752000000,123210.078
1759766400000,123412.43
1759780800000,123588.578
1759795200000,123755.523
1759809600000,123869.703
1759824000000,124009
1759838400000,123883.766
1759852800000,123680.445
1759867200000,123537.938
1759881600000,123441.898
1759896000000,123373.641
1759910400000,123330.547
1759924800000,123216.312
1759939200000,123217.25
1759953600000,123154.797
1759968000000,122955.25
1759982400000,122721.297
1759996800000,122592.438
1760011200000,122381.461
1760025600000,122200.656
1760040000000,122012.977
1760054400000,121956.961
1760068800000,121908.312
1760083200000,121921.609
1760097600000,121763.648
1760112000000,121432.07
1760126400000,120773.719
1760140800000,120122.484
1760155200000,119255.461
1760169600000,118525.07
1760184000000,117846.531
1760198400000,117136.93
1760212800000,116336.828
1760227200000,115641.398
1760241600000,115013.883
1760256000000,114359.336
1760270400000,113837.031
1760284800000,113399.125
1760299200000,112962.867
1760313600000,112685.391
1760328000000,112603.758
1760342400000,112685.203
1760356800000,112816.891
1760371200000,113179.523
1760385600000,113371.82
1760400000000,113483.297
1760414400000,113516.102
1760428800000,113556.688
1760443200000,113703.203
1760457600000,113770.281
1760472000000,113849.984
1760486400000,113770.008
1760500800000,113651.789
1760515200000,113448.023
1760529600000,113178.75
1760544000000,112900.82
1760558400000,112670.031
1760572800000,112466.938
1760587200000,112114.805
1760601600000,111861.438
1760616000000,111529.016
1760630400000,111294.227
1760644800000,111082.648
1760659200000,110831.367
1760673600000,110363.438
1760688000000,109868.383
1760702400000,109516.859
1760716800000,109106.578
1760731200000,108738.188
1760745600000,108487.219
1760760000000,108183.836
1760774400000,107947.445
1760788800000,107654.148
1760803200000,107420.469
1760817600000,107137.625
1760832000000,107051.719
1760846400000,106954.648
1760860800000,106928.117
1760875200000,106881.875
1760889600000,107104.312
1760904000000,107305.086
1760918400000,107529.531
1760932800000,107844.688
1760947200000,108150.422
1760961600000,108420.336
1760976000000,108693.844
1760990400000,108913.859
1761004800000,109054.711
1761019200000,109121.898
1761033600000,109216.266
1761048000000,109626.875
1761062400000,109961.805
1761076800000,109998.078
1761091200000,109981.297
1761105600000,109942.172
1761120000000,109869.641
1761134400000,109753.562
1761148800000,109530.422
1761163200000,109299.18
1761177600000,109114.734
1761192000000,109011.672
1761206400000,108926.523
1761220800000,108982.352
1761235200000,109123.742
1761249600000,109221.289
1761264000000,109023.516
1761278400000,108975.102
1761292800000,109159.211
1761307200000,109278.734
1761321600000,109428.656
1761336000000,109657.961
1761350400000,109831.477
1761364800000,110074.281
1761379200000,110341
1761393600000,110541.172
1761408000000,110697.031
1761422400000,110855.617
1761436800000,110945
1761451200000,111045.141
1761465600000,111258.633
1761480000000,111473.477
1761494400000,111640.188
1761508800000,111869.516
1761523200000,112198.438
1761537600000,112526.359
1761552000000,112814.906
1761566400000,113075.594
1761580800000,113305.094
1761595200000,113473.086
1761609600000,113639.789
1761624000000,113809.016
1761638400000,113989.211
1761652800000,114213.844
1761667200000,114343.812
1761681600000,114319.336
1761696000000,114240.914
1761710400000,114239.641
1761724800000,114146.555
1761739200000,113915.641
1761753600000,113590.375
1761768000000,113235.172
1761782400000,112955.891
1761796800000,112717.133
1761811200000,112425.211
1761825600000,112013.953
1761840000000,111503.562
1761854400000,111099.164
1761868800000,110737.094
1761883200000,110452.602
1761897600000,110285.539
1761912000000,110126.57
1761926400000,109873.609
1761940800000,109634.164
1761955200000,109543.844
1761969600000,109500.188
1761984000000,109503.625
1761998400000,109470.297
1762012800000,109396.688
1762027200000,109418.859
1762041600000,109570.945
1762056000000,109859.555
1762070400000,110050.57
1762084800000,110108.945
1762099200000,110157.758
1762113600000,110165.367
1762128000000,110018.695
1762142400000,109864.453
1762156800000,109747.188
1762171200000,109451.414
1762185600000,109255.336
1762200000000,109020.219
1762214400000,108811.617
1762228800000,108424.297
1762243200000,108057
1762257600000,107600.617
1762272000000,106910.656
1762286400000,106264.023
1762300800000,105734.094
1762315200000,105189.25
1762329600000,104625.312
1762344000000,104342.75
1762358400000,104110.75
1762372800000,103848.078
1762387200000,103707.734
1762401600000,103448.297
1762416000000,103225.312
1762430400000,102880.906
1762444800000,102673.242
1762459200000,102455.25
1762473600000,102368.57
1762488000000,102466.555
1762502400000,102392.539
1762516800000,102298.641
1762531200000,102390.266
1762545600000,102471.57
1762560000000,102393.203
1762574400000,102280.625
1762588800000,102144.094
1762603200000,102014.258
1762617600000,101933.266
1762632000000,101872.094
1762646400000,101850.242
1762660800000,101888.547
1762675200000,101951.82
1762689600000,102076.914
1762704000000,102264.242
1762718400000,102553.812
1762732800000,102906.352
1762747200000,103113.555
1762761600000,103305.219
1762776000000,103472.758
1762790400000,103705.078
1762804800000,103982.742
1762819200000,104299.656
1762833600000,104486.445
1762848000000,104687.344
1762862400000,104809.328
1762876800000,104889.094
1762891200000,104941.656
1762905600000,104911
1762920000000,104798.539
1762934400000,104819.836
1762948800000,104562.898
1762963200000,104217.312
1762977600000,103914.477
1762992000000,103719.203
1763006400000,103562.43
1763020800000,103357.695
1763035200000,103019.438
1763049600000,102610.43
1763064000000,102231.539
1763078400000,101941.117
1763092800000,101537.734
1763107200000,101078.523
1763121600000,100641.297
1763136000000,100149.383
1763150400000,99448.4531
1763164800000,99060.1719
1763179200000,98726.8828
1763193600000,98325.7969
1763208000000,97932.6172
1763222400000,97433.3984
1763236800000,96941.9453
1763251200000,96568.7422
1763265600000,96395.5469
1763280000000,96125.7812
1763294400000,95820.5703
1763308800000,95614.4297
1763323200000,95485.9766
1763337600000,95400.2266
1763352000000,95390.0234
1763366400000,95457.6172
1763380800000,95293.3438
1763395200000,94981.7266
1763409600000,94747.9844
1763424000000,94382.4453
1763438400000,94012.9062
1763452800000,93739.3438
1763467200000,93545.0156
1763481600000,93351.9453
1763496000000,93174.8828
1763510400000,92994.9609
1763524800000,92850.1484
1763539200000,92660.1562
1763553600000,92290.3203
1763568000000,91838.4766
1763582400000,91568.9375
1763596800000,91469.7891
1763611200000,91511.7969
1763625600000,91494.8828
1763640000000,91431.1875
1763654400000,91192.1953
1763668800000,90865.3047
1763683200000,90391.4219
1763697600000,89776.8906
1763712000000,89063.5781
1763726400000,88465.7031
1763740800000,87955.1406
1763755200000,87536.8125
1763769600000,87169.4062
1763784000000,86885.2734
1763798400000,86390.1172
1763812800000,85846.1094
1763827200000,85335.25
1763841600000,84857.5781
1763856000000,84622.7812
1763870400000,84551.1641
1763884800000,84534.8984
1763899200000,84622.4375
1763913600000,84847.4766
1763928000000,85153.9688
1763942400000,85458.5547
1763956800000,85649.6484
1763971200000,85725.6641
1763985600000,85872.5625
1764000000000,86123.9766
1764014400000,86405.9062
1764028800000,86644.0781
1764043200000,86831.7109
1764057600000,87009.5703
1764072000000,87055.3828
1764086400000,87128.9062
1764100800000,87198.7266
1764115200000,87201.4531
1764129600000,87243.6016
1764144000000,87260.25
1764158400000,87228.8828
1764172800000,87425.1562
1764187200000,87709.4922
1764201600000,88008.8047
1764216000000,88216.2891
1764230400000,88422.9844
1764244800000,88631.6797
1764259200000,88908.0547
1764273600000,89173.5781
1764288000000,89457.1406
1764302400000,89727.8594
1764316800000,90001.1172
1764331200000,90353.0156
1764345600000,90569.5625
1764360000000,90825.7969
1764374400000,91075.4922
1764388800000,91117.75
1764403200000,91132.2344
1764417600000,91134.1406
1764432000000,91085.875
1764446400000,91049.9297
1764460800000,91050.2578
1764475200000,91014.5859
1764489600000,90996.2656
1764504000000,91013.0859
1764518400000,91051.2031
1764532800000,90980.4531
1764547200000,90579.875
1764561600000,90271.5234
1764576000000,89953.7266
1764590400000,89550.8125
1764604800000,89180.1094
1764619200000,88887.4766
1764633600000,88612.0781
1764648000000,88367.8438
1764662400000,88137.875
1764676800000,88132.3906
1764691200000,88194.1016
1764705600000,88211.9062
1764720000000,88290.8984
1764734400000,88394.0234
1764748800000,88571.0078
1764763200000,88973.5703
1764777600000,89407.1953
1764792000000,89894.5703
1764806400000,90487.4375
1764820800000,91047.5391
1764835200000,91490.3672
1764849600000,91892.7891
1764864000000,92224.4062
1764878400000,92538.625
1764892800000,92627.4297
1764907200000,92651.5703
1764921600000,92654.4297
1764936000000,92510.1953
1764950400000,92285.9062
1764964800000,92040.9219
1764979200000,91860.3281
1764993600000,91631.1797
1765008000000,91376.2969
1765022400000,91123.8594
1765036800000,90857.0859
1765051200000,90610.1406
1765065600000,90391.9609
1765080000000,90218.8594
1765094400000,90023.5547
1765108800000,89849.1562
1765123200000,89792.6016
1765137600000,89728.3828
1765152000000,89770.1172
1765166400000,89897.4766
1765180800000,90072.0234
1765195200000,90090.8438
1765209600000,90124.9844
1765224000000,90193.2891
1765238400000,90236.3125
1765252800000,90308.25
1765267200000,90384.5469
1765281600000,90583.7266
1765296000000,90878.3828
1765310400000,91114.1953
1765324800000,91305.1641
1765339200000,91395.8672
1765353600000,91511.2969
1765368000000,91575.6562
1765382400000,91668.2656
1765396800000,91672.8438
1765411200000,91668.5234
1765425600000,91679.3438
1765440000000,91653.125
1765454400000,91618.1641
1765468800000,91640.8359
1765483200000,91784.4609
1765497600000,91757.1172
1765512000000,91666.0469
1765526400000,91647.75
1765540800000,91481.8984
1765555200000,91311.3047
1765569600000,91186.9062
1765584000000,91072.3047
1765598400000,90897.3047
1765612800000,90785.2656
1765627200000,90798.8047
1765641600000,90794.1172
1765656000000,90794.4766
1765670400000,90821.8594
1765684800000,90783.5938
1765699200000,90572.5703
1765713600000,90354.1875
1765728000000,90101.4219
1765742400000,89816.9766
1765756800000,89773.0625
1765771200000,89741.4844
1765785600000,89701.2734
1765800000000,89480.1719
1765814400000,89200.8516
1765828800000,88938.375
1765843200000,88654.2266
1765857600000,88372.8828
1765872000000,88171.3281
1765886400000,88016.0547
1765900800000,87836.625
1765915200000,87734.3672
1765929600000,87611.6406
1765944000000,87502.8828
1765958400000,87422.3828
1765972800000,87284.7422
1765987200000,87034.4219
1766001600000,86804.0625
1766016000000,86774.1953
1766030400000,86818.0234
1766044800000,86872.7969
1766059200000,87048.4766
1766073600000,86945.8438
1766088000000,86827.4766
1766102400000,86753.1484
1766116800000,86774.8203
1766131200000,86795.25
1766145600000,86843.9688
1766160000000,86894.7969
1766174400000,86970.2578
1766188800000,87033.7344
1766203200000,87182.7344
1766217600000,87318.3359
1766232000000,87421.9453
1766246400000,87514.6172
1766260800000,87587.4062
1766275200000,87559.0391
1766289600000,87805.6406
1766304000000,88012.7578
1766318400000,88092.5234
1766332800000,88130.2969
1766347200000,88162.3203
1766361600000,88217.6562
1766376000000,88308.5703
1766390400000,88430.4297
1766404800000,88532.1562
1766419200000,88518.0078
1766433600000,88540.1797
1766448000000,88539.0156
1766462400000,88493.4766
1766476800000,88458.2422
1766491200000,88414.8203
1766505600000,88385.9297
1766520000000,88310.0234
1766534400000,88260.4375
1766548800000,88153.125
1766563200000,88055.0781
1766577600000,87937.9219
1766592000000,87828.4844
1766606400000,87675.9297
1766620800000,87548.5391
1766635200000,87532.8516
1766649600000,87459.3594
1766664000000,87472.5625
1766678400000,87512.0938
1766692800000,87470.4375
1766707200000,87560.7266
1766721600000,87607.3906
1766736000000,87677.1406
1766750400000,87662.5547
1766764800000,87699.9766
1766779200000,87709.5547
1766793600000,87740.7031
1766808000000,87740.1172
1766822400000,87726.2891
1766836800000,87708.125
1766851200000,87689.8594
1766865600000,87713.2734
1766880000000,87672.2578
1766894400000,87644.1328
1766908800000,87686.8359
1766923200000,87621.9219
1766937600000,87558.8125
1766952000000,87519.3984
1766966400000,87718.4297
1766980800000,87861.3047
1766995200000,87871.7578
1767009600000,87881.25
1767024000000,87867.2109
1767038400000,87850.4531
1767052800000,87835.3906
1767067200000,87826.7188
1767081600000,87825.4688
1767096000000,87907.9297
1767110400000,87939.1875
1767124800000,87979.6562
1767139200000,88018.3828
1767153600000,88088.1719
1767168000000,88156.7188
1767182400000,88009.1094
1767196800000,87867.5938
1767211200000,87872.75
1767225600000,87882.2734
1767240000000,87897.7422
1767254400000,87947.2344
1767268800000,87989.625
1767283200000,88049.4844
1767297600000,88111.4609
1767312000000,88106.8672
1767326400000,88147.5703
1767340800000,88214.3828
1767355200000,88279.6016
1767369600000,88369.1406
1767384000000,88438.4375
1767398400000,88601.1953
1767412800000,88741.9844
1767427200000,88886.5938
1767441600000,89031.9062
1767456000000,89202.7031
1767470400000,89382.5
1767484800000,89600.375
1767499200000,89814.0547
1767513600000,89983.0156
1767528000000,90145.3438
1767542400000,90302.7734
1767556800000,90441.1328
1767571200000,90674.3125
1767585600000,90849.6406
1767600000000,91058.6172
1767614400000,91299.4453
1767628800000,91614.4297
1767643200000,91891.7578
1767657600000,92146.9062
1767672000000,92356.6562
1767686400000,92571.0547
1767700800000,92732.0625
1767715200000,92770.4297
1767729600000,92932.8984
1767744000000,93031.1328
1767758400000,93143.6953
1767772800000,93178.6953
1767787200000,93074.25
1767801600000,92982.6016
1767816000000,92862.8984
1767830400000,92649.25
1767844800000,92391.8438
1767859200000,92142.2969
1767873600000,91937.1953
1767888000000,91779.25
1767902400000,91591.7969
1767916800000,91427.25
1767931200000,91333.5391
1767945600000,91110.0391
1767960000000,90997.4375
1767974400000,90825.4844
1767988800000,90725.5781
1768003200000,90675.8203
1768017600000,90639.0156
1768032000000,90594.7031
1768046400000,90585.3594
1768060800000,90592.7266
1768075200000,90611.1094
1768089600000,90608.4844
1768104000000,90591.75
1768118400000,90568.1172
1768132800000,90543.25
1768147200000,90537.6797
1768161600000,90574.1172
1768176000000,90615.6719
1768190400000,90687.25
1768204800000,90686.6562
1768219200000,90756.4062
1768233600000,90838.0703
1768248000000,90876.3438
1768262400000,90927.7422
1768276800000,91019.0938
1768291200000,91120.7891
1768305600000,91305.4297
1768320000000,91543.5625
1768334400000,91859.3281
1768348800000,92187.1875
1768363200000,92495.5
1768377600000,92753.9609
1768392000000,93089.0078
1768406400000,93485.0781
1768420800000,93913.4062
1768435200000,94206.2031
1768449600000,94528.2031
1768464000000,94885.8047
1768478400000,95242.3516
1768492800000,95481.5703
1768507200000,95723.8281
1768521600000,95849.8906
1768536000000,95946.9375
1768550400000,95947.3438
1768564800000,95871.6719
1768579200000,95855.3438
1768593600000,95903.875
1768608000000,95809.0391
1768622400000,95663.1953
1768636800000,95551.8281
1768651200000,95523.8203
1768665600000,95433.9922
1768680000000,95337.5312
1768694400000,95235.6562
1768708800000,95206.1328
1768723200000,95176.8672
1768737600000,95161.5
1768752000000,95141.5078
1768766400000,95023.8984
1768780800000,94897.6406
1768795200000,94753.5078
1768809600000,94595.9688
1768824000000,94443.0312
1768838400000,94310.0703
1768852800000,94129.1562
1768867200000,93917.3594
1768881600000,93638.6562
1768896000000,93373.5703
1768910400000,93069.6328
1768924800000,92708.8828
1768939200000,92255.1172
1768953600000,91872.6172
1768968000000,91460.0703
1768982400000,91132.0078
1768996800000,90968.75
1769011200000,90801.4844
1769025600000,90550.2344
1769040000000,90336.1562
1769054400000,90114.1641
1769068800000,89934.9453
1769083200000,89706.4141
1769097600000,89615.1641
1769112000000,89504.1172
1769126400000,89454.7031
1769140800000,89443.4141
1769155200000,89496.7344
1769169600000,89516.8125
1769184000000,89566.1094
1769198400000,89618.1875
1769212800000,89581.5234
1769227200000,89528.25
1769241600000,89535.1562
1769256000000,89491.7969
1769270400000,89455.5938
1769284800000,89403.9062
1769299200000,89396.2891
1769313600000,89318.125
1769328000000,89250.5234
1769342400000,89150.3359
1769356800000,88947.6562
1769371200000,88779.2734
1769385600000,88616.0078
1769400000000,88484.2891
1769414400000,88370.0156
1769428800000,88230.25
1769443200000,88126.9141
1769457600000,88045.8516
1769472000000,88014.7422
1769486400000,87951.1016
1769500800000,87870.5703
1769515200000,87810.5078
1769529600000,87793.5781
1769544000000,87837.9453
1769558400000,87881.5
1769572800000,88055.6328
1769587200000,88281.6484
1769601600000,88427.2344
1769616000000,88522.3516
1769630400000,88616.2188
1769644800000,88640.875
1769659200000,88659.7344
1769673600000,88621.8516
1769688000000,88362.2031
1769702400000,88071.6172
1769716800000,87846.4141
1769731200000,87488.0234
1769745600000,87114.75
1769760000000,86705.4531
1769774400000,86289.1484
1769788800000,85963.6797
1769803200000,85574.7656
1769817600000,85210.8359
1769832000000,84817.1094
1769846400000,84396.8359
1769860800000,83947.1406
1769875200000,83242.6562
1769889600000,82641.7969
1769904000000,82242.1719
1769918400000,81868.8672
1769932800000,81480.5312
1769947200000,81145.2188
1769961600000,80773.3281
1769976000000,80367.7266
1769990400000,79931.625
1770004800000,79425.6641
1770019200000,78994.2031
1770033600000,78654.0547
1770048000000,78310.1875
1770062400000,78030.5625
1770076800000,77863.8125
1770091200000,77935.0625
1770105600000,77891.1172
1770120000000,77843.5938
1770134400000,77614.9844
1770148800000,77413.8516
1770163200000,77353.125
1770177600000,77305.75
1770192000000,77240.6172
1770206400000,77095.0703
1770220800000,76909.6875
1770235200000,76598.4141
1770249600000,76084.5469
1770264000000,75572.9453
1770278400000,75007.3438
1770292800000,74254.2109
1770307200000,73348.5156
1770321600000,72334.4766
1770336000000,71402.7578
1770350400000,70730.0391
1770364800000,70121.4453
1770379200000,69586.8984
1770393600000,69203.7734
1770408000000,68843.0312
1770422400000,68632.2578
1770436800000,68251.5625
1770451200000,67913.1641
1770465600000,67778.7266
1770480000000,67694.1953
1770494400000,67630.7969
1770508800000,67741.9453
1770523200000,68043.4844
1770537600000,68585.0156
1770552000000,69054.3281
1770566400000,69495.1406
1770580800000,69744.7188
1770595200000,69922.6484
1770609600000,69902.9688
1770624000000,69792.2344
1770638400000,69702.4453
1770652800000,69890.0938
1770667200000,70035.7031
1770681600000,70061.3359
1770696000000,70029.7422
1770710400000,69978.5781
1770724800000,69992.1328
1770739200000,69950.5625
1770753600000,69807.0469
1770768000000,69605.8672
1770782400000,69313.9375
1770796800000,69097.2422
1770811200000,68778.5312
1770825600000,68591.1953
1770840000000,68469.7969
1770854400000,68336.8125
1770868800000,68089.6719
1770883200000,67951.9766
1770897600000,67794.8828
1770912000000,67587.2891
1770926400000,67435.5938
1770940800000,67252.0859
1770955200000,67060.3438
1770969600000,66949.4375
1770984000000,66983.1484
1770998400000,67109.5938
1771012800000,67227.7109
1771027200000,67391.1328
1771041600000,67500.5703
1771056000000,67730.0391
1771070400000,67878.9688
1771084800000,68056.7109
1771099200000,68172.4609
1771113600000,68360.7578
1771128000000,68697.3281
1771142400000,68967.6406
1771156800000,69138.3438
1771171200000,69278.2031
1771185600000,69389.1562
1771200000000,69372.6094
1771214400000,69350.4688
1771228800000,69352.0859
1771243200000,69257.2969
1771257600000,69169.6953
1771272000000,69062.0859
1771286400000,68973.8828
1771300800000,68874.5703
1771315200000,68743.625
1771329600000,68571.8047
1771344000000,68369.9219
1771358400000,68183.3516
1771372800000,68085.75
1771387200000,68074.2422
1771401600000,67977.8125
1771416000000,67930.6562
1771430400000,67769.3359
1771444800000,67609.4062
1771459200000,67573.2109
1771473600000,67527.5078
1771488000000,67367.75
1771502400000,67231.1641
1771516800000,67143.2031
1771531200000,67087.7109
1771545600000,67087.5938
1771560000000,67090.1719
1771574400000,67079.9766
1771588800000,67078.1641
1771603200000,67048.0938
1771617600000,67093.0547
1771632000000,67091.1797
1771646400000,67204.6094
1771660800000,67314.2266
1771675200000,67423.4297
1771689600000,67512.1641
1771704000000,67612.125
1771718400000,67721.25
1771732800000,67785.4297
1771747200000,67866.6406
1771761600000,67888.4766
1771776000000,67862.0078
1771790400000,67882.2031
1771804800000,67705.3828
1771819200000,67592.6562
1771833600000,67470.8828
1771848000000,67337.6953
1771862400000,67100.7656
1771876800000,66872.9766
1771891200000,66535.7109
1771905600000,66179.875
1771920000000,65862.8359
1771934400000,65592.7734
1771948800000,65354.668
1771963200000,65079.1055
1771977600000,64927.0781
1771992000000,64768.8789
1772006400000,64623.0547
1772020800000,64789.2461
1772035200000,64996
1772049600000,65116.1406
1772064000000,65287.4414
1772078400000,65524.5
1772092800000,65750.0469
1772107200000,66006.3672
1772121600000,66299.6562
1772136000000,66584.0234
1772150400000,66825.625
1772164800000,67043.3281
1772179200000,67180.5312
1772193600000,67227.7188
1772208000000,67251.0547
1772222400000,67280.9766
1772236800000,67172.8984
1772251200000,66823.8438
1772265600000,66547.6875
1772280000000,66322.2109
1772294400000,66224.0156
1772308800000,66154.2188
1772323200000,66161.6875
1772337600000,66132.8125
1772352000000,66065.3828
1772366400000,66014.1875
1772380800000,65899.0781
1772395200000,65875
1772409600000,65922.5078
1772424000000,65963.8203
1772438400000,65996.4844
1772452800000,66217.9297
1772467200000,66561.8438
1772481600000,66894.0703
1772496000000,67129.1172
1772510400000,67249.4297
1772524800000,67251.3438
1772539200000,67265.5078
1772553600000,67350.875
1772568000000,67475.5234
1772582400000,67535.3828
1772596800000,67770.8828
1772611200000,68127.9297
1772625600000,68567.2266
1772640000000,69076.6016
1772654400000,69498.6562
1772668800000,69725.5625
1772683200000,69932.7578
1772697600000,70206.8438
1772712000000,70426.6016
1772726400000,70610.0234
1772740800000,70867.0391
1772755200000,71091.2969
1772769600000,71266.7422
1772784000000,71392.6484
1772798400000,71443.3438
1772812800000,71352.0703
1772827200000,71150.7031
1772841600000,70796.7344
1772856000000,70409.9844
1772870400000,70097.3906
1772884800000,69788.6562
1772899200000,69455.4219
1772913600000,69077.4844
1772928000000,68766.7969
1772942400000,68525.8906
1772956800000,68302.4141
1772971200000,68045.4062
1772985600000,67797.1094
1773000000000,67513.5703
1773014400000,67428.0391
1773028800000,67388.7734
1773043200000,67365.9609
1773057600000,67418.4766
1773072000000,67496.1172
1773086400000,67524.9531
1773100800000,67628.0547
1773115200000,67850.3828
1773129600000,68072.5391
1773144000000,68363.1406
1773158400000,68546.7969
1773172800000,68709.3906
1773187200000,68864.1719
1773201600000,69018.5469
1773216000000,69232.7031
1773230400000,69434.1406
1773244800000,69642.6641
1773259200000,69805.2422
1773273600000,69843.4375
1773288000000,69898.3984
1773302400000,70031.7969
1773316800000,70092.7344
1773331200000,70094.8203
1773345600000,70090.6094
1773360000000,70093.9297
1773374400000,70198.6562
1773388800000,70350.7969
1773403200000,70504.6016
1773417600000,70606.4922
1773432000000,70724.4922
1773446400000,70781.8906
1773460800000,70778.1406
1773475200000,70814.9141
1773489600000,70891.6875
1773504000000,70950.4297
1773518400000,71001.6406
1773532800000,71069.5312
1773547200000,71138.1953
1773561600000,71226.5234
1773576000000,71232.0156
1773590400000,71227.1641
1773604800000,71266.3125
1773619200000,71381.5703
1773633600000,71533.1016
1773648000000,71706.6094
1773662400000,71852.5312
1773676800000,72076.0859
1773691200000,72352.4453
1773705600000,72609.3438
1773720000000,72846.5391
1773734400000,73035.5781
1773748800000,73207.6016
1773763200000,73412.0938
1773777600000,73549.6172
1773792000000,73748.9297
1773806400000,73904.9922
1773820800000,73913.4844
1773835200000,73774.0938
1773849600000,73612.4844
1773864000000,73458.6719
1773878400000,73321.2656
1773892800000,73069.4844
1773907200000,72740.3828
1773921600000,72403.4688
1773936000000,72137.25
1773950400000,71862.2656
1773964800000,71647.7188
1773979200000,71401.2969
1773993600000,71170.125
1774008000000,70862.2422
1774022400000,70613.0469
1774036800000,70449.7422
1774051200000,70394.7109
1774065600000,70372.8516
1774080000000,70332.0938
1774094400000,70291.7734
1774108800000,70305.4062
1774123200000,70235.7812
1774137600000,70230.8516
1774152000000,70139.1172
1774166400000,70024.8672
1774180800000,69900.1641
1774195200000,69723.8594
1774209600000,69550.5234
1774224000000,69431.2031
1774238400000,69308.6641
1774252800000,69282.0234
1774267200000,69246.1484
1774281600000,69243.4297
1774296000000,69260.0859
1774310400000,69252.5938
1774324800000,69312.6562
1774339200000,69460.9219
1774353600000,69495.4062
1774368000000,69524.2344
1774382400000,69679.0859
1774396800000,69801.6406
1774411200000,69982.4531
1774425600000,70237.1172
1774440000000,70419.7109
1774454400000,70588.9141
1774468800000,70669.4453
1774483200000,70720.4609
1774497600000,70679.9375
1774512000000,70570.4297
1774526400000,70473.9922
1774540800000,70286.7031
1774555200000,70129.8828
1774569600000,70055.1016
1774584000000,69998.7109
1774598400000,69741.375
1774612800000,69434.2734
1774627200000,69107.6016
1774641600000,68753.2578
1774656000000,68445.5547
1774670400000,68155.75
1774684800000,67821.6562
1774699200000,67560.9766
1774713600000,67348.1641
1774728000000,67154.2422
1774742400000,67008.2422
1774756800000,66884.3906
1774771200000,66749.5391
1774785600000,66599.7734
1774800000000,66455.5547
1774814400000,66408.7656
1774828800000,66477.4062
1774843200000,66582.2578
1774857600000,66666.75
1774872000000,66760.0156
1774886400000,66760.1094
1774900800000,66789.8984
1774915200000,66834.9766
1774929600000,66866.1172
1774944000000,66886.375
1774958400000,66874.9766
1774972800000,66953.1641
1774987200000,67051.25
1775001600000,67160.6172
1775016000000,67317.2188
1775030400000,67498.7422
1775044800000,67618.5547
1775059200000,67656.4297
1775073600000,67687.8281
1775088000000,67619.2188
1775102400000,67645.5625
1775116800000,67609.1094
1775131200000,67555.4844
1775145600000,67530.9219
1775160000000,67549.1797
1775174400000,67542.0703
1775188800000,67492.5703
1775203200000,67411.6484
1775217600000,67326.2266
1775232000000,67206.2578
1775246400000,67090.8203
1775260800000,66952.3359
1775275200000,66876.5
1775289600000,66814.3438
1775304000000,66868.6562
1775318400000,66894.1875
1775332800000,66966.3516
1775347200000,66985.4766
1775361600000,66974.9453
1775376000000,66980.3828
1775390400000,67027.3906
1775404800000,67046.4297
1775419200000,67178.0391
1775433600000,67328.5469
1775448000000,67476.8359
1775462400000,67653.7188
1775476800000,67861.8594
1775491200000,68041.8984
1775505600000,68154.7109
1775520000000,68248.5703
1775534400000,68336.0234
1775548800000,68405.5391
1775563200000,68473.4688
1775577600000,68620.2266
1775592000000,68949.4844
1775606400000,69215.9297
1775620800000,69503.4297
1775635200000,69682.4297
1775649600000,69830.0547
1775664000000,69979.5781
1775678400000,70077.7812
1775692800000,70147.6953
1775707200000,70231.9141
1775721600000,70384.8984
1775736000000,70608.8594
1775750400000,70842.4688
1775764800000,71073.625
1775779200000,71322.2422
1775793600000,71488.0703
1775808000000,71501.6562
1775822400000,71580.6875
1775836800000,71688.7969
1775851200000,71776.6406
1775865600000,71882.625
1775880000000,71979.7031
1775894400000,72103.7422
1775908800000,72229.2656
1775923200000,72411.8281
1775937600000,72539.7656
1775952000000,72505.1484
1775966400000,72478.5234
1775980800000,72458.1172
1775995200000,72393.5469
1776009600000,72368.5234
1776024000000,72276.0156
1776038400000,72177.7344
1776052800000,72015.1875
1776067200000,71877.75
1776081600000,71810.125
1776096000000,71848.2031
1776110400000,71948.6953
1776124800000,72054.9531
1776139200000,72113.4062
1776153600000,72202.6016
1776168000000,72451.7109
1776182400000,72619.9375
1776196800000,72798.6172
1776211200000,73029.0703
1776225600000,73204.9219
1776240000000,73436.6719
1776254400000,73627.3828
1776268800000,73906.0781
1776283200000,74165.6641
1776297600000,74366.75
1776312000000,74456.8203
1776326400000,74465.3281
1776340800000,74480.2812
1776355200000,74531.4297
1776369600000,74583.1172
1776384000000,74533.2969
1776398400000,74590.3359
1776412800000,74686.0469
1776427200000,74915.8828
1776441600000,75160.1719
1776456000000,75352.7969
1776470400000,75563.75
1776484800000,75697.875
1776499200000,75780.25
1776513600000,75866.1016
1776528000000,75930.7656
1776542400000,76007.1562
1776556800000,76063.125
1776571200000,76058.9688
1776585600000,76088.9297
1776600000000,76171.8281
1776614400000,76164.9609
1776628800000,76045.8906
1776643200000,75834.8594
1776657600000,75662.7188
1776672000000,75536.7031
1776686400000,75451.7109
1776700800000,75404.5859
1776715200000,75392.4922
1776729600000,75362.8594
1776744000000,75393.1172
1776758400000,75443.3438
1776772800000,75464.3047
1776787200000,75445.9453
1776801600000,75493.5781
1776816000000,75605.0703
1776830400000,75808.5
1776844800000,76107.2031
1776859200000,76417.5469
1776873600000,76685.3828
1776888000000,76884.1562
1776902400000,77018.1172
1776916800000,77135.5938
1776931200000,77258.0312
1776945600000,77434.4453
1776960000000,77540.4531
1776974400000,77659.3438
1776988800000,77785.9453
1777003200000,77964.2969
1777017600000,78091.875
1777032000000,78127.9453
1777046400000,78102.4062
1777060800000,78046.1953
1777075200000,77938.0859
1777089600000,77848.1016
1777104000000,77813.8281
1777118400000,77787.6328
1777132800000,77739.1562
1777147200000,77734.1562
1777161600000,77668.8125
1777176000000,77695.0859
1777190400000,77685.3516
1777204800000,77705.1875
1777219200000,77741.9297
1777233600000,77768.6562
1777248000000,77838.2422
1777262400000,77835.2109
1777276800000,77860.8047
1777291200000,77801.0703
1777305600000,77758.75
1777320000000,77736.9062
1777334400000,77700.1719
1777348800000,77667.5
1777363200000,77572.2109
1777377600000,77481.2188
1777392000000,77361.1797
1777406400000,77241.9531
1777420800000,77169.75
1777435200000,77089.9062
1777449600000,77018.1875
1777464000000,76804.6875
1777478400000,76666.0781
1777492800000,76526.7812
1777507200000,76467
1777521600000,76417.6562
1777536000000,76328.1406
1777550400000,76303.0703
1777564800000,76270.6172
1777579200000,76275.7656
1777593600000,76345.4766
1777608000000,76399.0234
1777622400000,76473.7031
1777636800000,76570.9766
1777651200000,76657.2891
1777665600000,76700.0625
1777680000000,76865.6953
1777694400000,77044.8359
1777708800000,77204.1953
1777723200000,77376.3438
1777737600000,77532.0391
1777752000000,77709.6094
1777766400000,77826.5234
1777780800000,77958.3672
1777795200000,78115.8828
1777809600000,78219.875
1777824000000,78328.5781
1777838400000,78402.6016
1777852800000,78527.8672
1777867200000,78617.1953
1777881600000,78653.3594
1777896000000,78760.8516
1777910400000,78881.7422
1777924800000,78995.6172
1777939200000,79155.8828
1777953600000,79316.6562
1777968000000,79471.6094
1777982400000,79692.9844
1777996800000,79909.0938
1778011200000,80058.1641
1778025600000,80252.1641
1778040000000,80426.4688
1778054400000,80690.3438
1778068800000,80782
1778083200000,80899.5547
1778097600000,81076.4141
1778112000000,81130.8281
1778126400000,81229.6953
1778140800000,81297.1016
1778155200000,81231.9297
1778169600000,81181.1406
1778184000000,81114.0625
1778198400000,80983.7734
1778212800000,80855.8516
1778227200000,80811.0469
1778241600000,80714.6641
1778256000000,80634.6953
1778270400000,80479.6406
1778284800000,80392.2422
1778299200000,80310.5469
1778313600000,80238.5469
1778328000000,80217.7266
1778342400000,80178.7031
1778356800000,80165.7031
1778371200000,80223.0312
1778385600000,80263.0234
1778400000000,80317.4453
1778414400000,80440.5312
1778428800000,80557.1406
1778443200000,80690.1484
1778457600000,80729.875
1778472000000,80767.0547
1778486400000,80832.9141
1778500800000,80902.0391
1778515200000,81017.5234
1778529600000,81109.3594
1778544000000,81144.2188
1778558400000,81137.7812
1778572800000,81143.2109
1778587200000,81112.3906
1778601600000,81118.2344
1778616000000,81095.7891
1778630400000,81084.1719
1778644800000,81055.8906
1778659200000,80940.4766
1778673600000,80812.4219
1778688000000,80737.5703
1778702400000,80611.4766
1778716800000,80451.0234
1778731200000,80301.2891
1778745600000,80134.4219
1778760000000,80150.2031
1778774400000,80188.7344
1778788800000,80210.4297
1778803200000,80260.1172
1778817600000,80260.5391
1778832000000,80269.3828
1778846400000,80128.6172
1778860800000,80001.8672
1778875200000,79906.6172
1778889600000,79924.4297
1778904000000,79839.9688
1778918400000,79757.1641
1778932800000,79702.9062
1778947200000,79604.3438
1778961600000,79529.75
1778976000000,79310.4766
1778990400000,79092.875
1779004800000,78912.8516
1779019200000,78710.3594
1779033600000,78549.2109
1779048000000,78335.9297
1779062400000,78187.8281
1779076800000,78049.5234
1779091200000,77928.3828
1779105600000,77749.6953
1779120000000,77651.8281
1779134400000,77578.9375
1779148800000,77481.4453
1779163200000,77411.4531
1779177600000,77314.6016
1779192000000,77213.2734
1779206400000,77120.9766
1779220800000,77014.6562
1779235200000,76924.4453
1779249600000,76846.0703
1779264000000,76838.9375
1779278400000,76872.0703
1779292800000,76911.1328
1779307200000,76927.9766
1779321600000,77037.0234
1779336000000,77099.5703
1779350400000,77110.9062
1779364800000,77141.0547
1779379200000,77170.5156
1779393600000,77231.4297
1779408000000,77313.8594
1779422400000,77351.7969
1779436800000,77390.1172
1779451200000,77393.6484
1779465600000,77298.1797
1779480000000,77174.6484
1779494400000,77052.1562
1779508800000,76846.0391
1779523200000,76661.2734
1779537600000,76489.4766
1779552000000,76361.5625
1779566400000,76330.1875
1779580800000,76293.6953
1779595200000,76232.2266
1779609600000,76208.1172
1779624000000,76113.625
1779638400000,76070.6484
1779652800000,76044.75
1779667200000,76060.2344
1779681600000,76162.1562
1779696000000,76284.25
1779710400000,76417.7266
1779724800000,76608.6094
1779739200000,76777.3984
1779753600000,76854.4844
1779768000000,76904.9766
1779782400000,76936.3438
1779796800000,76921.3828
1779811200000,76869.4141
1779825600000,76777.6016
1779840000000,76728.5234
1779854400000,76673.5391
1779868800000,76586.0781
1779883200000,76470.8906
1779897600000,76313.4297
1779912000000,76117.8203
1779926400000,75824.8203
1779940800000,75558.9766
1779955200000,75303.2734
1779969600000,75053.1172
1779984000000,74831.7891
1779998400000,74593.4375
1780012800000,74380.3438
1780027200000,74215.8203
1780041600000,74054.1562
1780056000000,73930.8828
1780070400000,73769.8438
1780084800000,73618.4688
1780099200000,73500.2266
1780113600000,73401.3281
1780128000000,73345.2578
1780142400000,73389.6875
1780156800000,73424.6797
1780171200000,73448.8828
1780185600000,73529
1780200000000,73558.8906
1780214400000,73579.2891
1780228800000,73602.0703
1780243200000,73603.2891
1780257600000,73615.9531
1780272000000,73613.8672
1780286400000,73565.9766
1780300800000,73501.5469
1780315200000,73340.3828
1780329600000,73210.3984
1780344000000,73064.9766
1780358400000,72867.4688
1780372800000,72607.6953
1780387200000,72314.9219
1780401600000,71857.6172
1780416000000,71419.3906
1780430400000,70940.25
1780444800000,70421.0703
1780459200000,69999.0078
1780473600000,69558.6328
1780488000000,69046.7734
1780502400000,68557.7109
1780516800000,68000.4453
1780531200000,67552.6797
1780545600000,67021.5859
1780560000000,66431.7656
1780574400000,65963.0391
1780588800000,65532.3477
1780603200000,65161.2617
1780617600000,64858.8867
1780632000000,64582.3008
1780646400000,64265.8867
1780660800000,63908.2812
1780675200000,63452.0586
1780689600000,63055.0742
1780704000000,62700.7461
1780718400000,62405.9219
1780732800000,62187.5664
1780747200000,61950.8203
1780761600000,61752.168
1780776000000,61645.5586
1780790400000,61501.7344
1780804800000,61423.2852
1780819200000,61343.1328
1780833600000,61304.7812
1780848000000,61188.3672
1780862400000,61281.4727
1780876800000,61461.8086
1780891200000,61658.5195
1780905600000,61818.9922
1780920000000,62024.4805
1780934400000,62183.8789
1780948800000,62335.793
1780963200000,62476.1484
1780977600000,62649.707
1780992000000,62770.0195
1781006400000,62731.3594
1781020800000,62710.4648
1781035200000,62649.2734
1781049600000,62611.3203
1781064000000,62633.0742
1781078400000,62477.8398
1781092800000,62443.6992
1781107200000,62353.875
1781121600000,62222.5469
1781136000000,62147.0469
1781150400000,62100.4531
1781164800000,62098.7734
1781179200000,62087.8281
1781193600000,62111.9453
1781208000000,62170.5664
1781222400000,62327.2383
1781236800000,62390.1133
1781251200000,62522.9922
1781265600000,62660.2812
1781280000000,62788.4062
1781294400000,62959.1016
1781308800000,63019.1484
1781323200000,63147.5469
1781337600000,63312.2383
1781352000000,63422.0078
1781366400000,63529.5273
1781380800000,63621.9805
1781395200000,63743.7383
1781409600000,63801.7734
1781424000000,63866.0586
1781438400000,63902.1328
1781452800000,63952.8594
1781467200000,64087.8867
1781481600000,64243.3281
1781496000000,64382.7344
1781510400000,64559.6523
1781524800000,64810.4727
1781539200000,64994.7344
1781553600000,65152.0078
1781568000000,65275.293
1781582400000,65413.8867
1781596800000,65548.9844
1781611200000,65635.1562
1781625600000,65716.7891
1781640000000,65789.25
1781654400000,65909.6016
1781668800000,66023.5703
1781683200000,65959.3438
1781697600000,65946.9766
1781712000000,65854.0625
1781726400000,65736.9766
1781740800000,65534.8516
1781755200000,65391.9531
1781769600000,65233.9219
1781784000000,64978.9883
1781798400000,64748.3008
1781812800000,64511.2188
1781827200000,64304.7539
1781841600000,64100.2656
1781856000000,63897.4609
1781870400000,63722.0391
1781884800000,63553.6055
1781899200000,63469.668
1781913600000,63316.2188
1781928000000,63271.7461
1781942400000,63217.0938
1781956800000,63208.7852
1781971200000,63170.9141
1781985600000,63190.9062
1782000000000,63328.5391
1782014400000,63411.0781
1782028800000,63491.1719
1782043200000,63586.4141
1782057600000,63690.4453
1782072000000,63734.3945
1782086400000,63783.2266
1782100800000,63862.1602
1782115200000,63935.4883
1782129600000,64026.1484
1782144000000,64081.9062
1782158400000,64103.8594
1782172800000,64095.3203
1782187200000,64023.6602
1782201600000,63904.5664
1782216000000,63774.5547
1782230400000,63653.4062
1782244800000,63557.8086
1782259200000,63458.4258
1782273600000,63354.9062
1782288000000,63328.3477
1782302400000,63080.8477
1782316800000,62796.3477
1782331200000,62555.7461
1782345600000,62290.332
1782360000000,62117.0664
1782374400000,61933.2344
1782388800000,61633.0781
1782403200000,61395.5586
1782417600000,61213.5781
1782432000000,61049.2656
1782446400000,60925.1484
1782460800000,60703.4062
1782475200000,60542.8398
1782489600000,60349.3672
1782504000000,60161.1328
1782518400000,60164.332
1782532800000,60203.0195
1782547200000,60156.2148
1782561600000,60153.8281
1782576000000,60037.4414
1782590400000,59953.4883
1782604800000,59997.0781
1782619200000,60057.3594
1782633600000,60093.9062
1782648000000,60084.1328
1782662400000,60014.5938
1782676800000,60024.793
1782691200000,60005.5742
1782705600000,60024.9727
1782720000000,60017.293
1782734400000,59984.5859
1782748800000,59978.4922
1782763200000,59971.5938
1782777600000,59890.3398
1782792000000,59848.6016
1782806400000,59792.6523
1782820800000,59670.0078
1782835200000,59576.4336
1782849600000,59462.7148
1782864000000,59416.7734
1782878400000,59368.2852
1782892800000,59305.3984
1782907200000,59314.5391
1782921600000,59315.0664
1782936000000,59319.4336
1782950400000,59404.3281
1782964800000,59385.832
1782979200000,59460.3008
1782993600000,59594.9648
1783008000000,59725.4141
1783022400000,59885.5
1783036800000,60090.8867
1783051200000,60288.2461
1783065600000,60515.8789
1783080000000,60698.9414
1783094400000,60931.3477
1783108800000,61196.9727
1783123200000,61363.3125
1783137600000,61533.8789
1783152000000,61697.9531
1783166400000,61822.9062
1783180800000,62033.4648
1783195200000,62152.8125
1783209600000,62230.0781
1783224000000,62334.3984
1783238400000,62407.7734
1783252800000,62495.7617
1783267200000,62564.3398
1783281600000,62673.2383
1783296000000,62765.2461
1783310400000,62823.1406
1783324800000,62816.6875
1783339200000,62877.6016
1783353600000,62954.4922
1783368000000,63059.9805
1783382400000,63077
1783396800000,63062.8125
1783411200000,63080.5117
1783425600000,63158.1211
1783440000000,63212.5117
1783454400000,63260.8672
1783468800000,63261.9062
1783483200000,63269.293
1783497600000,63179.4922
1783512000000,63073.7734
1783526400000,63020.5469
1783540800000,63007.9727
1783555200000,62902.4531
1783569600000,62854.6914
1783584000000,62769.4805
1783598400000,62747.4805
1783612800000,62758.2617
1783627200000,62748.3281
1783641600000,62749.7539
1783656000000,62760.7383
1783670400000,62830.875
1783684800000,62917.8867
1783699200000,62988.0664
1783713600000,63113.5273
1783728000000,63277.2656
1783742400000,63402.9219
1783756800000,63530.9336
1783771200000,63678.332
1783785600000,63764.0742
1783800000000,63834.0469
1783814400000,63925.3086
1783828800000,63968.4258
1783843200000,64019.5391
1783857600000,64035.6992
1783872000000,64052.0586
1783886400000,64009.8516
1783900800000,63926.9531
1783915200000,63865.4648
1783929600000,63780.4141
1783944000000,63677.9062
1783958400000,63551.9453
1783972800000,63425.832
1783987200000,63318.1523
1784001600000,63200.0078
1784016000000,63133.0469
1784030400000,63168.4414
1784044800000,63215.0195
1784059200000,63283.7344
1784073600000,63325.0781
1784088000000,63346.1602
1784102400000,63408.9219
1784116800000,63582.625
1784131200000,63712.6328
1784145600000,63836.7344
1784160000000,63970.3945
1784174400000,64100.6055
1784188800000,64229.6484
1784203200000,64372.793
1784217600000,64489.0391
1784232000000,64557.0547
1784246400000,64477.3945
1784260800000,64358.8281
1784275200000,64241.5273
1784289600000,64151.8594
1784304000000,64125.4609
1784318400000,64072.9336
1784332800000,63978.1602
1784347200000,63915.1797
1784361600000,63868.4609
1784376000000,63835.4922
1784390400000,63857.7617
1784404800000,63897.3086
1784419200000,63897.832
1784433600000,63927.6523
1784448000000,63969.6875
1784462400000,64036.5938
