ts_ms,close_research_slow_delta
1542211200000,
1542225600000,
1542240000000,
1542254400000,
1542268800000,
1542283200000,
1542297600000,
1542312000000,
1542326400000,
1542340800000,
1542355200000,
1542369600000,
1542384000000,-3.02832031
1542398400000,2.75048828
1542412800000,-41.1899414
1542427200000,-0.099609375
1542441600000,-16.7158203
1542456000000,-26.878418
1542470400000,-13.3657227
1542484800000,-3.22802734
1542499200000,38.4941406
1542513600000,20.206543
1542528000000,8.25683594
1542542400000,20.8496094
1542556800000,50.8388672
1542571200000,38.140625
1542585600000,-4.54199219
1542600000000,-124.398926
1542614400000,-210.100586
1542628800000,-325.363281
1542643200000,-451.436035
1542657600000,-644.140137
1542672000000,-551.42041
1542686400000,-616.047363
1542700800000,-764.920898
1542715200000,-334.65918
1542729600000,-530.022949
1542744000000,-609.491211
1542758400000,-525.791504
1542772800000,-414.518066
1542787200000,-363.720215
1542801600000,-318.433594
1542816000000,-418.644043
1542830400000,-287.401367
1542844800000,-299.089844
1542859200000,-305.122559
1542873600000,-353.745117
1542888000000,-344.853027
1542902400000,-388.496094
1542916800000,-504.525879
1542931200000,-519.580078
1542945600000,-487.504395
1542960000000,-404.230469
1542974400000,-415.450195
1542988800000,-442.769043
1543003200000,-377.650391
1543017600000,-358.144043
1543032000000,-393.020996
1543046400000,-391.657715
1543060800000,-416.218262
1543075200000,-503.220703
1543089600000,-765.474609
1543104000000,-839.29248
1543118400000,-700.730957
1543132800000,-521.408691
1543147200000,-527.158691
1543161600000,-428.651855
1543176000000,-265.445801
1543190400000,-212.220703
1543204800000,-221.400879
1543219200000,-243.107422
1543233600000,-456.288574
1543248000000,-301.263428
1543262400000,-315.845703
1543276800000,-342.357178
1543291200000,-273.612061
1543305600000,-326.24292
1543320000000,-289.939697
1543334400000,-224.98291
1543348800000,-159.379395
1543363200000,-84.293457
1543377600000,93.559082
1543392000000,77.5712891
1543406400000,240.205322
1543420800000,297.867432
1543435200000,236.343262
1543449600000,144.323975
1543464000000,161.567627
1543478400000,331.694092
1543492800000,215.287598
1543507200000,152.870117
1543521600000,194.326172
1543536000000,208.995361
1543550400000,99.5314941
1543564800000,-118.72998
1543579200000,-85.0109863
1543593600000,-88.1757812
1543608000000,-64.9350586
1543622400000,-73.6848145
1543636800000,-87.0583496
1543651200000,104.794434
1543665600000,124.269775
1543680000000,171.55957
1543694400000,66.8937988
1543708800000,57.9746094
1543723200000,27.9467773
1543737600000,-11.526123
1543752000000,23.5705566
1543766400000,31.925293
1543780800000,20.4638672
1543795200000,-128.104492
1543809600000,-107.767334
1543824000000,-93.0522461
1543838400000,-216.836182
1543852800000,-191.093506
1543867200000,-160.097168
1543881600000,-164.787109
1543896000000,7.98608398
1543910400000,-10.3083496
1543924800000,2.04272461
1543939200000,-52.6706543
1543953600000,-57.5908203
1543968000000,-121.263672
1543982400000,-141.083496
1543996800000,-58.3955078
1544011200000,-97.2097168
1544025600000,-202.063721
1544040000000,-188.306396
1544054400000,-153.431152
1544068800000,-31.6611328
1544083200000,-69.9912109
1544097600000,-149.856689
1544112000000,-109.140137
1544126400000,-284.215332
1544140800000,-323.547119
1544155200000,-256.083496
1544169600000,-237.226562
1544184000000,-305.814453
1544198400000,-119.343018
1544212800000,-204.674805
1544227200000,-133.395996
1544241600000,-142.555908
1544256000000,-154.947754
1544270400000,-203.535645
1544284800000,-180.398926
1544299200000,-119.25708
1544313600000,-100.515625
1544328000000,-94.0039062
1544342400000,-75.9714355
1544356800000,52.0446777
1544371200000,49.4333496
1544385600000,13.4458008
1544400000000,18.8059082
1544414400000,-30.6772461
1544428800000,-21.3532715
1544443200000,-98.1091309
1544457600000,-122.868896
1544472000000,-81.3510742
1544486400000,-97.0522461
1544500800000,-88.0820312
1544515200000,-133.390137
1544529600000,-160.08667
1544544000000,-143.121826
1544558400000,-130.80957
1544572800000,-126.357422
1544587200000,-85.723877
1544601600000,-32.9812012
1544616000000,-12.7705078
1544630400000,-29.4042969
1544644800000,-27.248291
1544659200000,-69.0341797
1544673600000,-75.2563477
1544688000000,-85.6086426
1544702400000,-46.5681152
1544716800000,-117.483398
1544731200000,-142.620361
1544745600000,-133.44043
1544760000000,-112.334229
1544774400000,-124.162598
1544788800000,-143.248779
1544803200000,-172.348389
1544817600000,-134.491943
1544832000000,-102.916748
1544846400000,-115.246094
1544860800000,-141.670898
1544875200000,-164.565918
1544889600000,-117.315674
1544904000000,-96.2922363
1544918400000,-42.9213867
1544932800000,-62.1601562
1544947200000,-38.0107422
1544961600000,-60.9250488
1544976000000,-39.300293
1544990400000,-73.5554199
1545004800000,-59.2299805
1545019200000,-16.0412598
1545033600000,-19.3837891
1545048000000,125.074219
1545062400000,226.19458
1545076800000,173.513916
1545091200000,206.697754
1545105600000,163.408936
1545120000000,132.195312
1545134400000,152.250732
1545148800000,156.433838
1545163200000,260.814209
1545177600000,308.382324
1545192000000,257.812744
1545206400000,316.998291
1545220800000,230.945557
1545235200000,203.755859
1545249600000,115.313721
1545264000000,146.851807
1545278400000,158.712402
1545292800000,302.506348
1545307200000,267.271729
1545321600000,244.97583
1545336000000,256.390625
1545350400000,218.756592
1545364800000,181.150146
1545379200000,181.481689
1545393600000,105.689209
1545408000000,-43.8825684
1545422400000,-20.8649902
1545436800000,-37.2719727
1545451200000,-19.2119141
1545465600000,19.9367676
1545480000000,-30.0068359
1545494400000,30.4055176
1545508800000,116.584717
1545523200000,132.814209
1545537600000,95.798584
1545552000000,133.795898
1545566400000,43.6586914
1545580800000,72.9108887
1545595200000,62.4104004
1545609600000,277.505859
1545624000000,285.546387
1545638400000,217.299561
1545652800000,129.602539
1545667200000,89.201416
1545681600000,93.0192871
1545696000000,-183.942139
1545710400000,-146.418457
1545724800000,-149.809814
1545739200000,-170.629639
1545753600000,-149.864746
1545768000000,-98.6286621
1545782400000,-40.2983398
1545796800000,-95.8015137
1545811200000,-117.490967
1545825600000,-127.863037
1545840000000,-62.6384277
1545854400000,-53.348877
1545868800000,-114.267578
1545883200000,-97.8598633
1545897600000,-92.3669434
1545912000000,-98.9472656
1545926400000,-194.135742
1545940800000,-202.402832
1545955200000,-161.808105
1545969600000,-144.644043
1545984000000,-104.266357
1545998400000,82.6257324
1546012800000,115.221191
1546027200000,114.454834
1546041600000,107.136475
1546056000000,125.376221
1546070400000,78.4404297
1546084800000,81.6516113
1546099200000,48.3757324
1546113600000,-82.744873
1546128000000,-55.0166016
1546142400000,-31.1308594
1546156800000,42.2539062
1546171200000,13.9799805
1546185600000,21.0058594
1546200000000,41.8068848
1546214400000,-4.31713867
1546228800000,-7.28198242
1546243200000,-48.9763184
1546257600000,-18.5385742
1546272000000,-98.6279297
1546286400000,-85.8859863
1546300800000,-89.793457
1546315200000,-63.4145508
1546329600000,-61.7680664
1546344000000,-74.684082
1546358400000,-48.135498
1546372800000,66.1645508
1546387200000,38.6003418
1546401600000,30.6293945
1546416000000,37
1546430400000,42.1623535
1546444800000,62.3747559
1546459200000,101.510742
1546473600000,76.2209473
1546488000000,48.1867676
1546502400000,33.1525879
1546516800000,31.9780273
1546531200000,-25.8171387
1546545600000,-17.7375488
1546560000000,-0.756347656
1546574400000,4.19165039
1546588800000,-20.2004395
1546603200000,-44.4980469
1546617600000,-31.9516602
1546632000000,24.6889648
1546646400000,43.234375
1546660800000,20.3251953
1546675200000,32.2397461
1546689600000,23.6875
1546704000000,29.8959961
1546718400000,-14.7753906
1546732800000,-11.8979492
1546747200000,-18.0810547
1546761600000,4.10107422
1546776000000,16.3442383
1546790400000,219.550049
1546804800000,203.710449
1546819200000,192.94751
1546833600000,183.259521
1546848000000,150.975098
1546862400000,129.618652
1546876800000,127.822021
1546891200000,100.390869
1546905600000,67.0166016
1546920000000,64.2504883
1546934400000,104.62915
1546948800000,84.161377
1546963200000,57.7734375
1546977600000,42.1469727
1546992000000,66.2619629
1547006400000,57.5786133
1547020800000,62.1208496
1547035200000,21.0349121
1547049600000,38.9465332
1547064000000,26.8125
1547078400000,35.3789062
1547092800000,-155.273926
1547107200000,-156.436768
1547121600000,-151.898926
1547136000000,-247.130127
1547150400000,-240.916992
1547164800000,-218.828125
1547179200000,-194.165283
1547193600000,-182.324463
1547208000000,-168.923584
1547222400000,-149.782227
1547236800000,-148.991211
1547251200000,-130.787109
1547265600000,-137.426025
1547280000000,-138.444336
1547294400000,-118.275146
1547308800000,-106.332031
1547323200000,-111.928223
1547337600000,-95.9731445
1547352000000,-97.3825684
1547366400000,-88.8300781
1547380800000,-85.7724609
1547395200000,-156.618408
1547409600000,-144.048828
1547424000000,-127.284912
1547438400000,-104.114746
1547452800000,-107.418457
1547467200000,36.7348633
1547481600000,44.7658691
1547496000000,28.2111816
1547510400000,31.0546875
1547524800000,27.255127
1547539200000,7.3671875
1547553600000,-13.9272461
1547568000000,-9.43261719
1547582400000,-55.4477539
1547596800000,-38.9624023
1547611200000,-52.0649414
1547625600000,-11.0847168
1547640000000,-15.3166504
1547654400000,-29.8557129
1547668800000,-19.3552246
1547683200000,-37.8481445
1547697600000,-26.9140625
1547712000000,-22.3537598
1547726400000,-5.00024414
1547740800000,10.0546875
1547755200000,22.1870117
1547769600000,7.890625
1547784000000,4.67358398
1547798400000,-7.12988281
1547812800000,7.06835938
1547827200000,-17.0454102
1547841600000,-7.09130859
1547856000000,4.20727539
1547870400000,-0.919677734
1547884800000,96.3947754
1547899200000,76.282959
1547913600000,67.7077637
1547928000000,43.4941406
1547942400000,49.0739746
1547956800000,39.3933105
1547971200000,-57.9758301
1547985600000,-118.45459
1548000000000,-115.157959
1548014400000,-88.4152832
1548028800000,-76.357666
1548043200000,-78.1367188
1548057600000,-50.8847656
1548072000000,-61.2749023
1548086400000,-58.8574219
1548100800000,-58.8359375
1548115200000,-48.3552246
1548129600000,-59.8486328
1548144000000,-35.4997559
1548158400000,13.3234863
1548172800000,9.61450195
1548187200000,10.2773438
1548201600000,13.7255859
1548216000000,-4.83154297
1548230400000,5.15673828
1548244800000,-19.079834
1548259200000,-31.5354004
1548273600000,-14.6079102
1548288000000,-31.9304199
1548302400000,-17.2836914
1548316800000,-4.53808594
1548331200000,-6.82324219
1548345600000,12.9091797
1548360000000,5.18896484
1548374400000,5.76513672
1548388800000,-2.62158203
1548403200000,-25.7102051
1548417600000,-0.978027344
1548432000000,-14.5595703
1548446400000,1.69775391
1548460800000,11.1608887
1548475200000,55.9836426
1548489600000,20.1464844
1548504000000,-15.2165527
1548518400000,-11.7666016
1548532800000,-9.85083008
1548547200000,-4.20874023
1548561600000,-14.1564941
1548576000000,-25.4599609
1548590400000,-18.005127
1548604800000,-7.87109375
1548619200000,-24.5964355
1548633600000,-77.0493164
1548648000000,-99.9802246
1548662400000,-116.814941
1548676800000,-99.2597656
1548691200000,-98.21875
1548705600000,-74.8769531
1548720000000,-89.0742188
1548734400000,-128.612793
1548748800000,-104.309814
1548763200000,-74.019043
1548777600000,-69.6352539
1548792000000,-78.0917969
1548806400000,-65.7558594
1548820800000,-56.5644531
1548835200000,-51.0947266
1548849600000,-22.5959473
1548864000000,-29.7802734
1548878400000,-28.5461426
1548892800000,-10.4477539
1548907200000,-11.4216309
1548921600000,-50.6364746
1548936000000,-43.1481934
1548950400000,-42.0410156
1548964800000,-41.9326172
1548979200000,-56.2841797
1548993600000,-66.9003906
1549008000000,-27.6662598
1549022400000,-15.8605957
1549036800000,-4.15258789
1549051200000,-9.88842773
1549065600000,-9.11938477
1549080000000,-21.4975586
1549094400000,-4.80224609
1549108800000,-18.9838867
1549123200000,-8.1340332
1549137600000,19.3984375
1549152000000,-5.21826172
1549166400000,-21.526123
1549180800000,-22.2573242
1549195200000,-20.4475098
1549209600000,-31.4604492
1549224000000,-15.7514648
1549238400000,-16.7641602
1549252800000,-9.85424805
1549267200000,-25.7983398
1549281600000,-12.4196777
1549296000000,-5.69042969
1549310400000,-11.1066895
1549324800000,-8.21826172
1549339200000,-5.18554688
1549353600000,1.9909668
1549368000000,-0.902587891
1549382400000,2.97558594
1549396800000,7.44824219
1549411200000,-41.4460449
1549425600000,-36.9084473
1549440000000,-44.9157715
1549454400000,-38.0769043
1549468800000,-39.901123
1549483200000,-32.8654785
1549497600000,-25.1567383
1549512000000,-25.8925781
1549526400000,-23.9882812
1549540800000,-25.6848145
1549555200000,-30.6081543
1549569600000,-28.5273438
1549584000000,-21.036377
1549598400000,-22.5878906
1549612800000,7.88671875
1549627200000,63.3793945
1549641600000,225.020264
1549656000000,196.728516
1549670400000,170.440674
1549684800000,169.536865
1549699200000,160.852295
1549713600000,128.263184
1549728000000,126.210693
1549742400000,127.290527
1549756800000,109.328369
1549771200000,83.4899902
1549785600000,82.9433594
1549800000000,68.810791
1549814400000,74.3156738
1549828800000,105.131592
1549843200000,46.1860352
1549857600000,45.2287598
1549872000000,33.6286621
1549886400000,39.7824707
1549900800000,37.3439941
1549915200000,26.5183105
1549929600000,11.052002
1549944000000,11.6928711
1549958400000,5.74243164
1549972800000,6.36425781
1549987200000,29.0705566
1550001600000,17.6166992
1550016000000,24.083252
1550030400000,14.121582
1550044800000,-1.1862793
1550059200000,-7.94433594
1550073600000,1.10473633
1550088000000,3.12231445
1550102400000,0.842041016
1550116800000,-5.67749023
1550131200000,-17.9599609
1550145600000,-4.22607422
1550160000000,0.765625
1550174400000,-10.6281738
1550188800000,4.42163086
1550203200000,2.98608398
1550217600000,3.32275391
1550232000000,-16.8952637
1550246400000,-7.10839844
1550260800000,-5.63012695
1550275200000,14.3410645
1550289600000,13.0134277
1550304000000,15.8527832
1550318400000,20.7275391
1550332800000,15.7878418
1550347200000,3.51635742
1550361600000,7.5480957
1550376000000,17.0297852
1550390400000,-2.00732422
1550404800000,-14.015625
1550419200000,-12.050293
1550433600000,37.0568848
1550448000000,84.9423828
1550462400000,85.109375
1550476800000,91.2175293
1550491200000,181.093262
1550505600000,220.413818
1550520000000,204.933838
1550534400000,181.491211
1550548800000,190.122803
1550563200000,163.403076
1550577600000,226.494873
1550592000000,200.715576
1550606400000,131.039551
1550620800000,127.476318
1550635200000,117.044678
1550649600000,136.680176
1550664000000,107.866943
1550678400000,115.064941
1550692800000,122.474854
1550707200000,118.332764
1550721600000,94.125
1550736000000,51.7629395
1550750400000,45.9641113
1550764800000,39.6899414
1550779200000,43.4091797
1550793600000,53.0871582
1550808000000,35.3520508
1550822400000,62.6518555
1550836800000,59.1474609
1550851200000,62.6516113
1550865600000,63.1787109
1550880000000,53.2539062
1550894400000,39.9299316
1550908800000,50.9328613
1550923200000,28.2004395
1550937600000,176.768066
1550952000000,172.988281
1550966400000,204.736816
1550980800000,186.806152
1550995200000,148.893555
1551009600000,-186.032471
1551024000000,-176.474365
1551038400000,-204.583252
1551052800000,-155.339844
1551067200000,-158.925049
1551081600000,-128.439941
1551096000000,-111.725586
1551110400000,-52.560791
1551124800000,-69.4335938
1551139200000,-62.2416992
1551153600000,-89.7805176
1551168000000,-83.3852539
1551182400000,-57.375
1551196800000,-62.175293
1551211200000,-67.2856445
1551225600000,-64.5476074
1551240000000,-51.1860352
1551254400000,-44.2468262
1551268800000,-53.5527344
1551283200000,-48.8127441
1551297600000,-41.6367188
1551312000000,-33.8964844
1551326400000,-32.7553711
1551340800000,-10.9001465
1551355200000,8.00415039
1551369600000,-28.8354492
1551384000000,-38.2541504
1551398400000,-23.1223145
1551412800000,-19.8415527
1551427200000,-16.0524902
1551441600000,-9.29736328
1551456000000,2.91625977
1551470400000,-17.9516602
1551484800000,-8.08789062
1551499200000,-27.4130859
1551513600000,-3.23803711
1551528000000,-17.8410645
1551542400000,-9.8059082
1551556800000,-4.71166992
1551571200000,-7.77929688
1551585600000,-6.8359375
1551600000000,-4.33447266
1551614400000,-23.8154297
1551628800000,-20.8283691
1551643200000,-20.7097168
1551657600000,-24.3759766
1551672000000,-74.9599609
1551686400000,-83.9580078
1551700800000,-81.1572266
1551715200000,-74.6804199
1551729600000,-71.1379395
1551744000000,-70.2858887
1551758400000,-47.9750977
1551772800000,-35.8022461
1551787200000,60.7036133
1551801600000,78.6965332
1551816000000,72.7558594
1551830400000,39.1442871
1551844800000,56.3786621
1551859200000,65.2216797
1551873600000,56.2460938
1551888000000,49.9936523
1551902400000,52.3759766
1551916800000,67.8276367
1551931200000,53.5556641
1551945600000,41.4816895
1551960000000,48.9111328
1551974400000,44.6923828
1551988800000,35.5236816
1552003200000,31.9794922
1552017600000,41.4282227
1552032000000,42.2636719
1552046400000,50.1496582
1552060800000,58.536377
1552075200000,6.52636719
1552089600000,21.1240234
1552104000000,52.6643066
1552118400000,53.3713379
1552132800000,73.2827148
1552147200000,57.2104492
1552161600000,63.0778809
1552176000000,43.1113281
1552190400000,26.4799805
1552204800000,31.1750488
1552219200000,26.6977539
1552233600000,19.2294922
1552248000000,34.4257812
1552262400000,43.0263672
1552276800000,-3.36767578
1552291200000,-12.0690918
1552305600000,-28.7714844
1552320000000,-23.9333496
1552334400000,-14.4562988
1552348800000,-49.1435547
1552363200000,-31.7556152
1552377600000,5.05688477
1552392000000,-5.52416992
1552406400000,-2.1394043
1552420800000,3.06201172
1552435200000,14.5595703
1552449600000,5.16137695
1552464000000,-13.265625
1552478400000,-4.01635742
1552492800000,-2.68823242
1552507200000,-3.20898438
1552521600000,-2.16943359
1552536000000,-14.7004395
1552550400000,-9.04931641
1552564800000,2.86083984
1552579200000,-1.05419922
1552593600000,5.70458984
1552608000000,8.96484375
1552622400000,3.74682617
1552636800000,30.982666
1552651200000,40.2141113
1552665600000,40.0966797
1552680000000,36.2028809
1552694400000,86.5039062
1552708800000,113.954834
1552723200000,113.502197
1552737600000,75.3710938
1552752000000,71.6774902
1552766400000,78.0932617
1552780800000,38.8986816
1552795200000,39.7785645
1552809600000,45.9123535
1552824000000,49.5427246
1552838400000,44.9868164
1552852800000,35.5866699
1552867200000,53.6628418
1552881600000,21.1816406
1552896000000,23.3588867
1552910400000,27.029541
1552924800000,21.0039062
1552939200000,29.1689453
1552953600000,29.3212891
1552968000000,15.1008301
1552982400000,21.5209961
1552996800000,27.3781738
1553011200000,37.807373
1553025600000,40.8356934
1553040000000,16.2443848
1553054400000,26.3937988
1553068800000,29.5073242
1553083200000,29.541748
1553097600000,39.8513184
1553112000000,57.0732422
1553126400000,52.7885742
1553140800000,52.4472656
1553155200000,47.9729004
1553169600000,-21.3188477
1553184000000,-11.8925781
1553198400000,-13.1335449
1553212800000,-10.4899902
1553227200000,-15.6137695
1553241600000,-1.12231445
1553256000000,0.595214844
1553270400000,5.72412109
1553284800000,-0.200683594
1553299200000,13.722168
1553313600000,6.66210938
1553328000000,-5.74951172
1553342400000,-7.36547852
1553356800000,-11.7111816
1553371200000,-1.80297852
1553385600000,-8.93945312
1553400000000,-18.4619141
1553414400000,-7.38330078
1553428800000,-10.8894043
1553443200000,-15.916748
1553457600000,-9.26025391
1553472000000,-5.0559082
1553486400000,-10.9836426
1553500800000,-4.19506836
1553515200000,-29.6081543
1553529600000,-69.1643066
1553544000000,-58.0898438
1553558400000,-50.3171387
1553572800000,-55.2033691
1553587200000,-58.8769531
1553601600000,-36.8037109
1553616000000,-35.1704102
1553630400000,-30.940918
1553644800000,30.2268066
1553659200000,30.4233398
1553673600000,64.6147461
1553688000000,55.126709
1553702400000,43.9243164
1553716800000,61.0715332
1553731200000,36.8991699
1553745600000,42.6418457
1553760000000,25.7497559
1553774400000,39.2202148
1553788800000,31.123291
1553803200000,30.7307129
1553817600000,40.5998535
1553832000000,46.0395508
1553846400000,85.6374512
1553860800000,62.1469727
1553875200000,57.7087402
1553889600000,64.1542969
1553904000000,64.3266602
1553918400000,57.5500488
1553932800000,47.4633789
1553947200000,29.9838867
1553961600000,37.838623
1553976000000,48.2875977
1553990400000,40.7592773
1554004800000,32.7937012
1554019200000,47.9064941
1554033600000,29.8598633
1554048000000,39.4082031
1554062400000,35.9240723
1554076800000,70.6965332
1554091200000,47.6567383
1554105600000,32.6425781
1554120000000,52.2731934
1554134400000,41.4812012
1554148800000,48.0847168
1554163200000,81.0944824
1554177600000,179.175293
1554192000000,233.516602
1554206400000,158.945312
1554220800000,170.358398
1554235200000,275.239258
1554249600000,352.254395
1554264000000,249.006836
1554278400000,254.514648
1554292800000,270.429199
1554307200000,341.407715
1554321600000,174.748047
1554336000000,158.032227
1554350400000,225.711914
1554364800000,171.149414
1554379200000,183.399414
1554393600000,9.31591797
1554408000000,81.6831055
1554422400000,67.8178711
1554436800000,105.269043
1554451200000,166.092773
1554465600000,149.083496
1554480000000,174.706543
1554494400000,196.97998
1554508800000,152.327637
1554523200000,154.163086
1554537600000,152.276367
1554552000000,259.907715
1554566400000,268.894531
1554580800000,130.01709
1554595200000,220.366699
1554609600000,218.670898
1554624000000,191.022461
1554638400000,194.360352
1554652800000,193.830078
1554667200000,231.943848
1554681600000,275.998047
1554696000000,256.339844
1554710400000,130.158203
1554724800000,214.524414
1554739200000,169.192383
1554753600000,250.581055
1554768000000,188.493652
1554782400000,153.095215
1554796800000,120.218262
1554811200000,105.681152
1554825600000,108.674805
1554840000000,77.9624023
1554854400000,101.458008
1554868800000,122.193359
1554883200000,113.433105
1554897600000,149.519043
1554912000000,175.289062
1554926400000,69.2402344
1554940800000,-48.5805664
1554955200000,-44.3974609
1554969600000,-145.188477
1554984000000,-136.884766
1554998400000,-86.6025391
1555012800000,-100.74707
1555027200000,-98.0546875
1555041600000,-72.9125977
1555056000000,-26.8989258
1555070400000,-26.171875
1555084800000,-39.0488281
1555099200000,-14.6069336
1555113600000,12.8876953
1555128000000,-2.83496094
1555142400000,-27.2905273
1555156800000,-1.69335938
1555171200000,-5.86474609
1555185600000,-18.3925781
1555200000000,-29.3222656
1555214400000,-14.9448242
1555228800000,-13.7568359
1555243200000,-3.74072266
1555257600000,7.27539062
1555272000000,74.8637695
1555286400000,69.8149414
1555300800000,61.699707
1555315200000,31.2626953
1555329600000,48.7358398
1555344000000,-90.597168
1555358400000,-59.7836914
1555372800000,-39.8569336
1555387200000,-15.559082
1555401600000,-14.7998047
1555416000000,0.3515625
1555430400000,96.3774414
1555444800000,100.931641
1555459200000,110.452637
1555473600000,91.7202148
1555488000000,114.985352
1555502400000,64.5541992
1555516800000,93.5712891
1555531200000,74.7700195
1555545600000,113.949219
1555560000000,96.4804688
1555574400000,63.2861328
1555588800000,69.8745117
1555603200000,104.129395
1555617600000,83.3500977
1555632000000,28.2519531
1555646400000,44.1240234
1555660800000,55.4501953
1555675200000,73.0478516
1555689600000,76.8388672
1555704000000,60.265625
1555718400000,71.3066406
1555732800000,90.1416016
1555747200000,63.1611328
1555761600000,65.9414062
1555776000000,62.2939453
1555790400000,60.6577148
1555804800000,71.6757812
1555819200000,48.6196289
1555833600000,-9.37451172
1555848000000,11.1577148
1555862400000,-10.328125
1555876800000,29.3569336
1555891200000,-9.42382812
1555905600000,9.58349609
1555920000000,39.3359375
1555934400000,33.1791992
1555948800000,99.4682617
1555963200000,93.1484375
1555977600000,129.29541
1555992000000,199.803711
1556006400000,199.628906
1556020800000,192.749023
1556035200000,197.432617
1556049600000,129.775879
1556064000000,164.696777
1556078400000,44.3691406
1556092800000,10.1142578
1556107200000,33.4604492
1556121600000,5.23388672
1556136000000,17.1616211
1556150400000,13.5473633
1556164800000,-0.198242188
1556179200000,42.6479492
1556193600000,31.2822266
1556208000000,54.3178711
1556222400000,-229.710449
1556236800000,-135.029785
1556251200000,-165.040039
1556265600000,-163.40332
1556280000000,-179.689453
1556294400000,-226.49707
1556308800000,-146.581055
1556323200000,-154.431641
1556337600000,-115.94873
1556352000000,-120.464355
1556366400000,-123.928711
1556380800000,-77.2294922
1556395200000,-104.378418
1556409600000,-97.1430664
1556424000000,-82.3896484
1556438400000,-46.878418
1556452800000,-57.7944336
1556467200000,-99.5126953
1556481600000,-77.8100586
1556496000000,-54.9589844
1556510400000,-67.3911133
1556524800000,-68.3056641
1556539200000,-66.8623047
1556553600000,-56.6918945
1556568000000,-55.4399414
1556582400000,-46.7988281
1556596800000,-43.3710938
1556611200000,21.8701172
1556625600000,58.5039062
1556640000000,35.0253906
1556654400000,61.5083008
1556668800000,100.790527
1556683200000,90.1367188
1556697600000,86.5478516
1556712000000,56.5898438
1556726400000,59.5805664
1556740800000,72.3408203
1556755200000,86.3369141
1556769600000,78.4213867
1556784000000,95.4140625
1556798400000,119.402832
1556812800000,105.268555
1556827200000,91.9536133
1556841600000,157.314453
1556856000000,251.094727
1556870400000,301.490234
1556884800000,286.340332
1556899200000,223.324219
1556913600000,194.907715
1556928000000,238.256348
1556942400000,219.551758
1556956800000,192.375
1556971200000,10.1079102
1556985600000,56.6367188
1557000000000,203.790527
1557014400000,172.675293
1557028800000,115.220215
1557043200000,112.97998
1557057600000,100.129883
1557072000000,85.1586914
1557086400000,97.1347656
1557100800000,-0.701171875
1557115200000,-34.9384766
1557129600000,18.7250977
1557144000000,29.1665039
1557158400000,102.657227
1557172800000,47.6425781
1557187200000,227.658203
1557201600000,191.189453
1557216000000,190.251953
1557230400000,149.165527
1557244800000,120.895996
1557259200000,12.8828125
1557273600000,49.4760742
1557288000000,89.5864258
1557302400000,105.878906
1557316800000,142.385742
1557331200000,142.630371
1557345600000,162.07666
1557360000000,233.894531
1557374400000,238.835449
1557388800000,200.407715
1557403200000,149.421387
1557417600000,200.583496
1557432000000,266.619629
1557446400000,360.253418
1557460800000,367.39502
1557475200000,320.282227
1557489600000,324.606445
1557504000000,354.65625
1557518400000,302.578125
1557532800000,458.87793
1557547200000,563.178223
1557561600000,511.98877
1557576000000,618.031738
1557590400000,556.657715
1557604800000,743.8125
1557619200000,576.192871
1557633600000,860.862793
1557648000000,384.558594
1557662400000,47.784668
1557676800000,178.711914
1557691200000,121.916016
1557705600000,150.355469
1557720000000,154.179199
1557734400000,379.989746
1557748800000,885.646973
1557763200000,876.538086
1557777600000,708.650391
1557792000000,771.144043
1557806400000,1055.68408
1557820800000,673.212891
1557835200000,519.249512
1557849600000,311.648438
1557864000000,493.154785
1557878400000,528.600098
1557892800000,350.915039
1557907200000,384.141602
1557921600000,398.696289
1557936000000,547.829102
1557950400000,519.470703
1557964800000,527.523926
1557979200000,251.231934
1557993600000,95.4345703
1558008000000,241.272461
1558022400000,49.0146484
1558036800000,92.6049805
1558051200000,-448.253906
1558065600000,-424.947754
1558080000000,-511.134277
1558094400000,-528
1558108800000,-424.23291
1558123200000,-194.689941
1558137600000,-154.333008
1558152000000,-197.842285
1558166400000,-194.180664
1558180800000,-151.236328
1558195200000,-252.816895
1558209600000,-223.389648
1558224000000,447.339844
1558238400000,450.852051
1558252800000,471.79541
1558267200000,392.193359
1558281600000,333.011719
1558296000000,538.47168
1558310400000,367.529297
1558324800000,192.674805
1558339200000,134.701172
1558353600000,99.3740234
1558368000000,72.4829102
1558382400000,249.465332
1558396800000,164.16748
1558411200000,163.815918
1558425600000,93.3662109
1558440000000,136.787598
1558454400000,215.168945
1558468800000,136.573242
1558483200000,111.07959
1558497600000,88.5302734
1558512000000,-14.7773438
1558526400000,145.383301
1558540800000,79.4858398
1558555200000,-201.27002
1558569600000,-144.28125
1558584000000,-203.299316
1558598400000,-189.844238
1558612800000,-6.82714844
1558627200000,7.91162109
1558641600000,86.7124023
1558656000000,91.3461914
1558670400000,92.3598633
1558684800000,237.503418
1558699200000,292.645508
1558713600000,238.788574
1558728000000,149.972168
1558742400000,158.225586
1558756800000,140.455078
1558771200000,234.39502
1558785600000,178.061035
1558800000000,115.791992
1558814400000,159.359375
1558828800000,102.355957
1558843200000,85.3901367
1558857600000,14.3735352
1558872000000,103.652832
1558886400000,628.789551
1558900800000,608.292969
1558915200000,550.313477
1558929600000,512.919922
1558944000000,394.708008
1558958400000,461.540039
1558972800000,352.542969
1558987200000,293.510742
1559001600000,287.736328
1559016000000,224.34375
1559030400000,214.509766
1559044800000,150.511719
1559059200000,122.868164
1559073600000,135.054688
1559088000000,41.2236328
1559102400000,-46.8535156
1559116800000,50.9951172
1559131200000,108.857422
1559145600000,98.5205078
1559160000000,53.4658203
1559174400000,90.5908203
1559188800000,86.4599609
1559203200000,85.9267578
1559217600000,275.725586
1559232000000,-48.8115234
1559246400000,-319.745117
1559260800000,-306.37793
1559275200000,-246.180664
1559289600000,-266.608398
1559304000000,-164.506836
1559318400000,-55.8007812
1559332800000,45.2929688
1559347200000,38.5019531
1559361600000,34.7138672
1559376000000,64.2783203
1559390400000,24.8779297
1559404800000,20.125
1559419200000,36.8837891
1559433600000,45.0527344
1559448000000,182.914062
1559462400000,199.849609
1559476800000,149.891602
1559491200000,110.280273
1559505600000,155.793945
1559520000000,92.7011719
1559534400000,-114.929688
1559548800000,-77.5361328
1559563200000,-74.6455078
1559577600000,9.53417969
1559592000000,-420.986328
1559606400000,-559.326172
1559620800000,-538.777344
1559635200000,-474.870117
1559649600000,-423.203125
1559664000000,-644.911133
1559678400000,-527.210938
1559692800000,-372.049805
1559707200000,-325.608398
1559721600000,-347.103516
1559736000000,-450.286133
1559750400000,-277.177246
1559764800000,-249.310059
1559779200000,-165.213867
1559793600000,-246.165527
1559808000000,-154.663086
1559822400000,-263.081543
1559836800000,-348.11084
1559851200000,-124.848633
1559865600000,-111.708496
1559880000000,21.8417969
1559894400000,-5.34716797
1559908800000,16.8984375
1559923200000,35.6962891
1559937600000,61.7124023
1559952000000,15.1435547
1559966400000,1.76464844
1559980800000,68.6494141
1559995200000,0.462402344
1560009600000,-100.982422
1560024000000,-5.96337891
1560038400000,-41.3022461
1560052800000,-14.3295898
1560067200000,-51.8330078
1560081600000,-172.436523
1560096000000,-150.42334
1560110400000,-235.131836
1560124800000,-185.990234
1560139200000,-121.398926
1560153600000,104.586426
1560168000000,91.0888672
1560182400000,120.603027
1560196800000,150.521484
1560211200000,90.7802734
1560225600000,65.6958008
1560240000000,-85.034668
1560254400000,-86.1630859
1560268800000,25.1723633
1560283200000,45.7094727
1560297600000,113.117676
1560312000000,118.896973
1560326400000,104.643555
1560340800000,272.825195
1560355200000,231.879883
1560369600000,227.20752
1560384000000,162.947754
1560398400000,160.790039
1560412800000,150.753418
1560427200000,197.819336
1560441600000,225.592285
1560456000000,199.567871
1560470400000,162.192383
1560484800000,203.983887
1560499200000,194.088379
1560513600000,298.966309
1560528000000,270.289062
1560542400000,502.317383
1560556800000,427.898438
1560571200000,449.621094
1560585600000,398.535156
1560600000000,466.665039
1560614400000,475.34668
1560628800000,432.649414
1560643200000,541.40332
1560657600000,746.880859
1560672000000,467.841797
1560686400000,510.296875
1560700800000,171.645508
1560715200000,203.935547
1560729600000,372.37207
1560744000000,340.791016
1560758400000,471.254883
1560772800000,309.164062
1560787200000,395.05957
1560801600000,378.428711
1560816000000,286.758789
1560830400000,125.175781
1560844800000,166.265625
1560859200000,62.5869141
1560873600000,48.9853516
1560888000000,53.8476562
1560902400000,110.555664
1560916800000,146.12207
1560931200000,92.921875
1560945600000,44.7578125
1560960000000,87.9072266
1560974400000,213.876953
1560988800000,264.739258
1561003200000,182.574219
1561017600000,173.074219
1561032000000,257.384766
1561046400000,361.773438
1561060800000,328.274414
1561075200000,496.320312
1561089600000,469.070312
1561104000000,503.642578
1561118400000,415.211914
1561132800000,448.045898
1561147200000,728.164062
1561161600000,896.519531
1561176000000,869.644531
1561190400000,940.933594
1561204800000,709.019531
1561219200000,496.217773
1561233600000,486.098633
1561248000000,514.834961
1561262400000,444.574219
1561276800000,311.700195
1561291200000,426.21582
1561305600000,612.250977
1561320000000,403.448242
1561334400000,179.854492
1561348800000,294.672852
1561363200000,375.067383
1561377600000,390.867188
1561392000000,332.762695
1561406400000,446.132812
1561420800000,505.362305
1561435200000,645.023438
1561449600000,607.845703
1561464000000,513.501953
1561478400000,473.264648
1561492800000,738.629883
1561507200000,1035.13086
1561521600000,997.804688
1561536000000,1107.63574
1561550400000,1193.20508
1561564800000,1923.83203
1561579200000,810.583008
1561593600000,615.110352
1561608000000,204.176758
1561622400000,-92.1376953
1561636800000,-450.03418
1561651200000,-1040.5332
1561665600000,-654.280273
1561680000000,-694.192383
1561694400000,-485.775391
1561708800000,315.869141
1561723200000,147.808594
1561737600000,567.200195
1561752000000,580.223633
1561766400000,-311.09375
1561780800000,33.203125
1561795200000,147.297852
1561809600000,93.2695312
1561824000000,64.859375
1561838400000,60.0830078
1561852800000,321.199219
1561867200000,-112.78125
1561881600000,-297.311523
1561896000000,-722.074219
1561910400000,-503.816406
1561924800000,-901.129883
1561939200000,-545.005859
1561953600000,-687.935547
1561968000000,-595.285156
1561982400000,-1088.29688
1561996800000,-1145.51172
1562011200000,-715.492188
1562025600000,-938.129883
1562040000000,-1293.33203
1562054400000,-1023.62988
1562068800000,-333.170898
1562083200000,-151.091797
1562097600000,-64.8925781
1562112000000,388.160156
1562126400000,298.598633
1562140800000,222.005859
1562155200000,439.452148
1562169600000,237.40625
1562184000000,883.136719
1562198400000,770.353516
1562212800000,544.166992
1562227200000,546.374023
1562241600000,537.288086
1562256000000,601.914062
1562270400000,-140.4375
1562284800000,-151.633789
1562299200000,-296.735352
1562313600000,-47.0605469
1562328000000,10.4394531
1562342400000,-107.499023
1562356800000,-226.428711
1562371200000,302.598633
1562385600000,229.166016
1562400000000,175.868164
1562414400000,364.325195
1562428800000,239.94043
1562443200000,-48.7353516
1562457600000,-132.943359
1562472000000,-78.90625
1562486400000,69.2802734
1562500800000,-30.0478516
1562515200000,288.739258
1562529600000,176.4375
1562544000000,106.279297
1562558400000,171.481445
1562572800000,599.486328
1562587200000,506.638672
1562601600000,774.579102
1562616000000,773.399414
1562630400000,1040.11133
1562644800000,738.060547
1562659200000,524.212891
1562673600000,546.944336
1562688000000,572.832031
1562702400000,573.8125
1562716800000,869.685547
1562731200000,719.228516
1562745600000,775.685547
1562760000000,66.8125
1562774400000,-204.426758
1562788800000,-126.764648
1562803200000,-470.790039
1562817600000,-453.988281
1562832000000,-422.742188
1562846400000,-446.672852
1562860800000,-358.108398
1562875200000,-495.814453
1562889600000,-625.524414
1562904000000,-120.782227
1562918400000,-96.7255859
1562932800000,-255.78125
1562947200000,-136.904297
1562961600000,24.9804688
1562976000000,-149.737305
1562990400000,-255.541992
1563004800000,-445.579102
1563019200000,-318.804688
1563033600000,-517.617188
1563048000000,-284.776367
1563062400000,-352.688477
1563076800000,-487.171875
1563091200000,-874.898438
1563105600000,-1038.37207
1563120000000,-914.045898
1563134400000,-1108.43848
1563148800000,-935.591797
1563163200000,-801.104492
1563177600000,-792.09668
1563192000000,-473.798828
1563206400000,-152.364258
1563220800000,-138.652344
1563235200000,-259.916992
1563249600000,-202.753906
1563264000000,-241.794922
1563278400000,-401.501953
1563292800000,-988.977539
1563307200000,-1118.94922
1563321600000,-1041.97754
1563336000000,-837.06543
1563350400000,-1132.87305
1563364800000,-497.118164
1563379200000,-452.005859
1563393600000,-476.044922
1563408000000,-409.634766
1563422400000,-314.449219
1563436800000,-334.692383
1563451200000,358.789062
1563465600000,391.831055
1563480000000,487.775391
1563494400000,423.083008
1563508800000,436.459961
1563523200000,58.0839844
1563537600000,147.560547
1563552000000,137.506836
1563566400000,251.875977
1563580800000,246.703125
1563595200000,298.360352
1563609600000,277.992188
1563624000000,317.331055
1563638400000,562.108398
1563652800000,372.164062
1563667200000,180.905273
1563681600000,190.422852
1563696000000,147.274414
1563710400000,24.1328125
1563724800000,-11.7529297
1563739200000,157.03125
1563753600000,182.307617
1563768000000,156.649414
1563782400000,112.589844
1563796800000,-208.654297
1563811200000,-278.773438
1563825600000,-85.3017578
1563840000000,-164.487305
1563854400000,-346.076172
1563868800000,-322.414062
1563883200000,-364.869141
1563897600000,-156.703125
1563912000000,-422.645508
1563926400000,-588.890625
1563940800000,-505.161133
1563955200000,-452.609375
1563969600000,-230.984375
1563984000000,-431.012695
1563998400000,-282.105469
1564012800000,70.3964844
1564027200000,21.5458984
1564041600000,45.7333984
1564056000000,-61.0146484
1564070400000,-175.254883
1564084800000,-155.373047
1564099200000,-302.473633
1564113600000,-226.880859
1564128000000,-185.833008
1564142400000,-180.072266
1564156800000,-103.133789
1564171200000,-109.799805
1564185600000,177.257812
1564200000000,111.279297
1564214400000,-446.020508
1564228800000,-466.013672
1564243200000,-468.21875
1564257600000,-366.619141
1564272000000,-352.861328
1564286400000,-320.301758
1564300800000,-263.22168
1564315200000,-266.865234
1564329600000,-228.336914
1564344000000,-178.991211
1564358400000,-75.5673828
1564372800000,-103.060547
1564387200000,-230.360352
1564401600000,-161.474609
1564416000000,-186.856445
1564430400000,-142.082031
1564444800000,-210.99707
1564459200000,-126.773438
1564473600000,-83.1865234
1564488000000,81.6728516
1564502400000,-19.0478516
1564516800000,-28.953125
1564531200000,58.4921875
1564545600000,110.791992
1564560000000,123.572266
1564574400000,363.864258
1564588800000,283.958984
1564603200000,344.819336
1564617600000,243.449219
1564632000000,199.800781
1564646400000,189.62207
1564660800000,218.058594
1564675200000,427.589844
1564689600000,489.280273
1564704000000,412.22168
1564718400000,560.868164
1564732800000,472.256836
1564747200000,558.671875
1564761600000,362.548828
1564776000000,395.459961
1564790400000,592.619141
1564804800000,601.733398
1564819200000,497.716797
1564833600000,455.996094
1564848000000,526.640625
1564862400000,448.299805
1564876800000,382.089844
1564891200000,263.963867
1564905600000,251.126953
1564920000000,495.407227
1564934400000,435.066406
1564948800000,405.209961
1564963200000,848.611328
1564977600000,847.078125
1564992000000,858.908203
1565006400000,745.208008
1565020800000,630.53125
1565035200000,622.064453
1565049600000,442.925781
1565064000000,868.131836
1565078400000,347.701172
1565092800000,262.710938
1565107200000,231.099609
1565121600000,-2.22070312
1565136000000,150.198242
1565150400000,42.8251953
1565164800000,251.499023
1565179200000,116.692383
1565193600000,213.476562
1565208000000,392.087891
1565222400000,347.789062
1565236800000,286.897461
1565251200000,180.145508
1565265600000,38.9980469
1565280000000,-77.5976562
1565294400000,354.719727
1565308800000,199.05957
1565323200000,165.760742
1565337600000,0.287109375
1565352000000,9.04003906
1565366400000,96.8037109
1565380800000,157.345703
1565395200000,115.714844
1565409600000,107.952148
1565424000000,-353.239258
1565438400000,-281.262695
1565452800000,-344.229492
1565467200000,-346.308594
1565481600000,-240.598633
1565496000000,-259.841797
1565510400000,-116.604492
1565524800000,-196.694336
1565539200000,-192.331055
1565553600000,-7.01464844
1565568000000,-115.564453
1565582400000,-141.28418
1565596800000,-206.859375
1565611200000,-137.929688
1565625600000,-75.5820312
1565640000000,-116.269531
1565654400000,-113.210938
1565668800000,-151.009766
1565683200000,-232.523438
1565697600000,-507.102539
1565712000000,-478.751953
1565726400000,-489.976562
1565740800000,-662.700195
1565755200000,-656.392578
1565769600000,-613.384766
1565784000000,-597.322266
1565798400000,-788.363281
1565812800000,-797.660156
1565827200000,-920.137695
1565841600000,-760.730469
1565856000000,-407.223633
1565870400000,-414.182617
1565884800000,-378.819336
1565899200000,-161.351562
1565913600000,-129.31543
1565928000000,-472.460938
1565942400000,-218.72168
1565956800000,44.3828125
1565971200000,99.3300781
1565985600000,-11.1816406
1566000000000,-60.0087891
1566014400000,0.19921875
1566028800000,-30.0244141
1566043200000,-34.8310547
1566057600000,-186.560547
1566072000000,-126.314453
1566086400000,-211.126953
1566100800000,-186.814453
1566115200000,95.8857422
1566129600000,74.1113281
1566144000000,46.2158203
1566158400000,-11.4501953
1566172800000,77.6660156
1566187200000,372.428711
1566201600000,328.477539
1566216000000,321.130859
1566230400000,274.970703
1566244800000,475.594727
1566259200000,318.035156
1566273600000,326.733398
1566288000000,200.40332
1566302400000,204.90332
1566316800000,202.573242
1566331200000,225.175781
1566345600000,-246.771484
1566360000000,-395.486328
1566374400000,-326.009766
1566388800000,-462.726562
1566403200000,-305.09668
1566417600000,-249.762695
1566432000000,-468.333984
1566446400000,-340.424805
1566460800000,-322.117188
1566475200000,-158.28418
1566489600000,-93.8828125
1566504000000,-141.470703
1566518400000,-100.297852
1566532800000,-13.7089844
1566547200000,-99.3330078
1566561600000,163.157227
1566576000000,164.631836
1566590400000,142.665039
1566604800000,107.626953
1566619200000,49.2568359
1566633600000,-244.62793
1566648000000,-248.032227
1566662400000,-124.870117
1566676800000,-80.5302734
1566691200000,-76.2490234
1566705600000,-84.7207031
1566720000000,-71.3447266
1566734400000,-131.945312
1566748800000,-122.616211
1566763200000,-27.9550781
1566777600000,84.9550781
1566792000000,133.133789
1566806400000,163.69043
1566820800000,100.865234
1566835200000,83.7333984
1566849600000,127.804688
1566864000000,-61.1630859
1566878400000,-66.7929688
1566892800000,-118.219727
1566907200000,-38.5371094
1566921600000,-60.2763672
1566936000000,-35.0419922
1566950400000,-122.463867
1566964800000,-43.1894531
1566979200000,-51.6396484
1566993600000,41.0478516
1567008000000,-475.228516
1567022400000,-395.739258
1567036800000,-473.166992
1567051200000,-612.780273
1567065600000,-506.487305
1567080000000,-414.167969
1567094400000,-397.477539
1567108800000,-371.322266
1567123200000,-371.65625
1567137600000,-361.258789
1567152000000,-241.78418
1567166400000,-204.198242
1567180800000,-195.768555
1567195200000,-176.667969
1567209600000,-127.987305
1567224000000,-149.46875
1567238400000,-160.613281
1567252800000,-131.216797
1567267200000,-137.523438
1567281600000,-94.2773438
1567296000000,-66.8378906
1567310400000,-73.8291016
1567324800000,-102.026367
1567339200000,-66.1552734
1567353600000,-50.6914062
1567368000000,85.5527344
1567382400000,72.3271484
1567396800000,74.65625
1567411200000,139.985352
1567425600000,183.219727
1567440000000,386.645508
1567454400000,471.490234
1567468800000,447.823242
1567483200000,406.524414
1567497600000,401.535156
1567512000000,564.963867
1567526400000,473.25
1567540800000,391.478516
1567555200000,355.174805
1567569600000,269.005859
1567584000000,213.012695
1567598400000,85.1660156
1567612800000,338.232422
1567627200000,159.630859
1567641600000,151.62793
1567656000000,128.046875
1567670400000,140.680664
1567684800000,112.962891
1567699200000,87.8652344
1567713600000,118.716797
1567728000000,191.614258
1567742400000,252.949219
1567756800000,344.958984
1567771200000,314.370117
1567785600000,-179.319336
1567800000000,-232.001953
1567814400000,-191.78125
1567828800000,-141.485352
1567843200000,-95.5878906
1567857600000,-40.8476562
1567872000000,-16.3076172
1567886400000,-23.4785156
1567900800000,43.2773438
1567915200000,24.4697266
1567929600000,-94.8271484
1567944000000,-97.8818359
1567958400000,-146.569336
1567972800000,-97.7431641
1567987200000,-175.033203
1568001600000,-314.532227
1568016000000,-15.9707031
1568030400000,-115.253906
1568044800000,-122.768555
1568059200000,-103.319336
1568073600000,-106.982422
1568088000000,-124.092773
1568102400000,-135.599609
1568116800000,-206.600586
1568131200000,-352.194336
1568145600000,-226.445312
1568160000000,-233.107422
1568174400000,-234.891602
1568188800000,-207.712891
1568203200000,-271.882812
1568217600000,-157.68457
1568232000000,-67.7890625
1568246400000,-111.829102
1568260800000,-141.03418
1568275200000,-42.2001953
1568289600000,115.421875
1568304000000,102.150391
1568318400000,190.578125
1568332800000,147.018555
1568347200000,67.9238281
1568361600000,73.8271484
1568376000000,54.4404297
1568390400000,-44.7792969
1568404800000,100.578125
1568419200000,47.21875
1568433600000,70.921875
1568448000000,36.2138672
1568462400000,96.4287109
1568476800000,98.7226562
1568491200000,69.9453125
1568505600000,33.5537109
1568520000000,34.6953125
1568534400000,27.890625
1568548800000,16.4277344
1568563200000,5.90429688
1568577600000,5.83300781
1568592000000,18.8896484
1568606400000,8.4296875
1568620800000,-21.1894531
1568635200000,-155.490234
1568649600000,-143.291992
1568664000000,-3.39355469
1568678400000,-16.4882812
1568692800000,-51.9052734
1568707200000,-88.7871094
1568721600000,-45.9042969
1568736000000,8.91015625
1568750400000,-64.7080078
1568764800000,-26.3056641
1568779200000,-28.4755859
1568793600000,-76.7753906
1568808000000,-50.0898438
1568822400000,-49.2460938
1568836800000,-62.2246094
1568851200000,-348.87793
1568865600000,-248.359375
1568880000000,-249.371094
1568894400000,-212.869141
1568908800000,23.9238281
1568923200000,168.360352
1568937600000,111.988281
1568952000000,30.8105469
1568966400000,44.3974609
1568980800000,44.0332031
1568995200000,25.0019531
1569009600000,49.7392578
1569024000000,4.52148438
1569038400000,-43.2734375
1569052800000,-74.8007812
1569067200000,-69.8896484
1569081600000,-97.4873047
1569096000000,-124.871094
1569110400000,-213.263672
1569124800000,-50.0722656
1569139200000,-69.7919922
1569153600000,-79.2841797
1569168000000,-78.2597656
1569182400000,-35.7431641
1569196800000,-86.3847656
1569211200000,-152.182617
1569225600000,-126.279297
1569240000000,-143.34082
1569254400000,-193.166992
1569268800000,-251.665039
1569283200000,-211.467773
1569297600000,-164.027344
1569312000000,-181.567383
1569326400000,-325.8125
1569340800000,-1043.53809
1569355200000,-695.192383
1569369600000,-591.256836
1569384000000,-765.198242
1569398400000,-722.918945
1569412800000,-683.521484
1569427200000,-581.689453
1569441600000,-442.638672
1569456000000,-489.973633
1569470400000,-459.003906
1569484800000,-431.098633
1569499200000,-769.032227
1569513600000,-480.952148
1569528000000,-524.424805
1569542400000,-526.301758
1569556800000,-486.791016
1569571200000,-522.25
1569585600000,-462.331055
1569600000000,-441.674805
1569614400000,-225.603516
1569628800000,-217.958984
1569643200000,-175.116211
1569657600000,-244.117188
1569672000000,-279.011719
1569686400000,-194.358398
1569700800000,-134.103516
1569715200000,-200.345703
1569729600000,-230.510742
1569744000000,-230.351562
1569758400000,-321.978516
1569772800000,-319.011719
1569787200000,-206.151367
1569801600000,-269.019531
1569816000000,-412.179688
1569830400000,-141.921875
1569844800000,107.342285
1569859200000,94.7592773
1569873600000,101.897461
1569888000000,214.773438
1569902400000,200.056641
1569916800000,144.228516
1569931200000,146.734375
1569945600000,53.3515625
1569960000000,54.6738281
1569974400000,7.39648438
1569988800000,-41.921875
1570003200000,22.7275391
1570017600000,-23.1308594
1570032000000,-2.78613281
1570046400000,112.329102
1570060800000,72.3964844
1570075200000,3.42773438
1570089600000,-38.3369141
1570104000000,-147.533203
1570118400000,-96.9199219
1570132800000,-7.95507812
1570147200000,-128.490234
1570161600000,-89.3378906
1570176000000,-71.4404297
1570190400000,-63.3632812
1570204800000,-23.4892578
1570219200000,-66.4267578
1570233600000,-70.0849609
1570248000000,-92.7011719
1570262400000,-107.017578
1570276800000,-105.336914
1570291200000,-103.694824
1570305600000,-39.6235352
1570320000000,-121.257324
1570334400000,-188.962891
1570348800000,-186.438965
1570363200000,-99.2729492
1570377600000,-203.464844
1570392000000,-217.251953
1570406400000,-189.595703
1570420800000,-182.964355
1570435200000,-48.9169922
1570449600000,136.449219
1570464000000,153.879395
1570478400000,131.103027
1570492800000,180.146484
1570507200000,117.837891
1570521600000,74.9179688
1570536000000,70.3862305
1570550400000,48.2680664
1570564800000,59.0166016
1570579200000,1.11376953
1570593600000,46.4833984
1570608000000,60.5410156
1570622400000,367.095703
1570636800000,343.810547
1570651200000,307.05957
1570665600000,275.041016
1570680000000,315.387695
1570694400000,227.9375
1570708800000,218.144531
1570723200000,231.352539
1570737600000,218.887695
1570752000000,201.287109
1570766400000,-12.3408203
1570780800000,-96.3681641
1570795200000,-50.8486328
1570809600000,-51.2666016
1570824000000,-120.076172
1570838400000,-70.0722656
1570852800000,-40.9697266
1570867200000,-57.8027344
1570881600000,7.33789062
1570896000000,-63.2431641
1570910400000,-67.1796875
1570924800000,-33.8037109
1570939200000,-45.9804688
1570953600000,-6.87207031
1570968000000,41.2568359
1570982400000,61.4052734
1570996800000,-87.0458984
1571011200000,-69.7871094
1571025600000,-55.0058594
1571040000000,-66.3232422
1571054400000,-95.5605469
1571068800000,-10.7070312
1571083200000,7.27832031
1571097600000,-29.4951172
1571112000000,-55.0517578
1571126400000,-43.6826172
1571140800000,-17.0126953
1571155200000,-145.810547
1571169600000,-153.450195
1571184000000,-143.50293
1571198400000,-161.931641
1571212800000,-226.026367
1571227200000,-287.610352
1571241600000,-259.831055
1571256000000,-205.583984
1571270400000,-225.650391
1571284800000,-211.121094
1571299200000,-103.545898
1571313600000,-85.5966797
1571328000000,-96.4946289
1571342400000,-77.6865234
1571356800000,-76.3076172
1571371200000,-210.736816
1571385600000,-175.920898
1571400000000,-167.465332
1571414400000,-125.174805
1571428800000,-114.050293
1571443200000,-116.84668
1571457600000,-122.005859
1571472000000,-102.695801
1571486400000,-50.3862305
1571500800000,-59.6669922
1571515200000,-72.6865234
1571529600000,-111.875
1571544000000,-108.127441
1571558400000,-71.7724609
1571572800000,13.3574219
1571587200000,200.851562
1571601600000,159.224609
1571616000000,152.89502
1571630400000,141.286621
1571644800000,142.51123
1571659200000,82.6860352
1571673600000,82.3017578
1571688000000,88.0112305
1571702400000,88.909668
1571716800000,95.2075195
1571731200000,146.631836
1571745600000,68.8925781
1571760000000,17.375
1571774400000,-117.331543
1571788800000,-171.938477
1571803200000,-151.38916
1571817600000,-129.875
1571832000000,-531.185547
1571846400000,-407.432129
1571860800000,-402.02832
1571875200000,-436.205566
1571889600000,-392.232422
1571904000000,-352.95752
1571918400000,-327.151367
1571932800000,-282.082031
1571947200000,-327.820801
1571961600000,-288.420898
1571976000000,-249.788574
1571990400000,-110.812988
1572004800000,477.862305
1572019200000,599.519043
1572033600000,568.865234
1572048000000,788.71582
1572062400000,621.298828
1572076800000,305.717773
1572091200000,242.794922
1572105600000,55.9365234
1572120000000,284.365234
1572134400000,182.603516
1572148800000,187.833008
1572163200000,271.396484
1572177600000,467.605469
1572192000000,589.316406
1572206400000,354.104492
1572220800000,395.212891
1572235200000,192.262695
1572249600000,134.724609
1572264000000,113.950195
1572278400000,125.795898
1572292800000,-74.7880859
1572307200000,4.71777344
1572321600000,153.864258
1572336000000,127.707031
1572350400000,48.5742188
1572364800000,-78.8779297
1572379200000,115.205078
1572393600000,-26.8203125
1572408000000,-149.838867
1572422400000,-195.319336
1572436800000,-198.40918
1572451200000,-78.7373047
1572465600000,-124.582031
1572480000000,-166.69043
1572494400000,-167.021484
1572508800000,-140.110352
1572523200000,-24.4511719
1572537600000,-25.3876953
1572552000000,-97.9023438
1572566400000,-166.526367
1572580800000,-125.173828
1572595200000,-62.0576172
1572609600000,-137.773438
1572624000000,-43.6787109
1572638400000,21.7578125
1572652800000,25.4121094
1572667200000,2.83203125
1572681600000,32.3886719
1572696000000,94.1220703
1572710400000,90.9648438
1572724800000,67.2255859
1572739200000,101.294922
1572753600000,10.21875
1572768000000,-78.5195312
1572782400000,-63.9902344
1572796800000,-91.4882812
1572811200000,-32.6318359
1572825600000,-80.9521484
1572840000000,-42.2568359
1572854400000,39.9472656
1572868800000,67.2373047
1572883200000,29.4033203
1572897600000,135.161133
1572912000000,148.858398
1572926400000,-61.0947266
1572940800000,9.40234375
1572955200000,90.8378906
1572969600000,108.37207
1572984000000,17.0800781
1572998400000,15.9863281
1573012800000,95.3779297
1573027200000,81.7490234
1573041600000,33.6308594
1573056000000,-9.05371094
1573070400000,34.1464844
1573084800000,-15.7060547
1573099200000,-59.9931641
1573113600000,-101.741211
1573128000000,-112.039062
1573142400000,-93.7470703
1573156800000,-69.3359375
1573171200000,-43.65625
1573185600000,-135.885742
1573200000000,-203.074219
1573214400000,-329.491211
1573228800000,-297.384766
1573243200000,-312.026367
1573257600000,-234.134766
1573272000000,-240.707031
1573286400000,-227.93457
1573300800000,-232.789062
1573315200000,-253.232422
1573329600000,-194.236328
1573344000000,-221.283203
1573358400000,-138.033203
1573372800000,-138.686523
1573387200000,-165.949219
1573401600000,70.6484375
1573416000000,56.6904297
1573430400000,37.140625
1573444800000,-165.567383
1573459200000,-202.703125
1573473600000,-215.365234
1573488000000,-160.191406
1573502400000,-184.327148
1573516800000,-158.285156
1573531200000,-122.609375
1573545600000,-150.915039
1573560000000,-164.606445
1573574400000,-69.9960938
1573588800000,-15.5771484
1573603200000,-106.746094
1573617600000,-97.5126953
1573632000000,-63.7441406
1573646400000,-85.3027344
1573660800000,-54.2080078
1573675200000,-53.4287109
1573689600000,-56.4619141
1573704000000,-158.992188
1573718400000,-172.633789
1573732800000,-148.47168
1573747200000,-134.287109
1573761600000,-130.949219
1573776000000,-188.679688
1573790400000,-173.951172
1573804800000,-93.7246094
1573819200000,-208.000977
1573833600000,-187.382812
1573848000000,-197.222656
1573862400000,-199.711914
1573876800000,-168.985352
1573891200000,-164.373047
1573905600000,-136.731445
1573920000000,-152.733398
1573934400000,-137.262695
1573948800000,-140.90918
1573963200000,-187.24707
1573977600000,-59.4130859
1573992000000,-53.0478516
1574006400000,-21.46875
1574020800000,-67.6445312
1574035200000,-87.0166016
1574049600000,-118.100586
1574064000000,-123.186523
1574078400000,-130.292969
1574092800000,-226.705078
1574107200000,-234.733398
1574121600000,-265.706055
1574136000000,-273.084961
1574150400000,-289.316406
1574164800000,-224.543945
1574179200000,-208.530273
1574193600000,-169.220703
1574208000000,-165.183594
1574222400000,-162.640625
1574236800000,-188.707031
1574251200000,-137.302734
1574265600000,-167.389648
1574280000000,-153.142578
1574294400000,-122.498047
1574308800000,-148.897461
1574323200000,-313.133301
1574337600000,-398.851074
1574352000000,-355.685547
1574366400000,-332.991211
1574380800000,-341.09375
1574395200000,-334.98584
1574409600000,-540.341309
1574424000000,-365.249512
1574438400000,-152.884766
1574452800000,-170.144043
1574467200000,-149.726562
1574481600000,-241.016602
1574496000000,-234.432617
1574510400000,-104.625977
1574524800000,-105.700195
1574539200000,-75.4541016
1574553600000,-173.516113
1574568000000,-197.690918
1574582400000,-153.603516
1574596800000,-334.119629
1574611200000,-257.219727
1574625600000,-363.416992
1574640000000,-504.365234
1574654400000,-427.822266
1574668800000,-204.859863
1574683200000,160.62793
1574697600000,100.081543
1574712000000,14.7998047
1574726400000,120.879883
1574740800000,54.4775391
1574755200000,48.9926758
1574769600000,-30.3588867
1574784000000,-44.5151367
1574798400000,37.590332
1574812800000,-46.3198242
1574827200000,-57.8583984
1574841600000,43.0024414
1574856000000,185.808594
1574870400000,393.873047
1574884800000,327.091309
1574899200000,298.221191
1574913600000,288.983887
1574928000000,257.969238
1574942400000,363.583984
1574956800000,346.257812
1574971200000,136.264648
1574985600000,196.865234
1575000000000,215.217285
1575014400000,206.692871
1575028800000,437.687012
1575043200000,320.344238
1575057600000,335.431152
1575072000000,319.174805
1575086400000,321.780762
1575100800000,203.612305
1575115200000,76.9091797
1575129600000,29.1171875
1575144000000,74.1308594
1575158400000,-174.683594
1575172800000,-176.979004
1575187200000,-131.000488
1575201600000,-134.199707
1575216000000,-84.4150391
1575230400000,-32.8569336
1575244800000,-67.4291992
1575259200000,-165.147461
1575273600000,-109.960938
1575288000000,-86.6743164
1575302400000,-114.582031
1575316800000,-89.8706055
1575331200000,-34.7231445
1575345600000,-90.8349609
1575360000000,-112.427734
1575374400000,-39.9506836
1575388800000,-46.5854492
1575403200000,-80.7763672
1575417600000,-198.564453
1575432000000,-207.398438
1575446400000,-123.675781
1575460800000,89.3676758
1575475200000,100.575195
1575489600000,-159.290527
1575504000000,-138.191406
1575518400000,-35.1777344
1575532800000,27.0649414
1575547200000,-12.5141602
1575561600000,33.9189453
1575576000000,40.2529297
1575590400000,24.2719727
1575604800000,16.9335938
1575619200000,-8.04931641
1575633600000,16.987793
1575648000000,72.8100586
1575662400000,157.429199
1575676800000,156.77002
1575691200000,135.616211
1575705600000,130.821289
1575720000000,112.330566
1575734400000,111.912598
1575748800000,88.0175781
1575763200000,-5.56494141
1575777600000,31.7421875
1575792000000,105.001953
1575806400000,129.590332
1575820800000,91.6450195
1575835200000,79.4614258
1575849600000,76.2729492
1575864000000,28.8964844
1575878400000,29.534668
1575892800000,-39.7963867
1575907200000,-79.7358398
1575921600000,-104.317871
1575936000000,-63.7294922
1575950400000,-90.7055664
1575964800000,-85.206543
1575979200000,-170.10791
1575993600000,-158.047363
1576008000000,-156.511719
1576022400000,-163.04834
1576036800000,-151.212891
1576051200000,-131.998047
1576065600000,-175.556641
1576080000000,-142.183594
1576094400000,-131.34375
1576108800000,-148.608887
1576123200000,-163.248047
1576137600000,-102.549316
1576152000000,-102.603027
1576166400000,-80.9130859
1576180800000,-87.7788086
1576195200000,-58.3193359
1576209600000,-45.7495117
1576224000000,-52.1748047
1576238400000,-19.8613281
1576252800000,-12.3554688
1576267200000,-17.7553711
1576281600000,-9.95703125
1576296000000,-7.75878906
1576310400000,-70.6694336
1576324800000,-176.79541
1576339200000,-139.947754
1576353600000,-148.907715
1576368000000,-149.230957
1576382400000,-47.65625
1576396800000,-79.8554688
1576411200000,-68.1884766
1576425600000,-70.3427734
1576440000000,-60.2963867
1576454400000,-102.771973
1576468800000,-102.821289
1576483200000,-81.1586914
1576497600000,-70.7866211
1576512000000,-199.993164
1576526400000,-201.603516
1576540800000,-197.712402
1576555200000,-202.828125
1576569600000,-121.336914
1576584000000,-312.22168
1576598400000,-337.423828
1576612800000,-300.213867
1576627200000,-217.838867
1576641600000,-268.083008
1576656000000,-258.274902
1576670400000,1.66650391
1576684800000,128.223145
1576699200000,366.143066
1576713600000,223.422363
1576728000000,141.825684
1576742400000,188.501953
1576756800000,168.615234
1576771200000,197.572266
1576785600000,165.893555
1576800000000,139.073242
1576814400000,148.51123
1576828800000,144.215332
1576843200000,146.039062
1576857600000,176.335449
1576872000000,171.915039
1576886400000,146.447754
1576900800000,111.910156
1576915200000,124.811523
1576929600000,107.85791
1576944000000,117.20752
1576958400000,107.199219
1576972800000,102.172363
1576987200000,146.616699
1577001600000,114.592285
1577016000000,131.357422
1577030400000,269.180664
1577044800000,333.881836
1577059200000,363.913574
1577073600000,253.380371
1577088000000,298.316895
1577102400000,303.220703
1577116800000,108.649902
1577131200000,-14.8012695
1577145600000,-14.9052734
1577160000000,-68.0341797
1577174400000,44.206543
1577188800000,-52.9355469
1577203200000,-72.5893555
1577217600000,-55.8505859
1577232000000,-77.519043
1577246400000,-58.5864258
1577260800000,-93.0708008
1577275200000,-114.106445
1577289600000,-55.7231445
1577304000000,-85.6738281
1577318400000,-101.133789
1577332800000,-78.644043
1577347200000,-92.4038086
1577361600000,-43.152832
1577376000000,18.7294922
1577390400000,-75.2109375
1577404800000,-56.6166992
1577419200000,-102.394531
1577433600000,-152.010742
1577448000000,-22.2207031
1577462400000,-39.4438477
1577476800000,0.544433594
1577491200000,32.0874023
1577505600000,41.7700195
1577520000000,37.3930664
1577534400000,40.0151367
1577548800000,74.3745117
1577563200000,41.4619141
1577577600000,34.3120117
1577592000000,45.3930664
1577606400000,66.2148438
1577620800000,105.987305
1577635200000,172.700684
1577649600000,71.3588867
1577664000000,24.0966797
1577678400000,47.3105469
1577692800000,-19.0151367
1577707200000,-72.2163086
1577721600000,-93.2207031
1577736000000,-81.3051758
1577750400000,-77.4604492
1577764800000,-63.0556641
1577779200000,-61.7236328
1577793600000,-99.9248047
1577808000000,-112.080078
1577822400000,-95.2133789
1577836800000,-58.8154297
1577851200000,-70.8417969
1577865600000,-75.449707
1577880000000,-41.1811523
1577894400000,-39.4916992
1577908800000,-64.7260742
1577923200000,-137.800293
1577937600000,-146.147461
1577952000000,-97.7709961
1577966400000,-97.15625
1577980800000,-202.799805
1577995200000,-207.479492
1578009600000,-191.558594
1578024000000,58.597168
1578038400000,170.86084
1578052800000,142.372559
1578067200000,137.821289
1578081600000,136.132812
1578096000000,121.254395
1578110400000,128.947266
1578124800000,104.623047
1578139200000,81.1025391
1578153600000,89.7304688
1578168000000,107.420898
1578182400000,205.688965
1578196800000,187.768066
1578211200000,139.002441
1578225600000,165.643066
1578240000000,132.005371
1578254400000,39.4619141
1578268800000,199.601074
1578283200000,155.522949
1578297600000,172.425781
1578312000000,135.990234
1578326400000,153.183105
1578340800000,320.361816
1578355200000,373.441895
1578369600000,331.133301
1578384000000,317.543945
1578398400000,166.976562
1578412800000,408.027344
1578427200000,410.674316
1578441600000,457.217285
1578456000000,425.57666
1578470400000,439.197754
1578484800000,352.162598
1578499200000,-9.04589844
1578513600000,74.1640625
1578528000000,-27.9165039
1578542400000,-27.8569336
1578556800000,-96.5488281
1578571200000,-65.4477539
1578585600000,-40.4194336
1578600000000,-134.084473
1578614400000,-142.467285
1578628800000,-196.83252
1578643200000,-92.1347656
1578657600000,132.853516
1578672000000,121.187012
1578686400000,240.872559
1578700800000,193.727051
1578715200000,97.0258789
1578729600000,58.3178711
1578744000000,107.866211
1578758400000,159.152832
1578772800000,21.3886719
1578787200000,73.1899414
1578801600000,83.3876953
1578816000000,91.3295898
1578830400000,130.601074
1578844800000,97.0805664
1578859200000,153.543945
1578873600000,61.6020508
1578888000000,29.1894531
1578902400000,31.4858398
1578916800000,34.9267578
1578931200000,65.6875
1578945600000,57.8242188
1578960000000,355.595215
1578974400000,351.791992
1578988800000,350.935059
1579003200000,425.536133
1579017600000,401.889648
1579032000000,412.641602
1579046400000,270.626953
1579060800000,144.078125
1579075200000,241.867188
1579089600000,241.132812
1579104000000,233.953125
1579118400000,268.540039
1579132800000,76.4443359
1579147200000,104.470703
1579161600000,148.861328
1579176000000,132.243164
1579190400000,112.044922
1579204800000,132.856445
1579219200000,183.555664
1579233600000,302.609375
1579248000000,236.801758
1579262400000,168.798828
1579276800000,182.772461
1579291200000,204.626953
1579305600000,215.966797
1579320000000,127.509766
1579334400000,141.598633
1579348800000,167.366211
1579363200000,161.353516
1579377600000,168.200195
1579392000000,354.78125
1579406400000,266.092773
1579420800000,-126.515625
1579435200000,-154.817383
1579449600000,-133.286133
1579464000000,-64.21875
1579478400000,-104.373047
1579492800000,-110.630859
1579507200000,-143.057617
1579521600000,-72.0478516
1579536000000,-77.7392578
1579550400000,-94.6318359
1579564800000,-70.7255859
1579579200000,-100.917969
1579593600000,-75.0371094
1579608000000,-81.7265625
1579622400000,-191.820312
1579636800000,25.5976562
1579651200000,4.28027344
1579665600000,15.1552734
1579680000000,-53.4755859
1579694400000,-61.6259766
1579708800000,-43.7548828
1579723200000,-28.9365234
1579737600000,-117.214844
1579752000000,-115.487305
1579766400000,-246.844727
1579780800000,-274.053711
1579795200000,-250.500977
1579809600000,-184.398438
1579824000000,-255.075195
1579838400000,-225.984375
1579852800000,-140.03125
1579867200000,-27.7744141
1579881600000,-25.5322266
1579896000000,-84.8574219
1579910400000,-208.449219
1579924800000,-189.932617
1579939200000,-177.386719
1579953600000,-149.629883
1579968000000,-120.206055
1579982400000,-134.111328
1579996800000,-106.806641
1580011200000,-79.9833984
1580025600000,13.4902344
1580040000000,-15.2509766
1580054400000,94.7626953
1580068800000,133.636719
1580083200000,164.708008
1580097600000,155.279297
1580112000000,204.28418
1580126400000,223.585938
1580140800000,329.904297
1580155200000,274.05957
1580169600000,425.755859
1580184000000,327.591797
1580198400000,328.172852
1580212800000,219.135742
1580227200000,190.504883
1580241600000,522.725586
1580256000000,428.695312
1580270400000,428.564453
1580284800000,306.743164
1580299200000,281.023438
1580313600000,366.621094
1580328000000,249.625977
1580342400000,203.46875
1580356800000,304.125977
1580371200000,248.566406
1580385600000,267.713867
1580400000000,333.341797
1580414400000,321.905273
1580428800000,225.425781
1580443200000,140.361328
1580457600000,98.4423828
1580472000000,97.5986328
1580486400000,64.7763672
1580500800000,112.671875
1580515200000,174.588867
1580529600000,163.705078
1580544000000,82.5117188
1580558400000,64.9169922
1580572800000,84.4990234
1580587200000,110.387695
1580601600000,-12.5166016
1580616000000,92.8466797
1580630400000,140.194336
1580644800000,160.682617
1580659200000,140.068359
1580673600000,22.3613281
1580688000000,46.3564453
1580702400000,29.46875
1580716800000,0.782226562
1580731200000,-64.8642578
1580745600000,-16.1611328
1580760000000,-43.9492188
1580774400000,-43.5126953
1580788800000,-50.3007812
1580803200000,-127.974609
1580817600000,-102.282227
1580832000000,-127.375
1580846400000,-112.580078
1580860800000,-66.0351562
1580875200000,-27.6445312
1580889600000,123.381836
1580904000000,182.344727
1580918400000,307.882812
1580932800000,232.771484
1580947200000,219.495117
1580961600000,201.045898
1580976000000,264.292969
1580990400000,289.211914
1581004800000,211.329102
1581019200000,216.313477
1581033600000,213.136719
1581048000000,226.979492
1581062400000,215.667969
1581076800000,195.110352
1581091200000,160.490234
1581105600000,194.349609
1581120000000,85.3359375
1581134400000,126.288086
1581148800000,181.931641
1581163200000,186.750977
1581177600000,197.451172
1581192000000,220.142578
1581206400000,336.138672
1581220800000,379.256836
1581235200000,334.890625
1581249600000,305.922852
1581264000000,265.344727
1581278400000,329.530273
1581292800000,232.259766
1581307200000,110.973633
1581321600000,-68.421875
1581336000000,-0.041015625
1581350400000,-41.1660156
1581364800000,-17.9150391
1581379200000,-134.387695
1581393600000,-123.069336
1581408000000,-49.8818359
1581422400000,320.898438
1581436800000,335.907227
1581451200000,299.279297
1581465600000,306.670898
1581480000000,367.875
1581494400000,301.294922
1581508800000,244.358398
1581523200000,229.804688
1581537600000,234.520508
1581552000000,268.914062
1581566400000,188.422852
1581580800000,-23.0039062
1581595200000,73.109375
1581609600000,67.5917969
1581624000000,44.3271484
1581638400000,57.2666016
1581652800000,-79.7666016
1581667200000,67.078125
1581681600000,54.7197266
1581696000000,146.739258
1581710400000,150.505859
1581724800000,57.9658203
1581739200000,8.78027344
1581753600000,12.0439453
1581768000000,-221.359375
1581782400000,-268.660156
1581796800000,-248.308594
1581811200000,-136.908203
1581825600000,-171.839844
1581840000000,-198.180664
1581854400000,-236.0625
1581868800000,-302.338867
1581883200000,-120.486328
1581897600000,-215.150391
1581912000000,-257.910156
1581926400000,-351.649414
1581940800000,-291.610352
1581955200000,-239.65918
1581969600000,-202.569336
1581984000000,-165.90918
1581998400000,-85.0283203
1582012800000,-158.066406
1582027200000,-23.0800781
1582041600000,176.462891
1582056000000,259.368164
1582070400000,230.121094
1582084800000,124.142578
1582099200000,268.263672
1582113600000,160.469727
1582128000000,171.90918
1582142400000,-329.286133
1582156800000,-346.648438
1582171200000,-299.072266
1582185600000,-316.219727
1582200000000,-292.05957
1582214400000,-278.09082
1582228800000,-211.526367
1582243200000,-106.085938
1582257600000,-127.070312
1582272000000,-97.4609375
1582286400000,-70.1630859
1582300800000,-109.228516
1582315200000,-90.8974609
1582329600000,-108.731445
1582344000000,-171.994141
1582358400000,-129.025391
1582372800000,-126.338867
1582387200000,-79.4160156
1582401600000,-94.8525391
1582416000000,42.1875
1582430400000,131.902344
1582444800000,66.9169922
1582459200000,95.5410156
1582473600000,100.697266
1582488000000,150.738281
1582502400000,-41.3251953
1582516800000,-50.2851562
1582531200000,15.6855469
1582545600000,-84.9003906
1582560000000,-182.677734
1582574400000,-112.855469
1582588800000,-177.681641
1582603200000,-228.614258
1582617600000,-99.046875
1582632000000,-304.375
1582646400000,-310.799805
1582660800000,-320.962891
1582675200000,-422.064453
1582689600000,-429.902344
1582704000000,-393.473633
1582718400000,-470.239258
1582732800000,-501.664062
1582747200000,-504.408203
1582761600000,-493.958008
1582776000000,-389.120117
1582790400000,-393.410156
1582804800000,-313.649414
1582819200000,-236.31543
1582833600000,-300.162109
1582848000000,-265.827148
1582862400000,-362.943359
1582876800000,-470.47168
1582891200000,-274.34375
1582905600000,-389.443359
1582920000000,-230.501953
1582934400000,-200.835938
1582948800000,-158.935547
1582963200000,-210.086914
1582977600000,-236.418945
1582992000000,-214.556641
1583006400000,-345.876953
1583020800000,-243.507812
1583035200000,-302.388672
1583049600000,-180.651367
1583064000000,-250.916992
1583078400000,-236.972656
1583092800000,-239.371094
1583107200000,-147.848633
1583121600000,-131.297852
1583136000000,7.75878906
1583150400000,77.8779297
1583164800000,128.012695
1583179200000,146.958984
1583193600000,98.7480469
1583208000000,-18.484375
1583222400000,98.7294922
1583236800000,-30.9628906
1583251200000,-61.3603516
1583265600000,-16.4755859
1583280000000,14.1318359
1583294400000,36.3330078
1583308800000,-51.0800781
1583323200000,-66.4433594
1583337600000,-23.3964844
1583352000000,-8.43652344
1583366400000,102.769531
1583380800000,118.890625
1583395200000,293.696289
1583409600000,253.865234
1583424000000,312.016602
1583438400000,194.917969
1583452800000,166.177734
1583467200000,209.949219
1583481600000,225.102539
1583496000000,101.280273
1583510400000,166.962891
1583524800000,207.478516
1583539200000,156.875
1583553600000,146.193359
1583568000000,146.209961
1583582400000,157.394531
1583596800000,-77.5888672
1583611200000,-74.8828125
1583625600000,-200.750977
1583640000000,-198.196289
1583654400000,-185.416016
1583668800000,-443.154297
1583683200000,-444.740234
1583697600000,-635.086914
1583712000000,-545.379883
1583726400000,-552.96875
1583740800000,-602.217773
1583755200000,-544.708984
1583769600000,-417.02832
1583784000000,-310.329102
1583798400000,-320.34668
1583812800000,-320.290039
1583827200000,-132.18457
1583841600000,-392.414551
1583856000000,-155.314941
1583870400000,-230.124023
1583884800000,-186.553223
1583899200000,-238.546875
1583913600000,-247.619629
1583928000000,-278.262207
1583942400000,-186.668945
1583956800000,-74.2363281
1583971200000,-322.717285
1583985600000,-529.111816
1584000000000,-1396.67773
1584014400000,-1066.65674
1584028800000,-1065.04102
1584043200000,-2156.41797
1584057600000,-1152.271
1584072000000,-887.53418
1584086400000,-697.135254
1584100800000,-881.039551
1584115200000,-615.037109
1584129600000,-394.800781
1584144000000,-357.976562
1584158400000,-439.157227
1584172800000,-440.771973
1584187200000,-593.588379
1584201600000,-498.816406
1584216000000,-708.353027
1584230400000,-696.838379
1584244800000,-594.083008
1584259200000,-405.201172
1584273600000,-501.932129
1584288000000,-493.141113
1584302400000,-415.90918
1584316800000,-491.306152
1584331200000,-923.143555
1584345600000,-1080.58984
1584360000000,-365.55957
1584374400000,-521.021973
1584388800000,-403.967285
1584403200000,-84.2885742
1584417600000,-51.5395508
1584432000000,-137.444824
1584446400000,-27.0854492
1584460800000,-10.3564453
1584475200000,-78.3037109
1584489600000,2.46289062
1584504000000,-237.991211
1584518400000,-227.679199
1584532800000,-24.7172852
1584547200000,-15.9228516
1584561600000,44.1513672
1584576000000,-68.8623047
1584590400000,65.4663086
1584604800000,261.067871
1584619200000,491.241211
1584633600000,688.380859
1584648000000,594.179688
1584662400000,549.280762
1584676800000,677.805176
1584691200000,857.419434
1584705600000,740.243652
1584720000000,261.886719
1584734400000,249.409668
1584748800000,288.132812
1584763200000,171.827148
1584777600000,131.396484
1584792000000,219.221191
1584806400000,216.94873
1584820800000,166.513184
1584835200000,325.713379
1584849600000,261.871582
1584864000000,105.924316
1584878400000,30.9628906
1584892800000,-132.620605
1584907200000,-221.468262
1584921600000,-64.1645508
1584936000000,-162.54248
1584950400000,-168.248047
1584964800000,179.697754
1584979200000,207.517578
1584993600000,394.59668
1585008000000,412.692383
1585022400000,440.266113
1585036800000,547.481445
1585051200000,354.288574
1585065600000,447.337402
1585080000000,470.196777
1585094400000,258.496094
1585108800000,366.254395
1585123200000,160.82666
1585137600000,233.508301
1585152000000,220.10791
1585166400000,274.683594
1585180800000,320.450684
1585195200000,162.731445
1585209600000,166.266602
1585224000000,163.516602
1585238400000,202.90625
1585252800000,275.946777
1585267200000,307.634766
1585281600000,196.13916
1585296000000,103.683105
1585310400000,99.746582
1585324800000,121.224121
1585339200000,-173.739258
1585353600000,-384.208984
1585368000000,-286.538086
1585382400000,-222.73291
1585396800000,-224.10498
1585411200000,-199.921875
1585425600000,-161.522949
1585440000000,-186.665527
1585454400000,-238.586426
1585468800000,-236.764648
1585483200000,-228.98291
1585497600000,-415.298828
1585512000000,-416.812012
1585526400000,-258.998047
1585540800000,4.94384766
1585555200000,114.43457
1585569600000,80.7519531
1585584000000,99.9448242
1585598400000,97.3447266
1585612800000,133.529785
1585627200000,124.212402
1585641600000,71.5712891
1585656000000,121.390625
1585670400000,130.533203
1585684800000,78.2705078
1585699200000,29.5419922
1585713600000,-11.1674805
1585728000000,-47.690918
1585742400000,-98.0986328
1585756800000,-114.962402
1585771200000,304.42627
1585785600000,234.687988
1585800000000,258.568359
1585814400000,281.012695
1585828800000,344.95752
1585843200000,212.813477
1585857600000,195.754883
1585872000000,174.791016
1585886400000,311.147949
1585900800000,360.183105
1585915200000,35.1254883
1585929600000,94.2568359
1585944000000,55.4667969
1585958400000,15.6870117
1585972800000,54.3876953
1585987200000,3.70166016
1586001600000,43.625
1586016000000,52.3193359
1586030400000,145.318359
1586044800000,74.6875
1586059200000,44.8012695
1586073600000,48.140625
1586088000000,53.7016602
1586102400000,56.8837891
1586116800000,33.7006836
1586131200000,100.906738
1586145600000,263.833984
1586160000000,302.490234
1586174400000,325.590332
1586188800000,404.414062
1586203200000,433.371582
1586217600000,377.496094
1586232000000,404.524902
1586246400000,386.899414
1586260800000,287.708984
1586275200000,237.989258
1586289600000,128.701172
1586304000000,267.879395
1586318400000,220.767578
1586332800000,182.235352
1586347200000,146.574219
1586361600000,174.522949
1586376000000,213.973633
1586390400000,126.143066
1586404800000,172.659668
1586419200000,16.800293
1586433600000,103.570312
1586448000000,82.2026367
1586462400000,103.746094
1586476800000,-10.9584961
1586491200000,-239.463379
1586505600000,-242.830078
1586520000000,-332.229492
1586534400000,-180.643066
1586548800000,-211.870117
1586563200000,-150.513672
1586577600000,-174.504883
1586592000000,-167.348633
1586606400000,-206.067383
1586620800000,-230.420898
1586635200000,-143.978516
1586649600000,-202.431152
1586664000000,-171.337402
1586678400000,-146.250488
1586692800000,31.1376953
1586707200000,111.704102
1586721600000,-108.306641
1586736000000,-290.627441
1586750400000,-251.973145
1586764800000,-159.845703
1586779200000,-134.453613
1586793600000,-117.873535
1586808000000,-44.2475586
1586822400000,-7.07910156
1586836800000,-68.4272461
1586851200000,-50.3115234
1586865600000,20.0410156
1586880000000,27.7055664
1586894400000,-22.484375
1586908800000,14.1601562
1586923200000,-23.6831055
1586937600000,-111.342285
1586952000000,-165.481445
1586966400000,-132.890625
1586980800000,-228.034668
1586995200000,-165.549805
1587009600000,77.7041016
1587024000000,180.719727
1587038400000,191.49707
1587052800000,203.242676
1587067200000,205.742676
1587081600000,172.448242
1587096000000,128.400879
1587110400000,152.165039
1587124800000,105.31543
1587139200000,132.328613
1587153600000,76.2666016
1587168000000,140.977051
1587182400000,144.335938
1587196800000,148.484375
1587211200000,258.896484
1587225600000,216.892578
1587240000000,237.004395
1587254400000,209.215332
1587268800000,112.239746
1587283200000,119.644531
1587297600000,54.3037109
1587312000000,88.3076172
1587326400000,65.8100586
1587340800000,104.756836
1587355200000,117.834961
1587369600000,-108.019043
1587384000000,14.3320312
1587398400000,-256.108398
1587412800000,-179.517578
1587427200000,-142.546875
1587441600000,-114.583496
1587456000000,-183.274902
1587470400000,-136.30957
1587484800000,-92.2905273
1587499200000,-115.857422
1587513600000,-87.8994141
1587528000000,-13.2763672
1587542400000,2.20703125
1587556800000,150.905762
1587571200000,114.169434
1587585600000,146.969727
1587600000000,122.60791
1587614400000,59.7905273
1587628800000,128.007812
1587643200000,403.975586
1587657600000,366.053223
1587672000000,299.861816
1587686400000,319.292969
1587700800000,358.460449
1587715200000,244.433594
1587729600000,241.043457
1587744000000,242.193359
1587758400000,212.976562
1587772800000,218.263184
1587787200000,242.130859
1587801600000,205.083984
1587816000000,166.078613
1587830400000,175.398926
1587844800000,158.95459
1587859200000,183.131836
1587873600000,161.980957
1587888000000,258.520996
1587902400000,111.725586
1587916800000,207.237305
1587931200000,238.749023
1587945600000,237.772461
1587960000000,187.441895
1587974400000,198.037109
1587988800000,146.671387
1588003200000,167.649414
1588017600000,235.256348
1588032000000,152.890137
1588046400000,141.75
1588060800000,163.125488
1588075200000,132.474121
1588089600000,127.109375
1588104000000,150.702148
1588118400000,192.07373
1588132800000,293.889648
1588147200000,413.782227
1588161600000,518.464844
1588176000000,539.274902
1588190400000,506.889648
1588204800000,899.487305
1588219200000,594.979492
1588233600000,208.900391
1588248000000,131.72168
1588262400000,193.304688
1588276800000,-34.9560547
1588291200000,15.1132812
1588305600000,109.117188
1588320000000,325.515625
1588334400000,30.8828125
1588348800000,26.6318359
1588363200000,124.698242
1588377600000,128.00293
1588392000000,90.9902344
1588406400000,132.540039
1588420800000,214.56543
1588435200000,137.609375
1588449600000,229.748047
1588464000000,367.916016
1588478400000,189.15625
1588492800000,233.1875
1588507200000,-12.7734375
1588521600000,41.0498047
1588536000000,74.4101562
1588550400000,-91.4736328
1588564800000,-156.561523
1588579200000,-120.773438
1588593600000,51.4960938
1588608000000,32.5527344
1588622400000,71.7099609
1588636800000,50.4824219
1588651200000,192.733398
1588665600000,14.7978516
1588680000000,7.47363281
1588694400000,69.4511719
1588708800000,170.603516
1588723200000,124.923828
1588737600000,166.323242
1588752000000,421.486328
1588766400000,322.387695
1588780800000,277.499023
1588795200000,145.811523
1588809600000,274.859375
1588824000000,282.258789
1588838400000,231.574219
1588852800000,400.03125
1588867200000,614.880859
1588881600000,665.681641
1588896000000,552.774414
1588910400000,412.362305
1588924800000,466.541016
1588939200000,466.980469
1588953600000,454.678711
1588968000000,274.650391
1588982400000,323.717773
1588996800000,40.6445312
1589011200000,75.9765625
1589025600000,121.270508
1589040000000,174.041016
1589054400000,-38.8769531
1589068800000,-681.619141
1589083200000,-447.486328
1589097600000,-490.566406
1589112000000,-536.106445
1589126400000,-610.820312
1589140800000,-354.800781
1589155200000,-366.023438
1589169600000,-391.132812
1589184000000,-102.472656
1589198400000,-133.265625
1589212800000,-185.308594
1589227200000,-347.263672
1589241600000,-192.823242
1589256000000,-245.583984
1589270400000,-95.8261719
1589284800000,-22.8173828
1589299200000,-104.845703
1589313600000,-70.2275391
1589328000000,20.0166016
1589342400000,-21.9667969
1589356800000,144.680664
1589371200000,235.993164
1589385600000,246.670898
1589400000000,362.939453
1589414400000,392.794922
1589428800000,527.294922
1589443200000,554.246094
1589457600000,579.260742
1589472000000,454.780273
1589486400000,541.071289
1589500800000,187.145508
1589515200000,361.380859
1589529600000,260.207031
1589544000000,134.146484
1589558400000,-14.3945312
1589572800000,-31.6357422
1589587200000,67.2197266
1589601600000,37.1035156
1589616000000,60.0058594
1589630400000,20.3476562
1589644800000,-27.5166016
1589659200000,23.4755859
1589673600000,178.154297
1589688000000,174.119141
1589702400000,155.03125
1589716800000,411.048828
1589731200000,343.071289
1589745600000,225.356445
1589760000000,382.981445
1589774400000,268.495117
1589788800000,101.680664
1589803200000,131.302734
1589817600000,156.611328
1589832000000,182.489258
1589846400000,-20.2763672
1589860800000,19.9960938
1589875200000,168.350586
1589889600000,89.6376953
1589904000000,51.015625
1589918400000,184.518555
1589932800000,118.87207
1589947200000,149.446289
1589961600000,105.470703
1589976000000,-205.777344
1589990400000,-63.5947266
1590004800000,-79.3193359
1590019200000,-108.344727
1590033600000,-133.305664
1590048000000,-182.041016
1590062400000,-404.179688
1590076800000,-360.31543
1590091200000,-344.416992
1590105600000,-399.592773
1590120000000,-293.168945
1590134400000,-191.397461
1590148800000,-128.637695
1590163200000,-163.424805
1590177600000,-165.133789
1590192000000,-43.1376953
1590206400000,-68.4423828
1590220800000,-142.203125
1590235200000,-116.477539
1590249600000,-120.232422
1590264000000,-126.085938
1590278400000,-98.1972656
1590292800000,-30.0859375
1590307200000,-164.087891
1590321600000,-207.207031
1590336000000,-201.852539
1590350400000,-457.963867
1590364800000,-348.711914
1590379200000,-257.177734
1590393600000,-341.53125
1590408000000,-288.248047
1590422400000,-119.061523
1590436800000,-149.504883
1590451200000,-132.875
1590465600000,-71.7753906
1590480000000,-154.604492
1590494400000,-272.356445
1590508800000,-185.119141
1590523200000,-133.177734
1590537600000,-140.271484
1590552000000,-118.914062
1590566400000,172.632812
1590580800000,150.650391
1590595200000,147.578125
1590609600000,192.0625
1590624000000,140.384766
1590638400000,113.822266
1590652800000,220.442383
1590667200000,402.295898
1590681600000,333.386719
1590696000000,421.874023
1590710400000,335.745117
1590724800000,320.431641
1590739200000,164.220703
1590753600000,160.116211
1590768000000,150.910156
1590782400000,165.854492
1590796800000,126.953125
1590811200000,238.655273
1590825600000,252.134766
1590840000000,225.746094
1590854400000,222.193359
1590868800000,328.333008
1590883200000,196.858398
1590897600000,164.259766
1590912000000,185.754883
1590926400000,66.3945312
1590940800000,94
1590955200000,23.1533203
1590969600000,125.245117
1590984000000,133.556641
1590998400000,76.6689453
1591012800000,100.725586
1591027200000,125.067383
1591041600000,573.645508
1591056000000,403.196289
1591070400000,405.802734
1591084800000,368.447266
1591099200000,-259.288086
1591113600000,-195.259766
1591128000000,-167.450195
1591142400000,-197.78125
1591156800000,-165.746094
1591171200000,-48.8974609
1591185600000,-104.716797
1591200000000,-77.4091797
1591214400000,6.47949219
1591228800000,15.5351562
1591243200000,-7.73046875
1591257600000,-20.9902344
1591272000000,175.302734
1591286400000,147.054688
1591300800000,114.974609
1591315200000,110.388672
1591329600000,87.1259766
1591344000000,-3.89550781
1591358400000,15.8662109
1591372800000,28.1015625
1591387200000,-78.3564453
1591401600000,-60.1855469
1591416000000,-84.6162109
1591430400000,2.15332031
1591444800000,-31.4609375
1591459200000,-20.828125
1591473600000,-12.5966797
1591488000000,1.71386719
1591502400000,-25.4208984
1591516800000,-101.412109
1591531200000,-147.729492
1591545600000,136.116211
1591560000000,102.692383
1591574400000,75.3330078
1591588800000,74.671875
1591603200000,81.484375
1591617600000,34.3369141
1591632000000,24.3632812
1591646400000,114.566406
1591660800000,2.40332031
1591675200000,4.64941406
1591689600000,46.1259766
1591704000000,39.0117188
1591718400000,49.0117188
1591732800000,87.5439453
1591747200000,58.1259766
1591761600000,51.8232422
1591776000000,25.9072266
1591790400000,54.7333984
1591804800000,111.404297
1591819200000,136.495117
1591833600000,131.060547
1591848000000,23.4970703
1591862400000,12.6162109
1591876800000,-232.860352
1591891200000,-353.852539
1591905600000,-337.447266
1591920000000,-242.097656
1591934400000,-156.890625
1591948800000,-81.7890625
1591963200000,-148.180664
1591977600000,-122.442383
1591992000000,-86.3623047
1592006400000,-136.364258
1592020800000,-100.155273
1592035200000,-131.737305
1592049600000,-95.5898438
1592064000000,-122.523438
1592078400000,-43.0253906
1592092800000,-85.3730469
1592107200000,-104.935547
1592121600000,-82.8691406
1592136000000,-83.7832031
1592150400000,-102.276367
1592164800000,-138.385742
1592179200000,-283.435547
1592193600000,-247.417969
1592208000000,-229.487305
1592222400000,-26.1308594
1592236800000,89.2109375
1592251200000,91.3974609
1592265600000,222.165039
1592280000000,147.681641
1592294400000,146.12793
1592308800000,70.1875
1592323200000,120.1875
1592337600000,137.580078
1592352000000,63.9335938
1592366400000,116.883789
1592380800000,80.5283203
1592395200000,-16.8710938
1592409600000,-102.181641
1592424000000,58.359375
1592438400000,26.359375
1592452800000,30.5478516
1592467200000,26.7119141
1592481600000,-22.9775391
1592496000000,-8.55371094
1592510400000,-15.9150391
1592524800000,-118.28418
1592539200000,-88.2148438
1592553600000,5.36523438
1592568000000,1.90039062
1592582400000,-69.8261719
1592596800000,-66.0820312
1592611200000,-41.2167969
1592625600000,-66.5107422
1592640000000,-28.7080078
1592654400000,-96.2373047
1592668800000,-63.890625
1592683200000,13.1503906
1592697600000,23.8408203
1592712000000,14.0283203
1592726400000,8.3203125
1592740800000,17.5371094
1592755200000,-8.18164062
1592769600000,-58.5488281
1592784000000,27.4541016
1592798400000,67.1943359
1592812800000,100.304688
1592827200000,126.388672
1592841600000,172.430664
1592856000000,255.150391
1592870400000,204.269531
1592884800000,206.367188
1592899200000,161.87793
1592913600000,206.043945
1592928000000,157.045898
1592942400000,126.579102
1592956800000,146.189453
1592971200000,-6.54882812
1592985600000,-170.376953
1593000000000,-207.189453
1593014400000,-143.067383
1593028800000,-137.850586
1593043200000,-302.201172
1593057600000,-202.974609
1593072000000,-101.527344
1593086400000,-109.59668
1593100800000,-55.171875
1593115200000,-93.2236328
1593129600000,-87.1738281
1593144000000,-182.731445
1593158400000,-119.131836
1593172800000,-131.947266
1593187200000,-104.631836
1593201600000,-110.833008
1593216000000,-101.359375
1593230400000,-83.3408203
1593244800000,-93.5585938
1593259200000,-118.146484
1593273600000,-268.625977
1593288000000,-167.182617
1593302400000,-194.916016
1593316800000,-133.820312
1593331200000,-105.27832
1593345600000,8.85839844
1593360000000,-32.5419922
1593374400000,-26.2773438
1593388800000,-47.6298828
1593403200000,-53.5332031
1593417600000,-48.7753906
1593432000000,-7.02441406
1593446400000,27.8603516
1593460800000,51.5
1593475200000,28.5683594
1593489600000,3.734375
1593504000000,11.8642578
1593518400000,30.3193359
1593532800000,-1.39941406
1593547200000,-3.55273438
1593561600000,1.296875
1593576000000,1.59765625
1593590400000,19.9472656
1593604800000,125.277344
1593619200000,89.9892578
1593633600000,75.6738281
1593648000000,77.4941406
1593662400000,44.7197266
1593676800000,29.1162109
1593691200000,-115.324219
1593705600000,-89.7373047
1593720000000,-47.7529297
1593734400000,-40.7402344
1593748800000,-28.6689453
1593763200000,-35.4814453
1593777600000,-30.6367188
1593792000000,-43.8388672
1593806400000,-65.1601562
1593820800000,-41.6445312
1593835200000,-46.3076172
1593849600000,-59.8867188
1593864000000,-57.3486328
1593878400000,12.5615234
1593892800000,22.890625
1593907200000,8.5078125
1593921600000,-50.9160156
1593936000000,-73.8486328
1593950400000,-75.3974609
1593964800000,-67.4091797
1593979200000,-7.36035156
1593993600000,2.83203125
1594008000000,100.598633
1594022400000,123.932617
1594036800000,175.004883
1594051200000,150.125
1594065600000,187.46875
1594080000000,124.168945
1594094400000,80.8632812
1594108800000,88.1943359
1594123200000,84.4931641
1594137600000,43.0859375
1594152000000,57.4521484
1594166400000,102.542969
1594180800000,76.046875
1594195200000,95.6757812
1594209600000,164.759766
1594224000000,177.157227
1594238400000,168.373047
1594252800000,110.9375
1594267200000,122.375
1594281600000,109.793945
1594296000000,-71.7353516
1594310400000,-58.2050781
1594324800000,-41.2792969
1594339200000,-57.5107422
1594353600000,-116.026367
1594368000000,-98.5322266
1594382400000,-13.3105469
1594396800000,-24.8291016
1594411200000,31.1777344
1594425600000,7.86328125
1594440000000,12.4560547
1594454400000,-49.2675781
1594468800000,-28.0839844
1594483200000,-45.1025391
1594497600000,-16.6552734
1594512000000,23.4560547
1594526400000,3.46875
1594540800000,-1.22167969
1594555200000,-31.1269531
1594569600000,-28.1865234
1594584000000,51.2382812
1594598400000,22.8291016
1594612800000,15.6132812
1594627200000,53.2070312
1594641600000,25.2783203
1594656000000,-32.7285156
1594670400000,-23.9736328
1594684800000,-44.6269531
1594699200000,-72.1572266
1594713600000,-6.73925781
1594728000000,-15.5859375
1594742400000,30.2460938
1594756800000,15.4365234
1594771200000,-5.24316406
1594785600000,-10.8662109
1594800000000,-23.6015625
1594814400000,-38.2324219
1594828800000,-56.7001953
1594843200000,-37.7138672
1594857600000,-36.6826172
1594872000000,-96.5888672
1594886400000,-118.170898
1594900800000,-68.9833984
1594915200000,-62.6972656
1594929600000,-46.5058594
1594944000000,-64.9169922
1594958400000,-69.0771484
1594972800000,-35.8164062
1594987200000,-24.9570312
1595001600000,-9.40332031
1595016000000,-13.9169922
1595030400000,-28.4853516
1595044800000,-29.453125
1595059200000,-3.11425781
1595073600000,5.33691406
1595088000000,-1.67675781
1595102400000,7.21972656
1595116800000,-13.4277344
1595131200000,-12.5087891
1595145600000,-37.3632812
1595160000000,-33.15625
1595174400000,4.31933594
1595188800000,45.7177734
1595203200000,23.2509766
1595217600000,13.3242188
1595232000000,-14.546875
1595246400000,7.64453125
1595260800000,-8.64941406
1595275200000,-6.39160156
1595289600000,8.13378906
1595304000000,116.545898
1595318400000,127.898438
1595332800000,86.4472656
1595347200000,101.642578
1595361600000,129.039062
1595376000000,97.265625
1595390400000,37.1386719
1595404800000,69.3525391
1595419200000,59.7744141
1595433600000,81.3613281
1595448000000,207.71875
1595462400000,165.076172
1595476800000,159.179688
1595491200000,156.577148
1595505600000,140.140625
1595520000000,175.791016
1595534400000,172.5
1595548800000,125.540039
1595563200000,65.5244141
1595577600000,85.1523438
1595592000000,95.3652344
1595606400000,122.566406
1595620800000,66.6699219
1595635200000,101.15625
1595649600000,83.7148438
1595664000000,91.2294922
1595678400000,99.3339844
1595692800000,158.09668
1595707200000,162.578125
1595721600000,139.706055
1595736000000,165.631836
1595750400000,270.053711
1595764800000,218.405273
1595779200000,111.280273
1595793600000,167.365234
1595808000000,419.21582
1595822400000,256.77832
1595836800000,325.833008
1595851200000,289.985352
1595865600000,611.927734
1595880000000,624.685547
1595894400000,495.019531
1595908800000,363.416992
1595923200000,419.463867
1595937600000,541.467773
1595952000000,336.124023
1595966400000,244.615234
1595980800000,297.712891
1595995200000,324.194336
1596009600000,377.21875
1596024000000,391.433594
1596038400000,397.296875
1596052800000,261.077148
1596067200000,140.561523
1596081600000,93.5146484
1596096000000,76.5693359
1596110400000,150.564453
1596124800000,249.467773
1596139200000,215.99707
1596153600000,84.8349609
1596168000000,241.919922
1596182400000,310.219727
1596196800000,402.874023
1596211200000,322.262695
1596225600000,327.293945
1596240000000,334.852539
1596254400000,564.395508
1596268800000,515.662109
1596283200000,457.561523
1596297600000,549.686523
1596312000000,534.992188
1596326400000,685.304688
1596340800000,-18.8857422
1596355200000,-215.376953
1596369600000,-221.919922
1596384000000,-102.875977
1596398400000,-221.880859
1596412800000,-142.554688
1596427200000,-70.5361328
1596441600000,-39.6953125
1596456000000,106.732422
1596470400000,129.954102
1596484800000,-51.4384766
1596499200000,-24.1152344
1596513600000,10.2861328
1596528000000,-154.84668
1596542400000,-57.1572266
1596556800000,-39.6923828
1596571200000,-75.8095703
1596585600000,-25.4814453
1596600000000,16.9208984
1596614400000,175.458008
1596628800000,355.525391
1596643200000,325.686523
1596657600000,374.185547
1596672000000,254.307617
1596686400000,226.783203
1596700800000,269.456055
1596715200000,385.473633
1596729600000,385.763672
1596744000000,251.50293
1596758400000,299.974609
1596772800000,243.526367
1596787200000,200.095703
1596801600000,71.4296875
1596816000000,-63.8798828
1596830400000,36.6884766
1596844800000,-13.5830078
1596859200000,32.3769531
1596873600000,209.743164
1596888000000,168.581055
1596902400000,129.033203
1596916800000,176.541016
1596931200000,143.014648
1596945600000,98.6152344
1596960000000,79.9238281
1596974400000,-36.5332031
1596988800000,22.5966797
1597003200000,73.9140625
1597017600000,375.783203
1597032000000,298.591797
1597046400000,41.0625
1597060800000,208.381836
1597075200000,143.064453
1597089600000,157.541992
1597104000000,90.5888672
1597118400000,7.76464844
1597132800000,-2.2890625
1597147200000,-219.135742
1597161600000,-269.996094
1597176000000,-220.216797
1597190400000,-205.033203
1597204800000,-119.967773
1597219200000,-100.567383
1597233600000,23.2353516
1597248000000,17.9082031
1597262400000,4.70117188
1597276800000,20.0830078
1597291200000,-31.8935547
1597305600000,11.8515625
1597320000000,-42.5859375
1597334400000,-21.7714844
1597348800000,238.511719
1597363200000,174.230469
1597377600000,142.098633
1597392000000,192.65625
1597406400000,153.825195
1597420800000,208.244141
1597435200000,150.637695
1597449600000,264.957031
1597464000000,250.976562
1597478400000,196.512695
1597492800000,181.825195
1597507200000,164.269531
1597521600000,159.087891
1597536000000,226.827148
1597550400000,158.651367
1597564800000,38.4121094
1597579200000,142.263672
1597593600000,93.7998047
1597608000000,182.408203
1597622400000,108.941406
1597636800000,71.4609375
1597651200000,164.106445
1597665600000,517.688477
1597680000000,375.411133
1597694400000,307.68457
1597708800000,310.610352
1597723200000,248.785156
1597737600000,150.400391
1597752000000,-82.8554688
1597766400000,-30.2695312
1597780800000,-66.5068359
1597795200000,-164.863281
1597809600000,-163.753906
1597824000000,-131.65918
1597838400000,-230.973633
1597852800000,-282.65332
1597867200000,-166.463867
1597881600000,-217.911133
1597896000000,-211.214844
1597910400000,-93.4755859
1597924800000,-43.3222656
1597939200000,-47.8046875
1597953600000,-42.0976562
1597968000000,-30.7753906
1597982400000,-62.6962891
1597996800000,-164.704102
1598011200000,-139.427734
1598025600000,-169.481445
1598040000000,-291.703125
1598054400000,-320.711914
1598068800000,-196.820312
1598083200000,-205.603516
1598097600000,-175.303711
1598112000000,-166.865234
1598126400000,-79.8408203
1598140800000,-138.990234
1598155200000,-120.231445
1598169600000,-195.164062
1598184000000,-67.6923828
1598198400000,-33.9716797
1598212800000,-64.6279297
1598227200000,-37.8408203
1598241600000,39.890625
1598256000000,70.8105469
1598270400000,37.953125
1598284800000,23.3349609
1598299200000,29.7871094
1598313600000,-55.5595703
1598328000000,-134.274414
1598342400000,-82.5185547
1598356800000,-218.569336
1598371200000,-287.916992
1598385600000,-238.09375
1598400000000,-184.202148
1598414400000,-192.513672
1598428800000,-148.174805
1598443200000,-27.9736328
1598457600000,-43.4033203
1598472000000,-44.1152344
1598486400000,-116.454102
1598500800000,-92.0498047
1598515200000,-169.357422
1598529600000,-134.991211
1598544000000,-194.826172
1598558400000,-105.874023
1598572800000,-51.2783203
1598587200000,-48.5595703
1598601600000,44.4570312
1598616000000,99.2275391
1598630400000,71.6630859
1598644800000,84.7099609
1598659200000,62.890625
1598673600000,122.117188
1598688000000,0.309570312
1598702400000,49.6601562
1598716800000,72.5263672
1598731200000,16.3515625
1598745600000,148.981445
1598760000000,125.914062
1598774400000,131.850586
1598788800000,131.491211
1598803200000,148.134766
1598817600000,205.15625
1598832000000,163.869141
1598846400000,96.9667969
1598860800000,145.339844
1598875200000,180.069336
1598889600000,167.0625
1598904000000,75.0253906
1598918400000,112.754883
1598932800000,301.47168
1598947200000,232.982422
1598961600000,359.466797
1598976000000,258.270508
1598990400000,194.493164
1599004800000,100.569336
1599019200000,-14.8720703
1599033600000,-260.816406
1599048000000,-300.329102
1599062400000,-208.237305
1599076800000,-205.736328
1599091200000,-226.458008
1599105600000,-164.021484
1599120000000,-327.214844
1599134400000,-654.905273
1599148800000,-584.008789
1599163200000,-971.792969
1599177600000,-794.046875
1599192000000,-712.734375
1599206400000,-535.658203
1599220800000,-427.517578
1599235200000,-259.888672
1599249600000,-372.908203
1599264000000,-406.785156
1599278400000,-392.589844
1599292800000,-535.240234
1599307200000,-412.1875
1599321600000,-637.364258
1599336000000,-390.944336
1599350400000,-359.008789
1599364800000,-280.329102
1599379200000,-240.366211
1599393600000,-315.881836
1599408000000,-226.307617
1599422400000,-219.821289
1599436800000,-262.333008
1599451200000,-331.036133
1599465600000,-392.40918
1599480000000,-232.635742
1599494400000,-221.858398
1599508800000,7.28027344
1599523200000,-59.2060547
1599537600000,-90.9619141
1599552000000,-348.168945
1599566400000,-203.862305
1599580800000,-295.313477
1599595200000,-131.208984
1599609600000,-222.24707
1599624000000,-59.8496094
1599638400000,-23.859375
1599652800000,5.61230469
1599667200000,39.2695312
1599681600000,-23.7626953
1599696000000,126.994141
1599710400000,17.0224609
1599724800000,44.1708984
1599739200000,152.439453
1599753600000,3.90039062
1599768000000,64.8828125
1599782400000,-58.7275391
1599796800000,-16.7246094
1599811200000,-13.8007812
1599825600000,42.1689453
1599840000000,47.8847656
1599854400000,110.986328
1599868800000,65.046875
1599883200000,56.7695312
1599897600000,53.2412109
1599912000000,66.6855469
1599926400000,159.782227
1599940800000,133.655273
1599955200000,234.40332
1599969600000,215.056641
1599984000000,-18.4130859
1599998400000,-52.5166016
1600012800000,-30.4677734
1600027200000,-7.68945312
1600041600000,19.8369141
1600056000000,69.9853516
1600070400000,122.481445
1600084800000,301.837891
1600099200000,251.023438
1600113600000,233.164062
1600128000000,280.240234
1600142400000,254.058594
1600156800000,293.631836
1600171200000,211.174805
1600185600000,188.65332
1600200000000,182.355469
1600214400000,165.166016
1600228800000,284.764648
1600243200000,246.115234
1600257600000,312.416992
1600272000000,256.556641
1600286400000,203.411133
1600300800000,111.883789
1600315200000,121.979492
1600329600000,110.417969
1600344000000,60.3349609
1600358400000,130.87207
1600372800000,145.691406
1600387200000,127.475586
1600401600000,152.742188
1600416000000,164.060547
1600430400000,76.8173828
1600444800000,38.9707031
1600459200000,97.6367188
1600473600000,143.456055
1600488000000,64.0664062
1600502400000,277.020508
1600516800000,206.305664
1600531200000,165.332031
1600545600000,179.161133
1600560000000,40.0830078
1600574400000,49.0644531
1600588800000,41.3603516
1600603200000,-73.2744141
1600617600000,-36.3203125
1600632000000,17.7246094
1600646400000,61.0400391
1600660800000,-4.22460938
1600675200000,-232.888672
1600689600000,-343.126953
1600704000000,-240.154297
1600718400000,-310.361328
1600732800000,-252.150391
1600747200000,-309.655273
1600761600000,-222.039062
1600776000000,-208.664062
1600790400000,-161.72168
1600804800000,-113.869141
1600819200000,-159.140625
1600833600000,-194.307617
1600848000000,-139.844727
1600862400000,-153.34668
1600876800000,-286.09082
1600891200000,-293.470703
1600905600000,-217.962891
1600920000000,-169.288086
1600934400000,-95.8955078
1600948800000,51.9335938
1600963200000,132.902344
1600977600000,201.450195
1600992000000,126.519531
1601006400000,139.634766
1601020800000,79.9658203
1601035200000,87.8798828
1601049600000,148.992188
1601064000000,108.993164
1601078400000,127.290039
1601092800000,114.969727
1601107200000,110.754883
1601121600000,117.501953
1601136000000,111.704102
1601150400000,114.389648
1601164800000,163.03125
1601179200000,44.3291016
1601193600000,-2.11230469
1601208000000,118.996094
1601222400000,94.3544922
1601236800000,131.820312
1601251200000,216.483398
1601265600000,172.438477
1601280000000,179.033203
1601294400000,176.420898
1601308800000,133.585938
1601323200000,-40.6640625
1601337600000,-43.5361328
1601352000000,-4.93652344
1601366400000,23.3369141
1601380800000,-6.29296875
1601395200000,12.5097656
1601409600000,105.147461
1601424000000,4.92089844
1601438400000,-36.4804688
1601452800000,-53.6894531
1601467200000,42.1025391
1601481600000,-23.8242188
1601496000000,41.0566406
1601510400000,59.4287109
1601524800000,82.1748047
1601539200000,146.857422
1601553600000,-44.0595703
1601568000000,-113.24707
1601582400000,-105.15332
1601596800000,-69.7216797
1601611200000,-194.833008
1601625600000,-228.837891
1601640000000,-133.467773
1601654400000,-134.097656
1601668800000,-71.6503906
1601683200000,-83.3867188
1601697600000,-106.298828
1601712000000,-90.1425781
1601726400000,-81.2851562
1601740800000,-42.3681641
1601755200000,-77.8398438
1601769600000,-70.21875
1601784000000,-3.49414062
1601798400000,-16.4658203
1601812800000,-20.8662109
1601827200000,57.4902344
1601841600000,53.3359375
1601856000000,47.9501953
1601870400000,60.3134766
1601884800000,38.4326172
1601899200000,78.3144531
1601913600000,82.3154297
1601928000000,131.175781
1601942400000,106.605469
1601956800000,48.4941406
1601971200000,21.8134766
1601985600000,56.7402344
1602000000000,-98.1337891
1602014400000,-60.3359375
1602028800000,-77.2255859
1602043200000,-32.3613281
1602057600000,-43.3134766
1602072000000,-18.9453125
1602086400000,3.17480469
1602100800000,19.734375
1602115200000,-6.04785156
1602129600000,-53.9287109
1602144000000,-28.8408203
1602158400000,204.732422
1602172800000,174.742188
1602187200000,206.019531
1602201600000,169.405273
1602216000000,162.759766
1602230400000,272.804688
1602244800000,283.466797
1602259200000,223.574219
1602273600000,233.441406
1602288000000,471.753906
1602302400000,422.098633
1602316800000,328.147461
1602331200000,322.592773
1602345600000,319.102539
1602360000000,241.183594
1602374400000,258.636719
1602388800000,273.584961
1602403200000,273.731445
1602417600000,276.319336
1602432000000,189.024414
1602446400000,204.782227
1602460800000,215.660156
1602475200000,191.591797
1602489600000,52.0585938
1602504000000,301.708008
1602518400000,278.642578
1602532800000,215.230469
1602547200000,126.5
1602561600000,115.47168
1602576000000,136.498047
1602590400000,23.3398438
1602604800000,26.0771484
1602619200000,51.0371094
1602633600000,24.2666016
1602648000000,43.9472656
1602662400000,-2.37109375
1602676800000,-56.9160156
1602691200000,-28.5556641
1602705600000,47.7802734
1602720000000,1.37792969
1602734400000,24.6269531
1602748800000,-61.8818359
1602763200000,38.4003906
1602777600000,134.966797
1602792000000,110.09668
1602806400000,108.557617
1602820800000,-75.0107422
1602835200000,-11.6757812
1602849600000,-49.2255859
1602864000000,-59.6738281
1602878400000,-55.5898438
1602892800000,-14.953125
1602907200000,-27.5546875
1602921600000,-30.46875
1602936000000,-35.9189453
1602950400000,-31.4228516
1602964800000,-11.0205078
1602979200000,3.41601562
1602993600000,83.7607422
1603008000000,50.0517578
1603022400000,73.5068359
1603036800000,57
1603051200000,121.352539
1603065600000,27.6933594
1603080000000,68.5
1603094400000,77.421875
1603108800000,314.859375
1603123200000,172.266602
1603137600000,212.807617
1603152000000,196.394531
1603166400000,166.714844
1603180800000,159.47168
1603195200000,263.349609
1603209600000,220.482422
1603224000000,201.655273
1603238400000,421.254883
1603252800000,376.648438
1603267200000,450.710938
1603281600000,660.081055
1603296000000,535.114258
1603310400000,491.484375
1603324800000,390.045898
1603339200000,398.525391
1603353600000,557.259766
1603368000000,490.577148
1603382400000,588.998047
1603396800000,446.913086
1603411200000,403.798828
1603425600000,310.708984
1603440000000,375.521484
1603454400000,319.614258
1603468800000,282.405273
1603483200000,283.862305
1603497600000,317.098633
1603512000000,271.448242
1603526400000,328.676758
1603540800000,405.432617
1603555200000,393.764648
1603569600000,373.110352
1603584000000,524.085938
1603598400000,208.899414
1603612800000,128.407227
1603627200000,112.948242
1603641600000,202.660156
1603656000000,184.177734
1603670400000,230.671875
1603684800000,158.845703
1603699200000,248.474609
1603713600000,58.5107422
1603728000000,77.2333984
1603742400000,128.400391
1603756800000,142.62793
1603771200000,196.608398
1603785600000,438.035156
1603800000000,532.899414
1603814400000,502.347656
1603828800000,430.188477
1603843200000,531.400391
1603857600000,374.301758
1603872000000,14.5429688
1603886400000,-63.1171875
1603900800000,-107.748047
1603915200000,-3.97851562
1603929600000,5.91796875
1603944000000,-129.995117
1603958400000,-196.938477
1603972800000,181.026367
1603987200000,216.911133
1604001600000,167.546875
1604016000000,132.836914
1604030400000,-90.125
1604044800000,51.0615234
1604059200000,236.712891
1604073600000,214.424805
1604088000000,213.592773
1604102400000,133.984375
1604116800000,218.327148
1604131200000,490.669922
1604145600000,380.246094
1604160000000,295.161133
1604174400000,296.304688
1604188800000,181.211914
1604203200000,279.391602
1604217600000,173.199219
1604232000000,264.530273
1604246400000,230.236328
1604260800000,178.953125
1604275200000,113.458984
1604289600000,142.160156
1604304000000,-169.887695
1604318400000,-65.4482422
1604332800000,3.04101562
1604347200000,3.45800781
1604361600000,-148.519531
1604376000000,-90.9394531
1604390400000,-1.8515625
1604404800000,164.730469
1604419200000,164.4375
1604433600000,442.304688
1604448000000,280.93457
1604462400000,-30.6533203
1604476800000,87.5595703
1604491200000,256.941406
1604505600000,399.113281
1604520000000,400.72168
1604534400000,519.571289
1604548800000,638.740234
1604563200000,782.083008
1604577600000,983.333008
1604592000000,834.601562
1604606400000,1126.84766
1604620800000,821.628906
1604635200000,1061.25586
1604649600000,832.201172
1604664000000,601.851562
1604678400000,611.820312
1604692800000,713.648438
1604707200000,655.232422
1604721600000,521.057617
1604736000000,572.339844
1604750400000,358.99707
1604764800000,-306.519531
1604779200000,-112.620117
1604793600000,40.1699219
1604808000000,-4.95019531
1604822400000,239.1875
1604836800000,388.305664
1604851200000,349.169922
1604865600000,457.123047
1604880000000,396.858398
1604894400000,237.291016
1604908800000,691.509766
1604923200000,-160.875977
1604937600000,203.970703
1604952000000,153.605469
1604966400000,172.177734
1604980800000,107.87207
1604995200000,95.5693359
1605009600000,-17.9267578
1605024000000,125.907227
1605038400000,111.082031
1605052800000,207.575195
1605067200000,195.584961
1605081600000,355.606445
1605096000000,421.415039
1605110400000,479.692383
1605124800000,328.365234
1605139200000,261.436523
1605153600000,466.664062
1605168000000,267.707031
1605182400000,593.027344
1605196800000,477.258789
1605211200000,654.067383
1605225600000,760.142578
1605240000000,548.382812
1605254400000,470.200195
1605268800000,324.149414
1605283200000,489.057617
1605297600000,513.488281
1605312000000,356.224609
1605326400000,242.030273
1605340800000,57.71875
1605355200000,78.5537109
1605369600000,19.4667969
1605384000000,199.174805
1605398400000,37.7607422
1605412800000,139.265625
1605427200000,62.4521484
1605441600000,130.985352
1605456000000,-41.0791016
1605470400000,58.9541016
1605484800000,111.386719
1605499200000,332.147461
1605513600000,295.84375
1605528000000,442.991211
1605542400000,668.893555
1605556800000,531.186523
1605571200000,374.84668
1605585600000,530.986328
1605600000000,713.606445
1605614400000,869.796875
1605628800000,924.994141
1605643200000,846.935547
1605657600000,1156.48438
1605672000000,922.214844
1605686400000,960.517578
1605700800000,515.316406
1605715200000,269.462891
1605729600000,377.992188
1605744000000,489.916016
1605758400000,219.164062
1605772800000,311.90625
1605787200000,580.214844
1605801600000,459.773438
1605816000000,290.318359
1605830400000,417.267578
1605844800000,626.46875
1605859200000,654.746094
1605873600000,935.408203
1605888000000,833.699219
1605902400000,823.998047
1605916800000,754.603516
1605931200000,739.085938
1605945600000,569.826172
1605960000000,791.181641
1605974400000,643.818359
1605988800000,629.878906
1606003200000,457.277344
1606017600000,385.419922
1606032000000,-211.591797
1606046400000,196.634766
1606060800000,464.777344
1606075200000,281.998047
1606089600000,215.958984
1606104000000,273.001953
1606118400000,390.34375
1606132800000,54.0429688
1606147200000,209.125
1606161600000,124.212891
1606176000000,114.203125
1606190400000,112.216797
1606204800000,722.439453
1606219200000,896.669922
1606233600000,661.884766
1606248000000,585.074219
1606262400000,219.248047
1606276800000,368.953125
1606291200000,663.023438
1606305600000,402.255859
1606320000000,254.429688
1606334400000,-39.5058594
1606348800000,-676.589844
1606363200000,-886.105469
1606377600000,-1131.6543
1606392000000,-1230.96289
1606406400000,-1436.51562
1606420800000,-763.033203
1606435200000,-805.828125
1606449600000,-775.589844
1606464000000,-1004.49805
1606478400000,-1218.73828
1606492800000,-880.664062
1606507200000,-520.615234
1606521600000,-640.988281
1606536000000,-621.164062
1606550400000,-445.195312
1606564800000,-74.4824219
1606579200000,221.216797
1606593600000,110.738281
1606608000000,264.4375
1606622400000,210.580078
1606636800000,442.203125
1606651200000,444.326172
1606665600000,358.933594
1606680000000,469.951172
1606694400000,826.658203
1606708800000,820.410156
1606723200000,747.960938
1606737600000,1087.26367
1606752000000,924.328125
1606766400000,1303.27148
1606780800000,943.527344
1606795200000,984.355469
1606809600000,765.208984
1606824000000,526.644531
1606838400000,295.6875
1606852800000,-15.0976562
1606867200000,-163.164062
1606881600000,362.482422
1606896000000,331.179688
1606910400000,78.9785156
1606924800000,287.369141
1606939200000,381.789062
1606953600000,254.458984
1606968000000,362.160156
1606982400000,525.369141
1606996800000,634.541016
1607011200000,478.382812
1607025600000,464.203125
1607040000000,188.183594
1607054400000,313.427734
1607068800000,-184.363281
1607083200000,-40.5996094
1607097600000,48.8769531
1607112000000,-325.423828
1607126400000,-150.556641
1607140800000,-49.9492188
1607155200000,51.21875
1607169600000,143.160156
1607184000000,145.416016
1607198400000,176.738281
1607212800000,200.574219
1607227200000,238.8125
1607241600000,88.3320312
1607256000000,121.894531
1607270400000,139.060547
1607284800000,353.099609
1607299200000,228.746094
1607313600000,323.1875
1607328000000,37.296875
1607342400000,138.085938
1607356800000,-121.998047
1607371200000,106.179688
1607385600000,91.1347656
1607400000000,75.921875
1607414400000,-276.951172
1607428800000,-202.234375
1607443200000,-218.509766
1607457600000,-599.955078
1607472000000,-549.892578
1607486400000,-857.171875
1607500800000,-422.296875
1607515200000,-297.626953
1607529600000,-381.207031
1607544000000,-74.5332031
1607558400000,-201.197266
1607572800000,-261.09375
1607587200000,-381.498047
1607601600000,-388.355469
1607616000000,-113.265625
1607630400000,-254.945312
1607644800000,-449.189453
1607659200000,-589.75
1607673600000,-685.001953
1607688000000,-185.253906
1607702400000,-307.705078
1607716800000,-237.703125
1607731200000,17.1542969
1607745600000,122.953125
1607760000000,233.833984
1607774400000,118.207031
1607788800000,480.730469
1607803200000,455.441406
1607817600000,419.267578
1607832000000,824.898438
1607846400000,821.191406
1607860800000,646.197266
1607875200000,580.382812
1607889600000,527.373047
1607904000000,580.904297
1607918400000,445.177734
1607932800000,378.208984
1607947200000,440.941406
1607961600000,393.869141
1607976000000,462.511719
1607990400000,619.851562
1608004800000,251.410156
1608019200000,352.234375
1608033600000,419.242188
1608048000000,521.529297
1608062400000,376.164062
1608076800000,289.220703
1608091200000,344.896484
1608105600000,592.566406
1608120000000,1156.78711
1608134400000,1120.54492
1608148800000,1471.44727
1608163200000,1589.86133
1608177600000,2081.81641
1608192000000,1662.45898
1608206400000,1926.97656
1608220800000,1160.49023
1608235200000,935.207031
1608249600000,885.712891
1608264000000,1118.48242
1608278400000,855.041016
1608292800000,489.798828
1608307200000,673.640625
1608321600000,991.611328
1608336000000,973.767578
1608350400000,676.693359
1608364800000,694.048828
1608379200000,1236.82227
1608393600000,1272.91797
1608408000000,1222.63477
1608422400000,679.683594
1608436800000,912.640625
1608451200000,813.041016
1608465600000,1081.12891
1608480000000,1090.75
1608494400000,476.533203
1608508800000,920.068359
1608523200000,889.695312
1608537600000,-438.037109
1608552000000,72.0429688
1608566400000,-206.480469
1608580800000,-300.191406
1608595200000,-170.792969
1608609600000,-336.455078
1608624000000,155.019531
1608638400000,343.082031
1608652800000,377.84375
1608667200000,751.646484
1608681600000,577.634766
1608696000000,439.630859
1608710400000,-57.6503906
1608724800000,281.240234
1608739200000,356.345703
1608753600000,41.953125
1608768000000,-303.232422
1608782400000,-1.41601562
1608796800000,48.0878906
1608811200000,76.2617188
1608825600000,127.207031
1608840000000,529.404297
1608854400000,267.890625
1608868800000,436.630859
1608883200000,1216.92969
1608897600000,535.226562
1608912000000,909.847656
1608926400000,1089.2207
1608940800000,1203.84375
1608955200000,1012.76367
1608969600000,1015.40039
1608984000000,1620.96289
1608998400000,1725.2793
1609012800000,1965.86328
1609027200000,1811.0332
1609041600000,2586.63477
1609056000000,2092.41016
1609070400000,1594.74023
1609084800000,1213.13477
1609099200000,302.230469
1609113600000,1257.66016
1609128000000,938.416016
1609142400000,800.708984
1609156800000,783.259766
1609171200000,810.722656
1609185600000,780.865234
1609200000000,181.75
1609214400000,162.097656
1609228800000,592.050781
1609243200000,300.394531
1609257600000,616.892578
1609272000000,1000.03711
1609286400000,1577.08008
1609300800000,1723.05078
1609315200000,994.615234
1609329600000,1243.85938
1609344000000,1736.69922
1609358400000,1686.60156
1609372800000,1653.43164
1609387200000,1734.1582
1609401600000,1362.71875
1609416000000,1114.2793
1609430400000,1171.02344
1609444800000,1163.91602
1609459200000,1448.4707
1609473600000,1209.72266
1609488000000,1387.74023
1609502400000,1155.88086
1609516800000,890.121094
1609531200000,1161.0918
1609545600000,1137.05469
1609560000000,1470.64258
1609574400000,1356.87695
1609588800000,2749.12891
1609603200000,3371.12891
1609617600000,1974.90625
1609632000000,2294.39844
1609646400000,3689.43164
1609660800000,3183.45703
1609675200000,2041.49023
1609689600000,1093.70703
1609704000000,1277.95117
1609718400000,1710.74219
1609732800000,276.537109
1609747200000,-838.876953
1609761600000,138.255859
1609776000000,143.185547
1609790400000,478.316406
1609804800000,-365.455078
1609819200000,-664.029297
1609833600000,323.210938
1609848000000,622.302734
1609862400000,2124.82422
1609876800000,2231.11914
1609891200000,2263.47656
1609905600000,2568.08008
1609920000000,2616.01758
1609934400000,2098.4707
1609948800000,2197.60938
1609963200000,3642.57422
1609977600000,4053.3125
1609992000000,3217.55469
1610006400000,4038.17188
1610020800000,4717.38281
1610035200000,3678.89062
1610049600000,3677.11719
1610064000000,2314.17188
1610078400000,2729.89062
1610092800000,4816.71094
1610107200000,3843.58203
1610121600000,3090.71875
1610136000000,2994.58203
1610150400000,2419.42578
1610164800000,1745.55469
1610179200000,2640.41797
1610193600000,2487.84375
1610208000000,2537.52344
1610222400000,1951.01953
1610236800000,2091.625
1610251200000,2601.46875
1610265600000,526.214844
1610280000000,1019.02734
1610294400000,-1182.46094
1610308800000,-184.4375
1610323200000,-2613.90234
1610337600000,-3062.26172
1610352000000,-3119.83984
1610366400000,-5047.85156
1610380800000,-3721.51562
1610395200000,-542.167969
1610409600000,-796.59375
1610424000000,645.234375
1610438400000,-382.90625
1610452800000,-1829.97656
1610467200000,-893.558594
1610481600000,-1463.25781
1610496000000,-1576.16797
1610510400000,-290.453125
1610524800000,-878.503906
1610539200000,-567.84375
1610553600000,759.828125
1610568000000,1986.88672
1610582400000,1573.11328
1610596800000,2629.82031
1610611200000,2662.3125
1610625600000,3438.52734
1610640000000,3647.98047
1610654400000,2665.44922
1610668800000,2157.60938
1610683200000,1767.94141
1610697600000,1402.58984
1610712000000,-1179.48047
1610726400000,-1343.65234
1610740800000,290.3125
1610755200000,61.28125
1610769600000,169.378906
1610784000000,1230.75391
1610798400000,980.765625
1610812800000,-189.019531
1610827200000,-614.8125
1610841600000,-291.339844
1610856000000,-1690.16797
1610870400000,-1052.76562
1610884800000,-523.183594
1610899200000,-606.375
1610913600000,-370.941406
1610928000000,-1115.10547
1610942400000,-76.0898438
1610956800000,286.171875
1610971200000,224.832031
1610985600000,-240.558594
1611000000000,428.960938
1611014400000,322.535156
1611028800000,968.929688
1611043200000,1051.625
1611057600000,993.675781
1611072000000,-128.671875
1611086400000,-591.261719
1611100800000,-1351.14062
1611115200000,-650.363281
1611129600000,-1721.10938
1611144000000,-1794.49609
1611158400000,-641.84375
1611172800000,-304.714844
1611187200000,-1178.25391
1611201600000,-1095.58594
1611216000000,-3175.92578
1611230400000,-3404.6875
1611244800000,-2086.07031
1611259200000,-3334.80078
1611273600000,-2708.39453
1611288000000,-2664.50781
1611302400000,-1616.5625
1611316800000,-796.320312
1611331200000,351.421875
1611345600000,-272.164062
1611360000000,-837.933594
1611374400000,-255.476562
1611388800000,-1478.24219
1611403200000,-1196.77344
1611417600000,-698.640625
1611432000000,-933.609375
1611446400000,-485.90625
1611460800000,-141.480469
1611475200000,-77.4335938
1611489600000,-946.675781
1611504000000,-1520.51562
1611518400000,-498.992188
1611532800000,793.835938
1611547200000,554.242188
1611561600000,345.84375
1611576000000,1518.94531
1611590400000,348.765625
1611604800000,-770.714844
1611619200000,-1420.50391
1611633600000,-1221.39844
1611648000000,-974.191406
1611662400000,-929.501953
1611676800000,-409.328125
1611691200000,-119.75
1611705600000,-760.876953
1611720000000,-766.011719
1611734400000,-1788.73242
1611748800000,-1715.4082
1611763200000,-1124.58789
1611777600000,-1381.58594
1611792000000,-235.138672
1611806400000,-478.085938
1611820800000,-214.869141
1611835200000,264.505859
1611849600000,883.332031
1611864000000,1557.47461
1611878400000,1737.73438
1611892800000,193.751953
1611907200000,3694.0625
1611921600000,3210.69531
1611936000000,101.449219
1611950400000,17.2226562
1611964800000,-916.582031
1611979200000,-88.0429688
1611993600000,-446.921875
1612008000000,128.941406
1612022400000,192.085938
1612036800000,173.253906
1612051200000,-179.746094
1612065600000,-504.332031
1612080000000,-507.003906
1612094400000,-1154.12109
1612108800000,-1129.23438
1612123200000,-808.519531
1612137600000,-269.128906
1612152000000,-42.0351562
1612166400000,311.71875
1612180800000,-730.835938
1612195200000,-35.2109375
1612209600000,-362.855469
1612224000000,-301.460938
1612238400000,388.042969
1612252800000,780.628906
1612267200000,656.507812
1612281600000,1638.82812
1612296000000,1269.05859
1612310400000,2109.96484
1612324800000,1850.32031
1612339200000,1402.28906
1612353600000,2147.89844
1612368000000,1897.32031
1612382400000,2540.66016
1612396800000,2153.42578
1612411200000,2362.75
1612425600000,1481.60156
1612440000000,607.472656
1612454400000,1445.26562
1612468800000,836.289062
1612483200000,1185.69922
1612497600000,1465.83984
1612512000000,1408.88672
1612526400000,1477.43359
1612540800000,995.226562
1612555200000,1667.94922
1612569600000,2348.24609
1612584000000,2206.32812
1612598400000,2745.29688
1612612800000,3087.98438
1612627200000,2234.40625
1612641600000,1093.46484
1612656000000,607.199219
1612670400000,749.316406
1612684800000,787.738281
1612699200000,-385.117188
1612713600000,-231.421875
1612728000000,482.921875
1612742400000,-289.792969
1612756800000,879.957031
1612771200000,1045.91797
1612785600000,3755.84375
1612800000000,2477.12109
1612814400000,5177.97266
1612828800000,4917.86719
1612843200000,5435.97656
1612857600000,4007.98828
1612872000000,4006.05859
1612886400000,4049.32422
1612900800000,3181.63672
1612915200000,2897.55859
1612929600000,3125.25781
1612944000000,2943.875
1612958400000,408.78125
1612972800000,1304.70312
1612987200000,839.003906
1613001600000,1486.98828
1613016000000,602.558594
1613030400000,1939.25391
1613044800000,3464.625
1613059200000,3030.05078
1613073600000,2902.76953
1613088000000,2259.4375
1613102400000,1856.33203
1613116800000,2056.10156
1613131200000,1248.79297
1613145600000,1447.44531
1613160000000,1418.88281
1613174400000,1918.18359
1613188800000,928.011719
1613203200000,407.972656
1613217600000,877.453125
1613232000000,679.933594
1613246400000,930.03125
1613260800000,1070.52344
1613275200000,2342.21484
1613289600000,2457.63281
1613304000000,1639.625
1613318400000,1730.38672
1613332800000,1505.65234
1613347200000,-65.5195312
1613361600000,25.328125
1613376000000,675.179688
1613390400000,735.164062
1613404800000,1464.41797
1613419200000,571.675781
1613433600000,2079.48438
1613448000000,1443.21094
1613462400000,1179.04688
1613476800000,879.328125
1613491200000,483.644531
1613505600000,1050.37891
1613520000000,1404.40234
1613534400000,2585.62109
1613548800000,2499.78906
1613563200000,2079.86328
1613577600000,2911.48828
1613592000000,2686.46484
1613606400000,2536.41797
1613620800000,2208.15234
1613635200000,1523.42188
1613649600000,1472.78906
1613664000000,1599.31641
1613678400000,1335.39453
1613692800000,884.945312
1613707200000,1315.38281
1613721600000,2217.92969
1613736000000,3028.82812
1613750400000,3417.37109
1613764800000,3906.46094
1613779200000,3527.71094
1613793600000,2907.76953
1613808000000,3874.79688
1613822400000,3164.74219
1613836800000,3742.10156
1613851200000,2300.57422
1613865600000,2796.60156
1613880000000,2217.08594
1613894400000,3304.48828
1613908800000,3085.19922
1613923200000,3553.34375
1613937600000,2555.35156
1613952000000,898.96875
1613966400000,1447.29688
1613980800000,-528.996094
1613995200000,-738.703125
1614009600000,-357.710938
1614024000000,111.0625
1614038400000,-1847.02734
1614052800000,-3725.02344
1614067200000,-5945.86719
1614081600000,-3119.08594
1614096000000,-5925.04297
1614110400000,-2346.33594
1614124800000,-295.074219
1614139200000,-1039.47656
1614153600000,-716.21875
1614168000000,-1138.0625
1614182400000,-1953.06641
1614196800000,-1161.86328
1614211200000,-574.328125
1614225600000,-337.128906
1614240000000,-398.871094
1614254400000,68.828125
1614268800000,-1268.5625
1614283200000,-3396.07812
1614297600000,-2814.75
1614312000000,-4825.74219
1614326400000,-3187.74219
1614340800000,-1784.64453
1614355200000,-2373.41797
1614369600000,-2797.91406
1614384000000,-1639.55469
1614398400000,-1833.83594
1614412800000,-1604.48438
1614427200000,-2286.14453
1614441600000,-1327.08984
1614456000000,-2431.43359
1614470400000,-3707.76172
1614484800000,-3569.14453
1614499200000,-2545.13672
1614513600000,-4142.71094
1614528000000,-2875.82422
1614542400000,-1972.62109
1614556800000,-769.296875
1614571200000,-757.53125
1614585600000,720.023438
1614600000000,1996.94531
1614614400000,968.863281
1614628800000,2191.875
1614643200000,1392.15625
1614657600000,684.273438
1614672000000,1140.36719
1614686400000,890.417969
1614700800000,-368.941406
1614715200000,655.457031
1614729600000,861.242188
1614744000000,1833.41797
1614758400000,3459.52344
1614772800000,2100.23438
1614787200000,1964.42188
1614801600000,1295.25391
1614816000000,381.613281
1614830400000,496.46875
1614844800000,115.726562
1614859200000,201.878906
1614873600000,-1215.62109
1614888000000,-768.988281
1614902400000,-1683.05078
1614916800000,-1503.78125
1614931200000,-1308.78516
1614945600000,-808.292969
1614960000000,663.578125
1614974400000,65.140625
1614988800000,-69.9414062
1615003200000,135.695312
1615017600000,-526.894531
1615032000000,-1384.85547
1615046400000,-170.675781
1615060800000,334.332031
1615075200000,935.316406
1615089600000,1437.10156
1615104000000,1898.54688
1615118400000,1621.82031
1615132800000,1327.94922
1615147200000,1766.72266
1615161600000,1255.00781
1615176000000,326.785156
1615190400000,1063.22266
1615204800000,1526.22656
1615219200000,1695.51172
1615233600000,2578.14453
1615248000000,3591.63281
1615262400000,2885.22266
1615276800000,3436.49219
1615291200000,2946.1875
1615305600000,2795.59766
1615320000000,3324.03906
1615334400000,1507.93359
1615348800000,2150.10156
1615363200000,2561
1615377600000,3607.84766
1615392000000,3377.08203
1615406400000,2049.14453
1615420800000,1998.48438
1615435200000,845.179688
1615449600000,2103.80469
1615464000000,1754.14844
1615478400000,2085.47266
1615492800000,2659.51953
1615507200000,1839.00781
1615521600000,1240.52344
1615536000000,1023.78125
1615550400000,1435.51953
1615564800000,1215.20703
1615579200000,1387.92969
1615593600000,827.582031
1615608000000,1475.74609
1615622400000,3532.15625
1615636800000,2889.76562
1615651200000,3866.21484
1615665600000,3664.16406
1615680000000,3697.11719
1615694400000,2569.875
1615708800000,2385.16797
1615723200000,1497.92969
1615737600000,1693.39453
1615752000000,618.957031
1615766400000,2055.77734
1615780800000,-623.21875
1615795200000,-2073.75781
1615809600000,-1886.63281
1615824000000,-1225.19141
1615838400000,-2100.49219
1615852800000,-3141.70312
1615867200000,-2046.33203
1615881600000,-1716.3125
1615896000000,-1261.76953
1615910400000,-1280.44141
1615924800000,-1.03125
1615939200000,-1453.59766
1615953600000,-1121.42578
1615968000000,-1977.5625
1615982400000,-1636.09375
1615996800000,1245.43359
1616011200000,2144.20703
1616025600000,1788.61719
1616040000000,1392.21875
1616054400000,1136.11328
1616068800000,2388.0625
1616083200000,-121.828125
1616097600000,221.03125
1616112000000,378.320312
1616126400000,361.074219
1616140800000,1358.60938
1616155200000,1452.02344
1616169600000,1234.89062
1616184000000,306.796875
1616198400000,699.074219
1616212800000,707.765625
1616227200000,1485.59375
1616241600000,1305.26953
1616256000000,1298.66797
1616270400000,32.203125
1616284800000,-230.386719
1616299200000,-974.214844
1616313600000,-1617.48828
1616328000000,-580.484375
1616342400000,-214.011719
1616356800000,-351.476562
1616371200000,-101.226562
1616385600000,-69.0039062
1616400000000,47.2382812
1616414400000,-617.328125
1616428800000,-2019.39453
1616443200000,-3087.01172
1616457600000,-2291.67188
1616472000000,-2544.56641
1616486400000,-2366.23828
1616500800000,-1214.32031
1616515200000,-1325.88672
1616529600000,-1850.1875
1616544000000,-1743.85547
1616558400000,-530.046875
1616572800000,556.890625
1616587200000,224.558594
1616601600000,-1231.11328
1616616000000,-3241.76953
1616630400000,-3058.71094
1616644800000,-2821.96094
1616659200000,-2750.75391
1616673600000,-3433.62109
1616688000000,-2003.94141
1616702400000,-2695.26562
1616716800000,-1521.60156
1616731200000,-306.265625
1616745600000,-1092.41016
1616760000000,-507.90625
1616774400000,-6.55859375
1616788800000,1243.56641
1616803200000,884.535156
1616817600000,1014.28125
1616832000000,466.417969
1616846400000,951.421875
1616860800000,1679.74219
1616875200000,1531.57812
1616889600000,1673.65625
1616904000000,1699.20703
1616918400000,1271.14062
1616932800000,1727.01562
1616947200000,505.902344
1616961600000,1007.08594
1616976000000,570.285156
1616990400000,1093.51562
1617004800000,2630.14844
1617019200000,2252.24609
1617033600000,2076.13672
1617048000000,1876.47656
1617062400000,1404.07422
1617076800000,2210.10156
1617091200000,3077.10938
1617105600000,2073.07812
1617120000000,2487.05859
1617134400000,1929.35156
1617148800000,1780.19531
1617163200000,1067.15625
1617177600000,888.429688
1617192000000,1984.76953
1617206400000,1101.47266
1617220800000,1162.28906
1617235200000,1480.53906
1617249600000,1020.38281
1617264000000,719.859375
1617278400000,1068.40234
1617292800000,992.929688
1617307200000,741.089844
1617321600000,1745.14844
1617336000000,1148.83594
1617350400000,1287.22266
1617364800000,1014.16797
1617379200000,435.214844
1617393600000,527.3125
1617408000000,804.335938
1617422400000,832.324219
1617436800000,744.738281
1617451200000,107.707031
1617465600000,-8.203125
1617480000000,-1461.40625
1617494400000,-795.175781
1617508800000,-672.292969
1617523200000,-1004.86719
1617537600000,-334.398438
1617552000000,-242.066406
1617566400000,-32.4726562
1617580800000,-694.59375
1617595200000,-900.996094
1617609600000,-347.945312
1617624000000,833.371094
1617638400000,837.199219
1617652800000,966.773438
1617667200000,312.753906
1617681600000,144.679688
1617696000000,183.164062
1617710400000,-516.167969
1617724800000,-63.8945312
1617739200000,-362.109375
1617753600000,-287.222656
1617768000000,-374.265625
1617782400000,-1691.41797
1617796800000,-1393.90625
1617811200000,-1575.39062
1617825600000,-1726.17969
1617840000000,-1052.82422
1617854400000,-507.507812
1617868800000,-1004.26562
1617883200000,276.160156
1617897600000,243.476562
1617912000000,585.140625
1617926400000,447.4375
1617940800000,484.105469
1617955200000,841.617188
1617969600000,502.097656
1617984000000,627.355469
1617998400000,339.296875
1618012800000,1369.9375
1618027200000,2104.99609
1618041600000,1981.71875
1618056000000,1522.36328
1618070400000,646.949219
1618084800000,813.730469
1618099200000,1317.85156
1618113600000,667.886719
1618128000000,650.167969
1618142400000,542.886719
1618156800000,519.886719
1618171200000,784.773438
1618185600000,1084.11328
1618200000000,1382.27344
1618214400000,791.558594
1618228800000,471.644531
1618243200000,489.621094
1618257600000,277.472656
1618272000000,903.851562
1618286400000,1258.02734
1618300800000,2701.66406
1618315200000,2799.71094
1618329600000,2311.26953
1618344000000,2596.94531
1618358400000,2706.19531
1618372800000,2848.48828
1618387200000,2867.07422
1618401600000,1111.05078
1618416000000,118.320312
1618430400000,894.59375
1618444800000,973.660156
1618459200000,657.671875
1618473600000,187.355469
1618488000000,538.179688
1618502400000,1169.68359
1618516800000,924.9375
1618531200000,620.058594
1618545600000,-849.816406
1618560000000,-1279.51172
1618574400000,-473.539062
1618588800000,-280.453125
1618603200000,-652.011719
1618617600000,354.996094
1618632000000,86.8085938
1618646400000,-1071.53125
1618660800000,-1556.79297
1618675200000,-1030.73438
1618689600000,-1627.03516
1618704000000,-3669.89453
1618718400000,-2092.63672
1618732800000,-4616.41797
1618747200000,-2271.64062
1618761600000,-2001.39844
1618776000000,-1515.0625
1618790400000,-625.21875
1618804800000,-313.089844
1618819200000,-481.546875
1618833600000,-2845.8125
1618848000000,-1415.86328
1618862400000,-1632.11719
1618876800000,-2589.05859
1618891200000,-2510.61328
1618905600000,-511.566406
1618920000000,-1437.15234
1618934400000,-135.273438
1618948800000,-284.945312
1618963200000,-1465.00781
1618977600000,-1330.53516
1618992000000,-1953.55078
1619006400000,-335.359375
1619020800000,-991.546875
1619035200000,-2484.76172
1619049600000,-2478.18359
1619064000000,-1717.11719
1619078400000,-904.074219
1619092800000,-1074.64453
1619107200000,-2491.41797
1619121600000,-2923.78906
1619136000000,-3500.09766
1619150400000,-5105.69141
1619164800000,-2657.75
1619179200000,-2690.34375
1619193600000,-1554.62891
1619208000000,-1239.07812
1619222400000,-2070.36328
1619236800000,-2267.30078
1619251200000,-2917.53516
1619265600000,-1649.26172
1619280000000,-1128.73438
1619294400000,-1685.45312
1619308800000,-2044.69531
1619323200000,-2018.33594
1619337600000,-1989.78906
1619352000000,-1206.52344
1619366400000,-2005.30469
1619380800000,-1903.11328
1619395200000,1373.00391
1619409600000,1777.24609
1619424000000,2415.78516
1619438400000,2224.84766
1619452800000,2461.10547
1619467200000,2210.8125
1619481600000,1633.41016
1619496000000,2558.39453
1619510400000,2971.24219
1619524800000,2626.51562
1619539200000,2284.02734
1619553600000,2410.61328
1619568000000,2100.0625
1619582400000,1455.84375
1619596800000,1925.05078
1619611200000,1290.49609
1619625600000,2298.91406
1619640000000,1413.78125
1619654400000,806.773438
1619668800000,925.339844
1619683200000,784.675781
1619697600000,146.804688
1619712000000,-669.929688
1619726400000,20.765625
1619740800000,191.839844
1619755200000,796.109375
1619769600000,664.5625
1619784000000,3167.82422
1619798400000,2833.23828
1619812800000,3267.51562
1619827200000,3478.04297
1619841600000,2794.33984
1619856000000,2782.24609
1619870400000,2135.32812
1619884800000,2442.71875
1619899200000,2396.22266
1619913600000,944.828125
1619928000000,1044.23438
1619942400000,1400.48438
1619956800000,848.851562
1619971200000,1111.48828
1619985600000,748.652344
1620000000000,1964.61328
1620014400000,2647.97266
1620028800000,2340.82031
1620043200000,1157.10547
1620057600000,1004.00781
1620072000000,506.25
1620086400000,-1004.78906
1620100800000,-466.800781
1620115200000,-237.109375
1620129600000,-2326.71875
1620144000000,-1436.34375
1620158400000,-2633.67188
1620172800000,-948.589844
1620187200000,-852.34375
1620201600000,-566.699219
1620216000000,1793.85156
1620230400000,1289.04688
1620244800000,1528.72266
1620259200000,890.261719
1620273600000,836.140625
1620288000000,1882.27734
1620302400000,901.863281
1620316800000,-103.171875
1620331200000,63.1171875
1620345600000,-501.832031
1620360000000,-412.527344
1620374400000,181.394531
1620388800000,1219.15625
1620403200000,1160.44531
1620417600000,839.800781
1620432000000,1580.57812
1620446400000,1842.27344
1620460800000,1662.86719
1620475200000,525.003906
1620489600000,1923.50391
1620504000000,1628.19531
1620518400000,1215.87891
1620532800000,455.417969
1620547200000,430.792969
1620561600000,-77.6054688
1620576000000,-169.609375
1620590400000,729.769531
1620604800000,1836.79688
1620619200000,684.453125
1620633600000,368.175781
1620648000000,621.25
1620662400000,-1876.91406
1620676800000,-1376.625
1620691200000,-1914.00391
1620705600000,-1233.875
1620720000000,-1736.17578
1620734400000,-802.132812
1620748800000,-224.914062
1620763200000,-117.792969
1620777600000,903.132812
1620792000000,252.410156
1620806400000,-399.863281
1620820800000,-1316.32812
1620835200000,-2023.17969
1620849600000,-5748.19141
1620864000000,-2754.48438
1620878400000,-2219.41797
1620892800000,-3088.25391
1620907200000,-2988.94141
1620921600000,-3676.76562
1620936000000,-2415.52344
1620950400000,-2835.00781
1620964800000,-1864.51953
1620979200000,-1267.46484
1620993600000,-555.019531
1621008000000,-1634.5
1621022400000,-1809.45703
1621036800000,-1946.625
1621051200000,-2960.15234
1621065600000,-2319.99219
1621080000000,-2181.62109
1621094400000,-2716.78516
1621108800000,-3849.11719
1621123200000,-2036.06641
1621137600000,-1009.98047
1621152000000,-1313.59766
1621166400000,-2418.59375
1621180800000,-3965.34766
1621195200000,-2621.76172
1621209600000,-5689.54297
1621224000000,-2918.1875
1621238400000,-2170.28516
1621252800000,-4322.34766
1621267200000,-3134.74609
1621281600000,-3505.16797
1621296000000,-2117.92188
1621310400000,-1696.57422
1621324800000,-1443.13672
1621339200000,-3493.22656
1621353600000,-2949.94531
1621368000000,-3152.45703
1621382400000,-4850.51562
1621396800000,-4293.65625
1621411200000,-5051.06641
1621425600000,-1899.02734
1621440000000,362.816406
1621454400000,-2260.21484
1621468800000,-572.238281
1621483200000,1028.47266
1621497600000,1475.77344
1621512000000,2354.39844
1621526400000,994.269531
1621540800000,1405.10547
1621555200000,1456.64844
1621569600000,592.621094
1621584000000,1823.8125
1621598400000,-2405.00781
1621612800000,-2934.19531
1621627200000,-1478.31641
1621641600000,-1766.41797
1621656000000,-2291.87109
1621670400000,-419.523438
1621684800000,-387.953125
1621699200000,-1238.64453
1621713600000,-1056.50781
1621728000000,-1040.78906
1621742400000,-2477.48438
1621756800000,-2653.22266
1621771200000,-4175.4375
1621785600000,-3832.91016
1621800000000,-2089.49219
1621814400000,-1430.35547
1621828800000,-32.3710938
1621843200000,904.667969
1621857600000,779.828125
1621872000000,2682.34766
1621886400000,1810.61719
1621900800000,1252.30859
1621915200000,1835.83203
1621929600000,-609.96875
1621944000000,1081.86719
1621958400000,72.6953125
1621972800000,1092.84766
1621987200000,2213.66797
1622001600000,3028.32812
1622016000000,2264.17188
1622030400000,1045.4375
1622044800000,692.214844
1622059200000,1420.66797
1622073600000,-212.121094
1622088000000,442.96875
1622102400000,1808.42578
1622116800000,1636.02734
1622131200000,692.304688
1622145600000,366.902344
1622160000000,119.460938
1622174400000,-1091.51953
1622188800000,-2466.97656
1622203200000,-981.265625
1622217600000,-1823.37891
1622232000000,-1800.82812
1622246400000,-954.429688
1622260800000,-1159.64844
1622275200000,-1794.66406
1622289600000,-2534.30078
1622304000000,-2727.55859
1622318400000,-2067
1622332800000,-1754.32422
1622347200000,-477.460938
1622361600000,-103.035156
1622376000000,-895.515625
1622390400000,-298.617188
1622404800000,-719.980469
1622419200000,-1750.21094
1622433600000,-343.023438
1622448000000,592.449219
1622462400000,709.945312
1622476800000,532.929688
1622491200000,892.261719
1622505600000,292.90625
1622520000000,388.832031
1622534400000,145.65625
1622548800000,-233.121094
1622563200000,-490.707031
1622577600000,242.203125
1622592000000,44.9492188
1622606400000,757.136719
1622620800000,679.511719
1622635200000,1407.50781
1622649600000,1170.23047
1622664000000,814.601562
1622678400000,851.335938
1622692800000,1646.9375
1622707200000,1641.44922
1622721600000,1231.44141
1622736000000,1223.85938
1622750400000,1767.01172
1622764800000,408.386719
1622779200000,-855.644531
1622793600000,-840.503906
1622808000000,-323.167969
1622822400000,-464.429688
1622836800000,-415.460938
1622851200000,147.871094
1622865600000,322.203125
1622880000000,-1300.39453
1622894400000,-731.886719
1622908800000,-1239.39453
1622923200000,-1361.55469
1622937600000,-834.066406
1622952000000,-628.121094
1622966400000,-865.371094
1622980800000,-507.535156
1622995200000,-918.996094
1623009600000,-824.4375
1623024000000,-190.648438
1623038400000,-392.175781
1623052800000,-170.039062
1623067200000,-473.863281
1623081600000,-820.644531
1623096000000,-2573.68359
1623110400000,-2904.95312
1623124800000,-2423.73438
1623139200000,-2088.92188
1623153600000,-2978.10156
1623168000000,-1669.15625
1623182400000,-1053.25781
1623196800000,-1479.79297
1623211200000,-97.7695312
1623225600000,666.914062
1623240000000,1799.73047
1623254400000,1549.10156
1623268800000,2508.03906
1623283200000,1947.17188
1623297600000,1878.95703
1623312000000,2407.66797
1623326400000,1322.76172
1623340800000,1007.47656
1623355200000,955.355469
1623369600000,968.746094
1623384000000,1273.23047
1623398400000,1390.52344
1623412800000,766.039062
1623427200000,1138.13672
1623441600000,1145.65625
1623456000000,-603.359375
1623470400000,-865.222656
1623484800000,-460.648438
1623499200000,-631.972656
1623513600000,-266.589844
1623528000000,-448.433594
1623542400000,-1074.95312
1623556800000,-630.292969
1623571200000,16.4140625
1623585600000,165.421875
1623600000000,1619.62109
1623614400000,2683.22266
1623628800000,2380.30078
1623643200000,2797.46484
1623657600000,2282.06641
1623672000000,3302.00391
1623686400000,2119.11719
1623700800000,2762.375
1623715200000,2485.26953
1623729600000,2312.54297
1623744000000,1581.4375
1623758400000,1676.33203
1623772800000,1319.47656
1623787200000,1424.35938
1623801600000,1256.03516
1623816000000,1272.72266
1623830400000,169.371094
1623844800000,-119.460938
1623859200000,-265.589844
1623873600000,-552.800781
1623888000000,-49.6289062
1623902400000,341.480469
1623916800000,256.792969
1623931200000,102.769531
1623945600000,-1122.88672
1623960000000,-709.808594
1623974400000,-788.566406
1623988800000,-941.0625
1624003200000,-740.992188
1624017600000,-1960.86719
1624032000000,-2739.60547
1624046400000,-2130.30859
1624060800000,-2674.20703
1624075200000,-1808.875
1624089600000,-1569.78906
1624104000000,-1264.59766
1624118400000,-1379.34766
1624132800000,-1745.19922
1624147200000,-1615.96875
1624161600000,-1452.67969
1624176000000,-2847.42188
1624190400000,-2030.04688
1624204800000,-892.398438
1624219200000,-710.726562
1624233600000,-1573.41016
1624248000000,-2694.62109
1624262400000,-2584.93359
1624276800000,-2162.16016
1624291200000,-2111.71875
1624305600000,-2788.38281
1624320000000,-1253.14844
1624334400000,-1510.76953
1624348800000,-2650.90625
1624363200000,-1508.55078
1624377600000,-659.402344
1624392000000,-545.347656
1624406400000,879.265625
1624420800000,855.195312
1624435200000,704.632812
1624449600000,243.183594
1624464000000,-386.289062
1624478400000,418.40625
1624492800000,-647.296875
1624507200000,-379.894531
1624521600000,618.671875
1624536000000,572.460938
1624550400000,1406.92969
1624564800000,1206.32422
1624579200000,1478.47266
1624593600000,664.578125
1624608000000,-340.359375
1624622400000,-978.5
1624636800000,-1197.03906
1624651200000,-1710.84766
1624665600000,-1240.41797
1624680000000,-2316.60156
1624694400000,-1076.5625
1624708800000,-1166.54688
1624723200000,-1016.75586
1624737600000,-280.919922
1624752000000,530.615234
1624766400000,638.429688
1624780800000,623.955078
1624795200000,537.244141
1624809600000,131.580078
1624824000000,1921.95703
1624838400000,1522.10547
1624852800000,2042.94141
1624867200000,1011.13672
1624881600000,1791.53906
1624896000000,1097.32031
1624910400000,1094.39844
1624924800000,1101.26172
1624939200000,1250.23438
1624953600000,1843.71094
1624968000000,2272.53125
1624982400000,2296.27344
1624996800000,1720.23438
1625011200000,795.089844
1625025600000,864.402344
1625040000000,444.777344
1625054400000,-230.421875
1625068800000,332.683594
1625083200000,592.503906
1625097600000,-322.15625
1625112000000,-1020.21875
1625126400000,-601.082031
1625140800000,-806
1625155200000,-1085.59375
1625169600000,-621.816406
1625184000000,-1187.37891
1625198400000,-645.636719
1625212800000,-941.476562
1625227200000,-224.84375
1625241600000,-587.226562
1625256000000,-88.6015625
1625270400000,-319.542969
1625284800000,623.261719
1625299200000,659.257812
1625313600000,659.105469
1625328000000,760.304688
1625342400000,666.15625
1625356800000,607.949219
1625371200000,1385.81641
1625385600000,1246.125
1625400000000,1163.91406
1625414400000,1169.23047
1625428800000,824.617188
1625443200000,-140.59375
1625457600000,-219.347656
1625472000000,-1045.50781
1625486400000,-742.640625
1625500800000,-186.964844
1625515200000,-582.457031
1625529600000,-355.714844
1625544000000,582.105469
1625558400000,-229.828125
1625572800000,-226.253906
1625587200000,-226.539062
1625601600000,-8.953125
1625616000000,231.898438
1625630400000,479.796875
1625644800000,535.75
1625659200000,198.375
1625673600000,272.523438
1625688000000,-480.355469
1625702400000,-933.242188
1625716800000,-1565.86328
1625731200000,-1203.84766
1625745600000,-921.054688
1625760000000,-770.984375
1625774400000,-867.773438
1625788800000,-719.882812
1625803200000,-755.464844
1625817600000,-820.074219
1625832000000,-19.0507812
1625846400000,-117.707031
1625860800000,236.839844
1625875200000,210.660156
1625889600000,165.789062
1625904000000,190.460938
1625918400000,249.609375
1625932800000,-224.613281
1625947200000,-94.0898438
1625961600000,-161.472656
1625976000000,-107.699219
1625990400000,207.257812
1626004800000,338.007812
1626019200000,248.484375
1626033600000,572.4375
1626048000000,715.285156
1626062400000,511.941406
1626076800000,-250.496094
1626091200000,-383.675781
1626105600000,-846.511719
1626120000000,-504.574219
1626134400000,-488.191406
1626148800000,-362.234375
1626163200000,-471.414062
1626177600000,-626.226562
1626192000000,-1051.85938
1626206400000,-577.101562
1626220800000,-1352.98438
1626235200000,-1156.98828
1626249600000,-531.558594
1626264000000,-148.496094
1626278400000,-218.019531
1626292800000,-127.691406
1626307200000,-284.378906
1626321600000,-410.070312
1626336000000,-909.082031
1626350400000,-965.679688
1626364800000,-990.830078
1626379200000,-616.056641
1626393600000,-533.78125
1626408000000,-632.675781
1626422400000,-1239.29297
1626436800000,-176.3125
1626451200000,-344.388672
1626465600000,-836.890625
1626480000000,-856.683594
1626494400000,-637.425781
1626508800000,-688.798828
1626523200000,-264.371094
1626537600000,-195.113281
1626552000000,-516.283203
1626566400000,135.396484
1626580800000,-315.607422
1626595200000,-193.802734
1626609600000,-580.712891
1626624000000,-274.404297
1626638400000,-129.628906
1626652800000,-330.429688
1626667200000,-270.552734
1626681600000,-570.166016
1626696000000,-1000.62695
1626710400000,-884.109375
1626724800000,-761.947266
1626739200000,-1733.89453
1626753600000,-1395.56445
1626768000000,-1400.79883
1626782400000,-1018.7793
1626796800000,-1107.16602
1626811200000,-1036.11914
1626825600000,-915.753906
1626840000000,84.6992188
1626854400000,751.375
1626868800000,1033.95508
1626883200000,508.425781
1626897600000,927.546875
1626912000000,708.269531
1626926400000,846.132812
1626940800000,592.378906
1626955200000,1104.43945
1626969600000,916.089844
1626984000000,793.556641
1626998400000,1030.00781
1627012800000,858.808594
1627027200000,643.677734
1627041600000,607.65625
1627056000000,533.8125
1627070400000,1768.44141
1627084800000,1677.12695
1627099200000,1721.92383
1627113600000,1650.60742
1627128000000,1609.08984
1627142400000,1423.45117
1627156800000,1704.31055
1627171200000,1522.09961
1627185600000,1887.37109
1627200000000,1411.91406
1627214400000,1108.00391
1627228800000,1181.05078
1627243200000,2067.70312
1627257600000,3444.21484
1627272000000,2881.28516
1627286400000,2949.125
1627300800000,2769.96875
1627315200000,2926.14453
1627329600000,549.277344
1627344000000,118.867188
1627358400000,408.539062
1627372800000,1287.90234
1627387200000,1277.09375
1627401600000,770.90625
1627416000000,2341.5
1627430400000,2427.9375
1627444800000,2308.56641
1627459200000,2949.44141
1627473600000,1676.04688
1627488000000,2167.57812
1627502400000,1685.47266
1627516800000,1208.89062
1627531200000,1458.11328
1627545600000,1211.52734
1627560000000,1297.72656
1627574400000,947.757812
1627588800000,1251.54297
1627603200000,1158.07422
1627617600000,877.445312
1627632000000,-200.394531
1627646400000,204.019531
1627660800000,1008.79297
1627675200000,2917.22266
1627689600000,2329.14844
1627704000000,1927.60156
1627718400000,1871.22266
1627732800000,1703.55078
1627747200000,1395.26562
1627761600000,1441.58203
1627776000000,2300.67969
1627790400000,1419.09375
1627804800000,1275.55469
1627819200000,892.140625
1627833600000,799.410156
1627848000000,-599.457031
1627862400000,-602.597656
1627876800000,-271.175781
1627891200000,-791.882812
1627905600000,-555.171875
1627920000000,-1021.19141
1627934400000,-981.007812
1627948800000,-1401.28906
1627963200000,-1345.83203
1627977600000,-1375.63281
1627992000000,-1486.71875
1628006400000,-1523.19922
1628020800000,-1270.26172
1628035200000,-1452.33984
1628049600000,-1504.57031
1628064000000,-1089.77734
1628078400000,94.03125
1628092800000,514.796875
1628107200000,486.289062
1628121600000,178.246094
1628136000000,-383.46875
1628150400000,-1157.35938
1628164800000,-297.527344
1628179200000,1511.53516
1628193600000,1566.30469
1628208000000,836.953125
1628222400000,1228.12891
1628236800000,911.382812
1628251200000,2358.05469
1628265600000,2639.82812
1628280000000,2446.68359
1628294400000,3030.99219
1628308800000,2377.01172
1628323200000,2760.60156
1628337600000,2000.50391
1628352000000,2395.50391
1628366400000,2794.64844
1628380800000,2359.21484
1628395200000,2535.94922
1628409600000,1988.51172
1628424000000,1327.15625
1628438400000,998.78125
1628452800000,971.648438
1628467200000,621.121094
1628481600000,895.960938
1628496000000,2746.74219
1628510400000,2439.81641
1628524800000,2370.4375
1628539200000,2405.07031
1628553600000,1659.94141
1628568000000,1863.26953
1628582400000,1155.56641
1628596800000,822.234375
1628611200000,1124.99219
1628625600000,1142.48438
1628640000000,1089.75391
1628654400000,1771.82031
1628668800000,1244.01172
1628683200000,1578.63672
1628697600000,1574.87109
1628712000000,513.71875
1628726400000,875.027344
1628740800000,172.007812
1628755200000,-297.234375
1628769600000,-803.300781
1628784000000,-535.34375
1628798400000,-531.160156
1628812800000,292.171875
1628827200000,1088.35938
1628841600000,1084.28125
1628856000000,1234.10547
1628870400000,1233.59375
1628884800000,2403.78125
1628899200000,2062.29688
1628913600000,2058.67188
1628928000000,768.738281
1628942400000,1084.97656
1628956800000,1167.96094
1628971200000,1130.73047
1628985600000,903.730469
1629000000000,-213.382812
1629014400000,-57.1679688
1629028800000,186.347656
1629043200000,319.207031
1629057600000,953.023438
1629072000000,1215.87109
1629086400000,1072.79688
1629100800000,1209.54688
1629115200000,-41.5507812
1629129600000,-259.21875
1629144000000,-436.34375
1629158400000,98.4648438
1629172800000,-380.042969
1629187200000,536.308594
1629201600000,-577.523438
1629216000000,-768.597656
1629230400000,-1435.51953
1629244800000,-954.265625
1629259200000,-959.75
1629273600000,-1111.46484
1629288000000,-8.9296875
1629302400000,-885.257812
1629316800000,-1041.84375
1629331200000,-1600.75391
1629345600000,-787.101562
1629360000000,-1253.95312
1629374400000,368.167969
1629388800000,1184.32422
1629403200000,1219.14844
1629417600000,1435.86719
1629432000000,1127.35156
1629446400000,1220.04297
1629460800000,2712.50781
1629475200000,2458.39844
1629489600000,2938.16797
1629504000000,2341.15625
1629518400000,2406.54688
1629532800000,1714.03906
1629547200000,2211.50781
1629561600000,1785.71875
1629576000000,1571.32812
1629590400000,1491.64062
1629604800000,1829.51953
1629619200000,1656.37109
1629633600000,896.523438
1629648000000,992.484375
1629662400000,1513.03125
1629676800000,2317.35156
1629691200000,2084.12109
1629705600000,2192.30078
1629720000000,1137.72266
1629734400000,779.464844
1629748800000,1001.5
1629763200000,749.917969
1629777600000,1174.94531
1629792000000,731.5625
1629806400000,-380.4375
1629820800000,-390.980469
1629835200000,-912.914062
1629849600000,-586.492188
1629864000000,-389.03125
1629878400000,-875.328125
1629892800000,356.6875
1629907200000,186.933594
1629921600000,516.222656
1629936000000,-572.441406
1629950400000,-1403.86328
1629964800000,-1371.19922
1629979200000,-1264.17578
1629993600000,-1039.32031
1630008000000,-1079.11719
1630022400000,-1041.46484
1630036800000,-319.40625
1630051200000,-327.707031
1630065600000,421.074219
1630080000000,508.082031
1630094400000,1201.93359
1630108800000,990.183594
1630123200000,990.160156
1630137600000,706.765625
1630152000000,737.460938
1630166400000,520.742188
1630180800000,729.078125
1630195200000,-29.4414062
1630209600000,232.5
1630224000000,-86.78125
1630238400000,214.636719
1630252800000,504.695312
1630267200000,449.847656
1630281600000,-381.984375
1630296000000,-352.738281
1630310400000,-352.761719
1630324800000,-175.671875
1630339200000,374.03125
1630353600000,-1173.86328
1630368000000,-926.148438
1630382400000,-246.882812
1630396800000,44.3632812
1630411200000,-506.636719
1630425600000,-561.355469
1630440000000,-708.058594
1630454400000,-725.027344
1630468800000,-567.164062
1630483200000,5.3671875
1630497600000,-218.226562
1630512000000,384.269531
1630526400000,995.300781
1630540800000,1609.58203
1630555200000,1697.49219
1630569600000,1801.66016
1630584000000,1090.00391
1630598400000,836.804688
1630612800000,732.90625
1630627200000,861.816406
1630641600000,653.371094
1630656000000,1321.42188
1630670400000,1492.07422
1630684800000,1375.86328
1630699200000,794.179688
1630713600000,1014.82812
1630728000000,926.332031
1630742400000,583.539062
1630756800000,484.664062
1630771200000,589.402344
1630785600000,488.453125
1630800000000,232.945312
1630814400000,405.558594
1630828800000,683.816406
1630843200000,595.101562
1630857600000,1048.875
1630872000000,1945.69531
1630886400000,1681.18359
1630900800000,1784.88672
1630915200000,1257.06641
1630929600000,1354.94531
1630944000000,1436.62109
1630958400000,2150.86328
1630972800000,2021.42969
1630987200000,1586.70703
1631001600000,59.3984375
1631016000000,-2460.21094
1631030400000,-2195.80078
1631044800000,-1921.80078
1631059200000,-2211.9375
1631073600000,-3364.46094
1631088000000,-1867.74609
1631102400000,-2089.42578
1631116800000,-1654.39062
1631131200000,-1958.65234
1631145600000,-1948.67578
1631160000000,-1583.72266
1631174400000,-1501.57422
1631188800000,-720.269531
1631203200000,-1097.08594
1631217600000,-1255.21875
1631232000000,-897.269531
1631246400000,-1377.51562
1631260800000,-1101.5625
1631275200000,-1741.88672
1631289600000,-1509.72266
1631304000000,-2131.47656
1631318400000,-1704.03906
1631332800000,-1791.79297
1631347200000,-1203.03125
1631361600000,-1156.17578
1631376000000,-1326.28906
1631390400000,-1471.41016
1631404800000,-1245.29297
1631419200000,-1131.33594
1631433600000,-416.832031
1631448000000,-541.488281
1631462400000,-530.605469
1631476800000,-322.71875
1631491200000,-1635.91797
1631505600000,-1615.03516
1631520000000,-1110.58203
1631534400000,-1345.35156
1631548800000,-887.613281
1631563200000,-652.066406
1631577600000,-410.855469
1631592000000,136.328125
1631606400000,357.554688
1631620800000,1015.30469
1631635200000,708.21875
1631649600000,1274.12109
1631664000000,1178.15234
1631678400000,1239.57031
1631692800000,1451.42578
1631707200000,2022.86328
1631721600000,1696.97266
1631736000000,1685.26562
1631750400000,1089.77344
1631764800000,1729.60547
1631779200000,1201.96484
1631793600000,1179.75781
1631808000000,541.171875
1631822400000,840.261719
1631836800000,910.402344
1631851200000,692.710938
1631865600000,338.707031
1631880000000,394.582031
1631894400000,356.71875
1631908800000,150.730469
1631923200000,778.65625
1631937600000,1385.96875
1631952000000,1065.69141
1631966400000,1013.10156
1631980800000,796.160156
1631995200000,828.929688
1632009600000,328.394531
1632024000000,611.476562
1632038400000,-198.285156
1632052800000,168.363281
1632067200000,-130.792969
1632081600000,-221.121094
1632096000000,-1654.35938
1632110400000,-2174.17188
1632124800000,-2764.54297
1632139200000,-2094.51172
1632153600000,-1841.41797
1632168000000,-2485.15234
1632182400000,-2185.54297
1632196800000,-1496.50781
1632211200000,-1401.83984
1632225600000,-1415.67969
1632240000000,-2245.44922
1632254400000,-3000.40625
1632268800000,-1515.76953
1632283200000,-990.902344
1632297600000,-1532.89844
1632312000000,-228.101562
1632326400000,-44.75
1632340800000,131.117188
1632355200000,627.257812
1632369600000,785.429688
1632384000000,158.773438
1632398400000,259.132812
1632412800000,1199.625
1632427200000,1238.45703
1632441600000,649.511719
1632456000000,1066.25391
1632470400000,-1910.88281
1632484800000,-1323.17578
1632499200000,-855.875
1632513600000,-379.632812
1632528000000,-544.574219
1632542400000,-775.996094
1632556800000,-590.8125
1632571200000,-375.691406
1632585600000,-383.492188
1632600000000,-373.519531
1632614400000,-770.492188
1632628800000,-1615.16016
1632643200000,258.273438
1632657600000,493.765625
1632672000000,403.542969
1632686400000,292.085938
1632700800000,1088.48438
1632715200000,717.855469
1632729600000,756.90625
1632744000000,220.105469
1632758400000,-23.7304688
1632772800000,-898.371094
1632787200000,-437.355469
1632801600000,-1168.13281
1632816000000,-766.601562
1632830400000,-1276.39844
1632844800000,-1078.01562
1632859200000,-1566.47656
1632873600000,-310.652344
1632888000000,-45.40625
1632902400000,-111.875
1632916800000,-784.863281
1632931200000,-1178.41016
1632945600000,-816.679688
1632960000000,1225.02344
1632974400000,863.695312
1632988800000,577.398438
1633003200000,546.667969
1633017600000,868.691406
1633032000000,1080.57031
1633046400000,836.449219
1633060800000,1872.85547
1633075200000,3827.03516
1633089600000,3364.44922
1633104000000,3723.02734
1633118400000,3590.50781
1633132800000,2885.55078
1633147200000,2965.66016
1633161600000,2844.1875
1633176000000,2825.61719
1633190400000,3095.77734
1633204800000,2389.76172
1633219200000,2519.93359
1633233600000,2425.14453
1633248000000,2444.93359
1633262400000,2174.71484
1633276800000,2783.35547
1633291200000,1969.18359
1633305600000,1148.91797
1633320000000,1432.01172
1633334400000,1130.11719
1633348800000,1103.25391
1633363200000,2320.84766
1633377600000,2018.53516
1633392000000,1917.95703
1633406400000,2043.33594
1633420800000,2119.71875
1633435200000,1817.78125
1633449600000,2947.72656
1633464000000,2901.67578
1633478400000,2821.86328
1633492800000,2569.32422
1633507200000,2189.14844
1633521600000,4490.53125
1633536000000,4272.53125
1633550400000,4184.24219
1633564800000,3428.96875
1633579200000,3246.35547
1633593600000,2607.76953
1633608000000,1962.08203
1633622400000,1944.82031
1633636800000,1601.91797
1633651200000,1582.64844
1633665600000,2420.80469
1633680000000,2570.83594
1633694400000,1402.58594
1633708800000,1681.4375
1633723200000,853.546875
1633737600000,1460.14844
1633752000000,1699.82812
1633766400000,1516.00781
1633780800000,1580.87891
1633795200000,1168.80078
1633809600000,1404.26562
1633824000000,1481.71484
1633838400000,1882.04297
1633852800000,1237.55859
1633867200000,1364.42188
1633881600000,1392.96875
1633896000000,433.679688
1633910400000,2132.54688
1633924800000,2211.6875
1633939200000,1694.88672
1633953600000,2465.37109
1633968000000,2336.8125
1633982400000,2201.19922
1633996800000,1301.02734
1634011200000,1821.86328
1634025600000,1591.55469
1634040000000,515.707031
1634054400000,-476.257812
1634068800000,253.355469
1634083200000,490.761719
1634097600000,-1049.47656
1634112000000,-430.722656
1634126400000,550.898438
1634140800000,1562.39844
1634155200000,1561.63281
1634169600000,2145.46875
1634184000000,1324.01953
1634198400000,1456.64844
1634212800000,1053.71875
1634227200000,1472.74609
1634241600000,902.734375
1634256000000,2763.98828
1634270400000,2333.76172
1634284800000,2430.86328
1634299200000,2637.08203
1634313600000,3635.66797
1634328000000,3280.25
1634342400000,3156.23438
1634356800000,3058.71875
1634371200000,2903.09766
1634385600000,2035.97656
1634400000000,1811.94141
1634414400000,1766.85547
1634428800000,1959.41797
1634443200000,1076
1634457600000,1658.46484
1634472000000,1317.72656
1634486400000,998.953125
1634500800000,1814.09375
1634515200000,2199.98438
1634529600000,1828.09375
1634544000000,717.8125
1634558400000,1632.78516
1634572800000,975.574219
1634587200000,1533.34375
1634601600000,1896.61328
1634616000000,1538.05859
1634630400000,1316.78125
1634644800000,1288.23828
1634659200000,2841.79297
1634673600000,2687.77344
1634688000000,2201.98047
1634702400000,2283.67969
1634716800000,1958.38281
1634731200000,4124.26953
1634745600000,3299.54297
1634760000000,2661.44922
1634774400000,1597.55469
1634788800000,1464.55469
1634803200000,978.15625
1634817600000,-782.144531
1634832000000,-927.246094
1634846400000,-1498.85547
1634860800000,-412.804688
1634875200000,-217.894531
1634889600000,-227.503906
1634904000000,-2669.20312
1634918400000,-2096.51953
1634932800000,-2340.54688
1634947200000,-1762.14453
1634961600000,-2040.08594
1634976000000,-1214.91406
1634990400000,-1201.13281
1635004800000,-1569.32422
1635019200000,-1283.07031
1635033600000,-1295.04297
1635048000000,-1744.25781
1635062400000,-2050.57422
1635076800000,-2261.37109
1635091200000,-1372.90234
1635105600000,-1106.875
1635120000000,109.792969
1635134400000,611.394531
1635148800000,684.699219
1635163200000,1467.38672
1635177600000,485.394531
1635192000000,845.21875
1635206400000,500.800781
1635220800000,163.035156
1635235200000,485.25
1635249600000,245.675781
1635264000000,-264.777344
1635278400000,-1833.38281
1635292800000,-1236.07422
1635307200000,-1893.26953
1635321600000,-2642.63672
1635336000000,-2267.02734
1635350400000,-1871.67578
1635364800000,-2431.125
1635379200000,-1910.99609
1635393600000,-1677.80469
1635408000000,313.230469
1635422400000,469.554688
1635436800000,772.027344
1635451200000,2.4375
1635465600000,991.296875
1635480000000,-177.585938
1635494400000,217.777344
1635508800000,1555.19531
1635523200000,1649
1635537600000,1324.01953
1635552000000,705.617188
1635566400000,562.796875
1635580800000,548.957031
1635595200000,274.1875
1635609600000,643.265625
1635624000000,778.203125
1635638400000,598.777344
1635652800000,232.878906
1635667200000,-663.488281
1635681600000,-573.863281
1635696000000,-322.644531
1635710400000,306.535156
1635724800000,-1077.98828
1635739200000,1214.92969
1635753600000,754.699219
1635768000000,426.675781
1635782400000,291.894531
1635796800000,-269.476562
1635811200000,-42.0898438
1635825600000,416.515625
1635840000000,1672.20312
1635854400000,2436.05469
1635868800000,1840.55859
1635883200000,1355.31641
1635897600000,1264.85547
1635912000000,1372.46484
1635926400000,1109.28516
1635940800000,89.390625
1635955200000,742.445312
1635969600000,795.089844
1635984000000,354.523438
1635998400000,-247.332031
1636012800000,-623.914062
1636027200000,-962.335938
1636041600000,-751.675781
1636056000000,-524.4375
1636070400000,300.644531
1636084800000,199.304688
1636099200000,-651.925781
1636113600000,-1050.125
1636128000000,-683.699219
1636142400000,-763.042969
1636156800000,-599.039062
1636171200000,-907.304688
1636185600000,-1208.44141
1636200000000,-849.636719
1636214400000,-297.785156
1636228800000,-6.7734375
1636243200000,659.753906
1636257600000,239.828125
1636272000000,391.519531
1636286400000,404.101562
1636300800000,729.757812
1636315200000,1541.64844
1636329600000,2911.42188
1636344000000,3217.90625
1636358400000,3047.28125
1636372800000,3056.82031
1636387200000,2311.67578
1636401600000,3626.97266
1636416000000,4155.01953
1636430400000,3272.53516
1636444800000,2803.84375
1636459200000,1603.44531
1636473600000,1500.74609
1636488000000,1431.39062
1636502400000,954.054688
1636516800000,842.09375
1636531200000,898.585938
1636545600000,2311.25
1636560000000,469.710938
1636574400000,-939.984375
1636588800000,-1011.86719
1636603200000,-529.007812
1636617600000,-451.585938
1636632000000,-845.117188
1636646400000,-475.546875
1636660800000,-797
1636675200000,-717.296875
1636689600000,-1019.61719
1636704000000,-1600.08594
1636718400000,-2007.86719
1636732800000,-1101.41797
1636747200000,-827.828125
1636761600000,-1155.28516
1636776000000,-864.472656
1636790400000,-1284.52734
1636804800000,-156.261719
1636819200000,-875.460938
1636833600000,-402.984375
1636848000000,-137.617188
1636862400000,-152.730469
1636876800000,-328.035156
1636891200000,-667.589844
1636905600000,-547.382812
1636920000000,809.414062
1636934400000,928.65625
1636948800000,736.914062
1636963200000,850.175781
1636977600000,-598.871094
1636992000000,-628.734375
1637006400000,-1176.30469
1637020800000,-3117.73828
1637035200000,-2865.20703
1637049600000,-2427.02344
1637064000000,-2170.45312
1637078400000,-2464.13672
1637092800000,-2417.875
1637107200000,-3185.96094
1637121600000,-2326.63672
1637136000000,-1142.69531
1637150400000,-2134.75781
1637164800000,-1513.39453
1637179200000,-1310.66797
1637193600000,-1688.58594
1637208000000,-1694.96094
1637222400000,-2127.4375
1637236800000,-2800.6875
1637251200000,-2407.87891
1637265600000,-3183.15234
1637280000000,-3852.48438
1637294400000,-3632.14453
1637308800000,-2476.25781
1637323200000,-1508.85547
1637337600000,-1261.41406
1637352000000,-1200.96094
1637366400000,-701.644531
1637380800000,-821.695312
1637395200000,-577.894531
1637409600000,-1496.77734
1637424000000,342.03125
1637438400000,554.324219
1637452800000,-420.574219
1637467200000,-120.660156
1637481600000,-377.007812
1637496000000,128.917969
1637510400000,191.910156
1637524800000,-492.425781
1637539200000,-1525.0625
1637553600000,-1509.60547
1637568000000,-1558.52344
1637582400000,-429.535156
1637596800000,-2427.94141
1637611200000,-1955.23047
1637625600000,-1182.54688
1637640000000,-1991.36719
1637654400000,-1638.37891
1637668800000,-810.148438
1637683200000,116.945312
1637697600000,-112.992188
1637712000000,-1234.44141
1637726400000,-1046.00391
1637740800000,-879.265625
1637755200000,-725.386719
1637769600000,-575.144531
1637784000000,-233.660156
1637798400000,329.109375
1637812800000,201.054688
1637827200000,564.140625
1637841600000,1488.80859
1637856000000,1229.66406
1637870400000,1223.55078
1637884800000,172.816406
1637899200000,-729.613281
1637913600000,-3117.05859
1637928000000,-2223.71875
1637942400000,-2129.03906
1637956800000,-2593.76953
1637971200000,-1878.27734
1637985600000,-1807.06641
1638000000000,-1525.83203
1638014400000,-1174.53516
1638028800000,-1097.06641
1638043200000,-1195.16797
1638057600000,-1694.44141
1638072000000,-1251.59766
1638086400000,-1222.875
1638100800000,-1365.16797
1638115200000,-889.535156
1638129600000,1636.88281
1638144000000,1529.75391
1638158400000,1621.03906
1638172800000,939.734375
1638187200000,1035.51953
1638201600000,1647.28516
1638216000000,1445.65625
1638230400000,676.3125
1638244800000,58.3867188
1638259200000,1087.9375
1638273600000,472.640625
1638288000000,796.9375
1638302400000,62.0820312
1638316800000,493.042969
1638331200000,286.667969
1638345600000,232.34375
1638360000000,1598.39453
1638374400000,316.390625
1638388800000,25.6132812
1638403200000,-764.292969
1638417600000,-254.914062
1638432000000,-682.582031
1638446400000,-500.859375
1638460800000,-337.785156
1638475200000,-462.652344
1638489600000,-609.265625
1638504000000,-158.796875
1638518400000,105.472656
1638532800000,-884.421875
1638547200000,-2599.20312
1638561600000,-2091.37109
1638576000000,-3502.80078
1638590400000,-4835.17188
1638604800000,-5259.29688
1638619200000,-3338.55859
1638633600000,-2212.53125
1638648000000,-2234.79297
1638662400000,-2153.08594
1638676800000,-1958.93359
1638691200000,-1950.76172
1638705600000,-3092.55469
1638720000000,-2058.84375
1638734400000,-1499.5
1638748800000,-1785.51172
1638763200000,-2308.75
1638777600000,-1863.59766
1638792000000,-1403.58594
1638806400000,-1210.80078
1638820800000,145.429688
1638835200000,611.445312
1638849600000,585.285156
1638864000000,1092.47656
1638878400000,1281.84375
1638892800000,383.660156
1638907200000,97.8398438
1638921600000,-362.117188
1638936000000,0.6171875
1638950400000,-1214.93359
1638964800000,275.988281
1638979200000,67.421875
1638993600000,78.6289062
1639008000000,-846.652344
1639022400000,-319.292969
1639036800000,-1077.90625
1639051200000,-1640.51953
1639065600000,-2321.72656
1639080000000,-2236.94141
1639094400000,-1295.51953
1639108800000,-1912.23828
1639123200000,-841.5625
1639137600000,-1435.24609
1639152000000,-1151.23047
1639166400000,-2002.16016
1639180800000,-740.03125
1639195200000,-943.558594
1639209600000,-750.023438
1639224000000,-199.3125
1639238400000,-549.050781
1639252800000,426.421875
1639267200000,341.199219
1639281600000,321.695312
1639296000000,166.207031
1639310400000,601.894531
1639324800000,1092.19531
1639339200000,904.324219
1639353600000,-322.910156
1639368000000,-418.082031
1639382400000,-290.011719
1639396800000,-1720.75781
1639411200000,-1824.43359
1639425600000,-1713.92188
1639440000000,-1372.92969
1639454400000,-1252.64453
1639468800000,-571.457031
1639483200000,-1234.27734
1639497600000,-1125.75781
1639512000000,391.0625
1639526400000,254.957031
1639540800000,201.125
1639555200000,119.816406
1639569600000,-1317.49609
1639584000000,707.847656
1639598400000,804.59375
1639612800000,751.703125
1639627200000,624.992188
1639641600000,1040.02344
1639656000000,362.023438
1639670400000,-333.769531
1639684800000,-556.359375
1639699200000,-370.195312
1639713600000,-1099.06641
1639728000000,-927.136719
1639742400000,-1307.98828
1639756800000,-982.410156
1639771200000,-1417.15234
1639785600000,-1137.90234
1639800000000,-1048.71484
1639814400000,-323.046875
1639828800000,-510.296875
1639843200000,-704.808594
1639857600000,-478.980469
1639872000000,406.765625
1639886400000,208.292969
1639900800000,-174.109375
1639915200000,-137.878906
1639929600000,-663.074219
1639944000000,-639.289062
1639958400000,-561.894531
1639972800000,-763.609375
1639987200000,-1061.63281
1640001600000,-1030.71484
1640016000000,-351.214844
1640030400000,-70.0820312
1640044800000,957.269531
1640059200000,1440.51562
1640073600000,1619.95703
1640088000000,1045.32812
1640102400000,1199.14062
1640116800000,1387.38672
1640131200000,1621.91797
1640145600000,1534.78906
1640160000000,1216.88281
1640174400000,1026.09375
1640188800000,976.753906
1640203200000,625.246094
1640217600000,488.449219
1640232000000,91.109375
1640246400000,316.554688
1640260800000,730.285156
1640275200000,2563.28125
1640289600000,2131.44141
1640304000000,2158.84766
1640318400000,2044.32031
1640332800000,1942.14062
1640347200000,1750.01562
1640361600000,1760.9375
1640376000000,1298.64453
1640390400000,1292.07812
1640404800000,1324.64844
1640419200000,1030.89062
1640433600000,1004.6875
1640448000000,1125.35938
1640462400000,557.457031
1640476800000,-201.347656
1640491200000,53.0039062
1640505600000,-113.820312
1640520000000,184.882812
1640534400000,455.796875
1640548800000,795.144531
1640563200000,979.246094
1640577600000,649.652344
1640592000000,665.8125
1640606400000,1242.95312
1640620800000,873.476562
1640635200000,296.800781
1640649600000,-545.015625
1640664000000,-970.390625
1640678400000,-905.664062
1640692800000,-1030.70312
1640707200000,-2041.36328
1640721600000,-2092.49609
1640736000000,-1562.1875
1640750400000,-1912.86328
1640764800000,-1612.23828
1640779200000,-1079.00781
1640793600000,-1800.24219
1640808000000,-2263.79297
1640822400000,-2018.30469
1640836800000,-1493.76172
1640851200000,-890.738281
1640865600000,-1216.33203
1640880000000,-749.257812
1640894400000,-1100.71484
1640908800000,-935.785156
1640923200000,-912.53125
1640937600000,-71.4960938
1640952000000,-86.9570312
1640966400000,-2113.95312
1640980800000,-1483.30469
1640995200000,-835.0625
1641009600000,-420.800781
1641024000000,-831.265625
1641038400000,-372.992188
1641052800000,-233.570312
1641067200000,171.121094
1641081600000,-231.6875
1641096000000,-354.085938
1641110400000,-298.398438
1641124800000,-178.597656
1641139200000,-547.949219
1641153600000,-151.683594
1641168000000,-639.894531
1641182400000,-361.824219
1641196800000,-26.203125
1641211200000,-679.078125
1641225600000,-902.542969
1641240000000,-699.097656
1641254400000,-764.011719
1641268800000,-520.304688
1641283200000,-306.554688
1641297600000,-89.9296875
1641312000000,-850.023438
1641326400000,-980.460938
1641340800000,-359.699219
1641355200000,-383.773438
1641369600000,-488.855469
1641384000000,-83.4882812
1641398400000,-1660.46484
1641412800000,-2282.00781
1641427200000,-2721.46875
1641441600000,-2197.87109
1641456000000,-2393.84375
1641470400000,-2130.53906
1641484800000,-1620.27734
1641499200000,-1860.72656
1641513600000,-2781.76172
1641528000000,-2478.03516
1641542400000,-1802.16406
1641556800000,-2353.70312
1641571200000,-1783.08984
1641585600000,-1914.22266
1641600000000,-1624.42969
1641614400000,-1481.96094
1641628800000,-1372.74609
1641643200000,-1655.21875
1641657600000,-2125.80469
1641672000000,-1153.61719
1641686400000,-969.011719
1641700800000,-974.78125
1641715200000,-895.722656
1641729600000,-1048.79688
1641744000000,55.6054688
1641758400000,-766.355469
1641772800000,-617.238281
1641787200000,-496.703125
1641801600000,-927.519531
1641816000000,-1055.26953
1641830400000,-633.578125
1641844800000,-101.742188
1641859200000,330.046875
1641873600000,279.785156
1641888000000,-112.898438
1641902400000,-178.035156
1641916800000,965.6875
1641931200000,687.230469
1641945600000,572.097656
1641960000000,499.765625
1641974400000,789.921875
1641988800000,1245.21875
1642003200000,1348.19531
1642017600000,1380.82812
1642032000000,959.460938
1642046400000,1118.12891
1642060800000,1011.79297
1642075200000,435.851562
1642089600000,-75.21875
1642104000000,-191.542969
1642118400000,-104.921875
1642132800000,-124.894531
1642147200000,-692.164062
1642161600000,397.355469
1642176000000,374.808594
1642190400000,311.917969
1642204800000,161.601562
1642219200000,314.226562
1642233600000,237.996094
1642248000000,597.078125
1642262400000,684.371094
1642276800000,218.960938
1642291200000,130.703125
1642305600000,336.570312
1642320000000,113.097656
1642334400000,335.207031
1642348800000,-78.2070312
1642363200000,149.742188
1642377600000,-245.652344
1642392000000,-196.683594
1642406400000,-208.082031
1642420800000,-358.054688
1642435200000,-521.273438
1642449600000,-496.496094
1642464000000,-631.679688
1642478400000,-582.972656
1642492800000,-653.128906
1642507200000,-812.578125
1642521600000,-656.566406
1642536000000,16.0507812
1642550400000,-605.632812
1642564800000,-965.640625
1642579200000,-141.953125
1642593600000,-167.496094
1642608000000,-267.089844
1642622400000,-453.53125
1642636800000,-170.554688
1642651200000,-52.203125
1642665600000,35.5703125
1642680000000,1048.99219
1642694400000,561.601562
1642708800000,-1467.02344
1642723200000,-2974.73047
1642737600000,-2139.13672
1642752000000,-2265.37891
1642766400000,-1901.97266
1642780800000,-2541.82812
1642795200000,-3159.77734
1642809600000,-3105.47266
1642824000000,-3825.76172
1642838400000,-3305.41797
1642852800000,-3640.46094
1642867200000,-3717.37891
1642881600000,-2984.14453
1642896000000,-2898.40625
1642910400000,-2295.98438
1642924800000,-2061.16406
1642939200000,-2320.89844
1642953600000,-2726.58203
1642968000000,-1119.32422
1642982400000,-1967.71094
1642996800000,-2324.92188
1643011200000,-3026.22266
1643025600000,-2033.33594
1643040000000,-66.0273438
1643054400000,474.101562
1643068800000,230.773438
1643083200000,-125.742188
1643097600000,194.148438
1643112000000,308.039062
1643126400000,805.675781
1643140800000,645.601562
1643155200000,1055.51562
1643169600000,940.78125
1643184000000,1580.28125
1643198400000,1373.63281
1643212800000,715.992188
1643227200000,-40.8046875
1643241600000,-1052.51953
1643256000000,-600.292969
1643270400000,-50.3789062
1643284800000,-95.3359375
1643299200000,-500.882812
1643313600000,452.8125
1643328000000,605.65625
1643342400000,61.3515625
1643356800000,-305.371094
1643371200000,446.351562
1643385600000,440.40625
1643400000000,913.730469
1643414400000,868.546875
1643428800000,988.402344
1643443200000,844.242188
1643457600000,617.617188
1643472000000,894.671875
1643486400000,1104.10938
1643500800000,825.539062
1643515200000,1098.91797
1643529600000,933.585938
1643544000000,755.957031
1643558400000,280.144531
1643572800000,643.691406
1643587200000,-236.566406
1643601600000,-154.796875
1643616000000,34.2226562
1643630400000,432.757812
1643644800000,1032.25781
1643659200000,1026.28906
1643673600000,1111.62109
1643688000000,915.832031
1643702400000,785.816406
1643716800000,850.828125
1643731200000,501.898438
1643745600000,798.171875
1643760000000,606.085938
1643774400000,298.960938
1643788800000,510.753906
1643803200000,-535.726562
1643817600000,-346.261719
1643832000000,-918.644531
1643846400000,-954.796875
1643860800000,-745.886719
1643875200000,-887.355469
1643889600000,-658.472656
1643904000000,-968.132812
1643918400000,-173.8125
1643932800000,-159.730469
1643947200000,377.808594
1643961600000,294.777344
1643976000000,1643.86719
1643990400000,2565.74219
1644004800000,3170.55078
1644019200000,2872.57422
1644033600000,2720.72656
1644048000000,2657.86719
1644062400000,2793.07422
1644076800000,2354.92188
1644091200000,2125.08203
1644105600000,2112.55078
1644120000000,2211.21094
1644134400000,2013.79297
1644148800000,1738.63672
1644163200000,1889.96094
1644177600000,2322.87109
1644192000000,2440.08594
1644206400000,2239.30469
1644220800000,2097.82031
1644235200000,2778.74609
1644249600000,2747.3125
1644264000000,2167.47266
1644278400000,2398.15234
1644292800000,2702.21094
1644307200000,1566.47656
1644321600000,918.085938
1644336000000,422.453125
1644350400000,1346.625
1644364800000,578.90625
1644379200000,1013.46484
1644393600000,874.816406
1644408000000,901.632812
1644422400000,1389.21875
1644436800000,1212.36719
1644451200000,564.0625
1644465600000,864.398438
1644480000000,1457.20703
1644494400000,1265.53125
1644508800000,549.550781
1644523200000,-328.996094
1644537600000,-432.746094
1644552000000,-405.277344
1644566400000,-365.417969
1644580800000,-28.625
1644595200000,-879.382812
1644609600000,-1170.16797
1644624000000,-1229.89062
1644638400000,-1333.06641
1644652800000,-1007.58203
1644667200000,-1223.07031
1644681600000,-634.933594
1644696000000,-1013.53906
1644710400000,-962.695312
1644724800000,-737.011719
1644739200000,-656.292969
1644753600000,-522.757812
1644768000000,-995.472656
1644782400000,-959.816406
1644796800000,-1021.19922
1644811200000,-593.933594
1644825600000,-749.019531
1644840000000,-228.878906
1644854400000,-646
1644868800000,-214.753906
1644883200000,782.148438
1644897600000,861.832031
1644912000000,1293.33203
1644926400000,1132.88672
1644940800000,848.5625
1644955200000,1321.50781
1644969600000,682.3125
1644984000000,853.964844
1644998400000,800.996094
1645012800000,180.578125
1645027200000,765.707031
1645041600000,384.75
1645056000000,66.0820312
1645070400000,402.636719
1645084800000,-336.089844
1645099200000,-1357.78906
1645113600000,-1792.46875
1645128000000,-2208.21875
1645142400000,-1957.71875
1645156800000,-1924.56641
1645171200000,-2271.50391
1645185600000,-2264.90234
1645200000000,-1692.74609
1645214400000,-1857.92578
1645228800000,-1689.57031
1645243200000,-1534.07422
1645257600000,-1856.67578
1645272000000,-1646.03906
1645286400000,-1590.875
1645300800000,-1433.5
1645315200000,-1687.28516
1645329600000,-2309.96875
1645344000000,-2482.24219
1645358400000,-2300.59375
1645372800000,-2181.13281
1645387200000,-2009.24609
1645401600000,-1317.64844
1645416000000,-883.9375
1645430400000,-2323.68359
1645444800000,-802.203125
1645459200000,-1337.14844
1645473600000,-2162.90625
1645488000000,-2396.58984
1645502400000,-2094.94141
1645516800000,-1259.75391
1645531200000,-898.402344
1645545600000,-565.410156
1645560000000,-370.035156
1645574400000,-821.351562
1645588800000,-387.753906
1645603200000,218.609375
1645617600000,-45.8007812
1645632000000,-888.875
1645646400000,-1170.16406
1645660800000,-2957.25391
1645675200000,-2219.25391
1645689600000,-1875.35547
1645704000000,-1203.14453
1645718400000,232.199219
1645732800000,1065.61719
1645747200000,1588.08594
1645761600000,1110.96094
1645776000000,1306.30078
1645790400000,1740.21875
1645804800000,959.277344
1645819200000,1390.57422
1645833600000,1479.53125
1645848000000,1242.95312
1645862400000,933.757812
1645876800000,1161.36719
1645891200000,1163.25391
1645905600000,958.660156
1645920000000,413.707031
1645934400000,594.972656
1645948800000,1222.87891
1645963200000,958.683594
1645977600000,-801.757812
1645992000000,-601.34375
1646006400000,-499.835938
1646020800000,87.78125
1646035200000,68.0585938
1646049600000,2267.84766
1646064000000,2488.79297
1646078400000,3669.01172
1646092800000,3466.64062
1646107200000,3696.64453
1646121600000,3582.625
1646136000000,3003.74609
1646150400000,2903.64062
1646164800000,3435.48438
1646179200000,3162.72266
1646193600000,2679.72656
1646208000000,2678.35547
1646222400000,2147.72266
1646236800000,1639.28125
1646251200000,1811.23438
1646265600000,1135.90234
1646280000000,1200.19141
1646294400000,1076.57812
1646308800000,151.148438
1646323200000,-177.378906
1646337600000,80.1445312
1646352000000,-859.195312
1646366400000,-858.675781
1646380800000,-536.65625
1646395200000,-1352.35156
1646409600000,-2119.28516
1646424000000,-2526.49609
1646438400000,-2504.40234
1646452800000,-2451.82812
1646467200000,-2231.35156
1646481600000,-2112.71484
1646496000000,-1794.16406
1646510400000,-1796.43359
1646524800000,-1851.29688
1646539200000,-1634.11719
1646553600000,-2454.64453
1646568000000,-1824.28906
1646582400000,-1871.05078
1646596800000,-1996.60547
1646611200000,-2254.30078
1646625600000,-2154.58203
1646640000000,-1583.49609
1646654400000,-724.109375
1646668800000,-2241.00391
1646683200000,-1353.73828
1646697600000,-614.488281
1646712000000,-695.109375
1646726400000,-247.378906
1646740800000,-508.414062
1646755200000,-366.5625
1646769600000,-361.652344
1646784000000,1914.84766
1646798400000,2306.82812
1646812800000,2444.68359
1646827200000,2527.72266
1646841600000,2112.60156
1646856000000,1764.40234
1646870400000,510.746094
1646884800000,-968.425781
1646899200000,-1033.03516
1646913600000,-799.527344
1646928000000,-487.492188
1646942400000,-481.167969
1646956800000,-1103.16016
1646971200000,-688.03125
1646985600000,130.898438
1647000000000,-670.050781
1647014400000,-905.878906
1647028800000,-920.183594
1647043200000,-525.246094
1647057600000,-505.238281
1647072000000,-519.382812
1647086400000,-517.679688
1647100800000,-529.21875
1647115200000,-737.417969
1647129600000,-328.132812
1647144000000,-413.5
1647158400000,-732.554688
1647172800000,-450.375
1647187200000,-521.402344
1647201600000,-1478.50781
1647216000000,-1022.00391
1647230400000,-40.6796875
1647244800000,-229.496094
1647259200000,-170.296875
1647273600000,-264.863281
1647288000000,552.75
1647302400000,-351.320312
1647316800000,-676.554688
1647331200000,-390.628906
1647345600000,-23.1875
1647360000000,656.425781
1647374400000,174.519531
1647388800000,-131.566406
1647403200000,271.167969
1647417600000,1146.00781
1647432000000,1101.22656
1647446400000,1224.96484
1647460800000,1380.47656
1647475200000,1226.53516
1647489600000,873.597656
1647504000000,850.453125
1647518400000,827.257812
1647532800000,862.277344
1647547200000,886.324219
1647561600000,464.066406
1647576000000,484.046875
1647590400000,283.851562
1647604800000,750.738281
1647619200000,1665.24609
1647633600000,1293.66016
1647648000000,1237.24609
1647662400000,1014.13281
1647676800000,1094.66797
1647691200000,1242.16406
1647705600000,1279.02344
1647720000000,1320.53125
1647734400000,979.332031
1647748800000,853.703125
1647763200000,555.710938
1647777600000,270.242188
1647792000000,291.738281
1647806400000,147.578125
1647820800000,-269.980469
1647835200000,20.1015625
1647849600000,142.003906
1647864000000,108.59375
1647878400000,79.4648438
1647892800000,-113.445312
1647907200000,1028.76562
1647921600000,777.292969
1647936000000,1428.25781
1647950400000,897.804688
1647964800000,545.609375
1647979200000,582.8125
1647993600000,271.628906
1648008000000,290.96875
1648022400000,218.421875
1648036800000,718.691406
1648051200000,282.246094
1648065600000,903.292969
1648080000000,631.921875
1648094400000,921.617188
1648108800000,739.792969
1648123200000,1604.33594
1648137600000,1406.85547
1648152000000,1450.13281
1648166400000,1364.37109
1648180800000,1248.74219
1648195200000,1757.06641
1648209600000,1224.81641
1648224000000,1221.10547
1648238400000,1046.25
1648252800000,1105.80078
1648267200000,1196.88672
1648281600000,998.210938
1648296000000,821.808594
1648310400000,955.4375
1648324800000,1054.69531
1648339200000,1171.10938
1648353600000,1165.57812
1648368000000,950.988281
1648382400000,1176.15625
1648396800000,1056.02344
1648411200000,2352.5625
1648425600000,2270.80859
1648440000000,2015.13672
1648454400000,2127.84766
1648468800000,1973.14453
1648483200000,2265.11719
1648497600000,1243.69141
1648512000000,1310.70312
1648526400000,1257.84766
1648540800000,1705.28125
1648555200000,1071.96484
1648569600000,1235.73047
1648584000000,901.484375
1648598400000,815.484375
1648612800000,733.109375
1648627200000,639.402344
1648641600000,455.28125
1648656000000,307.019531
1648670400000,279.191406
1648684800000,286.867188
1648699200000,352.195312
1648713600000,323.328125
1648728000000,-355.851562
1648742400000,-1075.33203
1648756800000,-1091.66016
1648771200000,-1776.32031
1648785600000,-1262.48047
1648800000000,-1172.1875
1648814400000,340.117188
1648828800000,157.46875
1648843200000,76.8359375
1648857600000,346.804688
1648872000000,350.324219
1648886400000,292.070312
1648900800000,14.8398438
1648915200000,-138.417969
1648929600000,-445.8125
1648944000000,-278.632812
1648958400000,125.351562
1648972800000,18.8710938
1648987200000,146.832031
1649001600000,145.445312
1649016000000,77.9101562
1649030400000,-308.058594
1649044800000,-132.667969
1649059200000,-137.714844
1649073600000,-627.085938
1649088000000,-254
1649102400000,379.214844
1649116800000,410.976562
1649131200000,477.261719
1649145600000,435.335938
1649160000000,-493.085938
1649174400000,-171.949219
1649188800000,-687.824219
1649203200000,-838.269531
1649217600000,-761.851562
1649232000000,-1124.65625
1649246400000,-1495.875
1649260800000,-1590.03906
1649275200000,-2089.05078
1649289600000,-1787.07422
1649304000000,-1602.10156
1649318400000,-1242.5625
1649332800000,-1514.14844
1649347200000,-1416.98828
1649361600000,-1308.73047
1649376000000,-1103.33203
1649390400000,-900.871094
1649404800000,-1287.72266
1649419200000,-749.617188
1649433600000,-1495.42578
1649448000000,-1824.90625
1649462400000,-1634.52344
1649476800000,-1503.95312
1649491200000,-1528.85547
1649505600000,-1681.4375
1649520000000,-1339.60547
1649534400000,-1056.24219
1649548800000,-1006.50781
1649563200000,-1120.77344
1649577600000,-997.710938
1649592000000,-905.859375
1649606400000,-375.578125
1649620800000,-1238.74609
1649635200000,-1124.44922
1649649600000,-901.820312
1649664000000,-1844.39844
1649678400000,-2075.84766
1649692800000,-2350.46094
1649707200000,-2454.97266
1649721600000,-2120.77344
1649736000000,-1575.67969
1649750400000,-1310.01562
1649764800000,-1250.07812
1649779200000,-1976.05859
1649793600000,-1097.04688
1649808000000,-1041.49609
1649822400000,-954.261719
1649836800000,-1301.95312
1649851200000,177.394531
1649865600000,64.796875
1649880000000,152.699219
1649894400000,318.042969
1649908800000,267.640625
1649923200000,-83.9101562
1649937600000,-961.328125
1649952000000,-1072.19922
1649966400000,-878.058594
1649980800000,-587.875
1649995200000,-525.773438
1650009600000,-515.105469
1650024000000,-294.714844
1650038400000,-387.734375
1650052800000,-140.164062
1650067200000,-247.714844
1650081600000,-283.394531
1650096000000,-258.660156
1650110400000,-573.078125
1650124800000,-405.53125
1650139200000,-238.664062
1650153600000,-364.867188
1650168000000,-317.207031
1650182400000,-128.082031
1650196800000,-115.261719
1650211200000,-152.300781
1650225600000,-774.417969
1650240000000,-604.480469
1650254400000,-1229.08594
1650268800000,-1096.96484
1650283200000,-721.851562
1650297600000,622.101562
1650312000000,666.394531
1650326400000,512.039062
1650340800000,475.039062
1650355200000,458.675781
1650369600000,1093.08594
1650384000000,998.625
1650398400000,1017.125
1650412800000,888.246094
1650427200000,805.152344
1650441600000,1408.00781
1650456000000,432.023438
1650470400000,335.109375
1650484800000,468.050781
1650499200000,770.332031
1650513600000,881.578125
1650528000000,1306.00391
1650542400000,825.199219
1650556800000,-120.550781
1650571200000,-746.09375
1650585600000,-698.367188
1650600000000,-459.023438
1650614400000,-550.121094
1650628800000,-1538.65625
1650643200000,-1336.17578
1650657600000,-1090.98438
1650672000000,-1298.29297
1650686400000,-1145.48047
1650700800000,-1113.37109
1650715200000,-887.921875
1650729600000,-886.683594
1650744000000,-1150.16406
1650758400000,-773.914062
1650772800000,-781.996094
1650787200000,-890.605469
1650801600000,-773.074219
1650816000000,-602.339844
1650830400000,-805.140625
1650844800000,-861.921875
1650859200000,-1506.85938
1650873600000,-1015.05859
1650888000000,-735.984375
1650902400000,480.757812
1650916800000,631.460938
1650931200000,716.355469
1650945600000,748.085938
1650960000000,598.316406
1650974400000,-1200.88672
1650988800000,-1268.66406
1651003200000,-1233.76562
1651017600000,-949.984375
1651032000000,-152.257812
1651046400000,-216.546875
1651060800000,-172.921875
1651075200000,-314.601562
1651089600000,54.1953125
1651104000000,170.042969
1651118400000,201.082031
1651132800000,470.359375
1651147200000,173.617188
1651161600000,659.957031
1651176000000,391.027344
1651190400000,163.824219
1651204800000,241.800781
1651219200000,-581.238281
1651233600000,-297.472656
1651248000000,-885.007812
1651262400000,-598.71875
1651276800000,-522.914062
1651291200000,-525.75
1651305600000,-566.511719
1651320000000,-621.277344
1651334400000,-587.425781
1651348800000,-1334.69922
1651363200000,-821.398438
1651377600000,-874.214844
1651392000000,-869.0625
1651406400000,-280.519531
1651420800000,-912.789062
1651435200000,-183.964844
1651449600000,19.5117188
1651464000000,214.203125
1651478400000,-135.046875
1651492800000,20.1679688
1651507200000,-101.691406
1651521600000,-119.722656
1651536000000,-120.917969
1651550400000,-81.5585938
1651564800000,-67.5898438
1651579200000,-259.453125
1651593600000,-789.429688
1651608000000,-739.363281
1651622400000,-439.972656
1651636800000,237.605469
1651651200000,518.59375
1651665600000,453.402344
1651680000000,1061.82812
1651694400000,862.664062
1651708800000,885.464844
1651723200000,721.996094
1651737600000,617.152344
1651752000000,-1612.17969
1651766400000,-1892.98047
1651780800000,-1574.90625
1651795200000,-1596.23828
1651809600000,-1588.16406
1651824000000,-2029.20703
1651838400000,-1375.28125
1651852800000,-1255.32812
1651867200000,-1199.86328
1651881600000,-1381.53516
1651896000000,-1257.08594
1651910400000,-1100.04688
1651924800000,-1175.58984
1651939200000,-1225.64844
1651953600000,-1419.92188
1651968000000,-2089.11719
1651982400000,-1864.57422
1651996800000,-1642.91797
1652011200000,-1966.46875
1652025600000,-1440.12891
1652040000000,-1866.96484
1652054400000,-2091.86719
1652068800000,-2053.72266
1652083200000,-2091.97266
1652097600000,-2392.27734
1652112000000,-2773.88281
1652126400000,-3201.00781
1652140800000,-2288
1652155200000,-1197.99219
1652169600000,-1130.51562
1652184000000,-1307.74609
1652198400000,-1227.14648
1652212800000,-1394.19727
1652227200000,-1148.56445
1652241600000,-1616.36914
1652256000000,-633.484375
1652270400000,-797.847656
1652284800000,-2263.60352
1652299200000,-2302.30859
1652313600000,-2876.22266
1652328000000,-2779.35156
1652342400000,-2114.7832
1652356800000,-1343.61719
1652371200000,-1613.35352
1652385600000,-1181.73828
1652400000000,361.234375
1652414400000,-15.7207031
1652428800000,471.328125
1652443200000,135.441406
1652457600000,-118.140625
1652472000000,-893.509766
1652486400000,-588.742188
1652500800000,-728.013672
1652515200000,-1059.77734
1652529600000,-1274.71289
1652544000000,-709.283203
1652558400000,44.2714844
1652572800000,-305.208984
1652587200000,-201.279297
1652601600000,225.791016
1652616000000,-20.7285156
1652630400000,423.132812
1652644800000,1214.05078
1652659200000,173.136719
1652673600000,-505.205078
1652688000000,-133.595703
1652702400000,-365.765625
1652716800000,-444.027344
1652731200000,-130.701172
1652745600000,338.822266
1652760000000,379.173828
1652774400000,273.121094
1652788800000,91.0410156
1652803200000,37.5078125
1652817600000,375.103516
1652832000000,-239.5625
1652846400000,-165.964844
1652860800000,-226.990234
1652875200000,-993.207031
1652889600000,-637.402344
1652904000000,-1129.86719
1652918400000,-590.363281
1652932800000,-568.714844
1652947200000,-224.583984
1652961600000,612.011719
1652976000000,141.619141
1652990400000,481.949219
1653004800000,299.474609
1653019200000,377.199219
1653033600000,506.052734
1653048000000,-733.128906
1653062400000,-497.740234
1653076800000,-567.142578
1653091200000,-498.328125
1653105600000,-318.394531
1653120000000,-441.335938
1653134400000,-168.525391
1653148800000,-241.322266
1653163200000,-258.34375
1653177600000,-336.574219
1653192000000,-255.962891
1653206400000,191.044922
1653220800000,118.769531
1653235200000,193.236328
1653249600000,521.53125
1653264000000,362.814453
1653278400000,596.796875
1653292800000,497.460938
1653307200000,417.794922
1653321600000,-821.621094
1653336000000,-727.070312
1653350400000,-506.775391
1653364800000,-384.128906
1653379200000,-461.703125
1653393600000,-270.966797
1653408000000,-226.208984
1653422400000,42.6972656
1653436800000,556.53125
1653451200000,41.8789062
1653465600000,-255.453125
1653480000000,-14.0175781
1653494400000,-62.8710938
1653508800000,-107.460938
1653523200000,190.960938
1653537600000,75.3691406
1653552000000,-598.15625
1653566400000,-71.6933594
1653580800000,-78.71875
1653595200000,-259.869141
1653609600000,-416.097656
1653624000000,-410.310547
1653638400000,-453.953125
1653652800000,-479.685547
1653667200000,-391.455078
1653681600000,-616.419922
1653696000000,-387.748047
1653710400000,-319.712891
1653724800000,-369.003906
1653739200000,-200.695312
1653753600000,-146.158203
1653768000000,-142.716797
1653782400000,-188.013672
1653796800000,-157.736328
1653811200000,50.4570312
1653825600000,36.1523438
1653840000000,-55.234375
1653854400000,278.246094
1653868800000,1067.69141
1653883200000,1211.49609
1653897600000,1162.625
1653912000000,1036.57422
1653926400000,991.408203
1653940800000,1684.43359
1653955200000,1626.14453
1653969600000,1371.33594
1653984000000,1475.08398
1653998400000,1576.98438
1654012800000,959.216797
1654027200000,1093.53125
1654041600000,891.824219
1654056000000,715.908203
1654070400000,812.992188
1654084800000,-135.220703
1654099200000,-634.4375
1654113600000,-861.585938
1654128000000,-897.117188
1654142400000,-639.712891
1654156800000,-414.494141
1654171200000,-306.673828
1654185600000,-204.636719
1654200000000,-45.8613281
1654214400000,29.5820312
1654228800000,-43.5292969
1654243200000,-698.447266
1654257600000,-867.023438
1654272000000,-752.917969
1654286400000,-595.445312
1654300800000,-726.335938
1654315200000,-574.453125
1654329600000,-585.140625
1654344000000,-364.978516
1654358400000,-559.390625
1654372800000,-315.337891
1654387200000,-417.738281
1654401600000,-515.789062
1654416000000,-412.148438
1654430400000,-140.837891
1654444800000,-40.8691406
1654459200000,-180.179688
1654473600000,1009.28516
1654488000000,939.488281
1654502400000,988.148438
1654516800000,965.708984
1654531200000,815.332031
1654545600000,667.820312
1654560000000,-979.400391
1654574400000,-921.507812
1654588800000,-937.392578
1654603200000,-497.542969
1654617600000,626
1654632000000,568.085938
1654646400000,-520.833984
1654660800000,38.1367188
1654675200000,-111.371094
1654689600000,-39.1992188
1654704000000,-359.742188
1654718400000,-293.091797
1654732800000,-193.052734
1654747200000,11.1699219
1654761600000,-184.619141
1654776000000,-140.253906
1654790400000,-428.015625
1654804800000,-317.847656
1654819200000,-264.644531
1654833600000,-323.048828
1654848000000,-339.103516
1654862400000,-735.779297
1654876800000,-1104.77344
1654891200000,-955.541016
1654905600000,-747.646484
1654920000000,-681.369141
1654934400000,-1165.99805
1654948800000,-1323.44141
1654963200000,-1042.92578
1654977600000,-1163.79492
1654992000000,-1809.67969
1655006400000,-1593.58398
1655020800000,-1719.13672
1655035200000,-874.806641
1655049600000,-1450.45508
1655064000000,-2091.82422
1655078400000,-2497.16992
1655092800000,-2736.77539
1655107200000,-3052.98633
1655121600000,-2869.35742
1655136000000,-2711.3457
1655150400000,-3156.74609
1655164800000,-2949.86719
1655179200000,-1968.78906
1655193600000,-2761.78711
1655208000000,-1891.25977
1655222400000,-2310.12109
1655236800000,-2214.23047
1655251200000,-2780.70508
1655265600000,-3217.45117
1655280000000,-2409.5332
1655294400000,-1987.01367
1655308800000,-1381.35547
1655323200000,-373.855469
1655337600000,-738.554688
1655352000000,-1159.2207
1655366400000,-1807.28125
1655380800000,-1694.61719
1655395200000,-1814.69727
1655409600000,-2198.71484
1655424000000,-2118.83008
1655438400000,-1326.55859
1655452800000,-1384.38086
1655467200000,-1587.55273
1655481600000,-1688.74023
1655496000000,-1707.63281
1655510400000,-1679.54297
1655524800000,-2576.86719
1655539200000,-2330.15625
1655553600000,-2559.25781
1655568000000,-3151.2207
1655582400000,-1856.17383
1655596800000,-2413.5918
1655611200000,-2320.37891
1655625600000,-828.369141
1655640000000,-630.662109
1655654400000,-300.84375
1655668800000,142.328125
1655683200000,-429.115234
1655697600000,-308.583984
1655712000000,388.480469
1655726400000,394.134766
1655740800000,-345.769531
1655755200000,151.275391
1655769600000,179.837891
1655784000000,647.212891
1655798400000,454.550781
1655812800000,818.140625
1655827200000,289.222656
1655841600000,118.652344
1655856000000,-280.367188
1655870400000,-480.238281
1655884800000,-62.6152344
1655899200000,-460.722656
1655913600000,-385.464844
1655928000000,-482.380859
1655942400000,-250.527344
1655956800000,-3.19921875
1655971200000,172.580078
1655985600000,-117.90625
1656000000000,432.1875
1656014400000,580.970703
1656028800000,510.123047
1656043200000,325.544922
1656057600000,563.902344
1656072000000,242.5625
1656086400000,577.978516
1656100800000,525.460938
1656115200000,566.210938
1656129600000,745.783203
1656144000000,550.142578
1656158400000,159.947266
1656172800000,394.984375
1656187200000,651.435547
1656201600000,560.210938
1656216000000,505.951172
1656230400000,774.142578
1656244800000,335.251953
1656259200000,281.224609
1656273600000,25.0859375
1656288000000,144.341797
1656302400000,324.839844
1656316800000,240.269531
1656331200000,-282.974609
1656345600000,-164.085938
1656360000000,-267.894531
1656374400000,-252.669922
1656388800000,-94.5214844
1656403200000,10.7910156
1656417600000,-360.417969
1656432000000,-664.015625
1656446400000,-603.158203
1656460800000,-576.837891
1656475200000,-704.580078
1656489600000,-625.439453
1656504000000,-593.621094
1656518400000,-415.072266
1656532800000,-489.751953
1656547200000,-515.113281
1656561600000,-1039.14648
1656576000000,-1193.20703
1656590400000,-974.859375
1656604800000,-1114.87305
1656619200000,-6.4140625
1656633600000,-266.242188
1656648000000,-372.46875
1656662400000,-701.138672
1656676800000,-542.599609
1656691200000,-427.527344
1656705600000,-512.666016
1656720000000,-632.507812
1656734400000,-627.988281
1656748800000,-533.744141
1656763200000,-472.517578
1656777600000,-416.435547
1656792000000,-429.355469
1656806400000,-401.46875
1656820800000,-466.267578
1656835200000,-487.927734
1656849600000,-514.205078
1656864000000,-52.4296875
1656878400000,-225.214844
1656892800000,-418.042969
1656907200000,-383.957031
1656921600000,284.675781
1656936000000,238.023438
1656950400000,253.683594
1656964800000,602.878906
1656979200000,634.546875
1656993600000,502.8125
1657008000000,-193.980469
1657022400000,-165.375
1657036800000,664.34375
1657051200000,373.521484
1657065600000,130.708984
1657080000000,322.078125
1657094400000,246.90625
1657108800000,264.232422
1657123200000,422.400391
1657137600000,616.490234
1657152000000,518.792969
1657166400000,461.453125
1657180800000,501.755859
1657195200000,798.34375
1657209600000,1508.45117
1657224000000,1223.66992
1657238400000,1572.47461
1657252800000,1157.65234
1657267200000,854.269531
1657281600000,1083.11523
1657296000000,895.580078
1657310400000,639.458984
1657324800000,628.228516
1657339200000,646.703125
1657353600000,420.025391
1657368000000,514.050781
1657382400000,538.958984
1657396800000,494.933594
1657411200000,181.53125
1657425600000,213.945312
1657440000000,174.107422
1657454400000,-216.333984
1657468800000,-178.894531
1657483200000,-227.738281
1657497600000,-505.792969
1657512000000,-582.761719
1657526400000,-523.832031
1657540800000,-496.966797
1657555200000,-397.166016
1657569600000,-860.912109
1657584000000,-819.072266
1657598400000,-927.570312
1657612800000,-806.515625
1657627200000,-626.5
1657641600000,-1014.29688
1657656000000,-1004.73242
1657670400000,-820.503906
1657684800000,-534.455078
1657699200000,-374.988281
1657713600000,-557.570312
1657728000000,-323.167969
1657742400000,253.814453
1657756800000,228.886719
1657771200000,-7.16601562
1657785600000,-247.046875
1657800000000,384.095703
1657814400000,547.255859
1657828800000,510.554688
1657843200000,501.808594
1657857600000,684.511719
1657872000000,588.0625
1657886400000,572.458984
1657900800000,873.589844
1657915200000,517.669922
1657929600000,401.173828
1657944000000,205.548828
1657958400000,261.134766
1657972800000,561.021484
1657987200000,685.955078
1658001600000,665.136719
1658016000000,758.316406
1658030400000,828.494141
1658044800000,766.158203
1658059200000,443.3125
1658073600000,272.304688
1658088000000,30.8242188
1658102400000,494.324219
1658116800000,1258.43555
1658131200000,1017.18945
1658145600000,1378.56641
1658160000000,244.130859
1658174400000,978.414062
1658188800000,332.966797
1658203200000,178.625
1658217600000,363.878906
1658232000000,1302.08594
1658246400000,1344.77344
1658260800000,1236.80469
1658275200000,1177.80469
1658289600000,1037.07812
1658304000000,1270.00781
1658318400000,1509.54297
1658332800000,896.388672
1658347200000,410.466797
1658361600000,-46.0039062
1658376000000,104.851562
1658390400000,-210.5625
1658404800000,-161.908203
1658419200000,376.789062
1658433600000,310.005859
1658448000000,64.7265625
1658462400000,261.941406
1658476800000,724.796875
1658491200000,356.435547
1658505600000,-340.699219
1658520000000,-232.085938
1658534400000,-110.251953
1658548800000,-131.615234
1658563200000,-630.476562
1658577600000,-614.978516
1658592000000,-523.439453
1658606400000,-343.414062
1658620800000,-435.230469
1658635200000,-61.1386719
1658649600000,-99.828125
1658664000000,105.296875
1658678400000,-47.3046875
1658692800000,-174.517578
1658707200000,-819.822266
1658721600000,-689.283203
1658736000000,-690.044922
1658750400000,-665.542969
1658764800000,-617.427734
1658779200000,-1060.79297
1658793600000,-1108.3457
1658808000000,-1143.59375
1658822400000,-1069.79883
1658836800000,-1307.85156
1658851200000,-1085.9082
1658865600000,-696.296875
1658880000000,-833.472656
1658894400000,-529.826172
1658908800000,-643.919922
1658923200000,-277.791016
1658937600000,782.699219
1658952000000,898.941406
1658966400000,1001.76953
1658980800000,756.978516
1658995200000,897.392578
1659009600000,1277.74805
1659024000000,1218.02734
1659038400000,1167.4375
1659052800000,1195.79883
1659067200000,1111.63672
1659081600000,823.865234
1659096000000,995.865234
1659110400000,811.796875
1659124800000,638.503906
1659139200000,642.185547
1659153600000,699.197266
1659168000000,743.488281
1659182400000,1171.32617
1659196800000,513.736328
1659211200000,217.283203
1659225600000,302.972656
1659240000000,267.117188
1659254400000,339.935547
1659268800000,309.001953
1659283200000,329.257812
1659297600000,-207.826172
1659312000000,-130.490234
1659326400000,-171.302734
1659340800000,-255.023438
1659355200000,-133.197266
1659369600000,-471.382812
1659384000000,-152.445312
1659398400000,-530.037109
1659412800000,-464.333984
1659427200000,-445.962891
1659441600000,-306.554688
1659456000000,-325.255859
1659470400000,-276.097656
1659484800000,-374.259766
1659499200000,-235.5625
1659513600000,185.943359
1659528000000,113.947266
1659542400000,205.527344
1659556800000,-414.845703
1659571200000,-132.148438
1659585600000,-261.640625
1659600000000,-304.824219
1659614400000,-238.730469
1659628800000,-643.669922
1659643200000,-455.378906
1659657600000,104.21875
1659672000000,107.058594
1659686400000,314.630859
1659700800000,-108.169922
1659715200000,-150.871094
1659729600000,221.523438
1659744000000,76.6074219
1659758400000,102.482422
1659772800000,60.5683594
1659787200000,109.957031
1659801600000,90.9179688
1659816000000,-141.712891
1659830400000,-96.21875
1659844800000,-76.1855469
1659859200000,-46.9570312
1659873600000,-68.484375
1659888000000,62.1367188
1659902400000,75.0664062
1659916800000,198.048828
1659931200000,642.619141
1659945600000,869.814453
1659960000000,590.015625
1659974400000,488.007812
1659988800000,339.341797
1660003200000,337.677734
1660017600000,362.154297
1660032000000,-237.316406
1660046400000,-361.75
1660060800000,-342.800781
1660075200000,-253.509766
1660089600000,-469.783203
1660104000000,-348.859375
1660118400000,-179.523438
1660132800000,585.126953
1660147200000,185.300781
1660161600000,458.65625
1660176000000,753.808594
1660190400000,784.943359
1660204800000,867.605469
1660219200000,533.880859
1660233600000,381.625
1660248000000,78.7421875
1660262400000,148.890625
1660276800000,91.65625
1660291200000,-201.265625
1660305600000,112.960938
1660320000000,297.658203
1660334400000,485.638672
1660348800000,834.242188
1660363200000,557.615234
1660377600000,390.9375
1660392000000,443.914062
1660406400000,315.257812
1660420800000,331.984375
1660435200000,456.396484
1660449600000,707.423828
1660464000000,351.880859
1660478400000,298.720703
1660492800000,56.9902344
1660507200000,73.8144531
1660521600000,550.601562
1660536000000,-295.451172
1660550400000,-253.564453
1660564800000,-59.9433594
1660579200000,-297.865234
1660593600000,-164.583984
1660608000000,-148.638672
1660622400000,-151.380859
1660636800000,-189.681641
1660651200000,-277.328125
1660665600000,-217.189453
1660680000000,-287.880859
1660694400000,-136.974609
1660708800000,-331.720703
1660723200000,-359.179688
1660737600000,-615.669922
1660752000000,-680.732422
1660766400000,-583.230469
1660780800000,-470.910156
1660795200000,-486.234375
1660809600000,-339.494141
1660824000000,-392.996094
1660838400000,-468.822266
1660852800000,-583.320312
1660867200000,-902.78125
1660881600000,-1361.93555
1660896000000,-1520.00781
1660910400000,-1417.82227
1660924800000,-1426.62305
1660939200000,-1662.47656
1660953600000,-1241.83789
1660968000000,-1025.48633
1660982400000,-1057.29688
1660996800000,-950.261719
1661011200000,-1179.40625
1661025600000,-937.548828
1661040000000,-831.505859
1661054400000,-757.630859
1661068800000,-438.921875
1661083200000,-513.865234
1661097600000,-409.988281
1661112000000,-352.433594
1661126400000,-436.472656
1661140800000,-712.976562
1661155200000,-493.460938
1661169600000,-304.402344
1661184000000,-606.927734
1661198400000,-246.517578
1661212800000,-389.216797
1661227200000,-279.376953
1661241600000,-121.103516
1661256000000,-92.7558594
1661270400000,-45.0566406
1661284800000,-37.5214844
1661299200000,-283.644531
1661313600000,-220.919922
1661328000000,-78.9375
1661342400000,92.0839844
1661356800000,161.386719
1661371200000,-177.203125
1661385600000,-72.5859375
1661400000000,194.5625
1661414400000,176.515625
1661428800000,12.0234375
1661443200000,48.453125
1661457600000,7.49804688
1661472000000,2.21289062
1661486400000,-92.7480469
1661500800000,-321.574219
1661515200000,-573.681641
1661529600000,-643.640625
1661544000000,-965.974609
1661558400000,-963.978516
1661572800000,-834.875
1661587200000,-867.341797
1661601600000,-1003.29883
1661616000000,-913.712891
1661630400000,-865.826172
1661644800000,-874.755859
1661659200000,-790.923828
1661673600000,-783.345703
1661688000000,-722.208984
1661702400000,-741.150391
1661716800000,-1035.25781
1661731200000,-662.207031
1661745600000,-600.523438
1661760000000,-648.818359
1661774400000,-150.404297
1661788800000,-292.525391
1661803200000,-100.337891
1661817600000,-111.181641
1661832000000,50.1972656
1661846400000,20.0039062
1661860800000,-548.847656
1661875200000,-283.929688
1661889600000,-398.242188
1661904000000,190.804688
1661918400000,35.8085938
1661932800000,93.3769531
1661947200000,-67.7753906
1661961600000,18.1445312
1661976000000,-151.681641
1661990400000,-171.5
1662004800000,-286.634766
1662019200000,-86.3242188
1662033600000,-345.582031
1662048000000,-214.003906
1662062400000,45.6347656
1662076800000,74.4785156
1662091200000,19.4570312
1662105600000,-3.68945312
1662120000000,237.90625
1662134400000,-191.455078
1662148800000,-149.648438
1662163200000,-196.365234
1662177600000,-267.875
1662192000000,-275.228516
1662206400000,-301.433594
1662220800000,-334.917969
1662235200000,-209.232422
1662249600000,-266.988281
1662264000000,-388.085938
1662278400000,-156.367188
1662292800000,-191.652344
1662307200000,-92.0722656
1662321600000,31.2773438
1662336000000,-81.0429688
1662350400000,-207.048828
1662364800000,-247.105469
1662379200000,-81.7597656
1662393600000,-212.541016
1662408000000,-123.816406
1662422400000,-126.505859
1662436800000,0.986328125
1662451200000,8.953125
1662465600000,-76.5449219
1662480000000,-856.060547
1662494400000,-821.707031
1662508800000,-775.740234
1662523200000,-687.152344
1662537600000,-731.435547
1662552000000,-556.009766
1662566400000,-397.740234
1662580800000,-82.5214844
1662595200000,-152.984375
1662609600000,-192.628906
1662624000000,-50.3417969
1662638400000,-91.6230469
1662652800000,14.9980469
1662667200000,-17.3691406
1662681600000,570.056641
1662696000000,1038.08008
1662710400000,1165.06836
1662724800000,1352.64844
1662739200000,1258.43359
1662753600000,1244.5625
1662768000000,1152.98633
1662782400000,1040.96484
1662796800000,1026.4082
1662811200000,924.392578
1662825600000,1200.37109
1662840000000,1176.63281
1662854400000,1031.48438
1662868800000,1045.4375
1662883200000,1000.41797
1662897600000,972.431641
1662912000000,890.226562
1662926400000,1018.03711
1662940800000,636.642578
1662955200000,1107.65039
1662969600000,1072.32031
1662984000000,779.462891
1662998400000,1033.97656
1663012800000,968.298828
1663027200000,760.203125
1663041600000,712.802734
1663056000000,894.380859
1663070400000,-754.28125
1663084800000,-1140.21484
1663099200000,-1178.60156
1663113600000,-984.136719
1663128000000,-1030.47266
1663142400000,-1007.7832
1663156800000,-989.490234
1663171200000,-1097.2832
1663185600000,-774.884766
1663200000000,-938.726562
1663214400000,-701.896484
1663228800000,-736.244141
1663243200000,-1006.36719
1663257600000,-918.126953
1663272000000,-950.962891
1663286400000,-883.384766
1663300800000,-863.513672
1663315200000,-699.832031
1663329600000,-829.537109
1663344000000,-787.300781
1663358400000,-591.552734
1663372800000,-484.113281
1663387200000,-510.355469
1663401600000,-531.257812
1663416000000,-364.058594
1663430400000,-298.048828
1663444800000,-175.457031
1663459200000,-288.15625
1663473600000,-232.208984
1663488000000,-329.3125
1663502400000,-422.880859
1663516800000,-445.298828
1663531200000,-682.011719
1663545600000,-1118.91016
1663560000000,-1226.4707
1663574400000,-935.765625
1663588800000,-444.884766
1663603200000,7.20507812
1663617600000,25.3105469
1663632000000,-140.337891
1663646400000,-134.941406
1663660800000,-267.414062
1663675200000,-203.152344
1663689600000,-393.347656
1663704000000,-492.333984
1663718400000,-332.021484
1663732800000,-387.976562
1663747200000,-151.970703
1663761600000,-116.865234
1663776000000,-274.679688
1663790400000,-734.810547
1663804800000,-476.556641
1663819200000,-217.496094
1663833600000,80.7089844
1663848000000,-153.34375
1663862400000,162.837891
1663876800000,251.224609
1663891200000,228.304688
1663905600000,61.9003906
1663920000000,-294.527344
1663934400000,-397.103516
1663948800000,-279.621094
1663963200000,194.884766
1663977600000,29.015625
1663992000000,-103.441406
1664006400000,-39.4160156
1664020800000,27.71875
1664035200000,10.2402344
1664049600000,-163.164062
1664064000000,-35.1894531
1664078400000,14.0976562
1664092800000,33.2128906
1664107200000,-87.4980469
1664121600000,-151.136719
1664136000000,-231.396484
1664150400000,-162.566406
1664164800000,-102.166016
1664179200000,-138.974609
1664193600000,95.6484375
1664208000000,175.033203
1664222400000,192.642578
1664236800000,891.408203
1664251200000,889.671875
1664265600000,885.140625
1664280000000,453.087891
1664294400000,-321.423828
1664308800000,-304.84375
1664323200000,-570.509766
1664337600000,-502.306641
1664352000000,-292.119141
1664366400000,237.328125
1664380800000,264.291016
1664395200000,126.990234
1664409600000,204.287109
1664424000000,56.9316406
1664438400000,149.880859
1664452800000,-5.9296875
1664467200000,98.9667969
1664481600000,277.183594
1664496000000,77.3125
1664510400000,243.345703
1664524800000,103.898438
1664539200000,340.042969
1664553600000,45.5351562
1664568000000,-9.2890625
1664582400000,-14.0566406
1664596800000,-111.162109
1664611200000,-112.349609
1664625600000,-87.359375
1664640000000,-148.8125
1664654400000,-102.740234
1664668800000,-100.091797
1664683200000,-124.673828
1664697600000,-196.703125
1664712000000,-238.599609
1664726400000,-121.324219
1664740800000,-287.710938
1664755200000,-159.560547
1664769600000,-122.496094
1664784000000,-63.2382812
1664798400000,20.7734375
1664812800000,208.896484
1664827200000,279.642578
1664841600000,238.816406
1664856000000,554.337891
1664870400000,468.099609
1664884800000,554.197266
1664899200000,636.785156
1664913600000,685.015625
1664928000000,512.548828
1664942400000,518.40625
1664956800000,296.564453
1664971200000,247.470703
1664985600000,319.529297
1665000000000,344.582031
1665014400000,496.628906
1665028800000,332.580078
1665043200000,340.830078
1665057600000,83.1484375
1665072000000,69.0507812
1665086400000,18.5625
1665100800000,41.6015625
1665115200000,-11.8867188
1665129600000,58.171875
1665144000000,-313.919922
1665158400000,-395.382812
1665172800000,-316.875
1665187200000,-336.445312
1665201600000,-332.423828
1665216000000,-285.482422
1665230400000,-328.890625
1665244800000,-346.519531
1665259200000,-360.066406
1665273600000,-401.324219
1665288000000,-342.960938
1665302400000,-266.304688
1665316800000,-183.525391
1665331200000,-235.048828
1665345600000,-246.578125
1665360000000,-228.679688
1665374400000,-248.921875
1665388800000,-273.316406
1665403200000,-303.660156
1665417600000,-321.1875
1665432000000,-370.707031
1665446400000,-425.839844
1665460800000,-370.642578
1665475200000,-280.142578
1665489600000,-226.876953
1665504000000,-359.513672
1665518400000,-279.244141
1665532800000,-283.880859
1665547200000,-212.46875
1665561600000,-196.996094
1665576000000,-139.115234
1665590400000,-135.431641
1665604800000,-114.291016
1665619200000,-179.275391
1665633600000,-240.539062
1665648000000,-400.908203
1665662400000,-43.5527344
1665676800000,345.261719
1665691200000,343.023438
1665705600000,712.193359
1665720000000,514.347656
1665734400000,443.763672
1665748800000,163.109375
1665763200000,-27.5839844
1665777600000,-20.3359375
1665792000000,10.3300781
1665806400000,-21.7910156
1665820800000,-26.4589844
1665835200000,-59.5644531
1665849600000,-93.7050781
1665864000000,-113.980469
1665878400000,-60.7148438
1665892800000,-45.5800781
1665907200000,-33.2871094
1665921600000,-21.0839844
1665936000000,190.341797
1665950400000,66.1679688
1665964800000,-5.29296875
1665979200000,102.535156
1665993600000,235.486328
1666008000000,266.34375
1666022400000,236.513672
1666036800000,248.392578
1666051200000,237.470703
1666065600000,332.542969
1666080000000,206.839844
1666094400000,-0.173828125
1666108800000,-137.707031
1666123200000,-26.2265625
1666137600000,-66.9511719
1666152000000,-124.925781
1666166400000,-138.119141
1666180800000,-53.1972656
1666195200000,-83.2441406
1666209600000,-182.498047
1666224000000,-237.652344
1666238400000,-129.25
1666252800000,-57.3027344
1666267200000,-8.1171875
1666281600000,-167.458984
1666296000000,-179.417969
1666310400000,-174.634766
1666324800000,-187.181641
1666339200000,-249.638672
1666353600000,17.9316406
1666368000000,40.2226562
1666382400000,15.3613281
1666396800000,5.953125
1666411200000,20.2480469
1666425600000,27.8613281
1666440000000,85.4296875
1666454400000,36.2304688
1666468800000,49.7910156
1666483200000,47.8945312
1666497600000,7.78515625
1666512000000,-2.51953125
1666526400000,36.8378906
1666540800000,303.292969
1666555200000,332.951172
1666569600000,141.59375
1666584000000,65.640625
1666598400000,151.589844
1666612800000,32.9335938
1666627200000,60.2480469
1666641600000,49.1796875
1666656000000,59.5546875
1666670400000,21.3691406
1666684800000,14.921875
1666699200000,385.109375
1666713600000,705.376953
1666728000000,462.025391
1666742400000,599.273438
1666756800000,658.117188
1666771200000,750.931641
1666785600000,805.207031
1666800000000,667.314453
1666814400000,629.851562
1666828800000,586.123047
1666843200000,526.845703
1666857600000,390.574219
1666872000000,275.384766
1666886400000,334.728516
1666900800000,-1.41796875
1666915200000,-9.37304688
1666929600000,-207.933594
1666944000000,-108.037109
1666958400000,182.791016
1666972800000,297.84375
1666987200000,275.123047
1667001600000,418.253906
1667016000000,427.746094
1667030400000,295.166016
1667044800000,499.5
1667059200000,387.900391
1667073600000,347.90625
1667088000000,297.845703
1667102400000,351.798828
1667116800000,260.197266
1667131200000,160.082031
1667145600000,118.984375
1667160000000,89.5488281
1667174400000,-15.2421875
1667188800000,13.4414062
1667203200000,178.761719
1667217600000,-136.144531
1667232000000,-162.28125
1667246400000,-32.0175781
1667260800000,-46.0585938
1667275200000,63.6855469
1667289600000,-13
1667304000000,-77.3359375
1667318400000,-70.5839844
1667332800000,-40.4082031
1667347200000,0.74609375
1667361600000,-83.5820312
1667376000000,-76.7539062
1667390400000,-90.5390625
1667404800000,-201.033203
1667419200000,-276.398438
1667433600000,-111.677734
1667448000000,-114.923828
1667462400000,-272.59375
1667476800000,-120.794922
1667491200000,-110.347656
1667505600000,-150.921875
1667520000000,-39.28125
1667534400000,234.423828
1667548800000,168.009766
1667563200000,318.232422
1667577600000,538.958984
1667592000000,554.634766
1667606400000,802.519531
1667620800000,731.9375
1667635200000,720.695312
1667649600000,598.929688
1667664000000,613.716797
1667678400000,575.177734
1667692800000,491.125
1667707200000,439.652344
1667721600000,468.804688
1667736000000,450.691406
1667750400000,388.486328
1667764800000,79.7128906
1667779200000,71.8457031
1667793600000,-201.208984
1667808000000,-90.0976562
1667822400000,-46.3007812
1667836800000,27.5800781
1667851200000,-187.917969
1667865600000,-578.482422
1667880000000,-698.351562
1667894400000,-737.880859
1667908800000,-785.09375
1667923200000,-1153.38477
1667937600000,-772.308594
1667952000000,-965.515625
1667966400000,-1016.53906
1667980800000,-1245.33789
1667995200000,-1756.38867
1668009600000,-1922.51172
1668024000000,-2467.33594
1668038400000,-1954.83984
1668052800000,-1522.07422
1668067200000,-1904.69531
1668081600000,-481.541016
1668096000000,-577.798828
1668110400000,-397.015625
1668124800000,-933.179688
1668139200000,-534.664062
1668153600000,-591.033203
1668168000000,-953.828125
1668182400000,-955.603516
1668196800000,-711.697266
1668211200000,-847.976562
1668225600000,-916.253906
1668240000000,-846.927734
1668254400000,-757.183594
1668268800000,-788.226562
1668283200000,-847.095703
1668297600000,-736.953125
1668312000000,-854.855469
1668326400000,-922.708984
1668340800000,-979.410156
1668355200000,-967.775391
1668369600000,-1111.04492
1668384000000,-1199.49023
1668398400000,-410.820312
1668412800000,-456.552734
1668427200000,-530.300781
1668441600000,-828.318359
1668456000000,-439.1875
1668470400000,-231.332031
1668484800000,-184.357422
1668499200000,-220.134766
1668513600000,-23.6914062
1668528000000,-137.511719
1668542400000,-95.1835938
1668556800000,-11.6269531
1668571200000,-134.916016
1668585600000,-247.351562
1668600000000,-462.423828
1668614400000,-322.863281
1668628800000,-209.175781
1668643200000,-334.9375
1668657600000,-238.09375
1668672000000,-234.005859
1668686400000,-279.701172
1668700800000,-175.269531
1668715200000,-101.279297
1668729600000,49.1152344
1668744000000,-54.5644531
1668758400000,-47.3359375
1668772800000,-98.9355469
1668787200000,-121.720703
1668801600000,-84.7050781
1668816000000,-154.726562
1668830400000,-164.550781
1668844800000,-96.9609375
1668859200000,-124.09375
1668873600000,-140.767578
1668888000000,-63.4082031
1668902400000,-81.6621094
1668916800000,-44.0761719
1668931200000,-208.509766
1668945600000,-131.724609
1668960000000,-122.099609
1668974400000,-352.595703
1668988800000,-452.367188
1669003200000,-450.832031
1669017600000,-362.179688
1669032000000,-296.945312
1669046400000,-582.736328
1669060800000,-436.949219
1669075200000,-337.331055
1669089600000,-382.553711
1669104000000,-367
1669118400000,109.542969
1669132800000,41.3193359
1669147200000,94.7441406
1669161600000,412.064453
1669176000000,385.34375
1669190400000,371.569336
1669204800000,202.477539
1669219200000,218.135742
1669233600000,330.512695
1669248000000,413.620117
1669262400000,300.558594
1669276800000,251.004883
1669291200000,230.385742
1669305600000,229.535156
1669320000000,241.59375
1669334400000,138.242188
1669348800000,98.2275391
1669363200000,155.094727
1669377600000,121.24707
1669392000000,132.274414
1669406400000,120.661133
1669420800000,202.595703
1669435200000,159.269531
1669449600000,151.103516
1669464000000,76.5800781
1669478400000,56.5839844
1669492800000,24.4863281
1669507200000,99.9863281
1669521600000,130.488281
1669536000000,113.792969
1669550400000,122.242188
1669564800000,111.246094
1669579200000,-27.5585938
1669593600000,-223.816406
1669608000000,-175.967773
1669622400000,-166.585938
1669636800000,-191.15625
1669651200000,-86.5517578
1669665600000,-92.1845703
1669680000000,-24.6904297
1669694400000,136.177734
1669708800000,159.038086
1669723200000,50.3769531
1669737600000,81.4648438
1669752000000,95.390625
1669766400000,404.710938
1669780800000,425.390625
1669795200000,410.289062
1669809600000,362.007812
1669824000000,463.183594
1669838400000,516.578125
1669852800000,474.794922
1669867200000,389.345703
1669881600000,413.660156
1669896000000,217.394531
1669910400000,189.431641
1669924800000,194.640625
1669939200000,115.017578
1669953600000,168.167969
1669968000000,195.589844
1669982400000,123.945312
1669996800000,174.589844
1670011200000,259.044922
1670025600000,178.873047
1670040000000,115.660156
1670054400000,92.0136719
1670068800000,96.4414062
1670083200000,89.8417969
1670097600000,26.8066406
1670112000000,92.7207031
1670126400000,117.052734
1670140800000,63.8515625
1670155200000,139.804688
1670169600000,167.820312
1670184000000,173.962891
1670198400000,231.796875
1670212800000,300.431641
1670227200000,280.046875
1670241600000,38.0566406
1670256000000,-110.083984
1670270400000,-52.7109375
1670284800000,-28.2285156
1670299200000,-19.203125
1670313600000,-32.5292969
1670328000000,-35.3320312
1670342400000,-36.6132812
1670356800000,69.8261719
1670371200000,-0.71484375
1670385600000,-230.222656
1670400000000,-182.285156
1670414400000,-129.677734
1670428800000,-148.636719
1670443200000,-129.871094
1670457600000,-120.302734
1670472000000,-135.822266
1670486400000,-80.1875
1670500800000,-6.640625
1670515200000,276.566406
1670529600000,230.726562
1670544000000,194.884766
1670558400000,203.244141
1670572800000,222.974609
1670587200000,134.451172
1670601600000,101.150391
1670616000000,75.9785156
1670630400000,92.2949219
1670644800000,94.2363281
1670659200000,105.75
1670673600000,139.308594
1670688000000,93.9316406
1670702400000,53.2871094
1670716800000,76.6699219
1670731200000,100.443359
1670745600000,84.6386719
1670760000000,78.0234375
1670774400000,79.6386719
1670788800000,-7.27929688
1670803200000,-157.189453
1670817600000,-142.724609
1670832000000,-69.6210938
1670846400000,-46.3808594
1670860800000,-3.9921875
1670875200000,133.429688
1670889600000,62.2871094
1670904000000,73.9570312
1670918400000,297.404297
1670932800000,408.683594
1670947200000,367.078125
1670961600000,382.705078
1670976000000,384.685547
1670990400000,400.644531
1671004800000,374.986328
1671019200000,506.246094
1671033600000,108.621094
1671048000000,115.792969
1671062400000,37.4472656
1671076800000,5.66015625
1671091200000,41.4082031
1671105600000,-240.300781
1671120000000,-207.837891
1671134400000,-275.085938
1671148800000,-217.341797
1671163200000,-129.951172
1671177600000,-511.480469
1671192000000,-511.662109
1671206400000,-549.099609
1671220800000,-719.914062
1671235200000,-639.298828
1671249600000,-541.050781
1671264000000,-572.708984
1671278400000,-568.007812
1671292800000,-565.505859
1671307200000,-461.351562
1671321600000,-495.115234
1671336000000,-475.894531
1671350400000,-497.75
1671364800000,-506.90625
1671379200000,-409.625
1671393600000,-381.900391
1671408000000,-416.505859
1671422400000,-354.789062
1671436800000,-338.738281
1671451200000,-376.861328
1671465600000,-421.007812
1671480000000,-465.480469
1671494400000,-144.035156
1671508800000,-57.3066406
1671523200000,-49.2597656
1671537600000,45.8085938
1671552000000,38.7832031
1671566400000,30.9570312
1671580800000,-25.5371094
1671595200000,-45.9375
1671609600000,17.25
1671624000000,-0.361328125
1671638400000,-94.4003906
1671652800000,-18.8085938
1671667200000,-9.38867188
1671681600000,-21.9589844
1671696000000,-16.2890625
1671710400000,-185.736328
1671724800000,-145.357422
1671739200000,12.6621094
1671753600000,24.3632812
1671768000000,33.8125
1671782400000,27.6660156
1671796800000,16.8261719
1671811200000,33.640625
1671825600000,-27.3710938
1671840000000,24.0273438
1671854400000,25.4550781
1671868800000,14.7402344
1671883200000,16.0605469
1671897600000,25.0566406
1671912000000,19.265625
1671926400000,18.7441406
1671940800000,1.17382812
1671955200000,2.04882812
1671969600000,-15.1484375
1671984000000,-21.1953125
1671998400000,16.8574219
1672012800000,75.6191406
1672027200000,33.7207031
1672041600000,42.5566406
1672056000000,-8.29296875
1672070400000,26.03125
1672084800000,94.5585938
1672099200000,36.0058594
1672113600000,29.3164062
1672128000000,-9.64453125
1672142400000,-34.9433594
1672156800000,-128.214844
1672171200000,-93.5644531
1672185600000,-127.298828
1672200000000,-117.943359
1672214400000,-84.3183594
1672228800000,-169.539062
1672243200000,-140.777344
1672257600000,-164.066406
1672272000000,-139.185547
1672286400000,-134.099609
1672300800000,-89.5507812
1672315200000,-73.0429688
1672329600000,-75.7285156
1672344000000,-42.8847656
1672358400000,-78.0996094
1672372800000,-172.617188
1672387200000,-139.505859
1672401600000,-31.8476562
1672416000000,-50.9003906
1672430400000,26.7207031
1672444800000,-30.0292969
1672459200000,-22.8320312
1672473600000,-11.7167969
1672488000000,-3.66015625
1672502400000,-19.8417969
1672516800000,-29.6992188
1672531200000,-33.7050781
1672545600000,-39.4628906
1672560000000,-14.8808594
1672574400000,-10.1875
1672588800000,24.5820312
1672603200000,42.4375
1672617600000,91.6191406
1672632000000,136.546875
1672646400000,146.779297
1672660800000,137.720703
1672675200000,136.287109
1672689600000,70.8613281
1672704000000,92.5683594
1672718400000,114.501953
1672732800000,103.460938
1672747200000,57.7382812
1672761600000,24.0917969
1672776000000,45.2207031
1672790400000,218.003906
1672804800000,215.474609
1672819200000,173.910156
1672833600000,169.785156
1672848000000,122.228516
1672862400000,138.054688
1672876800000,88.3984375
1672891200000,77.9511719
1672905600000,96.1464844
1672920000000,96.7578125
1672934400000,109.916016
1672948800000,75.2988281
1672963200000,70.5097656
1672977600000,29.8203125
1672992000000,-20.6425781
1673006400000,76.875
1673020800000,158.701172
1673035200000,149.550781
1673049600000,148.019531
1673064000000,131.966797
1673078400000,115.214844
1673092800000,129.271484
1673107200000,131.986328
1673121600000,126.935547
1673136000000,118.402344
1673150400000,129.626953
1673164800000,109.085938
1673179200000,164.583984
1673193600000,91.9960938
1673208000000,246.15625
1673222400000,268.980469
1673236800000,239.433594
1673251200000,250.021484
1673265600000,242.080078
1673280000000,231.943359
1673294400000,101.339844
1673308800000,118.878906
1673323200000,114.482422
1673337600000,159.734375
1673352000000,195.117188
1673366400000,272.822266
1673380800000,266.203125
1673395200000,220.257812
1673409600000,229.072266
1673424000000,217.900391
1673438400000,100.630859
1673452800000,279.988281
1673467200000,541.117188
1673481600000,639.546875
1673496000000,514.320312
1673510400000,549.738281
1673524800000,287.3125
1673539200000,864.214844
1673553600000,731.667969
1673568000000,741.029297
1673582400000,667.042969
1673596800000,689.027344
1673611200000,892.912109
1673625600000,881.90625
1673640000000,1171.375
1673654400000,1647.08789
1673668800000,1505.95508
1673683200000,1188.35352
1673697600000,1115.25977
1673712000000,1072.68945
1673726400000,1185.8125
1673740800000,911.779297
1673755200000,905.955078
1673769600000,875.154297
1673784000000,998.199219
1673798400000,841.351562
1673812800000,821.158203
1673827200000,874.025391
1673841600000,865.75
1673856000000,534.259766
1673870400000,640.832031
1673884800000,882.546875
1673899200000,696.058594
1673913600000,580.232422
1673928000000,572.976562
1673942400000,628.179688
1673956800000,473.710938
1673971200000,598.730469
1673985600000,366.867188
1674000000000,480.703125
1674014400000,512.320312
1674028800000,397.439453
1674043200000,154.949219
1674057600000,27.8535156
1674072000000,-181.550781
1674086400000,-111.167969
1674100800000,-45.2578125
1674115200000,-113.230469
1674129600000,19.9863281
1674144000000,232.654297
1674158400000,199.216797
1674172800000,201.417969
1674187200000,66.7382812
1674201600000,74.3320312
1674216000000,237.046875
1674230400000,541.15625
1674244800000,1428.60938
1674259200000,1215.07422
1674273600000,1280.72461
1674288000000,1240.20898
1674302400000,1204.68555
1674316800000,1380.48242
1674331200000,807.523438
1674345600000,736.304688
1674360000000,829.441406
1674374400000,706.107422
1674388800000,632.373047
1674403200000,532.154297
1674417600000,460.832031
1674432000000,387.15625
1674446400000,415.056641
1674460800000,586.564453
1674475200000,423.730469
1674489600000,304.732422
1674504000000,414.289062
1674518400000,550.103516
1674532800000,502.070312
1674547200000,346.230469
1674561600000,321.859375
1674576000000,398.076172
1674590400000,6.1171875
1674604800000,17.1835938
1674619200000,94.8515625
1674633600000,-21.7070312
1674648000000,-21.1699219
1674662400000,135.308594
1674676800000,288.291016
1674691200000,348.935547
1674705600000,180.880859
1674720000000,194.814453
1674734400000,140.873047
1674748800000,243.044922
1674763200000,174.677734
1674777600000,-58.2910156
1674792000000,232.888672
1674806400000,122.007812
1674820800000,77.0292969
1674835200000,378.445312
1674849600000,171.033203
1674864000000,199.654297
1674878400000,75.5683594
1674892800000,65.53125
1674907200000,83.4628906
1674921600000,120.554688
1674936000000,97.3769531
1674950400000,241.992188
1674964800000,240.322266
1674979200000,425.378906
1674993600000,463.035156
1675008000000,744.017578
1675022400000,534.943359
1675036800000,471.767578
1675051200000,403.107422
1675065600000,-163.365234
1675080000000,-53.4882812
1675094400000,-385.882812
1675108800000,-301.003906
1675123200000,-293.509766
1675137600000,-133.544922
1675152000000,-234.097656
1675166400000,22.4472656
1675180800000,73.7324219
1675195200000,35.7519531
1675209600000,34.5488281
1675224000000,-18.6835938
1675238400000,-10.9335938
1675252800000,-98.171875
1675267200000,268.591797
1675281600000,558.828125
1675296000000,607.330078
1675310400000,506.667969
1675324800000,524.181641
1675339200000,490.564453
1675353600000,413.755859
1675368000000,55.5136719
1675382400000,132.144531
1675396800000,5.90429688
1675411200000,96.125
1675425600000,153.191406
1675440000000,-137.318359
1675454400000,-16.421875
1675468800000,-104.582031
1675483200000,-127.097656
1675497600000,-80.5878906
1675512000000,-32.9785156
1675526400000,-6.91015625
1675540800000,-123.421875
1675555200000,-93.5722656
1675569600000,-56.109375
1675584000000,-71.1269531
1675598400000,-289.673828
1675612800000,-416.744141
1675627200000,-356.818359
1675641600000,-388.425781
1675656000000,-356.517578
1675670400000,-337.896484
1675684800000,-158.773438
1675699200000,-162.388672
1675713600000,-410.890625
1675728000000,-283.398438
1675742400000,-244.083984
1675756800000,-165.240234
1675771200000,-211.558594
1675785600000,-5.875
1675800000000,131.955078
1675814400000,129.423828
1675828800000,114.480469
1675843200000,37.609375
1675857600000,-233.628906
1675872000000,-183.236328
1675886400000,-83.2460938
1675900800000,-487.574219
1675915200000,-295.080078
1675929600000,-272.142578
1675944000000,-301.142578
1675958400000,-707.966797
1675972800000,-838.595703
1675987200000,-793.582031
1676001600000,-658.472656
1676016000000,-811.107422
1676030400000,-802.666016
1676044800000,-637.390625
1676059200000,-738.158203
1676073600000,-675.765625
1676088000000,-651.429688
1676102400000,-646.189453
1676116800000,-604.818359
1676131200000,-634.541016
1676145600000,-429.482422
1676160000000,-492.060547
1676174400000,-464.234375
1676188800000,-359.337891
1676203200000,-275.263672
1676217600000,-190.619141
1676232000000,-367.783203
1676246400000,-317.472656
1676260800000,-222.804688
1676275200000,-390.236328
1676289600000,-396.189453
1676304000000,-300.787109
1676318400000,-143.509766
1676332800000,-212.138672
1676347200000,-137.888672
1676361600000,-93.734375
1676376000000,136.851562
1676390400000,286.480469
1676404800000,246.253906
1676419200000,148.943359
1676433600000,148.052734
1676448000000,442.091797
1676462400000,664.923828
1676476800000,1045.52734
1676491200000,1629.81055
1676505600000,1773.79102
1676520000000,1542.84375
1676534400000,1463.54102
1676548800000,1749.45703
1676563200000,1305.19336
1676577600000,-128.570312
1676592000000,190.232422
1676606400000,-11.5117188
1676620800000,136.091797
1676635200000,425.320312
1676649600000,762.355469
1676664000000,692.5
1676678400000,709.294922
1676692800000,582.693359
1676707200000,578.328125
1676721600000,697.837891
1676736000000,607.585938
1676750400000,631.691406
1676764800000,647.109375
1676779200000,538.166016
1676793600000,616.9375
1676808000000,795.650391
1676822400000,281.357422
1676836800000,36.7050781
1676851200000,182.441406
1676865600000,262.544922
1676880000000,581.597656
1676894400000,582.292969
1676908800000,487.923828
1676923200000,440.902344
1676937600000,489.078125
1676952000000,538.292969
1676966400000,61.0605469
1676980800000,42.9003906
1676995200000,87.2539062
1677009600000,-53.3164062
1677024000000,-281.753906
1677038400000,-405.558594
1677052800000,-268.554688
1677067200000,-658.1875
1677081600000,-538.380859
1677096000000,-132.376953
1677110400000,129.417969
1677124800000,48.0527344
1677139200000,-501.654297
1677153600000,-275.986328
1677168000000,-221.837891
1677182400000,-253.865234
1677196800000,-241.576172
1677211200000,-337.158203
1677225600000,-275.466797
1677240000000,-730.019531
1677254400000,-738.082031
1677268800000,-691.994141
1677283200000,-788.601562
1677297600000,-736.283203
1677312000000,-846.724609
1677326400000,-804.164062
1677340800000,-804.914062
1677355200000,-576.78125
1677369600000,-507.259766
1677384000000,-560.470703
1677398400000,-449.980469
1677412800000,-428.210938
1677427200000,-154.136719
1677441600000,-88.921875
1677456000000,-93.5273438
1677470400000,-211.824219
1677484800000,-194.09375
1677499200000,-70.1621094
1677513600000,-260.486328
1677528000000,-47.8027344
1677542400000,-82.6171875
1677556800000,-302.34375
1677571200000,-121.392578
1677585600000,2.13671875
1677600000000,-240.328125
1677614400000,-327.847656
1677628800000,-6.578125
1677643200000,245.351562
1677657600000,235.789062
1677672000000,187.294922
1677686400000,-164.710938
1677700800000,117.068359
1677715200000,-29.5117188
1677729600000,-132.105469
1677744000000,-105.011719
1677758400000,-140.058594
1677772800000,-25.5097656
1677787200000,-28.6738281
1677801600000,-932.46875
1677816000000,-852.414062
1677830400000,-837.501953
1677844800000,-800.46875
1677859200000,-730.912109
1677873600000,-685.294922
1677888000000,-673.716797
1677902400000,-654.394531
1677916800000,-656.841797
1677931200000,-684.238281
1677945600000,-724.621094
1677960000000,-595.664062
1677974400000,-501.328125
1677988800000,-492.849609
1678003200000,-472.697266
1678017600000,-424.417969
1678032000000,-437.638672
1678046400000,-383.220703
1678060800000,-405.226562
1678075200000,-383.828125
1678089600000,-374.126953
1678104000000,-181.541016
1678118400000,-315.021484
1678132800000,-287.857422
1678147200000,-218
1678161600000,-248.554688
1678176000000,-308.300781
1678190400000,-191.890625
1678204800000,-354.175781
1678219200000,-260.705078
1678233600000,-299.230469
1678248000000,-452.392578
1678262400000,-318.576172
1678276800000,-208.853516
1678291200000,-341.853516
1678305600000,-563.5
1678320000000,-469.511719
1678334400000,-537.181641
1678348800000,-521.033203
1678363200000,-487.486328
1678377600000,-971.158203
1678392000000,-1146.51953
1678406400000,-1285.04883
1678420800000,-1263.10547
1678435200000,-1302.51953
1678449600000,-897.943359
1678464000000,-831.990234
1678478400000,-619.40625
1678492800000,-247.480469
1678507200000,-790.677734
1678521600000,-529.539062
1678536000000,-487.339844
1678550400000,-301.232422
1678564800000,-61.7949219
1678579200000,-147.564453
1678593600000,-136.800781
1678608000000,-96.2167969
1678622400000,-105.068359
1678636800000,240.701172
1678651200000,1223.79102
1678665600000,1214.7832
1678680000000,1384.14453
1678694400000,872.025391
1678708800000,2211.99023
1678723200000,2329.70312
1678737600000,2033.46484
1678752000000,2242.05859
1678766400000,1978.02734
1678780800000,2289.4375
1678795200000,2591.33789
1678809600000,1465.02148
1678824000000,992.136719
1678838400000,1005.53906
1678852800000,1163.75391
1678867200000,968.037109
1678881600000,501.701172
1678896000000,378.105469
1678910400000,310.927734
1678924800000,273.341797
1678939200000,596.878906
1678953600000,738.185547
1678968000000,722.072266
1678982400000,768.349609
1678996800000,760.599609
1679011200000,1429.41992
1679025600000,1612.375
1679040000000,2245.50391
1679054400000,1499.60156
1679068800000,1826.53125
1679083200000,2129.56445
1679097600000,1938.08594
1679112000000,1916.83398
1679126400000,1941.25
1679140800000,1598.49805
1679155200000,1558.28711
1679169600000,1052.95117
1679184000000,1304.375
1679198400000,1042.15234
1679212800000,1207.50391
1679227200000,1483.26172
1679241600000,1921.91797
1679256000000,1500.94336
1679270400000,714.564453
1679284800000,1542.43164
1679299200000,1375.47852
1679313600000,765.580078
1679328000000,783.441406
1679342400000,685.210938
1679356800000,718.328125
1679371200000,409.398438
1679385600000,880.525391
1679400000000,811.484375
1679414400000,833.861328
1679428800000,775.802734
1679443200000,808.121094
1679457600000,704.132812
1679472000000,723.738281
1679486400000,1057.83203
1679500800000,-861.435547
1679515200000,-228.669922
1679529600000,-115.054688
1679544000000,184.638672
1679558400000,123.017578
1679572800000,1009.48047
1679587200000,689.966797
1679601600000,586.378906
1679616000000,498.410156
1679630400000,534.878906
1679644800000,-156.453125
1679659200000,238.966797
1679673600000,44.3476562
1679688000000,-295.566406
1679702400000,-147.935547
1679716800000,-239.125
1679731200000,-271.341797
1679745600000,-70.5351562
1679760000000,-522.828125
1679774400000,-235.382812
1679788800000,-166.298828
1679803200000,-187.365234
1679817600000,172.447266
1679832000000,88.0273438
1679846400000,100.673828
1679860800000,235.457031
1679875200000,141.318359
1679889600000,53.8359375
1679904000000,133.109375
1679918400000,-708.664062
1679932800000,-593.658203
1679947200000,-422.390625
1679961600000,-544.814453
1679976000000,-548.810547
1679990400000,-392.794922
1680004800000,-417.275391
1680019200000,29.859375
1680033600000,-128.664062
1680048000000,-24.6914062
1680062400000,652.283203
1680076800000,775.914062
1680091200000,795.990234
1680105600000,727.671875
1680120000000,613.244141
1680134400000,589.171875
1680148800000,801.177734
1680163200000,692.634766
1680177600000,304.650391
1680192000000,-8.80859375
1680206400000,33.4589844
1680220800000,170.046875
1680235200000,-246.402344
1680249600000,-45.3183594
1680264000000,458.494141
1680278400000,414.113281
1680292800000,394.238281
1680307200000,438.337891
1680321600000,332.777344
1680336000000,264.683594
1680350400000,290.755859
1680364800000,265.162109
1680379200000,296.445312
1680393600000,319.839844
1680408000000,248.044922
1680422400000,181.134766
1680436800000,-34.484375
1680451200000,-194.144531
1680465600000,29.7832031
1680480000000,-361.865234
1680494400000,-140.191406
1680508800000,123.193359
1680523200000,-86.8027344
1680537600000,-44.9472656
1680552000000,-246.035156
1680566400000,-186.894531
1680580800000,-13.7890625
1680595200000,235.890625
1680609600000,-38.25
1680624000000,136.582031
1680638400000,105.382812
1680652800000,431.480469
1680667200000,394.654297
1680681600000,415.205078
1680696000000,-136.970703
1680710400000,88.7636719
1680724800000,11.1464844
1680739200000,-16.0800781
1680753600000,-240.025391
1680768000000,-183.955078
1680782400000,-26.7070312
1680796800000,-102.648438
1680811200000,-74.0488281
1680825600000,-67.7382812
1680840000000,-259.878906
1680854400000,-252.214844
1680868800000,-135.53125
1680883200000,-178.771484
1680897600000,-164.439453
1680912000000,-36.4941406
1680926400000,16.8789062
1680940800000,-51.5214844
1680955200000,-41.4277344
1680969600000,-138.646484
1680984000000,-111.748047
1680998400000,-11.8847656
1681012800000,-142.931641
1681027200000,-101.509766
1681041600000,-123.980469
1681056000000,112.857422
1681070400000,244.898438
1681084800000,192.845703
1681099200000,189.005859
1681113600000,204.632812
1681128000000,297.494141
1681142400000,806.513672
1681156800000,1074.79102
1681171200000,1228.94531
1681185600000,1144.25391
1681200000000,1050.48242
1681214400000,1082.32617
1681228800000,875.724609
1681243200000,894.658203
1681257600000,559.730469
1681272000000,599.017578
1681286400000,600.5
1681300800000,393.150391
1681315200000,202.427734
1681329600000,291.410156
1681344000000,457.074219
1681358400000,424.300781
1681372800000,484.525391
1681387200000,672.839844
1681401600000,527.300781
1681416000000,533.816406
1681430400000,757.017578
1681444800000,723.283203
1681459200000,746.712891
1681473600000,117
1681488000000,183.960938
1681502400000,304.117188
1681516800000,221.822266
1681531200000,286
1681545600000,239.816406
1681560000000,155.269531
1681574400000,183.271484
1681588800000,121.863281
1681603200000,75.6132812
1681617600000,177.908203
1681632000000,47.1035156
1681646400000,141.169922
1681660800000,94.4804688
1681675200000,77.3164062
1681689600000,-223.410156
1681704000000,-326.330078
1681718400000,-513.457031
1681732800000,-630.611328
1681747200000,-505.714844
1681761600000,-529.726562
1681776000000,-453.902344
1681790400000,-111.955078
1681804800000,471.427734
1681819200000,221.126953
1681833600000,242.935547
1681848000000,380.683594
1681862400000,196.277344
1681876800000,59.4785156
1681891200000,-548.080078
1681905600000,-544.619141
1681920000000,-553.919922
1681934400000,-839.357422
1681948800000,-715.271484
1681963200000,-681.941406
1681977600000,-893.626953
1681992000000,-878.791016
1682006400000,-1127.30078
1682020800000,-926.613281
1682035200000,-809.341797
1682049600000,-872.029297
1682064000000,-919.052734
1682078400000,-866.630859
1682092800000,-1396.52734
1682107200000,-1335.4375
1682121600000,-1226.40039
1682136000000,-1252.88086
1682150400000,-1202.11914
1682164800000,-967.425781
1682179200000,-772.457031
1682193600000,-561.556641
1682208000000,-752.941406
1682222400000,-577.013672
1682236800000,-625.289062
1682251200000,-753.826172
1682265600000,-720.476562
1682280000000,-580.841797
1682294400000,-334.246094
1682308800000,-621.822266
1682323200000,-458.640625
1682337600000,-672.976562
1682352000000,-480.351562
1682366400000,-345.039062
1682380800000,-484.085938
1682395200000,-546.40625
1682409600000,-410.708984
1682424000000,-424.484375
1682438400000,-133.207031
1682452800000,489.771484
1682467200000,474.691406
1682481600000,522.572266
1682496000000,934.787109
1682510400000,1448.63867
1682524800000,-519.166016
1682539200000,85.2636719
1682553600000,456.601562
1682568000000,454.458984
1682582400000,482.291016
1682596800000,622.107422
1682611200000,1068.62305
1682625600000,828.386719
1682640000000,758.146484
1682654400000,794.560547
1682668800000,526.660156
1682683200000,399.337891
1682697600000,552.117188
1682712000000,526.748047
1682726400000,546.140625
1682740800000,546.648438
1682755200000,512.408203
1682769600000,452.523438
1682784000000,403.070312
1682798400000,383.529297
1682812800000,322.400391
1682827200000,415.486328
1682841600000,331.962891
1682856000000,682.427734
1682870400000,317.207031
1682884800000,175.583984
1682899200000,-451.599609
1682913600000,-341.621094
1682928000000,-441.570312
1682942400000,-693.671875
1682956800000,-926.859375
1682971200000,-626.34375
1682985600000,-627.986328
1683000000000,-593.912109
1683014400000,-543.900391
1683028800000,-49.9882812
1683043200000,94.2871094
1683057600000,66.1308594
1683072000000,-67.6308594
1683086400000,53.5195312
1683100800000,-54.0996094
1683115200000,-248.199219
1683129600000,-216.111328
1683144000000,458.552734
1683158400000,500.945312
1683172800000,439.552734
1683187200000,502.556641
1683201600000,196.671875
1683216000000,211.951172
1683230400000,137.220703
1683244800000,443.503906
1683259200000,289.158203
1683273600000,368.884766
1683288000000,530.339844
1683302400000,661.3125
1683316800000,574.423828
1683331200000,399.269531
1683345600000,389.689453
1683360000000,284.410156
1683374400000,-361.074219
1683388800000,-90.6621094
1683403200000,-62.7734375
1683417600000,-121.910156
1683432000000,-25.0390625
1683446400000,-93.7617188
1683460800000,9.6328125
1683475200000,-17.3300781
1683489600000,-464.925781
1683504000000,-608.082031
1683518400000,-752.996094
1683532800000,-707.175781
1683547200000,-694.832031
1683561600000,-1099.25195
1683576000000,-739.771484
1683590400000,-749.623047
1683604800000,-678.326172
1683619200000,-644.449219
1683633600000,-828.757812
1683648000000,-488.847656
1683662400000,-552.933594
1683676800000,-482.873047
1683691200000,-597.207031
1683705600000,-450.908203
1683720000000,40.6601562
1683734400000,-293.378906
1683748800000,-358.019531
1683763200000,-491.699219
1683777600000,-479.611328
1683792000000,-507.162109
1683806400000,-647.257812
1683820800000,-890.359375
1683835200000,-722.992188
1683849600000,-1037.08984
1683864000000,-1170.43164
1683878400000,-1078.65234
1683892800000,-1027.34375
1683907200000,-757.169922
1683921600000,-379.419922
1683936000000,-351.400391
1683950400000,-370.226562
1683964800000,-323.664062
1683979200000,-310.800781
1683993600000,-273.214844
1684008000000,-340.662109
1684022400000,-223.867188
1684036800000,-234.769531
1684051200000,-271.962891
1684065600000,-1.01367188
1684080000000,-188.697266
1684094400000,-154.542969
1684108800000,162.705078
1684123200000,286.964844
1684137600000,214.275391
1684152000000,251.083984
1684166400000,237.234375
1684180800000,-24.6289062
1684195200000,-44.0449219
1684209600000,71.0449219
1684224000000,-112.355469
1684238400000,-118.042969
1684252800000,-210.546875
1684267200000,-110.964844
1684281600000,-85.7617188
1684296000000,-268.861328
1684310400000,-443.25
1684324800000,-231.962891
1684339200000,318.980469
1684353600000,305.904297
1684368000000,246.773438
1684382400000,277.349609
1684396800000,264.900391
1684411200000,-57.5566406
1684425600000,-318.539062
1684440000000,-230.261719
1684454400000,-192.667969
1684468800000,-175.792969
1684483200000,-173.099609
1684497600000,-132.179688
1684512000000,-165.253906
1684526400000,-130.810547
1684540800000,-140.310547
1684555200000,-144.269531
1684569600000,-126.333984
1684584000000,-52.984375
1684598400000,62.1601562
1684612800000,103.296875
1684627200000,166.898438
1684641600000,48.0859375
1684656000000,-179.591797
1684670400000,-88.1484375
1684684800000,-83.5859375
1684699200000,-227.015625
1684713600000,-297.078125
1684728000000,-94.1914062
1684742400000,-115.423828
1684756800000,-60.6347656
1684771200000,-60.9121094
1684785600000,-72.4785156
1684800000000,414.134766
1684814400000,288.419922
1684828800000,330.582031
1684843200000,278.103516
1684857600000,138.800781
1684872000000,160.675781
1684886400000,-255.542969
1684900800000,-323.052734
1684915200000,-247.722656
1684929600000,-512.111328
1684944000000,-524.585938
1684958400000,-428.619141
1684972800000,-515.664062
1684987200000,-542.396484
1685001600000,-360.03125
1685016000000,-400.027344
1685030400000,-134.382812
1685044800000,-127.150391
1685059200000,-146.105469
1685073600000,-80.1367188
1685088000000,-118.714844
1685102400000,153.210938
1685116800000,156.017578
1685131200000,97.046875
1685145600000,142.814453
1685160000000,98.3730469
1685174400000,82.9121094
1685188800000,64.2402344
1685203200000,99.7382812
1685217600000,217.080078
1685232000000,482.607422
1685246400000,491.294922
1685260800000,399.996094
1685275200000,500.828125
1685289600000,624.931641
1685304000000,989.220703
1685318400000,728.900391
1685332800000,624.021484
1685347200000,581.785156
1685361600000,269.068359
1685376000000,258.025391
1685390400000,342.365234
1685404800000,418.005859
1685419200000,295.03125
1685433600000,558.662109
1685448000000,154.714844
1685462400000,310.357422
1685476800000,144.984375
1685491200000,94.6621094
1685505600000,-334.042969
1685520000000,-386.423828
1685534400000,-516.626953
1685548800000,-400.523438
1685563200000,-178.212891
1685577600000,-544.529297
1685592000000,-485.75
1685606400000,-371.224609
1685620800000,-356.052734
1685635200000,-341.605469
1685649600000,-372.626953
1685664000000,-148.148438
1685678400000,-96.7265625
1685692800000,-12.8203125
1685707200000,-20.9316406
1685721600000,108.726562
1685736000000,104.138672
1685750400000,6.91796875
1685764800000,38.4589844
1685779200000,-3.6328125
1685793600000,149.380859
1685808000000,-51.9082031
1685822400000,-68.7089844
1685836800000,-70.4472656
1685851200000,9.09960938
1685865600000,58.0136719
1685880000000,44.2695312
1685894400000,69.6796875
1685908800000,-38.4277344
1685923200000,-288.181641
1685937600000,-287.423828
1685952000000,-303.888672
1685966400000,-835.974609
1685980800000,-829.339844
1685995200000,-707.050781
1686009600000,-687.056641
1686024000000,-675.646484
1686038400000,-690.181641
1686052800000,-203.068359
1686067200000,706.351562
1686081600000,794.587891
1686096000000,439.054688
1686110400000,317.667969
1686124800000,386.607422
1686139200000,-163.058594
1686153600000,-26.0429688
1686168000000,-161.378906
1686182400000,-153.529297
1686196800000,-41.3535156
1686211200000,-53.9375
1686225600000,218.509766
1686240000000,31.6699219
1686254400000,-8.64257812
1686268800000,-29.9296875
1686283200000,-7.63867188
1686297600000,103.816406
1686312000000,-36.203125
1686326400000,-103.726562
1686340800000,-34.1875
1686355200000,-175.800781
1686369600000,-663.484375
1686384000000,-555.552734
1686398400000,-628.304688
1686412800000,-427.976562
1686427200000,-320.271484
1686441600000,-421.748047
1686456000000,-400.445312
1686470400000,-326.855469
1686484800000,-363.552734
1686499200000,-81.0703125
1686513600000,-169.289062
1686528000000,-291.164062
1686542400000,-271.054688
1686556800000,-84.9707031
1686571200000,-221.849609
1686585600000,-212.179688
1686600000000,-129.501953
1686614400000,31.8808594
1686628800000,34.09375
1686643200000,138.146484
1686657600000,-269.351562
1686672000000,-115.533203
1686686400000,-84.6816406
1686700800000,-37.9589844
1686715200000,-108.160156
1686729600000,-40.2734375
1686744000000,-28.4746094
1686758400000,-138.890625
1686772800000,-661.197266
1686787200000,-702.964844
1686801600000,-774.6875
1686816000000,-672.611328
1686830400000,-673.689453
1686844800000,-131.304688
1686859200000,14.2421875
1686873600000,-13.390625
1686888000000,-57.4179688
1686902400000,-109.824219
1686916800000,264.912109
1686931200000,692.492188
1686945600000,643.222656
1686960000000,535.148438
1686974400000,787.962891
1686988800000,676.365234
1687003200000,553.464844
1687017600000,600.388672
1687032000000,634.087891
1687046400000,631.365234
1687060800000,656.519531
1687075200000,551.052734
1687089600000,576.427734
1687104000000,645.273438
1687118400000,286.607422
1687132800000,337.333984
1687147200000,357.65625
1687161600000,346.914062
1687176000000,303.341797
1687190400000,380.773438
1687204800000,516.253906
1687219200000,504.806641
1687233600000,422.910156
1687248000000,452.511719
1687262400000,565.150391
1687276800000,1145.73242
1687291200000,1356.30273
1687305600000,1506.09766
1687320000000,1553.60547
1687334400000,1460.96289
1687348800000,1898.64453
1687363200000,1635.73047
1687377600000,1449.42969
1687392000000,1660.64844
1687406400000,1423.11914
1687420800000,1161.1582
1687435200000,953.142578
1687449600000,1259.00977
1687464000000,887.943359
1687478400000,976.919922
1687492800000,888.720703
1687507200000,1049.50391
1687521600000,1778.50391
1687536000000,1177.11133
1687550400000,929.123047
1687564800000,935.916016
1687579200000,776.539062
1687593600000,865.765625
1687608000000,534.527344
1687622400000,722.490234
1687636800000,621.398438
1687651200000,804.367188
1687665600000,715.34375
1687680000000,686.625
1687694400000,523.564453
1687708800000,349.308594
1687723200000,374.269531
1687737600000,170.517578
1687752000000,267.994141
1687766400000,173.619141
1687780800000,244.507812
1687795200000,68.0742188
1687809600000,85.3847656
1687824000000,175.128906
1687838400000,213.183594
1687852800000,494.773438
1687867200000,189.115234
1687881600000,318.771484
1687896000000,361.738281
1687910400000,113.634766
1687924800000,-148.349609
1687939200000,-25.5214844
1687953600000,77.6035156
1687968000000,-211.208984
1687982400000,-230.253906
1687996800000,-141.685547
1688011200000,42.2285156
1688025600000,359.261719
1688040000000,129.035156
1688054400000,214.140625
1688068800000,84.8496094
1688083200000,349.947266
1688097600000,283.828125
1688112000000,408.865234
1688126400000,-357.609375
1688140800000,-39.9765625
1688155200000,58.1269531
1688169600000,-14.7988281
1688184000000,46.6308594
1688198400000,114.632812
1688212800000,155.142578
1688227200000,201.285156
1688241600000,175.511719
1688256000000,96.2871094
1688270400000,84.3808594
1688284800000,111.091797
1688299200000,70.7167969
1688313600000,114.210938
1688328000000,171.337891
1688342400000,296.003906
1688356800000,198.173828
1688371200000,150.544922
1688385600000,534.419922
1688400000000,631.931641
1688414400000,486.382812
1688428800000,485.425781
1688443200000,172.326172
1688457600000,317.185547
1688472000000,219.050781
1688486400000,-71.8847656
1688500800000,-1.6953125
1688515200000,104.117188
1688529600000,5.3671875
1688544000000,-324.708984
1688558400000,-313.494141
1688572800000,-222.109375
1688587200000,-141.066406
1688601600000,-144.84375
1688616000000,153.160156
1688630400000,85.8554688
1688644800000,-261.695312
1688659200000,-348.121094
1688673600000,-713.015625
1688688000000,-416.824219
1688702400000,-521.857422
1688716800000,-406.001953
1688731200000,-102.902344
1688745600000,-255.21875
1688760000000,-143.335938
1688774400000,-196.541016
1688788800000,-270.162109
1688803200000,-258.644531
1688817600000,-241.978516
1688832000000,-338.689453
1688846400000,-162.544922
1688860800000,-146.912109
1688875200000,-170.332031
1688889600000,-164.978516
1688904000000,-81.6699219
1688918400000,-178.722656
1688932800000,-237.257812
1688947200000,-217.390625
1688961600000,-257.726562
1688976000000,-111.240234
1688990400000,-36.9140625
1689004800000,446.837891
1689019200000,-5.83789062
1689033600000,49.734375
1689048000000,90.1386719
1689062400000,-29.1796875
1689076800000,146.335938
1689091200000,126.615234
1689105600000,160.003906
1689120000000,120.283203
1689134400000,253.203125
1689148800000,277.154297
1689163200000,-22.1933594
1689177600000,-241.386719
1689192000000,-127.128906
1689206400000,-203.529297
1689220800000,-138.912109
1689235200000,45.6230469
1689249600000,318.078125
1689264000000,806.646484
1689278400000,578.265625
1689292800000,547.947266
1689307200000,172.548828
1689321600000,283.503906
1689336000000,294.5
1689350400000,-723.298828
1689364800000,-496.755859
1689379200000,-506.8125
1689393600000,-456.640625
1689408000000,-475.892578
1689422400000,-477.654297
1689436800000,-442.824219
1689451200000,-481.882812
1689465600000,-539.873047
1689480000000,-449.658203
1689494400000,-401.773438
1689508800000,-313.976562
1689523200000,-412.873047
1689537600000,-421.431641
1689552000000,-334.433594
1689566400000,-357.191406
1689580800000,-422.328125
1689595200000,-364.824219
1689609600000,-521.015625
1689624000000,-245.671875
1689638400000,-310.457031
1689652800000,-405.640625
1689667200000,-430.601562
1689681600000,-350.560547
1689696000000,-429.410156
1689710400000,-255.539062
1689724800000,-50.5351562
1689739200000,-119.279297
1689753600000,-90.8476562
1689768000000,-143.933594
1689782400000,-45.5078125
1689796800000,-175.060547
1689811200000,-120.384766
1689825600000,126.166016
1689840000000,185.855469
1689854400000,-257.615234
1689868800000,-261.095703
1689883200000,-203.445312
1689897600000,-115.373047
1689912000000,-225.341797
1689926400000,-205.414062
1689940800000,-114.078125
1689955200000,-105.484375
1689969600000,-81.3320312
1689984000000,-70.6464844
1689998400000,-36.1152344
1690012800000,-85.6992188
1690027200000,-68.0507812
1690041600000,-129.746094
1690056000000,-163.626953
1690070400000,-105.027344
1690084800000,-32.4960938
1690099200000,-58.0351562
1690113600000,-46.9199219
1690128000000,111.445312
1690142400000,92.8105469
1690156800000,-256.591797
1690171200000,-127.205078
1690185600000,-508.695312
1690200000000,-534.625
1690214400000,-487.273438
1690228800000,-417.591797
1690243200000,-468.724609
1690257600000,-429.525391
1690272000000,-427.6875
1690286400000,-335.53125
1690300800000,-313.664062
1690315200000,-274.855469
1690329600000,-244.974609
1690344000000,-262.375
1690358400000,-295.927734
1690372800000,-131.583984
1690387200000,-36.8046875
1690401600000,-93.4746094
1690416000000,-34.8691406
1690430400000,-26.0507812
1690444800000,65.4667969
1690459200000,-151.025391
1690473600000,-262.273438
1690488000000,-179.320312
1690502400000,-146.306641
1690516800000,-254.638672
1690531200000,-174.537109
1690545600000,5.63085938
1690560000000,-55.4238281
1690574400000,-47.5488281
1690588800000,0.697265625
1690603200000,-73.5039062
1690617600000,-93.9824219
1690632000000,-64.8398438
1690646400000,-27.3847656
1690660800000,-8.24023438
1690675200000,-50.9980469
1690689600000,-67.5
1690704000000,-52.2636719
1690718400000,-9.19726562
1690732800000,-140.410156
1690747200000,-45.4609375
1690761600000,80.9550781
1690776000000,45.671875
1690790400000,67.6972656
1690804800000,-90.3847656
1690819200000,-156.697266
1690833600000,-86.171875
1690848000000,-392.099609
1690862400000,-261.082031
1690876800000,-316.951172
1690891200000,-145.566406
1690905600000,163.257812
1690920000000,535.955078
1690934400000,384.921875
1690948800000,315.416016
1690963200000,283.25
1690977600000,37.1835938
1690992000000,-118.615234
1691006400000,-84.921875
1691020800000,-99.0546875
1691035200000,-233.613281
1691049600000,-113.712891
1691064000000,0.322265625
1691078400000,31.5273438
1691092800000,-60.8867188
1691107200000,-85.8144531
1691121600000,-35.5429688
1691136000000,-79.5703125
1691150400000,15.3710938
1691164800000,-213.351562
1691179200000,-113.529297
1691193600000,-145.71875
1691208000000,-176.992188
1691222400000,-170.841797
1691236800000,-170.75
1691251200000,-142.210938
1691265600000,-131.300781
1691280000000,-144.130859
1691294400000,-108.123047
1691308800000,-124.777344
1691323200000,-179.291016
1691337600000,-93.25
1691352000000,-91.2246094
1691366400000,-22.4785156
1691380800000,-90.1484375
1691395200000,-93.7929688
1691409600000,-239.929688
1691424000000,79.2851562
1691438400000,117.300781
1691452800000,97.9277344
1691467200000,77.4804688
1691481600000,301.40625
1691496000000,308.974609
1691510400000,546.142578
1691524800000,351.980469
1691539200000,274.009766
1691553600000,369.505859
1691568000000,423.378906
1691582400000,226.857422
1691596800000,-123.158203
1691611200000,53.3964844
1691625600000,53.15625
1691640000000,-24.5332031
1691654400000,-29.4003906
1691668800000,-74.5253906
1691683200000,-89.7382812
1691697600000,-69.2148438
1691712000000,-119.150391
1691726400000,-114.308594
1691740800000,-73.2421875
1691755200000,-122.648438
1691769600000,-111.097656
1691784000000,-69.4824219
1691798400000,-95.7851562
1691812800000,-73.125
1691827200000,-59.421875
1691841600000,-45.6015625
1691856000000,-70.6054688
1691870400000,-55.8417969
1691884800000,-69.953125
1691899200000,-77.6679688
1691913600000,-108.464844
1691928000000,-116.65625
1691942400000,-42.8496094
1691956800000,-165.595703
1691971200000,-48.9433594
1691985600000,-18.9570312
1692000000000,-30.8085938
1692014400000,150.287109
1692028800000,-98.0332031
1692043200000,-11.5078125
1692057600000,-51.9492188
1692072000000,-45.7871094
1692086400000,-87.2539062
1692100800000,-111.246094
1692115200000,-208.478516
1692129600000,-184.783203
1692144000000,-150.373047
1692158400000,-159.148438
1692172800000,-191.072266
1692187200000,-220.09375
1692201600000,-172.988281
1692216000000,-477.492188
1692230400000,-425.947266
1692244800000,-450.496094
1692259200000,-492.722656
1692273600000,-862.042969
1692288000000,-731.666016
1692302400000,-829.695312
1692316800000,-1035.91602
1692331200000,-955.511719
1692345600000,-819.074219
1692360000000,-1154.77734
1692374400000,-983.458984
1692388800000,-972.248047
1692403200000,-1039.55469
1692417600000,-1060.45898
1692432000000,-1062.33594
1692446400000,-723.660156
1692460800000,-790.71875
1692475200000,-794.740234
1692489600000,-788.738281
1692504000000,-790.541016
1692518400000,-686.521484
1692532800000,-710.341797
1692547200000,-665.933594
1692561600000,-575.355469
1692576000000,-656.601562
1692590400000,-694.841797
1692604800000,-618.953125
1692619200000,-644.107422
1692633600000,-464.888672
1692648000000,-426.367188
1692662400000,-483.130859
1692676800000,-428.162109
1692691200000,-464.21875
1692705600000,-557.025391
1692720000000,-581
1692734400000,-207.009766
1692748800000,-243.3125
1692763200000,-171.662109
1692777600000,-290.058594
1692792000000,-42.7011719
1692806400000,361.527344
1692820800000,151.279297
1692835200000,153.105469
1692849600000,178.955078
1692864000000,137.373047
1692878400000,-290.292969
1692892800000,-226.578125
1692907200000,-77.1992188
1692921600000,-138.636719
1692936000000,-267.259766
1692950400000,-127.636719
1692964800000,-255.875
1692979200000,-204.279297
1692993600000,-116.494141
1693008000000,-84.0429688
1693022400000,-117.685547
1693036800000,-120.271484
1693051200000,-109.857422
1693065600000,-117.785156
1693080000000,-138.478516
1693094400000,-136.632812
1693108800000,-116.943359
1693123200000,-90.1542969
1693137600000,-35.9667969
1693152000000,-25.7578125
1693166400000,-51.3613281
1693180800000,-133.59375
1693195200000,-191.447266
1693209600000,-120.578125
1693224000000,-16.5371094
1693238400000,-111.091797
1693252800000,16.1386719
1693267200000,-26.5820312
1693281600000,-97.8574219
1693296000000,-113.089844
1693310400000,842.119141
1693324800000,911.613281
1693339200000,727.679688
1693353600000,348.339844
1693368000000,390.287109
1693382400000,282.181641
1693396800000,124.757812
1693411200000,88.0351562
1693425600000,212.199219
1693440000000,121.511719
1693454400000,159.636719
1693468800000,191.970703
1693483200000,-180.292969
1693497600000,-767.371094
1693512000000,-871.400391
1693526400000,-709.675781
1693540800000,-780.617188
1693555200000,-721.21875
1693569600000,-826.322266
1693584000000,-855.832031
1693598400000,-674.078125
1693612800000,-666.845703
1693627200000,-664.394531
1693641600000,-628.216797
1693656000000,-514.558594
1693670400000,-563.410156
1693684800000,-525.945312
1693699200000,-524.882812
1693713600000,-429.783203
1693728000000,-433.806641
1693742400000,-452.556641
1693756800000,-297.958984
1693771200000,-321.728516
1693785600000,-291.869141
1693800000000,-315.759766
1693814400000,-373.138672
1693828800000,-409.238281
1693843200000,-324.554688
1693857600000,-358.785156
1693872000000,-468.224609
1693886400000,-410.333984
1693900800000,-340.679688
1693915200000,-319.199219
1693929600000,-370.5625
1693944000000,-257.886719
1693958400000,-255.804688
1693972800000,-302.927734
1693987200000,-284.517578
1694001600000,-388.490234
1694016000000,-221.208984
1694030400000,-135.839844
1694044800000,-57.2773438
1694059200000,-121.222656
1694073600000,-180.53125
1694088000000,-84.0839844
1694102400000,7.03710938
1694116800000,314.990234
1694131200000,272.878906
1694145600000,256.861328
1694160000000,-156.40625
1694174400000,-128.486328
1694188800000,-78.1796875
1694203200000,-59.9472656
1694217600000,-94.5664062
1694232000000,-84.2617188
1694246400000,-100.824219
1694260800000,-69.2480469
1694275200000,-80.6484375
1694289600000,-58.7285156
1694304000000,-96.3515625
1694318400000,-100.59375
1694332800000,-147.505859
1694347200000,-160.167969
1694361600000,-100.279297
1694376000000,-59.109375
1694390400000,-154.154297
1694404800000,-66.2480469
1694419200000,-250.699219
1694433600000,-521.269531
1694448000000,-552.136719
1694462400000,-370.458984
1694476800000,251.046875
1694491200000,241.669922
1694505600000,456.964844
1694520000000,506.019531
1694534400000,285.277344
1694548800000,66.4433594
1694563200000,102.744141
1694577600000,86.2304688
1694592000000,387.392578
1694606400000,386.421875
1694620800000,266.900391
1694635200000,347.785156
1694649600000,348.957031
1694664000000,405.355469
1694678400000,492.023438
1694692800000,610.740234
1694707200000,542.941406
1694721600000,373.695312
1694736000000,450.390625
1694750400000,397.544922
1694764800000,234.728516
1694779200000,110.925781
1694793600000,180.421875
1694808000000,330.623047
1694822400000,341.519531
1694836800000,198.722656
1694851200000,225.34375
1694865600000,203.603516
1694880000000,226.958984
1694894400000,245.884766
1694908800000,201.111328
1694923200000,164.265625
1694937600000,234.371094
1694952000000,203.003906
1694966400000,164.15625
1694980800000,176.648438
1694995200000,263.296875
1695009600000,292.224609
1695024000000,610.292969
1695038400000,583.761719
1695052800000,87.2519531
1695067200000,26.734375
1695081600000,84.3183594
1695096000000,109.630859
1695110400000,413.058594
1695124800000,513.712891
1695139200000,253.361328
1695153600000,259.935547
1695168000000,163.458984
1695182400000,138.779297
1695196800000,123.888672
1695211200000,200.894531
1695225600000,-58.2363281
1695240000000,125.380859
1695254400000,43.2890625
1695268800000,-1.53710938
1695283200000,-244.90625
1695297600000,-338.466797
1695312000000,-310.441406
1695326400000,-324.691406
1695340800000,-259.339844
1695355200000,-211.458984
1695369600000,-221.119141
1695384000000,-222.939453
1695398400000,-311.246094
1695412800000,-265.138672
1695427200000,-309.572266
1695441600000,-253.429688
1695456000000,-252.414062
1695470400000,-246.626953
1695484800000,-200.371094
1695499200000,-236.359375
1695513600000,-243.212891
1695528000000,-244.568359
1695542400000,-200.486328
1695556800000,-219.736328
1695571200000,-283.658203
1695585600000,-412.521484
1695600000000,-427.617188
1695614400000,-362.298828
1695628800000,-458.791016
1695643200000,-251.550781
1695657600000,-148.978516
1695672000000,-174.458984
1695686400000,-111.904297
1695700800000,-196.685547
1695715200000,-177.095703
1695729600000,-299.382812
1695744000000,-159.53125
1695758400000,-172.386719
1695772800000,-111.488281
1695787200000,-142.632812
1695801600000,310.617188
1695816000000,-150.029297
1695830400000,-167.958984
1695844800000,-63.4941406
1695859200000,-54.984375
1695873600000,18.4804688
1695888000000,40.046875
1695902400000,506.300781
1695916800000,504.257812
1695931200000,401.658203
1695945600000,323.208984
1695960000000,512.521484
1695974400000,284.009766
1695988800000,157.798828
1696003200000,191.054688
1696017600000,171.951172
1696032000000,174.021484
1696046400000,186.660156
1696060800000,193.390625
1696075200000,238.537109
1696089600000,260.503906
1696104000000,197.496094
1696118400000,270.345703
1696132800000,316.128906
1696147200000,365.132812
1696161600000,307.189453
1696176000000,246.462891
1696190400000,870.892578
1696204800000,917.576172
1696219200000,980.189453
1696233600000,730.474609
1696248000000,431.550781
1696262400000,312.097656
1696276800000,-152.449219
1696291200000,-43.8632812
1696305600000,-101.277344
1696320000000,-74.3046875
1696334400000,-271.328125
1696348800000,-319.378906
1696363200000,-157.347656
1696377600000,-146.632812
1696392000000,-113.855469
1696406400000,18.7304688
1696420800000,-149.257812
1696435200000,56.9863281
1696449600000,206.314453
1696464000000,75.6328125
1696478400000,22.7832031
1696492800000,144.269531
1696507200000,-53.3613281
1696521600000,-127.953125
1696536000000,-182.203125
1696550400000,-30.703125
1696564800000,45.2675781
1696579200000,157.626953
1696593600000,322.947266
1696608000000,308.621094
1696622400000,249.925781
1696636800000,212.935547
1696651200000,195.171875
1696665600000,240.611328
1696680000000,229.894531
1696694400000,149.283203
1696708800000,234.810547
1696723200000,329.949219
1696737600000,180.320312
1696752000000,63.4902344
1696766400000,146.125
1696780800000,140.578125
1696795200000,149.986328
1696809600000,136.296875
1696824000000,35.1308594
1696838400000,-268.308594
1696852800000,-260.148438
1696867200000,-66.8105469
1696881600000,-89.9023438
1696896000000,-46.390625
1696910400000,-31.0371094
1696924800000,-165.486328
1696939200000,-232.648438
1696953600000,-218.613281
1696968000000,-221.589844
1696982400000,-545.515625
1696996800000,-508.044922
1697011200000,-305.943359
1697025600000,-630.048828
1697040000000,-543.107422
1697054400000,-414.908203
1697068800000,-410.052734
1697083200000,-440.201172
1697097600000,-383.335938
1697112000000,-514.376953
1697126400000,-424.806641
1697140800000,-363.945312
1697155200000,-334.654297
1697169600000,-235.949219
1697184000000,-270.257812
1697198400000,-355.349609
1697212800000,-268.757812
1697227200000,-163.837891
1697241600000,-92.2207031
1697256000000,-147.818359
1697270400000,-148.888672
1697284800000,-80.8027344
1697299200000,-149.505859
1697313600000,-159.904297
1697328000000,-130.316406
1697342400000,-129.818359
1697356800000,-148.984375
1697371200000,-101.46875
1697385600000,54.5019531
1697400000000,131.023438
1697414400000,186.583984
1697428800000,602.289062
1697443200000,472.638672
1697457600000,-41.2167969
1697472000000,332.013672
1697486400000,348.679688
1697500800000,113.011719
1697515200000,253.0625
1697529600000,237.126953
1697544000000,260.242188
1697558400000,292.779297
1697572800000,169.457031
1697587200000,280.117188
1697601600000,205.527344
1697616000000,55.6464844
1697630400000,-46.890625
1697644800000,-61.28125
1697659200000,17.0097656
1697673600000,-41.2558594
1697688000000,28.7246094
1697702400000,136.144531
1697716800000,328.591797
1697731200000,373.449219
1697745600000,321.832031
1697760000000,760.976562
1697774400000,684.025391
1697788800000,1022.65039
1697803200000,633.140625
1697817600000,611.691406
1697832000000,705.263672
1697846400000,633.042969
1697860800000,712.275391
1697875200000,779.523438
1697889600000,853.175781
1697904000000,926.505859
1697918400000,666.570312
1697932800000,655.007812
1697947200000,493.636719
1697961600000,569.285156
1697976000000,468.865234
1697990400000,472.402344
1698004800000,588.335938
1698019200000,1137.79102
1698033600000,764.34375
1698048000000,854.054688
1698062400000,997.287109
1698076800000,1192.49609
1698091200000,1482.4707
1698105600000,2091.38281
1698120000000,1898.60938
1698134400000,2266.04492
1698148800000,1103.55664
1698163200000,1110.56445
1698177600000,1175.43359
1698192000000,1227.29688
1698206400000,1022.73047
1698220800000,1313.71875
1698235200000,1774.31641
1698249600000,1569.39453
1698264000000,1253.07031
1698278400000,1528.18359
1698292800000,1325.65625
1698307200000,686.085938
1698321600000,568.789062
1698336000000,544.902344
1698350400000,651.277344
1698364800000,589.53125
1698379200000,410.933594
1698393600000,502.644531
1698408000000,422.386719
1698422400000,106.855469
1698436800000,307.949219
1698451200000,472.542969
1698465600000,436.472656
1698480000000,535.996094
1698494400000,525.605469
1698508800000,442.828125
1698523200000,404.871094
1698537600000,288.289062
1698552000000,390.703125
1698566400000,541.992188
1698580800000,680.210938
1698595200000,712.683594
1698609600000,606.117188
1698624000000,322.71875
1698638400000,238.984375
1698652800000,587.722656
1698667200000,526.410156
1698681600000,281.34375
1698696000000,314.644531
1698710400000,15.96875
1698724800000,-33.5976562
1698739200000,307.238281
1698753600000,73.5976562
1698768000000,324.355469
1698782400000,404.253906
1698796800000,163.632812
1698811200000,173.371094
1698825600000,136.164062
1698840000000,-55.7695312
1698854400000,195.445312
1698868800000,900.214844
1698883200000,972.410156
1698897600000,641.265625
1698912000000,691.550781
1698926400000,-102.605469
1698940800000,261.386719
1698955200000,203.121094
1698969600000,-54.3515625
1698984000000,-252.292969
1698998400000,-434.417969
1699012800000,76.4609375
1699027200000,-148.816406
1699041600000,38.8789062
1699056000000,27.4921875
1699070400000,92.7148438
1699084800000,31.8710938
1699099200000,26.5625
1699113600000,55.859375
1699128000000,360.746094
1699142400000,566.816406
1699156800000,423.269531
1699171200000,335.320312
1699185600000,123.609375
1699200000000,207.492188
1699214400000,191.820312
1699228800000,159.417969
1699243200000,80.4375
1699257600000,394.699219
1699272000000,182.6875
1699286400000,160.265625
1699300800000,148.550781
1699315200000,12.0117188
1699329600000,37.75
1699344000000,-249.890625
1699358400000,-134.695312
1699372800000,532.734375
1699387200000,372.179688
1699401600000,241.621094
1699416000000,189.027344
1699430400000,284.136719
1699444800000,146.242188
1699459200000,497.777344
1699473600000,387.671875
1699488000000,1069.86328
1699502400000,1071.50781
1699516800000,1229.58203
1699531200000,1111.37891
1699545600000,319.035156
1699560000000,603.304688
1699574400000,631.355469
1699588800000,324.980469
1699603200000,896.289062
1699617600000,829.234375
1699632000000,929.242188
1699646400000,938.386719
1699660800000,652.105469
1699675200000,607.035156
1699689600000,569.554688
1699704000000,611.90625
1699718400000,701.859375
1699732800000,644.425781
1699747200000,479.570312
1699761600000,603.285156
1699776000000,518.828125
1699790400000,599.984375
1699804800000,531.4375
1699819200000,475.375
1699833600000,295.71875
1699848000000,323.628906
1699862400000,157.667969
1699876800000,180.425781
1699891200000,162.511719
1699905600000,-219.492188
1699920000000,-208.292969
1699934400000,35.3554688
1699948800000,-365.898438
1699963200000,-384.777344
1699977600000,-964.128906
1699992000000,-684.253906
1700006400000,-815.347656
1700020800000,-601.519531
1700035200000,79.6132812
1700049600000,232.265625
1700064000000,1061.40625
1700078400000,1320.98047
1700092800000,872.886719
1700107200000,829.597656
1700121600000,602.410156
1700136000000,-242.851562
1700150400000,-637.863281
1700164800000,-373.386719
1700179200000,-54.1054688
1700193600000,-293.5625
1700208000000,-127.398438
1700222400000,-430.429688
1700236800000,-144.140625
1700251200000,140.707031
1700265600000,-91.0976562
1700280000000,-50.7109375
1700294400000,-59.3476562
1700308800000,190.503906
1700323200000,195.914062
1700337600000,97.3632812
1700352000000,49.0273438
1700366400000,130.695312
1700380800000,-22.7304688
1700395200000,84.8867188
1700409600000,441.617188
1700424000000,768.738281
1700438400000,503.753906
1700452800000,609.785156
1700467200000,468.964844
1700481600000,702.109375
1700496000000,688.125
1700510400000,545.289062
1700524800000,543.105469
1700539200000,337.886719
1700553600000,200.054688
1700568000000,61.1875
1700582400000,37.2851562
1700596800000,-1134.23047
1700611200000,-420.652344
1700625600000,-347.253906
1700640000000,-317.410156
1700654400000,-295.21875
1700668800000,488.503906
1700683200000,557.839844
1700697600000,434.363281
1700712000000,492.070312
1700726400000,454.050781
1700740800000,4.9296875
1700755200000,335.566406
1700769600000,335.332031
1700784000000,351.15625
1700798400000,546.179688
1700812800000,628.003906
1700827200000,933.789062
1700841600000,405.410156
1700856000000,355.320312
1700870400000,419.351562
1700884800000,417.628906
1700899200000,261.996094
1700913600000,305.894531
1700928000000,419.335938
1700942400000,375.628906
1700956800000,335.292969
1700971200000,373.132812
1700985600000,254.019531
1701000000000,7.12890625
1701014400000,-43.0859375
1701028800000,7.4453125
1701043200000,-118.570312
1701057600000,-134.632812
1701072000000,-360.253906
1701086400000,-570.816406
1701100800000,-405.335938
1701115200000,-24.3671875
1701129600000,-144.09375
1701144000000,-161.152344
1701158400000,-4.68359375
1701172800000,243.867188
1701187200000,691.964844
1701201600000,331.96875
1701216000000,444.324219
1701230400000,579.6875
1701244800000,510.191406
1701259200000,194.488281
1701273600000,220.984375
1701288000000,196.769531
1701302400000,384.027344
1701316800000,114.492188
1701331200000,204.21875
1701345600000,-72.109375
1701360000000,74.9023438
1701374400000,39.8398438
1701388800000,349.019531
1701403200000,511.417969
1701417600000,699.769531
1701432000000,468.980469
1701446400000,713.933594
1701460800000,608.382812
1701475200000,699.566406
1701489600000,604.445312
1701504000000,630.933594
1701518400000,679.796875
1701532800000,985.363281
1701547200000,905.074219
1701561600000,804.4375
1701576000000,884.542969
1701590400000,863.316406
1701604800000,1045.05469
1701619200000,791.015625
1701633600000,1014.35156
1701648000000,1478.25
1701662400000,1797.39062
1701676800000,1572.13672
1701691200000,1075.23438
1701705600000,1653.26953
1701720000000,1436.65234
1701734400000,1229.79297
1701748800000,877.894531
1701763200000,1018.59766
1701777600000,1355.86719
1701792000000,2229.54688
1701806400000,2206.97266
1701820800000,1778.77344
1701835200000,1645.57812
1701849600000,1627.87109
1701864000000,1430.21484
1701878400000,1558.65234
1701892800000,1271.57422
1701907200000,1417.70703
1701921600000,1353.71094
1701936000000,528.5625
1701950400000,933.871094
1701964800000,451.148438
1701979200000,504.171875
1701993600000,579.660156
1702008000000,349.082031
1702022400000,818.492188
1702036800000,811.5
1702051200000,973.117188
1702065600000,1019.60938
1702080000000,971.839844
1702094400000,1001.58594
1702108800000,579.554688
1702123200000,776.125
1702137600000,639.785156
1702152000000,383.128906
1702166400000,496.617188
1702180800000,610.246094
1702195200000,371.640625
1702209600000,505.894531
1702224000000,373.5
1702238400000,354.601562
1702252800000,-602.640625
1702267200000,-730.050781
1702281600000,-470.957031
1702296000000,-956.011719
1702310400000,-1644.13672
1702324800000,-1078.65234
1702339200000,-522.074219
1702353600000,-333.125
1702368000000,-632.597656
1702382400000,-784.90625
1702396800000,-912.238281
1702411200000,-525.496094
1702425600000,-1086.26562
1702440000000,-793.867188
1702454400000,-861.992188
1702468800000,93.6367188
1702483200000,831.65625
1702497600000,827.171875
1702512000000,658.988281
1702526400000,812.855469
1702540800000,1122.69141
1702555200000,268.257812
1702569600000,838.222656
1702584000000,724.765625
1702598400000,474.003906
1702612800000,389.695312
1702627200000,425.78125
1702641600000,-437.917969
1702656000000,-219.5625
1702670400000,-361.125
1702684800000,38.4882812
1702699200000,-86.8164062
1702713600000,16.4921875
1702728000000,285.246094
1702742400000,29.5703125
1702756800000,-52.265625
1702771200000,-399.539062
1702785600000,-405.550781
1702800000000,-328.292969
1702814400000,-452.527344
1702828800000,-134.425781
1702843200000,-809.289062
1702857600000,-991.25
1702872000000,-894.074219
1702886400000,-750.210938
1702900800000,-515.875
1702915200000,-36.1875
1702929600000,845.40625
1702944000000,1137.32812
1702958400000,1051.97266
1702972800000,944.925781
1702987200000,386.792969
1703001600000,216.484375
1703016000000,146.90625
1703030400000,293.324219
1703044800000,739.601562
1703059200000,639.355469
1703073600000,1507.57031
1703088000000,1027.27344
1703102400000,882.691406
1703116800000,842.164062
1703131200000,925.835938
1703145600000,1028.92969
1703160000000,794.394531
1703174400000,536.585938
1703188800000,756.84375
1703203200000,873.15625
1703217600000,381.273438
1703232000000,508.988281
1703246400000,388.167969
1703260800000,371.070312
1703275200000,700.359375
1703289600000,224.398438
1703304000000,235.191406
1703318400000,216.265625
1703332800000,405.597656
1703347200000,340.734375
1703361600000,330.546875
1703376000000,460.898438
1703390400000,247.472656
1703404800000,234.375
1703419200000,260.714844
1703433600000,196.773438
1703448000000,-361.214844
1703462400000,-182.886719
1703476800000,-118.585938
1703491200000,-147.023438
1703505600000,286.472656
1703520000000,101.046875
1703534400000,206.039062
1703548800000,74.9570312
1703563200000,-547.589844
1703577600000,-557.257812
1703592000000,-797.027344
1703606400000,-922.230469
1703620800000,-481.78125
1703635200000,-738.492188
1703649600000,-485.851562
1703664000000,93.0117188
1703678400000,36.5234375
1703692800000,201.777344
1703707200000,429.941406
1703721600000,403.890625
1703736000000,10.3203125
1703750400000,47.1601562
1703764800000,-539.664062
1703779200000,-351.578125
1703793600000,-368.609375
1703808000000,-197.773438
1703822400000,-583.734375
1703836800000,22.9335938
1703851200000,-545.230469
1703865600000,-604.566406
1703880000000,-576.84375
1703894400000,-627.773438
1703908800000,-641.601562
1703923200000,-666.175781
1703937600000,-157.28125
1703952000000,-160.460938
1703966400000,-361.335938
1703980800000,-319.285156
1703995200000,29.3203125
1704009600000,8.7265625
1704024000000,-54.15625
1704038400000,95.0039062
1704052800000,-216.90625
1704067200000,-148.027344
1704081600000,38.9023438
1704096000000,205.417969
1704110400000,289.621094
1704124800000,962.808594
1704139200000,1394.10156
1704153600000,2051.31641
1704168000000,1902.32031
1704182400000,1576.02734
1704196800000,1131.53906
1704211200000,884.730469
1704225600000,731.695312
1704240000000,1006.13672
1704254400000,692.789062
1704268800000,-604.480469
1704283200000,-614.757812
1704297600000,-877.050781
1704312000000,-608.917969
1704326400000,-328.988281
1704340800000,-654.308594
1704355200000,-197.546875
1704369600000,627.304688
1704384000000,484.667969
1704398400000,580.632812
1704412800000,-50.0390625
1704427200000,253.765625
1704441600000,217.847656
1704456000000,-46.921875
1704470400000,47.28125
1704484800000,573.683594
1704499200000,354.066406
1704513600000,79
1704528000000,67.4179688
1704542400000,265.257812
1704556800000,291.960938
1704571200000,352.902344
1704585600000,304.195312
1704600000000,448.882812
1704614400000,415.839844
1704628800000,361.609375
1704643200000,542.523438
1704657600000,209.042969
1704672000000,-191.875
1704686400000,231.058594
1704700800000,861.933594
1704715200000,958.535156
1704729600000,2447.65234
1704744000000,2274.73828
1704758400000,2084.91797
1704772800000,1926.42188
1704787200000,1616.55469
1704801600000,1551.38281
1704816000000,1506.30859
1704830400000,495.566406
1704844800000,486.832031
1704859200000,124.140625
1704873600000,-101.347656
1704888000000,11.2070312
1704902400000,865.980469
1704916800000,851.175781
1704931200000,661.9375
1704945600000,257.726562
1704960000000,1171.83984
1704974400000,542.996094
1704988800000,425.4375
1705003200000,74.8984375
1705017600000,-278.386719
1705032000000,-245.757812
1705046400000,-291.800781
1705060800000,-1682.16797
1705075200000,-2429.98438
1705089600000,-2768.77344
1705104000000,-2855.10938
1705118400000,-2300.96094
1705132800000,-2698.46875
1705147200000,-2106.01172
1705161600000,-2428.75
1705176000000,-2327.28516
1705190400000,-2458.52344
1705204800000,-2106.82031
1705219200000,-2251.47266
1705233600000,-2140.39844
1705248000000,-2344.66406
1705262400000,-2946.22266
1705276800000,-1986.73438
1705291200000,-1766.48438
1705305600000,-1725.50391
1705320000000,-1987.77734
1705334400000,-1171.65625
1705348800000,-1562.31641
1705363200000,-1138.58594
1705377600000,-1245.23047
1705392000000,-1060.31641
1705406400000,-519.441406
1705420800000,-550.738281
1705435200000,-548.699219
1705449600000,-825.5
1705464000000,-990.3125
1705478400000,-944.066406
1705492800000,-1035.72266
1705507200000,-861.957031
1705521600000,-675.71875
1705536000000,-859.0625
1705550400000,-507.246094
1705564800000,-839.71875
1705579200000,-728.335938
1705593600000,-1847.1875
1705608000000,-1334.79297
1705622400000,-1516.35156
1705636800000,-1233.95703
1705651200000,-994.933594
1705665600000,-1417.45312
1705680000000,-316.304688
1705694400000,-456.101562
1705708800000,-461.566406
1705723200000,-438.179688
1705737600000,-485.890625
1705752000000,-485.507812
1705766400000,-418.839844
1705780800000,-350.503906
1705795200000,-342.488281
1705809600000,-371.632812
1705824000000,-271.367188
1705838400000,-296.058594
1705852800000,-217.886719
1705867200000,-349.546875
1705881600000,-682.199219
1705896000000,-740.886719
1705910400000,-800.007812
1705924800000,-706.171875
1705939200000,-1347.13672
1705953600000,-1426.27734
1705968000000,-929.308594
1705982400000,-1101.00781
1705996800000,-1758.24219
1706011200000,-1229.64062
1706025600000,-1209.66016
1706040000000,-391.117188
1706054400000,-652.304688
1706068800000,-279.0625
1706083200000,-29.3242188
1706097600000,-175.195312
1706112000000,-407.835938
1706126400000,-103.117188
1706140800000,-175.683594
1706155200000,-60.7851562
1706169600000,-6.02734375
1706184000000,-367.15625
1706198400000,-178.613281
1706212800000,-180.980469
1706227200000,-77.4335938
1706241600000,-152.289062
1706256000000,1014.72656
1706270400000,984.574219
1706284800000,1493.89062
1706299200000,1152.60938
1706313600000,1125.40234
1706328000000,997.082031
1706342400000,991.226562
1706356800000,1018.28125
1706371200000,1090.55469
1706385600000,1255.05469
1706400000000,1285.34375
1706414400000,1274.88281
1706428800000,1271.45312
1706443200000,971.046875
1706457600000,467.539062
1706472000000,675.664062
1706486400000,914.558594
1706500800000,600.972656
1706515200000,739.246094
1706529600000,1003.16406
1706544000000,1146.75
1706558400000,1391.30859
1706572800000,1425.27344
1706587200000,1203.51172
1706601600000,1315.36719
1706616000000,937.382812
1706630400000,1039.89844
1706644800000,372.640625
1706659200000,322.578125
1706673600000,436.464844
1706688000000,12.8476562
1706702400000,675.113281
1706716800000,532.890625
1706731200000,-237.453125
1706745600000,-766.972656
1706760000000,-556.59375
1706774400000,-637.574219
1706788800000,-170.242188
1706803200000,530.160156
1706817600000,374.726562
1706832000000,300.347656
1706846400000,351.546875
1706860800000,375.578125
1706875200000,437.519531
1706889600000,229.355469
1706904000000,367.492188
1706918400000,338.296875
1706932800000,216.191406
1706947200000,141.613281
1706961600000,266.394531
1706976000000,200.054688
1706990400000,155.460938
1707004800000,152.839844
1707019200000,-30.8007812
1707033600000,196.136719
1707048000000,56.6484375
1707062400000,-238.160156
1707076800000,-250.328125
1707091200000,-116.179688
1707105600000,236.75
1707120000000,356.246094
1707134400000,-244.054688
1707148800000,-100.0625
1707163200000,-144.769531
1707177600000,8.2265625
1707192000000,40.0078125
1707206400000,-10.609375
1707220800000,382.300781
1707235200000,402.898438
1707249600000,207.269531
1707264000000,-103.582031
1707278400000,-5.89453125
1707292800000,23.1015625
1707307200000,129.554688
1707321600000,624.449219
1707336000000,1161.26953
1707350400000,1196.89453
1707364800000,1125.07422
1707379200000,1216.98047
1707393600000,1643.61328
1707408000000,1339.28906
1707422400000,1237.01562
1707436800000,1693.63672
1707451200000,1710.40625
1707465600000,2269.92578
1707480000000,1637.09375
1707494400000,1726.71484
1707508800000,1280.46094
1707523200000,1490.28516
1707537600000,1246.49219
1707552000000,1235.08984
1707566400000,1351.30859
1707580800000,1482.12891
1707595200000,1563.67188
1707609600000,2187.41406
1707624000000,1741.29297
1707638400000,1842.82812
1707652800000,1480.67578
1707667200000,1550.92578
1707681600000,1513.79688
1707696000000,1181.20312
1707710400000,1172.28906
1707724800000,743.773438
1707739200000,2273.78125
1707753600000,1518.375
1707768000000,1810.76562
1707782400000,1559.41016
1707796800000,1719.64453
1707811200000,1577.16016
1707825600000,159.035156
1707840000000,449.890625
1707854400000,1069.10938
1707868800000,878.113281
1707883200000,1171.92578
1707897600000,2357.39453
1707912000000,2069.16406
1707926400000,2041.77344
1707940800000,2115.87891
1707955200000,2437.19922
1707969600000,1771.74609
1707984000000,2206.89844
1707998400000,1519.79688
1708012800000,1498.84375
1708027200000,1299.47656
1708041600000,1624.68359
1708056000000,1042.21484
1708070400000,1418.35547
1708084800000,952.242188
1708099200000,739.710938
1708113600000,1102.42188
1708128000000,928.355469
1708142400000,844.621094
1708156800000,609.132812
1708171200000,-105.046875
1708185600000,302.230469
1708200000000,539.992188
1708214400000,326.371094
1708228800000,497.496094
1708243200000,637.457031
1708257600000,532.167969
1708272000000,491.082031
1708286400000,818.023438
1708300800000,626.722656
1708315200000,937.652344
1708329600000,836.351562
1708344000000,559.53125
1708358400000,183.28125
1708372800000,125.238281
1708387200000,-29.96875
1708401600000,231.671875
1708416000000,660.28125
1708430400000,-52.5742188
1708444800000,393.570312
1708459200000,540.46875
1708473600000,244.90625
1708488000000,-204.03125
1708502400000,-758.683594
1708516800000,-490.90625
1708531200000,-521.382812
1708545600000,293.609375
1708560000000,11.59375
1708574400000,230.054688
1708588800000,5.9765625
1708603200000,0.2890625
1708617600000,-81.4023438
1708632000000,-298.566406
1708646400000,-466.207031
1708660800000,-616.402344
1708675200000,-299.71875
1708689600000,-557.484375
1708704000000,-360.527344
1708718400000,-691.519531
1708732800000,-557.683594
1708747200000,-306.21875
1708761600000,-240.035156
1708776000000,-253.40625
1708790400000,204.34375
1708804800000,191.933594
1708819200000,248.535156
1708833600000,333.503906
1708848000000,249.121094
1708862400000,81.0234375
1708876800000,237.226562
1708891200000,274.125
1708905600000,68.4804688
1708920000000,-191.808594
1708934400000,-364.726562
1708948800000,1259.31641
1708963200000,2205.83984
1708977600000,1860.58984
1708992000000,2415.35547
1709006400000,2476.80469
1709020800000,2686.71484
1709035200000,2296.69141
1709049600000,2609.21484
1709064000000,2185.60938
1709078400000,2025.59766
1709092800000,3088.25781
1709107200000,2918.38281
1709121600000,3683.16016
1709136000000,2194.33594
1709150400000,3462.64844
1709164800000,2410.67578
1709179200000,3213.57031
1709193600000,3252.28906
1709208000000,2809.34766
1709222400000,1508.51953
1709236800000,976.914062
1709251200000,901.882812
1709265600000,1185.96094
1709280000000,1578.69922
1709294400000,862.757812
1709308800000,1745.58594
1709323200000,1789.87891
1709337600000,1695.48828
1709352000000,1351.70312
1709366400000,1179.80078
1709380800000,1045.18359
1709395200000,1365.90234
1709409600000,1214.98438
1709424000000,1124.01172
1709438400000,736.710938
1709452800000,968.425781
1709467200000,1186.25391
1709481600000,1674.49609
1709496000000,1952.34766
1709510400000,1907.75391
1709524800000,2394.55859
1709539200000,3082.68359
1709553600000,3667.78516
1709568000000,3954.52734
1709582400000,4167.32031
1709596800000,3729.47656
1709611200000,1362.47656
1709625600000,1710.46875
1709640000000,1308.85156
1709654400000,-3230.33984
1709668800000,-766.503906
1709683200000,-1161.40625
1709697600000,2154.41797
1709712000000,2627.50391
1709726400000,1561.05469
1709740800000,1813.45703
1709755200000,1060.69141
1709769600000,817.453125
1709784000000,1338.96484
1709798400000,1800.73047
1709812800000,2002.53906
1709827200000,2157.77734
1709841600000,1449.24609
1709856000000,1703.10938
1709870400000,1806.90625
1709884800000,2233.14062
1709899200000,1573.91406
1709913600000,2607.74219
1709928000000,1736.60938
1709942400000,1835.17188
1709956800000,1842.10938
1709971200000,1833.35156
1709985600000,1775.88281
1710000000000,1680.02344
1710014400000,1755.69531
1710028800000,2405.91406
1710043200000,2461.13281
1710057600000,2524.30469
1710072000000,1953.95312
1710086400000,2099.45312
1710100800000,1539.40625
1710115200000,1033.99219
1710129600000,3038.47656
1710144000000,2836.89844
1710158400000,2800.69531
1710172800000,2624.21875
1710187200000,2642.6875
1710201600000,2059.79688
1710216000000,2454.33594
1710230400000,2300.625
1710244800000,1560.20312
1710259200000,1111.21094
1710273600000,1165.76562
1710288000000,1742.54688
1710302400000,2418.5625
1710316800000,2411.64062
1710331200000,1711.8125
1710345600000,2344.32812
1710360000000,1932.58594
1710374400000,2109.8125
1710388800000,1858.34375
1710403200000,1483.08594
1710417600000,-618.4375
1710432000000,-1768.875
1710446400000,214.039062
1710460800000,-2665.79688
1710475200000,-2210.3125
1710489600000,-2543.07812
1710504000000,-2025.84375
1710518400000,-1117.84375
1710532800000,-504.726562
1710547200000,-786.796875
1710561600000,-567.5
1710576000000,-1685.13281
1710590400000,-1441.64844
1710604800000,-2718.53906
1710619200000,-3879.77344
1710633600000,-2421.28906
1710648000000,-3114.66406
1710662400000,-1684.875
1710676800000,-632.84375
1710691200000,-40.3671875
1710705600000,-193.195312
1710720000000,-547.484375
1710734400000,-290.210938
1710748800000,-225.78125
1710763200000,-888.742188
1710777600000,-1383.51562
1710792000000,-678.429688
1710806400000,-2140.92969
1710820800000,-2970
1710835200000,-4030.57031
1710849600000,-2777.10938
1710864000000,-2256.74219
1710878400000,-4404.70312
1710892800000,-4225.69531
1710907200000,-2861.96094
1710921600000,-2336.34375
1710936000000,-1966.69531
1710950400000,355.125
1710964800000,2270.61719
1710979200000,967.59375
1710993600000,1254.33594
1711008000000,1270.0625
1711022400000,724.445312
1711036800000,-590.296875
1711051200000,-316.234375
1711065600000,184.75
1711080000000,369.8125
1711094400000,-1530.09375
1711108800000,-1603.875
1711123200000,-1493.79297
1711137600000,-1457.58203
1711152000000,-1616.78906
1711166400000,-554.773438
1711180800000,-485.761719
1711195200000,-9.33984375
1711209600000,-263.886719
1711224000000,-1130.80469
1711238400000,-1092.60156
1711252800000,-438.945312
1711267200000,309.980469
1711281600000,576.375
1711296000000,729.996094
1711310400000,1954.04688
1711324800000,1981.01953
1711339200000,1346.97656
1711353600000,1235.42188
1711368000000,3595.80469
1711382400000,4213.03125
1711396800000,2761.49219
1711411200000,3204.85156
1711425600000,3033.27344
1711440000000,3039.22656
1711454400000,2268.73438
1711468800000,1350.33594
1711483200000,1826.75781
1711497600000,2097.67969
1711512000000,1365.72656
1711526400000,1801.07812
1711540800000,36.2890625
1711555200000,-189.53125
1711569600000,653.710938
1711584000000,423.203125
1711598400000,1486.75
1711612800000,1644.92969
1711627200000,2014.85938
1711641600000,1439.54688
1711656000000,1419.73438
1711670400000,1030.78906
1711684800000,374.398438
1711699200000,672.5
1711713600000,-333.335938
1711728000000,199.6875
1711742400000,354.90625
1711756800000,297.695312
1711771200000,346.398438
1711785600000,673.890625
1711800000000,483.5
1711814400000,346.859375
1711828800000,37.5234375
1711843200000,327.828125
1711857600000,710.71875
1711872000000,758.40625
1711886400000,721.9375
1711900800000,1324.625
1711915200000,1493.94531
1711929600000,692.40625
1711944000000,-271.101562
1711958400000,-359.445312
1711972800000,-1463.51562
1711987200000,37.6640625
1712001600000,51.53125
1712016000000,-2338.00781
1712030400000,-2311.03125
1712044800000,-2761.85156
1712059200000,-3085.15625
1712073600000,-1890.69531
1712088000000,-2262.69531
1712102400000,-1329.47656
1712116800000,-1349.60938
1712131200000,-1335.3125
1712145600000,-1502.63281
1712160000000,-1471.35156
1712174400000,-1298.32031
1712188800000,-1555.32031
1712203200000,-1052.96875
1712217600000,-736.507812
1712232000000,519.84375
1712246400000,1187.39844
1712260800000,1111.88281
1712275200000,444.070312
1712289600000,-475.554688
1712304000000,-863.101562
1712318400000,842.648438
1712332800000,-20.96875
1712347200000,432.5625
1712361600000,375.460938
1712376000000,586.296875
1712390400000,239.367188
1712404800000,648.695312
1712419200000,776.734375
1712433600000,1293.82812
1712448000000,1682.46094
1712462400000,1587.53125
1712476800000,1519.71875
1712491200000,1565.35938
1712505600000,879.734375
1712520000000,1124.0625
1712534400000,1140.25781
1712548800000,2234.3125
1712563200000,3071.28125
1712577600000,2096.35938
1712592000000,1964.8125
1712606400000,1805.53906
1712620800000,1329.3125
1712635200000,334.53125
1712649600000,698.804688
1712664000000,-735.039062
1712678400000,-940.015625
1712692800000,-789.390625
1712707200000,-598.765625
1712721600000,-422.929688
1712736000000,-628.914062
1712750400000,-842.5625
1712764800000,567.289062
1712779200000,1067.78125
1712793600000,1245.70312
1712808000000,1092.42188
1712822400000,288.21875
1712836800000,222.460938
1712851200000,675.296875
1712865600000,189.640625
1712880000000,1167.17969
1712894400000,918.007812
1712908800000,981.414062
1712923200000,-596.023438
1712937600000,-2212.875
1712952000000,-1819.71094
1712966400000,-1684.85938
1712980800000,-1319.84375
1712995200000,-1390.46094
1713009600000,-1015.5625
1713024000000,-3350.51562
1713038400000,-2451.80469
1713052800000,-2742.22656
1713067200000,-1621.09375
1713081600000,-1837.14844
1713096000000,-1759.49219
1713110400000,-1571.04688
1713124800000,32.359375
1713139200000,-479.601562
1713153600000,617.773438
1713168000000,188.15625
1713182400000,-1042.74219
1713196800000,-2141.23438
1713211200000,-1905.49609
1713225600000,-2271.9375
1713240000000,-1559.55469
1713254400000,-1821.59766
1713268800000,-2930.29297
1713283200000,-1835.28906
1713297600000,-736.632812
1713312000000,-668.058594
1713326400000,-1195.97656
1713340800000,-1843.07812
1713355200000,-3526.18359
1713369600000,-2481.19922
1713384000000,-2129.58203
1713398400000,-1366.20703
1713412800000,-2089.00391
1713427200000,-610.125
1713441600000,312.949219
1713456000000,295.542969
1713470400000,275.648438
1713484800000,-1171.37109
1713499200000,1489.80078
1713513600000,1665.63672
1713528000000,1112.80078
1713542400000,919.84375
1713556800000,407.402344
1713571200000,532.285156
1713585600000,530.722656
1713600000000,266.007812
1713614400000,1353.87891
1713628800000,1332.56641
1713643200000,1373.17969
1713657600000,1554.84375
1713672000000,1462.46094
1713686400000,1504.98828
1713700800000,1249.23438
1713715200000,702.363281
1713729600000,1051.69531
1713744000000,1672.67188
1713758400000,1820.78906
1713772800000,1638.08594
1713787200000,1613.96875
1713801600000,1983.76953
1713816000000,2144.25781
1713830400000,1668.52734
1713844800000,1275.21875
1713859200000,1151.82031
1713873600000,1357.54688
1713888000000,1343.76953
1713902400000,1246.37891
1713916800000,1382.41016
1713931200000,1305.12891
1713945600000,1173.46484
1713960000000,-790.035156
1713974400000,-1314.37109
1713988800000,-914.328125
1714003200000,-872.191406
1714017600000,-1102.76172
1714032000000,-1154.77344
1714046400000,-670.722656
1714060800000,-42.4726562
1714075200000,-296.21875
1714089600000,-360.21875
1714104000000,-457.898438
1714118400000,-460.488281
1714132800000,-1100.74219
1714147200000,-801.382812
1714161600000,-766.851562
1714176000000,-1273.97266
1714190400000,-1358.52734
1714204800000,-1447.67188
1714219200000,-1298.17578
1714233600000,-845.824219
1714248000000,-728.507812
1714262400000,-108.769531
1714276800000,-231.890625
1714291200000,-630.445312
1714305600000,-560.253906
1714320000000,-322.105469
1714334400000,-860.351562
1714348800000,-1474.46094
1714363200000,-1164.45312
1714377600000,-1213.37109
1714392000000,-275.710938
1714406400000,-330.613281
1714420800000,498.273438
1714435200000,245.46875
1714449600000,-231.503906
1714464000000,-1875.64844
1714478400000,-2022.47266
1714492800000,-3067.125
1714507200000,-1485.22266
1714521600000,-1825.66406
1714536000000,-3825.91406
1714550400000,-2787.93359
1714564800000,-3460.42188
1714579200000,-2986.93359
1714593600000,-1504.55078
1714608000000,-2273.59766
1714622400000,-1979.01172
1714636800000,-982.605469
1714651200000,-209.390625
1714665600000,-102.96875
1714680000000,-398.929688
1714694400000,271.199219
1714708800000,-262.773438
1714723200000,-144.003906
1714737600000,1974.41797
1714752000000,2255.65625
1714766400000,2834.85156
1714780800000,2504.27344
1714795200000,2651.10938
1714809600000,3184.49219
1714824000000,2791.08984
1714838400000,3002.17188
1714852800000,2879.79688
1714867200000,2059.80859
1714881600000,2495.23828
1714896000000,2548.57031
1714910400000,2889.47266
1714924800000,2225.49219
1714939200000,2262.07031
1714953600000,2019.76953
1714968000000,2596.97656
1714982400000,1758.31641
1714996800000,975.175781
1715011200000,496.269531
1715025600000,406.488281
1715040000000,418.292969
1715054400000,856.550781
1715068800000,558.6875
1715083200000,743.617188
1715097600000,60.8125
1715112000000,-652.449219
1715126400000,-66.6757812
1715140800000,-725.175781
1715155200000,-670.675781
1715169600000,-568.675781
1715184000000,-638.613281
1715198400000,-1501.52734
1715212800000,-965.808594
1715227200000,-1340.86328
1715241600000,-1412.73047
1715256000000,-209.902344
1715270400000,92.1015625
1715284800000,649.257812
1715299200000,467.925781
1715313600000,614.894531
1715328000000,793.292969
1715342400000,-1408.35547
1715356800000,-1462.26562
1715371200000,-1303.50781
1715385600000,-1350.01172
1715400000000,-1030.50781
1715414400000,-1328.30078
1715428800000,-799.652344
1715443200000,-808.234375
1715457600000,-1110.12891
1715472000000,-998.035156
1715486400000,-1091.67969
1715500800000,-722.878906
1715515200000,-426.703125
1715529600000,-404.71875
1715544000000,-329.6875
1715558400000,-593.648438
1715572800000,582.542969
1715587200000,802.71875
1715601600000,987.582031
1715616000000,1063.89453
1715630400000,797.519531
1715644800000,286.910156
1715659200000,-153.042969
1715673600000,-361.28125
1715688000000,-300.027344
1715702400000,-434.09375
1715716800000,-445.777344
1715731200000,-50.8671875
1715745600000,195.101562
1715760000000,416.894531
1715774400000,2114.00781
1715788800000,3024.79688
1715803200000,3006.95703
1715817600000,2627.58594
1715832000000,2646.22656
1715846400000,2861.59375
1715860800000,1766.28125
1715875200000,981.304688
1715889600000,1011.73438
1715904000000,1305.16016
1715918400000,1974.08594
1715932800000,1696.63672
1715947200000,2304.5625
1715961600000,1971.15625
1715976000000,1868.85547
1715990400000,1754.16406
1716004800000,1625.90625
1716019200000,1851.51953
1716033600000,1357.00781
1716048000000,1433.01562
1716062400000,1390.03906
1716076800000,1557.79688
1716091200000,1671.14844
1716105600000,1463.25781
1716120000000,937.234375
1716134400000,16.2578125
1716148800000,245.867188
1716163200000,612.046875
1716177600000,690.867188
1716192000000,800.34375
1716206400000,1114.95312
1716220800000,2916.08594
1716235200000,3532.07812
1716249600000,2990.32812
1716264000000,2343.07031
1716278400000,2457.77344
1716292800000,994.296875
1716307200000,339.671875
1716321600000,1186.98438
1716336000000,957.46875
1716350400000,673.195312
1716364800000,652.992188
1716379200000,1274.28125
1716393600000,409.953125
1716408000000,-74.75
1716422400000,192.304688
1716436800000,463.8125
1716451200000,695.695312
1716465600000,-1081.08594
1716480000000,-1830.72656
1716494400000,-783.335938
1716508800000,-867.75
1716523200000,-1514.40625
1716537600000,-1274.42188
1716552000000,-255.890625
1716566400000,536.90625
1716580800000,-26.875
1716595200000,179.5
1716609600000,152.992188
1716624000000,487.320312
1716638400000,311.648438
1716652800000,534.265625
1716667200000,644.304688
1716681600000,422.773438
1716696000000,658.054688
1716710400000,424.992188
1716724800000,124.40625
1716739200000,154
1716753600000,-223.421875
1716768000000,165.789062
1716782400000,-65.7578125
1716796800000,-276.953125
1716811200000,1513.84375
1716825600000,279.546875
1716840000000,415.679688
1716854400000,-881.921875
1716868800000,-1161.05469
1716883200000,-426.507812
1716897600000,-363.359375
1716912000000,-237.164062
1716926400000,-261.992188
1716940800000,174.484375
1716955200000,-708.546875
1716969600000,-827.710938
1716984000000,-1071.53906
1716998400000,-1129.03125
1717012800000,-738.757812
1717027200000,-214.5625
1717041600000,-711.695312
1717056000000,-447.679688
1717070400000,296.359375
1717084800000,354.375
1717099200000,31.5703125
1717113600000,170.976562
1717128000000,-177.476562
1717142400000,-4.9765625
1717156800000,-1037.78906
1717171200000,-516.429688
1717185600000,-595.445312
1717200000000,-383.992188
1717214400000,-470.15625
1717228800000,-407.75
1717243200000,-379.101562
1717257600000,-297.523438
1717272000000,-286.914062
1717286400000,-261.632812
1717300800000,-331.203125
1717315200000,233.226562
1717329600000,118.132812
1717344000000,-264.234375
1717358400000,-240
1717372800000,389.015625
1717387200000,778.539062
1717401600000,898.578125
1717416000000,1083.96875
1717430400000,630.46875
1717444800000,198.609375
1717459200000,537.484375
1717473600000,356.359375
1717488000000,279.734375
1717502400000,1580
1717516800000,1310.66406
1717531200000,1339.29688
1717545600000,1631.98438
1717560000000,1747.60938
1717574400000,1409.79688
1717588800000,1703.29688
1717603200000,1227.21094
1717617600000,979.492188
1717632000000,924.5625
1717646400000,867.789062
1717660800000,986.796875
1717675200000,848.070312
1717689600000,-77.890625
1717704000000,229.960938
1717718400000,426.625
1717732800000,489.992188
1717747200000,1065.70312
1717761600000,312.804688
1717776000000,-1304.99219
1717790400000,-1175.83594
1717804800000,-1080.76562
1717819200000,-898.28125
1717833600000,-1058.92188
1717848000000,-1010.26562
1717862400000,-956.46875
1717876800000,-1091.90625
1717891200000,-1125.64062
1717905600000,-1057.61719
1717920000000,-971.328125
1717934400000,-773.757812
1717948800000,-538.929688
1717963200000,-573.6875
1717977600000,-592.570312
1717992000000,-850.054688
1718006400000,-651.226562
1718020800000,-60.296875
1718035200000,-583.539062
1718049600000,-533.140625
1718064000000,-1347.96875
1718078400000,-1946.65625
1718092800000,-2337.35938
1718107200000,-2597.51562
1718121600000,-1307.28125
1718136000000,-1320.83594
1718150400000,-1183.42969
1718164800000,-1101.90625
1718179200000,-740.0625
1718193600000,1080.66406
1718208000000,-1018.63281
1718222400000,-306.109375
1718236800000,-1025.875
1718251200000,-732.296875
1718265600000,-688.046875
1718280000000,-1751.53906
1718294400000,-1544.70312
1718308800000,-1338.375
1718323200000,-1333.85938
1718337600000,-1128.14062
1718352000000,-975.539062
1718366400000,-1517.60156
1718380800000,-1975.76562
1718395200000,-1386.03125
1718409600000,-1140.6875
1718424000000,-1324.02344
1718438400000,-1048.92969
1718452800000,-1028.45312
1718467200000,-1167.40625
1718481600000,-1080.47656
1718496000000,-1154.15625
1718510400000,-1017.03125
1718524800000,-749.234375
1718539200000,-510.664062
1718553600000,-659.21875
1718568000000,-494.679688
1718582400000,-903.976562
1718596800000,-888.132812
1718611200000,-1090.52344
1718625600000,-1317.60938
1718640000000,56.5
1718654400000,-87.734375
1718668800000,-842.375
1718683200000,-626.25
1718697600000,-872.804688
1718712000000,-1263.10938
1718726400000,-1423.09375
1718740800000,-634.617188
1718755200000,-346.851562
1718769600000,-398.859375
1718784000000,-497.9375
1718798400000,-721.90625
1718812800000,-733.242188
1718827200000,-620.992188
1718841600000,-377.734375
1718856000000,274.453125
1718870400000,562.40625
1718884800000,-752.554688
1718899200000,-494.464844
1718913600000,-650.75
1718928000000,-999.035156
1718942400000,-1249.34375
1718956800000,-1410.28906
1718971200000,-1252.17578
1718985600000,-695.078125
1719000000000,-783.699219
1719014400000,-591.617188
1719028800000,-389.796875
1719043200000,-616.867188
1719057600000,-577.574219
1719072000000,-578.796875
1719086400000,-602.042969
1719100800000,-420.910156
1719115200000,-452.535156
1719129600000,-504.429688
1719144000000,-733.980469
1719158400000,-674.890625
1719172800000,-1369.76562
1719187200000,-1455.98438
1719201600000,-1581.00391
1719216000000,-1919.70703
1719230400000,-2081.0625
1719244800000,-2806.11328
1719259200000,-1400.48828
1719273600000,-335.296875
1719288000000,-932.222656
1719302400000,-380.296875
1719316800000,218.941406
1719331200000,378.160156
1719345600000,200.496094
1719360000000,302.980469
1719374400000,98.5078125
1719388800000,-149.324219
1719403200000,-115.058594
1719417600000,-583.636719
1719432000000,-697.75
1719446400000,-515.078125
1719460800000,-722.71875
1719475200000,-314.511719
1719489600000,25.2890625
1719504000000,-86.90625
1719518400000,143.957031
1719532800000,272.824219
1719547200000,-221.714844
1719561600000,124.539062
1719576000000,-461.484375
1719590400000,-1256.00391
1719604800000,-898.03125
1719619200000,-518.492188
1719633600000,-177.734375
1719648000000,-126.640625
1719662400000,-124.046875
1719676800000,-173.707031
1719691200000,-241.726562
1719705600000,-311.855469
1719720000000,289.78125
1719734400000,291.839844
1719748800000,451.074219
1719763200000,724.84375
1719777600000,1283.95312
1719792000000,1733.89453
1719806400000,1504.77734
1719820800000,768.941406
1719835200000,1168.57031
1719849600000,1115.97656
1719864000000,727.613281
1719878400000,920.34375
1719892800000,403.398438
1719907200000,571.050781
1719921600000,-328.863281
1719936000000,-319.265625
1719950400000,-133.332031
1719964800000,-1060.91406
1719979200000,-1073.37109
1719993600000,-1250.92969
1720008000000,-1346.39453
1720022400000,-1724.97266
1720036800000,-1098.04688
1720051200000,-1738.73828
1720065600000,-2408.16016
1720080000000,-2356.73438
1720094400000,-1680.28516
1720108800000,-1447.45703
1720123200000,-2529.13672
1720137600000,-3735.46484
1720152000000,-3684.41406
1720166400000,-2296.01172
1720180800000,-954.347656
1720195200000,-1077.64062
1720209600000,-887.378906
1720224000000,-1063.50781
1720238400000,-849.851562
1720252800000,-716.003906
1720267200000,-117.1875
1720281600000,405.019531
1720296000000,741.667969
1720310400000,464.789062
1720324800000,-127.984375
1720339200000,-29.5234375
1720353600000,-631.253906
1720368000000,-305.210938
1720382400000,-1434.44141
1720396800000,-1838.13281
1720411200000,-1018.67969
1720425600000,258.609375
1720440000000,-1037.49609
1720454400000,-254.011719
1720468800000,-7.3984375
1720483200000,431.78125
1720497600000,350.03125
1720512000000,649.941406
1720526400000,617.75
1720540800000,967.605469
1720555200000,1094.03125
1720569600000,1219.76562
1720584000000,1788.74609
1720598400000,1208.09766
1720612800000,342.453125
1720627200000,26.6601562
1720641600000,368.582031
1720656000000,163.121094
1720670400000,791.921875
1720684800000,1299.87891
1720699200000,-196.207031
1720713600000,-196.292969
1720728000000,-243.101562
1720742400000,-603.640625
1720756800000,-395.203125
1720771200000,-272.570312
1720785600000,670.636719
1720800000000,41.5117188
1720814400000,339.003906
1720828800000,259.746094
1720843200000,596.367188
1720857600000,931
1720872000000,1174.42188
1720886400000,921.851562
1720900800000,1301.44531
1720915200000,1440.25391
1720929600000,1805.58594
1720944000000,1779.34766
1720958400000,1623.52344
1720972800000,1420.01172
1720987200000,1934.60547
1721001600000,3419.22656
1721016000000,3341.06641
1721030400000,2694.96484
1721044800000,3014.41797
1721059200000,2942.00781
1721073600000,3873.92188
1721088000000,3707.02734
1721102400000,1531.05859
1721116800000,2212.83594
1721131200000,2913.46094
1721145600000,2851.31641
1721160000000,2521.5
1721174400000,2959.20703
1721188800000,2344
1721203200000,1666.89062
1721217600000,1517.60547
1721232000000,1243.50391
1721246400000,696.375
1721260800000,1396.50781
1721275200000,1138.21484
1721289600000,1166.81641
1721304000000,-104.332031
1721318400000,-84.7539062
1721332800000,346.503906
1721347200000,679.125
1721361600000,41.9726562
1721376000000,422.285156
1721390400000,1912.91406
1721404800000,2834.27344
1721419200000,2145.85547
1721433600000,2027.13672
1721448000000,1960.82422
1721462400000,1848.62109
1721476800000,2123.83203
1721491200000,2226.59375
1721505600000,2032.63281
1721520000000,2058.71875
1721534400000,1440.25391
1721548800000,1584.57812
1721563200000,1696.52344
1721577600000,1610.22656
1721592000000,2101.16406
1721606400000,1689.00781
1721620800000,978.171875
1721635200000,1176.82812
1721649600000,617.296875
1721664000000,1633.47656
1721678400000,873.671875
1721692800000,796.742188
1721707200000,-98.84375
1721721600000,-21.7265625
1721736000000,-96.484375
1721750400000,-1074.26562
1721764800000,-631.585938
1721779200000,-490.742188
1721793600000,-462.257812
1721808000000,-142
1721822400000,-343.210938
1721836800000,-807.632812
1721851200000,-1041.91406
1721865600000,-2114.88281
1721880000000,-1997.69531
1721894400000,-1896.07812
1721908800000,-975.96875
1721923200000,-959.492188
1721937600000,155.390625
1721952000000,1315.72656
1721966400000,1137.40625
1721980800000,1480.84375
1721995200000,1515.75
1722009600000,1895.96875
1722024000000,1751.17969
1722038400000,1609.64062
1722052800000,1809.73438
1722067200000,1948.79688
1722081600000,2116.42969
1722096000000,1297.53125
1722110400000,591.53125
1722124800000,614.359375
1722139200000,198.664062
1722153600000,478.367188
1722168000000,292.476562
1722182400000,738.40625
1722196800000,851.289062
1722211200000,1809.28125
1722225600000,1826.44531
1722240000000,1763.39844
1722254400000,70.8203125
1722268800000,-609.078125
1722283200000,-1086.95312
1722297600000,-1111.91406
1722312000000,-727.664062
1722326400000,-1079.8125
1722340800000,-1217.25781
1722355200000,-1416.54688
1722369600000,-1049.47656
1722384000000,-1166.45312
1722398400000,-958.015625
1722412800000,-1026.09375
1722427200000,-697.515625
1722441600000,-1644.75781
1722456000000,-2064.00781
1722470400000,-2586.39062
1722484800000,-2053.82812
1722499200000,-1648.46875
1722513600000,-3002.85938
1722528000000,-2211.1875
1722542400000,-174.464844
1722556800000,-885.4375
1722571200000,-1301.39062
1722585600000,-764.625
1722600000000,-1691.07422
1722614400000,-2276.53906
1722628800000,-2932.73438
1722643200000,-2285.69141
1722657600000,-2430.26562
1722672000000,-2111.53906
1722686400000,-3051.59766
1722700800000,-3149.88281
1722715200000,-2450.42188
1722729600000,-2401.57422
1722744000000,-2698.01953
1722758400000,-2082.44141
1722772800000,-3461.08594
1722787200000,-2524.74609
1722801600000,-3370.21875
1722816000000,-5757.69141
1722830400000,-5091.91406
1722844800000,-5945.58984
1722859200000,-2104.85156
1722873600000,-2801.23438
1722888000000,-2167.50781
1722902400000,-491.644531
1722916800000,-105.21875
1722931200000,-875.308594
1722945600000,308.375
1722960000000,638.976562
1722974400000,-94.7773438
1722988800000,726.996094
1723003200000,774.554688
1723017600000,726.648438
1723032000000,-173.941406
1723046400000,-1465.14844
1723060800000,-1001.89062
1723075200000,907.503906
1723089600000,996.691406
1723104000000,1092.86719
1723118400000,2956.63672
1723132800000,2813.15625
1723147200000,4642.80078
1723161600000,4186.60938
1723176000000,3588.25
1723190400000,3128.96094
1723204800000,1894.02344
1723219200000,2641.39844
1723233600000,2613.69141
1723248000000,2099.57031
1723262400000,2497.44141
1723276800000,2486.21875
1723291200000,2034.73828
1723305600000,2427.98438
1723320000000,2277.00391
1723334400000,2388.27344
1723348800000,2525.375
1723363200000,1768.80078
1723377600000,1143.95703
1723392000000,601.523438
1723406400000,-286.324219
1723420800000,-482.183594
1723435200000,-234.070312
1723449600000,882.574219
1723464000000,1157.25781
1723478400000,-59.34375
1723492800000,250.757812
1723507200000,-55.96875
1723521600000,136.265625
1723536000000,-271.507812
1723550400000,360.214844
1723564800000,1351.62891
1723579200000,1064.29688
1723593600000,1421.85547
1723608000000,1355.06641
1723622400000,1640.33984
1723636800000,-284.074219
1723651200000,-767.265625
1723665600000,-972.117188
1723680000000,-1168.50391
1723694400000,-1485.87891
1723708800000,-739.042969
1723723200000,207.734375
1723737600000,-2103.01172
1723752000000,-1406.37891
1723766400000,-1010.98047
1723780800000,-415.835938
1723795200000,-445.59375
1723809600000,-701.445312
1723824000000,869.144531
1723838400000,79.5976562
1723852800000,350.574219
1723867200000,422.820312
1723881600000,307.136719
1723896000000,518.199219
1723910400000,593.699219
1723924800000,624.175781
1723939200000,409.839844
1723953600000,636.175781
1723968000000,1041.79688
1723982400000,842.515625
1723996800000,673.332031
1724011200000,-609.648438
1724025600000,-225.28125
1724040000000,-452.890625
1724054400000,-507.144531
1724068800000,-310.203125
1724083200000,104.441406
1724097600000,571.683594
1724112000000,1613.96484
1724126400000,1794.89844
1724140800000,1288.51562
1724155200000,-476.226562
1724169600000,220.621094
1724184000000,-280.136719
1724198400000,30.8164062
1724212800000,430.796875
1724227200000,48.8164062
1724241600000,171.816406
1724256000000,1951.66797
1724270400000,1347.26172
1724284800000,707.367188
1724299200000,1108.94531
1724313600000,1380.38281
1724328000000,385.671875
1724342400000,258.175781
1724356800000,328.160156
1724371200000,512.171875
1724385600000,915.292969
1724400000000,534.207031
1724414400000,1108.9375
1724428800000,2773.26172
1724443200000,2871.61719
1724457600000,2550.35156
1724472000000,2884.84375
1724486400000,2342.80469
1724500800000,2311.25
1724515200000,2401.42578
1724529600000,2244.47656
1724544000000,2002.78125
1724558400000,1721.72656
1724572800000,1665.63281
1724587200000,1851.16016
1724601600000,1875.96094
1724616000000,1609.46094
1724630400000,1402.04688
1724644800000,851.957031
1724659200000,1008.83594
1724673600000,607.933594
1724688000000,370.351562
1724702400000,-152.070312
1724716800000,-3.94921875
1724731200000,-81.4335938
1724745600000,-515.394531
1724760000000,-986.476562
1724774400000,-558.980469
1724788800000,-2501.58594
1724803200000,-2107.52344
1724817600000,-2845.01172
1724832000000,-1322.47656
1724846400000,-1918.57812
1724860800000,-1650.71484
1724875200000,-1453.05859
1724889600000,-1298.74609
1724904000000,-844.4375
1724918400000,-363.203125
1724932800000,366.527344
1724947200000,-1061.07812
1724961600000,-931.890625
1724976000000,-1221.71484
1724990400000,-943.839844
1725004800000,-794.511719
1725019200000,-1863.69531
1725033600000,-1108.92578
1725048000000,-674.652344
1725062400000,-557.140625
1725076800000,-686.652344
1725091200000,-643.847656
1725105600000,-724.796875
1725120000000,-857.710938
1725134400000,-742.945312
1725148800000,-1156.32812
1725163200000,-1000.05859
1725177600000,-1167.83203
1725192000000,-960.417969
1725206400000,-601.859375
1725220800000,-1695.50781
1725235200000,-1156.83594
1725249600000,-1314.46094
1725264000000,-349.128906
1725278400000,-194.285156
1725292800000,-306.203125
1725307200000,374.878906
1725321600000,313.152344
1725336000000,298.875
1725350400000,253.738281
1725364800000,-985.503906
1725379200000,-631.761719
1725393600000,-1164.61719
1725408000000,-1650.60156
1725422400000,-1416.98047
1725436800000,-1536.60547
1725451200000,96.578125
1725465600000,12.8945312
1725480000000,-75.8046875
1725494400000,-878.734375
1725508800000,-748.070312
1725523200000,-1118.62109
1725537600000,-1623.67578
1725552000000,-1421.45312
1725566400000,-1246.88672
1725580800000,-816.292969
1725595200000,-1523.29297
1725609600000,-1249.41016
1725624000000,-2694.03516
1725638400000,-2903.96484
1725652800000,-2200.46484
1725667200000,-2318.08594
1725681600000,-1765.60938
1725696000000,-1677.11719
1725710400000,-1174.90625
1725724800000,-1477.69141
1725739200000,-1701.70703
1725753600000,-1414.07812
1725768000000,-1338.30859
1725782400000,-1192.55469
1725796800000,-1990.93359
1725811200000,-1280.96094
1725825600000,-634.570312
1725840000000,-370.722656
1725854400000,-493.8125
1725868800000,-168.722656
1725883200000,-50.4257812
1725897600000,1511.34766
1725912000000,1250.49219
1725926400000,696.554688
1725940800000,1343.16797
1725955200000,1301.98047
1725969600000,548.480469
1725984000000,1822.04688
1725998400000,1461.09375
1726012800000,520.667969
1726027200000,406.707031
1726041600000,489.398438
1726056000000,356.226562
1726070400000,1129.41797
1726084800000,855.0625
1726099200000,1619.08594
1726113600000,1465.4375
1726128000000,1304.90234
1726142400000,604.894531
1726156800000,1435.00391
1726171200000,1104.70703
1726185600000,792.425781
1726200000000,1045.32422
1726214400000,773.199219
1726228800000,2272.53516
1726243200000,2035.46484
1726257600000,2592.10156
1726272000000,2197.1875
1726286400000,1925.27734
1726300800000,1458.21875
1726315200000,1567.95703
1726329600000,1411.625
1726344000000,1534.05859
1726358400000,1659.13281
1726372800000,1640.18359
1726387200000,1422.30859
1726401600000,1676.56641
1726416000000,1076.52344
1726430400000,246.917969
1726444800000,-276.3125
1726459200000,62.953125
1726473600000,-170.582031
1726488000000,-861.542969
1726502400000,-704.914062
1726516800000,-401.785156
1726531200000,-522.398438
1726545600000,127.777344
1726560000000,487.070312
1726574400000,2067.95312
1726588800000,743.925781
1726603200000,1029.71094
1726617600000,1176.90234
1726632000000,1066.6875
1726646400000,429.734375
1726660800000,3.48828125
1726675200000,467.679688
1726689600000,2057.12109
1726704000000,2086.72266
1726718400000,2010.01953
1726732800000,2387.62109
1726747200000,2424.44922
1726761600000,2276.875
1726776000000,1878.05859
1726790400000,2547.73438
1726804800000,2157.27734
1726819200000,1957.75391
1726833600000,1474.53516
1726848000000,1115.37891
1726862400000,1497.29688
1726876800000,1128.26953
1726891200000,1294.73828
1726905600000,1290.59375
1726920000000,1340.40625
1726934400000,1343.75
1726948800000,1451.17969
1726963200000,1152.97656
1726977600000,942.089844
1726992000000,743.03125
1727006400000,589.554688
1727020800000,1047.53516
1727035200000,1262.19141
1727049600000,1700.10156
1727064000000,793.144531
1727078400000,648.421875
1727092800000,752.972656
1727107200000,409.390625
1727121600000,420.296875
1727136000000,197.070312
1727150400000,612.984375
1727164800000,463.867188
1727179200000,106.945312
1727193600000,1184.85938
1727208000000,1020.24219
1727222400000,1101.82812
1727236800000,435.933594
1727251200000,416.144531
1727265600000,69.90625
1727280000000,-229.917969
1727294400000,-270.324219
1727308800000,111.253906
1727323200000,445.789062
1727337600000,920.789062
1727352000000,1380.94141
1727366400000,752.214844
1727380800000,1166.41016
1727395200000,1313.82812
1727409600000,1371.88281
1727424000000,1231.94531
1727438400000,1495.37891
1727452800000,1050.49219
1727467200000,1139.13281
1727481600000,1416.41797
1727496000000,1141.33984
1727510400000,1090.63281
1727524800000,875.039062
1727539200000,961.441406
1727553600000,1055.03906
1727568000000,979.621094
1727582400000,618.78125
1727596800000,832.480469
1727611200000,834.820312
1727625600000,1015.48828
1727640000000,617.183594
1727654400000,-388.710938
1727668800000,-365.53125
1727683200000,-853.398438
1727697600000,-1020.61328
1727712000000,-998.695312
1727726400000,-1067.85938
1727740800000,-590.546875
1727755200000,-237.722656
1727769600000,-512.4375
1727784000000,-1167.89844
1727798400000,-1699.18359
1727812800000,-2265.75
1727827200000,-1243.91797
1727841600000,-1205.76562
1727856000000,-1680.94531
1727870400000,-789.75
1727884800000,-2235.01172
1727899200000,-1711.53516
1727913600000,-831.886719
1727928000000,-1345.50391
1727942400000,-1372.08594
1727956800000,-1279.75
1727971200000,-794.945312
1727985600000,-1066.55078
1728000000000,-816.847656
1728014400000,-318.074219
1728028800000,-300.011719
1728043200000,160.285156
1728057600000,619.96875
1728072000000,339.410156
1728086400000,110.332031
1728100800000,307.09375
1728115200000,402.472656
1728129600000,374.753906
1728144000000,59.1640625
1728158400000,258.144531
1728172800000,72.2382812
1728187200000,146.554688
1728201600000,285.832031
1728216000000,842.765625
1728230400000,690.386719
1728244800000,839.34375
1728259200000,1294.91406
1728273600000,1249.29297
1728288000000,724.417969
1728302400000,1005.40625
1728316800000,660.859375
1728331200000,-491.726562
1728345600000,-62.4492188
1728360000000,-360.191406
1728374400000,-41.640625
1728388800000,-360.066406
1728403200000,-366.484375
1728417600000,-453.191406
1728432000000,-210.238281
1728446400000,-313.171875
1728460800000,-380
1728475200000,-190.003906
1728489600000,-1361.20703
1728504000000,-1593.78516
1728518400000,-1293.01953
1728532800000,-1224.58594
1728547200000,-777.519531
1728561600000,-1115.90234
1728576000000,-1840.95312
1728590400000,-1132.88281
1728604800000,-813.332031
1728619200000,-704.738281
1728633600000,-181.132812
1728648000000,832.113281
1728662400000,1485.8125
1728676800000,858.03125
1728691200000,842.875
1728705600000,1020.94922
1728720000000,1164.57031
1728734400000,1318.16016
1728748800000,1113.23438
1728763200000,1271.63672
1728777600000,742.308594
1728792000000,859.460938
1728806400000,546.746094
1728820800000,172.308594
1728835200000,651.460938
1728849600000,741.191406
1728864000000,1951.04688
1728878400000,1918.26953
1728892800000,1891.57422
1728907200000,2223.24219
1728921600000,2063.95312
1728936000000,1965.01953
1728950400000,1196.38672
1728964800000,1388.90625
1728979200000,1079.89844
1728993600000,998.300781
1729008000000,1781.84766
1729022400000,1812.0625
1729036800000,1744.47266
1729051200000,1555.875
1729065600000,2108.46875
1729080000000,1710.54688
1729094400000,1583.34375
1729108800000,1414.75781
1729123200000,1343.83594
1729137600000,991.03125
1729152000000,541.804688
1729166400000,1173.47656
1729180800000,360.3125
1729195200000,923.773438
1729209600000,971.367188
1729224000000,1319.10156
1729238400000,1034.09375
1729252800000,1814.79688
1729267200000,1534.71875
1729281600000,1302.07812
1729296000000,1304.11719
1729310400000,1183.01562
1729324800000,877.03125
1729339200000,1008.05469
1729353600000,947.09375
1729368000000,1127.15625
1729382400000,917.929688
1729396800000,1070.89844
1729411200000,1110.21875
1729425600000,1197.45312
1729440000000,1048.6875
1729454400000,1286.33594
1729468800000,1063.32812
1729483200000,564.742188
1729497600000,279.859375
1729512000000,-537.164062
1729526400000,-65.109375
1729540800000,-456.75
1729555200000,-377.59375
1729569600000,-380.789062
1729584000000,-433.289062
1729598400000,-369.226562
1729612800000,-138.5625
1729627200000,-193.898438
1729641600000,-536.101562
1729656000000,-740.898438
1729670400000,-1030.79688
1729684800000,-1054.51562
1729699200000,-552.921875
1729713600000,-331.40625
1729728000000,216.5625
1729742400000,110.140625
1729756800000,282.335938
1729771200000,607.585938
1729785600000,1147.67969
1729800000000,951.804688
1729814400000,714.109375
1729828800000,219.195312
1729843200000,780.515625
1729857600000,306.4375
1729872000000,-497.945312
1729886400000,-558.554688
1729900800000,-312.382812
1729915200000,-182.382812
1729929600000,-45.5078125
1729944000000,-297.554688
1729958400000,-2.96875
1729972800000,-89.2890625
1729987200000,84.5625
1730001600000,-1.9921875
1730016000000,-73.8515625
1730030400000,578.421875
1730044800000,583.210938
1730059200000,716.570312
1730073600000,376.179688
1730088000000,997.40625
1730102400000,1259.10156
1730116800000,739.515625
1730131200000,1573.83594
1730145600000,1650.74219
1730160000000,2254.32812
1730174400000,2226.73438
1730188800000,2495.07812
1730203200000,2717.71875
1730217600000,2169.49219
1730232000000,2248.07031
1730246400000,1640.27344
1730260800000,1599.17969
1730275200000,1294.38281
1730289600000,1213.75781
1730304000000,942.53125
1730318400000,1345.71875
1730332800000,1287.98438
1730347200000,1307.9375
1730361600000,1084.75781
1730376000000,-523.921875
1730390400000,-1032.625
1730404800000,-781.078125
1730419200000,-1563.51562
1730433600000,-1622.42969
1730448000000,-800.820312
1730462400000,-1259.74219
1730476800000,-1246.60156
1730491200000,-976.59375
1730505600000,-852.234375
1730520000000,-625.578125
1730534400000,-823.789062
1730548800000,-993.226562
1730563200000,-855.578125
1730577600000,-974.21875
1730592000000,-1759.75
1730606400000,-1715.60156
1730620800000,-1686.125
1730635200000,-1720.10938
1730649600000,-1018.32031
1730664000000,-866.039062
1730678400000,-569.117188
1730692800000,-989.554688
1730707200000,-765.3125
1730721600000,-799.179688
1730736000000,-1342.21094
1730750400000,-1114.03906
1730764800000,-666.414062
1730779200000,13.1640625
1730793600000,-53.15625
1730808000000,636.46875
1730822400000,-64.875
1730836800000,302.53125
1730851200000,3827.58594
1730865600000,2214.64062
1730880000000,2889.99219
1730894400000,2620.04688
1730908800000,3830.32812
1730923200000,3321.47656
1730937600000,2619.96094
1730952000000,2266
1730966400000,2177.10156
1730980800000,3371.00781
1730995200000,3396.15625
1731009600000,2543.04688
1731024000000,2507.30469
1731038400000,2732.67969
1731052800000,2423.48438
1731067200000,2715.23438
1731081600000,2889.23438
1731096000000,2300.61719
1731110400000,2077.57031
1731124800000,2225.92188
1731139200000,2150.125
1731153600000,1910.19531
1731168000000,1683.96875
1731182400000,2038.07812
1731196800000,2316.25
1731211200000,2733.03125
1731225600000,3397.00781
1731240000000,2898.39844
1731254400000,2494.51562
1731268800000,2801.35156
1731283200000,3817.54688
1731297600000,3198.58594
1731312000000,3865.72656
1731326400000,4702.10938
1731340800000,5525.38281
1731355200000,6603.07031
1731369600000,5465.82031
1731384000000,5712.875
1731398400000,3253.95312
1731412800000,2395.90625
1731427200000,4171.11719
1731441600000,3137.64062
1731456000000,2251.96094
1731470400000,2404.45312
1731484800000,2641.3125
1731499200000,6372.71875
1731513600000,3256.58594
1731528000000,3212.35938
1731542400000,2673.79688
1731556800000,3428.84375
1731571200000,3865.01562
1731585600000,97.46875
1731600000000,1591.09375
1731614400000,-580.320312
1731628800000,329.351562
1731643200000,-217.296875
1731657600000,1840.96875
1731672000000,402.210938
1731686400000,2246.76562
1731700800000,2788.27344
1731715200000,2960.82031
1731729600000,2812.54688
1731744000000,2800.16406
1731758400000,2048.53906
1731772800000,2600.14062
1731787200000,1991.10938
1731801600000,1594.25781
1731816000000,1787.78906
1731830400000,1855.10156
1731844800000,1334.95312
1731859200000,1085
1731873600000,820.257812
1731888000000,1583.35156
1731902400000,2433.28906
1731916800000,786.21875
1731931200000,2474.00781
1731945600000,590.523438
1731960000000,354.578125
1731974400000,1279.40625
1731988800000,1408.45312
1732003200000,1384.5
1732017600000,1903.85938
1732032000000,2290.96094
1732046400000,1247.5
1732060800000,942.984375
1732075200000,1704.4375
1732089600000,2217.10938
1732104000000,2898.29688
1732118400000,1918.53906
1732132800000,2121.89844
1732147200000,3369.03906
1732161600000,3788.82031
1732176000000,4360.42188
1732190400000,2737.61719
1732204800000,3567.53125
1732219200000,3929.64062
1732233600000,4208.78906
1732248000000,4271.25781
1732262400000,3794.71875
1732276800000,3255.14844
1732291200000,3491.19531
1732305600000,3135.70312
1732320000000,2893.26562
1732334400000,2750.28906
1732348800000,2572.33594
1732363200000,2544.03906
1732377600000,1373.53906
1732392000000,1462.4375
1732406400000,1955.85156
1732420800000,2105.625
1732435200000,890.335938
1732449600000,-519.359375
1732464000000,-100.070312
1732478400000,1458.74219
1732492800000,1421.39062
1732507200000,1537.00781
1732521600000,1558.8125
1732536000000,-675
1732550400000,-1848.85156
1732564800000,-3177.92188
1732579200000,-1571.34375
1732593600000,-2252.21875
1732608000000,-3235.55469
1732622400000,-2537.74219
1732636800000,-3391
1732651200000,-2900.95312
1732665600000,-2108.79688
1732680000000,-1069.71094
1732694400000,-1241.60156
1732708800000,1000.25781
1732723200000,1934.4375
1732737600000,1000.25781
1732752000000,547.023438
1732766400000,345.71875
1732780800000,477.203125
1732795200000,-8.59375
1732809600000,103.117188
1732824000000,605.945312
1732838400000,1509.38281
1732852800000,515.867188
1732867200000,2018.35156
1732881600000,2460.00781
1732896000000,1560.72656
1732910400000,1618.89844
1732924800000,755.773438
1732939200000,870.148438
1732953600000,313.09375
1732968000000,697.59375
1732982400000,1050.02344
1732996800000,447.25
1733011200000,313.90625
1733025600000,475.289062
1733040000000,1069.17188
1733054400000,936.828125
1733068800000,1024.74219
1733083200000,1021.39844
1733097600000,193.414062
1733112000000,-290.523438
1733126400000,-1113.17969
1733140800000,846.742188
1733155200000,-377.507812
1733169600000,-329.820312
1733184000000,-74.1484375
1733198400000,-602.34375
1733212800000,-1101.08594
1733227200000,-215.890625
1733241600000,-423.15625
1733256000000,36.1171875
1733270400000,-51.4921875
1733284800000,757.242188
1733299200000,334.9375
1733313600000,-102.414062
1733328000000,1316.19531
1733342400000,2164.96875
1733356800000,5014.46875
1733371200000,3522.05469
1733385600000,3623.17188
1733400000000,1756.10156
1733414400000,-569.351562
1733428800000,-1610.29688
1733443200000,-813.242188
1733457600000,-351.054688
1733472000000,-446.203125
1733486400000,826.625
1733500800000,2860.0625
1733515200000,1026.24219
1733529600000,550.117188
1733544000000,661.570312
1733558400000,835.570312
1733572800000,903.820312
1733587200000,1229.28125
1733601600000,965.796875
1733616000000,1027.28906
1733630400000,727.859375
1733644800000,738.398438
1733659200000,889.75
1733673600000,1087.61719
1733688000000,2021.27344
1733702400000,-70.53125
1733716800000,377.679688
1733731200000,-1125.24219
1733745600000,-1378.3125
1733760000000,-1958.30469
1733774400000,-1086.60156
1733788800000,-1351.375
1733803200000,-1040.90625
1733817600000,-435.0625
1733832000000,-2370.74219
1733846400000,-1841.71875
1733860800000,-1037.74219
1733875200000,-206.4375
1733889600000,-288.695312
1733904000000,702.84375
1733918400000,2577.92969
1733932800000,3114.71094
1733947200000,2930.36719
1733961600000,2705.38281
1733976000000,2063.39844
1733990400000,1861.92188
1734004800000,3020.95312
1734019200000,442.34375
1734033600000,926.484375
1734048000000,628.820312
1734062400000,977.992188
1734076800000,1162.98438
1734091200000,542.359375
1734105600000,1961.84375
1734120000000,1863.85938
1734134400000,2397.25
1734148800000,2074.60938
1734163200000,1786
1734177600000,1730.77344
1734192000000,1361.39844
1734206400000,1406.36719
1734220800000,1635.19531
1734235200000,1471.28125
1734249600000,2314.38281
1734264000000,2135.02344
1734278400000,2575.99219
1734292800000,3085.90625
1734307200000,2527.89844
1734321600000,2788.60156
1734336000000,1386.09375
1734350400000,3362.40625
1734364800000,3021.58594
1734379200000,2357.88281
1734393600000,3047.19531
1734408000000,2885.14062
1734422400000,2654.73438
1734436800000,1878.99219
1734451200000,1718.45312
1734465600000,1256.60938
1734480000000,-192.421875
1734494400000,-592.773438
1734508800000,184.8125
1734523200000,-395.867188
1734537600000,-1930.125
1734552000000,-3692.26562
1734566400000,-2395.96875
1734580800000,-1810.89844
1734595200000,-951.054688
1734609600000,-2463.03906
1734624000000,-5076.15625
1734638400000,-4362.03906
1734652800000,-4413.63281
1734667200000,-3481.24219
1734681600000,-7593.40625
1734696000000,-2739.36719
1734710400000,-2480.91406
1734724800000,-1685.42188
1734739200000,-1984.66406
1734753600000,-406.421875
1734768000000,-1107.21875
1734782400000,-1772.5625
1734796800000,-1962.99219
1734811200000,-1900.77344
1734825600000,-2150.45312
1734840000000,-2820.07812
1734854400000,-1827.85156
1734868800000,-3435.71875
1734883200000,-3777.59375
1734897600000,-3172.3125
1734912000000,-2079.69531
1734926400000,-2527.08594
1734940800000,-1917.69531
1734955200000,-4188.625
1734969600000,-3993.21875
1734984000000,-1900.34375
1734998400000,-2311.60156
1735012800000,-2402
1735027200000,-2128.63281
1735041600000,1797.19531
1735056000000,896.414062
1735070400000,1859.625
1735084800000,1088.22656
1735099200000,1139.19531
1735113600000,852.796875
1735128000000,1382.60938
1735142400000,1816.75
1735156800000,2112.22656
1735171200000,1507.89844
1735185600000,204.625
1735200000000,-1679.21875
1735214400000,-1177.77344
1735228800000,-1050.32812
1735243200000,-1337.11719
1735257600000,-612.710938
1735272000000,-1867.60938
1735286400000,54.2578125
1735300800000,-2168.42969
1735315200000,-1843
1735329600000,-2234.8125
1735344000000,-1906.32031
1735358400000,-2109.57812
1735372800000,-1670.47656
1735387200000,-1915.27344
1735401600000,-1295.125
1735416000000,-985.359375
1735430400000,-1086.25781
1735444800000,-979.898438
1735459200000,-1212.64062
1735473600000,-1601.99219
1735488000000,-2217.97656
1735502400000,-1804.53906
1735516800000,-1726.59375
1735531200000,-1615.39062
1735545600000,-1311.57812
1735560000000,-2540.79688
1735574400000,-24.1796875
1735588800000,-1544.26562
1735603200000,-1737.99219
1735617600000,-1312.50781
1735632000000,98.9609375
1735646400000,1076.78125
1735660800000,-195.882812
1735675200000,-822.210938
1735689600000,-527.554688
1735704000000,-671.507812
1735718400000,-851.703125
1735732800000,154.609375
1735747200000,356.125
1735761600000,270.054688
1735776000000,671.9375
1735790400000,1461.04688
1735804800000,2214.35938
1735819200000,1638.5625
1735833600000,2206.34375
1735848000000,1704.86719
1735862400000,1727.25781
1735876800000,910.953125
1735891200000,1319.65625
1735905600000,1917.66406
1735920000000,2745.65625
1735934400000,2230.02344
1735948800000,2178.78906
1735963200000,2192.11719
1735977600000,1740.17969
1735992000000,1465.97656
1736006400000,1916.64844
1736020800000,1880.10938
1736035200000,1798.5
1736049600000,1827.875
1736064000000,1100.13281
1736078400000,1335.71094
1736092800000,1265.60156
1736107200000,1443.03125
1736121600000,1875.28125
1736136000000,1886.75
1736150400000,1697.70312
1736164800000,3704.03125
1736179200000,2826.80469
1736193600000,3088.80469
1736208000000,2357.89844
1736222400000,2257.38281
1736236800000,1270.53125
1736251200000,-1379.63281
1736265600000,-2539.42969
1736280000000,-1869.03906
1736294400000,-2171.40625
1736308800000,-2765.89844
1736323200000,-3038.36719
1736337600000,-2375.75781
1736352000000,-3006.10156
1736366400000,-2049.35156
1736380800000,-2916.97656
1736395200000,-3613.77344
1736409600000,-3117.64844
1736424000000,-1952.96875
1736438400000,-4014.01562
1736452800000,-3071.58594
1736467200000,-1841.41406
1736481600000,-968.921875
1736496000000,-345.734375
1736510400000,-1341.40625
1736524800000,293.226562
1736539200000,-318.484375
1736553600000,-818.992188
1736568000000,-781.742188
1736582400000,-395.421875
1736596800000,-612.523438
1736611200000,-759.085938
1736625600000,-380.570312
1736640000000,-353.867188
1736654400000,-647.3125
1736668800000,-701.171875
1736683200000,122.789062
1736697600000,-298.601562
1736712000000,-373.601562
1736726400000,-612.40625
1736740800000,-1238.38281
1736755200000,-3416.17188
1736769600000,-1308.67969
1736784000000,-1024.25781
1736798400000,1180.42969
1736812800000,1445.69531
1736827200000,1401.6875
1736841600000,2703.71875
1736856000000,2331.63281
1736870400000,2222.53906
1736884800000,2138.41406
1736899200000,2692.05469
1736913600000,2554.42969
1736928000000,1937.03906
1736942400000,3459.24219
1736956800000,4046.89844
1736971200000,4277.08594
1736985600000,2909.75781
1737000000000,3183.5625
1737014400000,2396.54688
1737028800000,2241.42969
1737043200000,3073.15625
1737057600000,2472.42969
1737072000000,3153.90625
1737086400000,3415.60938
1737100800000,3913.88281
1737115200000,5019.60938
1737129600000,6087
1737144000000,4036.29688
1737158400000,3337.35938
1737172800000,2345.21875
1737187200000,2983.71875
1737201600000,3743.32812
1737216000000,3317.03125
1737230400000,3287.625
1737244800000,3508.4375
1737259200000,3460.375
1737273600000,2337.76562
1737288000000,2704.58594
1737302400000,3833.42969
1737316800000,-1075.78906
1737331200000,-325.789062
1737345600000,3984.25
1737360000000,4515.86719
1737374400000,855.242188
1737388800000,-289.164062
1737403200000,-1685.13281
1737417600000,-876.0625
1737432000000,-1791.70312
1737446400000,57.7578125
1737460800000,221.882812
1737475200000,3138.49219
1737489600000,2165.69531
1737504000000,1578.60156
1737518400000,1006.42188
1737532800000,1013.34375
1737547200000,54.5625
1737561600000,480.03125
1737576000000,-471.648438
1737590400000,-1685.04688
1737604800000,-1360.14844
1737619200000,-2013.51562
1737633600000,1277.92188
1737648000000,-275.335938
1737662400000,-192.484375
1737676800000,-212.171875
1737691200000,931.640625
1737705600000,1274.79688
1737720000000,1656.05469
1737734400000,1449.33594
1737748800000,459.953125
1737763200000,785.101562
1737777600000,-27.515625
1737792000000,243.960938
1737806400000,455.375
1737820800000,591.15625
1737835200000,283.664062
1737849600000,601.109375
1737864000000,514.703125
1737878400000,331.515625
1737892800000,482.320312
1737907200000,593.789062
1737921600000,-1828.82031
1737936000000,-2617.35156
1737950400000,-3999.83594
1737964800000,-3898.875
1737979200000,-1194.50781
1737993600000,-2444.17188
1738008000000,5.90625
1738022400000,561.5
1738036800000,695.390625
1738051200000,618.5625
1738065600000,568.820312
1738080000000,191.554688
1738094400000,-842.03125
1738108800000,-123.390625
1738123200000,565.765625
1738137600000,412.007812
1738152000000,-206.601562
1738166400000,1309.07031
1738180800000,1326.21094
1738195200000,2684.78906
1738209600000,2481.27344
1738224000000,2571.78125
1738238400000,2515.4375
1738252800000,2506.10156
1738267200000,1447.79688
1738281600000,970.453125
1738296000000,822.25
1738310400000,1326.61719
1738324800000,1889.39844
1738339200000,-1256.00781
1738353600000,-1019.55469
1738368000000,-1183.03906
1738382400000,-1235.53125
1738396800000,-1286.26562
1738411200000,-1186.875
1738425600000,-1536.61719
1738440000000,-2328.46094
1738454400000,-3403.89844
1738468800000,-2750.17188
1738483200000,-3098.15625
1738497600000,-2393.15625
1738512000000,-2872.63281
1738526400000,-2962.97656
1738540800000,-4141.3125
1738555200000,-2547.32812
1738569600000,-2600.67969
1738584000000,1228.74219
1738598400000,3989.21875
1738612800000,3078.83594
1738627200000,2291.72656
1738641600000,40.2109375
1738656000000,557.890625
1738670400000,827.523438
1738684800000,220.734375
1738699200000,-813.328125
1738713600000,-474.21875
1738728000000,-666.726562
1738742400000,-282.640625
1738756800000,-381.070312
1738771200000,-1072.8125
1738785600000,-1778
1738800000000,-987.539062
1738814400000,-124.140625
1738828800000,545.585938
1738843200000,-974.148438
1738857600000,-2147.02344
1738872000000,-1526.25781
1738886400000,-583.742188
1738900800000,-1238.69531
1738915200000,-216.421875
1738929600000,231.03125
1738944000000,-1125.76562
1738958400000,-1420.78906
1738972800000,-1175.52344
1738987200000,-1649.25781
1739001600000,-1712.74219
1739016000000,-1966.22656
1739030400000,-1191.86719
1739044800000,-1267.82812
1739059200000,-389.921875
1739073600000,-637.828125
1739088000000,-1084.19531
1739102400000,-1077.42969
1739116800000,-1456.5
1739131200000,-843.664062
1739145600000,-426.5
1739160000000,194.929688
1739174400000,410.882812
1739188800000,-58.0546875
1739203200000,90.828125
1739217600000,151.9375
1739232000000,302.9375
1739246400000,897.773438
1739260800000,748.851562
1739275200000,-370.28125
1739289600000,-2115.98438
1739304000000,-1247.49219
1739318400000,-1671.21875
1739332800000,-857.132812
1739347200000,-789.070312
1739361600000,-768.125
1739376000000,621.351562
1739390400000,1220.51562
1739404800000,812.890625
1739419200000,-612.070312
1739433600000,-703.75
1739448000000,-571.507812
1739462400000,-874.75
1739476800000,111.53125
1739491200000,633.539062
1739505600000,407.523438
1739520000000,325.546875
1739534400000,319.210938
1739548800000,1168.625
1739563200000,649.640625
1739577600000,797.390625
1739592000000,476.351562
1739606400000,726.8125
1739620800000,713.820312
1739635200000,580.84375
1739649600000,625.492188
1739664000000,575.0625
1739678400000,258.523438
1739692800000,334.390625
1739707200000,-79.5390625
1739721600000,79.765625
1739736000000,-830.890625
1739750400000,-697.976562
1739764800000,-756.390625
1739779200000,-723.445312
1739793600000,-1042.59375
1739808000000,-1036.55469
1739822400000,-737.09375
1739836800000,-307.921875
1739851200000,-1008.14062
1739865600000,-609.703125
1739880000000,-637.921875
1739894400000,-1649.29688
1739908800000,-19.1171875
1739923200000,60.96875
1739937600000,52.3984375
1739952000000,769.664062
1739966400000,236.195312
1739980800000,482.015625
1739995200000,885.515625
1740009600000,1213.39844
1740024000000,999.921875
1740038400000,1285.51562
1740052800000,791.445312
1740067200000,2148.39062
1740081600000,1889.53125
1740096000000,1692.07031
1740110400000,1650.24219
1740124800000,1923.60156
1740139200000,1024.13281
1740153600000,-1598.15625
1740168000000,-538.40625
1740182400000,-377.75
1740196800000,-382.476562
1740211200000,-93.0859375
1740225600000,-72.8671875
1740240000000,-69.578125
1740254400000,-151.164062
1740268800000,-266.132812
1740283200000,-180.476562
1740297600000,-560.296875
1740312000000,-1181.45312
1740326400000,-824.414062
1740340800000,-294.210938
1740355200000,-1092.67188
1740369600000,-608.796875
1740384000000,-587.257812
1740398400000,-1856.125
1740412800000,-2031.16406
1740427200000,-3777.32031
1740441600000,-2676.875
1740456000000,-4198.48438
1740470400000,-3046.9375
1740484800000,-4490.78906
1740499200000,-3554.32031
1740513600000,-2705.875
1740528000000,-2428.59375
1740542400000,-2485.74219
1740556800000,-2507.13281
1740571200000,-3061.625
1740585600000,-5966.27344
1740600000000,-5007.125
1740614400000,-3838.83594
1740628800000,-2665.9375
1740643200000,-2143.27344
1740657600000,-3005.75781
1740672000000,-4175.67188
1740686400000,-3198.00781
1740700800000,-6207.75781
1740715200000,-6366.03125
1740729600000,-4406.08594
1740744000000,-639.460938
1740758400000,-184.507812
1740772800000,-308.523438
1740787200000,669.445312
1740801600000,14.65625
1740816000000,-87.6015625
1740830400000,82.5859375
1740844800000,741.59375
1740859200000,1290.125
1740873600000,1046.76562
1740888000000,1418.34375
1740902400000,1243.24219
1740916800000,2276.86719
1740931200000,6146.52344
1740945600000,6527.74219
1740960000000,4730.59375
1740974400000,4129.82031
1740988800000,4263.19531
1741003200000,1022.44531
1741017600000,-3195.05469
1741032000000,-2362.9375
1741046400000,-4152.01562
1741060800000,-4890.78125
1741075200000,-3969.99219
1741089600000,-4497.86719
1741104000000,906.609375
1741118400000,-61.46875
1741132800000,-477.453125
1741147200000,285.171875
1741161600000,2404.64062
1741176000000,695.078125
1741190400000,1950.30469
1741204800000,2727.94531
1741219200000,3567.90625
1741233600000,2845.8125
1741248000000,2714.17188
1741262400000,1990.82031
1741276800000,-310.765625
1741291200000,1029.59375
1741305600000,-1726.82812
1741320000000,-289.945312
1741334400000,310.117188
1741348800000,-278.226562
1741363200000,-837.414062
1741377600000,-1708.22656
1741392000000,-2495.45312
1741406400000,-2188.69531
1741420800000,-2393.64062
1741435200000,-1935.46094
1741449600000,-2056.33594
1741464000000,-2024.42188
1741478400000,-2099.94531
1741492800000,-2221.10938
1741507200000,-3023.09375
1741521600000,-4616.45312
1741536000000,-4775.95312
1741550400000,-5821.83594
1741564800000,-4128.6875
1741579200000,-3759.1875
1741593600000,-2161.96094
1741608000000,-5034.79688
1741622400000,-5268.00781
1741636800000,-5373.0625
1741651200000,-3903.76562
1741665600000,-2877.89062
1741680000000,-1478.21875
1741694400000,-1553.54688
1741708800000,385.429688
1741723200000,191.164062
1741737600000,-626.976562
1741752000000,-288.429688
1741766400000,308.757812
1741780800000,-913.921875
1741795200000,310.054688
1741809600000,1030.09375
1741824000000,911.265625
1741838400000,470.445312
1741852800000,244.835938
1741867200000,-1595.875
1741881600000,-2311.11719
1741896000000,-1328.70312
1741910400000,-478.210938
1741924800000,-187.242188
1741939200000,895.195312
1741953600000,2071.47803
1741968000000,1821.71094
1741982400000,1201.71411
1741996800000,1665.38281
1742011200000,999.34375
1742025600000,1228.52966
1742040000000,1421.7063
1742054400000,1355.99219
1742068800000,1409.94214
1742083200000,1344.56873
1742097600000,1268.19067
1742112000000,-603.971863
1742126400000,303.565613
1742140800000,-14.9390621
1742155200000,-521.603149
1742169600000,583.371887
1742184000000,425.740631
1742198400000,388.3703
1742212800000,363.770325
1742227200000,1242.14526
1742241600000,736.746887
1742256000000,-127.349998
1742270400000,-59.985939
1742284800000,-615.418762
1742299200000,-1418.00317
1742313600000,-643.814087
1742328000000,-215.298431
1742342400000,106.650002
1742356800000,263.71405
1742371200000,881.157837
1742385600000,1575.93127
1742400000000,1929.1969
1742414400000,3087.4187
1742428800000,1858.12341
1742443200000,1715.09375
1742457600000,1277.29065
1742472000000,349.646881
1742486400000,-178.242188
1742500800000,-130.539062
1742515200000,85.532814
1742529600000,-415.304688
1742544000000,-286.039062
1742558400000,-689.315613
1742572800000,-277.565613
1742587200000,-128.890625
1742601600000,21.6421871
1742616000000,49.3390617
1742630400000,14.1937504
1742644800000,-106.673439
1742659200000,-25.8046875
1742673600000,-341.970306
1742688000000,45.6328125
1742702400000,97.389061
1742716800000,458.710938
1742731200000,891.4375
1742745600000,668.551575
1742760000000,1643.26562
1742774400000,1860.77661
1742788800000,1982.24841
1742803200000,2556.2937
1742817600000,2684.88281
1742832000000,2401.67188
1742846400000,1516.15784
1742860800000,465.545319
1742875200000,364.326569
1742889600000,1217.04065
1742904000000,1407.29846
1742918400000,1642.26099
1742932800000,862.09375
1742947200000,570.318726
1742961600000,1500.29846
1742976000000,1300.74536
1742990400000,-44.140625
1743004800000,-198.064056
1743019200000,135.8125
1743033600000,883.428101
1743048000000,583.91095
1743062400000,118.821877
1743076800000,137.095306
1743091200000,207.382812
1743105600000,343.081238
1743120000000,-100.973434
1743134400000,-1539.625
1743148800000,-1321.10156
1743163200000,-2254.69385
1743177600000,-2356.47803
1743192000000,-1642.07495
1743206400000,-1817.79846
1743220800000,-2213.92969
1743235200000,-3366.68604
1743249600000,-3071.07666
1743264000000,-2531.51416
1743278400000,-2603.76562
1743292800000,-1982.14062
1743307200000,-1929.3219
1743321600000,-1848.47034
1743336000000,-2089.25
1743350400000,-2149.63135
1743364800000,-2079.38135
1743379200000,-2713.08594
1743393600000,-2194.21875
1743408000000,-1800.91406
1743422400000,-410.735931
1743436800000,-1307.96411
1743451200000,-1165.04065
1743465600000,-703.884399
1743480000000,-195.368744
1743494400000,247.001556
1743508800000,1431.34692
1743523200000,1019.5047
1743537600000,1163.2406
1743552000000,507.960938
1743566400000,360.053131
1743580800000,463.084381
1743595200000,2122.31396
1743609600000,2086.57031
1743624000000,-2211.67651
1743638400000,-1137.36096
1743652800000,-1105.51721
1743667200000,-1438.39844
1743681600000,-2151.45947
1743696000000,-2092.42969
1743710400000,-832.559387
1743724800000,-1194.15942
1743739200000,48.626564
1743753600000,-1129.80005
1743768000000,-741.865601
1743782400000,406.871887
1743796800000,270.889069
1743811200000,13.03125
1743825600000,-99.1140594
1743840000000,-149.698441
1743854400000,-963.131226
1743868800000,-709.195312
1743883200000,-36.967186
1743897600000,-232.546875
1743912000000,-532.15625
1743926400000,-681.073425
1743940800000,-904.539062
1743955200000,-3248.96411
1743969600000,-3595.75464
1743984000000,-3953.80469
1743998400000,-5350.07178
1744012800000,-3370.77197
1744027200000,-1098.88745
1744041600000,-1351.70312
1744056000000,-276.476562
1744070400000,444.751556
1744084800000,37.0671883
1744099200000,524.001587
1744113600000,-936.59845
1744128000000,-2369.87354
1744142400000,-2808.2688
1744156800000,-3663.77979
1744171200000,-842.671875
1744185600000,-2132.41553
1744200000000,-985.362488
1744214400000,3472.54834
1744228800000,3535.13745
1744243200000,2586.21729
1744257600000,2345.36865
1744272000000,2568.06396
1744286400000,-633.570312
1744300800000,256.398438
1744315200000,207.8125
1744329600000,1422.33276
1744344000000,1787.14844
1744358400000,2502.03442
1744372800000,2577.25146
1744387200000,3730.99365
1744401600000,3140.38281
1744416000000,2626.50635
1744430400000,3304.48291
1744444800000,3045.89209
1744459200000,4130.71729
1744473600000,3877.37354
1744488000000,4051.46875
1744502400000,3906.39697
1744516800000,2818.63281
1744531200000,2768.39697
1744545600000,1948.74536
1744560000000,1901.50464
1744574400000,1548.30786
1744588800000,2130.14526
1744603200000,2051.74219
1744617600000,2331.46094
1744632000000,1209.77502
1744646400000,1911.00159
1744660800000,1531.10156
1744675200000,2256.73755
1744689600000,2518.5376
1744704000000,2241.37817
1744718400000,1285.40161
1744732800000,321.398438
1744747200000,-33.1593742
1744761600000,13.8046875
1744776000000,-307.770325
1744790400000,369.496887
1744804800000,1055.98279
1744819200000,443.342194
1744833600000,141.289062
1744848000000,93.2734375
1744862400000,736.040649
1744876800000,594.740601
1744891200000,537.518738
1744905600000,757.890625
1744920000000,843.615601
1744934400000,713.84845
1744948800000,509.0578
1744963200000,517.3125
1744977600000,196.970306
1744992000000,375.267181
1745006400000,272.054688
1745020800000,669.073425
1745035200000,962.1875
1745049600000,943.985962
1745064000000,836.565613
1745078400000,699.804688
1745092800000,664.537476
1745107200000,739.478149
1745121600000,347.6875
1745136000000,-296.796875
1745150400000,-58.4921875
1745164800000,230.837494
1745179200000,694.640625
1745193600000,2177.93604
1745208000000,2237.3125
1745222400000,1616.05627
1745236800000,2175.45166
1745251200000,1291.71094
1745265600000,1332.44373
1745280000000,1806.71875
1745294400000,2019.98438
1745308800000,2059.69385
1745323200000,3399.8999
1745337600000,3480.86255
1745352000000,4753.29541
1745366400000,4171.00635
1745380800000,4791.35791
1745395200000,3699.27026
1745409600000,2657.49072
1745424000000,2709.50635
1745438400000,2808.57666
1745452800000,1646.65942
1745467200000,1128.27185
1745481600000,1403.01562
1745496000000,1726.39844
1745510400000,1884.39062
1745524800000,2163.53125
1745539200000,1305.8844
1745553600000,1724.81567
1745568000000,2303.17822
1745582400000,1999.91565
1745596800000,2077.5249
1745611200000,1391.21094
1745625600000,1437.25781
1745640000000,1215.79688
1745654400000,766.898438
1745668800000,980.835938
1745683200000,891.953125
1745697600000,1172.77185
1745712000000,664.765625
1745726400000,522.476562
1745740800000,363.732819
1745755200000,350.926575
1745769600000,858.729675
1745784000000,145.056244
1745798400000,263.828125
1745812800000,1076.75623
1745827200000,1542.87036
1745841600000,-51.0843735
1745856000000,854.528137
1745870400000,1021.04065
1745884800000,578.40625
1745899200000,807.548462
1745913600000,948.773438
1745928000000,598.790649
1745942400000,982.114075
1745956800000,-76.9781265
1745971200000,677.706238
1745985600000,259.767181
1746000000000,795.125
1746014400000,-307.353119
1746028800000,-163.929688
1746043200000,-148.493744
1746057600000,443.709381
1746072000000,672.66095
1746086400000,1482.7406
1746100800000,1682.46411
1746115200000,1205.35938
1746129600000,1109.58276
1746144000000,1679.4375
1746158400000,884.734375
1746172800000,1433.07031
1746187200000,1496.52966
1746201600000,1009.13751
1746216000000,944.59375
1746230400000,375.923431
1746244800000,351.298431
1746259200000,-38.9031258
1746273600000,413.326569
1746288000000,355.975006
1746302400000,-125.623436
1746316800000,-257.796875
1746331200000,-104.623436
1746345600000,-550.710938
1746360000000,-473.193756
1746374400000,-333.954681
1746388800000,-1494.6875
1746403200000,-1561.27344
1746417600000,-809.845337
1746432000000,-1465.99377
1746446400000,-1542.29529
1746460800000,-921.315613
1746475200000,-485.0625
1746489600000,-740.209351
1746504000000,-780.049988
1746518400000,-1288.82971
1746532800000,-445.181244
1746547200000,-16.9953117
1746561600000,1691.00623
1746576000000,1116.62964
1746590400000,1544.89062
1746604800000,1521.84998
1746619200000,1289.74841
1746633600000,424.235931
1746648000000,1225.20154
1746662400000,2860.16089
1746676800000,2737.77979
1746691200000,2651.25
1746705600000,3303.19678
1746720000000,3369.15625
1746734400000,4491.79395
1746748800000,3519.64844
1746763200000,4392.53613
1746777600000,3292.91553
1746792000000,2963.47021
1746806400000,3067.57031
1746820800000,2775.46094
1746835200000,2990.24854
1746849600000,3265.05322
1746864000000,2743.04053
1746878400000,2362.8125
1746892800000,2281.11255
1746907200000,3558.64844
1746921600000,2502.67651
1746936000000,1760.65002
1746950400000,2816.34839
1746964800000,2076.09058
1746979200000,2261.55322
1746993600000,1841.82654
1747008000000,1623.15466
1747022400000,1645.20471
1747036800000,795.825012
1747051200000,-496.642181
1747065600000,-1027.08911
1747080000000,-57.109375
1747094400000,-1079.59216
1747108800000,-145.207809
1747123200000,906.15155
1747137600000,809.707825
1747152000000,1791.1687
1747166400000,1028.28906
1747180800000,427.543762
1747195200000,552.364075
1747209600000,763.679688
1747224000000,283.007812
1747238400000,98.4265594
1747252800000,281.520325
1747267200000,-477.09375
1747281600000,-1341.1438
1747296000000,-664.181274
1747310400000,261.920319
1747324800000,111.020309
1747339200000,712.282837
1747353600000,878.221863
1747368000000,541.685913
1747382400000,482.22345
1747396800000,943.418762
1747411200000,752.167175
1747425600000,173.423431
1747440000000,204.71875
1747454400000,142.306244
1747468800000,-291.100006
1747483200000,-311.625
1747497600000,-90.626564
1747512000000,-123.496872
1747526400000,30.8062496
1747540800000,640.2453
1747555200000,495.104675
1747569600000,1886.64062
1747584000000,105.407814
1747598400000,2389.47803
1747612800000,-585.971863
1747627200000,-744.440613
1747641600000,-983.345337
1747656000000,851.079712
1747670400000,1414.96558
1747684800000,1415.68127
1747699200000,1416.88123
1747713600000,617.792175
1747728000000,768.934387
1747742400000,857.465637
1747756800000,2328.21875
1747771200000,1929.16724
1747785600000,1847.34998
1747800000000,1198.52502
1747814400000,1163.26562
1747828800000,3059.12817
1747843200000,2171.42188
1747857600000,2918.56885
1747872000000,4699.1748
1747886400000,3756.04688
1747900800000,3543.7251
1747915200000,3638.15308
1747929600000,3260.49365
1747944000000,3684.76709
1747958400000,2975.19385
1747972800000,2462.68115
1747987200000,635.96875
1748001600000,443.196869
1748016000000,182.032806
1748030400000,-1175.9281
1748044800000,-111.870316
1748059200000,-850.071899
1748073600000,728.243774
1748088000000,462.929688
1748102400000,473.685944
1748116800000,-708.826538
1748131200000,-335.417175
1748145600000,-779.375
1748160000000,-1105.21094
1748174400000,-1295.13904
1748188800000,-530.515625
1748203200000,740.34845
1748217600000,1282.20471
1748232000000,1663.27966
1748246400000,1271.31567
1748260800000,1393.05933
1748275200000,454.193756
1748289600000,718.779663
1748304000000,167.396881
1748318400000,767.706238
1748332800000,811.632812
1748347200000,1199.49536
1748361600000,879.407837
1748376000000,-55.90625
1748390400000,-104.571877
1748404800000,-166.6875
1748419200000,-98.4890594
1748433600000,-1700.86719
1748448000000,-1786.22656
1748462400000,-865.768738
1748476800000,-537.549988
1748491200000,-665.0625
1748505600000,238.899994
1748520000000,-1364.92346
1748534400000,-2306.67651
1748548800000,-2323.51416
1748563200000,-1629.88904
1748577600000,-2476.85474
1748592000000,-1501.06567
1748606400000,-1737.87183
1748620800000,-2304.68604
1748635200000,-2766.60791
1748649600000,-2772.73755
1748664000000,-2636.3313
1748678400000,-2824.03906
1748692800000,-1634.5188
1748707200000,-1456.36877
1748721600000,-1500.2312
1748736000000,-1687.54224
1748750400000,-1746.28906
1748764800000,-1868.78125
1748779200000,-1154.70154
1748793600000,-646.707825
1748808000000,-118.014061
1748822400000,-895.157837
1748836800000,-310.428131
1748851200000,-1535.30469
1748865600000,-918.834351
1748880000000,-905.073425
1748894400000,526.834351
1748908800000,144.348434
1748923200000,-169.829681
1748937600000,-35.5203133
1748952000000,1175.82031
1748966400000,733.471863
1748980800000,-119.451561
1748995200000,12.8843746
1749009600000,-199.214066
1749024000000,-392.726562
1749038400000,-142.904694
1749052800000,-486.690613
1749067200000,-683.590637
1749081600000,-325.115631
1749096000000,-790.5672
1749110400000,-472.592194
1749124800000,-634.617188
1749139200000,-2726.18604
1749153600000,-2652.87646
1749168000000,-1487.90308
1749182400000,-781.935913
1749196800000,28.2703133
1749211200000,1067.72192
1749225600000,165.242188
1749240000000,250.154694
1749254400000,802.632812
1749268800000,771.920288
1749283200000,992.262512
1749297600000,1341.02344
1749312000000,1427.32971
1749326400000,1236.08435
1749340800000,1097.90625
1749355200000,1016.90625
1749369600000,1201.40625
1749384000000,1342.46558
1749398400000,1557.72974
1749412800000,925.460938
1749427200000,773.409363
1749441600000,671.987488
1749456000000,2404.0249
1749470400000,1953.07495
1749484800000,2660.11865
1749499200000,3841.45312
1749513600000,2960.93286
1749528000000,2474.63745
1749542400000,2687.61865
1749556800000,1909.2312
1749571200000,2199.85156
1749585600000,2696.42188
1749600000000,2094.52979
1749614400000,1779.19531
1749628800000,1513.42969
1749643200000,1708.97034
1749657600000,624.748413
1749672000000,488.7547
1749686400000,-295.751556
1749700800000,-512.1922
1749715200000,-1177.6875
1749729600000,-924.1203
1749744000000,-1063.79529
1749758400000,-1959.05786
1749772800000,-2548.13916
1749787200000,-1833.03442
1749801600000,-1576.90308
1749816000000,-1034.56873
1749830400000,-1293.88281
1749844800000,-314.46875
1749859200000,-1110.40002
1749873600000,-1248.52661
1749888000000,-1210.16565
1749902400000,-1411.36096
1749916800000,-1507.32971
1749931200000,-694.720337
1749945600000,-600.021851
1749960000000,-625.103149
1749974400000,-1057.47192
1749988800000,-429.881256
1750003200000,-699.140625
1750017600000,-356.385925
1750032000000,3.0140624
1750046400000,1027.32495
1750060800000,811.439087
1750075200000,1254.24536
1750089600000,2239.69385
1750104000000,230.431244
1750118400000,944.220337
1750132800000,92.9781265
1750147200000,-989.393738
1750161600000,-2122.07031
1750176000000,-1455.10779
1750190400000,-1505.78125
1750204800000,-852.578125
1750219200000,-996.950012
1750233600000,-1041.07031
1750248000000,-937.375
1750262400000,-1770.53125
1750276800000,-639.264038
1750291200000,-409.850006
1750305600000,-843.885925
1750320000000,-699.439087
1750334400000,-1307.03748
1750348800000,-1081.15161
1750363200000,-675.612488
1750377600000,-707.857788
1750392000000,504.418762
1750406400000,532.78125
1750420800000,-1112.01099
1750435200000,-1556.4812
1750449600000,-1537.97656
1750464000000,-1298.27026
1750478400000,-1301.2312
1750492800000,-851.210938
1750507200000,-1079.41406
1750521600000,-2286.40161
1750536000000,-1902.16248
1750550400000,-1513.15466
1750564800000,-1372.5
1750579200000,-1001.89844
1750593600000,-3973.32812
1750608000000,-3731.8313
1750622400000,-1446.03284
1750636800000,-1190.05151
1750651200000,-354.335938
1750665600000,-958.679688
1750680000000,-706.579712
1750694400000,1049.40161
1750708800000,2918.63428
1750723200000,2386.57666
1750737600000,2322.11572
1750752000000,2405.45947
1750766400000,2331.71094
1750780800000,2491.6875
1750795200000,2857.32031
1750809600000,2890.38599
1750824000000,3177.63745
1750838400000,3482.4751
1750852800000,2823.12964
1750867200000,3346.88428
1750881600000,2832.20947
1750896000000,3217.36572
1750910400000,3088.63281
1750924800000,2463.07495
1750939200000,2213.08911
1750953600000,2337.37646
1750968000000,1627.16565
1750982400000,2043.62341
1750996800000,1345.34058
1751011200000,1377.96558
1751025600000,1553.02344
1751040000000,899.1203
1751054400000,1128.63123
1751068800000,1331.89062
1751083200000,1477.39844
1751097600000,1326.26404
1751112000000,1359.59998
1751126400000,1075.06091
1751140800000,1132.3656
1751155200000,1025.81714
1751169600000,1189.79846
1751184000000,2004.21094
1751198400000,1161.27344
1751212800000,757.1875
1751227200000,1585.78125
1751241600000,1605.55627
1751256000000,629.078125
1751270400000,617.173462
1751284800000,470.506256
1751299200000,579.392212
1751313600000,-32.1921883
1751328000000,28.6015625
1751342400000,-2.9156251
1751356800000,-517.037476
1751371200000,-1001.95154
1751385600000,-1488.6438
1751400000000,-1141.19373
1751414400000,-583.229675
1751428800000,307.350006
1751443200000,630.657837
1751457600000,1716.82654
1751472000000,2157.94385
1751486400000,1226.83435
1751500800000,984.460938
1751515200000,1542.17969
1751529600000,1651.9281
1751544000000,890.251587
1751558400000,1424.58911
1751572800000,1175.45471
1751587200000,809.362488
1751601600000,260.648438
1751616000000,416.715637
1751630400000,-798.96875
1751644800000,-853.828125
1751659200000,-348.524994
1751673600000,-165.759369
1751688000000,-279.024994
1751702400000,-203.214066
1751716800000,-258.017181
1751731200000,-157.795319
1751745600000,-103.859375
1751760000000,-259.228119
1751774400000,-262.506256
1751788800000,-203.373444
1751803200000,561.985962
1751817600000,164.306244
1751832000000,754.349976
1751846400000,881.181274
1751860800000,503.878113
1751875200000,89.5234375
1751889600000,-229.971878
1751904000000,-428.8797
1751918400000,-208.442184
1751932800000,-538.471863
1751947200000,62.2281265
1751961600000,329.921875
1751976000000,-188.829681
1751990400000,307.176575
1752004800000,453.242188
1752019200000,-122.795311
1752033600000,215.415619
1752048000000,546.945312
1752062400000,423.375
1752076800000,2570.25781
1752091200000,1802.58435
1752105600000,1450.74219
1752120000000,1559.77344
1752134400000,1286.07349
1752148800000,1470.69214
1752163200000,2813.3999
1752177600000,4366.00488
1752192000000,4868.06104
1752206400000,4878.61426
1752220800000,4713.73145
1752235200000,3303.51245
1752249600000,4161.83594
1752264000000,3476.15308
1752278400000,3626.96729
1752292800000,3471.85791
1752307200000,3393.57349
1752321600000,2502.86719
1752336000000,2837.24072
1752350400000,2662.66406
1752364800000,2941.75464
1752379200000,3024.10303
1752393600000,3005.00928
1752408000000,2724.99219
1752422400000,2653.21875
1752436800000,2419.82031
1752451200000,3555.4126
1752465600000,4745.66895
1752480000000,3154.15479
1752494400000,1245.53906
1752508800000,1203.56091
1752523200000,1082.94531
1752537600000,-1484.39221
1752552000000,-1728.74377
1752566400000,-1223.50464
1752580800000,-1633.23596
1752595200000,-1499.6687
1752609600000,-143.268753
1752624000000,-390.118744
1752638400000,307.235931
1752652800000,808.292175
1752667200000,962.5
1752681600000,1062.30469
1752696000000,403.259369
1752710400000,-156.135941
1752724800000,57.5437508
1752739200000,-267.643738
1752753600000,628.176575
1752768000000,642.703125
1752782400000,737.84375
1752796800000,1733.37817
1752811200000,744.734375
1752825600000,547.873413
1752840000000,-744.806274
1752854400000,-1188.38281
1752868800000,-553.378113
1752883200000,-141.929688
1752897600000,-286.596863
1752912000000,-135.545319
1752926400000,-396.760925
1752940800000,-449.671875
1752955200000,-592.492188
1752969600000,-453.125
1752984000000,-370.071869
1752998400000,-474.462494
1753012800000,304.764069
1753027200000,-209.884369
1753041600000,-983.085938
1753056000000,196.096878
1753070400000,1019.17657
1753084800000,-278.243744
1753099200000,6.4749999
1753113600000,-1427.27185
1753128000000,-795.679688
1753142400000,-821.998413
1753156800000,-1.97968745
1753171200000,1105.01404
1753185600000,768.734375
1753200000000,1001.78748
1753214400000,1668.21716
1753228800000,210.715622
1753243200000,-70.7281265
1753257600000,112.878128
1753272000000,176.432816
1753286400000,9.87656212
1753300800000,354.768738
1753315200000,108.759377
1753329600000,35.7265625
1753344000000,223.996872
1753358400000,704.954712
1753372800000,498.515625
1753387200000,-115.864059
1753401600000,-2686.24536
1753416000000,-2517.76562
1753430400000,-1141.11877
1753444800000,-1770.93286
1753459200000,-740.232788
1753473600000,187.545319
1753488000000,55.532814
1753502400000,-116.246872
1753516800000,327.264069
1753531200000,659.125
1753545600000,734.864075
1753560000000,389.53595
1753574400000,655.628113
1753588800000,573.431274
1753603200000,504.571869
1753617600000,995.868774
1753632000000,1224.24683
1753646400000,1625.69849
1753660800000,1337.75464
1753675200000,818.695312
1753689600000,703.15155
1753704000000,57.4328117
1753718400000,-52.173439
1753732800000,-66.810936
1753747200000,608.671875
1753761600000,675.421875
1753776000000,362.1297
1753790400000,-804.84375
1753804800000,-644.09375
1753819200000,-209.990631
1753833600000,21.7312508
1753848000000,-15.1625004
1753862400000,-565.209351
1753876800000,-107.157814
1753891200000,-941.695312
1753905600000,-1.22343755
1753920000000,588.835938
1753934400000,776.987488
1753948800000,436.765625
1753963200000,345.290619
1753977600000,-1083.10156
1753992000000,-1913.6438
1754006400000,-1677.9187
1754020800000,-2153.31885
1754035200000,-1734.74219
1754049600000,-1419.10315
1754064000000,-3162.98291
1754078400000,-2925.82178
1754092800000,-2263.42041
1754107200000,-2125.09521
1754121600000,-2292.09692
1754136000000,-3075.41089
1754150400000,-3325.11572
1754164800000,-2895.16406
1754179200000,-1749.46558
1754193600000,-1588.4187
1754208000000,-1366.65625
1754222400000,-1221.52344
1754236800000,-827.393738
1754251200000,-885.387512
1754265600000,-466.221863
1754280000000,-358.167175
1754294400000,-531.309387
1754308800000,-157.734375
1754323200000,-224.459381
1754337600000,64.8781281
1754352000000,-718.02655
1754366400000,-945.2453
1754380800000,-71.5374985
1754395200000,-1663.68591
1754409600000,-868.967163
1754424000000,-335.548431
1754438400000,-916.448425
1754452800000,-192.667191
1754467200000,-196.696869
1754481600000,943.34375
1754496000000,746.28595
1754510400000,482.971863
1754524800000,19.203125
1754539200000,251.445312
1754553600000,1666.14062
1754568000000,1612.32812
1754582400000,2008.95312
1754596800000,1865.10938
1754611200000,1084.53125
1754625600000,1113.83911
1754640000000,1167.42346
1754654400000,388.178131
1754668800000,564.681274
1754683200000,766.773438
1754697600000,469.889069
1754712000000,806.8703
1754726400000,1010.85938
1754740800000,745.484375
1754755200000,427.996887
1754769600000,343.335938
1754784000000,2157.60474
1754798400000,1276.38904
1754812800000,1621.4187
1754827200000,1816.32349
1754841600000,1595.3656
1754856000000,2040.35315
1754870400000,3725.41089
1754884800000,2819.34058
1754899200000,1580.86719
1754913600000,1200.94067
1754928000000,-48.640625
1754942400000,-385.171875
1754956800000,-225.59375
1754971200000,-93.0656281
1754985600000,-547.159363
1755000000000,812.496887
1755014400000,510.09845
1755028800000,884.403137
1755043200000,231.835938
1755057600000,326.892181
1755072000000,1205.26404
1755086400000,1199.92188
1755100800000,2801.24072
1755115200000,3186.74683
1755129600000,3004.94678
1755144000000,1224.66089
1755158400000,398.756256
1755172800000,-1853.15784
1755187200000,-2008.19849
1755201600000,-1571.84216
1755216000000,-831
1755230400000,-836.609375
1755244800000,-796.539062
1755259200000,-2277.46094
1755273600000,-2482.24219
1755288000000,-1996.62659
1755302400000,-1863.77808
1755316800000,-1663.45154
1755331200000,-1833.75623
1755345600000,-1526.84692
1755360000000,-1522.24841
1755374400000,-1777.21411
1755388800000,-1455.42188
1755403200000,-1098.61401
1755417600000,-784.6203
1755432000000,-827.748413
1755446400000,-1416.9281
1755460800000,-1508.9187
1755475200000,-2874.57178
1755489600000,-2731.11572
1755504000000,-2546.09375
1755518400000,-1174.40942
1755532800000,-925.378113
1755547200000,-989.712524
1755561600000,-2231.7124
1755576000000,-1908.89062
1755590400000,-1281.1687
1755604800000,-2690.18604
1755619200000,-3063.3562
1755633600000,-3212.12354
1755648000000,-2387.13428
1755662400000,-2361.44678
1755676800000,-2048.48438
1755691200000,-2071.61401
1755705600000,-995.390625
1755720000000,-983.279663
1755734400000,-1246.89685
1755748800000,-1275.46716
1755763200000,-1919.11096
1755777600000,-2051.70459
1755792000000,-2452.65625
1755806400000,-2071.02026
1755820800000,-1556.82031
1755835200000,-1345.90784
1755849600000,-2034.85315
1755864000000,1704.9375
1755878400000,1755.29688
1755892800000,1989.88745
1755907200000,553.581238
1755921600000,773.03125
1755936000000,257.571869
1755950400000,-163.695312
1755964800000,144.178131
1755979200000,427.524994
1755993600000,55.703125
1756008000000,-85.298439
1756022400000,-220.9375
1756036800000,-486.354675
1756051200000,-1757.17651
1756065600000,-672.467163
1756080000000,-1182.56567
1756094400000,-2393.36084
1756108800000,-2310.93433
1756123200000,-1162.1969
1756137600000,-2488.60303
1756152000000,-2626.95776
1756166400000,-2578.2937
1756180800000,-2107.79688
1756195200000,-2462.62817
1756209600000,-2510.77808
1756224000000,-1013.64062
1756238400000,-342.029694
1756252800000,-646.724976
1756267200000,-1321.375
1756281600000,-683.9953
1756296000000,26.0859375
1756310400000,69.171875
1756324800000,-736.40625
1756339200000,30.1109371
1756353600000,1114.51245
1756368000000,862.84375
1756382400000,549.167175
1756396800000,-259.704681
1756411200000,404.862488
1756425600000,-431.707825
1756440000000,-1955.9375
1756454400000,-1727.88904
1756468800000,-2909.57812
1756483200000,-2890.03271
1756497600000,-2590.40942
1756512000000,-2457.55322
1756526400000,-2297.78442
1756540800000,-2062.66553
1756555200000,-1771.83752
1756569600000,-1786.11719
1756584000000,-1771.84058
1756598400000,-1277.27966
1756612800000,-1717.32031
1756627200000,-1945.88599
1756641600000,-1459.62659
1756656000000,-1295.01404
1756670400000,-1807.30786
1756684800000,-2112.03125
1756699200000,-255.553131
1756713600000,-820.857788
1756728000000,-736.145325
1756742400000,-270.242188
1756756800000,-208.043747
1756771200000,853.329712
1756785600000,693.543762
1756800000000,146.860931
1756814400000,1035.82654
1756828800000,923.809387
1756843200000,1314.86255
1756857600000,1070.44373
1756872000000,1092.89062
1756886400000,1380.54846
1756900800000,1934.45312
1756915200000,1743.53125
1756929600000,1226.18909
1756944000000,633.299988
1756958400000,-105.881248
1756972800000,266.209381
1756987200000,-981.517212
1757001600000,-677.765625
1757016000000,225.856247
1757030400000,791.539062
1757044800000,2218.45166
1757059200000,1436.68433
1757073600000,-371.231262
1757088000000,525.248413
1757102400000,-399.337494
1757116800000,7.54218769
1757131200000,-248.996872
1757145600000,-280.83905
1757160000000,-672.798462
1757174400000,-970.520325
1757188800000,-801.7547
1757203200000,-320.423431
1757217600000,-198.264069
1757232000000,306.284363
1757246400000,320.606262
1757260800000,247.342194
1757275200000,105.715622
1757289600000,20.9390621
1757304000000,225.220306
1757318400000,907.917175
1757332800000,1322.86255
1757347200000,737.487488
1757361600000,671.576538
1757376000000,269.168762
1757390400000,1390.40308
1757404800000,769.8172
1757419200000,-737.181274
1757433600000,-297.409363
1757448000000,-77.2453156
1757462400000,-49.3093758
1757476800000,895.953125
1757491200000,606.917175
1757505600000,1736.6156
1757520000000,1357.6687
1757534400000,1649.84058
1757548800000,1964.96875
1757563200000,1542.32031
1757577600000,1424.54065
1757592000000,1225.30786
1757606400000,1391.05786
1757620800000,2326.35938
1757635200000,1774.02185
1757649600000,1623.80005
1757664000000,1370.39062
1757678400000,1455.22656
1757692800000,2759.69849
1757707200000,2011.69067
1757721600000,1830.67969
1757736000000,1622.47498
1757750400000,1786.28748
1757764800000,1504.65466
1757779200000,1440.0813
1757793600000,1511.43286
1757808000000,1233.54529
1757822400000,1338.02808
1757836800000,1286.43591
1757851200000,647.78125
1757865600000,1030.87659
1757880000000,605.459351
1757894400000,702.835938
1757908800000,826.760925
1757923200000,54.860939
1757937600000,-128.354691
1757952000000,299.703125
1757966400000,335.434387
1757980800000,273.939056
1757995200000,754.314087
1758009600000,168.521881
1758024000000,746.701538
1758038400000,1390.14526
1758052800000,1296.32349
1758067200000,838.514038
1758081600000,1533.21252
1758096000000,508.367188
1758110400000,104.646873
1758124800000,-75.3343735
1758139200000,671.33905
1758153600000,1662.43127
1758168000000,1082.60315
1758182400000,1030.23596
1758196800000,1366.40161
1758211200000,1158.54688
1758225600000,750.125
1758240000000,623.128113
1758254400000,532.732788
1758268800000,15.8406248
1758283200000,-462.46405
1758297600000,-1156.42029
1758312000000,-637.679688
1758326400000,-791.71875
1758340800000,-263.709381
1758355200000,-317.873444
1758369600000,-222.165619
1758384000000,-496.943756
1758398400000,-520.006226
1758412800000,-512.123413
1758427200000,-360.959381
1758441600000,-548.642212
1758456000000,-623.148438
1758470400000,-606.720337
1758484800000,-837.993774
1758499200000,-1131.78906
1758513600000,-2361.86719
1758528000000,-1853.83435
1758542400000,-1671.22498
1758556800000,-2219.52344
1758571200000,-1592.20471
1758585600000,-1758.05151
1758600000000,-930.704712
1758614400000,-1016.04065
1758628800000,-1052.75781
1758643200000,-2057.48438
1758657600000,-1656.32495
1758672000000,-1838.97656
1758686400000,-788.582825
1758700800000,-312.539062
1758715200000,-10.6593752
1758729600000,69.6062469
1758744000000,-31.9484367
1758758400000,-745.992188
1758772800000,-1384.72498
1758787200000,-1679.72192
1758801600000,-1130.98438
1758816000000,-2744.43896
1758830400000,-2955.32959
1758844800000,-2210.26245
1758859200000,-2339.84692
1758873600000,-2313.99536
1758888000000,-2170.16553
1758902400000,-1886.76721
1758916800000,-1386.40625
1758931200000,-1431.88599
1758945600000,-1559.31409
1758960000000,-1612.05005
1758974400000,-1498.75317
1758988800000,-1451.9812
1759003200000,-1213.6438
1759017600000,-1343.96411
1759032000000,-1256.23438
1759046400000,-1317.51562
1759060800000,-611.782837
1759075200000,-262.782806
1759089600000,1349.70471
1759104000000,959.646851
1759118400000,914.384399
1759132800000,1088.81091
1759147200000,2314.56567
1759161600000,2414.59058
1759176000000,2353.04541
1759190400000,2230.6001
1759204800000,1431.4906
1759219200000,687.15625
1759233600000,606.010925
1759248000000,1700.34375
1759262400000,1295.98755
1759276800000,1325.97656
1759291200000,1568.125
1759305600000,3139.17505
1759320000000,3294.9126
1759334400000,2955.50928
1759348800000,3908
1759363200000,3536.02979
1759377600000,3173.55786
1759392000000,3331.14844
1759406400000,3870.7063
1759420800000,3914.45947
1759435200000,3350.58276
1759449600000,2865.35791
1759464000000,2141.96729
1759478400000,2694.54834
1759492800000,4109.03271
1759507200000,3375.46729
1759521600000,2883.74219
1759536000000,2793.88599
1759550400000,2779.02661
1759564800000,2345.11572
1759579200000,2041.92651
1759593600000,2156.04053
1759608000000,2480.15479
1759622400000,3396.7063
1759636800000,3383.42188
1759651200000,1820.73901
1759665600000,1117.8562
1759680000000,845.443726
1759694400000,1678.85779
1759708800000,1861.35938
1759723200000,1246.63599
1759737600000,1984.99683
1759752000000,2492.06714
1759766400000,2592.39062
1759780800000,1746.1344
1759795200000,1331.94067
1759809600000,644.959351
1759824000000,1349.9281
1759838400000,-1151.76245
1759852800000,-1175.5188
1759867200000,-1443.32971
1759881600000,-1326.97034
1759896000000,-1060.93286
1759910400000,208.059372
1759924800000,-450.609375
1759939200000,717.564087
1759953600000,567.204712
1759968000000,-663.242188
1759982400000,-775.345337
1759996800000,95.279686
1760011200000,-1324.42346
1760025600000,-1238.09534
1760040000000,-547.075012
1760054400000,-1119.62659
1760068800000,-1205.09375
1760083200000,-577.679688
1760097600000,-2745.52661
1760112000000,-4406.29688
1760126400000,-3409.73438
1760140800000,-3752.92969
1760155200000,-5439.82031
1760169600000,-3378.16406
1760184000000,-3798.82031
1760198400000,-4291.28125
1760212800000,-4645.98584
1760227200000,-4447.53418
1760241600000,-3483.82495
1760256000000,-3129.00146
1760270400000,-1549.90002
1760284800000,-361.162506
1760299200000,256.185944
1760313600000,109.099998
1760328000000,643.148438
1760342400000,-545.8703
1760356800000,-367.520325
1760371200000,1060.79688
1760385600000,411.017181
1760400000000,-1251.23755
1760414400000,-2824.39062
1760428800000,-2695.9126
1760443200000,-736.054688
1760457600000,-823.467163
1760472000000,-354.893738
1760486400000,-1331.95935
1760500800000,-724.079712
1760515200000,-1295.62036
1760529600000,-2243.39697
1760544000000,-1727.8844
1760558400000,-2157.25635
1760572800000,-1538.53748
1760587200000,-2154.5625
1760601600000,-1200.9906
1760616000000,-3672.74683
1760630400000,-3599.88599
1760644800000,-3558.17505
1760659200000,-2484.2312
1760673600000,-5666.04688
1760688000000,-4990.70166
1760702400000,-3529.60156
1760716800000,-3629.6001
1760731200000,-3578.2937
1760745600000,-2892.13135
1760760000000,-3204.77808
1760774400000,-2656.45459
1760788800000,-2867.86572
1760803200000,-2594.22339
1760817600000,-2449.56714
1760832000000,-2332.29224
1760846400000,-2760.39209
1760860800000,-1506.84692
1760875200000,-715.924988
1760889600000,-236.790619
1760904000000,-507.640625
1760918400000,971.325012
1760932800000,1918.96558
1760947200000,1671.73755
1760961600000,1664.31091
1760976000000,1258.07812
1760990400000,937.3703
1761004800000,-522.90155
1761019200000,-1313.67346
1761033600000,-688.996887
1761048000000,3480.71411
1761062400000,1524.12341
1761076800000,-1865.1687
1761091200000,-1862.74219
1761105600000,-1664.43286
1761120000000,-2269.77344
1761134400000,-1250.01562
1761148800000,-1706.07971
1761163200000,-1878.29224
1761177600000,-1028.1156
1761192000000,-116.134377
1761206400000,-138.165619
1761220800000,501.412506
1761235200000,721.431274
1761249600000,563.859375
1761264000000,927.434387
1761278400000,1457.71252
1761292800000,1347.07031
1761307200000,147.385941
1761321600000,689.960938
1761336000000,1082.34998
1761350400000,1071.40308
1761364800000,1499.90308
1761379200000,1542.5625
1761393600000,1321.17188
1761408000000,1541.67969
1761422400000,1547.55627
1761436800000,1137.30786
1761451200000,1584.35938
1761465600000,2861.07178
1761480000000,2965.98584
1761494400000,2782.1875
1761508800000,3324.97021
1761523200000,3476.15308
1761537600000,3603.85474
1761552000000,3179.59692
1761566400000,2447.69531
1761580800000,2208.7937
1761595200000,1263.95471
1761609600000,981.445312
1761624000000,1191.60315
1761638400000,1304.99377
1761652800000,1282.7063
1761667200000,219.648438
1761681600000,-482.518738
1761696000000,-838.806274
1761710400000,218.259369
1761724800000,-196.259369
1761739200000,-1672.08594
1761753600000,-1959.94214
1761768000000,-2454.58276
1761782400000,-1638.46558
1761796800000,-661.72345
1761811200000,-2211.5249
1761825600000,-3694.84521
1761840000000,-4541.96875
1761854400000,-2633.19531
1761868800000,-1584.7688
1761883200000,-1302.0719
1761897600000,-255.793747
1761912000000,-471.320312
1761926400000,-726.234375
1761940800000,-933.617188
1761955200000,-316.595306
1761969600000,-468.40625
1761984000000,-384.834381
1761998400000,-199.715622
1762012800000,-182.628128
1762027200000,-384.760925
1762041600000,-429.240631
1762056000000,404.123444
1762070400000,694.5672
1762084800000,-378.701569
1762099200000,-286.926575
1762113600000,103.720314
1762128000000,-2316.70166
1762142400000,-2489.9751
1762156800000,-1879.74219
1762171200000,-3358.14844
1762185600000,-1716.52808
1762200000000,-2099.80786
1762214400000,-1338.36255
1762228800000,-3597.08594
1762243200000,-3141.60474
1762257600000,-3962.66553
1762272000000,-5377.96582
1762286400000,-3607.76709
1762300800000,-2509.32812
1762315200000,-2522.90771
1762329600000,-2293.42041
1762344000000,-558.318726
1762358400000,-250.201569
1762372800000,-362.765625
1762387200000,-562.832825
1762401600000,-970.385925
1762416000000,-878.8125
1762430400000,-1939.90784
1762444800000,-2270.13281
1762459200000,-2216.58276
1762473600000,-1519.92969
1762488000000,-1367.04688
1762502400000,-2795.51416
1762516800000,-2061.32031
1762531200000,594.460938
1762545600000,505.742188
1762560000000,-255.795319
1762574400000,-470.02655
1762588800000,-938.65625
1762603200000,-1044.63745
1762617600000,-741.270325
1762632000000,-395.865631
1762646400000,-1020.82501
1762660800000,-719.290649
1762675200000,-374.139069
1762689600000,1028.6344
1762704000000,1968.01721
1762718400000,1711.50781
1762732800000,2730.99854
1762747200000,3017.01562
1762761600000,2565.85938
1762776000000,1190.79688
1762790400000,1848.67188
1762804800000,1963.33752
1762819200000,2150.93604
1762833600000,404.889069
1762848000000,917.235962
1762862400000,-885.75
1762876800000,-1171.22815
1762891200000,-1201.13123
1762905600000,-896.429688
1762920000000,-1042.3125
1762934400000,841.735962
1762948800000,-1868.5719
1762963200000,-2522.55005
1762977600000,-2113.35791
1762992000000,-1512.10779
1763006400000,-139.420319
1763020800000,-641.349976
1763035200000,-1978.30151
1763049600000,-3898.87354
1763064000000,-2581.42334
1763078400000,-2822.38428
1763092800000,-4036.36572
1763107200000,-4580.7373
1763121600000,-3270.54224
1763136000000,-3885.97192
1763150400000,-4801.92969
1763164800000,-2837.02197
1763179200000,-2795.87354
1763193600000,-3336.8125
1763208000000,-2611.64526
1763222400000,-2762.07959
1763236800000,-3081.97021
1763251200000,-2762.77661
1763265600000,-2457.75781
1763280000000,-2834.76709
1763294400000,-3732.26562
1763308800000,-3704.4187
1763323200000,-2885.81885
1763337600000,-1523.14685
1763352000000,-1340.61096
1763366400000,-1336.58594
1763380800000,-2662.80151
1763395200000,-4334.11084
1763409600000,-3522.11572
1763424000000,-4248.76855
1763438400000,-4118.49219
1763452800000,-2848.41553
1763467200000,-1229.20776
1763481600000,-873.65625
1763496000000,-1029.60474
1763510400000,-2018.70471
1763524800000,-1826.20471
1763539200000,-2159.13281
1763553600000,-3327.48291
1763568000000,-3941.47656
1763582400000,-1085.6781
1763596800000,-148.382812
1763611200000,-290.543762
1763625600000,-650.978149
1763640000000,-2484.36401
1763654400000,-4442.3999
1763668800000,-4427.8252
1763683200000,-4795.57812
1763697600000,-5455.25928
1763712000000,-6185.53125
1763726400000,-4669.01416
1763740800000,-3058.3313
1763755200000,-2015.56409
1763769600000,-2639.15308
1763784000000,-2395.375
1763798400000,-2771.94531
1763812800000,-2479.73291
1763827200000,-2089.75781
1763841600000,-1941.33594
1763856000000,-314.614075
1763870400000,-795.014038
1763884800000,-240.910934
1763899200000,505.045319
1763913600000,711.264038
1763928000000,195.821869
1763942400000,742.582825
1763956800000,293.201569
1763971200000,-461.404694
1763985600000,-47.8234367
1764000000000,1544.62183
1764014400000,1423.5625
1764028800000,897.289062
1764043200000,453.398438
1764057600000,403.393738
1764072000000,-2.3125
1764086400000,-104.567184
1764100800000,363.217194
1764115200000,99.4140625
1764129600000,889.159363
1764144000000,30.2562504
1764158400000,-74.1671906
1764172800000,2708.56567
1764187200000,3090.11084
1764201600000,3388.20459
1764216000000,3588.57178
1764230400000,3394.40625
1764244800000,2695.79053
1764259200000,3156.56104
1764273600000,2834.80933
1764288000000,2543.22803
1764302400000,2150.31885
1764316800000,2493.42188
1764331200000,3068.78271
1764345600000,1681.875
1764360000000,1385.88745
1764374400000,1149.56873
1764388800000,1006.13904
1764403200000,1108.76245
1764417600000,1468.28906
1764432000000,1000.56409
1764446400000,1113.1344
1764460800000,1188.68286
1764475200000,1216.125
1764489600000,1153.15784
1764504000000,1453.0437
1764518400000,1437.65161
1764532800000,269.831238
1764547200000,-3044.93286
1764561600000,-2470.0813
1764576000000,-2745.05933
1764590400000,-3432.31104
1764604800000,-2660.28906
1764619200000,-1208.31567
1764633600000,-493.728119
1764648000000,-426.746887
1764662400000,-34.9593735
1764676800000,3069.38916
1764691200000,3643.08447
1764705600000,2805.40625
1764720000000,3850.81885
1764734400000,3867.47339
1764748800000,3707.32031
1764763200000,2676.34839
1764777600000,3057.10156
1764792000000,3250.59375
1764806400000,3167.03271
1764820800000,2924.65625
1764835200000,2326.75635
1764849600000,2160.97803
1764864000000,1031.81873
1764878400000,1084.28589
1764892800000,1122.70154
1764907200000,1174.07349
1764921600000,234.214066
1764936000000,-593.876587
1764950400000,-1211.98279
1764964800000,-1480.5188
1764979200000,-1108.33276
1764993600000,-1174.27808
1765008000000,-1128.68286
1765022400000,-955.474976
1765036800000,-1256.99841
1765051200000,-1388.28748
1765065600000,-882.542175
1765080000000,-1182.5719
1765094400000,-1371.68909
1765108800000,-704.032837
1765123200000,1108.39062
1765137600000,81.389061
1765152000000,723.046875
1765166400000,1133.15161
1765180800000,1429.23438
1765195200000,-572.423462
1765209600000,-387.529694
1765224000000,134.121872
1765238400000,-102.317184
1765252800000,12.140625
1765267200000,-90.5124969
1765281600000,1998.41565
1765296000000,2512.15625
1765310400000,1270.34058
1765324800000,951.434387
1765339200000,1280.47656
1765353600000,572.84375
1765368000000,474.453125
1765382400000,1235.54065
1765396800000,139.537506
1765411200000,-1815.6781
1765425600000,-1368.11877
1765440000000,-1353
1765454400000,-1584.82654
1765468800000,-540.34375
1765483200000,1050.81714
1765497600000,773.059387
1765512000000,884.25
1765526400000,843.9953
1765540800000,-1537.43591
1765555200000,-1107.01721
1765569600000,-1052.51562
1765584000000,-967.03125
1765598400000,-970.232788
1765612800000,-940.273438
1765627200000,-1160.22656
1765641600000,-1047.41724
1765656000000,-936.40625
1765670400000,-890.462524
1765684800000,-905.664062
1765699200000,-1597.98279
1765713600000,-1845.27185
1765728000000,-2105.70312
1765742400000,-2411.19678
1765756800000,-1104.3313
1765771200000,-592.015625
1765785600000,-659.8172
1765800000000,-2836.08594
1765814400000,-3194.44678
1765828800000,-2750.55933
1765843200000,-3097.2937
1765857600000,-2763.05615
1765872000000,-1419.50159
1765886400000,-469.351562
1765900800000,-762.314087
1765915200000,-472.335938
1765929600000,-1099.4375
1765944000000,-1160.59692
1765958400000,-1174.86096
1765972800000,-910.828125
1765987200000,-1945.6438
1766001600000,-1680.98279
1766016000000,-1261.76562
1766030400000,-990.539062
1766044800000,-525.373413
1766059200000,597.217163
1766073600000,-3097.26709
1766088000000,-1955.71875
1766102400000,-502.110931
1766116800000,527.145325
1766131200000,745
1766145600000,412.6922
1766160000000,254.935944
1766174400000,539.490601
1766188800000,619.443726
1766203200000,665.168762
1766217600000,657.978149
1766232000000,531.28595
1766246400000,589.639038
1766260800000,717.418762
1766275200000,424.037506
1766289600000,510.607819
1766304000000,847.21405
1766318400000,284.537506
1766332800000,678.2547
1766347200000,811.259399
1766361600000,773.268738
1766376000000,1144.36255
1766390400000,1747.59534
1766404800000,1212.43591
1766419200000,-484.303131
1766433600000,70.0078125
1766448000000,-379.4328
1766462400000,-928.460938
1766476800000,-618.3078
1766491200000,-920.051575
1766505600000,-546.643738
1766520000000,-795.731262
1766534400000,-858.739075
1766548800000,-1260.61719
1766563200000,-922.065613
1766577600000,-999.748413
1766592000000,-455.465637
1766606400000,-333.265625
1766620800000,-166.668747
1766635200000,-157.704681
1766649600000,-469.634369
1766664000000,362.153137
1766678400000,147.84375
1766692800000,-717.139038
1766707200000,785.599976
1766721600000,333.075012
1766736000000,387.578125
1766750400000,-937.1875
1766764800000,-540.059387
1766779200000,-636.678101
1766793600000,-470.854675
1766808000000,-428.023438
1766822400000,-505.539062
1766836800000,-402.717194
1766851200000,-392.603119
1766865600000,-73.7937469
1766880000000,-199.296875
1766894400000,-209.360931
1766908800000,-70.9593735
1766923200000,-103.787498
1766937600000,-405.564056
1766952000000,20.3937492
1766966400000,1869.8219
1766980800000,1186.33594
1766995200000,-885.331238
1767009600000,-626.804688
1767024000000,-914.453125
1767038400000,-999.743774
1767052800000,-832.96875
1767067200000,-716.054688
1767081600000,-271.421875
1767096000000,782.392212
1767110400000,-55.3828125
1767124800000,217.626556
1767139200000,148.345306
1767153600000,295.087494
1767168000000,670.023438
1767182400000,-388.690613
1767196800000,-744.418762
1767211200000,-598.970337
1767225600000,-378.231262
1767240000000,-580.484375
1767254400000,-188.710938
1767268800000,-169.287506
1767283200000,189.907806
1767297600000,611.693726
1767312000000,648.828125
1767326400000,499.467194
1767340800000,971.623413
1767355200000,696.123413
1767369600000,945.53125
1767384000000,994.03125
1767398400000,1305.42188
1767412800000,519.72345
1767427200000,648.168762
1767441600000,834.328125
1767456000000,974.993774
1767470400000,1433.09375
1767484800000,1808.15625
1767499200000,1943.87341
1767513600000,1635.63281
1767528000000,1615.28906
1767542400000,1323.59375
1767556800000,1629.75
1767571200000,2324.23755
1767585600000,1801.31409
1767600000000,2202.59229
1767614400000,2562.59375
1767628800000,2236.39844
1767643200000,1640.31873
1767657600000,1430.6687
1767672000000,816.006226
1767686400000,1362.94531
1767700800000,1019.33435
1767715200000,-468.993744
1767729600000,1091.71716
1767744000000,138.25
1767758400000,174.431244
1767772800000,-556.742188
1767787200000,-1176.90942
1767801600000,-1224.72815
1767816000000,-999.782837
1767830400000,-1517.56567
1767844800000,-1675.89685
1767859200000,-1888.74219
1767873600000,-1191.52502
1767888000000,-915.070312
1767902400000,-734.915649
1767916800000,-586.015625
1767931200000,-1018.2406
1767945600000,-1187.50159
1767960000000,-367.257812
1767974400000,-1159.8219
1767988800000,-838.818726
1768003200000,-829.121887
1768017600000,-787.101562
1768032000000,-712.09375
1768046400000,-774.226562
1768060800000,-806.631226
1768075200000,-921.448425
1768089600000,-674.6297
1768104000000,-692.523438
1768118400000,-638.414062
1768132800000,-486.009369
1768147200000,-650.903137
1768161600000,-260.837494
1768176000000,460.501556
1768190400000,23.7765617
1768204800000,-682.578125
1768219200000,387.835938
1768233600000,524.585938
1768248000000,-61.84375
1768262400000,67.6953125
1768276800000,582.450012
1768291200000,560.678101
1768305600000,1764.67969
1768320000000,2279.32178
1768334400000,2911.07031
1768348800000,2990.03906
1768363200000,2228.59375
1768377600000,1696.27344
1768392000000,3056.55322
1768406400000,2972.93115
1768420800000,2467.16553
1768435200000,1356.61719
1768449600000,1910.21094
1768464000000,1783.79688
1768478400000,1689.37183
1768492800000,418.790619
1768507200000,480.546875
1768521600000,208.859375
1768536000000,525.303101
1768550400000,275.398438
1768564800000,-554.382812
1768579200000,-137.782806
1768593600000,404.384369
1768608000000,203.889069
1768622400000,-48.4484367
1768636800000,166.368744
1768651200000,430.368744
1768665600000,147.912506
1768680000000,-1.36874998
1768694400000,34.654686
1768708800000,-79.734375
1768723200000,2.3671875
1768737600000,-50.3203125
1768752000000,213.426559
1768766400000,-1318.65466
1768780800000,-1632.29065
1768795200000,-1417.29065
1768809600000,-1013.23907
1768824000000,-1101.1344
1768838400000,-1015.91876
1768852800000,-1451.95471
1768867200000,-1589.22656
1768881600000,-2519.61719
1768896000000,-2350.20947
1768910400000,-2579.60938
1768924800000,-3011.55786
1768939200000,-3888.04053
1768953600000,-2699.98438
1768968000000,-2674.03125
1768982400000,-2981.73291
1768996800000,-1224.90308
1769011200000,-685.212524
1769025600000,-1464.83594
1769040000000,-999.521851
1769054400000,-1048.21094
1769068800000,-894.551575
1769083200000,-1673.64844
1769097600000,-813.371887
1769112000000,-1023.31409
1769126400000,-618.959351
1769140800000,-946.731262
1769155200000,-1197.4281
1769169600000,-571.0578
1769184000000,-301.732819
1769198400000,-683.556274
1769212800000,-516.270325
1769227200000,-675.150024
1769241600000,-671.609375
1769256000000,-983.985962
1769270400000,-907.959351
1769284800000,-990.40625
1769299200000,-1228.41724
1769313600000,-1451.15466
1769328000000,-1432.26562
1769342400000,-1482.46252
1769356800000,-2618.61865
1769371200000,-2217.83911
1769385600000,-1488.9563
1769400000000,-708.103149
1769414400000,-817.820312
1769428800000,-907.4422
1769443200000,-465.571869
1769457600000,-120.071877
1769472000000,297.478119
1769486400000,-157.293747
1769500800000,-483.664062
1769515200000,-402.762512
1769529600000,-2.125
1769544000000,737.039062
1769558400000,581.696899
1769572800000,580.615601
1769587200000,1409.03284
1769601600000,672.375
1769616000000,533.189087
1769630400000,348.789062
1769644800000,-859.407837
1769659200000,-547.632812
1769673600000,-995.928101
1769688000000,-3138.06396
1769702400000,-3396.75
1769716800000,-2591.19531
1769731200000,-3618.88916
1769745600000,-3283.71094
1769760000000,-2874.89844
1769774400000,-2909.56714
1769788800000,-1293.21252
1769803200000,-1249.21411
1769817600000,-1471.33594
1769832000000,-1920.13281
1769846400000,-2366.8501
1769860800000,-3587.44849
1769875200000,-5162.57324
1769889600000,-3911.07959
1769904000000,-3583.15942
1769918400000,-3773.12354
1769932800000,-3285.03906
1769947200000,-4137.39355
1769961600000,-4252.63428
1769976000000,-3748.51562
1769990400000,-3895.77026
1770004800000,-3260.2063
1770019200000,-1994.74536
1770033600000,-763.121887
1770048000000,-1234.44531
1770062400000,-781.6875
1770076800000,-758.679688
1770091200000,-691.506226
1770105600000,-1342.625
1770120000000,-1117.78589
1770134400000,-3443.96558
1770148800000,-2379.58594
1770163200000,-1378.22339
1770177600000,-1559.88123
1770192000000,-1938.32971
1770206400000,-3378.71094
1770220800000,-2950.125
1770235200000,-3376.56396
1770249600000,-4827.09863
1770264000000,-4687.39062
1770278400000,-4642.74219
1770292800000,-6157.10938
1770307200000,-7509.58447
1770321600000,-8546.36719
1770336000000,-5641.07812
1770350400000,-4646.00781
1770364800000,-2653.15771
1770379200000,-513.298462
1770393600000,1478.28906
1770408000000,1287.64844
1770422400000,1580.7594
1770436800000,-1196.82812
1770451200000,-1296.05786
1770465600000,-132.104691
1770480000000,121.304688
1770494400000,41.6937485
1770508800000,-158.362503
1770523200000,444.890625
1770537600000,1668.17346
1770552000000,1838.91089
1770566400000,2021.08276
1770580800000,847.90155
1770595200000,1747.28125
1770609600000,815.042175
1770624000000,-652.5
1770638400000,31.7406254
1770652800000,1338.20776
1770667200000,552.954712
1770681600000,-105.212502
1770696000000,-692.032837
1770710400000,-1041.78442
1770724800000,-227.070312
1770739200000,-437.014069
1770753600000,-673.448425
1770768000000,-1280.28906
1770782400000,-2222.19995
1770796800000,-2094.37964
1770811200000,-2317.17822
1770825600000,-1072.18286
1770840000000,-1516.05469
1770854400000,-982.912476
1770868800000,-1294.22034
1770883200000,-388.420319
1770897600000,-1241.97339
1770912000000,-2269.8999
1770926400000,-1742.67651
1770940800000,-1358.39685
1770955200000,-1630.73755
1770969600000,-599.073425
1770984000000,839.123413
1770998400000,988.914062
1771012800000,870.865601
1771027200000,979.606262
1771041600000,1180.91089
1771056000000,2328.06104
1771070400000,1471.88599
1771084800000,1502.11255
1771099200000,1382.9281
1771113600000,1444.36255
1771128000000,1970.64685
1771142400000,1344.47656
1771156800000,100.585938
1771171200000,-659.728149
1771185600000,-124.553123
1771200000000,-488.951569
1771214400000,-305.443756
1771228800000,-27.2015629
1771243200000,-1251.67651
1771257600000,-848.393738
1771272000000,142.546875
1771286400000,-277.207825
1771300800000,-333.820312
1771315200000,-835.15625
1771329600000,-1162.49219
1771344000000,-634.918762
1771358400000,-905.046875
1771372800000,-684.748413
1771387200000,-183.90625
1771401600000,-886.789062
1771416000000,-463.046875
1771430400000,-1830.3844
1771444800000,-1465.02344
1771459200000,-841.685913
1771473600000,-565.446899
1771488000000,-1219.72815
1771502400000,-1136.29846
1771516800000,-436.398438
1771531200000,-462.815613
1771545600000,-83.9328156
1771560000000,355.5
1771574400000,-147.070312
1771588800000,124.385941
1771603200000,177.884369
1771617600000,543.110962
1771632000000,159.751556
1771646400000,329.28125
1771660800000,543.323425
1771675200000,1030.07031
1771689600000,928.248413
1771704000000,354.820312
1771718400000,392.704681
1771732800000,336.737488
1771747200000,539.3703
1771761600000,9.94843769
1771776000000,-254.287506
1771790400000,-41.703125
1771804800000,-2321.30469
1771819200000,-1139.79688
1771833600000,-810.668762
1771848000000,-1211.14844
1771862400000,-2293.2124
1771876800000,-1802.88904
1771891200000,-2600.1499
1771905600000,-2393.22656
1771920000000,-2184.10791
1771934400000,-1157.86328
1771948800000,-657.424988
1771963200000,-973.400757
1771977600000,329.040619
1771992000000,-39.5648422
1772006400000,343.162506
1772020800000,2095.73193
1772035200000,3191.93286
1772049600000,1936.86877
1772064000000,2081.73438
1772078400000,1644.57031
1772092800000,1768.85779
1772107200000,1006.66565
1772121600000,1120.23755
1772136000000,985.429688
1772150400000,1089.96875
1772164800000,1091.73901
1772179200000,-485.5
1772193600000,-457.878113
1772208000000,-1126.48279
1772222400000,-593.492188
1772236800000,-668.034363
1772251200000,-2350.09229
1772265600000,-2186.30615
1772280000000,-1088.12341
1772294400000,438.085938
1772308800000,955.637512
1772323200000,1360.1344
1772337600000,973.168762
1772352000000,267.881256
1772366400000,607.695312
1772380800000,-270.142181
1772395200000,-420.3172
1772409600000,596.643738
1772424000000,-215.814056
1772438400000,147.171875
1772452800000,2582.98584
1772467200000,2014.64062
1772481600000,1792.25781
1772496000000,1259.52966
1772510400000,1017.74689
1772524800000,-136.03125
1772539200000,547.503113
1772553600000,1163.52026
1772568000000,1027.43127
1772582400000,391.017181
1772596800000,2008.17029
1772611200000,2870.64062
1772625600000,4538.05957
1772640000000,4293.5752
1772654400000,3098.47192
1772668800000,2782.25781
1772683200000,2127.07812
1772697600000,2799.67505
1772712000000,1401.42346
1772726400000,593.709351
1772740800000,522.090637
1772755200000,685.428101
1772769600000,630.759399
1772784000000,-216.28125
1772798400000,-1680.72498
1772812800000,-1943.66248
1772827200000,-1877.79846
1772841600000,-1817.29846
1772856000000,-1996.45312
1772870400000,-1791.13904
1772884800000,-1796.32031
1772899200000,-2493.71729
1772913600000,-2243.6687
1772928000000,-2409.05615
1772942400000,-1943.88281
1772956800000,-1627.07812
1772971200000,-1841.73438
1772985600000,-1668.19373
1773000000000,-2801.5
1773014400000,-1426.56873
1773028800000,-1032.90466
1773043200000,-768.232788
1773057600000,336.946869
1773072000000,430.960938
1773086400000,-137.078125
1773100800000,749.945312
1773115200000,1609.80627
1773129600000,1588.7406
1773144000000,2069.67822
1773158400000,691.564087
1773172800000,572.150024
1773187200000,139.746872
1773201600000,236.828125
1773216000000,-234.473434
1773230400000,717.398438
1773244800000,1091.38599
1773259200000,603.695312
1773273600000,-140.748444
1773288000000,229.634369
1773302400000,798.204712
1773316800000,664.349976
1773331200000,735.012512
1773345600000,796.642212
1773360000000,1535.54688
1773374400000,1664.51099
1773388800000,2106.71875
1773403200000,1273.49683
1773417600000,483.689056
1773432000000,224.425003
1773446400000,350.390625
1773460800000,-135.304688
1773475200000,10.1703129
1773489600000,-129.015625
1773504000000,-27.0859375
1773518400000,465.920319
1773532800000,597.835938
1773547200000,680.873413
1773561600000,1031.83752
1773576000000,634.081238
1773590400000,651.670288
1773604800000,1689.9812
1773619200000,2103.73438
1773633600000,1593.43909
1773648000000,1554.8844
1773662400000,906.634399
1773676800000,1411.05005
1773691200000,2083.80469
1773705600000,1350.82812
1773720000000,1072.33752
1773734400000,779.1297
1773748800000,596.1203
1773763200000,1134.99219
1773777600000,493.6922
1773792000000,1031.83435
1773806400000,424.84375
1773820800000,-500.095306
1773835200000,-1711.42346
1773849600000,-2017.98901
1773864000000,-1727.1438
1773878400000,-1722.83276
1773892800000,-2557.03271
1773907200000,-2670.89844
1773921600000,-2823.54224
1773936000000,-1812.91724
1773950400000,-2087.59229
1773964800000,-1210.93909
1773979200000,-1040.26099
1773993600000,-1357.4469
1774008000000,-1682.45776
1774022400000,-1282.47815
1774036800000,-883.3125
1774051200000,-702.221863
1774065600000,-636.795288
1774080000000,-693.668762
1774094400000,-702.453125
1774108800000,-904.493774
1774123200000,-2164.94678
1774137600000,-1437.21558
1774152000000,-1747.32971
1774166400000,-2323.58911
1774180800000,-1570.74377
1774195200000,-2111.74365
1774209600000,-2155.6875
1774224000000,-1774.71252
1774238400000,-1284.55469
1774252800000,455.782806
1774267200000,333.046875
1774281600000,849.489075
1774296000000,1053.9281
1774310400000,625.865601
1774324800000,1373.38123
1774339200000,1171.5625
1774353600000,-136.056244
1774368000000,-611.9375
1774382400000,569.554688
1774396800000,706.767212
1774411200000,861.831238
1774425600000,1475
1774440000000,551.117188
1774454400000,521.195312
1774468800000,943.048462
1774483200000,486.762512
1774497600000,-318.740631
1774512000000,-1044.16406
1774526400000,-1121.64062
1774540800000,-1594.99536
1774555200000,-1227.1062
1774569600000,-1255.69214
1774584000000,-1452.54224
1774598400000,-2834.26416
1774612800000,-3016.09229
1774627200000,-2884.09692
1774641600000,-2447.30322
1774656000000,-2526.67041
1774670400000,-2122.00781
1774684800000,-2294.46094
1774699200000,-1485.6156
1774713600000,-1542.28589
1774728000000,-1980.29065
1774742400000,-1394.92969
1774756800000,-1584.51562
1774771200000,-1359.25
1774785600000,-1542.55933
1774800000000,-1636.57654
1774814400000,-1634.08752
1774828800000,-411.53125
1774843200000,57.0703125
1774857600000,96.0203094
1774872000000,56.032814
1774886400000,-953.709351
1774900800000,-699.131226
1774915200000,198.453125
1774929600000,-120.085938
1774944000000,-732.412476
1774958400000,-635.539062
1774972800000,420.118744
1774987200000,827.262512
1775001600000,677.768738
1775016000000,1088.55469
1775030400000,1042.15002
1775044800000,1150.27808
1775059200000,352.989075
1775073600000,292.389069
1775088000000,-1173.0437
1775102400000,-729.125
1775116800000,-1362.07971
1775131200000,-558.190613
1775145600000,-418.71875
1775160000000,-462.082825
1775174400000,-755.1297
1775188800000,-265.420319
1775203200000,-288.896881
1775217600000,-449.6875
1775232000000,-415.898438
1775246400000,-325.270325
1775260800000,-443.404694
1775275200000,-259.924988
1775289600000,-101.426559
1775304000000,112.704689
1775318400000,22.2578125
1775332800000,15.7328129
1775347200000,-133.1875
1775361600000,-451.595306
1775376000000,-259.014069
1775390400000,37.126564
1775404800000,66.6015625
1775419200000,1475.92969
1775433600000,1360.41248
1775448000000,1265.04224
1775462400000,1439.96716
1775476800000,1598.1875
1775491200000,1149.7688
1775505600000,239.648438
1775520000000,155.364059
1775534400000,-30.6546879
1775548800000,-296.700012
1775563200000,-412.420319
1775577600000,425.195312
1775592000000,2584.12817
1775606400000,1859.69531
1775620800000,2150.20312
1775635200000,2140.08594
1775649600000,1530.5
1775664000000,1478.31714
1775678400000,1175.56091
1775692800000,1062.68433
1775707200000,1018.07654
1775721600000,1124.87817
1775736000000,1964.58435
1775750400000,1763.96094
1775764800000,1275.93433
1775779200000,1289.33435
1775793600000,840.335938
1775808000000,1413.13281
1775822400000,1436.91406
1775836800000,2147.73291
1775851200000,1776.62964
1775865600000,1624.19849
1775880000000,1473.9563
1775894400000,1609.20776
1775908800000,1505.53748
1775923200000,2122.91406
1775937600000,1365.99377
1775952000000,-136.989059
1775966400000,-54.392189
1775980800000,-267.260925
1775995200000,-785.078125
1776009600000,-564.104675
1776024000000,-875.5047
1776038400000,-592.7547
1776052800000,-746.834351
1776067200000,-622.642212
1776081600000,306.1875
1776096000000,1606.00159
1776110400000,2326.7876
1776124800000,2226.6875
1776139200000,2191.28442
1776153600000,1907.29224
1776168000000,2092.90625
1776182400000,790.90625
1776196800000,705.456238
1776211200000,866.721863
1776225600000,221.054688
1776240000000,669.435913
1776254400000,263.954681
1776268800000,1345.02502
1776283200000,1074.20471
1776297600000,1101.99683
1776312000000,870.523438
1776326400000,686.793762
1776340800000,719.206238
1776355200000,1259.79688
1776369600000,1023.0047
1776384000000,429.365631
1776398400000,877.943726
1776412800000,1220.08594
1776427200000,2694.25928
1776441600000,1860.8938
1776456000000,1498.90625
1776470400000,1387.38904
1776484800000,1356.66724
1776499200000,358.28125
1776513600000,475.695312
1776528000000,-34.15625
1776542400000,4.1078124
1776556800000,-171.996872
1776571200000,-391.064056
1776585600000,-35.5109367
1776600000000,173.210938
1776614400000,-649.853149
1776628800000,-1607.53125
1776643200000,-729.178101
1776657600000,-502.760925
1776672000000,-106.918747
1776686400000,408.66095
1776700800000,928.743774
1776715200000,447.318756
1776729600000,281.359375
1776744000000,652.354675
1776758400000,919.554688
1776772800000,257.784363
1776787200000,-560.018738
1776801600000,756.059387
1776816000000,1790.83911
1776830400000,2036.95154
1776844800000,2148.77979
1776859200000,2728.58594
1776873600000,2064.99536
1776888000000,1363.89221
1776902400000,839.554688
1776916800000,1085.3656
1776931200000,668.496887
1776945600000,1241.46558
1776960000000,526.173462
1776974400000,1022.08124
1776988800000,464.251556
1777003200000,361.501556
1777017600000,870.720337
1777032000000,645.837524
1777046400000,215.992188
1777060800000,17.9937496
1777075200000,242.759369
1777089600000,56.9921875
1777104000000,236.753128
1777118400000,-88.8843765
1777132800000,-99.482811
1777147200000,190.745316
1777161600000,-38.578125
1777176000000,622.992188
1777190400000,604.487488
1777204800000,522.501587
1777219200000,674.490601
1777233600000,989.174988
1777248000000,1267.3656
1777262400000,-279.009369
1777276800000,-41.2546883
1777291200000,-974.871887
1777305600000,-823.690613
1777320000000,-295.948425
1777334400000,-809.157837
1777348800000,-697.090637
1777363200000,-1258.04688
1777377600000,-1243.79065
1777392000000,-921.584351
1777406400000,-889.303101
1777420800000,-205.574997
1777435200000,-122.289062
1777449600000,395.328125
1777464000000,-1112.60315
1777478400000,-1170
1777492800000,-894.457825
1777507200000,-685.798462
1777521600000,-380.454681
1777536000000,-469.842194
1777550400000,-42.720314
1777564800000,-103.279686
1777579200000,-182.676559
1777593600000,582.956238
1777608000000,553.476562
1777622400000,831.371887
1777636800000,1533.62659
1777651200000,1381.81873
1777665600000,1207.39685
1777680000000,1352.56873
1777694400000,1129.70935
1777708800000,1021.04376
1777723200000,1290.65784
1777737600000,1245.22656
1777752000000,1369.34534
1777766400000,838.017212
1777780800000,964.929688
1777795200000,1205.625
1777809600000,1140.12964
1777824000000,1213.32654
1777838400000,818.203125
1777852800000,2150.72021
1777867200000,1189.88281
1777881600000,235.037506
1777896000000,1282.02344
1777910400000,1150.89221
1777924800000,922.110962
1777939200000,1845.3844
1777953600000,1643.31873
1777968000000,1707.13904
1777982400000,1998.84216
1777996800000,1998.42029
1778011200000,1180.6781
1778025600000,1778.19214
1778040000000,1467.09216
1778054400000,2071.59229
1778068800000,1053.62817
1778083200000,787.081238
1778097600000,744.578125
1778112000000,133.668747
1778126400000,780.696899
1778140800000,115.171875
1778155200000,-784.037476
1778169600000,-533.33905
1778184000000,-630.224976
1778198400000,-1008.04376
1778212800000,-848.528137
1778227200000,-290.25
1778241600000,-353.078125
1778256000000,-285.625
1778270400000,-260.575012
1778284800000,-73.1687469
1778299200000,-225.576569
1778313600000,-98.875
1778328000000,74.0093765
1778342400000,453.3125
1778356800000,189.476562
1778371200000,272.665619
1778385600000,221.085938
1778400000000,315.979675
1778414400000,852.787476
1778428800000,836.876587
1778443200000,1408.24841
1778457600000,-197.139069
1778472000000,-174.956253
1778486400000,268.5672
1778500800000,483.72345
1778515200000,933.090637
1778529600000,672.492188
1778544000000,-23.4343758
1778558400000,-225.865631
1778572800000,-280.507812
1778587200000,-675.267212
1778601600000,-128.626556
1778616000000,-436.509369
1778630400000,309.087494
1778644800000,73.9109344
1778659200000,-429.185944
1778673600000,-1788.01562
1778688000000,-878.779663
1778702400000,-1161.19995
1778716800000,-1261.07031
1778731200000,-523.259399
1778745600000,-962.6875
1778760000000,1027.54688
1778774400000,976.993774
1778788800000,608.265625
1778803200000,531.462524
1778817600000,279.649994
1778832000000,82.6453094
1778846400000,-1217.07654
1778860800000,-1206.85156
1778875200000,-1236.0094
1778889600000,-1213.98755
1778904000000,-1705.67969
1778918400000,-1881.63745
1778932800000,-1687.78284
1778947200000,-1615.62036
1778961600000,-1727.04688
1778976000000,-1663.38123
1778990400000,-1409.6156
1779004800000,-1120.65942
1779019200000,-1415.61719
1779033600000,-1006.90155
1779048000000,-1634.55469
1779062400000,-1861.27026
1779076800000,-1642.25623
1779091200000,-1357.67969
1779105600000,-1593.21716
1779120000000,-1027.16406
1779134400000,-929.375
1779148800000,-1044.82349
1779163200000,-557.53595
1779177600000,-1005.11249
1779192000000,-1086.35938
1779206400000,-744.179688
1779220800000,-711.279663
1779235200000,-779.918762
1779249600000,-203.243744
1779264000000,-106.414062
1779278400000,-6.59687519
1779292800000,208.548431
1779307200000,86.0984344
1779321600000,572.703125
1779336000000,337.6922
1779350400000,-347.548431
1779364800000,-245.482819
1779379200000,178.293747
1779393600000,116.392189
1779408000000,256.515625
1779422400000,-119
1779436800000,-89.6203156
1779451200000,-694.543762
1779465600000,-1469.91565
1779480000000,-1713.07812
1779494400000,-1532.10779
1779508800000,-2286.54053
1779523200000,-1979.28442
1779537600000,-1096.87659
1779552000000,-539.834351
1779566400000,202.453125
1779580800000,173.1875
1779595200000,214.410934
1779609600000,681.5672
1779624000000,-231.479691
1779638400000,164.721878
1779652800000,434.293762
1779667200000,393.693756
1779681600000,736.460938
1779696000000,686.017212
1779710400000,926.601562
1779724800000,734.831238
1779739200000,572.154663
1779753600000,-92.0374985
1779768000000,-41.5109367
1779782400000,394.365631
1779796800000,-356.267181
1779811200000,-761.650024
1779825600000,-796.59375
1779840000000,-1020.6344
1779854400000,-642.226562
1779868800000,-809.614075
1779883200000,-1077.30933
1779897600000,-1284.11719
1779912000000,-1726.58276
1779926400000,-2539.99219
1779940800000,-1971.73596
1779955200000,-1906.15002
1779969600000,-2276.14209
1779984000000,-1662.22974
1779998400000,-1408.9281
1780012800000,-1597.25317
1780027200000,-1229.79224
1780041600000,-1141.5094
1780056000000,-663.764038
1780070400000,-841.068726
1780084800000,-891.0578
1780099200000,-823.721863
1780113600000,-781.273438
1780128000000,-733.325012
1780142400000,-389.631256
1780156800000,-296.585938
1780171200000,-431.493744
1780185600000,-154.287506
1780200000000,-419.306244
1780214400000,-338.121887
1780228800000,-618.748413
1780243200000,-673.84375
1780257600000,-495.774994
1780272000000,-373.985931
1780286400000,-1257.77344
1780300800000,-1395.83276
1780315200000,-2232.61255
1780329600000,-1561.55933
1780344000000,-1632.35156
1780358400000,-1718.93286
1780372800000,-2146.4126
1780387200000,-2508.48438
1780401600000,-3406.2251
1780416000000,-2869.42505
1780430400000,-3126.47192
1780444800000,-3499.86865
1780459200000,-1955.74377
1780473600000,-2001.32031
1780488000000,-2838.43286
1780502400000,-3152.84521
1780516800000,-4063.19214
1780531200000,-3043.33911
1780545600000,-3596.67041
1780560000000,-4186.5498
1780574400000,-2494.26245
1780588800000,-2621.09375
1780603200000,-2299.0813
1780617600000,-3234.87183
1780632000000,-2260.37354
1780646400000,-3240.84375
1780660800000,-4326.19531
1780675200000,-3987.07886
1780689600000,-2887.49536
1780704000000,-3095.11011
1780718400000,-2513.15552
1780732800000,-2557.10547
1780747200000,-2529.75391
1780761600000,-2680.271
1780776000000,-2287.55225
1780790400000,-1323.95154
1780804800000,-552.688293
1780819200000,-297.7211
1780833600000,-782.496094
1780848000000,-1520.10864
1780862400000,477.7836
1780876800000,253.757812
1780891200000,386.003906
1780905600000,552.40155
1780920000000,808.209351
1780934400000,388.184387
1780948800000,81.6999969
1780963200000,-100.660934
1780977600000,191.765625
1780992000000,-284.22345
1781006400000,-1697.94531
1781020800000,-652.326538
1781035200000,-1007.10547
1781049600000,-1174.27661
1781064000000,-969.378906
1781078400000,-1403.8844
1781092800000,237.767181
1781107200000,-443.857025
1781121600000,-844.330444
1781136000000,318.912506
1781150400000,342.542175
1781164800000,705.023438
1781179200000,341.342194
1781193600000,1129.16724
1781208000000,1126.00232
1781222400000,984.849976
1781236800000,514.625
1781251200000,1143.38354
1781265600000,873.425781
1781280000000,840.915649
1781294400000,823.007812
1781308800000,739.744507
1781323200000,1046.29919
1781337600000,1142.9563
1781352000000,1368.45544
1781366400000,1315.58435
1781380800000,1400.74536
1781395200000,1366.4375
1781409600000,1216.38599
1781424000000,1270.86487
1781438400000,638.414856
1781452800000,404.364838
1781467200000,2064.73291
1781481600000,2035.96716
1781496000000,1726.81641
1781510400000,2094.5813
1781524800000,2617.3335
1781539200000,1807.60938
1781553600000,1470.70471
1781568000000,1140.95862
1781582400000,1292.93359
1781596800000,1298.69849
1781611200000,555.246094
1781625600000,353.499207
1781640000000,327.157806
1781654400000,481.755463
1781668800000,156.792969
1781683200000,-541.862488
1781697600000,409.435944
1781712000000,-941.8078
1781726400000,-695.414062
1781740800000,-878.802368
1781755200000,-532.921875
1781769600000,-963.248413
1781784000000,-2228.604
1781798400000,-1473.01489
1781812800000,-1434.85315
1781827200000,-1510.42969
1781841600000,-1609.65625
1781856000000,-1536.80542
1781870400000,-784.021118
1781884800000,-974.894531
1781899200000,-423.173431
1781913600000,-486.18985
1781928000000,-296.989838
1781942400000,-246.331253
1781956800000,233.515625
1781971200000,6.6734376
1781985600000,348.96405
1782000000000,469.454681
1782014400000,211.647659
1782028800000,159.152344
1782043200000,199.787506
1782057600000,177.625
1782072000000,-674.476562
1782086400000,-25.5835934
1782100800000,211.09375
1782115200000,603.347656
1782129600000,651.667175
1782144000000,265.902344
1782158400000,-199.214844
1782172800000,-159.588287
1782187200000,-1168.39844
1782201600000,-1336.12341
1782216000000,-1150.8938
1782230400000,-1202.29456
1782244800000,-795.136719
1782259200000,-751.490601
1782273600000,-818.866394
1782288000000,-518.439087
1782302400000,-2616.6499
1782316800000,-2463.89062
1782331200000,-1263.86328
1782345600000,-1437.61096
1782360000000,-358.09375
1782374400000,-970.609375
1782388800000,-2169.42725
1782403200000,-2327.13208
1782417600000,-1798.90552
1782432000000,-1357.13672
1782446400000,-731.778137
1782460800000,-1750.82263
1782475200000,-705.728882
1782489600000,-1250.25549
1782504000000,-882.239868
1782518400000,-647.130493
1782532800000,-416.008606
1782547200000,-576.724976
1782561600000,-95.1882782
1782576000000,-747.249207
1782590400000,-870.874207
1782604800000,-666.902344
1782619200000,-624.904663
1782633600000,-473.111725
1782648000000,-880.639038
1782662400000,-1232.37036
1782676800000,-1074.98279
1782691200000,-500.337494
1782705600000,-451.290619
1782720000000,-480.678131
1782734400000,-501.660156
1782748800000,127.685158
1782763200000,-56.826561
1782777600000,-684.988281
1782792000000,-714.970337
1782806400000,-963.816406
1782820800000,-1539.10229
1782835200000,-1050.80933
1782849600000,-1204.63049
1782864000000,-447.864075
1782878400000,-848.045288
1782892800000,-956.860962
1782907200000,577.246887
1782921600000,437.449219
1782936000000,364.548431
1782950400000,1331.64221
1782964800000,348.203125
1782979200000,1410.33752
1782993600000,1411.20703
1783008000000,1134.72583
1783022400000,1201.39771
1783036800000,1052.63904
1783051200000,1337.83667
1783065600000,1534.49841
1783080000000,1279.56323
1783094400000,1559.85156
1783108800000,1700.77734
1783123200000,1733.43286
1783137600000,1628.17188
1783152000000,1512.01172
1783166400000,1886.03198
1783180800000,2120.66553
1783195200000,1908.54919
1783209600000,1491.76172
1783224000000,1696.12341
1783238400000,1265.55237
1783252800000,1302.0719
1783267200000,1295.84924
1783281600000,1921.52966
1783296000000,1472.93677
1783310400000,1189.90393
1783324800000,496.024231
1783339200000,1333.35156
1783353600000,1390.51331
1783368000000,1619.17114
1783382400000,692.753906
1783396800000,554.818726
1783411200000,837.521851
1783425600000,1239.04138
1783440000000,1077.53906
1783454400000,592.539856
1783468800000,-55.1523438
1783483200000,84.0164032
1783497600000,-444.927338
1783512000000,-923.417969
1783526400000,-322.511719
1783540800000,-297.521088
1783555200000,-576.143738
1783569600000,434.601562
1783584000000,188.87735
1783598400000,239.410156
1783612800000,596.788269
1783627200000,593.377319
1783641600000,1221.03906
1783656000000,1226.30005
1783670400000,1572.73901
1783684800000,1108.76636
1783699200000,957.427368
1783713600000,1168.32812
1783728000000,1119.38513
1783742400000,1120.76489
1783756800000,1133.26099
1783771200000,1047.51636
1783785600000,1144.4906
1783800000000,618.282043
1783814400000,983.681274
1783828800000,610.752319
1783843200000,703.878113
1783857600000,849.810181
1783872000000,885.469543
1783886400000,387.057037
1783900800000,-578.885925
1783915200000,-326.923431
1783929600000,-422.350769
1783944000000,-592.601562
1783958400000,-831.365601
1783972800000,-745.345337
1783987200000,-463.339844
1784001600000,-482.580475
1784016000000,-165.864059
1784030400000,1364.74927
1784044800000,1076.61255
1784059200000,1461.73828
1784073600000,1159.36951
1784088000000,776.989868
1784102400000,916.457031
1784116800000,1337.3313
1784131200000,813.434387
1784145600000,587.371887
1784160000000,392.110931
1784174400000,-20.8023434
1784188800000,16.891407
1784203200000,440.387512
1784217600000,-5.43515635
1784232000000,-421.445312
1784246400000,-645.260132
1784260800000,-1317.9812
1784275200000,-786.015625
1784289600000,-490.8414
1784304000000,213.329681
1784318400000,-11.6421871
1784332800000,39.1296883
1784347200000,64.375
1784361600000,105.685158
1784376000000,162.282806
1784390400000,568.596069
1784404800000,809.782837
1784419200000,649.307007
1784433600000,631.880493
1784448000000,366.515625
1784462400000,452.496094
