ts_ms,peak_fractal_3,trough_fractal_3,peak_fractal_5,trough_fractal_5,peak_fractal_7,trough_fractal_7,peak_fractal_9,trough_fractal_9,peak_fractal_11,trough_fractal_11
1542211200000,,,,,,,,,,
1542225600000,,5241,,,,,,,,
1542240000000,5638,,,,,,,,,
1542254400000,,,,,,,,,,
1542268800000,5621,,,,,,,,,
1542283200000,,5186.5,,5186.5,,5186.5,,5186.5,,5186.5
1542297600000,,,,,,,,,,
1542312000000,,,,,,,,,,
1542326400000,5610,,5610,,5610,,,,,
1542340800000,,,,,,,,,,
1542355200000,5569.5,5458.5,,5458.5,,,,,,
1542369600000,,,,,,,,,,
1542384000000,,,,,,,,,,
1542398400000,,5406.5,,5406.5,,5406.5,,5406.5,,5406.5
1542412800000,,,,,,,,,,
1542427200000,,5451,,,,,,,,
1542441600000,5507.5,,,,,,,,,
1542456000000,,,,,,,,,,
1542470400000,5554.5,,,,,,,,,
1542484800000,,,,,,,,,,
1542499200000,5555.5,,5555.5,,5555.5,,,,,
1542513600000,,,,,,,,,,
1542528000000,,5505,,,,,,,,
1542542400000,,,,,,,,,,
1542556800000,5669,,5669,,5669,,5669,,5669,
1542571200000,,,,,,,,,,
1542585600000,,,,,,,,,,
1542600000000,5579,,5579,,,,,,,
1542614400000,,,,,,,,,,
1542628800000,,,,,,,,,,
1542643200000,,,,,,,,,,
1542657600000,,4671.5,,,,,,,,
1542672000000,,,,,,,,,,
1542686400000,,,,,,,,,,
1542700800000,,4198.5,,4198.5,,,,,,
1542715200000,4850,,4850,,,,,,,
1542729600000,,,,,,,,,,
1542744000000,,4028.5,,4028.5,,4028.5,,4028.5,,4028.5
1542758400000,,,,,,,,,,
1542772800000,,,,,,,,,,
1542787200000,4672,,4672,,4672,,,,,
1542801600000,,,,,,,,,,
1542816000000,,,,,,,,,,
1542830400000,,4328,,4328,,4328,,,,
1542844800000,4587.5,,4587.5,,4587.5,,,,,
1542859200000,,,,,,,,,,
1542873600000,,,,,,,,,,
1542888000000,,4365,,,,,,,,
1542902400000,,,,,,,,,,
1542916800000,4482.5,,4482.5,,,,,,,
1542931200000,,,,,,,,,,
1542945600000,,4073,,4073,,4073,,4073,,4073
1542960000000,4371,,4371,,,,,,,
1542974400000,,,,,,,,,,
1542988800000,,4169.5,,4169.5,,,,,,
1543003200000,,,,,,,,,,
1543017600000,4373.5,,4373.5,,4373.5,,4373.5,,4373.5,
1543032000000,,4238,,,,,,,,
1543046400000,,,,,,,,,,
1543060800000,,,,,,,,,,
1543075200000,,,,,,,,,,
1543089600000,,,,,,,,,,
1543104000000,,,,,,,,,,
1543118400000,,,,,,,,,,
1543132800000,3931.5,3441,3931.5,3441,,3441,,3441,,3441
1543147200000,,,,,,,,,,
1543161600000,,3635,,,,,,,,
1543176000000,4115.5,,4115.5,,4115.5,,4115.5,,4115.5,
1543190400000,,,,,,,,,,
1543204800000,4077,,,,,,,,,
1543219200000,,,,,,,,,,
1543233600000,,,,,,,,,,
1543248000000,,3502,,3502,,3502,,3502,,3502
1543262400000,,,,,,,,,,
1543276800000,,,,,,,,,,
1543291200000,3797.5,,3797.5,,,,,,,
1543305600000,,3565,,3565,,,,,,
1543320000000,,,,,,,,,,
1543334400000,,,,,,,,,,
1543348800000,,,,,,,,,,
1543363200000,,,,,,,,,,
1543377600000,4069,,,,,,,,,
1543392000000,,,,,,,,,,
1543406400000,,,,,,,,,,
1543420800000,,,,,,,,,,
1543435200000,4354,,4354,,,,,,,
1543449600000,,,,,,,,,,
1543464000000,,4089,,4089,,4089,,,,
1543478400000,4393,,4393,,4393,,4393,,4393,
1543492800000,,,,,,,,,,
1543507200000,,,,,,,,,,
1543521600000,,4101,,4101,,,,,,
1543536000000,,,,,,,,,,
1543550400000,4297,,4297,,,,,,,
1543564800000,,,,,,,,,,
1543579200000,,3819.5,,3819.5,,3819.5,,3819.5,,3819.5
1543593600000,,,,,,,,,,
1543608000000,,,,,,,,,,
1543622400000,,3820,,3820,,,,,,
1543636800000,,,,,,,,,,
1543651200000,,,,,,,,,,
1543665600000,,,,,,,,,,
1543680000000,4261.5,,,,,,,,,
1543694400000,,,,,,,,,,
1543708800000,4266.5,,4266.5,,4266.5,,4266.5,,4266.5,
1543723200000,,,,,,,,,,
1543737600000,4185.5,4027,,4027,,4027,,,,
1543752000000,,,,,,,,,,
1543766400000,,,,,,,,,,
1543780800000,4183,,4183,,,,,,,
1543795200000,,3898,,3898,,,,,,
1543809600000,,,,,,,,,,
1543824000000,,,,,,,,,,
1543838400000,4016.5,,4016.5,,,,,,,
1543852800000,,3731.5,,3731.5,,3731.5,,3731.5,,3731.5
1543867200000,3879.5,,,,,,,,,
1543881600000,,,,,,,,,,
1543896000000,,3734,,3734,,,,,,
1543910400000,,,,,,,,,,
1543924800000,4000,,4000,,4000,,4000,,4000,
1543939200000,,3900.5,,,,,,,,
1543953600000,,,,,,,,,,
1543968000000,3916.5,,,,,,,,,
1543982400000,,3779,,3779,,,,,,
1543996800000,3878.5,,,,,,,,,
1544011200000,,,,,,,,,,
1544025600000,,3655,,3655,,,,,,
1544040000000,,,,,,,,,,
1544054400000,,,,,,,,,,
1544068800000,,3628,,,,,,,,
1544083200000,3841,,3841,,3841,,3841,,,
1544097600000,,,,,,,,,,
1544112000000,,,,,,,,,,
1544126400000,,,,,,,,,,
1544140800000,,3283.5,,3283.5,,3283.5,,,,
1544155200000,,,,,,,,,,
1544169600000,,,,,,,,,,
1544184000000,,,,,,,,,,
1544198400000,3534,3207.5,3534,3207.5,3534,3207.5,3534,3207.5,,3207.5
1544212800000,,,,,,,,,,
1544227200000,,,,,,,,,,
1544241600000,3492,,3492,,,,,,,
1544256000000,,,,,,,,,,
1544270400000,,3313,,,,,,,,
1544284800000,,,,,,,,,,
1544299200000,3458,,3458,,3458,,,,,
1544313600000,,3069,,3069,,3069,,3069,,3069
1544328000000,,,,,,,,,,
1544342400000,,3373,,,,,,,,
1544356800000,,,,,,,,,,
1544371200000,3629.5,,3629.5,,3629.5,,3629.5,,3629.5,
1544385600000,,3506.5,,,,,,,,
1544400000000,3588.5,,,,,,,,,
1544414400000,,,,,,,,,,
1544428800000,,,,,,,,,,
1544443200000,,,,,,,,,,
1544457600000,3554.5,3345,3554.5,3345,3554.5,3345,,,,
1544472000000,,,,,,,,,,
1544486400000,,,,,,,,,,
1544500800000,3438,,3438,,,,,,,
1544515200000,,,,,,,,,,
1544529600000,,,,,,,,,,
1544544000000,,3285.5,,3285.5,,3285.5,,3285.5,,3285.5
1544558400000,3381,,,,,,,,,
1544572800000,,3324,,,,,,,,
1544587200000,,,,,,,,,,
1544601600000,,,,,,,,,,
1544616000000,,,,,,,,,,
1544630400000,3499,,3499,,3499,,3499,,3499,
1544644800000,,,,,,,,,,
1544659200000,,,,,,,,,,
1544673600000,,3336.5,,3336.5,,,,,,
1544688000000,,,,,,,,,,
1544702400000,3413,,3413,,,,,,,
1544716800000,,,,,,,,,,
1544731200000,,,,,,,,,,
1544745600000,,3171,,3171,,3171,,,,
1544760000000,,,,,,,,,,
1544774400000,3278.5,,,,,,,,,
1544788800000,,,,,,,,,,
1544803200000,,,,,,,,,,
1544817600000,3241.5,3130.5,,3130.5,,,,,,
1544832000000,,,,,,,,,,
1544846400000,3227,,,,,,,,,
1544860800000,,,,,,,,,,
1544875200000,,,,,,,,,,
1544889600000,,,,,,,,,,
1544904000000,,,,,,,,,,
1544918400000,,,,,,,,,,
1544932800000,3260,,3260,,3260,,3260,,3260,
1544947200000,,,,,,,,,,
1544961600000,3255.5,3191.5,,,,,,,,
1544976000000,,,,,,,,,,
1544990400000,,3176.5,,3176.5,,3176.5,,3176.5,,3176.5
1545004800000,,,,,,,,,,
1545019200000,,,,,,,,,,
1545033600000,,,,,,,,,,
1545048000000,,,,,,,,,,
1545062400000,,,,,,,,,,
1545076800000,3583,,3583,,3583,,3583,,3583,
1545091200000,,,,,,,,,,
1545105600000,,,,,,,,,,
1545120000000,,3434,,3434,,3434,,,,
1545134400000,3568,,,,,,,,,
1545148800000,,,,,,,,,,
1545163200000,,,,,,,,,,
1545177600000,3772,,,,,,,,,
1545192000000,,,,,,,,,,
1545206400000,,,,,,,,,,
1545220800000,3914,,3914,,3914,,3914,,,
1545235200000,,,,,,,,,,
1545249600000,,3652,,3652,,3652,,3652,,
1545264000000,,,,,,,,,,
1545278400000,,,,,,,,,,
1545292800000,4122,,,,,,,,,
1545307200000,,,,,,,,,,
1545321600000,4170,,4170,,4170,,4170,,4170,
1545336000000,,3880,,,,,,,,
1545350400000,4167.5,,,,,,,,,
1545364800000,,3871,,3871,,,,,,
1545379200000,,,,,,,,,,
1545393600000,4090,,4090,,,,,,,
1545408000000,,,,,,,,,,
1545422400000,,3769.5,,3769.5,,3769.5,,3769.5,,3769.5
1545436800000,,,,,,,,,,
1545451200000,,3787.5,,,,,,,,
1545465600000,3928.5,,3928.5,,,,,,,
1545480000000,,3787.5,,,,,,,,
1545494400000,,,,,,,,,,
1545508800000,,,,,,,,,,
1545523200000,4030.5,,,,,,,,,
1545537600000,,3956.5,,,,,,,,
1545552000000,4052,,4052,,4052,,,,,
1545566400000,,3910,,,,,,,,
1545580800000,,,,,,,,,,
1545595200000,,3906,,3906,,3906,,3906,,3906
1545609600000,,,,,,,,,,
1545624000000,4239,,4239,,4239,,4239,,4239,
1545638400000,,,,,,,,,,
1545652800000,4233.5,,,,,,,,,
1545667200000,,3971.5,,,,,,,,
1545681600000,,,,,,,,,,
1545696000000,,3709.5,,,,,,,,
1545710400000,,,,,,,,,,
1545724800000,,,,,,,,,,
1545739200000,,3672,,3672,,3672,,3672,,3672
1545753600000,,,,,,,,,,
1545768000000,,,,,,,,,,
1545782400000,3866,,3866,,3866,,3866,,3866,
1545796800000,,,,,,,,,,
1545811200000,,,,,,,,,,
1545825600000,,3688,,3688,,3688,,3688,,
1545840000000,,,,,,,,,,
1545854400000,,,,,,,,,,
1545868800000,3841.5,,3841.5,,3841.5,,3841.5,,3841.5,
1545883200000,,3695,,3695,,,,,,
1545897600000,,,,,,,,,,
1545912000000,3774,,3774,,,,,,,
1545926400000,,,,,,,,,,
1545940800000,,3551,,3551,,3551,,3551,,3551
1545955200000,3632.5,,,,,,,,,
1545969600000,,3570,,,,,,,,
1545984000000,,,,,,,,,,
1545998400000,,,,,,,,,,
1546012800000,3954,,3954,,3954,,,,,
1546027200000,,,,,,,,,,
1546041600000,3930,,,,,,,,,
1546056000000,,,,,,,,,,
1546070400000,3991,3842,3991,,3991,,3991,,3991,
1546084800000,,,,,,,,,,
1546099200000,,,,,,,,,,
1546113600000,3939.5,3676.5,3939.5,3676.5,,3676.5,,3676.5,,3676.5
1546128000000,,,,,,,,,,
1546142400000,,,,,,,,,,
1546156800000,3877.5,,3877.5,,,,,,,
1546171200000,,3738,,,,,,,,
1546185600000,,,,,,,,,,
1546200000000,3849,,,,,,,,,
1546214400000,,3756,,,,,,,,
1546228800000,,,,,,,,,,
1546243200000,3819,3699.5,,,,,,,,
1546257600000,,,,,,,,,,
1546272000000,,3622,,3622,,3622,,3622,,3622
1546286400000,,,,,,,,,,
1546300800000,,,,,,,,,,
1546315200000,,,,,,,,,,
1546329600000,,,,,,,,,,
1546344000000,3745,,,,,,,,,
1546358400000,,3634,,3634,,3634,,3634,,3634
1546372800000,3854.5,,3854.5,,3854.5,,3854.5,,,
1546387200000,,,,,,,,,,
1546401600000,,3765.5,,,,,,,,
1546416000000,,,,,,,,,,
1546430400000,,,,,,,,,,
1546444800000,,,,,,,,,,
1546459200000,3914.5,,3914.5,,3914.5,,3914.5,,3914.5,
1546473600000,,,,,,,,,,
1546488000000,,,,,,,,,,
1546502400000,,3813.5,,,,,,,,
1546516800000,3851,,,,,,,,,
1546531200000,,3749.5,,3749.5,,3749.5,,3749.5,,
1546545600000,,,,,,,,,,
1546560000000,,3750.5,,,,,,,,
1546574400000,,,,,,,,,,
1546588800000,3817.5,,3817.5,,,,,,,
1546603200000,,3724.5,,3724.5,,3724.5,,3724.5,,3724.5
1546617600000,,,,,,,,,,
1546632000000,,,,,,,,,,
1546646400000,3882,,3882,,3882,,3882,,3882,
1546660800000,,,,,,,,,,
1546675200000,,3812.5,,3812.5,,,,,,
1546689600000,3851,,,,,,,,,
1546704000000,,,,,,,,,,
1546718400000,,,,,,,,,,
1546732800000,,3754,,3754,,3754,,3754,,3754
1546747200000,,,,,,,,,,
1546761600000,,3784.5,,,,,,,,
1546776000000,,,,,,,,,,
1546790400000,4083,,4083,,4083,,4083,,4083,
1546804800000,,,,,,,,,,
1546819200000,4081,3985,,,,,,,,
1546833600000,,,,,,,,,,
1546848000000,4052,3954,,3954,,3954,,,,
1546862400000,,,,,,,,,,
1546876800000,,3975.5,,,,,,,,
1546891200000,,,,,,,,,,
1546905600000,,3944,,3944,,3944,,3944,,3944
1546920000000,,,,,,,,,,
1546934400000,,,,,,,,,,
1546948800000,4115,,4115,,4115,,4115,,4115,
1546963200000,,3954.5,,3954.5,,3954.5,,,,
1546977600000,,,,,,,,,,
1546992000000,,3961.5,,,,,,,,
1547006400000,,,,,,,,,,
1547020800000,4044,,4044,,4044,,4044,,,
1547035200000,,3972.5,,3972.5,,,,,,
1547049600000,,,,,,,,,,
1547064000000,,,,,,,,,,
1547078400000,,,,,,,,,,
1547092800000,4035,3752,4035,3752,4035,,4035,,,
1547107200000,,,,,,,,,,
1547121600000,,,,,,,,,,
1547136000000,,3493,,3493,,3493,,3493,,3493
1547150400000,,,,,,,,,,
1547164800000,3650,,,,,,,,,
1547179200000,,3587.5,,3587.5,,,,,,
1547193600000,3670,,3670,,,,,,,
1547208000000,,3611.5,,,,,,,,
1547222400000,,,,,,,,,,
1547236800000,3691.5,3563.5,3691.5,3563.5,3691.5,3563.5,3691.5,,3691.5,
1547251200000,,,,,,,,,,
1547265600000,,,,,,,,,,
1547280000000,,,,,,,,,,
1547294400000,3643,3558,,3558,,3558,,3558,,3558
1547308800000,,,,,,,,,,
1547323200000,3646,3592.5,3646,,3646,,3646,,,
1547337600000,,,,,,,,,,
1547352000000,3626.5,,,,,,,,,
1547366400000,,,,,,,,,,
1547380800000,3637,,3637,,3637,,,,,
1547395200000,,3482.5,,3482.5,,3482.5,,3482.5,,3482.5
1547409600000,,,,,,,,,,
1547424000000,,,,,,,,,,
1547438400000,,,,,,,,,,
1547452800000,,,,,,,,,,
1547467200000,,,,,,,,,,
1547481600000,,,,,,,,,,
1547496000000,3712.5,3643,3712.5,,3712.5,,3712.5,,3712.5,
1547510400000,,,,,,,,,,
1547524800000,,,,,,,,,,
1547539200000,,,,,,,,,,
1547553600000,3669.5,3615,3669.5,,,,,,,
1547568000000,,,,,,,,,,
1547582400000,,3542.5,,3542.5,,3542.5,,3542.5,,3542.5
1547596800000,,,,,,,,,,
1547611200000,,,,,,,,,,
1547625600000,,,,,,,,,,
1547640000000,3658.5,,3658.5,,3658.5,,3658.5,,3658.5,
1547654400000,,3575.5,,,,,,,,
1547668800000,3624.5,,,,,,,,,
1547683200000,,3564.5,,,,,,,,
1547697600000,,,,,,,,,,
1547712000000,,3547,,3547,,3547,,3547,,3547
1547726400000,,,,,,,,,,
1547740800000,,,,,,,,,,
1547755200000,3660,,3660,,3660,,3660,,3660,
1547769600000,,,,,,,,,,
1547784000000,,,,,,,,,,
1547798400000,3629.5,,,,,,,,,
1547812800000,,,,,,,,,,
1547827200000,,3576,,3576,,3576,,3576,,3576
1547841600000,,,,,,,,,,
1547856000000,3627,,,,,,,,,
1547870400000,,,,,,,,,,
1547884800000,3776,,3776,,3776,,3776,,3776,
1547899200000,,,,,,,,,,
1547913600000,,3676.5,,,,,,,,
1547928000000,,,,,,,,,,
1547942400000,,3680,,,,,,,,
1547956800000,,,,,,,,,,
1547971200000,3698.5,,,,,,,,,
1547985600000,,3461.5,,3461.5,,3461.5,,3461.5,,3461.5
1548000000000,,,,,,,,,,
1548014400000,3546.5,,,,,,,,,
1548028800000,,,,,,,,,,
1548043200000,,3504,,3504,,3504,,,,
1548057600000,,,,,,,,,,
1548072000000,3570.5,,3570.5,,3570.5,,3570.5,,3570.5,
1548086400000,,,,,,,,,,
1548100800000,,3479,,3479,,,,,,
1548115200000,3561,,3561,,,,,,,
1548129600000,,,,,,,,,,
1548144000000,,3418,,3418,,3418,,3418,,3418
1548158400000,,,,,,,,,,
1548172800000,3603.5,,3603.5,,3603.5,,3603.5,,,
1548187200000,,,,,,,,,,
1548201600000,3593.5,,,,,,,,,
1548216000000,,,,,,,,,,
1548230400000,,,,,,,,,,
1548244800000,3614.5,3534.5,3614.5,,3614.5,,3614.5,,3614.5,
1548259200000,,,,,,,,,,
1548273600000,,3522,,3522,,3522,,3522,,3522
1548288000000,,,,,,,,,,
1548302400000,,3527,,,,,,,,
1548316800000,,,,,,,,,,
1548331200000,,,,,,,,,,
1548345600000,3587.5,,3587.5,,3587.5,,3587.5,,3587.5,
1548360000000,,,,,,,,,,
1548374400000,,,,,,,,,,
1548388800000,,,,,,,,,,
1548403200000,,3503.5,,3503.5,,3503.5,,3503.5,,3503.5
1548417600000,,,,,,,,,,
1548432000000,,,,,,,,,,
1548446400000,,,,,,,,,,
1548460800000,,,,,,,,,,
1548475200000,3665.5,,3665.5,,3665.5,,3665.5,,3665.5,
1548489600000,,,,,,,,,,
1548504000000,,3540.5,,3540.5,,,,,,
1548518400000,,,,,,,,,,
1548532800000,3562.5,,,,,,,,,
1548547200000,,3519,,,,,,,,
1548561600000,,,,,,,,,,
1548576000000,,,,,,,,,,
1548590400000,,3470,,3470,,,,,,
1548604800000,3553.5,,,,,,,,,
1548619200000,,,,,,,,,,
1548633600000,,,,,,,,,,
1548648000000,,3385.5,,,,,,,,
1548662400000,,,,,,,,,,
1548676800000,,3371,,3371,,3371,,,,
1548691200000,,,,,,,,,,
1548705600000,3438.5,,3438.5,,3438.5,,,,,
1548720000000,,,,,,,,,,
1548734400000,,3344,,3344,,3344,,3344,,3344
1548748800000,,,,,,,,,,
1548763200000,,,,,,,,,,
1548777600000,3418,,3418,,,,,,,
1548792000000,,,,,,,,,,
1548806400000,,3372.5,,3372.5,,3372.5,,,,
1548820800000,3436,,,,,,,,,
1548835200000,,,,,,,,,,
1548849600000,3455.5,,3455.5,,,,,,,
1548864000000,,,,,,,,,,
1548878400000,,3425.5,,,,,,,,
1548892800000,3468.5,,3468.5,,3468.5,,3468.5,,3468.5,
1548907200000,,,,,,,,,,
1548921600000,,3399.5,,,,,,,,
1548936000000,,,,,,,,,,
1548950400000,,3396,,,,,,,,
1548964800000,3425.5,,3425.5,,,,,,,
1548979200000,,3375.5,,3375.5,,3375.5,,3375.5,,3375.5
1548993600000,,,,,,,,,,
1549008000000,,,,,,,,,,
1549022400000,,,,,,,,,,
1549036800000,3460,3419,3460,,3460,,3460,,3460,
1549051200000,,,,,,,,,,
1549065600000,,,,,,,,,,
1549080000000,,,,,,,,,,
1549094400000,3445.5,3413.5,3445.5,3413.5,,3413.5,,3413.5,,3413.5
1549108800000,,,,,,,,,,
1549123200000,,3421,,,,,,,,
1549137600000,3483.5,,3483.5,,3483.5,,3483.5,,3483.5,
1549152000000,,,,,,,,,,
1549166400000,,,,,,,,,,
1549180800000,,3405.5,,,,,,,,
1549195200000,,,,,,,,,,
1549209600000,,,,,,,,,,
1549224000000,,3385.5,,3385.5,,3385.5,,3385.5,,3385.5
1549238400000,3423,,,,,,,,,
1549252800000,,,,,,,,,,
1549267200000,3435,,3435,,3435,,3435,,3435,
1549281600000,,3394.5,,3394.5,,3394.5,,,,
1549296000000,3421,,,,,,,,,
1549310400000,,,,,,,,,,
1549324800000,,3396.5,,3396.5,,,,,,
1549339200000,,,,,,,,,,
1549353600000,3429.5,,3429.5,,3429.5,,,,,
1549368000000,,3412.5,,,,,,,,
1549382400000,,,,,,,,,,
1549396800000,,,,,,,,,,
1549411200000,3440.5,3352.5,3440.5,3352.5,3440.5,,3440.5,,3440.5,
1549425600000,,,,,,,,,,
1549440000000,,,,,,,,,,
1549454400000,,3334.5,,3334.5,,3334.5,,3334.5,,3334.5
1549468800000,3375,,,,,,,,,
1549483200000,,,,,,,,,,
1549497600000,,,,,,,,,,
1549512000000,,,,,,,,,,
1549526400000,3376.5,,3376.5,,3376.5,,3376.5,,3376.5,
1549540800000,,,,,,,,,,
1549555200000,,,,,,,,,,
1549569600000,,,,,,,,,,
1549584000000,,3344,,3344,,3344,,3344,,3344
1549598400000,,,,,,,,,,
1549612800000,,,,,,,,,,
1549627200000,,,,,,,,,,
1549641600000,3716.5,,3716.5,,3716.5,,3716.5,,3716.5,
1549656000000,,,,,,,,,,
1549670400000,,,,,,,,,,
1549684800000,,,,,,,,,,
1549699200000,3639.5,,3639.5,,3639.5,,,,,
1549713600000,,,,,,,,,,
1549728000000,,3599,,3599,,,,,,
1549742400000,,,,,,,,,,
1549756800000,3633,,3633,,,,,,,
1549771200000,,3577,,3577,,3577,,3577,,3577
1549785600000,,,,,,,,,,
1549800000000,,3588.5,,,,,,,,
1549814400000,,,,,,,,,,
1549828800000,3658,,3658,,3658,,3658,,3658,
1549843200000,,,,,,,,,,
1549857600000,,,,,,,,,,
1549872000000,,3585.5,,,,,,,,
1549886400000,3614,,3614,,,,,,,
1549900800000,,3580.5,,,,,,,,
1549915200000,3604,,,,,,,,,
1549929600000,,3544.5,,3544.5,,3544.5,,3544.5,,3544.5
1549944000000,,,,,,,,,,
1549958400000,,3564.5,,,,,,,,
1549972800000,,,,,,,,,,
1549987200000,3615,,3615,,,,,,,
1550001600000,,3558.5,,3558.5,,3558.5,,3558.5,,
1550016000000,,,,,,,,,,
1550030400000,3624.5,,3624.5,,3624.5,,3624.5,,3624.5,
1550044800000,,,,,,,,,,
1550059200000,,,,,,,,,,
1550073600000,,,,,,,,,,
1550088000000,,,,,,,,,,
1550102400000,,,,,,,,,,
1550116800000,3588,,3588,,3588,,3588,,,
1550131200000,,3535.5,,3535.5,,3535.5,,3535.5,,3535.5
1550145600000,,,,,,,,,,
1550160000000,3577,,3577,,,,,,,
1550174400000,,3559,,,,,,,,
1550188800000,,,,,,,,,,
1550203200000,,,,,,,,,,
1550217600000,,,,,,,,,,
1550232000000,3610,3542,3610,3542,3610,3542,3610,3542,3610,3542
1550246400000,,,,,,,,,,
1550260800000,,,,,,,,,,
1550275200000,,,,,,,,,,
1550289600000,3595.5,,,,,,,,,
1550304000000,,,,,,,,,,
1550318400000,3607,3572,3607,3572,3607,,3607,,,
1550332800000,,,,,,,,,,
1550347200000,,,,,,,,,,
1550361600000,,3579.5,,,,,,,,
1550376000000,,,,,,,,,,
1550390400000,3680.5,,3680.5,,3680.5,,,,,
1550404800000,,3558,,3558,,3558,,3558,,3558
1550419200000,,,,,,,,,,
1550433600000,,,,,,,,,,
1550448000000,3731,,3731,,,,,,,
1550462400000,,,,,,,,,,
1550476800000,,,,,,,,,,
1550491200000,,,,,,,,,,
1550505600000,3913,,,,,,,,,
1550520000000,,,,,,,,,,
1550534400000,3955.5,,3955.5,,,,,,,
1550548800000,,,,,,,,,,
1550563200000,,3851.5,,,,,,,,
1550577600000,3969,,3969,,3969,,3969,,3969,
1550592000000,,,,,,,,,,
1550606400000,,,,,,,,,,
1550620800000,,3868.5,,3868.5,,3868.5,,,,
1550635200000,,,,,,,,,,
1550649600000,,,,,,,,,,
1550664000000,3954,,3954,,3954,,,,,
1550678400000,,,,,,,,,,
1550692800000,3944.5,,,,,,,,,
1550707200000,,,,,,,,,,
1550721600000,3960,,3960,,3960,,3960,,3960,
1550736000000,,3865,,3865,,3865,,3865,,3865
1550750400000,,,,,,,,,,
1550764800000,,3875.5,,,,,,,,
1550779200000,,,,,,,,,,
1550793600000,,,,,,,,,,
1550808000000,,3887,,,,,,,,
1550822400000,,,,,,,,,,
1550836800000,3950.5,,3950.5,,3950.5,,3950.5,,3950.5,
1550851200000,,,,,,,,,,
1550865600000,3949,,,,,,,,,
1550880000000,,,,,,,,,,
1550894400000,,,,,,,,,,
1550908800000,3942.5,,,,,,,,,
1550923200000,,3908,,3908,,3908,,3908,,3908
1550937600000,,,,,,,,,,
1550952000000,,,,,,,,,,
1550966400000,4186.5,,4186.5,,4186.5,,4186.5,,4186.5,
1550980800000,,,,,,,,,,
1550995200000,,,,,,,,,,
1551009600000,,3700,,3700,,3700,,3700,,3700
1551024000000,,,,,,,,,,
1551038400000,3798.5,,,,,,,,,
1551052800000,,,,,,,,,,
1551067200000,,,,,,,,,,
1551081600000,,3750,,,,,,,,
1551096000000,,,,,,,,,,
1551110400000,3854.5,,3854.5,,3854.5,,3854.5,,3854.5,
1551124800000,,,,,,,,,,
1551139200000,,,,,,,,,,
1551153600000,,3762.5,,3762.5,,3762.5,,,,
1551168000000,,,,,,,,,,
1551182400000,3815.5,3775,,,,,,,,
1551196800000,,,,,,,,,,
1551211200000,,,,,,,,,,
1551225600000,,3774.5,,3774.5,,3774.5,,3774.5,,
1551240000000,,,,,,,,,,
1551254400000,,,,,,,,,,
1551268800000,3820.5,3782,3820.5,,3820.5,,3820.5,,,
1551283200000,,,,,,,,,,
1551297600000,,3660,,3660,,3660,,3660,,3660
1551312000000,3815,,,,,,,,,
1551326400000,,,,,,,,,,
1551340800000,,,,,,,,,,
1551355200000,3873.5,3755,3873.5,3755,3873.5,3755,3873.5,,3873.5,
1551369600000,,,,,,,,,,
1551384000000,,,,,,,,,,
1551398400000,,,,,,,,,,
1551412800000,,,,,,,,,,
1551427200000,3824.5,,,,,,,,,
1551441600000,,,,,,,,,,
1551456000000,,,,,,,,,,
1551470400000,,3790.5,,,,,,,,
1551484800000,,,,,,,,,,
1551499200000,,,,,,,,,,
1551513600000,3819,3767,3819,3767,,3767,,3767,,3767
1551528000000,,,,,,,,,,
1551542400000,,3793,,,,,,,,
1551556800000,,,,,,,,,,
1551571200000,3815,,3815,,,,,,,
1551585600000,,,,,,,,,,
1551600000000,3814,,,,,,,,,
1551614400000,,,,,,,,,,
1551628800000,,,,,,,,,,
1551643200000,,3758,,,,,,,,
1551657600000,3803.5,,3803.5,,,,,,,
1551672000000,,,,,,,,,,
1551686400000,,3669.5,,3669.5,,3669.5,,3669.5,,3669.5
1551700800000,,,,,,,,,,
1551715200000,,,,,,,,,,
1551729600000,,3680.5,,3680.5,,,,,,
1551744000000,,,,,,,,,,
1551758400000,,,,,,,,,,
1551772800000,,,,,,,,,,
1551787200000,,,,,,,,,,
1551801600000,3873.5,,3873.5,,3873.5,,,,,
1551816000000,,,,,,,,,,
1551830400000,3857.5,,,,,,,,,
1551844800000,,3810.5,,3810.5,,3810.5,,,,
1551859200000,3896,,3896,,3896,,3896,,3896,
1551873600000,,3823,,,,,,,,
1551888000000,3855,,,,,,,,,
1551902400000,,,,,,,,,,
1551916800000,,,,,,,,,,
1551931200000,3887.5,,3887.5,,3887.5,,3887.5,,,
1551945600000,,3831.5,,3831.5,,3831.5,,3831.5,,
1551960000000,3884,,,,,,,,,
1551974400000,,,,,,,,,,
1551988800000,,,,,,,,,,
1552003200000,,3845.5,,3845.5,,,,,,
1552017600000,3923,,3923,,3923,,3923,,3923,
1552032000000,,,,,,,,,,
1552046400000,,,,,,,,,,
1552060800000,,,,,,,,,,
1552075200000,3904.5,3724.5,,3724.5,,3724.5,,3724.5,,3724.5
1552089600000,,,,,,,,,,
1552104000000,3925,,,,,,,,,
1552118400000,,,,,,,,,,
1552132800000,,,,,,,,,,
1552147200000,3943,3880,3943,3880,3943,,3943,,3943,
1552161600000,,,,,,,,,,
1552176000000,,,,,,,,,,
1552190400000,,3865,,3865,,3865,,3865,,3865
1552204800000,,,,,,,,,,
1552219200000,,3870.5,,,,,,,,
1552233600000,,,,,,,,,,
1552248000000,,,,,,,,,,
1552262400000,3912,,3912,,3912,,3912,,3912,
1552276800000,,3839.5,,,,,,,,
1552291200000,,,,,,,,,,
1552305600000,,3812,,3812,,,,,,
1552320000000,,,,,,,,,,
1552334400000,3853.5,,,,,,,,,
1552348800000,,3794.5,,3794.5,,3794.5,,3794.5,,3794.5
1552363200000,,,,,,,,,,
1552377600000,,,,,,,,,,
1552392000000,3872,,3872,,,,,,,
1552406400000,,3838.5,,,,,,,,
1552420800000,,,,,,,,,,
1552435200000,3872,,3872,,,,,,,
1552449600000,,,,,,,,,,
1552464000000,,3827,,3827,,3827,,3827,,3827
1552478400000,3869,,,,,,,,,
1552492800000,,,,,,,,,,
1552507200000,,3838.5,,,,,,,,
1552521600000,3862.5,,3862.5,,,,,,,
1552536000000,,3830,,,,,,,,
1552550400000,,,,,,,,,,
1552564800000,3900,3760,3900,3760,3900,3760,3900,3760,3900,3760
1552579200000,,,,,,,,,,
1552593600000,,,,,,,,,,
1552608000000,3867,,,,,,,,,
1552622400000,,3841,,3841,,3841,,,,
1552636800000,,,,,,,,,,
1552651200000,,,,,,,,,,
1552665600000,3903.5,,,,,,,,,
1552680000000,,3884,,,,,,,,
1552694400000,,,,,,,,,,
1552708800000,4035.5,,4035.5,,4035.5,,4035.5,,4035.5,
1552723200000,,,,,,,,,,
1552737600000,,3960,,,,,,,,
1552752000000,,,,,,,,,,
1552766400000,,,,,,,,,,
1552780800000,3987.5,,3987.5,,,,,,,
1552795200000,,3930,,3930,,3930,,3930,,3930
1552809600000,,,,,,,,,,
1552824000000,3979.5,,3979.5,,,,,,,
1552838400000,,,,,,,,,,
1552852800000,,,,,,,,,,
1552867200000,4014,,4014,,4014,,4014,,4014,
1552881600000,,,,,,,,,,
1552896000000,,3932.5,,3932.5,,3932.5,,3932.5,,3932.5
1552910400000,3966,,,,,,,,,
1552924800000,,,,,,,,,,
1552939200000,,,,,,,,,,
1552953600000,3983,,3983,,,,,,,
1552968000000,,3947,,3947,,3947,,3947,,
1552982400000,,,,,,,,,,
1552996800000,,,,,,,,,,
1553011200000,4009.5,,,,,,,,,
1553025600000,,,,,,,,,,
1553040000000,4019,3958.5,4019,3958.5,4019,3958.5,4019,,,
1553054400000,,,,,,,,,,
1553068800000,4000.5,3966,,,,,,,,
1553083200000,,,,,,,,,,
1553097600000,,,,,,,,,,
1553112000000,4046,,4046,,4046,,,,,
1553126400000,,,,,,,,,,
1553140800000,,,,,,,,,,
1553155200000,,,,,,,,,,
1553169600000,4063.5,3921,4063.5,3921,4063.5,3921,4063.5,3921,4063.5,3921
1553184000000,,,,,,,,,,
1553198400000,3979,,,,,,,,,
1553212800000,,,,,,,,,,
1553227200000,,3961,,3961,,,,,,
1553241600000,,,,,,,,,,
1553256000000,,,,,,,,,,
1553270400000,3997.5,,3997.5,,,,,,,
1553284800000,,,,,,,,,,
1553299200000,,,,,,,,,,
1553313600000,3998,,3998,,3998,,3998,,3998,
1553328000000,,,,,,,,,,
1553342400000,,3962,,3962,,,,,,
1553356800000,,,,,,,,,,
1553371200000,3981,,,,,,,,,
1553385600000,,3955,,3955,,3955,,3955,,
1553400000000,,,,,,,,,,
1553414400000,3977.5,,,,,,,,,
1553428800000,,,,,,,,,,
1553443200000,,,,,,,,,,
1553457600000,,3942.5,,3942.5,,3942.5,,,,
1553472000000,3972,,3972,,,,,,,
1553486400000,,,,,,,,,,
1553500800000,,,,,,,,,,
1553515200000,,,,,,,,,,
1553529600000,,3860,,3860,,3860,,3860,,3860
1553544000000,,,,,,,,,,
1553558400000,3919.5,,,,,,,,,
1553572800000,,3890,,,,,,,,
1553587200000,,,,,,,,,,
1553601600000,,3881.5,,3881.5,,3881.5,,,,
1553616000000,3918.5,,,,,,,,,
1553630400000,,,,,,,,,,
1553644800000,,,,,,,,,,
1553659200000,,,,,,,,,,
1553673600000,4033,,4033,,,,,,,
1553688000000,,,,,,,,,,
1553702400000,,,,,,,,,,
1553716800000,4039.5,,4039.5,,4039.5,,4039.5,,4039.5,
1553731200000,,,,,,,,,,
1553745600000,,3991.5,,3991.5,,3991.5,,3991.5,,
1553760000000,,,,,,,,,,
1553774400000,,,,,,,,,,
1553788800000,,,,,,,,,,
1553803200000,,,,,,,,,,
1553817600000,,,,,,,,,,
1553832000000,,4002,,4002,,,,,,
1553846400000,4097,,4097,,4097,,,,,
1553860800000,,,,,,,,,,
1553875200000,,,,,,,,,,
1553889600000,,4069.5,,,,,,,,
1553904000000,4128,,4128,,4128,,4128,,4128,
1553918400000,,4025.5,,4025.5,,4025.5,,4025.5,,
1553932800000,,,,,,,,,,
1553947200000,,,,,,,,,,
1553961600000,,4055.5,,4055.5,,,,,,
1553976000000,,,,,,,,,,
1553990400000,4098,,4098,,4098,,4098,,4098,
1554004800000,,,,,,,,,,
1554019200000,4096,,,,,,,,,
1554033600000,,,,,,,,,,
1554048000000,,,,,,,,,,
1554062400000,,,,,,,,,,
1554076800000,4141,4041.5,4141,4041.5,,4041.5,,4041.5,,4041.5
1554091200000,,,,,,,,,,
1554105600000,,4103,,,,,,,,
1554120000000,4144,,4144,,,,,,,
1554134400000,,,,,,,,,,
1554148800000,,4123,,,,,,,,
1554163200000,,,,,,,,,,
1554177600000,5096,,5096,,5096,,5096,,5096,
1554192000000,,,,,,,,,,
1554206400000,4836.5,4661,,,,,,,,
1554220800000,,,,,,,,,,
1554235200000,,,,,,,,,,
1554249600000,5084,,5084,,5084,,,,,
1554264000000,,4885,,,,,,,,
1554278400000,,,,,,,,,,
1554292800000,,,,,,,,,,
1554307200000,,,,,,,,,,
1554321600000,5337,4797.5,5337,4797.5,5337,4797.5,5337,4797.5,5337,4797.5
1554336000000,,,,,,,,,,
1554350400000,,,,,,,,,,
1554364800000,,4917.5,,,,,,,,
1554379200000,,,,,,,,,,
1554393600000,,,,,,,,,,
1554408000000,,4780,,4780,,4780,,4780,,4780
1554422400000,,,,,,,,,,
1554436800000,,,,,,,,,,
1554451200000,,,,,,,,,,
1554465600000,,4900,,,,,,,,
1554480000000,,,,,,,,,,
1554494400000,5066.5,,5066.5,,5066.5,,,,,
1554508800000,,4975.5,,,,,,,,
1554523200000,,,,,,,,,,
1554537600000,,4964,,4964,,,,,,
1554552000000,,,,,,,,,,
1554566400000,5241.5,,5241.5,,5241.5,,5241.5,,5241.5,
1554580800000,,4891,,4891,,4891,,4891,,4891
1554595200000,,,,,,,,,,
1554609600000,,,,,,,,,,
1554624000000,5179,,5179,,,,,,,
1554638400000,,,,,,,,,,
1554652800000,,5053,,5053,,5053,,,,
1554667200000,,,,,,,,,,
1554681600000,5339,,5339,,5339,,5339,,5339,
1554696000000,,,,,,,,,,
1554710400000,,5132.5,,5132.5,,,,,,
1554724800000,,,,,,,,,,
1554739200000,,,,,,,,,,
1554753600000,5320,,5320,,5320,,5320,,,
1554768000000,,,,,,,,,,
1554782400000,,5145,,5145,,5145,,,,
1554796800000,,,,,,,,,,
1554811200000,5245,,,,,,,,,
1554825600000,,,,,,,,,,
1554840000000,,5155.5,,5155.5,,,,,,
1554854400000,,,,,,,,,,
1554868800000,5280,,,,,,,,,
1554883200000,,,,,,,,,,
1554897600000,,,,,,,,,,
1554912000000,5467,,5467,,5467,,5467,,5467,
1554926400000,,5170.5,,,,,,,,
1554940800000,,,,,,,,,,
1554955200000,,,,,,,,,,
1554969600000,,4974,,4974,,4974,,,,
1554984000000,,,,,,,,,,
1554998400000,5086,,,,,,,,,
1555012800000,,,,,,,,,,
1555027200000,,4926,,4926,,4926,,4926,,4926
1555041600000,,,,,,,,,,
1555056000000,5096.5,,,,,,,,,
1555070400000,,,,,,,,,,
1555084800000,5121.5,,5121.5,,5121.5,,5121.5,,5121.5,
1555099200000,,5024.5,,5024.5,,,,,,
1555113600000,,,,,,,,,,
1555128000000,5113,,,,,,,,,
1555142400000,,5041,,5041,,,,,,
1555156800000,5115,,5115,,5115,,5115,,,
1555171200000,,,,,,,,,,
1555185600000,,5035,,,,,,,,
1555200000000,,,,,,,,,,
1555214400000,,5013,,5013,,5013,,5013,,5013
1555228800000,,,,,,,,,,
1555243200000,,,,,,,,,,
1555257600000,,,,,,,,,,
1555272000000,,,,,,,,,,
1555286400000,,,,,,,,,,
1555300800000,5189.5,,5189.5,,5189.5,,5189.5,,5189.5,
1555315200000,,,,,,,,,,
1555329600000,5169.5,,,,,,,,,
1555344000000,,,,,,,,,,
1555358400000,,4948.5,,4948.5,,4948.5,,4948.5,,4948.5
1555372800000,,,,,,,,,,
1555387200000,5083,,,,,,,,,
1555401600000,,,,,,,,,,
1555416000000,,5015,,5015,,5015,,,,
1555430400000,5242,,,,,,,,,
1555444800000,,,,,,,,,,
1555459200000,5278.5,,5278.5,,5278.5,,5278.5,,5278.5,
1555473600000,,,,,,,,,,
1555488000000,,,,,,,,,,
1555502400000,5264.5,5155,5264.5,5155,,5155,,5155,,
1555516800000,,,,,,,,,,
1555531200000,,,,,,,,,,
1555545600000,,,,,,,,,,
1555560000000,5305.5,,5305.5,,,,,,,
1555574400000,,5224,,5224,,,,,,
1555588800000,,,,,,,,,,
1555603200000,,5232,,,,,,,,
1555617600000,5313.5,,5313.5,,5313.5,,5313.5,,,
1555632000000,,5166.5,,5166.5,,5166.5,,5166.5,,5166.5
1555646400000,,,,,,,,,,
1555660800000,,,,,,,,,,
1555675200000,,,,,,,,,,
1555689600000,5379,,5379,,5379,,5379,,5379,
1555704000000,,5252.5,,,,,,,,
1555718400000,,,,,,,,,,
1555732800000,,,,,,,,,,
1555747200000,5356.5,5294.5,5356.5,,5356.5,,,,,
1555761600000,,,,,,,,,,
1555776000000,,,,,,,,,,
1555790400000,,5255,,5255,,,,,,
1555804800000,5348,,5348,,5348,,,,,
1555819200000,,,,,,,,,,
1555833600000,,,,,,,,,,
1555848000000,,5210,,5210,,5210,,5210,,5210
1555862400000,,,,,,,,,,
1555876800000,5303.5,,5303.5,,,,,,,
1555891200000,,,,,,,,,,
1555905600000,,,,,,,,,,
1555920000000,,,,,,,,,,
1555934400000,,5215,,5215,,5215,,5215,,5215
1555948800000,5437.5,,,,,,,,,
1555963200000,,,,,,,,,,
1555977600000,,,,,,,,,,
1555992000000,5650.5,,5650.5,,5650.5,,5650.5,,5650.5,
1556006400000,,,,,,,,,,
1556020800000,,,,,,,,,,
1556035200000,5615.5,,5615.5,,,,,,,
1556049600000,,,,,,,,,,
1556064000000,,,,,,,,,,
1556078400000,5620.5,5371,5620.5,5371,5620.5,,5620.5,,5620.5,
1556092800000,,,,,,,,,,
1556107200000,,,,,,,,,,
1556121600000,,5367,,5367,,5367,,5367,,5367
1556136000000,,,,,,,,,,
1556150400000,5455.5,,,,,,,,,
1556164800000,,,,,,,,,,
1556179200000,,5374,,5374,,,,,,
1556193600000,,,,,,,,,,
1556208000000,5503.5,,5503.5,,5503.5,,5503.5,,5503.5,
1556222400000,,4962,,4962,,4962,,4962,,4962
1556236800000,,,,,,,,,,
1556251200000,,,,,,,,,,
1556265600000,,,,,,,,,,
1556280000000,,,,,,,,,,
1556294400000,,5042,,5042,,5042,,5042,,
1556308800000,5169,,,,,,,,,
1556323200000,,,,,,,,,,
1556337600000,5179.5,5108,,,,,,,,
1556352000000,,,,,,,,,,
1556366400000,,5141,,,,,,,,
1556380800000,5224.5,,5224.5,,5224.5,,5224.5,,5224.5,
1556395200000,,,,,,,,,,
1556409600000,,5131,,5131,,5131,,,,
1556424000000,,,,,,,,,,
1556438400000,5212,,5212,,5212,,,,,
1556452800000,,,,,,,,,,
1556467200000,,5087.5,,5087.5,,5087.5,,5087.5,,
1556481600000,,,,,,,,,,
1556496000000,,,,,,,,,,
1556510400000,5187,,5187,,,,,,,
1556524800000,,,,,,,,,,
1556539200000,5170,5068,,5068,,5068,,5068,,5068
1556553600000,,,,,,,,,,
1556568000000,,5091,,,,,,,,
1556582400000,5159,,,,,,,,,
1556596800000,,5125.5,,,,,,,,
1556611200000,,,,,,,,,,
1556625600000,5287.5,,5287.5,,,,,,,
1556640000000,,,,,,,,,,
1556654400000,,5221,,,,,,,,
1556668800000,5337.5,,5337.5,,5337.5,,,,,
1556683200000,,,,,,,,,,
1556697600000,,,,,,,,,,
1556712000000,,,,,,,,,,
1556726400000,5351.5,5260,5351.5,5260,,5260,,5260,,
1556740800000,,,,,,,,,,
1556755200000,,,,,,,,,,
1556769600000,,5306,,,,,,,,
1556784000000,,,,,,,,,,
1556798400000,5409,,,,,,,,,
1556812800000,,,,,,,,,,
1556827200000,,,,,,,,,,
1556841600000,,5355,,5355,,,,,,
1556856000000,,,,,,,,,,
1556870400000,5799,,5799,,5799,,,,,
1556884800000,,,,,,,,,,
1556899200000,,5619.5,,,,,,,,
1556913600000,,,,,,,,,,
1556928000000,5840,,5840,,5840,,5840,,,
1556942400000,,,,,,,,,,
1556956800000,,,,,,,,,,
1556971200000,,5500,,5500,,5500,,5500,,5500
1556985600000,,,,,,,,,,
1557000000000,5850,,5850,,5850,,5850,,5850,
1557014400000,,,,,,,,,,
1557028800000,,,,,,,,,,
1557043200000,,,,,,,,,,
1557057600000,5755.5,,,,,,,,,
1557072000000,,5617,,,,,,,,
1557086400000,5782,,5782,,5782,,5782,,,
1557100800000,,5560.5,,5560.5,,5560.5,,5560.5,,5560.5
1557115200000,,,,,,,,,,
1557129600000,,5566.5,,,,,,,,
1557144000000,,,,,,,,,,
1557158400000,5755,,,,,,,,,
1557172800000,,,,,,,,,,
1557187200000,5967,,5967,,5967,,5967,,5967,
1557201600000,,,,,,,,,,
1557216000000,,,,,,,,,,
1557230400000,5957.5,5757.5,5957.5,,,,,,,
1557244800000,,,,,,,,,,
1557259200000,,,,,,,,,,
1557273600000,,5646.5,,5646.5,,5646.5,,5646.5,,5646.5
1557288000000,,,,,,,,,,
1557302400000,,,,,,,,,,
1557316800000,,,,,,,,,,
1557331200000,,,,,,,,,,
1557345600000,,5824.5,,,,,,,,
1557360000000,6098,,6098,,6098,,6098,,,
1557374400000,,,,,,,,,,
1557388800000,,,,,,,,,,
1557403200000,,5951.5,,5951.5,,,,,,
1557417600000,,,,,,,,,,
1557432000000,,,,,,,,,,
1557446400000,,,,,,,,,,
1557460800000,6333,,6333,,,,,,,
1557475200000,,,,,,,,,,
1557489600000,,6225,,,,,,,,
1557504000000,6422,,,,,,,,,
1557518400000,,6226,,,,,,,,
1557532800000,,,,,,,,,,
1557547200000,6975.5,,6975.5,,,,,,,
1557561600000,,,,,,,,,,
1557576000000,,,,,,,,,,
1557590400000,,,,,,,,,,
1557604800000,7465,,,,,,,,,
1557619200000,,,,,,,,,,
1557633600000,,,,,,,,,,
1557648000000,7582,,7582,,7582,,7582,,7582,
1557662400000,,6784.5,,6784.5,,6784.5,,6784.5,,6784.5
1557676800000,,,,,,,,,,
1557691200000,7177,,,,,,,,,
1557705600000,,,,,,,,,,
1557720000000,,,,,,,,,,
1557734400000,,,,,,,,,,
1557748800000,,,,,,,,,,
1557763200000,,,,,,,,,,
1557777600000,8173.5,7606,,,,,,,,
1557792000000,,,,,,,,,,
1557806400000,,,,,,,,,,
1557820800000,8338.5,7880,8338.5,,8338.5,,8338.5,,8338.5,
1557835200000,,,,,,,,,,
1557849600000,,,,,,,,,,
1557864000000,,7627,,7627,,7627,,7627,,7627
1557878400000,8150.5,,,,,,,,,
1557892800000,,7855,,,,,,,,
1557907200000,8208.5,,,,,,,,,
1557921600000,,,,,,,,,,
1557936000000,,,,,,,,,,
1557950400000,,,,,,,,,,
1557964800000,8400,,8400,,8400,,8400,,8400,
1557979200000,,,,,,,,,,
1557993600000,,7732,,7732,,,,,,
1558008000000,,,,,,,,,,
1558022400000,,,,,,,,,,
1558036800000,,,,,,,,,,
1558051200000,8030,6480.5,,6480.5,,6480.5,,6480.5,,6480.5
1558065600000,,,,,,,,,,
1558080000000,,,,,,,,,,
1558094400000,,6903,,6903,,,,,,
1558108800000,,,,,,,,,,
1558123200000,,,,,,,,,,
1558137600000,,,,,,,,,,
1558152000000,7485,,7485,,7485,,7485,,,
1558166400000,,7210.5,,,,,,,,
1558180800000,7399,,,,,,,,,
1558195200000,,7206.5,,7206.5,,7206.5,,7206.5,,
1558209600000,,,,,,,,,,
1558224000000,,,,,,,,,,
1558238400000,,,,,,,,,,
1558252800000,8160,,8160,,,,,,,
1558267200000,,7777.5,,7777.5,,,,,,
1558281600000,,,,,,,,,,
1558296000000,8322.5,,8322.5,,8322.5,,8322.5,,8322.5,
1558310400000,,7826,,,,,,,,
1558324800000,,,,,,,,,,
1558339200000,,,,,,,,,,
1558353600000,,7584.5,,7584.5,,7584.5,,7584.5,,7584.5
1558368000000,,,,,,,,,,
1558382400000,8182.5,,8182.5,,8182.5,,8182.5,,,
1558396800000,,,,,,,,,,
1558411200000,,,,,,,,,,
1558425600000,8040,7808.5,,7808.5,,,,,,
1558440000000,,,,,,,,,,
1558454400000,,,,,,,,,,
1558468800000,8124,,8124,,8124,,8124,,8124,
1558483200000,,,,,,,,,,
1558497600000,,,,,,,,,,
1558512000000,,7758,,7758,,,,,,
1558526400000,8047,,8047,,8047,,,,,
1558540800000,,,,,,,,,,
1558555200000,,7502.5,,7502.5,,,,,,
1558569600000,,,,,,,,,,
1558584000000,7695,,,,,,,,,
1558598400000,,7462,,7462,,7462,,7462,,7462
1558612800000,,,,,,,,,,
1558627200000,,,,,,,,,,
1558641600000,7985.5,,7985.5,,,,,,,
1558656000000,,,,,,,,,,
1558670400000,,7801.5,,,,,,,,
1558684800000,,,,,,,,,,
1558699200000,,,,,,,,,,
1558713600000,8191.5,,8191.5,,8191.5,,8191.5,,8191.5,
1558728000000,,7929.5,,7929.5,,,,,,
1558742400000,,,,,,,,,,
1558756800000,,7943.5,,,,,,,,
1558771200000,8170,,8170,,8170,,,,,
1558785600000,,,,,,,,,,
1558800000000,,7981,,7981,,,,,,
1558814400000,,,,,,,,,,
1558828800000,,,,,,,,,,
1558843200000,,,,,,,,,,
1558857600000,,7890,,7890,,7890,,7890,,7890
1558872000000,,,,,,,,,,
1558886400000,,,,,,,,,,
1558900800000,,,,,,,,,,
1558915200000,8964.5,,8964.5,,8964.5,,8964.5,,8964.5,
1558929600000,,,,,,,,,,
1558944000000,,8663.5,,8663.5,,,,,,
1558958400000,,,,,,,,,,
1558972800000,8943,8687.5,8943,,8943,,,,,
1558987200000,,,,,,,,,,
1559001600000,,,,,,,,,,
1559016000000,,8592,,,,,,,,
1559030400000,,,,,,,,,,
1559044800000,,8580,,8580,,8580,,,,
1559059200000,8825.5,,8825.5,,8825.5,,8825.5,,,
1559073600000,,,,,,,,,,
1559088000000,,,,,,,,,,
1559102400000,,8451,,8451,,8451,,8451,,8451
1559116800000,,,,,,,,,,
1559131200000,8777,,8777,,8777,,,,,
1559145600000,,,,,,,,,,
1559160000000,,,,,,,,,,
1559174400000,,8560,,8560,,8560,,,,
1559188800000,8780,,,,,,,,,
1559203200000,,,,,,,,,,
1559217600000,,,,,,,,,,
1559232000000,9100,,9100,,9100,,9100,,9100,
1559246400000,,8017.5,,8017.5,,8017.5,,8017.5,,8017.5
1559260800000,,,,,,,,,,
1559275200000,,8116,,,,,,,,
1559289600000,,,,,,,,,,
1559304000000,,,,,,,,,,
1559318400000,,,,,,,,,,
1559332800000,,,,,,,,,,
1559347200000,8589,,,,,,,,,
1559361600000,,8457,,,,,,,,
1559376000000,8639,,8639,,8639,,8639,,,
1559390400000,,8477,,,,,,,,
1559404800000,,,,,,,,,,
1559419200000,,,,,,,,,,
1559433600000,,,,,,,,,,
1559448000000,,,,,,,,,,
1559462400000,,,,,,,,,,
1559476800000,8855.5,8620,8855.5,,8855.5,,8855.5,,8855.5,
1559491200000,,,,,,,,,,
1559505600000,8777,,,,,,,,,
1559520000000,,,,,,,,,,
1559534400000,,8331,,8331,,8331,,,,
1559548800000,,,,,,,,,,
1559563200000,,8332.5,,,,,,,,
1559577600000,8596,,8596,,,,,,,
1559592000000,,,,,,,,,,
1559606400000,,7717.5,,7717.5,,7717.5,,,,
1559620800000,,,,,,,,,,
1559635200000,,,,,,,,,,
1559649600000,8011,,8011,,,,,,,
1559664000000,,,,,,,,,,
1559678400000,,7435,,7435,,7435,,7435,,7435
1559692800000,7860,,,,,,,,,
1559707200000,,,,,,,,,,
1559721600000,7893.5,,7893.5,,,,,,,
1559736000000,,7584.5,,7584.5,,7584.5,,,,
1559750400000,,,,,,,,,,
1559764800000,7925,7607,7925,,7925,,7925,,7925,
1559779200000,,,,,,,,,,
1559793600000,,,,,,,,,,
1559808000000,,,,,,,,,,
1559822400000,7863,,7863,,,,,,,
1559836800000,,7453,,7453,,7453,,7453,,7453
1559851200000,,,,,,,,,,
1559865600000,,,,,,,,,,
1559880000000,,,,,,,,,,
1559894400000,8046,,,,,,,,,
1559908800000,,,,,,,,,,
1559923200000,8130.5,,8130.5,,8130.5,,8130.5,,8130.5,
1559937600000,,7865,,7865,,7865,,,,
1559952000000,,,,,,,,,,
1559966400000,,7888.5,,,,,,,,
1559980800000,,,,,,,,,,
1559995200000,,,,,,,,,,
1560009600000,,7786,,7786,,7786,,7786,,
1560024000000,7969,,,,,,,,,
1560038400000,,,,,,,,,,
1560052800000,,,,,,,,,,
1560067200000,7938.5,,,,,,,,,
1560081600000,,,,,,,,,,
1560096000000,,,,,,,,,,
1560110400000,,7501.5,,7501.5,,7501.5,,7501.5,,7501.5
1560124800000,,,,,,,,,,
1560139200000,,,,,,,,,,
1560153600000,,,,,,,,,,
1560168000000,8075.5,,8075.5,,8075.5,,8075.5,,8075.5,
1560182400000,,,,,,,,,,
1560196800000,,7902,,,,,,,,
1560211200000,8055,,8055,,,,,,,
1560225600000,,,,,,,,,,
1560240000000,7979,7740,,,,,,,,
1560254400000,,,,,,,,,,
1560268800000,,7710,,7710,,7710,,7710,,7710
1560283200000,,,,,,,,,,
1560297600000,8076.5,7817.5,8076.5,,,,,,,
1560312000000,,,,,,,,,,
1560326400000,,7910.5,,,,,,,,
1560340800000,8270.5,,8270.5,,8270.5,,8270.5,,8270.5,
1560355200000,,,,,,,,,,
1560369600000,,,,,,,,,,
1560384000000,8198,8073,,8073,,,,,,
1560398400000,,,,,,,,,,
1560412800000,,,,,,,,,,
1560427200000,,8051.5,,8051.5,,8051.5,,8051.5,,8051.5
1560441600000,,,,,,,,,,
1560456000000,8337,,8337,,8337,,,,,
1560470400000,,8180,,,,,,,,
1560484800000,,,,,,,,,,
1560499200000,,,,,,,,,,
1560513600000,8464,,,,,,,,,
1560528000000,,,,,,,,,,
1560542400000,8738.5,,,,,,,,,
1560556800000,,,,,,,,,,
1560571200000,8777,,,,,,,,,
1560585600000,,,,,,,,,,
1560600000000,,,,,,,,,,
1560614400000,8929,,,,,,,,,
1560628800000,,8774,,,,,,,,
1560643200000,,,,,,,,,,
1560657600000,,,,,,,,,,
1560672000000,9439,8882,9439,,9439,,9439,,9439,
1560686400000,,,,,,,,,,
1560700800000,,,,,,,,,,
1560715200000,,8830,,8830,,8830,,8830,,
1560729600000,,,,,,,,,,
1560744000000,,,,,,,,,,
1560758400000,,,,,,,,,,
1560772800000,9435,9100,,9100,,,,,,
1560787200000,,,,,,,,,,
1560801600000,9498,,9498,,9498,,9498,,9498,
1560816000000,,,,,,,,,,
1560830400000,,9035,,,,,,,,
1560844800000,,,,,,,,,,
1560859200000,,8940,,8940,,8940,,8940,,8940
1560873600000,,,,,,,,,,
1560888000000,,8942,,,,,,,,
1560902400000,,,,,,,,,,
1560916800000,9215,,9215,,9215,,,,,
1560931200000,,,,,,,,,,
1560945600000,,9055,,9055,,,,,,
1560960000000,,,,,,,,,,
1560974400000,,,,,,,,,,
1560988800000,9370.5,,9370.5,,,,,,,
1561003200000,,,,,,,,,,
1561017600000,,9224.5,,9224.5,,,,,,
1561032000000,,,,,,,,,,
1561046400000,,,,,,,,,,
1561060800000,,,,,,,,,,
1561075200000,9817,,,,,,,,,
1561089600000,,,,,,,,,,
1561104000000,,,,,,,,,,
1561118400000,,9690,,,,,,,,
1561132800000,,,,,,,,,,
1561147200000,,,,,,,,,,
1561161600000,10967,,,,,,,,,
1561176000000,,,,,,,,,,
1561190400000,,,,,,,,,,
1561204800000,11223,10327,11223,10327,11223,,11223,,11223,
1561219200000,,,,,,,,,,
1561233600000,,10353.5,,,,,,,,
1561248000000,10932,,,,,,,,,
1561262400000,,,,,,,,,,
1561276800000,,10484.5,,10484.5,,,,,,
1561291200000,,,,,,,,,,
1561305600000,,,,,,,,,,
1561320000000,11285.5,,11285.5,,11285.5,,11285.5,,11285.5,
1561334400000,,10550,,10550,,10550,,,,
1561348800000,,,,,,,,,,
1561363200000,,,,,,,,,,
1561377600000,,,,,,,,,,
1561392000000,11110,,,,,,,,,
1561406400000,,,,,,,,,,
1561420800000,,,,,,,,,,
1561435200000,,,,,,,,,,
1561449600000,11475.5,,11475.5,,,,,,,
1561464000000,,11050,,11050,,,,,,
1561478400000,,,,,,,,,,
1561492800000,,,,,,,,,,
1561507200000,,,,,,,,,,
1561521600000,12969,,12969,,,,,,,
1561536000000,,,,,,,,,,
1561550400000,,,,,,,,,,
1561564800000,13916,,13916,,13916,,13916,,13916,
1561579200000,,11754,,11754,,,,,,
1561593600000,,,,,,,,,,
1561608000000,,,,,,,,,,
1561622400000,,11352.5,,,,,,,,
1561636800000,,,,,,,,,,
1561651200000,,,,,,,,,,
1561665600000,,10325,,10325,,10325,,10325,,10325
1561680000000,,,,,,,,,,
1561694400000,,10760.5,,,,,,,,
1561708800000,12097.5,,,,,,,,,
1561723200000,,,,,,,,,,
1561737600000,,,,,,,,,,
1561752000000,12467.5,,12467.5,,12467.5,,12467.5,,12467.5,
1561766400000,,,,,,,,,,
1561780800000,,11350.5,,11350.5,,11350.5,,11350.5,,
1561795200000,,,,,,,,,,
1561809600000,12176.5,,,,,,,,,
1561824000000,,11626,,,,,,,,
1561838400000,12290.5,,12290.5,,12290.5,,12290.5,,,
1561852800000,,,,,,,,,,
1561867200000,,,,,,,,,,
1561881600000,,,,,,,,,,
1561896000000,,,,,,,,,,
1561910400000,,,,,,,,,,
1561924800000,11422.5,,,,,,,,,
1561939200000,,10620.5,,10620.5,,,,,,
1561953600000,,,,,,,,,,
1561968000000,11177.5,,,,,,,,,
1561982400000,,9968.5,,9968.5,,9968.5,,,,
1561996800000,,,,,,,,,,
1562011200000,,,,,,,,,,
1562025600000,10661.5,,10661.5,,,,,,,
1562040000000,,,,,,,,,,
1562054400000,,9661,,9661,,9661,,9661,,9661
1562068800000,,,,,,,,,,
1562083200000,,,,,,,,,,
1562097600000,,,,,,,,,,
1562112000000,,,,,,,,,,
1562126400000,11577.5,,11577.5,,11577.5,,,,,
1562140800000,,10962,,,,,,,,
1562155200000,11526.5,,,,,,,,,
1562169600000,,11033,,,,,,,,
1562184000000,,,,,,,,,,
1562198400000,12062.5,,12062.5,,12062.5,,12062.5,,12062.5,
1562212800000,,,,,,,,,,
1562227200000,,11528,,11528,,,,,,
1562241600000,11951,,11951,,,,,,,
1562256000000,,,,,,,,,,
1562270400000,,,,,,,,,,
1562284800000,,,,,,,,,,
1562299200000,,10772.5,,10772.5,,10772.5,,10772.5,,10772.5
1562313600000,,,,,,,,,,
1562328000000,11441.5,,11441.5,,,,,,,
1562342400000,,,,,,,,,,
1562356800000,,10820.5,,10820.5,,10820.5,,,,
1562371200000,,,,,,,,,,
1562385600000,11636,,,,,,,,,
1562400000000,,,,,,,,,,
1562414400000,,,,,,,,,,
1562428800000,11750,,11750,,11750,,11750,,11750,
1562443200000,,11052,,11052,,11052,,11052,,
1562457600000,,,,,,,,,,
1562472000000,,,,,,,,,,
1562486400000,,11106,,,,,,,,
1562500800000,,,,,,,,,,
1562515200000,11651.5,11139.5,11651.5,,11651.5,,,,,
1562529600000,,,,,,,,,,
1562544000000,,11338.5,,,,,,,,
1562558400000,,,,,,,,,,
1562572800000,12048.5,11403,,,,,,,,
1562587200000,,,,,,,,,,
1562601600000,,11820.5,,,,,,,,
1562616000000,,,,,,,,,,
1562630400000,,,,,,,,,,
1562644800000,12844.5,,12844.5,,12844.5,,12844.5,,,
1562659200000,,12125,,12125,,12125,,,,
1562673600000,,,,,,,,,,
1562688000000,,,,,,,,,,
1562702400000,,,,,,,,,,
1562716800000,13179,,13179,,,,,,,
1562731200000,,,,,,,,,,
1562745600000,,,,,,,,,,
1562760000000,13247,,13247,,13247,,13247,,13247,
1562774400000,,,,,,,,,,
1562788800000,,11556,,,,,,,,
1562803200000,,,,,,,,,,
1562817600000,,11168,,11168,,11168,,,,
1562832000000,,,,,,,,,,
1562846400000,11838.5,,11838.5,,,,,,,
1562860800000,,,,,,,,,,
1562875200000,,10917,,10917,,10917,,10917,,10917
1562889600000,,,,,,,,,,
1562904000000,,11089.5,,,,,,,,
1562918400000,11799,,11799,,,,,,,
1562932800000,,,,,,,,,,
1562947200000,,11464.5,,11464.5,,,,,,
1562961600000,11946,,11946,,11946,,11946,,11946,
1562976000000,,,,,,,,,,
1562990400000,,,,,,,,,,
1563004800000,,11188,,,,,,,,
1563019200000,,,,,,,,,,
1563033600000,,,,,,,,,,
1563048000000,11490.5,10801.5,11490.5,10801.5,,,,,,
1563062400000,,,,,,,,,,
1563076800000,,,,,,,,,,
1563091200000,,,,,,,,,,
1563105600000,,,,,,,,,,
1563120000000,,,,,,,,,,
1563134400000,10719.5,,,,,,,,,
1563148800000,,9854,,9854,,9854,,9854,,9854
1563163200000,,,,,,,,,,
1563177600000,,,,,,,,,,
1563192000000,,10073.5,,,,,,,,
1563206400000,,,,,,,,,,
1563220800000,11072.5,,11072.5,,11072.5,,11072.5,,11072.5,
1563235200000,,,,,,,,,,
1563249600000,,10533,,,,,,,,
1563264000000,10873.5,,,,,,,,,
1563278400000,,,,,,,,,,
1563292800000,,,,,,,,,,
1563307200000,,,,,,,,,,
1563321600000,,9202,,,,,,,,
1563336000000,9628,,,,,,,,,
1563350400000,,9084.5,,9084.5,,9084.5,,9084.5,,9084.5
1563364800000,,,,,,,,,,
1563379200000,,,,,,,,,,
1563393600000,9976,,,,,,,,,
1563408000000,,9582.5,,9582.5,,,,,,
1563422400000,10022.5,,,,,,,,,
1563436800000,,,,,,,,,,
1563451200000,,9269,,9269,,9269,,9269,,9269
1563465600000,,,,,,,,,,
1563480000000,10792.5,,10792.5,,10792.5,,10792.5,,10792.5,
1563494400000,,,,,,,,,,
1563508800000,,,,,,,,,,
1563523200000,10775,,10775,,,,,,,
1563537600000,,10107.5,,10107.5,,10107.5,,10107.5,,10107.5
1563552000000,,,,,,,,,,
1563566400000,,,,,,,,,,
1563580800000,,10370,,,,,,,,
1563595200000,10740,,,,,,,,,
1563609600000,,10459.5,,,,,,,,
1563624000000,,,,,,,,,,
1563638400000,,,,,,,,,,
1563652800000,11115,,11115,,11115,,11115,,11115,
1563667200000,,,,,,,,,,
1563681600000,,,,,,,,,,
1563696000000,10735,,,,,,,,,
1563710400000,,,,,,,,,,
1563724800000,,10326.5,,10326.5,,10326.5,,10326.5,,
1563739200000,,,,,,,,,,
1563753600000,10685,,10685,,10685,,,,,
1563768000000,,,,,,,,,,
1563782400000,,,,,,,,,,
1563796800000,,,,,,,,,,
1563811200000,,10065,,10065,,,,,,
1563825600000,10387.5,,,,,,,,,
1563840000000,,,,,,,,,,
1563854400000,,,,,,,,,,
1563868800000,,,,,,,,,,
1563883200000,,9871,,,,,,,,
1563897600000,,,,,,,,,,
1563912000000,10220,,10220,,10220,,,,,
1563926400000,,,,,,,,,,
1563940800000,,9569,,9569,,,,,,
1563955200000,,,,,,,,,,
1563969600000,9913,,9913,,,,,,,
1563984000000,,9505,,9505,,9505,,9505,,9505
1563998400000,,,,,,,,,,
1564012800000,10184,,10184,,10184,,10184,,10184,
1564027200000,,,,,,,,,,
1564041600000,,,,,,,,,,
1564056000000,10183,,10183,,,,,,,
1564070400000,,,,,,,,,,
1564084800000,,,,,,,,,,
1564099200000,,9629.5,,9629.5,,9629.5,,9629.5,,9629.5
1564113600000,,,,,,,,,,
1564128000000,,,,,,,,,,
1564142400000,,9720.5,,,,,,,,
1564156800000,9901.5,,,,,,,,,
1564171200000,,9731,,,,,,,,
1564185600000,10288,,10288,,10288,,10288,,10288,
1564200000000,,,,,,,,,,
1564214400000,,,,,,,,,,
1564228800000,,9297,,9297,,9297,,9297,,9297
1564243200000,,,,,,,,,,
1564257600000,9550,9325,,,,,,,,
1564272000000,,,,,,,,,,
1564286400000,9568,,9568,,9568,,,,,
1564300800000,,9425,,,,,,,,
1564315200000,,,,,,,,,,
1564329600000,,,,,,,,,,
1564344000000,9747,9103.5,9747,9103.5,9747,9103.5,9747,9103.5,9747,9103.5
1564358400000,,,,,,,,,,
1564372800000,,,,,,,,,,
1564387200000,,9369,,,,,,,,
1564401600000,,,,,,,,,,
1564416000000,9645,9369,9645,,,,,,,
1564430400000,,,,,,,,,,
1564444800000,,9376.5,,,,,,,,
1564459200000,,,,,,,,,,
1564473600000,,,,,,,,,,
1564488000000,9792,,9792,,9792,,,,,
1564502400000,,9500,,,,,,,,
1564516800000,,,,,,,,,,
1564531200000,,,,,,,,,,
1564545600000,9824,,,,,,,,,
1564560000000,,,,,,,,,,
1564574400000,,,,,,,,,,
1564588800000,10134,,,,,,,,,
1564603200000,,,,,,,,,,
1564617600000,10166.5,,10166.5,,10166.5,,,,,
1564632000000,,9884,,9884,,9884,,,,
1564646400000,,,,,,,,,,
1564660800000,,,,,,,,,,
1564675200000,,,,,,,,,,
1564689600000,10492.5,,,,,,,,,
1564704000000,,,,,,,,,,
1564718400000,10582,,,,,,,,,
1564732800000,,,,,,,,,,
1564747200000,,,,,,,,,,
1564761600000,10661,,,,,,,,,
1564776000000,,10376,,10376,,10376,,,,
1564790400000,,,,,,,,,,
1564804800000,,,,,,,,,,
1564819200000,10902,,,,,,,,,
1564833600000,,10700,,10700,,,,,,
1564848000000,10927.5,,10927.5,,10927.5,,10927.5,,,
1564862400000,,,,,,,,,,
1564876800000,10916.5,,,,,,,,,
1564891200000,,10577,,10577,,10577,,10577,,10577
1564905600000,,,,,,,,,,
1564920000000,,10655,,,,,,,,
1564934400000,,,,,,,,,,
1564948800000,,10790,,,,,,,,
1564963200000,,,,,,,,,,
1564977600000,11876,,11876,,,,,,,
1564992000000,,,,,,,,,,
1565006400000,,,,,,,,,,
1565020800000,11967,,11967,,,,,,,
1565035200000,,,,,,,,,,
1565049600000,,11592.5,,,,,,,,
1565064000000,,,,,,,,,,
1565078400000,12342.5,,12342.5,,12342.5,,12342.5,,12342.5,
1565092800000,,11535.5,,,,,,,,
1565107200000,11825,,,,,,,,,
1565121600000,,11220,,11220,,11220,,11220,,11220
1565136000000,,,,,,,,,,
1565150400000,,,,,,,,,,
1565164800000,,11465,,,,,,,,
1565179200000,12176.5,,12176.5,,12176.5,,12176.5,,12176.5,
1565193600000,,11475.5,,,,,,,,
1565208000000,12087.5,,,,,,,,,
1565222400000,,,,,,,,,,
1565236800000,,11740,,,,,,,,
1565251200000,11992.5,,,,,,,,,
1565265600000,,,,,,,,,,
1565280000000,,11460.5,,11460.5,,11460.5,,11460.5,,11460.5
1565294400000,12123,,12123,,12123,,12123,,12123,
1565308800000,,,,,,,,,,
1565323200000,,,,,,,,,,
1565337600000,11990,,,,,,,,,
1565352000000,,,,,,,,,,
1565366400000,,11654.5,,11654.5,,11654.5,,,,
1565380800000,,,,,,,,,,
1565395200000,11998.5,11750,11998.5,,11998.5,,11998.5,,11998.5,
1565409600000,,,,,,,,,,
1565424000000,11912.5,11150,,11150,,11150,,11150,,11150
1565438400000,,,,,,,,,,
1565452800000,,,,,,,,,,
1565467200000,,11218.5,,11218.5,,,,,,
1565481600000,11420.5,,,,,,,,,
1565496000000,,,,,,,,,,
1565510400000,11478.5,11091,11478.5,11091,,11091,,11091,,11091
1565524800000,,,,,,,,,,
1565539200000,,,,,,,,,,
1565553600000,11593.5,11266,11593.5,11266,11593.5,,11593.5,,11593.5,
1565568000000,,,,,,,,,,
1565582400000,,,,,,,,,,
1565596800000,,,,,,,,,,
1565611200000,,11235,,11235,,11235,,11235,,
1565625600000,,,,,,,,,,
1565640000000,11466.5,,11466.5,,11466.5,,,,,
1565654400000,,,,,,,,,,
1565668800000,,,,,,,,,,
1565683200000,,,,,,,,,,
1565697600000,,,,,,,,,,
1565712000000,,10762,,,,,,,,
1565726400000,,,,,,,,,,
1565740800000,,10473,,,,,,,,
1565755200000,,,,,,,,,,
1565769600000,,10363,,,,,,,,
1565784000000,10642,,10642,,,,,,,
1565798400000,,,,,,,,,,
1565812800000,,,,,,,,,,
1565827200000,,,,,,,,,,
1565841600000,,9480,,9480,,9480,,9480,,9480
1565856000000,10181.5,,,,,,,,,
1565870400000,,,,,,,,,,
1565884800000,,,,,,,,,,
1565899200000,10440,,10440,,10440,,,,,
1565913600000,,,,,,,,,,
1565928000000,,9726.5,,9726.5,,9726.5,,9726.5,,9726.5
1565942400000,,,,,,,,,,
1565956800000,,,,,,,,,,
1565971200000,10532.5,,10532.5,,10532.5,,10532.5,,10532.5,
1565985600000,,,,,,,,,,
1566000000000,,10229.5,,10229.5,,,,,,
1566014400000,,,,,,,,,,
1566028800000,10478,,10478,,,,,,,
1566043200000,,,,,,,,,,
1566057600000,,9967,,9967,,9967,,9967,,9967
1566072000000,,,,,,,,,,
1566086400000,10253.5,,,,,,,,,
1566100800000,,10063,,,,,,,,
1566115200000,,,,,,,,,,
1566129600000,10517.5,,10517.5,,10517.5,,,,,
1566144000000,,,,,,,,,,
1566158400000,,,,,,,,,,
1566172800000,,10270.5,,10270.5,,10270.5,,,,
1566187200000,,,,,,,,,,
1566201600000,10796.5,,,,,,,,,
1566216000000,,10635.5,,,,,,,,
1566230400000,,,,,,,,,,
1566244800000,,10637,,,,,,,,
1566259200000,10962,,10962,,10962,,10962,,10962,
1566273600000,,,,,,,,,,
1566288000000,,,,,,,,,,
1566302400000,,10565,,10565,,,,,,
1566316800000,,,,,,,,,,
1566331200000,10848.5,,10848.5,,10848.5,,10848.5,,,
1566345600000,,,,,,,,,,
1566360000000,,,,,,,,,,
1566374400000,,,,,,,,,,
1566388800000,,,,,,,,,,
1566403200000,,9860.5,,,,,,,,
1566417600000,10178.5,,10178.5,,,,,,,
1566432000000,,9750,,9750,,9750,,9750,,9750
1566446400000,,,,,,,,,,
1566460800000,,,,,,,,,,
1566475200000,,,,,,,,,,
1566489600000,10237.5,,10237.5,,,,,,,
1566504000000,,,,,,,,,,
1566518400000,,10049.5,,10049.5,,,,,,
1566532800000,10256.5,,,,,,,,,
1566547200000,,10082,,,,,,,,
1566561600000,,,,,,,,,,
1566576000000,10471.5,,10471.5,,10471.5,,10471.5,,10471.5,
1566590400000,,,,,,,,,,
1566604800000,,,,,,,,,,
1566619200000,,,,,,,,,,
1566633600000,,9863,,9863,,9863,,9863,,9863
1566648000000,,,,,,,,,,
1566662400000,,,,,,,,,,
1566676800000,10201,,10201,,,,,,,
1566691200000,,,,,,,,,,
1566705600000,,10037.5,,,,,,,,
1566720000000,,,,,,,,,,
1566734400000,10374,,10374,,,,,,,
1566748800000,,,,,,,,,,
1566763200000,,9882,,9882,,9882,,9882,,9882
1566777600000,10703,,10703,,10703,,10703,,10703,
1566792000000,,,,,,,,,,
1566806400000,10426,,,,,,,,,
1566820800000,,,,,,,,,,
1566835200000,,,,,,,,,,
1566849600000,10396.5,,,,,,,,,
1566864000000,,10088,,,,,,,,
1566878400000,,,,,,,,,,
1566892800000,,,,,,,,,,
1566907200000,,10031,,10031,,10031,,,,
1566921600000,10240.5,,10240.5,,,,,,,
1566936000000,,,,,,,,,,
1566950400000,,,,,,,,,,
1566964800000,10225,10027,,10027,,,,,,
1566979200000,,,,,,,,,,
1566993600000,10321.5,,10321.5,,10321.5,,10321.5,,10321.5,
1567008000000,,9504,,9504,,,,,,
1567022400000,,,,,,,,,,
1567036800000,,,,,,,,,,
1567051200000,,9322.5,,9322.5,,9322.5,,9322.5,,9322.5
1567065600000,,,,,,,,,,
1567080000000,9572,9370,,,,,,,,
1567094400000,,,,,,,,,,
1567108800000,,,,,,,,,,
1567123200000,,9342.5,,9342.5,,9342.5,,9342.5,,
1567137600000,,,,,,,,,,
1567152000000,,,,,,,,,,
1567166400000,9616,,,,,,,,,
1567180800000,,9466,,,,,,,,
1567195200000,9690,,9690,,9690,,9690,,9690,
1567209600000,,,,,,,,,,
1567224000000,,,,,,,,,,
1567238400000,,9533,,9533,,,,,,
1567252800000,,,,,,,,,,
1567267200000,,,,,,,,,,
1567281600000,9716,9438,9716,9438,9716,9438,9716,9438,9716,9438
1567296000000,,,,,,,,,,
1567310400000,9643,,,,,,,,,
1567324800000,,9560,,,,,,,,
1567339200000,9677,,,,,,,,,
1567353600000,,9533.5,,9533.5,,9533.5,,9533.5,,
1567368000000,9842.5,,9842.5,,,,,,,
1567382400000,,,,,,,,,,
1567396800000,,9749.5,,,,,,,,
1567411200000,,,,,,,,,,
1567425600000,,,,,,,,,,
1567440000000,,,,,,,,,,
1567454400000,,,,,,,,,,
1567468800000,10524,,10524,,,,,,,
1567483200000,,,,,,,,,,
1567497600000,,10305.5,,10305.5,,,,,,
1567512000000,10785,,10785,,10785,,10785,,10785,
1567526400000,,,,,,,,,,
1567540800000,10741,,,,,,,,,
1567555200000,,10475.5,,,,,,,,
1567569600000,10664.5,,,,,,,,,
1567584000000,,,,,,,,,,
1567598400000,,10377,,10377,,10377,,10377,,10377
1567612800000,,,,,,,,,,
1567627200000,10870,,10870,,10870,,10870,,10870,
1567641600000,,10516.5,,,,,,,,
1567656000000,,,,,,,,,,
1567670400000,10670,10455,10670,10455,,10455,,,,
1567684800000,,,,,,,,,,
1567699200000,,10491,,,,,,,,
1567713600000,,,,,,,,,,
1567728000000,,,,,,,,,,
1567742400000,,,,,,,,,,
1567756800000,,,,,,,,,,
1567771200000,10962,,10962,,10962,,10962,,10962,
1567785600000,,,,,,,,,,
1567800000000,,10215,,10215,,10215,,10215,,10215
1567814400000,,,,,,,,,,
1567828800000,,,,,,,,,,
1567843200000,,,,,,,,,,
1567857600000,,,,,,,,,,
1567872000000,10580.5,10385,,,,,,,,
1567886400000,,,,,,,,,,
1567900800000,,,,,,,,,,
1567915200000,10596,,10596,,10596,,10596,,10596,
1567929600000,,10261,,10261,,10261,,10261,,
1567944000000,,,,,,,,,,
1567958400000,,,,,,,,,,
1567972800000,,,,,,,,,,
1567987200000,,,,,,,,,,
1568001600000,,,,,,,,,,
1568016000000,10550,10074,10550,10074,10550,10074,10550,10074,10550,10074
1568030400000,,,,,,,,,,
1568044800000,,10149.5,,,,,,,,
1568059200000,,,,,,,,,,
1568073600000,10375.5,,10375.5,,,,,,,
1568088000000,,,,,,,,,,
1568102400000,,,,,,,,,,
1568116800000,,,,,,,,,,
1568131200000,,9920,,9920,,,,,,
1568145600000,,,,,,,,,,
1568160000000,10260,,10260,,,,,,,
1568174400000,,9858,,9858,,9858,,9858,,9858
1568188800000,10117,,,,,,,,,
1568203200000,,,,,,,,,,
1568217600000,,9912.5,,9912.5,,,,,,
1568232000000,,,,,,,,,,
1568246400000,10198,,10198,,,,,,,
1568260800000,,10034.5,,10034.5,,,,,,
1568275200000,,,,,,,,,,
1568289600000,10371,,,,,,,,,
1568304000000,,,,,,,,,,
1568318400000,10468.5,,10468.5,,10468.5,,10468.5,,10468.5,
1568332800000,,,,,,,,,,
1568347200000,,,,,,,,,,
1568361600000,,10275,,,,,,,,
1568376000000,10363.5,,,,,,,,,
1568390400000,,,,,,,,,,
1568404800000,10407.5,10160,10407.5,10160,10407.5,10160,,10160,,10160
1568419200000,,,,,,,,,,
1568433600000,,10292,,,,,,,,
1568448000000,,,,,,,,,,
1568462400000,,10226,,10226,,10226,,,,
1568476800000,,,,,,,,,,
1568491200000,10451,,10451,,10451,,10451,,10451,
1568505600000,,,,,,,,,,
1568520000000,,,,,,,,,,
1568534400000,,,,,,,,,,
1568548800000,,10254.5,,10254.5,,10254.5,,10254.5,,10254.5
1568563200000,10341,,,,,,,,,
1568577600000,,10281.5,,,,,,,,
1568592000000,10382,,10382,,10382,,10382,,,
1568606400000,,,,,,,,,,
1568620800000,,,,,,,,,,
1568635200000,,10070,,10070,,10070,,10070,,10070
1568649600000,,,,,,,,,,
1568664000000,10399.5,,10399.5,,10399.5,,10399.5,,10399.5,
1568678400000,,,,,,,,,,
1568692800000,,,,,,,,,,
1568707200000,,10143.5,,10143.5,,,,,,
1568721600000,,,,,,,,,,
1568736000000,,,,,,,,,,
1568750400000,10287,10175,10287,,10287,,10287,,10287,
1568764800000,,,,,,,,,,
1568779200000,,,,,,,,,,
1568793600000,,,,,,,,,,
1568808000000,10230,10076,,10076,,,,,,
1568822400000,,,,,,,,,,
1568836800000,10224,,,,,,,,,
1568851200000,,9590,,9590,,9590,,9590,,9590
1568865600000,,,,,,,,,,
1568880000000,,,,,,,,,,
1568894400000,,,,,,,,,,
1568908800000,,,,,,,,,,
1568923200000,10409,,10409,,10409,,10409,,10409,
1568937600000,,,,,,,,,,
1568952000000,,,,,,,,,,
1568966400000,,,,,,,,,,
1568980800000,10228,,,,,,,,,
1568995200000,,,,,,,,,,
1569009600000,10181.5,10066.5,,,,,,,,
1569024000000,,,,,,,,,,
1569038400000,,,,,,,,,,
1569052800000,,,,,,,,,,
1569067200000,,9904,,9904,,,,,,
1569081600000,,,,,,,,,,
1569096000000,,,,,,,,,,
1569110400000,,,,,,,,,,
1569124800000,,9837,,9837,,9837,,9837,,9837
1569139200000,10090,,10090,,10090,,10090,,10090,
1569153600000,,9909.5,,,,,,,,
1569168000000,,,,,,,,,,
1569182400000,10075.5,,10075.5,,,,,,,
1569196800000,,,,,,,,,,
1569211200000,,9851.5,,,,,,,,
1569225600000,,,,,,,,,,
1569240000000,,9660.5,,,,,,,,
1569254400000,,,,,,,,,,
1569268800000,,,,,,,,,,
1569283200000,,9582,,9582,,,,,,
1569297600000,9777,,,,,,,,,
1569312000000,,,,,,,,,,
1569326400000,,,,,,,,,,
1569340800000,,8018.5,,8018.5,,8018.5,,8018.5,,8018.5
1569355200000,,,,,,,,,,
1569369600000,,,,,,,,,,
1569384000000,,,,,,,,,,
1569398400000,,8216.5,,8216.5,,,,,,
1569412800000,,,,,,,,,,
1569427200000,,8231.5,,,,,,,,
1569441600000,8641.5,,8641.5,,8641.5,,8641.5,,,
1569456000000,,,,,,,,,,
1569470400000,,,,,,,,,,
1569484800000,8487.5,,8487.5,,,,,,,
1569499200000,,,,,,,,,,
1569513600000,,7744.5,,7744.5,,7744.5,,7744.5,,7744.5
1569528000000,8160,,,,,,,,,
1569542400000,,7935,,,,,,,,
1569556800000,,,,,,,,,,
1569571200000,8119.5,,8119.5,,,,,,,
1569585600000,,7866.5,,7866.5,,7866.5,,7866.5,,
1569600000000,,,,,,,,,,
1569614400000,8265.5,,8265.5,,8265.5,,8265.5,,8265.5,
1569628800000,,,,,,,,,,
1569643200000,,,,,,,,,,
1569657600000,8254.5,,8254.5,,,,,,,
1569672000000,,8024,,8024,,8024,,,,
1569686400000,,,,,,,,,,
1569700800000,8355,8067.5,8355,,8355,,8355,,8355,
1569715200000,,,,,,,,,,
1569729600000,,,,,,,,,,
1569744000000,,,,,,,,,,
1569758400000,,7902.5,,7902.5,,7902.5,,,,
1569772800000,,,,,,,,,,
1569787200000,8138,,8138,,8138,,,,,
1569801600000,,,,,,,,,,
1569816000000,,7690,,7690,,7690,,7690,,7690
1569830400000,,,,,,,,,,
1569844800000,,,,,,,,,,
1569859200000,8346.5,,,,,,,,,
1569873600000,,8188.5,,,,,,,,
1569888000000,8509,,8509,,8509,,,,,
1569902400000,,,,,,,,,,
1569916800000,,,,,,,,,,
1569931200000,,,,,,,,,,
1569945600000,8539.5,8244.5,8539.5,,8539.5,,8539.5,,8539.5,
1569960000000,,,,,,,,,,
1569974400000,,,,,,,,,,
1569988800000,,8176,,8176,,8176,,8176,,8176
1570003200000,,,,,,,,,,
1570017600000,8310,,,,,,,,,
1570032000000,,8199.5,,8199.5,,,,,,
1570046400000,,,,,,,,,,
1570060800000,8419,,8419,,8419,,8419,,8419,
1570075200000,,,,,,,,,,
1570089600000,,,,,,,,,,
1570104000000,,8076.5,,8076.5,,,,,,
1570118400000,,,,,,,,,,
1570132800000,8292.5,,8292.5,,,,,,,
1570147200000,,,,,,,,,,
1570161600000,,8025,,8025,,8025,,8025,,8025
1570176000000,,,,,,,,,,
1570190400000,,,,,,,,,,
1570204800000,,,,,,,,,,
1570219200000,8232.5,,8232.5,,8232.5,,8232.5,,,
1570233600000,,8104.5,,,,,,,,
1570248000000,,,,,,,,,,
1570262400000,,,,,,,,,,
1570276800000,,8020,,8020,,8020,,,,
1570291200000,,,,,,,,,,
1570305600000,8197,,8197,,8197,,8197,,8197,
1570320000000,,,,,,,,,,
1570334400000,,,,,,,,,,
1570348800000,,,,,,,,,,
1570363200000,8074,,,,,,,,,
1570377600000,,7771,,,,,,,,
1570392000000,,,,,,,,,,
1570406400000,,7764.5,,7764.5,,7764.5,,7764.5,,7764.5
1570420800000,,,,,,,,,,
1570435200000,,,,,,,,,,
1570449600000,,,,,,,,,,
1570464000000,8308.5,,,,,,,,,
1570478400000,,,,,,,,,,
1570492800000,8334.5,,8334.5,,8334.5,,8334.5,,8334.5,
1570507200000,,,,,,,,,,
1570521600000,,,,,,,,,,
1570536000000,8242,8144.5,,,,,,,,
1570550400000,,,,,,,,,,
1570564800000,8218,8096,,8096,,8096,,8096,,8096
1570579200000,,,,,,,,,,
1570593600000,,,,,,,,,,
1570608000000,,,,,,,,,,
1570622400000,,,,,,,,,,
1570636800000,8689.5,,8689.5,,8689.5,,8689.5,,8689.5,
1570651200000,,,,,,,,,,
1570665600000,,8536.5,,,,,,,,
1570680000000,8661,,8661,,,,,,,
1570694400000,,,,,,,,,,
1570708800000,,8468,,8468,,8468,,,,
1570723200000,,,,,,,,,,
1570737600000,8618,,,,,,,,,
1570752000000,,,,,,,,,,
1570766400000,8809,,8809,,8809,,8809,,8809,
1570780800000,,8288.5,,8288.5,,,,,,
1570795200000,,,,,,,,,,
1570809600000,8375.5,,,,,,,,,
1570824000000,,8233,,8233,,8233,,8233,,8233
1570838400000,,,,,,,,,,
1570852800000,,,,,,,,,,
1570867200000,,8312,,,,,,,,
1570881600000,,,,,,,,,,
1570896000000,,8296,,,,,,,,
1570910400000,,,,,,,,,,
1570924800000,8366.5,8296,,,,,,,,
1570939200000,,,,,,,,,,
1570953600000,,,,,,,,,,
1570968000000,,,,,,,,,,
1570982400000,8471.5,,8471.5,,8471.5,,8471.5,,8471.5,
1570996800000,,8163.5,,8163.5,,8163.5,,8163.5,,8163.5
1571011200000,,,,,,,,,,
1571025600000,8342,,,,,,,,,
1571040000000,,,,,,,,,,
1571054400000,,,,,,,,,,
1571068800000,8412,8227,,8227,,8227,,8227,,
1571083200000,,,,,,,,,,
1571097600000,8424,,8424,,8424,,8424,,8424,
1571112000000,,,,,,,,,,
1571126400000,,,,,,,,,,
1571140800000,8380,,8380,,,,,,,
1571155200000,,8081.5,,8081.5,,8081.5,,,,
1571169600000,,,,,,,,,,
1571184000000,8184,,,,,,,,,
1571198400000,,,,,,,,,,
1571212800000,,,,,,,,,,
1571227200000,,,,,,,,,,
1571241600000,,7915,,7915,,7915,,7915,,7915
1571256000000,,,,,,,,,,
1571270400000,,,,,,,,,,
1571284800000,,7942,,7942,,,,,,
1571299200000,8116,,,,,,,,,
1571313600000,,,,,,,,,,
1571328000000,8132.5,,8132.5,,8132.5,,8132.5,,8132.5,
1571342400000,,8048,,,,,,,,
1571356800000,8122.5,,,,,,,,,
1571371200000,,,,,,,,,,
1571385600000,,7815,,7815,,7815,,7815,,7815
1571400000000,,,,,,,,,,
1571414400000,,,,,,,,,,
1571428800000,7993.5,,7993.5,,7993.5,,,,,
1571443200000,,7912,,,,,,,,
1571457600000,,,,,,,,,,
1571472000000,,,,,,,,,,
1571486400000,8103.5,7874.5,8103.5,7874.5,8103.5,7874.5,8103.5,7874.5,8103.5,7874.5
1571500800000,,,,,,,,,,
1571515200000,,,,,,,,,,
1571529600000,,7877.5,,7877.5,,,,,,
1571544000000,,,,,,,,,,
1571558400000,,7902,,,,,,,,
1571572800000,,,,,,,,,,
1571587200000,,,,,,,,,,
1571601600000,8317,,8317,,8317,,,,,
1571616000000,,,,,,,,,,
1571630400000,,,,,,,,,,
1571644800000,,,,,,,,,,
1571659200000,8356,,8356,,8356,,8356,,8356,
1571673600000,,8159.5,,8159.5,,8159.5,,8159.5,,8159.5
1571688000000,8233.5,,,,,,,,,
1571702400000,,8179.5,,,,,,,,
1571716800000,,,,,,,,,,
1571731200000,,,,,,,,,,
1571745600000,8313,,8313,,8313,,8313,,8313,
1571760000000,,,,,,,,,,
1571774400000,,,,,,,,,,
1571788800000,,,,,,,,,,
1571803200000,,7919,,,,,,,,
1571817600000,8015.5,,,,,,,,,
1571832000000,,,,,,,,,,
1571846400000,,7301,,7301,,7301,,7301,,7301
1571860800000,,,,,,,,,,
1571875200000,,,,,,,,,,
1571889600000,,7354,,7354,,,,,,
1571904000000,,,,,,,,,,
1571918400000,7508.5,,7508.5,,7508.5,,7508.5,,,
1571932800000,,,,,,,,,,
1571947200000,7482,7420,,,,,,,,
1571961600000,,,,,,,,,,
1571976000000,,7384.5,,7384.5,,7384.5,,7384.5,,7384.5
1571990400000,,,,,,,,,,
1572004800000,,,,,,,,,,
1572019200000,8790.5,,,,,,,,,
1572033600000,,,,,,,,,,
1572048000000,10558,,10558,,10558,,10558,,10558,
1572062400000,,,,,,,,,,
1572076800000,,9008.5,,,,,,,,
1572091200000,,,,,,,,,,
1572105600000,,8921,,8921,,8921,,,,
1572120000000,,,,,,,,,,
1572134400000,9403.5,,,,,,,,,
1572148800000,,9113,,,,,,,,
1572163200000,9661,,,,,,,,,
1572177600000,,,,,,,,,,
1572192000000,9835,,,,,,,,,
1572206400000,,,,,,,,,,
1572220800000,9938,,9938,,9938,,9938,,9938,
1572235200000,,,,,,,,,,
1572249600000,,,,,,,,,,
1572264000000,,9272,,,,,,,,
1572278400000,9516.5,,9516.5,,,,,,,
1572292800000,,9194.5,,9194.5,,9194.5,,9194.5,,
1572307200000,,,,,,,,,,
1572321600000,9560,,9560,,9560,,9560,,9560,
1572336000000,,,,,,,,,,
1572350400000,,,,,,,,,,
1572364800000,,9066,,9066,,9066,,,,
1572379200000,9526,,9526,,9526,,,,,
1572393600000,,,,,,,,,,
1572408000000,,,,,,,,,,
1572422400000,,,,,,,,,,
1572436800000,,8989.5,,8989.5,,8989.5,,8989.5,,
1572451200000,,,,,,,,,,
1572465600000,9239.5,,9239.5,,,,,,,
1572480000000,,9070.5,,,,,,,,
1572494400000,9229.5,,,,,,,,,
1572508800000,,8960,,8960,,8960,,8960,,8960
1572523200000,9442.5,,9442.5,,9442.5,,9442.5,,9442.5,
1572537600000,,,,,,,,,,
1572552000000,,9039.5,,9039.5,,,,,,
1572566400000,,,,,,,,,,
1572580800000,,9063,,,,,,,,
1572595200000,9313,,9313,,,,,,,
1572609600000,,,,,,,,,,
1572624000000,,9082,,9082,,,,,,
1572638400000,9316,,9316,,9316,,,,,
1572652800000,,,,,,,,,,
1572667200000,,9220,,,,,,,,
1572681600000,,,,,,,,,,
1572696000000,9410,,9410,,9410,,9410,,9410,
1572710400000,,,,,,,,,,
1572724800000,,,,,,,,,,
1572739200000,9397,,9397,,,,,,,
1572753600000,,,,,,,,,,
1572768000000,,,,,,,,,,
1572782400000,,9107,,,,,,,,
1572796800000,,,,,,,,,,
1572811200000,9253,9077,9253,9077,,9077,,9077,,9077
1572825600000,,,,,,,,,,
1572840000000,,9137.5,,,,,,,,
1572854400000,,,,,,,,,,
1572868800000,9342,,,,,,,,,
1572883200000,,,,,,,,,,
1572897600000,9612.5,,9612.5,,9612.5,,9612.5,,9612.5,
1572912000000,,,,,,,,,,
1572926400000,,9188,,9188,,9188,,9188,,
1572940800000,,,,,,,,,,
1572955200000,,,,,,,,,,
1572969600000,,,,,,,,,,
1572984000000,9437,,,,,,,,,
1572998400000,,9287.5,,,,,,,,
1573012800000,9461,,9461,,9461,,9461,,9461,
1573027200000,,,,,,,,,,
1573041600000,,,,,,,,,,
1573056000000,,9257.5,,9257.5,,,,,,
1573070400000,,,,,,,,,,
1573084800000,9382,,9382,,,,,,,
1573099200000,,,,,,,,,,
1573113600000,,9144,,9144,,,,,,
1573128000000,,,,,,,,,,
1573142400000,,,,,,,,,,
1573156800000,9262,9080,9262,9080,,,,,,
1573171200000,,,,,,,,,,
1573185600000,,,,,,,,,,
1573200000000,,,,,,,,,,
1573214400000,,8680,,8680,,8680,,8680,,8680
1573228800000,,,,,,,,,,
1573243200000,8891,,,,,,,,,
1573257600000,,8732,,,,,,,,
1573272000000,8884,,,,,,,,,
1573286400000,,,,,,,,,,
1573300800000,8877,,,,,,,,,
1573315200000,,8734.5,,8734.5,,8734.5,,,,
1573329600000,8836.5,,,,,,,,,
1573344000000,,8764,,,,,,,,
1573358400000,8886,,8886,,,,,,,
1573372800000,,,,,,,,,,
1573387200000,,,,,,,,,,
1573401600000,9140,8794.5,9140,8794.5,9140,,9140,,9140,
1573416000000,,,,,,,,,,
1573430400000,,,,,,,,,,
1573444800000,,,,,,,,,,
1573459200000,,8593,,8593,,8593,,8593,,8593
1573473600000,,,,,,,,,,
1573488000000,8784,,,,,,,,,
1573502400000,,,,,,,,,,
1573516800000,,,,,,,,,,
1573531200000,8785.5,,,,,,,,,
1573545600000,,,,,,,,,,
1573560000000,8866,8559,8866,8559,8866,8559,8866,8559,8866,8559
1573574400000,,,,,,,,,,
1573588800000,,,,,,,,,,
1573603200000,8849,,8849,,,,,,,
1573617600000,,8710,,8710,,,,,,
1573632000000,8808,,,,,,,,,
1573646400000,,8718,,,,,,,,
1573660800000,,,,,,,,,,
1573675200000,,,,,,,,,,
1573689600000,8793,,8793,,8793,,,,,
1573704000000,,,,,,,,,,
1573718400000,,8555.5,,8555.5,,8555.5,,,,
1573732800000,8677,,,,,,,,,
1573747200000,,,,,,,,,,
1573761600000,8669.5,,,,,,,,,
1573776000000,,8496,,8496,,,,,,
1573790400000,,,,,,,,,,
1573804800000,8787.5,,8787.5,,8787.5,,8787.5,,8787.5,
1573819200000,,8355,,8355,,8355,,8355,,8355
1573833600000,,,,,,,,,,
1573848000000,8515,,,,,,,,,
1573862400000,,8426,,,,,,,,
1573876800000,,,,,,,,,,
1573891200000,8538,,8538,,8538,,8538,,,
1573905600000,,,,,,,,,,
1573920000000,,,,,,,,,,
1573934400000,,8458,,,,,,,,
1573948800000,8516.5,,,,,,,,,
1573963200000,,,,,,,,,,
1573977600000,8590,8384.5,8590,8384.5,,8384.5,,8384.5,,8384.5
1573992000000,,,,,,,,,,
1574006400000,,,,,,,,,,
1574020800000,8638,,8638,,8638,,8638,,8638,
1574035200000,,,,,,,,,,
1574049600000,,8416,,,,,,,,
1574064000000,,,,,,,,,,
1574078400000,,,,,,,,,,
1574092800000,,8022,,8022,,8022,,,,
1574107200000,,,,,,,,,,
1574121600000,,,,,,,,,,
1574136000000,,,,,,,,,,
1574150400000,,7991,,7991,,7991,,7991,,7991
1574164800000,,,,,,,,,,
1574179200000,8152.5,,,,,,,,,
1574193600000,,,,,,,,,,
1574208000000,8156,,8156,,8156,,,,,
1574222400000,,,,,,,,,,
1574236800000,,8034,,8034,,8034,,8034,,
1574251200000,,,,,,,,,,
1574265600000,8229,,8229,,8229,,8229,,8229,
1574280000000,,8058,,8058,,,,,,
1574294400000,8122,,,,,,,,,
1574308800000,,,,,,,,,,
1574323200000,,,,,,,,,,
1574337600000,,7356.5,,7356.5,,7356.5,,7356.5,,
1574352000000,,,,,,,,,,
1574366400000,,,,,,,,,,
1574380800000,7683.5,,,,,,,,,
1574395200000,,,,,,,,,,
1574409600000,7715.5,,7715.5,,7715.5,,7715.5,,,
1574424000000,,6735.5,,6735.5,,6735.5,,6735.5,,6735.5
1574438400000,,,,,,,,,,
1574452800000,7385,,7385,,,,,,,
1574467200000,,7158.5,,,,,,,,
1574481600000,7301,,,,,,,,,
1574496000000,,7103.5,,7103.5,,7103.5,,,,
1574510400000,,,,,,,,,,
1574524800000,7348,,7348,,7348,,7348,,,
1574539200000,,,,,,,,,,
1574553600000,7347,,,,,,,,,
1574568000000,,,,,,,,,,
1574582400000,7288,,,,,,,,,
1574596800000,,,,,,,,,,
1574611200000,,,,,,,,,,
1574625600000,,,,,,,,,,
1574640000000,,,,,,,,,,
1574654400000,,6519,,6519,,6519,,6519,,6519
1574668800000,,,,,,,,,,
1574683200000,,,,,,,,,,
1574697600000,7380,,7380,,7380,,7380,,7380,
1574712000000,,,,,,,,,,
1574726400000,,7090.5,,,,,,,,
1574740800000,7341,,7341,,,,,,,
1574755200000,,,,,,,,,,
1574769600000,,7015,,7015,,7015,,7015,,
1574784000000,,,,,,,,,,
1574798400000,,,,,,,,,,
1574812800000,7184.5,,7184.5,,,,,,,
1574827200000,,,,,,,,,,
1574841600000,,6845.5,,6845.5,,6845.5,,6845.5,,6845.5
1574856000000,,,,,,,,,,
1574870400000,,,,,,,,,,
1574884800000,7672.5,,7672.5,,7672.5,,7672.5,,7672.5,
1574899200000,,,,,,,,,,
1574913600000,,7428,,7428,,,,,,
1574928000000,,,,,,,,,,
1574942400000,,7430,,,,,,,,
1574956800000,7665,,7665,,7665,,7665,,,
1574971200000,,7370,,7370,,7370,,7370,,7370
1574985600000,,,,,,,,,,
1575000000000,,,,,,,,,,
1575014400000,,,,,,,,,,
1575028800000,,7432,,7432,,,,,,
1575043200000,7872,,7872,,7872,,7872,,7872,
1575057600000,,7684.5,,,,,,,,
1575072000000,7783.5,,,,,,,,,
1575086400000,,,,,,,,,,
1575100800000,7816.5,,7816.5,,7816.5,,,,,
1575115200000,,,,,,,,,,
1575129600000,,7458,,,,,,,,
1575144000000,,,,,,,,,,
1575158400000,,7244,,,,,,,,
1575172800000,,,,,,,,,,
1575187200000,,7234,,7234,,7234,,7234,,
1575201600000,7466.5,,7466.5,,,,,,,
1575216000000,,7276,,,,,,,,
1575230400000,7443,,,,,,,,,
1575244800000,,,,,,,,,,
1575259200000,,7160.5,,7160.5,,7160.5,,7160.5,,7160.5
1575273600000,,,,,,,,,,
1575288000000,,,,,,,,,,
1575302400000,,,,,,,,,,
1575316800000,,,,,,,,,,
1575331200000,7419.5,,7419.5,,7419.5,,7419.5,,7419.5,
1575345600000,,,,,,,,,,
1575360000000,,7238,,7238,,7238,,,,
1575374400000,7364,,7364,,,,,,,
1575388800000,,,,,,,,,,
1575403200000,,,,,,,,,,
1575417600000,,7105.5,,,,,,,,
1575432000000,,,,,,,,,,
1575446400000,,7085.5,,7085.5,,7085.5,,7085.5,,7085.5
1575460800000,7795,,7795,,7795,,7795,,7795,
1575475200000,,,,,,,,,,
1575489600000,,7089.5,,7089.5,,,,,,
1575504000000,,,,,,,,,,
1575518400000,,7148.5,,,,,,,,
1575532800000,,,,,,,,,,
1575547200000,7484,,7484,,7484,,,,,
1575561600000,,7255,,7255,,,,,,
1575576000000,7449.5,,,,,,,,,
1575590400000,,7325,,,,,,,,
1575604800000,,,,,,,,,,
1575619200000,7450.5,7304.5,,7304.5,,7304.5,,,,
1575633600000,,,,,,,,,,
1575648000000,7648,,7648,,7648,,7648,,7648,
1575662400000,,,,,,,,,,
1575676800000,,,,,,,,,,
1575691200000,7631,,7631,,,,,,,
1575705600000,,7481.5,,7481.5,,,,,,
1575720000000,7565.5,,,,,,,,,
1575734400000,,7488,,,,,,,,
1575748800000,,,,,,,,,,
1575763200000,,7389,,7389,,7389,,7389,,7389
1575777600000,,,,,,,,,,
1575792000000,,,,,,,,,,
1575806400000,7583,,7583,,7583,,7583,,7583,
1575820800000,,,,,,,,,,
1575835200000,,,,,,,,,,
1575849600000,,,,,,,,,,
1575864000000,,,,,,,,,,
1575878400000,,,,,,,,,,
1575892800000,7688.5,,7688.5,,7688.5,,7688.5,,7688.5,
1575907200000,,,,,,,,,,
1575921600000,,7277.5,,7277.5,,,,,,
1575936000000,7382,,,,,,,,,
1575950400000,,,,,,,,,,
1575964800000,,,,,,,,,,
1575979200000,,,,,,,,,,
1575993600000,,7161.5,,7161.5,,7161.5,,7161.5,,
1576008000000,,,,,,,,,,
1576022400000,7266.5,,7266.5,,,,,,,
1576036800000,,7177.5,,,,,,,,
1576051200000,,,,,,,,,,
1576065600000,7255,7121,7255,7121,,,,,,
1576080000000,,,,,,,,,,
1576094400000,,,,,,,,,,
1576108800000,7296,7070.5,7296,7070.5,7296,7070.5,7296,7070.5,7296,7070.5
1576123200000,,,,,,,,,,
1576137600000,,7100,,,,,,,,
1576152000000,,,,,,,,,,
1576166400000,,,,,,,,,,
1576180800000,7253.5,,7253.5,,7253.5,,,,,
1576195200000,,,,,,,,,,
1576209600000,,,,,,,,,,
1576224000000,,7193,,,,,,,,
1576238400000,,,,,,,,,,
1576252800000,7295,,7295,,7295,,7295,,7295,
1576267200000,,,,,,,,,,
1576281600000,,,,,,,,,,
1576296000000,7267,,7267,,,,,,,
1576310400000,,,,,,,,,,
1576324800000,,,,,,,,,,
1576339200000,,7002,,7002,,7002,,7002,,7002
1576353600000,,,,,,,,,,
1576368000000,,7009,,,,,,,,
1576382400000,7210,,7210,,7210,,7210,,,
1576396800000,,,,,,,,,,
1576411200000,,7050,,,,,,,,
1576425600000,,,,,,,,,,
1576440000000,7132.5,,,,,,,,,
1576454400000,,,,,,,,,,
1576468800000,,7027,,7027,,,,,,
1576483200000,,,,,,,,,,
1576497600000,7138.5,,7138.5,,7138.5,,7138.5,,7138.5,
1576512000000,,6820,,6820,,6820,,6820,,
1576526400000,,,,,,,,,,
1576540800000,,,,,,,,,,
1576555200000,,,,,,,,,,
1576569600000,,,,,,,,,,
1576584000000,6937,,6937,,6937,,6937,,,
1576598400000,,,,,,,,,,
1576612800000,,6546,,6546,,6546,,,,
1576627200000,6712.5,,,,,,,,,
1576641600000,,6581,,,,,,,,
1576656000000,,,,,,,,,,
1576670400000,,6420,,6420,,6420,,6420,,6420
1576684800000,,,,,,,,,,
1576699200000,7480.5,,7480.5,,7480.5,,7480.5,,7480.5,
1576713600000,,,,,,,,,,
1576728000000,,,,,,,,,,
1576742400000,,7042,,7042,,,,,,
1576756800000,7231.5,,7231.5,,,,,,,
1576771200000,,,,,,,,,,
1576785600000,,,,,,,,,,
1576800000000,,,,,,,,,,
1576814400000,,7073,,7073,,7073,,,,
1576828800000,,,,,,,,,,
1576843200000,7229,,7229,,7229,,7229,,7229,
1576857600000,,7124.5,,,,,,,,
1576872000000,7214.5,,,,,,,,,
1576886400000,,,,,,,,,,
1576900800000,,,,,,,,,,
1576915200000,,7096,,7096,,7096,,7096,,7096
1576929600000,,,,,,,,,,
1576944000000,,,,,,,,,,
1576958400000,7174,7116.5,,7116.5,,,,,,
1576972800000,,,,,,,,,,
1576987200000,,7121,,,,,,,,
1577001600000,7201,,,,,,,,,
1577016000000,,,,,,,,,,
1577030400000,,,,,,,,,,
1577044800000,,,,,,,,,,
1577059200000,7646,,7646,,7646,,,,,
1577073600000,,7464,,,,,,,,
1577088000000,,,,,,,,,,
1577102400000,,,,,,,,,,
1577116800000,7691.5,,7691.5,,7691.5,,7691.5,,7691.5,
1577131200000,,7261.5,,,,,,,,
1577145600000,,,,,,,,,,
1577160000000,,,,,,,,,,
1577174400000,,7227,,,,,,,,
1577188800000,7429,,7429,,7429,,,,,
1577203200000,,7155.5,,7155.5,,7155.5,,7155.5,,7155.5
1577217600000,,,,,,,,,,
1577232000000,,,,,,,,,,
1577246400000,,7196,,,,,,,,
1577260800000,,,,,,,,,,
1577275200000,,,,,,,,,,
1577289600000,,7116,,7116,,7116,,7116,,7116
1577304000000,7263.5,,7263.5,,7263.5,,7263.5,,,
1577318400000,,,,,,,,,,
1577332800000,,7169,,,,,,,,
1577347200000,,,,,,,,,,
1577361600000,,7175,,,,,,,,
1577376000000,7428,,7428,,7428,,7428,,7428,
1577390400000,,7146,,7146,,,,,,
1577404800000,,,,,,,,,,
1577419200000,,,,,,,,,,
1577433600000,,7058,,7058,,7058,,7058,,7058
1577448000000,,,,,,,,,,
1577462400000,7258,,,,,,,,,
1577476800000,,,,,,,,,,
1577491200000,,,,,,,,,,
1577505600000,7344,,,,,,,,,
1577520000000,,7245,,,,,,,,
1577534400000,,,,,,,,,,
1577548800000,7348,7253.5,7348,,7348,,,,,
1577563200000,,,,,,,,,,
1577577600000,,7279,,,,,,,,
1577592000000,,,,,,,,,,
1577606400000,,,,,,,,,,
1577620800000,,,,,,,,,,
1577635200000,,,,,,,,,,
1577649600000,7524.5,,7524.5,,7524.5,,7524.5,,7524.5,
1577664000000,,7301,,,,,,,,
1577678400000,7384.5,,,,,,,,,
1577692800000,,,,,,,,,,
1577707200000,,,,,,,,,,
1577721600000,,7198,,,,,,,,
1577736000000,7259,,,,,,,,,
1577750400000,,7167.5,,7167.5,,7167.5,,,,
1577764800000,7246,,,,,,,,,
1577779200000,,,,,,,,,,
1577793600000,7305.5,,7305.5,,7305.5,,7305.5,,7305.5,
1577808000000,,7116.5,,7116.5,,7116.5,,7116.5,,7116.5
1577822400000,,,,,,,,,,
1577836800000,7222,,7222,,,,,,,
1577851200000,,,,,,,,,,
1577865600000,,7157.5,,,,,,,,
1577880000000,7234,,7234,,7234,,7234,,7234,
1577894400000,,,,,,,,,,
1577908800000,,,,,,,,,,
1577923200000,,,,,,,,,,
1577937600000,,7074.5,,7074.5,,,,,,
1577952000000,7153.5,,,,,,,,,
1577966400000,,,,,,,,,,
1577980800000,,6910.5,,,,,,,,
1577995200000,,,,,,,,,,
1578009600000,,6854.5,,6854.5,,6854.5,,6854.5,,6854.5
1578024000000,,,,,,,,,,
1578038400000,,,,,,,,,,
1578052800000,,,,,,,,,,
1578067200000,7411.5,,7411.5,,7411.5,,7411.5,,7411.5,
1578081600000,,7253,,,,,,,,
1578096000000,,,,,,,,,,
1578110400000,7361.5,,7361.5,,,,,,,
1578124800000,,,,,,,,,,
1578139200000,,,,,,,,,,
1578153600000,7398.5,7259.5,,7259.5,,7259.5,,7259.5,,
1578168000000,,,,,,,,,,
1578182400000,,,,,,,,,,
1578196800000,7488.5,,7488.5,,7488.5,,7488.5,,,
1578211200000,,7404,,,,,,,,
1578225600000,,,,,,,,,,
1578240000000,7477,,,,,,,,,
1578254400000,,7301.5,,7301.5,,7301.5,,7301.5,,7301.5
1578268800000,7581.5,,7581.5,,,,,,,
1578283200000,,,,,,,,,,
1578297600000,,,,,,,,,,
1578312000000,7611.5,7493.5,,7493.5,,,,,,
1578326400000,,,,,,,,,,
1578340800000,,,,,,,,,,
1578355200000,8007,,8007,,8007,,,,,
1578369600000,,,,,,,,,,
1578384000000,7963.5,,,,,,,,,
1578398400000,,,,,,,,,,
1578412800000,,7734.5,,7734.5,,7734.5,,7734.5,,
1578427200000,,,,,,,,,,
1578441600000,8461.5,,8461.5,,8461.5,,8461.5,,8461.5,
1578456000000,,,,,,,,,,
1578470400000,,,,,,,,,,
1578484800000,8412,,8412,,,,,,,
1578499200000,,,,,,,,,,
1578513600000,,7871.5,,7871.5,,,,,,
1578528000000,,,,,,,,,,
1578542400000,,,,,,,,,,
1578556800000,,7852,,,,,,,,
1578571200000,,,,,,,,,,
1578585600000,,,,,,,,,,
1578600000000,7991.5,7742.5,7991.5,,7991.5,,,,,
1578614400000,,,,,,,,,,
1578628800000,,,,,,,,,,
1578643200000,,7676,,7676,,7676,,7676,,7676
1578657600000,,,,,,,,,,
1578672000000,,,,,,,,,,
1578686400000,,,,,,,,,,
1578700800000,8247,,8247,,8247,,8247,,,
1578715200000,,,,,,,,,,
1578729600000,,8015,,8015,,,,,,
1578744000000,,,,,,,,,,
1578758400000,,,,,,,,,,
1578772800000,8290,,8290,,8290,,8290,,8290,
1578787200000,,7965.5,,7965.5,,7965.5,,7965.5,,7965.5
1578801600000,,,,,,,,,,
1578816000000,,,,,,,,,,
1578830400000,,,,,,,,,,
1578844800000,8190,8072,,8072,,,,,,
1578859200000,,,,,,,,,,
1578873600000,8196,,8196,,8196,,8196,,8196,
1578888000000,,8050,,,,,,,,
1578902400000,8120.5,,,,,,,,,
1578916800000,,8038.5,,8038.5,,8038.5,,8038.5,,8038.5
1578931200000,,,,,,,,,,
1578945600000,,,,,,,,,,
1578960000000,,,,,,,,,,
1578974400000,8580,,,,,,,,,
1578988800000,,,,,,,,,,
1579003200000,,,,,,,,,,
1579017600000,,,,,,,,,,
1579032000000,,,,,,,,,,
1579046400000,8911,,8911,,8911,,8911,,8911,
1579060800000,,8576,,8576,,,,,,
1579075200000,,,,,,,,,,
1579089600000,8900,,8900,,,,,,,
1579104000000,,8672,,,,,,,,
1579118400000,8877.5,,,,,,,,,
1579132800000,,8584,,8584,,8584,,8584,,
1579147200000,,,,,,,,,,
1579161600000,,8590,,,,,,,,
1579176000000,8773.5,,8773.5,,,,,,,
1579190400000,,8615,,,,,,,,
1579204800000,,,,,,,,,,
1579219200000,,,,,,,,,,
1579233600000,,,,,,,,,,
1579248000000,9021.5,,9021.5,,9021.5,,9021.5,,9021.5,
1579262400000,,8768,,,,,,,,
1579276800000,,,,,,,,,,
1579291200000,,,,,,,,,,
1579305600000,8984.5,,8984.5,,8984.5,,,,,
1579320000000,,8810,,8810,,,,,,
1579334400000,,,,,,,,,,
1579348800000,8960,,,,,,,,,
1579363200000,,8842,,,,,,,,
1579377600000,,,,,,,,,,
1579392000000,9188,8892,9188,,9188,,9188,,9188,
1579406400000,,,,,,,,,,
1579420800000,,8452,,8452,,8452,,8452,,8452
1579435200000,,,,,,,,,,
1579449600000,,,,,,,,,,
1579464000000,8760,8453,8760,8453,,,,,,
1579478400000,,,,,,,,,,
1579492800000,,,,,,,,,,
1579507200000,,,,,,,,,,
1579521600000,,8511.5,,8511.5,,8511.5,,,,
1579536000000,,,,,,,,,,
1579550400000,8741,8607,8741,,8741,,8741,,8741,
1579564800000,,,,,,,,,,
1579579200000,8683,,,,,,,,,
1579593600000,,8585.5,,,,,,,,
1579608000000,8670,,,,,,,,,
1579622400000,,8470,,8470,,8470,,8470,,8470
1579636800000,8772.5,,,,,,,,,
1579651200000,,,,,,,,,,
1579665600000,8799,,8799,,8799,,8799,,8799,
1579680000000,,8612,,,,,,,,
1579694400000,,,,,,,,,,
1579708800000,8682.5,8565,,,,,,,,
1579723200000,,,,,,,,,,
1579737600000,8673,,,,,,,,,
1579752000000,,,,,,,,,,
1579766400000,8595,,,,,,,,,
1579780800000,,,,,,,,,,
1579795200000,,8283,,,,,,,,
1579809600000,8426,,,,,,,,,
1579824000000,,8274,,,,,,,,
1579838400000,,,,,,,,,,
1579852800000,,8223,,8223,,8223,,8223,,8223
1579867200000,,,,,,,,,,
1579881600000,8517.5,,8517.5,,8517.5,,8517.5,,8517.5,
1579896000000,,,,,,,,,,
1579910400000,,8258,,8258,,8258,,,,
1579924800000,,,,,,,,,,
1579939200000,8366,,,,,,,,,
1579953600000,,8282,,,,,,,,
1579968000000,,,,,,,,,,
1579982400000,8403.5,,8403.5,,,,,,,
1579996800000,,8287,,8287,,,,,,
1580011200000,,,,,,,,,,
1580025600000,8480,,,,,,,,,
1580040000000,,,,,,,,,,
1580054400000,,,,,,,,,,
1580068800000,,,,,,,,,,
1580083200000,8683.5,,,,,,,,,
1580097600000,,,,,,,,,,
1580112000000,,8569,,8569,,,,,,
1580126400000,,,,,,,,,,
1580140800000,,,,,,,,,,
1580155200000,,,,,,,,,,
1580169600000,9144,,9144,,,,,,,
1580184000000,,,,,,,,,,
1580198400000,,8934,,,,,,,,
1580212800000,9194,,,,,,,,,
1580227200000,,8874,,8874,,8874,,8874,,
1580241600000,,,,,,,,,,
1580256000000,9446,,9446,,9446,,9446,,9446,
1580270400000,,,,,,,,,,
1580284800000,9428,9226.5,,9226.5,,,,,,
1580299200000,,,,,,,,,,
1580313600000,,,,,,,,,,
1580328000000,9445,,9445,,9445,,9445,,,
1580342400000,,9190,,9190,,9190,,,,
1580356800000,,,,,,,,,,
1580371200000,,,,,,,,,,
1580385600000,,,,,,,,,,
1580400000000,,9104.5,,9104.5,,9104.5,,9104.5,,9104.5
1580414400000,9575,,9575,,9575,,9575,,9575,
1580428800000,,,,,,,,,,
1580443200000,,,,,,,,,,
1580457600000,,,,,,,,,,
1580472000000,,9208,,9208,,9208,,9208,,
1580486400000,,,,,,,,,,
1580500800000,,,,,,,,,,
1580515200000,9465,,9465,,9465,,9465,,9465,
1580529600000,,,,,,,,,,
1580544000000,,,,,,,,,,
1580558400000,,9283,,9283,,,,,,
1580572800000,9413,,,,,,,,,
1580587200000,,,,,,,,,,
1580601600000,,,,,,,,,,
1580616000000,,9138,,9138,,9138,,9138,,9138
1580630400000,,,,,,,,,,
1580644800000,9476,,9476,,,,,,,
1580659200000,,,,,,,,,,
1580673600000,,,,,,,,,,
1580688000000,9631.5,9250,9631.5,9250,9631.5,9250,9631.5,,9631.5,
1580702400000,,,,,,,,,,
1580716800000,,,,,,,,,,
1580731200000,,,,,,,,,,
1580745600000,,9220,,9220,,,,,,
1580760000000,,,,,,,,,,
1580774400000,9346,,9346,,,,,,,
1580788800000,,,,,,,,,,
1580803200000,,9085,,9085,,9085,,9085,,9085
1580817600000,,,,,,,,,,
1580832000000,9219,,,,,,,,,
1580846400000,,9128.5,,,,,,,,
1580860800000,,,,,,,,,,
1580875200000,,,,,,,,,,
1580889600000,,,,,,,,,,
1580904000000,,,,,,,,,,
1580918400000,9777,,9777,,9777,,9777,,,
1580932800000,,,,,,,,,,
1580947200000,,9530,,,,,,,,
1580961600000,,,,,,,,,,
1580976000000,,,,,,,,,,
1580990400000,9877,,9877,,9877,,9877,,,
1581004800000,,,,,,,,,,
1581019200000,,9636,,9636,,,,,,
1581033600000,9847.5,,,,,,,,,
1581048000000,,9735,,,,,,,,
1581062400000,9889.5,,9889.5,,9889.5,,9889.5,,9889.5,
1581076800000,,9714,,9714,,,,,,
1581091200000,,,,,,,,,,
1581105600000,,,,,,,,,,
1581120000000,,9667,,9667,,9667,,9667,,9667
1581134400000,,,,,,,,,,
1581148800000,,,,,,,,,,
1581163200000,,9747.5,,,,,,,,
1581177600000,,,,,,,,,,
1581192000000,,,,,,,,,,
1581206400000,,,,,,,,,,
1581220800000,10182,,10182,,10182,,10182,,,
1581235200000,,,,,,,,,,
1581249600000,10159.5,10031,,10031,,,,,,
1581264000000,,,,,,,,,,
1581278400000,,10065,,,,,,,,
1581292800000,10196,,10196,,10196,,10196,,10196,
1581307200000,,9750,,9750,,9750,,9750,,
1581321600000,,,,,,,,,,
1581336000000,,,,,,,,,,
1581350400000,,,,,,,,,,
1581364800000,,,,,,,,,,
1581379200000,,,,,,,,,,
1581393600000,,9716.5,,9716.5,,9716.5,,9716.5,,9716.5
1581408000000,,,,,,,,,,
1581422400000,,,,,,,,,,
1581436800000,10410,,10410,,,,,,,
1581451200000,,,,,,,,,,
1581465600000,,,,,,,,,,
1581480000000,10500,,10500,,10500,,10500,,10500,
1581494400000,,10257.5,,10257.5,,,,,,
1581508800000,10450.5,,,,,,,,,
1581523200000,,,,,,,,,,
1581537600000,,,,,,,,,,
1581552000000,,,,,,,,,,
1581566400000,10522,,,,,,,,,
1581580800000,,10085,,10085,,10085,,10085,,10085
1581595200000,10549.5,,10549.5,,10549.5,,10549.5,,10549.5,
1581609600000,,,,,,,,,,
1581624000000,,,,,,,,,,
1581638400000,10295,,,,,,,,,
1581652800000,,10118.5,,10118.5,,10118.5,,,,
1581667200000,,,,,,,,,,
1581681600000,,,,,,,,,,
1581696000000,10401.5,,,,,,,,,
1581710400000,,,,,,,,,,
1581724800000,10411,10164,10411,10164,10411,,10411,,10411,
1581739200000,,,,,,,,,,
1581753600000,,,,,,,,,,
1581768000000,,9754,,9754,,9754,,9754,,9754
1581782400000,,,,,,,,,,
1581796800000,,,,,,,,,,
1581811200000,10054.5,9864.5,,,,,,,,
1581825600000,,,,,,,,,,
1581840000000,,,,,,,,,,
1581854400000,,,,,,,,,,
1581868800000,,9635.5,,9635.5,,9635.5,,,,
1581883200000,10008,,10008,,,,,,,
1581897600000,,,,,,,,,,
1581912000000,,,,,,,,,,
1581926400000,9850.5,,,,,,,,,
1581940800000,,9456.5,,9456.5,,9456.5,,9456.5,,9456.5
1581955200000,9732.5,,,,,,,,,
1581969600000,,,,,,,,,,
1581984000000,,,,,,,,,,
1581998400000,9835,,,,,,,,,
1582012800000,,,,,,,,,,
1582027200000,,9621.5,,9621.5,,9621.5,,9621.5,,
1582041600000,,,,,,,,,,
1582056000000,10300,,10300,,10300,,10300,,,
1582070400000,,,,,,,,,,
1582084800000,,,,,,,,,,
1582099200000,,10046.5,,10046.5,,,,,,
1582113600000,,,,,,,,,,
1582128000000,10321.5,,10321.5,,10321.5,,10321.5,,10321.5,
1582142400000,,9267.5,,9267.5,,9267.5,,9267.5,,9267.5
1582156800000,,,,,,,,,,
1582171200000,,,,,,,,,,
1582185600000,9642,,,,,,,,,
1582200000000,,,,,,,,,,
1582214400000,9705.5,9392.5,,9392.5,,9392.5,,9392.5,,
1582228800000,,,,,,,,,,
1582243200000,,,,,,,,,,
1582257600000,9745,,,,,,,,,
1582272000000,,9627.5,,,,,,,,
1582286400000,9779.5,,9779.5,,9779.5,,9779.5,,9779.5,
1582300800000,,,,,,,,,,
1582315200000,,9560,,9560,,9560,,9560,,9560
1582329600000,,,,,,,,,,
1582344000000,,9577.5,,,,,,,,
1582358400000,,,,,,,,,,
1582372800000,,,,,,,,,,
1582387200000,,9629.5,,,,,,,,
1582401600000,,,,,,,,,,
1582416000000,,9676,,,,,,,,
1582430400000,,,,,,,,,,
1582444800000,10035.5,,10035.5,,10035.5,,10035.5,,10035.5,
1582459200000,,9843.5,,,,,,,,
1582473600000,,,,,,,,,,
1582488000000,,,,,,,,,,
1582502400000,10032.5,9594.5,10032.5,9594.5,10032.5,9594.5,,,,
1582516800000,,,,,,,,,,
1582531200000,,,,,,,,,,
1582545600000,9870,,9870,,,,,,,
1582560000000,,9485.5,,9485.5,,9485.5,,9485.5,,
1582574400000,,,,,,,,,,
1582588800000,,,,,,,,,,
1582603200000,,9496,,,,,,,,
1582617600000,,,,,,,,,,
1582632000000,9694.5,,9694.5,,9694.5,,9694.5,,,
1582646400000,,,,,,,,,,
1582660800000,,,,,,,,,,
1582675200000,,9110,,,,,,,,
1582689600000,,,,,,,,,,
1582704000000,,,,,,,,,,
1582718400000,9282,,9282,,,,,,,
1582732800000,,8591,,,,,,,,
1582747200000,,,,,,,,,,
1582761600000,,8530.5,,8530.5,,8530.5,,8530.5,,8530.5
1582776000000,,,,,,,,,,
1582790400000,,,,,,,,,,
1582804800000,,,,,,,,,,
1582819200000,8970,,8970,,8970,,8970,,8970,
1582833600000,,8686,,8686,,,,,,
1582848000000,,,,,,,,,,
1582862400000,,,,,,,,,,
1582876800000,,,,,,,,,,
1582891200000,,8441,,8441,,8441,,8441,,8441
1582905600000,,,,,,,,,,
1582920000000,8818.5,,8818.5,,8818.5,,,,,
1582934400000,,,,,,,,,,
1582948800000,8807.5,,,,,,,,,
1582963200000,,,,,,,,,,
1582977600000,,8589,,,,,,,,
1582992000000,,,,,,,,,,
1583006400000,,,,,,,,,,
1583020800000,,8514,,8514,,8514,,,,
1583035200000,,,,,,,,,,
1583049600000,,8523.5,,,,,,,,
1583064000000,8761,,8761,,8761,,8761,,,
1583078400000,,8404,,8404,,8404,,8404,,8404
1583092800000,,,,,,,,,,
1583107200000,,,,,,,,,,
1583121600000,,,,,,,,,,
1583136000000,,,,,,,,,,
1583150400000,,,,,,,,,,
1583164800000,,,,,,,,,,
1583179200000,8970,,8970,,8970,,8970,,8970,
1583193600000,,,,,,,,,,
1583208000000,,,,,,,,,,
1583222400000,,,,,,,,,,
1583236800000,8918,,8918,,,,,,,
1583251200000,,8669,,8669,,8669,,8669,,8669
1583265600000,,,,,,,,,,
1583280000000,,,,,,,,,,
1583294400000,8852.5,,8852.5,,8852.5,,,,,
1583308800000,,,,,,,,,,
1583323200000,,8675,,8675,,8675,,8675,,
1583337600000,,,,,,,,,,
1583352000000,,,,,,,,,,
1583366400000,8963.5,,,,,,,,,
1583380800000,,,,,,,,,,
1583395200000,,,,,,,,,,
1583409600000,,,,,,,,,,
1583424000000,,,,,,,,,,
1583438400000,,,,,,,,,,
1583452800000,,9006,,9006,,9006,,,,
1583467200000,,,,,,,,,,
1583481600000,9185,,9185,,9185,,9185,,9185,
1583496000000,,,,,,,,,,
1583510400000,,9033,,9033,,,,,,
1583524800000,,,,,,,,,,
1583539200000,9173,,9173,,9173,,,,,
1583553600000,,9071.5,,9071.5,,,,,,
1583568000000,,,,,,,,,,
1583582400000,,,,,,,,,,
1583596800000,9224,8866,9224,,9224,,9224,,9224,
1583611200000,,,,,,,,,,
1583625600000,,,,,,,,,,
1583640000000,,,,,,,,,,
1583654400000,8762.5,,,,,,,,,
1583668800000,,,,,,,,,,
1583683200000,,,,,,,,,,
1583697600000,,,,,,,,,,
1583712000000,,,,,,,,,,
1583726400000,,7682.5,,,,,,,,
1583740800000,,,,,,,,,,
1583755200000,,7636,,7636,,7636,,7636,,7636
1583769600000,,,,,,,,,,
1583784000000,,,,,,,,,,
1583798400000,7961,,,,,,,,,
1583812800000,,,,,,,,,,
1583827200000,,,,,,,,,,
1583841600000,8154,,8154,,8154,,8154,,8154,
1583856000000,,7732,,7732,,7732,,7732,,7732
1583870400000,8035,,,,,,,,,
1583884800000,,,,,,,,,,
1583899200000,,,,,,,,,,
1583913600000,,,,,,,,,,
1583928000000,,,,,,,,,,
1583942400000,,7590.5,,,,,,,,
1583956800000,7985.5,,7985.5,,7985.5,,7985.5,,7985.5,
1583971200000,,,,,,,,,,
1583985600000,,,,,,,,,,
1584000000000,,5543,,5543,,,,,,
1584014400000,,,,,,,,,,
1584028800000,6255.5,,,,,,,,,
1584043200000,,,,,,,,,,
1584057600000,,3730,,3730,,3730,,3730,,3730
1584072000000,,,,,,,,,,
1584086400000,,,,,,,,,,
1584100800000,5898.5,,5898.5,,5898.5,,,,,
1584115200000,,4747.5,,4747.5,,,,,,
1584129600000,5679.5,,,,,,,,,
1584144000000,,,,,,,,,,
1584158400000,,,,,,,,,,
1584172800000,,5192.5,,5192.5,,,,,,
1584187200000,,,,,,,,,,
1584201600000,5518,,,,,,,,,
1584216000000,,5046.5,,5046.5,,5046.5,,5046.5,,5046.5
1584230400000,,,,,,,,,,
1584244800000,,,,,,,,,,
1584259200000,,,,,,,,,,
1584273600000,5591.5,,,,,,,,,
1584288000000,,,,,,,,,,
1584302400000,5964.5,5158.5,5964.5,,5964.5,,5964.5,,5964.5,
1584316800000,,,,,,,,,,
1584331200000,,,,,,,,,,
1584345600000,,4398,,4398,,4398,,4398,,4398
1584360000000,,,,,,,,,,
1584374400000,5203,,,,,,,,,
1584388800000,,4821,,,,,,,,
1584403200000,,,,,,,,,,
1584417600000,,,,,,,,,,
1584432000000,5463,,,,,,,,,
1584446400000,,5070,,5070,,,,,,
1584460800000,,,,,,,,,,
1584475200000,5565,,5565,,5565,,5565,,5565,
1584489600000,,,,,,,,,,
1584504000000,5441.5,,,,,,,,,
1584518400000,,,,,,,,,,
1584532800000,5423,5010,,5010,,5010,,5010,,5010
1584547200000,,,,,,,,,,
1584561600000,,,,,,,,,,
1584576000000,5470,5259,,,,,,,,
1584590400000,,,,,,,,,,
1584604800000,,,,,,,,,,
1584619200000,,,,,,,,,,
1584633600000,,,,,,,,,,
1584648000000,6440,,6440,,,,,,,
1584662400000,,6057,,,,,,,,
1584676800000,,,,,,,,,,
1584691200000,6938,,6938,,6938,,6938,,6938,
1584705600000,,,,,,,,,,
1584720000000,,,,,,,,,,
1584734400000,,5652.5,,5652.5,,5652.5,,5652.5,,5652.5
1584748800000,6375,,,,,,,,,
1584763200000,,,,,,,,,,
1584777600000,,5864,,5864,,,,,,
1584792000000,6272,,,,,,,,,
1584806400000,,6055.5,,,,,,,,
1584820800000,6447,,6447,,6447,,6447,,6447,
1584835200000,,,,,,,,,,
1584849600000,6420,,,,,,,,,
1584864000000,,,,,,,,,,
1584878400000,,,,,,,,,,
1584892800000,,,,,,,,,,
1584907200000,,,,,,,,,,
1584921600000,,5677,,5677,,5677,,5677,,5677
1584936000000,,,,,,,,,,
1584950400000,,5741,,,,,,,,
1584964800000,6644.5,,6644.5,,,,,,,
1584979200000,,,,,,,,,,
1584993600000,,,,,,,,,,
1585008000000,6717.5,,,,,,,,,
1585022400000,,6400,,,,,,,,
1585036800000,6869.5,,6869.5,,6869.5,,6869.5,,6869.5,
1585051200000,,6486,,,,,,,,
1585065600000,,,,,,,,,,
1585080000000,6813,,6813,,,,,,,
1585094400000,,6535,,,,,,,,
1585108800000,,,,,,,,,,
1585123200000,6981.5,6456.5,6981.5,6456.5,6981.5,6456.5,6981.5,6456.5,6981.5,6456.5
1585137600000,,,,,,,,,,
1585152000000,,,,,,,,,,
1585166400000,,6560,,,,,,,,
1585180800000,6795,,6795,,,,,,,
1585195200000,,6570.5,,,,,,,,
1585209600000,,,,,,,,,,
1585224000000,6702,6506,,6506,,6506,,6506,,6506
1585238400000,,,,,,,,,,
1585252800000,,,,,,,,,,
1585267200000,6876,,6876,,6876,,6876,,6876,
1585281600000,,,,,,,,,,
1585296000000,,,,,,,,,,
1585310400000,,6577.5,,,,,,,,
1585324800000,,,,,,,,,,
1585339200000,6707.5,,6707.5,,,,,,,
1585353600000,,6060,,6060,,6060,,,,
1585368000000,,,,,,,,,,
1585382400000,6325,,,,,,,,,
1585396800000,,,,,,,,,,
1585411200000,,6025,,6025,,6025,,6025,,6025
1585425600000,6301,,6301,,,,,,,
1585440000000,,,,,,,,,,
1585454400000,,,,,,,,,,
1585468800000,6221.5,,,,,,,,,
1585483200000,,,,,,,,,,
1585497600000,6172,,,,,,,,,
1585512000000,,,,,,,,,,
1585526400000,,5843,,5843,,5843,,5843,,5843
1585540800000,,,,,,,,,,
1585555200000,,,,,,,,,,
1585569600000,6462,,,,,,,,,
1585584000000,,,,,,,,,,
1585598400000,6634,,6634,,6634,,6634,,6634,
1585612800000,,,,,,,,,,
1585627200000,,,,,,,,,,
1585641600000,,,,,,,,,,
1585656000000,6516,6325,6516,6325,,,,,,
1585670400000,,,,,,,,,,
1585684800000,6509.5,,,,,,,,,
1585699200000,,6252,,6252,,,,,,
1585713600000,,,,,,,,,,
1585728000000,,,,,,,,,,
1585742400000,6345.5,,,,,,,,,
1585756800000,,6155,,6155,,6155,,6155,,6155
1585771200000,,,,,,,,,,
1585785600000,6789,,6789,,,,,,,
1585800000000,,,,,,,,,,
1585814400000,,,,,,,,,,
1585828800000,,,,,,,,,,
1585843200000,7273.5,,7273.5,,7273.5,,7273.5,,7273.5,
1585857600000,,6650,,,,,,,,
1585872000000,,,,,,,,,,
1585886400000,,,,,,,,,,
1585900800000,7060,,7060,,7060,,,,,
1585915200000,,,,,,,,,,
1585929600000,,6610,,6610,,6610,,6610,,6610
1585944000000,6820,,,,,,,,,
1585958400000,,6669,,,,,,,,
1585972800000,,,,,,,,,,
1585987200000,6918.5,6642,6918.5,6642,,6642,,,,
1586001600000,,,,,,,,,,
1586016000000,,,,,,,,,,
1586030400000,7020.5,,7020.5,,7020.5,,7020.5,,7020.5,
1586044800000,,,,,,,,,,
1586059200000,,6738,,6738,,,,,,
1586073600000,,,,,,,,,,
1586088000000,,,,,,,,,,
1586102400000,6862,6661,,6661,,6661,,6661,,6661
1586116800000,,,,,,,,,,
1586131200000,,,,,,,,,,
1586145600000,,,,,,,,,,
1586160000000,,,,,,,,,,
1586174400000,,,,,,,,,,
1586188800000,,,,,,,,,,
1586203200000,,,,,,,,,,
1586217600000,7460,,7460,,,,,,,
1586232000000,,7228,,,,,,,,
1586246400000,,,,,,,,,,
1586260800000,7475,7258.5,7475,,7475,,7475,,7475,
1586275200000,,,,,,,,,,
1586289600000,,7080,,7080,,7080,,7080,,7080
1586304000000,,,,,,,,,,
1586318400000,7432,,7432,,7432,,,,,
1586332800000,,,,,,,,,,
1586347200000,7362,7188.5,,7188.5,,,,,,
1586361600000,,,,,,,,,,
1586376000000,7398.5,,7398.5,,7398.5,,,,,
1586390400000,,,,,,,,,,
1586404800000,,,,,,,,,,
1586419200000,,,,,,,,,,
1586433600000,7371.5,7108,7371.5,7108,,7108,,,,
1586448000000,,,,,,,,,,
1586462400000,7325.5,,,,,,,,,
1586476800000,,,,,,,,,,
1586491200000,,,,,,,,,,
1586505600000,,,,,,,,,,
1586520000000,,6751.5,,6751.5,,6751.5,,6751.5,,6751.5
1586534400000,6954,,,,,,,,,
1586548800000,,,,,,,,,,
1586563200000,,,,,,,,,,
1586577600000,6953.5,,6953.5,,,,,,,
1586592000000,,,,,,,,,,
1586606400000,,,,,,,,,,
1586620800000,,,,,,,,,,
1586635200000,,6767,,6767,,6767,,6767,,6767
1586649600000,6905.5,,6905.5,,,,,,,
1586664000000,,6784,,,,,,,,
1586678400000,,,,,,,,,,
1586692800000,,,,,,,,,,
1586707200000,7194,,7194,,7194,,7194,,7194,
1586721600000,,,,,,,,,,
1586736000000,,6551,,6551,,6551,,6551,,6551
1586750400000,,,,,,,,,,
1586764800000,6841.5,,,,,,,,,
1586779200000,,6608,,6608,,,,,,
1586793600000,,,,,,,,,,
1586808000000,6914,,,,,,,,,
1586822400000,,,,,,,,,,
1586836800000,6930,,,,,,,,,
1586851200000,,6764.5,,6764.5,,6764.5,,,,
1586865600000,,,,,,,,,,
1586880000000,6986.5,,6986.5,,6986.5,,6986.5,,6986.5,
1586894400000,,,,,,,,,,
1586908800000,,6811.5,,,,,,,,
1586923200000,6935,,,,,,,,,
1586937600000,,,,,,,,,,
1586952000000,,6685,,,,,,,,
1586966400000,,,,,,,,,,
1586980800000,,,,,,,,,,
1586995200000,,6464.5,,6464.5,,6464.5,,6464.5,,6464.5
1587009600000,,,,,,,,,,
1587024000000,7159,,7159,,,,,,,
1587038400000,,,,,,,,,,
1587052800000,,,,,,,,,,
1587067200000,7223.5,,7223.5,,7223.5,,7223.5,,7223.5,
1587081600000,,,,,,,,,,
1587096000000,,,,,,,,,,
1587110400000,7130,,,,,,,,,
1587124800000,,7001.5,,7001.5,,7001.5,,,,
1587139200000,,,,,,,,,,
1587153600000,7152,7019,7152,,7152,,,,,
1587168000000,,,,,,,,,,
1587182400000,,,,,,,,,,
1587196800000,,7062,,,,,,,,
1587211200000,7284,,,,,,,,,
1587225600000,,,,,,,,,,
1587240000000,7301,,7301,,7301,,7301,,7301,
1587254400000,,,,,,,,,,
1587268800000,,7107.5,,,,,,,,
1587283200000,,,,,,,,,,
1587297600000,,7056.5,,7056.5,,7056.5,,7056.5,,
1587312000000,,,,,,,,,,
1587326400000,7217,,,,,,,,,
1587340800000,,7091,,,,,,,,
1587355200000,7224,,7224,,7224,,7224,,7224,
1587369600000,,,,,,,,,,
1587384000000,,,,,,,,,,
1587398400000,,,,,,,,,,
1587412800000,,6755,,6755,,6755,,6755,,6755
1587427200000,6923,,,,,,,,,
1587441600000,,,,,,,,,,
1587456000000,6912,6773,,6773,,,,,,
1587470400000,,,,,,,,,,
1587484800000,6948.5,,6948.5,,,,,,,
1587499200000,,,,,,,,,,
1587513600000,,6821.5,,,,,,,,
1587528000000,,,,,,,,,,
1587542400000,,,,,,,,,,
1587556800000,,,,,,,,,,
1587571200000,7167,,,,,,,,,
1587585600000,,,,,,,,,,
1587600000000,7193,,7193,,,,,,,
1587614400000,,7033,,7033,,7033,,,,
1587628800000,,,,,,,,,,
1587643200000,7801,,7801,,7801,,7801,,7801,
1587657600000,,,,,,,,,,
1587672000000,,7447,,,,,,,,
1587686400000,,,,,,,,,,
1587700800000,,,,,,,,,,
1587715200000,7613,,7613,,,,,,,
1587729600000,,7388,,7388,,7388,,7388,,7388
1587744000000,,,,,,,,,,
1587758400000,7555,,,,,,,,,
1587772800000,,7429.5,,7429.5,,,,,,
1587787200000,,,,,,,,,,
1587801600000,,,,,,,,,,
1587816000000,7722.5,,7722.5,,7722.5,,7722.5,,7722.5,
1587830400000,,7484,,7484,,7484,,,,
1587844800000,,,,,,,,,,
1587859200000,7585,,,,,,,,,
1587873600000,,,,,,,,,,
1587888000000,,,,,,,,,,
1587902400000,7717,7459,7717,7459,,7459,,7459,,7459
1587916800000,,,,,,,,,,
1587931200000,,,,,,,,,,
1587945600000,7813,,7813,,7813,,7813,,7813,
1587960000000,,,,,,,,,,
1587974400000,,,,,,,,,,
1587988800000,,7629,,7629,,7629,,,,
1588003200000,,,,,,,,,,
1588017600000,,,,,,,,,,
1588032000000,7796.5,,7796.5,,7796.5,,7796.5,,7796.5,
1588046400000,,7666.5,,,,,,,,
1588060800000,,,,,,,,,,
1588075200000,7770.5,7663.5,,7663.5,,7663.5,,7663.5,,
1588089600000,,,,,,,,,,
1588104000000,,,,,,,,,,
1588118400000,,,,,,,,,,
1588132800000,,,,,,,,,,
1588147200000,,,,,,,,,,
1588161600000,,,,,,,,,,
1588176000000,8974,,,,,,,,,
1588190400000,,,,,,,,,,
1588204800000,,,,,,,,,,
1588219200000,9482.5,,9482.5,,9482.5,,9482.5,,9482.5,
1588233600000,,8551.5,,,,,,,,
1588248000000,,,,,,,,,,
1588262400000,,8409,,8409,,8409,,8409,,8409
1588276800000,8891,,,,,,,,,
1588291200000,,,,,,,,,,
1588305600000,,,,,,,,,,
1588320000000,9073,,9073,,9073,,9073,,9073,
1588334400000,,,,,,,,,,
1588348800000,,8658,,8658,,8658,,,,
1588363200000,8897.5,,,,,,,,,
1588377600000,,,,,,,,,,
1588392000000,,,,,,,,,,
1588406400000,,8773.5,,,,,,,,
1588420800000,,,,,,,,,,
1588435200000,9022,8815.5,,,,,,,,
1588449600000,,,,,,,,,,
1588464000000,9205.5,,9205.5,,9205.5,,9205.5,,9205.5,
1588478400000,,8927,,,,,,,,
1588492800000,,,,,,,,,,
1588507200000,,8728,,8728,,,,,,
1588521600000,,,,,,,,,,
1588536000000,8957.5,,,,,,,,,
1588550400000,,,,,,,,,,
1588564800000,,8529,,8529,,8529,,8529,,8529
1588579200000,,,,,,,,,,
1588593600000,,,,,,,,,,
1588608000000,,,,,,,,,,
1588622400000,8972,,,,,,,,,
1588636800000,,8826.5,,,,,,,,
1588651200000,9120,,9120,,9120,,9120,,9120,
1588665600000,,8764,,8764,,8764,,,,
1588680000000,,,,,,,,,,
1588694400000,,,,,,,,,,
1588708800000,,,,,,,,,,
1588723200000,9076,,,,,,,,,
1588737600000,,,,,,,,,,
1588752000000,,,,,,,,,,
1588766400000,9408,,,,,,,,,
1588780800000,,,,,,,,,,
1588795200000,9416.5,,9416.5,,9416.5,,,,,
1588809600000,,9025.5,,9025.5,,9025.5,,,,
1588824000000,,,,,,,,,,
1588838400000,,,,,,,,,,
1588852800000,,,,,,,,,,
1588867200000,,,,,,,,,,
1588881600000,10098.5,,10098.5,,10098.5,,10098.5,,10098.5,
1588896000000,,,,,,,,,,
1588910400000,,9718,,9718,,,,,,
1588924800000,,,,,,,,,,
1588939200000,10032.5,9800,10032.5,,,,,,,
1588953600000,,,,,,,,,,
1588968000000,10028,,,,,,,,,
1588982400000,,,,,,,,,,
1588996800000,,,,,,,,,,
1589011200000,,9532,,9532,,9532,,,,
1589025600000,,,,,,,,,,
1589040000000,9799.5,,9799.5,,,,,,,
1589054400000,,,,,,,,,,
1589068800000,,8088,,8088,,8088,,8088,,8088
1589083200000,,,,,,,,,,
1589097600000,8899.5,,,,,,,,,
1589112000000,,,,,,,,,,
1589126400000,,8261,,8261,,8261,,,,
1589140800000,8830.5,,8830.5,,,,,,,
1589155200000,,,,,,,,,,
1589169600000,,,,,,,,,,
1589184000000,,8483,,,,,,,,
1589198400000,9170,,9170,,9170,,9170,,9170,
1589212800000,,8165,,8165,,8165,,8165,,8165
1589227200000,,,,,,,,,,
1589241600000,,,,,,,,,,
1589256000000,,,,,,,,,,
1589270400000,,,,,,,,,,
1589284800000,,,,,,,,,,
1589299200000,8983,,8983,,8983,,,,,
1589313600000,,8738,,,,,,,,
1589328000000,8977.5,,,,,,,,,
1589342400000,,,,,,,,,,
1589356800000,,8830,,,,,,,,
1589371200000,9187,,,,,,,,,
1589385600000,,,,,,,,,,
1589400000000,9412,,,,,,,,,
1589414400000,,,,,,,,,,
1589428800000,,,,,,,,,,
1589443200000,9960,,9960,,9960,,9960,,9960,
1589457600000,,,,,,,,,,
1589472000000,,,,,,,,,,
1589486400000,9883.5,,9883.5,,,,,,,
1589500800000,,9209.5,,9209.5,,9209.5,,9209.5,,
1589515200000,,,,,,,,,,
1589529600000,,,,,,,,,,
1589544000000,,,,,,,,,,
1589558400000,,,,,,,,,,
1589572800000,,9097,,9097,,9097,,9097,,9097
1589587200000,,,,,,,,,,
1589601600000,9589,,9589,,9589,,,,,
1589616000000,,9325.5,,,,,,,,
1589630400000,9534,,,,,,,,,
1589644800000,,9262,,9262,,9262,,,,
1589659200000,,,,,,,,,,
1589673600000,9570,,9570,,,,,,,
1589688000000,,,,,,,,,,
1589702400000,,9454.5,,,,,,,,
1589716800000,9898,,9898,,,,,,,
1589731200000,,,,,,,,,,
1589745600000,,9601,,,,,,,,
1589760000000,9974,,9974,,9974,,9974,,9974,
1589774400000,,,,,,,,,,
1589788800000,,9420,,9420,,9420,,9420,,9420
1589803200000,,,,,,,,,,
1589817600000,,9541,,,,,,,,
1589832000000,9759.5,,9759.5,,,,,,,
1589846400000,,9467,,9467,,9467,,,,
1589860800000,,,,,,,,,,
1589875200000,9912,,9912,,9912,,9912,,9912,
1589889600000,,9555,,,,,,,,
1589904000000,,,,,,,,,,
1589918400000,,,,,,,,,,
1589932800000,,,,,,,,,,
1589947200000,9843,9627.5,9843,,9843,,9843,,,
1589961600000,,,,,,,,,,
1589976000000,,9290,,9290,,9290,,9290,,
1589990400000,,,,,,,,,,
1590004800000,9590,,,,,,,,,
1590019200000,,,,,,,,,,
1590033600000,,,,,,,,,,
1590048000000,,,,,,,,,,
1590062400000,,,,,,,,,,
1590076800000,,8801.5,,8801.5,,8801.5,,8801.5,,8801.5
1590091200000,9149,,,,,,,,,
1590105600000,,,,,,,,,,
1590120000000,,8925,,8925,,,,,,
1590134400000,,,,,,,,,,
1590148800000,,,,,,,,,,
1590163200000,9264.5,,,,,,,,,
1590177600000,,9128,,,,,,,,
1590192000000,9306.5,,9306.5,,9306.5,,9306.5,,9306.5,
1590206400000,,,,,,,,,,
1590220800000,,,,,,,,,,
1590235200000,,9081,,9081,,9081,,9081,,
1590249600000,,,,,,,,,,
1590264000000,9246,,,,,,,,,
1590278400000,,9110.5,,,,,,,,
1590292800000,,,,,,,,,,
1590307200000,9300,,9300,,9300,,9300,,9300,
1590321600000,,,,,,,,,,
1590336000000,,,,,,,,,,
1590350400000,9075.5,,,,,,,,,
1590364800000,,8614,,8614,,8614,,8614,,8614
1590379200000,,,,,,,,,,
1590393600000,8874,8665,,,,,,,,
1590408000000,,,,,,,,,,
1590422400000,8975.5,,8975.5,,8975.5,,,,,
1590436800000,,,,,,,,,,
1590451200000,,8821,,,,,,,,
1590465600000,,,,,,,,,,
1590480000000,9010,,9010,,9010,,9010,,9010,
1590494400000,,,,,,,,,,
1590508800000,,8683.5,,8683.5,,8683.5,,8683.5,,8683.5
1590523200000,,,,,,,,,,
1590537600000,8887.5,,,,,,,,,
1590552000000,,,,,,,,,,
1590566400000,,,,,,,,,,
1590580800000,9230,,9230,,,,,,,
1590595200000,,,,,,,,,,
1590609600000,,9052.5,,9052.5,,,,,,
1590624000000,9290,,9290,,,,,,,
1590638400000,,,,,,,,,,
1590652800000,,9107,,9107,,,,,,
1590667200000,,,,,,,,,,
1590681600000,,,,,,,,,,
1590696000000,9630,,9630,,9630,,9630,,9630,
1590710400000,,,,,,,,,,
1590724800000,,,,,,,,,,
1590739200000,9591.5,,,,,,,,,
1590753600000,,9320,,9320,,9320,,9320,,9320
1590768000000,,,,,,,,,,
1590782400000,9451.5,,,,,,,,,
1590796800000,,9322,,9322,,,,,,
1590811200000,9599.5,,9599.5,,9599.5,,,,,
1590825600000,,,,,,,,,,
1590840000000,,,,,,,,,,
1590854400000,,,,,,,,,,
1590868800000,9746.5,9401.5,9746.5,9401.5,9746.5,9401.5,9746.5,,9746.5,
1590883200000,,,,,,,,,,
1590897600000,,,,,,,,,,
1590912000000,,,,,,,,,,
1590926400000,9639,9435.5,9639,,,,,,,
1590940800000,,,,,,,,,,
1590955200000,,9375,,9375,,9375,,9375,,9375
1590969600000,,,,,,,,,,
1590984000000,9613.5,,9613.5,,,,,,,
1590998400000,,,,,,,,,,
1591012800000,,9468.5,,9468.5,,,,,,
1591027200000,,,,,,,,,,
1591041600000,10444,,10444,,10444,,10444,,10444,
1591056000000,,,,,,,,,,
1591070400000,,,,,,,,,,
1591084800000,,,,,,,,,,
1591099200000,10184.5,9262,10184.5,9262,,9262,,9262,,9262
1591113600000,,,,,,,,,,
1591128000000,9547,,,,,,,,,
1591142400000,,,,,,,,,,
1591156800000,,9382,,9382,,9382,,,,
1591171200000,,,,,,,,,,
1591185600000,9650.5,,,,,,,,,
1591200000000,,,,,,,,,,
1591214400000,9691.5,,9691.5,,9691.5,,,,,
1591228800000,,,,,,,,,,
1591243200000,,,,,,,,,,
1591257600000,,9430,,9430,,9430,,9430,,9430
1591272000000,,,,,,,,,,
1591286400000,9890,,9890,,9890,,9890,,9890,
1591300800000,,,,,,,,,,
1591315200000,,,,,,,,,,
1591329600000,,,,,,,,,,
1591344000000,9858,9591.5,9858,9591.5,,9591.5,,,,
1591358400000,,,,,,,,,,
1591372800000,9756.5,,,,,,,,,
1591387200000,,,,,,,,,,
1591401600000,,9531,,9531,,9531,,9531,,9531
1591416000000,,,,,,,,,,
1591430400000,,9576,,,,,,,,
1591444800000,9735,,9735,,9735,,9735,,,
1591459200000,,9575,,9575,,9575,,,,
1591473600000,9727,,,,,,,,,
1591488000000,,9630,,,,,,,,
1591502400000,9713,,,,,,,,,
1591516800000,,,,,,,,,,
1591531200000,,9356.5,,9356.5,,9356.5,,9356.5,,9356.5
1591545600000,9826,,9826,,9826,,9826,,9826,
1591560000000,,,,,,,,,,
1591574400000,,,,,,,,,,
1591588800000,,,,,,,,,,
1591603200000,9812,9637.5,9812,9637.5,9812,9637.5,,,,
1591617600000,,,,,,,,,,
1591632000000,,,,,,,,,,
1591646400000,,,,,,,,,,
1591660800000,9898.5,9550,9898.5,9550,9898.5,9550,9898.5,9550,9898.5,9550
1591675200000,,,,,,,,,,
1591689600000,,9612,,,,,,,,
1591704000000,9755.5,,,,,,,,,
1591718400000,,,,,,,,,,
1591732800000,9842,9689,9842,,9842,,9842,,,
1591747200000,,,,,,,,,,
1591761600000,,,,,,,,,,
1591776000000,,9710,,,,,,,,
1591790400000,,,,,,,,,,
1591804800000,10038,9700,10038,9700,10038,9700,10038,9700,10038,
1591819200000,,,,,,,,,,
1591833600000,9987,,,,,,,,,
1591848000000,,9750,,,,,,,,
1591862400000,,,,,,,,,,
1591876800000,,,,,,,,,,
1591891200000,,9040,,9040,,9040,,9040,,9040
1591905600000,,,,,,,,,,
1591920000000,,,,,,,,,,
1591934400000,,,,,,,,,,
1591948800000,,,,,,,,,,
1591963200000,9545,,9545,,9545,,9545,,,
1591977600000,,9302.5,,9302.5,,9302.5,,,,
1591992000000,9483,,,,,,,,,
1592006400000,,,,,,,,,,
1592020800000,,9363,,9363,,,,,,
1592035200000,9465.5,,,,,,,,,
1592049600000,,,,,,,,,,
1592064000000,9500,,9500,,9500,,9500,,9500,
1592078400000,,9340.5,,9340.5,,9340.5,,,,
1592092800000,9480,,,,,,,,,
1592107200000,,9368,,,,,,,,
1592121600000,,,,,,,,,,
1592136000000,,9300.5,,,,,,,,
1592150400000,,,,,,,,,,
1592164800000,,,,,,,,,,
1592179200000,,,,,,,,,,
1592193600000,,8901,,8901,,8901,,8901,,8901
1592208000000,,,,,,,,,,
1592222400000,,9033,,,,,,,,
1592236800000,,,,,,,,,,
1592251200000,,,,,,,,,,
1592265600000,9599,9377.5,9599,,9599,,9599,,9599,
1592280000000,,,,,,,,,,
1592294400000,,,,,,,,,,
1592308800000,9591,9394,9591,9394,,,,,,
1592323200000,,,,,,,,,,
1592337600000,9530,,,,,,,,,
1592352000000,,9416.5,,9416.5,,,,,,
1592366400000,,,,,,,,,,
1592380800000,,,,,,,,,,
1592395200000,9587.5,,9587.5,,9587.5,,9587.5,,9587.5,
1592409600000,,,,,,,,,,
1592424000000,9460,9240,,9240,,9240,,9240,,9240
1592438400000,,,,,,,,,,
1592452800000,,,,,,,,,,
1592467200000,9495.5,9370,9495.5,,9495.5,,9495.5,,,
1592481600000,,,,,,,,,,
1592496000000,,,,,,,,,,
1592510400000,,,,,,,,,,
1592524800000,,9217.5,,9217.5,,9217.5,,9217.5,,9217.5
1592539200000,,,,,,,,,,
1592553600000,9464,,9464,,9464,,9464,,9464,
1592568000000,,,,,,,,,,
1592582400000,,,,,,,,,,
1592596800000,,9242.5,,9242.5,,,,,,
1592611200000,,,,,,,,,,
1592625600000,,,,,,,,,,
1592640000000,9377,9152,9377,9152,,9152,,9152,,9152
1592654400000,,,,,,,,,,
1592668800000,,,,,,,,,,
1592683200000,,,,,,,,,,
1592697600000,,,,,,,,,,
1592712000000,9447,,9447,,9447,,9447,,9447,
1592726400000,,,,,,,,,,
1592740800000,9380.5,,,,,,,,,
1592755200000,,,,,,,,,,
1592769600000,,9260,,9260,,9260,,9260,,9260
1592784000000,,,,,,,,,,
1592798400000,,,,,,,,,,
1592812800000,,,,,,,,,,
1592827200000,,,,,,,,,,
1592841600000,,,,,,,,,,
1592856000000,9793,,9793,,9793,,9793,,9793,
1592870400000,,,,,,,,,,
1592884800000,,,,,,,,,,
1592899200000,,9578.5,,9578.5,,,,,,
1592913600000,,,,,,,,,,
1592928000000,9696,,9696,,9696,,,,,
1592942400000,,9588,,,,,,,,
1592956800000,,,,,,,,,,
1592971200000,9670,,9670,,,,,,,
1592985600000,,,,,,,,,,
1593000000000,,9183.5,,9183.5,,,,,,
1593014400000,,,,,,,,,,
1593028800000,,,,,,,,,,
1593043200000,,8984.5,,8984.5,,8984.5,,8984.5,,8984.5
1593057600000,,,,,,,,,,
1593072000000,9327.5,,9327.5,,,,,,,
1593086400000,,9152,,,,,,,,
1593100800000,,,,,,,,,,
1593115200000,9338.5,,9338.5,,9338.5,,9338.5,,9338.5,
1593129600000,,,,,,,,,,
1593144000000,,,,,,,,,,
1593158400000,,,,,,,,,,
1593172800000,,9027.5,,9027.5,,9027.5,,9027.5,,9027.5
1593187200000,,,,,,,,,,
1593201600000,9210,,,,,,,,,
1593216000000,,9089,,,,,,,,
1593230400000,9185,,,,,,,,,
1593244800000,,,,,,,,,,
1593259200000,,,,,,,,,,
1593273600000,,8823.5,,8823.5,,8823.5,,8823.5,,8823.5
1593288000000,,,,,,,,,,
1593302400000,,,,,,,,,,
1593316800000,,,,,,,,,,
1593331200000,,,,,,,,,,
1593345600000,,,,,,,,,,
1593360000000,9184,,9184,,9184,,9184,,9184,
1593374400000,,9071.5,,,,,,,,
1593388800000,9136.5,,,,,,,,,
1593403200000,,,,,,,,,,
1593417600000,,,,,,,,,,
1593432000000,,9012.5,,9012.5,,9012.5,,9012.5,,9012.5
1593446400000,,,,,,,,,,
1593460800000,9234,,9234,,9234,,9234,,9234,
1593475200000,,,,,,,,,,
1593489600000,,9110.5,,,,,,,,
1593504000000,,,,,,,,,,
1593518400000,9185.5,9053.5,9185.5,9053.5,,9053.5,,9053.5,,9053.5
1593532800000,,,,,,,,,,
1593547200000,,,,,,,,,,
1593561600000,,9084.5,,,,,,,,
1593576000000,,,,,,,,,,
1593590400000,,,,,,,,,,
1593604800000,,,,,,,,,,
1593619200000,9296.5,,9296.5,,9296.5,,9296.5,,9296.5,
1593633600000,,9210.5,,,,,,,,
1593648000000,9258.5,,,,,,,,,
1593662400000,,9168.5,,,,,,,,
1593676800000,,,,,,,,,,
1593691200000,9255,,9255,,,,,,,
1593705600000,,8932.5,,8932.5,,8932.5,,8932.5,,8932.5
1593720000000,9149,,,,,,,,,
1593734400000,,,,,,,,,,
1593748800000,,,,,,,,,,
1593763200000,9122.5,9038,9122.5,9038,,,,,,
1593777600000,,,,,,,,,,
1593792000000,,,,,,,,,,
1593806400000,,9039.5,,9039.5,,,,,,
1593820800000,,,,,,,,,,
1593835200000,,,,,,,,,,
1593849600000,,,,,,,,,,
1593864000000,,9043,,9043,,,,,,
1593878400000,9197,,9197,,9197,,9197,,9197,
1593892800000,,,,,,,,,,
1593907200000,9147,,,,,,,,,
1593921600000,,,,,,,,,,
1593936000000,,8984,,8984,,,,,,
1593950400000,,,,,,,,,,
1593964800000,,,,,,,,,,
1593979200000,,8903.5,,8903.5,,8903.5,,8903.5,,8903.5
1593993600000,,,,,,,,,,
1594008000000,9239.5,,,,,,,,,
1594022400000,,,,,,,,,,
1594036800000,,,,,,,,,,
1594051200000,,,,,,,,,,
1594065600000,,9257.5,,,,,,,,
1594080000000,9392,,9392,,9392,,9392,,9392,
1594094400000,,,,,,,,,,
1594108800000,,9222,,9222,,,,,,
1594123200000,9289,,,,,,,,,
1594137600000,,,,,,,,,,
1594152000000,,9205,,9205,,9205,,9205,,9205
1594166400000,9320.5,,9320.5,,,,,,,
1594180800000,,,,,,,,,,
1594195200000,,,,,,,,,,
1594209600000,9475.5,,9475.5,,9475.5,,9475.5,,9475.5,
1594224000000,,,,,,,,,,
1594238400000,9470,,,,,,,,,
1594252800000,,9365.5,,,,,,,,
1594267200000,,,,,,,,,,
1594281600000,,,,,,,,,,
1594296000000,9429,9157,9429,9157,,9157,,,,
1594310400000,,,,,,,,,,
1594324800000,9248.5,,,,,,,,,
1594339200000,,,,,,,,,,
1594353600000,,9113.5,,9113.5,,9113.5,,9113.5,,9113.5
1594368000000,,,,,,,,,,
1594382400000,,,,,,,,,,
1594396800000,,,,,,,,,,
1594411200000,9319,,9319,,9319,,9319,,9319,
1594425600000,,,,,,,,,,
1594440000000,,,,,,,,,,
1594454400000,,9176,,9176,,9176,,9176,,
1594468800000,,,,,,,,,,
1594483200000,9260,,,,,,,,,
1594497600000,,9202.5,,,,,,,,
1594512000000,9297.5,,9297.5,,,,,,,
1594526400000,,,,,,,,,,
1594540800000,,,,,,,,,,
1594555200000,9353.5,,9353.5,,9353.5,,9353.5,,9353.5,
1594569600000,,9157,,9157,,9157,,9157,,9157
1594584000000,9328,,,,,,,,,
1594598400000,,,,,,,,,,
1594612800000,,9241,,,,,,,,
1594627200000,,,,,,,,,,
1594641600000,9349.5,,9349.5,,9349.5,,9349.5,,9349.5,
1594656000000,,9200,,9200,,,,,,
1594670400000,,,,,,,,,,
1594684800000,,,,,,,,,,
1594699200000,,,,,,,,,,
1594713600000,,9077,,9077,,9077,,9077,,9077
1594728000000,,,,,,,,,,
1594742400000,,,,,,,,,,
1594756800000,9277,,9277,,9277,,9277,,9277,
1594771200000,,,,,,,,,,
1594785600000,,,,,,,,,,
1594800000000,,9186.5,,,,,,,,
1594814400000,9244,,,,,,,,,
1594828800000,,9153,,9153,,,,,,
1594843200000,9226.5,,,,,,,,,
1594857600000,,,,,,,,,,
1594872000000,,,,,,,,,,
1594886400000,,9030.5,,9030.5,,9030.5,,9030.5,,9030.5
1594900800000,,,,,,,,,,
1594915200000,9149,,9149,,,,,,,
1594929600000,,9089,,,,,,,,
1594944000000,,,,,,,,,,
1594958400000,,9083.5,,9083.5,,9083.5,,,,
1594972800000,,,,,,,,,,
1594987200000,9179,,9179,,9179,,9179,,,
1595001600000,,9128,,,,,,,,
1595016000000,9172,,,,,,,,,
1595030400000,,9123.5,,9123.5,,9123.5,,,,
1595044800000,,,,,,,,,,
1595059200000,9221.5,9127.5,9221.5,,9221.5,,9221.5,,9221.5,
1595073600000,,,,,,,,,,
1595088000000,9200.5,9152.5,,,,,,,,
1595102400000,,,,,,,,,,
1595116800000,9179,,,,,,,,,
1595131200000,,,,,,,,,,
1595145600000,9154,9099.5,,9099.5,,9099.5,,9099.5,,9099.5
1595160000000,,,,,,,,,,
1595174400000,,,,,,,,,,
1595188800000,9241.5,,9241.5,,9241.5,,9241.5,,9241.5,
1595203200000,,,,,,,,,,
1595217600000,,,,,,,,,,
1595232000000,9193.5,9135.5,,9135.5,,9135.5,,,,
1595246400000,,,,,,,,,,
1595260800000,9216,,9216,,,,,,,
1595275200000,,9146,,,,,,,,
1595289600000,,,,,,,,,,
1595304000000,9397.5,,,,,,,,,
1595318400000,,,,,,,,,,
1595332800000,9442,,9442,,9442,,9442,,9442,
1595347200000,,,,,,,,,,
1595361600000,,,,,,,,,,
1595376000000,9398.5,,9398.5,,,,,,,
1595390400000,,9283,,9283,,9283,,9283,,9283
1595404800000,,,,,,,,,,
1595419200000,,,,,,,,,,
1595433600000,,,,,,,,,,
1595448000000,9570,,9570,,9570,,,,,
1595462400000,,,,,,,,,,
1595476800000,,,,,,,,,,
1595491200000,,,,,,,,,,
1595505600000,,9455.5,,9455.5,,9455.5,,,,
1595520000000,9684,,9684,,9684,,9684,,9684,
1595534400000,,,,,,,,,,
1595548800000,,,,,,,,,,
1595563200000,,9473.5,,9473.5,,9473.5,,,,
1595577600000,,,,,,,,,,
1595592000000,,,,,,,,,,
1595606400000,,,,,,,,,,
1595620800000,9647.5,9524,9647.5,,9647.5,,9647.5,,,
1595635200000,,,,,,,,,,
1595649600000,9630,,,,,,,,,
1595664000000,,,,,,,,,,
1595678400000,,9562.5,,9562.5,,,,,,
1595692800000,,,,,,,,,,
1595707200000,9752.5,,9752.5,,,,,,,
1595721600000,,9666.5,,,,,,,,
1595736000000,,,,,,,,,,
1595750400000,10274.5,,10274.5,,10274.5,,,,,
1595764800000,,,,,,,,,,
1595779200000,,,,,,,,,,
1595793600000,,,,,,,,,,
1595808000000,10364,,10364,,,,,,,
1595822400000,,,,,,,,,,
1595836800000,,10138.5,,,,,,,,
1595851200000,,,,,,,,,,
1595865600000,,,,,,,,,,
1595880000000,11447.5,,11447.5,,11447.5,,11447.5,,11447.5,
1595894400000,,,,,,,,,,
1595908800000,,,,,,,,,,
1595923200000,,10589,,10589,,10589,,,,
1595937600000,11213.5,,11213.5,,,,,,,
1595952000000,,10863,,,,,,,,
1595966400000,,,,,,,,,,
1595980800000,,10866,,,,,,,,
1595995200000,,,,,,,,,,
1596009600000,,10902,,,,,,,,
1596024000000,11320,,,,,,,,,
1596038400000,,,,,,,,,,
1596052800000,11368.5,,11368.5,,11368.5,,11368.5,,11368.5,
1596067200000,,,,,,,,,,
1596081600000,,,,,,,,,,
1596096000000,,,,,,,,,,
1596110400000,,10832.5,,10832.5,,10832.5,,10832.5,,10832.5
1596124800000,,,,,,,,,,
1596139200000,11194.5,,11194.5,,,,,,,
1596153600000,,10978,,10978,,,,,,
1596168000000,,,,,,,,,,
1596182400000,,,,,,,,,,
1596196800000,,,,,,,,,,
1596211200000,11471.5,,11471.5,,,,,,,
1596225600000,,,,,,,,,,
1596240000000,,11247.5,,,,,,,,
1596254400000,11786,,11786,,,,,,,
1596268800000,,,,,,,,,,
1596283200000,,11485.5,,,,,,,,
1596297600000,11913.5,,,,,,,,,
1596312000000,,,,,,,,,,
1596326400000,,,,,,,,,,
1596340800000,12169,10537.5,12169,10537.5,12169,10537.5,12169,10537.5,12169,10537.5
1596355200000,,,,,,,,,,
1596369600000,,,,,,,,,,
1596384000000,11291.5,,,,,,,,,
1596398400000,,10880.5,,10880.5,,10880.5,,,,
1596412800000,,,,,,,,,,
1596427200000,,,,,,,,,,
1596441600000,,,,,,,,,,
1596456000000,,,,,,,,,,
1596470400000,11484,,11484,,11484,,11484,,11484,
1596484800000,,11138.5,,11138.5,,,,,,
1596499200000,,,,,,,,,,
1596513600000,,,,,,,,,,
1596528000000,,,,,,,,,,
1596542400000,,10994,,10994,,10994,,10994,,10994
1596556800000,11276,,,,,,,,,
1596571200000,,,,,,,,,,
1596585600000,,11100.5,,11100.5,,,,,,
1596600000000,,,,,,,,,,
1596614400000,,,,,,,,,,
1596628800000,,,,,,,,,,
1596643200000,,,,,,,,,,
1596657600000,,11534,,,,,,,,
1596672000000,11822.5,,11822.5,,,,,,,
1596686400000,,11581,,,,,,,,
1596700800000,,,,,,,,,,
1596715200000,,,,,,,,,,
1596729600000,11919,,,,,,,,,
1596744000000,,11650.5,,11650.5,,,,,,
1596758400000,11933,,11933,,11933,,11933,,11933,
1596772800000,,,,,,,,,,
1596787200000,,,,,,,,,,
1596801600000,,,,,,,,,,
1596816000000,,11331,,11331,,11331,,11331,,11331
1596830400000,,,,,,,,,,
1596844800000,11664.5,,,,,,,,,
1596859200000,,11528,,,,,,,,
1596873600000,,,,,,,,,,
1596888000000,11822,,11822,,11822,,11822,,11822,
1596902400000,,11617.5,,,,,,,,
1596916800000,,,,,,,,,,
1596931200000,11815,,11815,,,,,,,
1596945600000,,,,,,,,,,
1596960000000,,,,,,,,,,
1596974400000,,,,,,,,,,
1596988800000,,11534,,11534,,11534,,,,
1597003200000,,,,,,,,,,
1597017600000,12100,,12100,,12100,,12100,,12100,
1597032000000,,,,,,,,,,
1597046400000,,11455,,11455,,11455,,11455,,11455
1597060800000,,,,,,,,,,
1597075200000,,,,,,,,,,
1597089600000,,11768.5,,,,,,,,
1597104000000,11947,,,,,,,,,
1597118400000,,,,,,,,,,
1597132800000,,,,,,,,,,
1597147200000,,,,,,,,,,
1597161600000,,,,,,,,,,
1597176000000,,11120,,,,,,,,
1597190400000,,,,,,,,,,
1597204800000,,11111,,11111,,11111,,11111,,11111
1597219200000,,,,,,,,,,
1597233600000,11627,,11627,,,,,,,
1597248000000,,,,,,,,,,
1597262400000,,,,,,,,,,
1597276800000,11665,,11665,,11665,,11665,,,
1597291200000,,,,,,,,,,
1597305600000,11639,11280,,11280,,11280,,11280,,11280
1597320000000,,,,,,,,,,
1597334400000,,,,,,,,,,
1597348800000,,,,,,,,,,
1597363200000,11855,,11855,,11855,,,,,
1597377600000,,,,,,,,,,
1597392000000,11797,,,,,,,,,
1597406400000,,11641,,11641,,11641,,,,
1597420800000,11873.5,,,,,,,,,
1597435200000,,11709,,,,,,,,
1597449600000,11999,,11999,,11999,,11999,,11999,
1597464000000,,,,,,,,,,
1597478400000,11954.5,,,,,,,,,
1597492800000,,11675,,11675,,11675,,11675,,11675
1597507200000,,,,,,,,,,
1597521600000,11990,11755,11990,,11990,,11990,,,
1597536000000,,,,,,,,,,
1597550400000,11944.5,,,,,,,,,
1597564800000,,,,,,,,,,
1597579200000,,11700,,11700,,11700,,11700,,11700
1597593600000,,,,,,,,,,
1597608000000,,,,,,,,,,
1597622400000,11945,11780.5,11945,11780.5,,,,,,
1597636800000,,,,,,,,,,
1597651200000,,,,,,,,,,
1597665600000,,11808,,,,,,,,
1597680000000,12491,,12491,,12491,,12491,,12491,
1597694400000,,12227.5,,,,,,,,
1597708800000,,,,,,,,,,
1597723200000,,,,,,,,,,
1597737600000,,,,,,,,,,
1597752000000,,11808,,11808,,11808,,,,
1597766400000,,,,,,,,,,
1597780800000,12099.5,,,,,,,,,
1597795200000,,,,,,,,,,
1597809600000,,11620,,11620,,11620,,,,
1597824000000,,,,,,,,,,
1597838400000,11920,,11920,,,,,,,
1597852800000,,,,,,,,,,
1597867200000,,11564,,11564,,11564,,11564,,11564
1597881600000,11835.5,,11835.5,,,,,,,
1597896000000,,11677,,,,,,,,
1597910400000,,,,,,,,,,
1597924800000,,,,,,,,,,
1597939200000,,,,,,,,,,
1597953600000,11891.5,,11891.5,,11891.5,,11891.5,,11891.5,
1597968000000,,11793,,,,,,,,
1597982400000,,,,,,,,,,
1597996800000,,,,,,,,,,
1598011200000,,,,,,,,,,
1598025600000,11780,,,,,,,,,
1598040000000,,,,,,,,,,
1598054400000,,11380,,11380,,11380,,11380,,11380
1598068800000,,,,,,,,,,
1598083200000,,,,,,,,,,
1598097600000,11652,,,,,,,,,
1598112000000,,,,,,,,,,
1598126400000,,,,,,,,,,
1598140800000,11692,,11692,,11692,,,,,
1598155200000,,,,,,,,,,
1598169600000,,11525.5,,11525.5,,11525.5,,11525.5,,11525.5
1598184000000,,,,,,,,,,
1598198400000,,,,,,,,,,
1598212800000,11717.5,,,,,,,,,
1598227200000,,11603.5,,11603.5,,,,,,
1598241600000,,,,,,,,,,
1598256000000,11833.5,,11833.5,,11833.5,,11833.5,,11833.5,
1598270400000,,,,,,,,,,
1598284800000,,11710,,,,,,,,
1598299200000,,,,,,,,,,
1598313600000,,,,,,,,,,
1598328000000,,,,,,,,,,
1598342400000,,,,,,,,,,
1598356800000,,,,,,,,,,
1598371200000,,11111,,11111,,11111,,11111,,11111
1598385600000,,,,,,,,,,
1598400000000,11396.5,,,,,,,,,
1598414400000,,,,,,,,,,
1598428800000,,,,,,,,,,
1598443200000,,11255.5,,11255.5,,,,,,
1598457600000,11548,,11548,,11548,,11548,,,
1598472000000,,,,,,,,,,
1598486400000,,,,,,,,,,
1598500800000,,,,,,,,,,
1598515200000,,,,,,,,,,
1598529600000,11599,,11599,,11599,,11599,,11599,
1598544000000,,11132,,11132,,11132,,11132,,11132
1598558400000,,,,,,,,,,
1598572800000,,,,,,,,,,
1598587200000,,,,,,,,,,
1598601600000,,11369,,,,,,,,
1598616000000,,,,,,,,,,
1598630400000,11550,,11550,,,,,,,
1598644800000,,11472.5,,,,,,,,
1598659200000,,,,,,,,,,
1598673600000,11593,,11593,,11593,,11593,,,
1598688000000,,11426.5,,11426.5,,11426.5,,11426.5,,
1598702400000,,,,,,,,,,
1598716800000,11551.5,,,,,,,,,
1598731200000,,11462,,,,,,,,
1598745600000,11653.5,,11653.5,,,,,,,
1598760000000,,,,,,,,,,
1598774400000,,11555.5,,,,,,,,
1598788800000,,,,,,,,,,
1598803200000,,,,,,,,,,
1598817600000,,,,,,,,,,
1598832000000,11728,,11728,,,,,,,
1598846400000,,,,,,,,,,
1598860800000,,11582,,11582,,11582,,,,
1598875200000,11783.5,,11783.5,,11783.5,,,,,
1598889600000,,,,,,,,,,
1598904000000,,,,,,,,,,
1598918400000,,11525.5,,11525.5,,11525.5,,11525.5,,11525.5
1598932800000,,,,,,,,,,
1598947200000,,,,,,,,,,
1598961600000,,11826.5,,,,,,,,
1598976000000,,,,,,,,,,
1598990400000,12074.5,,12074.5,,12074.5,,12074.5,,12074.5,
1599004800000,,,,,,,,,,
1599019200000,,,,,,,,,,
1599033600000,,11155,,11155,,11155,,11155,,11155
1599048000000,,,,,,,,,,
1599062400000,,,,,,,,,,
1599076800000,,,,,,,,,,
1599091200000,11452.5,,,,,,,,,
1599105600000,,,,,,,,,,
1599120000000,11477,,11477,,11477,,11477,,11477,
1599134400000,,10461,,,,,,,,
1599148800000,,,,,,,,,,
1599163200000,10788,9931.5,,9931.5,,9931.5,,,,
1599177600000,,,,,,,,,,
1599192000000,,,,,,,,,,
1599206400000,10537.5,,,,,,,,,
1599220800000,,9893.5,,9893.5,,9893.5,,9893.5,,9893.5
1599235200000,,,,,,,,,,
1599249600000,10631.5,,10631.5,,10631.5,,10631.5,,10631.5,
1599264000000,,,,,,,,,,
1599278400000,,,,,,,,,,
1599292800000,,,,,,,,,,
1599307200000,,,,,,,,,,
1599321600000,,9821.5,,9821.5,,9821.5,,9821.5,,9821.5
1599336000000,,,,,,,,,,
1599350400000,,,,,,,,,,
1599364800000,,10004.5,,,,,,,,
1599379200000,,,,,,,,,,
1599393600000,10290,10125,,,,,,,,
1599408000000,,,,,,,,,,
1599422400000,10342.5,,10342.5,,10342.5,,10342.5,,10342.5,
1599436800000,,,,,,,,,,
1599451200000,,,,,,,,,,
1599465600000,,,,,,,,,,
1599480000000,,9876,,9876,,9876,,9876,,9876
1599494400000,,,,,,,,,,
1599508800000,,10091,,,,,,,,
1599523200000,10443.5,,10443.5,,10443.5,,10443.5,,10443.5,
1599537600000,,,,,,,,,,
1599552000000,10340,,,,,,,,,
1599566400000,,9911,,,,,,,,
1599580800000,,,,,,,,,,
1599595200000,10211,9833,10211,9833,,9833,,9833,,9833
1599609600000,,,,,,,,,,
1599624000000,,,,,,,,,,
1599638400000,,,,,,,,,,
1599652800000,,,,,,,,,,
1599667200000,10343,,,,,,,,,
1599681600000,,10178,,,,,,,,
1599696000000,,,,,,,,,,
1599710400000,10421,,,,,,,,,
1599724800000,,10236,,,,,,,,
1599739200000,10490,,10490,,10490,,10490,,10490,
1599753600000,,10256,,,,,,,,
1599768000000,,,,,,,,,,
1599782400000,10378.5,,,,,,,,,
1599796800000,,10205.5,,10205.5,,10205.5,,10205.5,,10205.5
1599811200000,10334.5,,,,,,,,,
1599825600000,,10256,,,,,,,,
1599840000000,,,,,,,,,,
1599854400000,10404,,10404,,10404,,10404,,,
1599868800000,,,,,,,,,,
1599883200000,,10312,,,,,,,,
1599897600000,,,,,,,,,,
1599912000000,,10271.5,,10271.5,,10271.5,,10271.5,,10271.5
1599926400000,10480,,,,,,,,,
1599940800000,,,,,,,,,,
1599955200000,,10407,,,,,,,,
1599969600000,10579,,10579,,10579,,10579,,10579,
1599984000000,,,,,,,,,,
1599998400000,,,,,,,,,,
1600012800000,,10213,,10213,,10213,,10213,,10213
1600027200000,,,,,,,,,,
1600041600000,,10250.5,,,,,,,,
1600056000000,,,,,,,,,,
1600070400000,,,,,,,,,,
1600084800000,,,,,,,,,,
1600099200000,,,,,,,,,,
1600113600000,,10626,,,,,,,,
1600128000000,10830,,,,,,,,,
1600142400000,,,,,,,,,,
1600156800000,,10610,,10610,,10610,,10610,,
1600171200000,10929,,10929,,10929,,,,,
1600185600000,,10687.5,,,,,,,,
1600200000000,10874,,,,,,,,,
1600214400000,,10662,,10662,,10662,,,,
1600228800000,10945,,,,,,,,,
1600243200000,,,,,,,,,,
1600257600000,,,,,,,,,,
1600272000000,11095.5,,11095.5,,11095.5,,11095.5,,11095.5,
1600286400000,,,,,,,,,,
1600300800000,,,,,,,,,,
1600315200000,,,,,,,,,,
1600329600000,,,,,,,,,,
1600344000000,,10747.5,,10747.5,,10747.5,,10747.5,,10747.5
1600358400000,,,,,,,,,,
1600372800000,10978,,10978,,,,,,,
1600387200000,,,,,,,,,,
1600401600000,,10881.5,,,,,,,,
1600416000000,11038.5,,11038.5,,11038.5,,11038.5,,11038.5,
1600430400000,,,,,,,,,,
1600444800000,,10813,,10813,,10813,,10813,,10813
1600459200000,,,,,,,,,,
1600473600000,,,,,,,,,,
1600488000000,,,,,,,,,,
1600502400000,,10890.5,,10890.5,,,,,,
1600516800000,11174,,11174,,11174,,11174,,11174,
1600531200000,,11014,,,,,,,,
1600545600000,,,,,,,,,,
1600560000000,,10902,,10902,,,,,,
1600574400000,,,,,,,,,,
1600588800000,,,,,,,,,,
1600603200000,,,,,,,,,,
1600617600000,,10758.5,,10758.5,,10758.5,,,,
1600632000000,,,,,,,,,,
1600646400000,,,,,,,,,,
1600660800000,10989,,10989,,10989,,10989,,10989,
1600675200000,,,,,,,,,,
1600689600000,,10281,,10281,,10281,,10281,,10281
1600704000000,,,,,,,,,,
1600718400000,10519,,,,,,,,,
1600732800000,,10348.5,,,,,,,,
1600747200000,,,,,,,,,,
1600761600000,,,,,,,,,,
1600776000000,10515,,,,,,,,,
1600790400000,,,,,,,,,,
1600804800000,10570,,10570,,10570,,10570,,10570,
1600819200000,,,,,,,,,,
1600833600000,,10382,,10382,,,,,,
1600848000000,,,,,,,,,,
1600862400000,10531.5,,10531.5,,10531.5,,,,,
1600876800000,,,,,,,,,,
1600891200000,,10132.5,,10132.5,,10132.5,,10132.5,,10132.5
1600905600000,,,,,,,,,,
1600920000000,,,,,,,,,,
1600934400000,,,,,,,,,,
1600948800000,,,,,,,,,,
1600963200000,,,,,,,,,,
1600977600000,10800,,10800,,10800,,10800,,10800,
1600992000000,,,,,,,,,,
1601006400000,,,,,,,,,,
1601020800000,,,,,,,,,,
1601035200000,,10550.5,,10550.5,,10550.5,,10550.5,,
1601049600000,,,,,,,,,,
1601064000000,10750,,,,,,,,,
1601078400000,,10651.5,,,,,,,,
1601092800000,10832.5,,10832.5,,10832.5,,10832.5,,10832.5,
1601107200000,,,,,,,,,,
1601121600000,,10664,,10664,,,,,,
1601136000000,10780.5,,,,,,,,,
1601150400000,,,,,,,,,,
1601164800000,10797.5,,10797.5,,10797.5,,10797.5,,,
1601179200000,,,,,,,,,,
1601193600000,,,,,,,,,,
1601208000000,,10590.5,,10590.5,,10590.5,,10590.5,,10590.5
1601222400000,,,,,,,,,,
1601236800000,,,,,,,,,,
1601251200000,10960.5,,10960.5,,10960.5,,10960.5,,10960.5,
1601265600000,,,,,,,,,,
1601280000000,,10829,,,,,,,,
1601294400000,10944,,10944,,,,,,,
1601308800000,,,,,,,,,,
1601323200000,,10637.5,,10637.5,,10637.5,,10637.5,,
1601337600000,,,,,,,,,,
1601352000000,,,,,,,,,,
1601366400000,10788,,10788,,,,,,,
1601380800000,,,,,,,,,,
1601395200000,,10627,,10627,,10627,,10627,,10627
1601409600000,10856,,10856,,10856,,10856,,10856,
1601424000000,,,,,,,,,,
1601438400000,,,,,,,,,,
1601452800000,,10663,,10663,,10663,,,,
1601467200000,,,,,,,,,,
1601481600000,10805.5,,,,,,,,,
1601496000000,,,,,,,,,,
1601510400000,10851,,,,,,,,,
1601524800000,,,,,,,,,,
1601539200000,10939,,10939,,10939,,10939,,10939,
1601553600000,,,,,,,,,,
1601568000000,,10441,,10441,,,,,,
1601582400000,,,,,,,,,,
1601596800000,10657,,,,,,,,,
1601611200000,,,,,,,,,,
1601625600000,,10376.5,,10376.5,,10376.5,,10376.5,,10376.5
1601640000000,10588,,,,,,,,,
1601654400000,,,,,,,,,,
1601668800000,10580.5,10468,,,,,,,,
1601683200000,,,,,,,,,,
1601697600000,,10499,,,,,,,,
1601712000000,,,,,,,,,,
1601726400000,,,,,,,,,,
1601740800000,10603.5,,10603.5,,,,,,,
1601755200000,,,,,,,,,,
1601769600000,,10518,,10518,,10518,,,,
1601784000000,10632.5,,10632.5,,,,,,,
1601798400000,,,,,,,,,,
1601812800000,,,,,,,,,,
1601827200000,10692,,,,,,,,,
1601841600000,,,,,,,,,,
1601856000000,10754,,10754,,,,,,,
1601870400000,,10615.5,,10615.5,,,,,,
1601884800000,,,,,,,,,,
1601899200000,10772,10662,,,,,,,,
1601913600000,,,,,,,,,,
1601928000000,10794.5,,10794.5,,10794.5,,10794.5,,10794.5,
1601942400000,,,,,,,,,,
1601956800000,,,,,,,,,,
1601971200000,,,,,,,,,,
1601985600000,10759.5,,,,,,,,,
1602000000000,,,,,,,,,,
1602014400000,,10521.5,,10521.5,,10521.5,,10521.5,,10521.5
1602028800000,,,,,,,,,,
1602043200000,10627.5,,,,,,,,,
1602057600000,,,,,,,,,,
1602072000000,,,,,,,,,,
1602086400000,10675,,10675,,10675,,10675,,,
1602100800000,,,,,,,,,,
1602115200000,,,,,,,,,,
1602129600000,,,,,,,,,,
1602144000000,,10528.5,,10528.5,,10528.5,,10528.5,,10528.5
1602158400000,10964.5,,10964.5,,10964.5,,10964.5,,,
1602172800000,,,,,,,,,,
1602187200000,,,,,,,,,,
1602201600000,10940,,,,,,,,,
1602216000000,,10827,,10827,,10827,,,,
1602230400000,11112,,11112,,11112,,,,,
1602244800000,,,,,,,,,,
1602259200000,,11022.5,,,,,,,,
1602273600000,,,,,,,,,,
1602288000000,11492.5,,11492.5,,11492.5,,11492.5,,11492.5,
1602302400000,,,,,,,,,,
1602316800000,,11251,,,,,,,,
1602331200000,11419.5,,,,,,,,,
1602345600000,,,,,,,,,,
1602360000000,,11271.5,,11271.5,,,,,,
1602374400000,11404,,,,,,,,,
1602388800000,,,,,,,,,,
1602403200000,,,,,,,,,,
1602417600000,11449,,11449,,11449,,11449,,11449,
1602432000000,,,,,,,,,,
1602446400000,,11278,,11278,,,,,,
1602460800000,11415,,,,,,,,,
1602475200000,,,,,,,,,,
1602489600000,,11185.5,,11185.5,,11185.5,,11185.5,,11185.5
1602504000000,11602,,,,,,,,,
1602518400000,,,,,,,,,,
1602532800000,11725,,11725,,11725,,11725,,11725,
1602547200000,,11419,,,,,,,,
1602561600000,,,,,,,,,,
1602576000000,11575,,11575,,,,,,,
1602590400000,,11308,,11308,,11308,,11308,,11308
1602604800000,,,,,,,,,,
1602619200000,,,,,,,,,,
1602633600000,11487.5,,11487.5,,,,,,,
1602648000000,,,,,,,,,,
1602662400000,,,,,,,,,,
1602676800000,11554.5,,11554.5,,11554.5,,11554.5,,11554.5,
1602691200000,,,,,,,,,,
1602705600000,11436.5,,,,,,,,,
1602720000000,,,,,,,,,,
1602734400000,,,,,,,,,,
1602748800000,,11237.5,,11237.5,,11237.5,,11237.5,,
1602763200000,,,,,,,,,,
1602777600000,,,,,,,,,,
1602792000000,11626.5,,11626.5,,11626.5,,11626.5,,11626.5,
1602806400000,,,,,,,,,,
1602820800000,,11184.5,,11184.5,,11184.5,,11184.5,,11184.5
1602835200000,,,,,,,,,,
1602849600000,,,,,,,,,,
1602864000000,,,,,,,,,,
1602878400000,,,,,,,,,,
1602892800000,,11275,,11275,,,,,,
1602907200000,11379.5,,,,,,,,,
1602921600000,,,,,,,,,,
1602936000000,11410,11261.5,11410,11261.5,11410,11261.5,,11261.5,,11261.5
1602950400000,,,,,,,,,,
1602964800000,,,,,,,,,,
1602979200000,,,,,,,,,,
1602993600000,,,,,,,,,,
1603008000000,,,,,,,,,,
1603022400000,11498,,,,,,,,,
1603036800000,,,,,,,,,,
1603051200000,,11418,,11418,,,,,,
1603065600000,11545,,11545,,,,,,,
1603080000000,,11419,,,,,,,,
1603094400000,,,,,,,,,,
1603108800000,,,,,,,,,,
1603123200000,11835.5,,11835.5,,,,,,,
1603137600000,,,,,,,,,,
1603152000000,,,,,,,,,,
1603166400000,,,,,,,,,,
1603180800000,,11709,,,,,,,,
1603195200000,,,,,,,,,,
1603209600000,12059,,,,,,,,,
1603224000000,,11860,,,,,,,,
1603238400000,,,,,,,,,,
1603252800000,,,,,,,,,,
1603267200000,,12127,,,,,,,,
1603281600000,,,,,,,,,,
1603296000000,,,,,,,,,,
1603310400000,13250,,13250,,13250,,13250,,13250,
1603324800000,,,,,,,,,,
1603339200000,,12694,,12694,,,,,,
1603353600000,13040,,,,,,,,,
1603368000000,,,,,,,,,,
1603382400000,,,,,,,,,,
1603396800000,13224,,13224,,13224,,13224,,13224,
1603411200000,,12861,,,,,,,,
1603425600000,,,,,,,,,,
1603440000000,13047,12860,13047,,,,,,,
1603454400000,,,,,,,,,,
1603468800000,,12742,,12742,,12742,,12742,,12742
1603483200000,,,,,,,,,,
1603497600000,13024.5,,13024.5,,,,,,,
1603512000000,,,,,,,,,,
1603526400000,,12916,,,,,,,,
1603540800000,13186,,13186,,,,,,,
1603555200000,,,,,,,,,,
1603569600000,,,,,,,,,,
1603584000000,13375.5,,13375.5,,13375.5,,13375.5,,13375.5,
1603598400000,,12807.5,,12807.5,,12807.5,,12807.5,,12807.5
1603612800000,,,,,,,,,,
1603627200000,,,,,,,,,,
1603641600000,,12923.5,,,,,,,,
1603656000000,,,,,,,,,,
1603670400000,,12980.5,,,,,,,,
1603684800000,,,,,,,,,,
1603699200000,,12902,,,,,,,,
1603713600000,13250,,13250,,13250,,13250,,,
1603728000000,,12770.5,,12770.5,,12770.5,,12770.5,,12770.5
1603742400000,,,,,,,,,,
1603756800000,,,,,,,,,,
1603771200000,,,,,,,,,,
1603785600000,,,,,,,,,,
1603800000000,,,,,,,,,,
1603814400000,,,,,,,,,,
1603828800000,,,,,,,,,,
1603843200000,13868,,13868,,13868,,13868,,13868,
1603857600000,,,,,,,,,,
1603872000000,,,,,,,,,,
1603886400000,,12892.5,,12892.5,,12892.5,,12892.5,,12892.5
1603900800000,,,,,,,,,,
1603915200000,,,,,,,,,,
1603929600000,,,,,,,,,,
1603944000000,13323,,,,,,,,,
1603958400000,,,,,,,,,,
1603972800000,,12988,,12988,,12988,,12988,,12988
1603987200000,13659.5,,,,,,,,,
1604001600000,,,,,,,,,,
1604016000000,13681.5,,13681.5,,13681.5,,13681.5,,13681.5,
1604030400000,,13126,,13126,,13126,,,,
1604044800000,,,,,,,,,,
1604059200000,,,,,,,,,,
1604073600000,,,,,,,,,,
1604088000000,,,,,,,,,,
1604102400000,13750,13412,,13412,,,,,,
1604116800000,,,,,,,,,,
1604131200000,14149,,14149,,14149,,14149,,14149,
1604145600000,,,,,,,,,,
1604160000000,,13682,,,,,,,,
1604174400000,,,,,,,,,,
1604188800000,13914,,13914,,,,,,,
1604203200000,,13631,,13631,,13631,,13631,,
1604217600000,,,,,,,,,,
1604232000000,13873,,13873,,,,,,,
1604246400000,,,,,,,,,,
1604260800000,13869,13642,,13642,,,,,,
1604275200000,,,,,,,,,,
1604289600000,,,,,,,,,,
1604304000000,,,,,,,,,,
1604318400000,,13204.5,,13204.5,,13204.5,,13204.5,,13204.5
1604332800000,,,,,,,,,,
1604347200000,13716,,13716,,,,,,,
1604361600000,,,,,,,,,,
1604376000000,,13295.5,,13295.5,,13295.5,,,,
1604390400000,,,,,,,,,,
1604404800000,13805,,,,,,,,,
1604419200000,,,,,,,,,,
1604433600000,14084,13635,14084,,14084,,14084,,,
1604448000000,,,,,,,,,,
1604462400000,,13536.5,,13536.5,,13536.5,,,,
1604476800000,,,,,,,,,,
1604491200000,,,,,,,,,,
1604505600000,14279.5,,,,,,,,,
1604520000000,,,,,,,,,,
1604534400000,,,,,,,,,,
1604548800000,,,,,,,,,,
1604563200000,,,,,,,,,,
1604577600000,,,,,,,,,,
1604592000000,,,,,,,,,,
1604606400000,,,,,,,,,,
1604620800000,15990,,15990,,15990,,15990,,15990,
1604635200000,,,,,,,,,,
1604649600000,,15317,,15317,,,,,,
1604664000000,,,,,,,,,,
1604678400000,,,,,,,,,,
1604692800000,,15214.5,,15214.5,,15214.5,,,,
1604707200000,15810.5,,15810.5,,15810.5,,15810.5,,,
1604721600000,,,,,,,,,,
1604736000000,,,,,,,,,,
1604750400000,,,,,,,,,,
1604764800000,,,,,,,,,,
1604779200000,,14373.5,,14373.5,,14373.5,,14373.5,,14373.5
1604793600000,15144,,,,,,,,,
1604808000000,,,,,,,,,,
1604822400000,,14927,,,,,,,,
1604836800000,,,,,,,,,,
1604851200000,15677,,15677,,15677,,,,,
1604865600000,,15281,,,,,,,,
1604880000000,15628.5,,,,,,,,,
1604894400000,,,,,,,,,,
1604908800000,15887,,15887,,15887,,15887,,15887,
1604923200000,,,,,,,,,,
1604937600000,,14825,,14825,,14825,,14825,,14825
1604952000000,15500,,,,,,,,,
1604966400000,,15189.5,,,,,,,,
1604980800000,,,,,,,,,,
1604995200000,15490,,15490,,,,,,,
1605009600000,,15088,,15088,,15088,,15088,,
1605024000000,,,,,,,,,,
1605038400000,,,,,,,,,,
1605052800000,15547.5,,,,,,,,,
1605067200000,,,,,,,,,,
1605081600000,,,,,,,,,,
1605096000000,,,,,,,,,,
1605110400000,16026.5,,16026.5,,16026.5,,,,,
1605124800000,,,,,,,,,,
1605139200000,,15465,,15465,,15465,,,,
1605153600000,,,,,,,,,,
1605168000000,16198,15618,,,,,,,,
1605182400000,,,,,,,,,,
1605196800000,,,,,,,,,,
1605211200000,,,,,,,,,,
1605225600000,16499.5,,16499.5,,16499.5,,16499.5,,16499.5,
1605240000000,,,,,,,,,,
1605254400000,,,,,,,,,,
1605268800000,,,,,,,,,,
1605283200000,,15969,,15969,,15969,,,,
1605297600000,16384.5,,16384.5,,16384.5,,,,,
1605312000000,,,,,,,,,,
1605326400000,,,,,,,,,,
1605340800000,,15745,,,,,,,,
1605355200000,,,,,,,,,,
1605369600000,,15713,,15713,,15713,,15713,,15713
1605384000000,16155,,16155,,,,,,,
1605398400000,,,,,,,,,,
1605412800000,,,,,,,,,,
1605427200000,16169.5,,16169.5,,16169.5,,16169.5,,,
1605441600000,,,,,,,,,,
1605456000000,,,,,,,,,,
1605470400000,,15795,,15795,,15795,,15795,,15795
1605484800000,,,,,,,,,,
1605499200000,,,,,,,,,,
1605513600000,,,,,,,,,,
1605528000000,,,,,,,,,,
1605542400000,,,,,,,,,,
1605556800000,16888,,16888,,,,,,,
1605571200000,,,,,,,,,,
1605585600000,,16570.5,,16570.5,,,,,,
1605600000000,,,,,,,,,,
1605614400000,,,,,,,,,,
1605628800000,17889,,,,,,,,,
1605643200000,,,,,,,,,,
1605657600000,,,,,,,,,,
1605672000000,18509,17235,18509,17235,18509,17235,18509,,18509,
1605686400000,,,,,,,,,,
1605700800000,,17295,,,,,,,,
1605715200000,,,,,,,,,,
1605729600000,,17512,,,,,,,,
1605744000000,18075,,18075,,,,,,,
1605758400000,,,,,,,,,,
1605772800000,,17342,,17342,,17342,,17342,,
1605787200000,18210,,18210,,18210,,,,,
1605801600000,,,,,,,,,,
1605816000000,,17735,,,,,,,,
1605830400000,,,,,,,,,,
1605844800000,18473.5,,,,,,,,,
1605859200000,,,,,,,,,,
1605873600000,,,,,,,,,,
1605888000000,18847,,,,,,,,,
1605902400000,,,,,,,,,,
1605916800000,18998,,18998,,18998,,18998,,18998,
1605931200000,,18447.5,,,,,,,,
1605945600000,,,,,,,,,,
1605960000000,,18309,,18309,,18309,,,,
1605974400000,18950,,18950,,18950,,,,,
1605988800000,,,,,,,,,,
1606003200000,18789,,,,,,,,,
1606017600000,,,,,,,,,,
1606032000000,,17650,,17650,,17650,,17650,,17650
1606046400000,,,,,,,,,,
1606060800000,,,,,,,,,,
1606075200000,18722,,18722,,,,,,,
1606089600000,,18054,,18054,,,,,,
1606104000000,,,,,,,,,,
1606118400000,18812,,18812,,18812,,18812,,18812,
1606132800000,,,,,,,,,,
1606147200000,,18185,,18185,,,,,,
1606161600000,,,,,,,,,,
1606176000000,18570,,,,,,,,,
1606190400000,,18060,,18060,,18060,,18060,,18060
1606204800000,,,,,,,,,,
1606219200000,,,,,,,,,,
1606233600000,19448.5,,19448.5,,19448.5,,19448.5,,,
1606248000000,,,,,,,,,,
1606262400000,,,,,,,,,,
1606276800000,,18636.5,,18636.5,,18636.5,,,,
1606291200000,,,,,,,,,,
1606305600000,19565,,19565,,19565,,19565,,19565,
1606320000000,,,,,,,,,,
1606334400000,,,,,,,,,,
1606348800000,,17180,,,,,,,,
1606363200000,,,,,,,,,,
1606377600000,,16350,,,,,,,,
1606392000000,,,,,,,,,,
1606406400000,,16200,,16200,,16200,,16200,,16200
1606420800000,,,,,,,,,,
1606435200000,17471,,17471,,17471,,,,,
1606449600000,,,,,,,,,,
1606464000000,,,,,,,,,,
1606478400000,,16445.5,,16445.5,,16445.5,,16445.5,,
1606492800000,,,,,,,,,,
1606507200000,,,,,,,,,,
1606521600000,17202,,,,,,,,,
1606536000000,,,,,,,,,,
1606550400000,,16878.5,,16878.5,,,,,,
1606564800000,,,,,,,,,,
1606579200000,,,,,,,,,,
1606593600000,,,,,,,,,,
1606608000000,17912.5,17529.5,,,,,,,,
1606622400000,,,,,,,,,,
1606636800000,18240,,18240,,,,,,,
1606651200000,,,,,,,,,,
1606665600000,,,,,,,,,,
1606680000000,,,,,,,,,,
1606694400000,,,,,,,,,,
1606708800000,18700,,,,,,,,,
1606723200000,,18364,,,,,,,,
1606737600000,19953,,19953,,19953,,19953,,,
1606752000000,,,,,,,,,,
1606766400000,19787,,,,,,,,,
1606780800000,,,,,,,,,,
1606795200000,,,,,,,,,,
1606809600000,19967.5,,19967.5,,19967.5,,19967.5,,19967.5,
1606824000000,,18077,,18077,,18077,,18077,,18077
1606838400000,,,,,,,,,,
1606852800000,,,,,,,,,,
1606867200000,,,,,,,,,,
1606881600000,,18337,,18337,,18337,,,,
1606896000000,19366,,19366,,19366,,19366,,,
1606910400000,,18732.5,,,,,,,,
1606924800000,,,,,,,,,,
1606939200000,,,,,,,,,,
1606953600000,19312.5,,,,,,,,,
1606968000000,,18884,,18884,,,,,,
1606982400000,,,,,,,,,,
1606996800000,,,,,,,,,,
1607011200000,19640,19229.5,19640,,19640,,19640,,19640,
1607025600000,,,,,,,,,,
1607040000000,,,,,,,,,,
1607054400000,,,,,,,,,,
1607068800000,19485,,,,,,,,,
1607083200000,,18684,,,,,,,,
1607097600000,,,,,,,,,,
1607112000000,,,,,,,,,,
1607126400000,,18509,,18509,,18509,,18509,,18509
1607140800000,,,,,,,,,,
1607155200000,19185,,19185,,19185,,,,,
1607169600000,,,,,,,,,,
1607184000000,19184.5,,,,,,,,,
1607198400000,,19000,,,,,,,,
1607212800000,19360,,19360,,19360,,19360,,,
1607227200000,,,,,,,,,,
1607241600000,,,,,,,,,,
1607256000000,,18869,,18869,,18869,,18869,,18869
1607270400000,,,,,,,,,,
1607284800000,,,,,,,,,,
1607299200000,19464,,19464,,19464,,19464,,19464,
1607313600000,,,,,,,,,,
1607328000000,,,,,,,,,,
1607342400000,,,,,,,,,,
1607356800000,,18917,,18917,,18917,,,,
1607371200000,,,,,,,,,,
1607385600000,,,,,,,,,,
1607400000000,19314.5,,19314.5,,19314.5,,19314.5,,,
1607414400000,,,,,,,,,,
1607428800000,,18612.5,,,,,,,,
1607443200000,,,,,,,,,,
1607457600000,,,,,,,,,,
1607472000000,,,,,,,,,,
1607486400000,,,,,,,,,,
1607500800000,,17645,,17645,,17645,,17645,,17645
1607515200000,18513,,,,,,,,,
1607529600000,,18137.5,,,,,,,,
1607544000000,18630,,18630,,18630,,18630,,18630,
1607558400000,,,,,,,,,,
1607572800000,,,,,,,,,,
1607587200000,,,,,,,,,,
1607601600000,,17894,,17894,,,,,,
1607616000000,,,,,,,,,,
1607630400000,18425.5,,18425.5,,,,,,,
1607644800000,,,,,,,,,,
1607659200000,,,,,,,,,,
1607673600000,,17550,,17550,,17550,,17550,,17550
1607688000000,18126.5,,,,,,,,,
1607702400000,,,,,,,,,,
1607716800000,,,,,,,,,,
1607731200000,,,,,,,,,,
1607745600000,,,,,,,,,,
1607760000000,,,,,,,,,,
1607774400000,,18323.5,,,,,,,,
1607788800000,,,,,,,,,,
1607803200000,18950,,,,,,,,,
1607817600000,,18715,,,,,,,,
1607832000000,,,,,,,,,,
1607846400000,,,,,,,,,,
1607860800000,19439,19110,19439,,19439,,19439,,19439,
1607875200000,,,,,,,,,,
1607889600000,,18990.5,,18990.5,,18990.5,,,,
1607904000000,19344,,,,,,,,,
1607918400000,,,,,,,,,,
1607932800000,,,,,,,,,,
1607947200000,19300,19036,,19036,,,,,,
1607961600000,,,,,,,,,,
1607976000000,,,,,,,,,,
1607990400000,19585.5,,19585.5,,19585.5,,19585.5,,19585.5,
1608004800000,,19025.5,,19025.5,,19025.5,,19025.5,,19025.5
1608019200000,,,,,,,,,,
1608033600000,,,,,,,,,,
1608048000000,,,,,,,,,,
1608062400000,19558,,19558,,,,,,,
1608076800000,,19283,,19283,,,,,,
1608091200000,,,,,,,,,,
1608105600000,,,,,,,,,,
1608120000000,,,,,,,,,,
1608134400000,,,,,,,,,,
1608148800000,,,,,,,,,,
1608163200000,,,,,,,,,,
1608177600000,,,,,,,,,,
1608192000000,23850,,23850,,23850,,23850,,23850,
1608206400000,,,,,,,,,,
1608220800000,23741.5,,,,,,,,,
1608235200000,,22334,,22334,,,,,,
1608249600000,23279,,,,,,,,,
1608264000000,,,,,,,,,,
1608278400000,23327.5,,23327.5,,23327.5,,,,,
1608292800000,,22354.5,,22354.5,,22354.5,,,,
1608307200000,,,,,,,,,,
1608321600000,,,,,,,,,,
1608336000000,23270,,23270,,,,,,,
1608350400000,,,,,,,,,,
1608364800000,,22759.5,,22759.5,,,,,,
1608379200000,,,,,,,,,,
1608393600000,24266,,24266,,24266,,24266,,24266,
1608408000000,,,,,,,,,,
1608422400000,,,,,,,,,,
1608436800000,,23105.5,,23105.5,,23105.5,,,,
1608451200000,,,,,,,,,,
1608465600000,,23325,,,,,,,,
1608480000000,,,,,,,,,,
1608494400000,24349,23125,24349,23125,24349,,24349,,24349,
1608508800000,,,,,,,,,,
1608523200000,24142,,,,,,,,,
1608537600000,,,,,,,,,,
1608552000000,,21898,,21898,,21898,,21898,,21898
1608566400000,23338,,,,,,,,,
1608580800000,,,,,,,,,,
1608595200000,,22500,,,,,,,,
1608609600000,,,,,,,,,,
1608624000000,,22395,,22395,,22395,,22395,,
1608638400000,23644,,,,,,,,,
1608652800000,,,,,,,,,,
1608667200000,,,,,,,,,,
1608681600000,24065,,24065,,,,,,,
1608696000000,,,,,,,,,,
1608710400000,,22772.5,,22772.5,,,,,,
1608724800000,24171,,24171,,24171,,24171,,24171,
1608739200000,,,,,,,,,,
1608753600000,,22612,,22612,,22612,,22612,,22612
1608768000000,,,,,,,,,,
1608782400000,,,,,,,,,,
1608796800000,23492,,23492,,,,,,,
1608811200000,,23045,,,,,,,,
1608825600000,,,,,,,,,,
1608840000000,,,,,,,,,,
1608854400000,23832,,,,,,,,,
1608868800000,,,,,,,,,,
1608883200000,24723.5,,24723.5,,,,,,,
1608897600000,,,,,,,,,,
1608912000000,,,,,,,,,,
1608926400000,,,,,,,,,,
1608940800000,25078.5,,25078.5,,,,,,,
1608955200000,,,,,,,,,,
1608969600000,,24575,,,,,,,,
1608984000000,,,,,,,,,,
1608998400000,,,,,,,,,,
1609012800000,,,,,,,,,,
1609027200000,,,,,,,,,,
1609041600000,,,,,,,,,,
1609056000000,28397,,28397,,28397,,28397,,28397,
1609070400000,,26571,,,,,,,,
1609084800000,,,,,,,,,,
1609099200000,,25801.5,,25801.5,,25801.5,,25801.5,,25801.5
1609113600000,27336.5,,,,,,,,,
1609128000000,,,,,,,,,,
1609142400000,,26576,,,,,,,,
1609156800000,27510,,27510,,27510,,27510,,27510,
1609171200000,,,,,,,,,,
1609185600000,,26364.5,,,,,,,,
1609200000000,,,,,,,,,,
1609214400000,,25874,,25874,,25874,,25874,,25874
1609228800000,,,,,,,,,,
1609243200000,27084.5,,,,,,,,,
1609257600000,,26230.5,,26230.5,,,,,,
1609272000000,,,,,,,,,,
1609286400000,,,,,,,,,,
1609300800000,28622,,28622,,,,,,,
1609315200000,,27371.5,,27371.5,,,,,,
1609329600000,,,,,,,,,,
1609344000000,,,,,,,,,,
1609358400000,,,,,,,,,,
1609372800000,,28196.5,,,,,,,,
1609387200000,29362.5,,29362.5,,29362.5,,29362.5,,,
1609401600000,,,,,,,,,,
1609416000000,,27865.5,,27865.5,,27865.5,,27865.5,,27865.5
1609430400000,,,,,,,,,,
1609444800000,,,,,,,,,,
1609459200000,29541,28740,29541,,,,,,,
1609473600000,,,,,,,,,,
1609488000000,,,,,,,,,,
1609502400000,29724,,29724,,29724,,,,,
1609516800000,,28715.5,,28715.5,,28715.5,,28715.5,,28715.5
1609531200000,,,,,,,,,,
1609545600000,,,,,,,,,,
1609560000000,,,,,,,,,,
1609574400000,,,,,,,,,,
1609588800000,,,,,,,,,,
1609603200000,33433,,33433,,,,,,,
1609617600000,,30520,,,,,,,,
1609632000000,,,,,,,,,,
1609646400000,34861,,34861,,34861,,34861,,34861,
1609660800000,,,,,,,,,,
1609675200000,,,,,,,,,,
1609689600000,,32370.5,,32370.5,,,,,,
1609704000000,33907,,,,,,,,,
1609718400000,,,,,,,,,,
1609732800000,33662,,,,,,,,,
1609747200000,,27744,,27744,,27744,,27744,,27744
1609761600000,,,,,,,,,,
1609776000000,,,,,,,,,,
1609790400000,,,,,,,,,,
1609804800000,32897.5,,32897.5,,32897.5,,,,,
1609819200000,,29930,,29930,,29930,,29930,,
1609833600000,,,,,,,,,,
1609848000000,,,,,,,,,,
1609862400000,,,,,,,,,,
1609876800000,34562.5,,,,,,,,,
1609891200000,,33381,,,,,,,,
1609905600000,35969,,35969,,35969,,,,,
1609920000000,,33659.5,,,,,,,,
1609934400000,,,,,,,,,,
1609948800000,,,,,,,,,,
1609963200000,,34358.5,,,,,,,,
1609977600000,,,,,,,,,,
1609992000000,,,,,,,,,,
1610006400000,,36388,,36388,,,,,,
1610020800000,,,,,,,,,,
1610035200000,40544,36555,40544,,40544,,,,,
1610049600000,,,,,,,,,,
1610064000000,,36500,,36500,,36500,,,,
1610078400000,,,,,,,,,,
1610092800000,,,,,,,,,,
1610107200000,42097,,42097,,42097,,42097,,42097,
1610121600000,,,,,,,,,,
1610136000000,,38666,,38666,,,,,,
1610150400000,41013,,,,,,,,,
1610164800000,,38700,,,,,,,,
1610179200000,,,,,,,,,,
1610193600000,41533,,41533,,,,,,,
1610208000000,,40005,,,,,,,,
1610222400000,,,,,,,,,,
1610236800000,41550,,41550,,41550,,41550,,41550,
1610251200000,,,,,,,,,,
1610265600000,,,,,,,,,,
1610280000000,,,,,,,,,,
1610294400000,,,,,,,,,,
1610308800000,,,,,,,,,,
1610323200000,,,,,,,,,,
1610337600000,,32507.5,,,,,,,,
1610352000000,36344.5,,,,,,,,,
1610366400000,,,,,,,,,,
1610380800000,,30404,,30404,,30404,,30404,,30404
1610395200000,35516.5,,,,,,,,,
1610409600000,,,,,,,,,,
1610424000000,36744.5,,36744.5,,36744.5,,36744.5,,36744.5,
1610438400000,,,,,,,,,,
1610452800000,,32560,,32560,,,,,,
1610467200000,,,,,,,,,,
1610481600000,,,,,,,,,,
1610496000000,,32330.5,,32330.5,,32330.5,,32330.5,,32330.5
1610510400000,,,,,,,,,,
1610524800000,35289,,,,,,,,,
1610539200000,,34030,,,,,,,,
1610553600000,,,,,,,,,,
1610568000000,,,,,,,,,,
1610582400000,,,,,,,,,,
1610596800000,,36750,,,,,,,,
1610611200000,,,,,,,,,,
1610625600000,40181.5,37756,40181.5,,40181.5,,40181.5,,40181.5,
1610640000000,,,,,,,,,,
1610654400000,,38293,,,,,,,,
1610668800000,,,,,,,,,,
1610683200000,,37503.5,,,,,,,,
1610697600000,,,,,,,,,,
1610712000000,,,,,,,,,,
1610726400000,,34295,,34295,,34295,,34295,,34295
1610740800000,,,,,,,,,,
1610755200000,37627,,,,,,,,,
1610769600000,,35512,,,,,,,,
1610784000000,37996,,37996,,37996,,37996,,,
1610798400000,,,,,,,,,,
1610812800000,,,,,,,,,,
1610827200000,,35323.5,,,,,,,,
1610841600000,,,,,,,,,,
1610856000000,,,,,,,,,,
1610870400000,,33834.5,,33834.5,,33834.5,,33834.5,,33834.5
1610884800000,,,,,,,,,,
1610899200000,,,,,,,,,,
1610913600000,36907.5,,36907.5,,36907.5,,,,,
1610928000000,,,,,,,,,,
1610942400000,,34768,,34768,,34768,,,,
1610956800000,,,,,,,,,,
1610971200000,37548.5,,37548.5,,37548.5,,37548.5,,,
1610985600000,,35353.5,,35353.5,,,,,,
1611000000000,,,,,,,,,,
1611014400000,37400,,,,,,,,,
1611028800000,,36267.5,,,,,,,,
1611043200000,37680,,,,,,,,,
1611057600000,,,,,,,,,,
1611072000000,37955,,37955,,37955,,37955,,37955,
1611086400000,,,,,,,,,,
1611100800000,,,,,,,,,,
1611115200000,,,,,,,,,,
1611129600000,35955,33984,,,,,,,,
1611144000000,,,,,,,,,,
1611158400000,,33342.5,,33342.5,,33342.5,,,,
1611172800000,35712.5,,35712.5,,,,,,,
1611187200000,,,,,,,,,,
1611201600000,,,,,,,,,,
1611216000000,,,,,,,,,,
1611230400000,,,,,,,,,,
1611244800000,,,,,,,,,,
1611259200000,,,,,,,,,,
1611273600000,,28829.5,,28829.5,,28829.5,,28829.5,,28829.5
1611288000000,32050,,,,,,,,,
1611302400000,,30500,,,,,,,,
1611316800000,,,,,,,,,,
1611331200000,,,,,,,,,,
1611345600000,33850,,33850,,33850,,33850,,33850,
1611360000000,,32114.5,,,,,,,,
1611374400000,33504,,,,,,,,,
1611388800000,,,,,,,,,,
1611403200000,,31443,,31443,,31443,,31443,,31443
1611417600000,,,,,,,,,,
1611432000000,32581,,,,,,,,,
1611446400000,,31641.5,,31641.5,,,,,,
1611460800000,33134,,33134,,33134,,33134,,,
1611475200000,,,,,,,,,,
1611489600000,,,,,,,,,,
1611504000000,,30948.5,,30948.5,,30948.5,,30948.5,,30948.5
1611518400000,,,,,,,,,,
1611532800000,,,,,,,,,,
1611547200000,33840.5,,,,,,,,,
1611561600000,,32811,,,,,,,,
1611576000000,34881.5,,34881.5,,34881.5,,34881.5,,34881.5,
1611590400000,,,,,,,,,,
1611604800000,,,,,,,,,,
1611619200000,,,,,,,,,,
1611633600000,,31103.5,,,,,,,,
1611648000000,32481.5,,,,,,,,,
1611662400000,,30819.5,,30819.5,,30819.5,,30819.5,,
1611676800000,,,,,,,,,,
1611691200000,32940,,32940,,32940,,32940,,32940,
1611705600000,,,,,,,,,,
1611720000000,,,,,,,,,,
1611734400000,,,,,,,,,,
1611748800000,,29250,,29250,,29250,,29250,,29250
1611763200000,,,,,,,,,,
1611777600000,31711.5,,,,,,,,,
1611792000000,,29875.5,,,,,,,,
1611806400000,31917,,,,,,,,,
1611820800000,,30890,,,,,,,,
1611835200000,,,,,,,,,,
1611849600000,,,,,,,,,,
1611864000000,,,,,,,,,,
1611878400000,34432,,,,,,,,,
1611892800000,,32023.5,,32023.5,,,,,,
1611907200000,,,,,,,,,,
1611921600000,38735,,38735,,38735,,38735,,38735,
1611936000000,,33489,,,,,,,,
1611950400000,,,,,,,,,,
1611964800000,,32810,,32810,,32810,,,,
1611979200000,,,,,,,,,,
1611993600000,,,,,,,,,,
1612008000000,34575,33510.5,,,,,,,,
1612022400000,,,,,,,,,,
1612036800000,34825,,34825,,34825,,34825,,,
1612051200000,,,,,,,,,,
1612065600000,,,,,,,,,,
1612080000000,,,,,,,,,,
1612094400000,34261.5,,34261.5,,,,,,,
1612108800000,,32190,,32190,,32190,,32190,,32190
1612123200000,,,,,,,,,,
1612137600000,,32327,,,,,,,,
1612152000000,,,,,,,,,,
1612166400000,34797,,34797,,34797,,34797,,34797,
1612180800000,,,,,,,,,,
1612195200000,,33162,,33162,,33162,,,,
1612209600000,,,,,,,,,,
1612224000000,,33444,,,,,,,,
1612238400000,,,,,,,,,,
1612252800000,35720.5,,,,,,,,,
1612267200000,,,,,,,,,,
1612281600000,,,,,,,,,,
1612296000000,,,,,,,,,,
1612310400000,,35433,,,,,,,,
1612324800000,36900,,,,,,,,,
1612339200000,,35650,,,,,,,,
1612353600000,,,,,,,,,,
1612368000000,,,,,,,,,,
1612382400000,,,,,,,,,,
1612396800000,38437,,,,,,,,,
1612411200000,,,,,,,,,,
1612425600000,38895,,38895,,38895,,38895,,38895,
1612440000000,,36191,,36191,,36191,,36191,,36191
1612454400000,,,,,,,,,,
1612468800000,37850,,37850,,,,,,,
1612483200000,,36638,,,,,,,,
1612497600000,,,,,,,,,,
1612512000000,,,,,,,,,,
1612526400000,38426.5,,38426.5,,,,,,,
1612540800000,,37251.5,,37251.5,,,,,,
1612555200000,,,,,,,,,,
1612569600000,39788.5,,,,,,,,,
1612584000000,,,,,,,,,,
1612598400000,,,,,,,,,,
1612612800000,,,,,,,,,,
1612627200000,41002.5,,41002.5,,41002.5,,41002.5,,41002.5,
1612641600000,,,,,,,,,,
1612656000000,,,,,,,,,,
1612670400000,,38005,,,,,,,,
1612684800000,39844.5,,39844.5,,,,,,,
1612699200000,,,,,,,,,,
1612713600000,,37458,,37458,,37458,,37458,,37458
1612728000000,,,,,,,,,,
1612742400000,,,,,,,,,,
1612756800000,,38032,,,,,,,,
1612771200000,,,,,,,,,,
1612785600000,45000,,,,,,,,,
1612800000000,,,,,,,,,,
1612814400000,,,,,,,,,,
1612828800000,,,,,,,,,,
1612843200000,48315.5,,48315.5,,48315.5,,48315.5,,48315.5,
1612857600000,,,,,,,,,,
1612872000000,,45000,,45000,,45000,,,,
1612886400000,,,,,,,,,,
1612900800000,47589,,47589,,,,,,,
1612915200000,,,,,,,,,,
1612929600000,,45739,,,,,,,,
1612944000000,47531,,47531,,,,,,,
1612958400000,,43758,,43758,,43758,,43758,,43758
1612972800000,,,,,,,,,,
1612987200000,,,,,,,,,,
1613001600000,,44100,,,,,,,,
1613016000000,,,,,,,,,,
1613030400000,,,,,,,,,,
1613044800000,48637.5,,,,,,,,,
1613059200000,,,,,,,,,,
1613073600000,,46649.5,,,,,,,,
1613088000000,49238,,49238,,49238,,49238,,49238,
1613102400000,,46855,,,,,,,,
1613116800000,,,,,,,,,,
1613131200000,48310,46162,48310,46162,,46162,,46162,,46162
1613145600000,,,,,,,,,,
1613160000000,,,,,,,,,,
1613174400000,48343.5,,48343.5,,48343.5,,48343.5,,48343.5,
1613188800000,,,,,,,,,,
1613203200000,,,,,,,,,,
1613217600000,,46250,,46250,,46250,,46250,,46250
1613232000000,,,,,,,,,,
1613246400000,,46761.5,,,,,,,,
1613260800000,,,,,,,,,,
1613275200000,,,,,,,,,,
1613289600000,,,,,,,,,,
1613304000000,49926.5,48210,49926.5,,49926.5,,49926.5,,49926.5,
1613318400000,,,,,,,,,,
1613332800000,49469,,,,,,,,,
1613347200000,,45830,,45830,,45830,,45830,,45830
1613361600000,,,,,,,,,,
1613376000000,,,,,,,,,,
1613390400000,,,,,,,,,,
1613404800000,48932,,,,,,,,,
1613419200000,,,,,,,,,,
1613433600000,,47070,,47070,,47070,,47070,,
1613448000000,50240,,,,,,,,,
1613462400000,,,,,,,,,,
1613476800000,50855,,50855,,50855,,,,,
1613491200000,,47840,,47840,,47840,,,,
1613505600000,,,,,,,,,,
1613520000000,,,,,,,,,,
1613534400000,,,,,,,,,,
1613548800000,51923,,,,,,,,,
1613563200000,,50632,,,,,,,,
1613577600000,,,,,,,,,,
1613592000000,52735,,52735,,52735,,52735,,52735,
1613606400000,,,,,,,,,,
1613620800000,,,,,,,,,,
1613635200000,,,,,,,,,,
1613649600000,52374,50872,,50872,,,,,,
1613664000000,,,,,,,,,,
1613678400000,,,,,,,,,,
1613692800000,,50684,,50684,,50684,,50684,,50684
1613707200000,,,,,,,,,,
1613721600000,,,,,,,,,,
1613736000000,,,,,,,,,,
1613750400000,,,,,,,,,,
1613764800000,,,,,,,,,,
1613779200000,56725.5,,56725.5,,,,,,,
1613793600000,,,,,,,,,,
1613808000000,,55103.5,,55103.5,,,,,,
1613822400000,57699,,57699,,57699,,57699,,,
1613836800000,,,,,,,,,,
1613851200000,,54040,,54040,,54040,,54040,,54040
1613865600000,,,,,,,,,,
1613880000000,,,,,,,,,,
1613894400000,58000,55930.5,,,,,,,,
1613908800000,,,,,,,,,,
1613923200000,58500,,58500,,58500,,58500,,58500,
1613937600000,,,,,,,,,,
1613952000000,,,,,,,,,,
1613966400000,,,,,,,,,,
1613980800000,56756.5,,,,,,,,,
1613995200000,,47575,,47575,,47575,,47575,,
1614009600000,,,,,,,,,,
1614024000000,54978.5,,54978.5,,,,,,,
1614038400000,,,,,,,,,,
1614052800000,,,,,,,,,,
1614067200000,,44911,,44911,,44911,,44911,,44911
1614081600000,,,,,,,,,,
1614096000000,,,,,,,,,,
1614110400000,,45281.5,,45281.5,,,,,,
1614124800000,,,,,,,,,,
1614139200000,,,,,,,,,,
1614153600000,51432,,51432,,51432,,51432,,51432,
1614168000000,,48516,,,,,,,,
1614182400000,,,,,,,,,,
1614196800000,,48105,,48105,,48105,,48105,,
1614211200000,50930,,50930,,,,,,,
1614225600000,,,,,,,,,,
1614240000000,,48672,,48672,,,,,,
1614254400000,52185.5,,52185.5,,52185.5,,52185.5,,52185.5,
1614268800000,,,,,,,,,,
1614283200000,,,,,,,,,,
1614297600000,,,,,,,,,,
1614312000000,,44119,,44119,,44119,,44119,,44119
1614326400000,,,,,,,,,,
1614340800000,,,,,,,,,,
1614355200000,48473.5,,48473.5,,48473.5,,48473.5,,,
1614369600000,,45113,,45113,,,,,,
1614384000000,,,,,,,,,,
1614398400000,48438.5,,48438.5,,,,,,,
1614412800000,,46256,,46256,,,,,,
1614427200000,47869.5,,,,,,,,,
1614441600000,,,,,,,,,,
1614456000000,47595.5,,,,,,,,,
1614470400000,,,,,,,,,,
1614484800000,,43800,,,,,,,,
1614499200000,,,,,,,,,,
1614513600000,,,,,,,,,,
1614528000000,,43017.5,,43017.5,,43017.5,,43017.5,,43017.5
1614542400000,,,,,,,,,,
1614556800000,46865.5,,,,,,,,,
1614571200000,,,,,,,,,,
1614585600000,,,,,,,,,,
1614600000000,,,,,,,,,,
1614614400000,,,,,,,,,,
1614628800000,,48007,,,,,,,,
1614643200000,50299,,50299,,50299,,50299,,50299,
1614657600000,,,,,,,,,,
1614672000000,,48325,,,,,,,,
1614686400000,49736.5,,49736.5,,,,,,,
1614700800000,,,,,,,,,,
1614715200000,,47100,,47100,,47100,,47100,,47100
1614729600000,,,,,,,,,,
1614744000000,,,,,,,,,,
1614758400000,,,,,,,,,,
1614772800000,52760,,52760,,52760,,52760,,52760,
1614787200000,,50310,,,,,,,,
1614801600000,,,,,,,,,,
1614816000000,51833.5,,51833.5,,,,,,,
1614830400000,,,,,,,,,,
1614844800000,50820,48504.5,,,,,,,,
1614859200000,,,,,,,,,,
1614873600000,,,,,,,,,,
1614888000000,,,,,,,,,,
1614902400000,,46300,,46300,,46300,,46300,,46300
1614916800000,,,,,,,,,,
1614931200000,,46393.5,,,,,,,,
1614945600000,,,,,,,,,,
1614960000000,,46913.5,,,,,,,,
1614974400000,49495,,49495,,49495,,49495,,49495,
1614988800000,,,,,,,,,,
1615003200000,,,,,,,,,,
1615017600000,,,,,,,,,,
1615032000000,,47080,,47080,,47080,,47080,,
1615046400000,,,,,,,,,,
1615060800000,,,,,,,,,,
1615075200000,,,,,,,,,,
1615089600000,,,,,,,,,,
1615104000000,,,,,,,,,,
1615118400000,,,,,,,,,,
1615132800000,,,,,,,,,,
1615147200000,,49788,,,,,,,,
1615161600000,51942,,51942,,51942,,51942,,,
1615176000000,,,,,,,,,,
1615190400000,,49332,,49332,,49332,,49332,,49332
1615204800000,,,,,,,,,,
1615219200000,,,,,,,,,,
1615233600000,,,,,,,,,,
1615248000000,,,,,,,,,,
1615262400000,54572.5,,,,,,,,,
1615276800000,,53383,,,,,,,,
1615291200000,54899,,,,,,,,,
1615305600000,,,,,,,,,,
1615320000000,,,,,,,,,,
1615334400000,55950,,55950,,,,,,,
1615348800000,,53057.5,,53057.5,,53057.5,,53057.5,,53057.5
1615363200000,,,,,,,,,,
1615377600000,,,,,,,,,,
1615392000000,57500,,57500,,57500,,57500,,57500,
1615406400000,,,,,,,,,,
1615420800000,,,,,,,,,,
1615435200000,,,,,,,,,,
1615449600000,,54300,,54300,,54300,,54300,,54300
1615464000000,,,,,,,,,,
1615478400000,,,,,,,,,,
1615492800000,58283.5,,58283.5,,58283.5,,58283.5,,58283.5,
1615507200000,,,,,,,,,,
1615521600000,,,,,,,,,,
1615536000000,,,,,,,,,,
1615550400000,,55086,,55086,,55086,,55086,,55086
1615564800000,57824.5,,57824.5,,57824.5,,,,,
1615579200000,,,,,,,,,,
1615593600000,,56120,,56120,,,,,,
1615608000000,,,,,,,,,,
1615622400000,,,,,,,,,,
1615636800000,,,,,,,,,,
1615651200000,,,,,,,,,,
1615665600000,62000,,62000,,62000,,62000,,62000,
1615680000000,,,,,,,,,,
1615694400000,,,,,,,,,,
1615708800000,,59367.5,,,,,,,,
1615723200000,,,,,,,,,,
1615737600000,,,,,,,,,,
1615752000000,60826.5,,,,,,,,,
1615766400000,,,,,,,,,,
1615780800000,60844,,60844,,60844,,60844,,,
1615795200000,,54570.5,,54570.5,,54570.5,,,,
1615809600000,,,,,,,,,,
1615824000000,,,,,,,,,,
1615838400000,56975,,,,,,,,,
1615852800000,,53196,,53196,,53196,,53196,,53196
1615867200000,,,,,,,,,,
1615881600000,56467,,56467,,,,,,,
1615896000000,,54663,,,,,,,,
1615910400000,,,,,,,,,,
1615924800000,,,,,,,,,,
1615939200000,57268,,57268,,57268,,,,,
1615953600000,,,,,,,,,,
1615968000000,,,,,,,,,,
1615982400000,,54151.5,,54151.5,,54151.5,,54151.5,,54151.5
1615996800000,,,,,,,,,,
1616011200000,,,,,,,,,,
1616025600000,59657.5,,59657.5,,,,,,,
1616040000000,,,,,,,,,,
1616054400000,,,,,,,,,,
1616068800000,,,,,,,,,,
1616083200000,60200,,60200,,60200,,60200,,60200,
1616097600000,,,,,,,,,,
1616112000000,,56265,,56265,,56265,,56265,,56265
1616126400000,,,,,,,,,,
1616140800000,,57518,,,,,,,,
1616155200000,59307.5,,,,,,,,,
1616169600000,,,,,,,,,,
1616184000000,59546.5,,59546.5,,59546.5,,,,,
1616198400000,,57840,,57840,,57840,,,,
1616212800000,,,,,,,,,,
1616227200000,,,,,,,,,,
1616241600000,60000,,60000,,60000,,60000,,60000,
1616256000000,,,,,,,,,,
1616270400000,,,,,,,,,,
1616284800000,,,,,,,,,,
1616299200000,,,,,,,,,,
1616313600000,,55400,,55400,,55400,,55400,,55400
1616328000000,,,,,,,,,,
1616342400000,,,,,,,,,,
1616356800000,58214.5,,58214.5,,,,,,,
1616371200000,,56315,,56315,,,,,,
1616385600000,,,,,,,,,,
1616400000000,58487.5,,58487.5,,58487.5,,58487.5,,58487.5,
1616414400000,,,,,,,,,,
1616428800000,,,,,,,,,,
1616443200000,,53622,,,,,,,,
1616457600000,,,,,,,,,,
1616472000000,,52992,,52992,,52992,,52992,,52992
1616486400000,,,,,,,,,,
1616500800000,,,,,,,,,,
1616515200000,55874.5,,55874.5,,55874.5,,,,,
1616529600000,,,,,,,,,,
1616544000000,,53581.5,,53581.5,,53581.5,,53581.5,,
1616558400000,,,,,,,,,,
1616572800000,,,,,,,,,,
1616587200000,57254.5,,57254.5,,57254.5,,57254.5,,57254.5,
1616601600000,,,,,,,,,,
1616616000000,,,,,,,,,,
1616630400000,,51460.5,,51460.5,,,,,,
1616644800000,53210,,,,,,,,,
1616659200000,,,,,,,,,,
1616673600000,,50458,,50458,,50458,,50458,,50458
1616688000000,,,,,,,,,,
1616702400000,52724.5,,,,,,,,,
1616716800000,,,,,,,,,,
1616731200000,,,,,,,,,,
1616745600000,53811,,,,,,,,,
1616760000000,,52564.5,,,,,,,,
1616774400000,,,,,,,,,,
1616788800000,,,,,,,,,,
1616803200000,55601.5,,55601.5,,55601.5,,,,,
1616817600000,,,,,,,,,,
1616832000000,,,,,,,,,,
1616846400000,,54022,,54022,,54022,,,,
1616860800000,,,,,,,,,,
1616875200000,56715.5,,56715.5,,56715.5,,56715.5,,56715.5,
1616889600000,,55570,,,,,,,,
1616904000000,,,,,,,,,,
1616918400000,56580,,56580,,,,,,,
1616932800000,,,,,,,,,,
1616947200000,56506,54728,,54728,,54728,,54728,,54728
1616961600000,,,,,,,,,,
1616976000000,,,,,,,,,,
1616990400000,,54947,,,,,,,,
1617004800000,,,,,,,,,,
1617019200000,58496.5,,58496.5,,58496.5,,58496.5,,,
1617033600000,,,,,,,,,,
1617048000000,,57143,,,,,,,,
1617062400000,,,,,,,,,,
1617076800000,,57099.5,,57099.5,,57099.5,,57099.5,,
1617091200000,,,,,,,,,,
1617105600000,59518,,59518,,59518,,,,,
1617120000000,,,,,,,,,,
1617134400000,,58400,,,,,,,,
1617148800000,,,,,,,,,,
1617163200000,59920,,59920,,59920,,59920,,59920,
1617177600000,,56814.5,,56814.5,,56814.5,,56814.5,,56814.5
1617192000000,,,,,,,,,,
1617206400000,59754.5,,59754.5,,,,,,,
1617220800000,,58477,,,,,,,,
1617235200000,,,,,,,,,,
1617249600000,,,,,,,,,,
1617264000000,59563,58159.5,59563,,59563,,,,,
1617278400000,,,,,,,,,,
1617292800000,,58038,,58038,,58038,,58038,,58038
1617307200000,,,,,,,,,,
1617321600000,60365,58553,60365,,60365,,60365,,60365,
1617336000000,,,,,,,,,,
1617350400000,,,,,,,,,,
1617364800000,,,,,,,,,,
1617379200000,,,,,,,,,,
1617393600000,,58500,,58500,,58500,,58500,,
1617408000000,,,,,,,,,,
1617422400000,,,,,,,,,,
1617436800000,59899,,59899,,59899,,59899,,59899,
1617451200000,,,,,,,,,,
1617465600000,,,,,,,,,,
1617480000000,,,,,,,,,,
1617494400000,,56510,,56510,,56510,,56510,,56510
1617508800000,,,,,,,,,,
1617523200000,,,,,,,,,,
1617537600000,58546.5,57118,58546.5,57118,58546.5,,,,,
1617552000000,,,,,,,,,,
1617566400000,,,,,,,,,,
1617580800000,58445,,58445,,,,,,,
1617595200000,,,,,,,,,,
1617609600000,,56822,,56822,,56822,,56822,,56822
1617624000000,59350,,59350,,,,,,,
1617638400000,,,,,,,,,,
1617652800000,,58612.5,,,,,,,,
1617667200000,59634,,59634,,59634,,59634,,59634,
1617681600000,,,,,,,,,,
1617696000000,,,,,,,,,,
1617710400000,59044.5,57432.5,,57432.5,,,,,,
1617724800000,,,,,,,,,,
1617739200000,58353.5,,,,,,,,,
1617753600000,,57204,,,,,,,,
1617768000000,58729,,58729,,58729,,,,,
1617782400000,,,,,,,,,,
1617796800000,,,,,,,,,,
1617811200000,,55511.5,,55511.5,,55511.5,,55511.5,,55511.5
1617825600000,,,,,,,,,,
1617840000000,,55706,,,,,,,,
1617854400000,57303.5,,,,,,,,,
1617868800000,,56401,,,,,,,,
1617883200000,,,,,,,,,,
1617897600000,58184,,,,,,,,,
1617912000000,,57517,,,,,,,,
1617926400000,58449,,,,,,,,,
1617940800000,,,,,,,,,,
1617955200000,58943.5,57720,58943.5,57720,58943.5,,,,,
1617969600000,,,,,,,,,,
1617984000000,,57917,,,,,,,,
1617998400000,,,,,,,,,,
1618012800000,,57950.5,,,,,,,,
1618027200000,61573,,61573,,61573,,61573,,61573,
1618041600000,,,,,,,,,,
1618056000000,,,,,,,,,,
1618070400000,,,,,,,,,,
1618084800000,,58295.5,,58295.5,,58295.5,,58295.5,,
1618099200000,60791,,60791,,,,,,,
1618113600000,,59374.5,,,,,,,,
1618128000000,,,,,,,,,,
1618142400000,,59281,,59281,,59281,,,,
1618156800000,60263,,,,,,,,,
1618171200000,,59406.5,,,,,,,,
1618185600000,,,,,,,,,,
1618200000000,61400,,61400,,61400,,61400,,61400,
1618214400000,,59447,,59447,,,,,,
1618228800000,,,,,,,,,,
1618243200000,,,,,,,,,,
1618257600000,,,,,,,,,,
1618272000000,,,,,,,,,,
1618286400000,,,,,,,,,,
1618300800000,,,,,,,,,,
1618315200000,63785.5,,63785.5,,,,,,,
1618329600000,,,,,,,,,,
1618344000000,,,,,,,,,,
1618358400000,,,,,,,,,,
1618372800000,64990,,64990,,64990,,64990,,64990,
1618387200000,,,,,,,,,,
1618401600000,,,,,,,,,,
1618416000000,,61300,,61300,,61300,,61300,,61300
1618430400000,,,,,,,,,,
1618444800000,,,,,,,,,,
1618459200000,63512.5,,63512.5,,,,,,,
1618473600000,,62154.5,,62154.5,,,,,,
1618488000000,,,,,,,,,,
1618502400000,,,,,,,,,,
1618516800000,63962.5,,63962.5,,63962.5,,63962.5,,63962.5,
1618531200000,,,,,,,,,,
1618545600000,,,,,,,,,,
1618560000000,,60121,,60121,,60121,,60121,,60121
1618574400000,,,,,,,,,,
1618588800000,,,,,,,,,,
1618603200000,,,,,,,,,,
1618617600000,62588.5,61243.5,62588.5,,62588.5,,62588.5,,,
1618632000000,,,,,,,,,,
1618646400000,62555,,,,,,,,,
1618660800000,,,,,,,,,,
1618675200000,,59679.5,,,,,,,,
1618689600000,61071.5,,,,,,,,,
1618704000000,,51705.5,,51705.5,,51705.5,,51705.5,,51705.5
1618718400000,,,,,,,,,,
1618732800000,,53214,,,,,,,,
1618747200000,,,,,,,,,,
1618761600000,,,,,,,,,,
1618776000000,,,,,,,,,,
1618790400000,,,,,,,,,,
1618804800000,,,,,,,,,,
1618819200000,57587,,57587,,57587,,57587,,57587,
1618833600000,,54300,,54300,,,,,,
1618848000000,,,,,,,,,,
1618862400000,56641,,,,,,,,,
1618876800000,,,,,,,,,,
1618891200000,,53424.5,,53424.5,,53424.5,,53424.5,,53424.5
1618905600000,,,,,,,,,,
1618920000000,,,,,,,,,,
1618934400000,,,,,,,,,,
1618948800000,57127,,57127,,57127,,57127,,57127,
1618963200000,,,,,,,,,,
1618977600000,,,,,,,,,,
1618992000000,,54332,,54332,,,,,,
1619006400000,,,,,,,,,,
1619020800000,56408.5,,56408.5,,56408.5,,,,,
1619035200000,,,,,,,,,,
1619049600000,,52623,,52623,,52623,,,,
1619064000000,,,,,,,,,,
1619078400000,,53235,,,,,,,,
1619092800000,55494,,55494,,55494,,,,,
1619107200000,,,,,,,,,,
1619121600000,,,,,,,,,,
1619136000000,,,,,,,,,,
1619150400000,,,,,,,,,,
1619164800000,,47530.5,,47530.5,,47530.5,,47530.5,,47530.5
1619179200000,,,,,,,,,,
1619193600000,,,,,,,,,,
1619208000000,51245,,51245,,51245,,51245,,,
1619222400000,,49437.5,,,,,,,,
1619236800000,,,,,,,,,,
1619251200000,,48713,,48713,,48713,,48713,,
1619265600000,,,,,,,,,,
1619280000000,,,,,,,,,,
1619294400000,51032,,51032,,51032,,51032,,,
1619308800000,,,,,,,,,,
1619323200000,,49100,,49100,,49100,,,,
1619337600000,,,,,,,,,,
1619352000000,50536,,50536,,,,,,,
1619366400000,,,,,,,,,,
1619380800000,,47000,,47000,,47000,,47000,,47000
1619395200000,,,,,,,,,,
1619409600000,,,,,,,,,,
1619424000000,,,,,,,,,,
1619438400000,,,,,,,,,,
1619452800000,54392,,54392,,,,,,,
1619467200000,,52708,,52708,,,,,,
1619481600000,,,,,,,,,,
1619496000000,,53326,,,,,,,,
1619510400000,,,,,,,,,,
1619524800000,55400,,,,,,,,,
1619539200000,,54349.5,,54349.5,,,,,,
1619553600000,,,,,,,,,,
1619568000000,55743,,55743,,55743,,55743,,,
1619582400000,,53900,,53900,,53900,,53900,,53900
1619596800000,,,,,,,,,,
1619611200000,,,,,,,,,,
1619625600000,,,,,,,,,,
1619640000000,56563,54055.5,56563,,56563,,56563,,56563,
1619654400000,,,,,,,,,,
1619668800000,,53535,,,,,,,,
1619683200000,54727.5,,,,,,,,,
1619697600000,,,,,,,,,,
1619712000000,,,,,,,,,,
1619726400000,,52374,,52374,,52374,,52374,,52374
1619740800000,,,,,,,,,,
1619755200000,,,,,,,,,,
1619769600000,,,,,,,,,,
1619784000000,,,,,,,,,,
1619798400000,,,,,,,,,,
1619812800000,,,,,,,,,,
1619827200000,58573,,58573,,58573,,58573,,58573,
1619841600000,,,,,,,,,,
1619856000000,,,,,,,,,,
1619870400000,58137,57123,,57123,,,,,,
1619884800000,,,,,,,,,,
1619899200000,,,,,,,,,,
1619913600000,,,,,,,,,,
1619928000000,,,,,,,,,,
1619942400000,,56129,,56129,,56129,,56129,,56129
1619956800000,57358,,57358,,,,,,,
1619971200000,,,,,,,,,,
1619985600000,,56309.5,,56309.5,,,,,,
1620000000000,,,,,,,,,,
1620014400000,,,,,,,,,,
1620028800000,59070.5,,59070.5,,59070.5,,59070.5,,59070.5,
1620043200000,,54537.5,,54537.5,,54537.5,,54537.5,,54537.5
1620057600000,,,,,,,,,,
1620072000000,,,,,,,,,,
1620086400000,,54633,,54633,,,,,,
1620100800000,,,,,,,,,,
1620115200000,56675,,,,,,,,,
1620129600000,,,,,,,,,,
1620144000000,,,,,,,,,,
1620158400000,,,,,,,,,,
1620172800000,55438,52948.5,,52948.5,,52948.5,,52948.5,,52948.5
1620187200000,,,,,,,,,,
1620201600000,,,,,,,,,,
1620216000000,,,,,,,,,,
1620230400000,57955,,57955,,57955,,,,,
1620244800000,,,,,,,,,,
1620259200000,57704,,,,,,,,,
1620273600000,,56510,,56510,,,,,,
1620288000000,58472.5,,58472.5,,58472.5,,58472.5,,58472.5,
1620302400000,,,,,,,,,,
1620316800000,,55311,,55311,,55311,,55311,,55311
1620331200000,,,,,,,,,,
1620345600000,57155,,,,,,,,,
1620360000000,,55333,,55333,,,,,,
1620374400000,,,,,,,,,,
1620388800000,,,,,,,,,,
1620403200000,58777.5,,58777.5,,58777.5,,,,,
1620417600000,,56881,,,,,,,,
1620432000000,,,,,,,,,,
1620446400000,,,,,,,,,,
1620460800000,,,,,,,,,,
1620475200000,59528.5,57549.5,,57549.5,,,,,,
1620489600000,,,,,,,,,,
1620504000000,59652,,59652,,59652,,59652,,59652,
1620518400000,,,,,,,,,,
1620532800000,,,,,,,,,,
1620547200000,,,,,,,,,,
1620561600000,,56369,,56369,,56369,,56369,,56369
1620576000000,,,,,,,,,,
1620590400000,,,,,,,,,,
1620604800000,,,,,,,,,,
1620619200000,59697,,59697,,59697,,59697,,59697,
1620633600000,,,,,,,,,,
1620648000000,,,,,,,,,,
1620662400000,58699.5,,58699.5,,,,,,,
1620676800000,,53613,,53613,,53613,,53613,,53613
1620691200000,56500,,,,,,,,,
1620705600000,,,,,,,,,,
1620720000000,,,,,,,,,,
1620734400000,,54871.5,,,,,,,,
1620748800000,,,,,,,,,,
1620763200000,,,,,,,,,,
1620777600000,,,,,,,,,,
1620792000000,58029.5,,58029.5,,58029.5,,58029.5,,58029.5,
1620806400000,,,,,,,,,,
1620820800000,,,,,,,,,,
1620835200000,,,,,,,,,,
1620849600000,,,,,,,,,,
1620864000000,,45805,,45805,,45805,,45805,,45805
1620878400000,51344.5,,,,,,,,,
1620892800000,,48505.5,,,,,,,,
1620907200000,,,,,,,,,,
1620921600000,,47021,,47021,,47021,,,,
1620936000000,,,,,,,,,,
1620950400000,50401.5,,,,,,,,,
1620964800000,,48907,,,,,,,,
1620979200000,,,,,,,,,,
1620993600000,51563,,51563,,51563,,51563,,51563,
1621008000000,,,,,,,,,,
1621022400000,,49112.5,,,,,,,,
1621036800000,50733.5,,,,,,,,,
1621051200000,,,,,,,,,,
1621065600000,,47851,,,,,,,,
1621080000000,49620,,,,,,,,,
1621094400000,,,,,,,,,,
1621108800000,,,,,,,,,,
1621123200000,,46507.5,,46507.5,,46507.5,,,,
1621137600000,,,,,,,,,,
1621152000000,49808,,49808,,49808,,49808,,49808,
1621166400000,,,,,,,,,,
1621180800000,,,,,,,,,,
1621195200000,,,,,,,,,,
1621209600000,46605.5,,,,,,,,,
1621224000000,,42100,,42100,,42100,,42100,,42100
1621238400000,45876,,,,,,,,,
1621252800000,,,,,,,,,,
1621267200000,,42130.5,,42130.5,,,,,,
1621281600000,,,,,,,,,,
1621296000000,,,,,,,,,,
1621310400000,45800.5,,45800.5,,45800.5,,,,,
1621324800000,,,,,,,,,,
1621339200000,,,,,,,,,,
1621353600000,,,,,,,,,,
1621368000000,,,,,,,,,,
1621382400000,43592,,,,,,,,,
1621396800000,,,,,,,,,,
1621411200000,,,,,,,,,,
1621425600000,,29800,,29800,,29800,,29800,,29800
1621440000000,40611,,,,,,,,,
1621454400000,,,,,,,,,,
1621468800000,,35000,,35000,,,,,,
1621483200000,40786,,,,,,,,,
1621497600000,,,,,,,,,,
1621512000000,42444,,42444,,42444,,42444,,42444,
1621526400000,,38133.5,,38133.5,,38133.5,,,,
1621540800000,,,,,,,,,,
1621555200000,42335,,42335,,,,,,,
1621569600000,,39271.5,,,,,,,,
1621584000000,,,,,,,,,,
1621598400000,41756.5,,41756.5,,,,,,,
1621612800000,,,,,,,,,,
1621627200000,,33463.5,,33463.5,,33463.5,,33463.5,,33463.5
1621641600000,38100,,,,,,,,,
1621656000000,,35250,,,,,,,,
1621670400000,,,,,,,,,,
1621684800000,38883.5,,38883.5,,38883.5,,38883.5,,38883.5,
1621699200000,,,,,,,,,,
1621713600000,,,,,,,,,,
1621728000000,,,,,,,,,,
1621742400000,,,,,,,,,,
1621756800000,,,,,,,,,,
1621771200000,,,,,,,,,,
1621785600000,,31100,,31100,,31100,,31100,,31100
1621800000000,,,,,,,,,,
1621814400000,,,,,,,,,,
1621828800000,,34436,,,,,,,,
1621843200000,,,,,,,,,,
1621857600000,,,,,,,,,,
1621872000000,,36913.5,,,,,,,,
1621886400000,39921.5,,39921.5,,39921.5,,39921.5,,39921.5,
1621900800000,,,,,,,,,,
1621915200000,,,,,,,,,,
1621929600000,,,,,,,,,,
1621944000000,,36495,,36495,,36495,,36495,,36495
1621958400000,,,,,,,,,,
1621972800000,,,,,,,,,,
1621987200000,,,,,,,,,,
1622001600000,,,,,,,,,,
1622016000000,40890.5,,40890.5,,40890.5,,40890.5,,40890.5,
1622030400000,,,,,,,,,,
1622044800000,,37903,,,,,,,,
1622059200000,39447,,,,,,,,,
1622073600000,,37177,,37177,,37177,,37177,,37177
1622088000000,,,,,,,,,,
1622102400000,,,,,,,,,,
1622116800000,40450,,40450,,40450,,40450,,40450,
1622131200000,,,,,,,,,,
1622145600000,,,,,,,,,,
1622160000000,,,,,,,,,,
1622174400000,,,,,,,,,,
1622188800000,,35120,,35120,,,,,,
1622203200000,,,,,,,,,,
1622217600000,,,,,,,,,,
1622232000000,,34703,,34703,,,,,,
1622246400000,,,,,,,,,,
1622260800000,37377.5,,37377.5,,37377.5,,37377.5,,37377.5,
1622275200000,,,,,,,,,,
1622289600000,,,,,,,,,,
1622304000000,,33634.5,,,,,,,,
1622318400000,,,,,,,,,,
1622332800000,,33386.5,,33386.5,,33386.5,,33386.5,,33386.5
1622347200000,,,,,,,,,,
1622361600000,,,,,,,,,,
1622376000000,36497.5,35158,36497.5,,36497.5,,36497.5,,,
1622390400000,,,,,,,,,,
1622404800000,36337,,,,,,,,,
1622419200000,,,,,,,,,,
1622433600000,,34180,,34180,,34180,,34180,,34180
1622448000000,,,,,,,,,,
1622462400000,,,,,,,,,,
1622476800000,,,,,,,,,,
1622491200000,,,,,,,,,,
1622505600000,37884.5,36508.5,37884.5,,37884.5,,37884.5,,37884.5,
1622520000000,,,,,,,,,,
1622534400000,,,,,,,,,,
1622548800000,37456.5,35622,,35622,,35622,,35622,,35622
1622563200000,,,,,,,,,,
1622577600000,,,,,,,,,,
1622592000000,,,,,,,,,,
1622606400000,,,,,,,,,,
1622620800000,,,,,,,,,,
1622635200000,38231.5,,38231.5,,38231.5,,,,,
1622649600000,,,,,,,,,,
1622664000000,,,,,,,,,,
1622678400000,,37182.5,,37182.5,,,,,,
1622692800000,,,,,,,,,,
1622707200000,39440,,39440,,39440,,39440,,39440,
1622721600000,,38344,,,,,,,,
1622736000000,,,,,,,,,,
1622750400000,,,,,,,,,,
1622764800000,39259.5,,39259.5,,39259.5,,,,,
1622779200000,,,,,,,,,,
1622793600000,,,,,,,,,,
1622808000000,,35583,,35583,,35583,,35583,,35583
1622822400000,,,,,,,,,,
1622836800000,,36501,,,,,,,,
1622851200000,,,,,,,,,,
1622865600000,37911,,37911,,37911,,37911,,37911,
1622880000000,,,,,,,,,,
1622894400000,,35208,,,,,,,,
1622908800000,,,,,,,,,,
1622923200000,,34784.5,,34784.5,,34784.5,,34784.5,,34784.5
1622937600000,,,,,,,,,,
1622952000000,36487.5,,36487.5,,36487.5,,36487.5,,,
1622966400000,,,,,,,,,,
1622980800000,36472.5,35454,,,,,,,,
1622995200000,,,,,,,,,,
1623009600000,,35211,,35211,,35211,,35211,,35211
1623024000000,36820.5,,36820.5,,36820.5,,36820.5,,36820.5,
1623038400000,,,,,,,,,,
1623052800000,,,,,,,,,,
1623067200000,36797.5,,36797.5,,,,,,,
1623081600000,,,,,,,,,,
1623096000000,,,,,,,,,,
1623110400000,,,,,,,,,,
1623124800000,,32111.5,,,,,,,,
1623139200000,33343,,,,,,,,,
1623153600000,,31009,,31009,,31009,,31009,,31009
1623168000000,,,,,,,,,,
1623182400000,33855,,,,,,,,,
1623196800000,,32437,,,,,,,,
1623211200000,,,,,,,,,,
1623225600000,,,,,,,,,,
1623240000000,,,,,,,,,,
1623254400000,,,,,,,,,,
1623268800000,,,,,,,,,,
1623283200000,37692.5,,,,,,,,,
1623297600000,,,,,,,,,,
1623312000000,38477,36266.5,38477,,38477,,38477,,38477,
1623326400000,,,,,,,,,,
1623340800000,,,,,,,,,,
1623355200000,,35820,,35820,,35820,,35820,,35820
1623369600000,,,,,,,,,,
1623384000000,,,,,,,,,,
1623398400000,37697.5,,37697.5,,37697.5,,37697.5,,,
1623412800000,,,,,,,,,,
1623427200000,,36490.5,,,,,,,,
1623441600000,37493,,,,,,,,,
1623456000000,,,,,,,,,,
1623470400000,,,,,,,,,,
1623484800000,,34573.5,,34573.5,,34573.5,,34573.5,,34573.5
1623499200000,36200,,36200,,,,,,,
1623513600000,,35303.5,,,,,,,,
1623528000000,36121,,,,,,,,,
1623542400000,,,,,,,,,,
1623556800000,,34753,,34753,,34753,,34753,,
1623571200000,,,,,,,,,,
1623585600000,,,,,,,,,,
1623600000000,,,,,,,,,,
1623614400000,,,,,,,,,,
1623628800000,39827,,39827,,,,,,,
1623643200000,,,,,,,,,,
1623657600000,,,,,,,,,,
1623672000000,41003,,41003,,41003,,41003,,41003,
1623686400000,,,,,,,,,,
1623700800000,,,,,,,,,,
1623715200000,40841.5,,40841.5,,,,,,,
1623729600000,,,,,,,,,,
1623744000000,,39575,,39575,,,,,,
1623758400000,,,,,,,,,,
1623772800000,41338,,41338,,41338,,41338,,41338,
1623787200000,,39486.5,,39486.5,,,,,,
1623801600000,,,,,,,,,,
1623816000000,40515.5,,40515.5,,,,,,,
1623830400000,,,,,,,,,,
1623844800000,,,,,,,,,,
1623859200000,39694,,,,,,,,,
1623873600000,,38082,,38082,,38082,,38082,,
1623888000000,,,,,,,,,,
1623902400000,,,,,,,,,,
1623916800000,39575.5,,39575.5,,39575.5,,,,,
1623931200000,,,,,,,,,,
1623945600000,,,,,,,,,,
1623960000000,,,,,,,,,,
1623974400000,38181,37197,,,,,,,,
1623988800000,,,,,,,,,,
1624003200000,,,,,,,,,,
1624017600000,,,,,,,,,,
1624032000000,,35130,,,,,,,,
1624046400000,,,,,,,,,,
1624060800000,36261.5,34781,,34781,,34781,,34781,,34781
1624075200000,,,,,,,,,,
1624089600000,,,,,,,,,,
1624104000000,36447,,36447,,36447,,36447,,,
1624118400000,,35334.5,,,,,,,,
1624132800000,,,,,,,,,,
1624147200000,,35128.5,,,,,,,,
1624161600000,35898.5,,,,,,,,,
1624176000000,,,,,,,,,,
1624190400000,,33311.5,,33311.5,,33311.5,,,,
1624204800000,,,,,,,,,,
1624219200000,36139,,36139,,36139,,36139,,36139,
1624233600000,,,,,,,,,,
1624248000000,,,,,,,,,,
1624262400000,,31687.5,,31687.5,,,,,,
1624276800000,,,,,,,,,,
1624291200000,,,,,,,,,,
1624305600000,,,,,,,,,,
1624320000000,33242.5,31140,33242.5,,33242.5,,,,,
1624334400000,,,,,,,,,,
1624348800000,,,,,,,,,,
1624363200000,,28726.5,,28726.5,,28726.5,,28726.5,,28726.5
1624377600000,33300,,,,,,,,,
1624392000000,,,,,,,,,,
1624406400000,,31725,,,,,,,,
1624420800000,,,,,,,,,,
1624435200000,,,,,,,,,,
1624449600000,34853,,34853,,34853,,34853,,34853,
1624464000000,,,,,,,,,,
1624478400000,,,,,,,,,,
1624492800000,33876.5,,,,,,,,,
1624507200000,,32278.5,,32278.5,,32278.5,,32278.5,,32278.5
1624521600000,,,,,,,,,,
1624536000000,,,,,,,,,,
1624550400000,35328,,,,,,,,,
1624564800000,,,,,,,,,,
1624579200000,35500,,35500,,35500,,35500,,35500,
1624593600000,,,,,,,,,,
1624608000000,,,,,,,,,,
1624622400000,,,,,,,,,,
1624636800000,,,,,,,,,,
1624651200000,,31200,,,,,,,,
1624665600000,,,,,,,,,,
1624680000000,32744,,32744,,,,,,,
1624694400000,,30120.5,,30120.5,,30120.5,,30120.5,,30120.5
1624708800000,31991,,,,,,,,,
1624723200000,,,,,,,,,,
1624737600000,,,,,,,,,,
1624752000000,,,,,,,,,,
1624766400000,,,,,,,,,,
1624780800000,,32351,,,,,,,,
1624795200000,33593,,,,,,,,,
1624809600000,,,,,,,,,,
1624824000000,,32403,,32403,,,,,,
1624838400000,,,,,,,,,,
1624852800000,35300,,35300,,35300,,35300,,35300,
1624867200000,,,,,,,,,,
1624881600000,,33866,,33866,,33866,,,,
1624896000000,35050,,,,,,,,,
1624910400000,,,,,,,,,,
1624924800000,,,,,,,,,,
1624939200000,,,,,,,,,,
1624953600000,,,,,,,,,,
1624968000000,,,,,,,,,,
1624982400000,36605.5,,36605.5,,36605.5,,36605.5,,36605.5,
1624996800000,,,,,,,,,,
1625011200000,,,,,,,,,,
1625025600000,,,,,,,,,,
1625040000000,35299,,,,,,,,,
1625054400000,,,,,,,,,,
1625068800000,,34014,,34014,,,,,,
1625083200000,35180,,35180,,,,,,,
1625097600000,,,,,,,,,,
1625112000000,,,,,,,,,,
1625126400000,,32956,,,,,,,,
1625140800000,33821.5,,,,,,,,,
1625155200000,,32668.5,,32668.5,,,,,,
1625169600000,,,,,,,,,,
1625184000000,33948,,33948,,33948,,33948,,,
1625198400000,,32635.5,,32635.5,,32635.5,,32635.5,,32635.5
1625212800000,,,,,,,,,,
1625227200000,,,,,,,,,,
1625241600000,,,,,,,,,,
1625256000000,33898,33020.5,,,,,,,,
1625270400000,,,,,,,,,,
1625284800000,,,,,,,,,,
1625299200000,,,,,,,,,,
1625313600000,,,,,,,,,,
1625328000000,34940,,34940,,,,,,,
1625342400000,,34260,,34260,,34260,,,,
1625356800000,,,,,,,,,,
1625371200000,35656.5,,35656.5,,,,,,,
1625385600000,,,,,,,,,,
1625400000000,,35244.5,,,,,,,,
1625414400000,,,,,,,,,,
1625428800000,35950,,35950,,35950,,35950,,35950,
1625443200000,,,,,,,,,,
1625457600000,,,,,,,,,,
1625472000000,34542.5,,,,,,,,,
1625486400000,,,,,,,,,,
1625500800000,34254.5,33127,,33127,,33127,,33127,,33127
1625515200000,,,,,,,,,,
1625529600000,,33637,,,,,,,,
1625544000000,,,,,,,,,,
1625558400000,35097.5,33712,35097.5,,35097.5,,35097.5,,35097.5,
1625572800000,,,,,,,,,,
1625587200000,,33481.5,,33481.5,,33481.5,,33481.5,,33481.5
1625601600000,,,,,,,,,,
1625616000000,,,,,,,,,,
1625630400000,,,,,,,,,,
1625644800000,,,,,,,,,,
1625659200000,35079,,35079,,35079,,35079,,35079,
1625673600000,,,,,,,,,,
1625688000000,,,,,,,,,,
1625702400000,,,,,,,,,,
1625716800000,,,,,,,,,,
1625731200000,,32070.5,,32070.5,,32070.5,,32070.5,,32070.5
1625745600000,,,,,,,,,,
1625760000000,33174,,33174,,,,,,,
1625774400000,,,,,,,,,,
1625788800000,,32264,,32264,,32264,,,,
1625803200000,33320,,,,,,,,,
1625817600000,,32600,,,,,,,,
1625832000000,33679,,,,,,,,,
1625846400000,,,,,,,,,,
1625860800000,,,,,,,,,,
1625875200000,34236.5,,34236.5,,34236.5,,34236.5,,34236.5,
1625889600000,,33451,,,,,,,,
1625904000000,33930,,,,,,,,,
1625918400000,,,,,,,,,,
1625932800000,34174,,34174,,34174,,,,,
1625947200000,,32970,,32970,,32970,,32970,,32970
1625961600000,33801,,,,,,,,,
1625976000000,,33320,,,,,,,,
1625990400000,,,,,,,,,,
1626004800000,,,,,,,,,,
1626019200000,,,,,,,,,,
1626033600000,34600,33721.5,,,,,,,,
1626048000000,,,,,,,,,,
1626062400000,34688.5,,34688.5,,34688.5,,34688.5,,34688.5,
1626076800000,,,,,,,,,,
1626091200000,,,,,,,,,,
1626105600000,,,,,,,,,,
1626120000000,,32630,,32630,,32630,,,,
1626134400000,,,,,,,,,,
1626148800000,,32750,,,,,,,,
1626163200000,33330.5,,33330.5,,33330.5,,,,,
1626177600000,,,,,,,,,,
1626192000000,,,,,,,,,,
1626206400000,,,,,,,,,,
1626220800000,32790,31613,,,,,,,,
1626235200000,,,,,,,,,,
1626249600000,,31553.5,,31553.5,,31553.5,,31553.5,,31553.5
1626264000000,,,,,,,,,,
1626278400000,33085,,,,,,,,,
1626292800000,,,,,,,,,,
1626307200000,33190.5,,33190.5,,33190.5,,33190.5,,33190.5,
1626321600000,,,,,,,,,,
1626336000000,,,,,,,,,,
1626350400000,,,,,,,,,,
1626364800000,,31126.5,,31126.5,,31126.5,,,,
1626379200000,,,,,,,,,,
1626393600000,32026.5,,32026.5,,,,,,,
1626408000000,,,,,,,,,,
1626422400000,,31020,,31020,,31020,,31020,,31020
1626436800000,,,,,,,,,,
1626451200000,32220,,32220,,32220,,32220,,32220,
1626465600000,,,,,,,,,,
1626480000000,,31155,,31155,,,,,,
1626494400000,,,,,,,,,,
1626508800000,31945,,31945,,,,,,,
1626523200000,,,,,,,,,,
1626537600000,31900,,,,,,,,,
1626552000000,,,,,,,,,,
1626566400000,32425.5,31438,32425.5,31438,32425.5,,32425.5,,32425.5,
1626580800000,,,,,,,,,,
1626595200000,,,,,,,,,,
1626609600000,,31083.5,,31083.5,,31083.5,,31083.5,,31083.5
1626624000000,,,,,,,,,,
1626638400000,31898,,31898,,31898,,,,,
1626652800000,,,,,,,,,,
1626667200000,31897,,,,,,,,,
1626681600000,,,,,,,,,,
1626696000000,,30352,,30352,,,,,,
1626710400000,,,,,,,,,,
1626724800000,,,,,,,,,,
1626739200000,31038.5,29477,31038.5,,,,,,,
1626753600000,,,,,,,,,,
1626768000000,,,,,,,,,,
1626782400000,29988.5,29258,29988.5,29258,,29258,,29258,,29258
1626796800000,,,,,,,,,,
1626811200000,,29478,,,,,,,,
1626825600000,,,,,,,,,,
1626840000000,,,,,,,,,,
1626854400000,,,,,,,,,,
1626868800000,,,,,,,,,,
1626883200000,32840,,32840,,32840,,32840,,32840,
1626897600000,,31522,,,,,,,,
1626912000000,32367,,,,,,,,,
1626926400000,,,,,,,,,,
1626940800000,,31722,,31722,,,,,,
1626955200000,32580,,32580,,,,,,,
1626969600000,,,,,,,,,,
1626984000000,,32056.5,,,,,,,,
1626998400000,,,,,,,,,,
1627012800000,32920,,32920,,32920,,,,,
1627027200000,,32210,,,,,,,,
1627041600000,32578,,,,,,,,,
1627056000000,,32001,,32001,,32001,,32001,,32001
1627070400000,,,,,,,,,,
1627084800000,,,,,,,,,,
1627099200000,,,,,,,,,,
1627113600000,34063,33533.5,,,,,,,,
1627128000000,,,,,,,,,,
1627142400000,34488.5,,34488.5,,,,,,,
1627156800000,,33666,,33666,,,,,,
1627171200000,,,,,,,,,,
1627185600000,,,,,,,,,,
1627200000000,,,,,,,,,,
1627214400000,,33877.5,,33877.5,,,,,,
1627228800000,,,,,,,,,,
1627243200000,,,,,,,,,,
1627257600000,39900,,39900,,39900,,,,,
1627272000000,,,,,,,,,,
1627286400000,,37693,,,,,,,,
1627300800000,,,,,,,,,,
1627315200000,40581,,40581,,40581,,40581,,40581,
1627329600000,,,,,,,,,,
1627344000000,,36405,,36405,,36405,,36405,,36405
1627358400000,,,,,,,,,,
1627372800000,,,,,,,,,,
1627387200000,38750,,,,,,,,,
1627401600000,,37361,,,,,,,,
1627416000000,,,,,,,,,,
1627430400000,40369,,,,,,,,,
1627444800000,,,,,,,,,,
1627459200000,40941,,40941,,40941,,40941,,40941,
1627473600000,,,,,,,,,,
1627488000000,,38813.5,,38813.5,,38813.5,,38813.5,,
1627502400000,,,,,,,,,,
1627516800000,,39256.5,,,,,,,,
1627531200000,,,,,,,,,,
1627545600000,40654.5,,40654.5,,40654.5,,,,,
1627560000000,,,,,,,,,,
1627574400000,,39362.5,,39362.5,,39362.5,,,,
1627588800000,40416,,40416,,,,,,,
1627603200000,,,,,,,,,,
1627617600000,,,,,,,,,,
1627632000000,,38329,,38329,,38329,,38329,,38329
1627646400000,,,,,,,,,,
1627660800000,,,,,,,,,,
1627675200000,,,,,,,,,,
1627689600000,42444,,42444,,42444,,42444,,42444,
1627704000000,,41189,,,,,,,,
1627718400000,42021,,,,,,,,,
1627732800000,,,,,,,,,,
1627747200000,,41042.5,,41042.5,,41042.5,,41042.5,,
1627761600000,,,,,,,,,,
1627776000000,42605.5,41119,42605.5,,42605.5,,42605.5,,42605.5,
1627790400000,,,,,,,,,,
1627804800000,,,,,,,,,,
1627819200000,,,,,,,,,,
1627833600000,,,,,,,,,,
1627848000000,,,,,,,,,,
1627862400000,,39209.5,,39209.5,,,,,,
1627876800000,40437,,,,,,,,,
1627891200000,,,,,,,,,,
1627905600000,,38856.5,,,,,,,,
1627920000000,39965,,,,,,,,,
1627934400000,,,,,,,,,,
1627948800000,39739,,,,,,,,,
1627963200000,,37919,,,,,,,,
1627977600000,,,,,,,,,,
1627992000000,,,,,,,,,,
1628006400000,,37555,,37555,,37555,,,,
1628020800000,38637.5,,,,,,,,,
1628035200000,,,,,,,,,,
1628049600000,,,,,,,,,,
1628064000000,,37450,,37450,,37450,,37450,,37450
1628078400000,,,,,,,,,,
1628092800000,,,,,,,,,,
1628107200000,39946,,39946,,39946,,39946,,,
1628121600000,,,,,,,,,,
1628136000000,,,,,,,,,,
1628150400000,,,,,,,,,,
1628164800000,,37282.5,,37282.5,,37282.5,,37282.5,,37282.5
1628179200000,41364.5,,41364.5,,41364.5,,41364.5,,,
1628193600000,,,,,,,,,,
1628208000000,,,,,,,,,,
1628222400000,41230,39894,,39894,,,,,,
1628236800000,,,,,,,,,,
1628251200000,,40261,,,,,,,,
1628265600000,43422,,,,,,,,,
1628280000000,,,,,,,,,,
1628294400000,,,,,,,,,,
1628308800000,,,,,,,,,,
1628323200000,,,,,,,,,,
1628337600000,44570,,,,,,,,,
1628352000000,,42436.5,,42436.5,,42436.5,,42436.5,,
1628366400000,,,,,,,,,,
1628380800000,,,,,,,,,,
1628395200000,45385,,45385,,45385,,45385,,45385,
1628409600000,,,,,,,,,,
1628424000000,45200,,,,,,,,,
1628438400000,,43262.5,,,,,,,,
1628452800000,44580,,,,,,,,,
1628467200000,,42810,,42810,,42810,,42810,,42810
1628481600000,,,,,,,,,,
1628496000000,,,,,,,,,,
1628510400000,,,,,,,,,,
1628524800000,46500,,,,,,,,,
1628539200000,,44929,,44929,,,,,,
1628553600000,46847,,46847,,46847,,46847,,46847,
1628568000000,,,,,,,,,,
1628582400000,46206.5,,,,,,,,,
1628596800000,,,,,,,,,,
1628611200000,,44655.5,,44655.5,,44655.5,,44655.5,,44655.5
1628625600000,,,,,,,,,,
1628640000000,,,,,,,,,,
1628654400000,,,,,,,,,,
1628668800000,,,,,,,,,,
1628683200000,46762.5,45855,46762.5,,46762.5,,46762.5,,46762.5,
1628697600000,,,,,,,,,,
1628712000000,46689,,,,,,,,,
1628726400000,,,,,,,,,,
1628740800000,,,,,,,,,,
1628755200000,,,,,,,,,,
1628769600000,,,,,,,,,,
1628784000000,,43800,,43800,,43800,,43800,,43800
1628798400000,,,,,,,,,,
1628812800000,,,,,,,,,,
1628827200000,,,,,,,,,,
1628841600000,,,,,,,,,,
1628856000000,46714,,,,,,,,,
1628870400000,,,,,,,,,,
1628884800000,47974,,47974,,,,,,,
1628899200000,,,,,,,,,,
1628913600000,,,,,,,,,,
1628928000000,48219.5,46022,48219.5,46022,48219.5,46022,48219.5,46022,48219.5,
1628942400000,,,,,,,,,,
1628956800000,47387,,,,,,,,,
1628971200000,,46362,,,,,,,,
1628985600000,47424.5,,47424.5,,47424.5,,,,,
1629000000000,,,,,,,,,,
1629014400000,,,,,,,,,,
1629028800000,46583,45444,,45444,,45444,,45444,,45444
1629043200000,,,,,,,,,,
1629057600000,,,,,,,,,,
1629072000000,48100,,48100,,48100,,48100,,48100,
1629086400000,,,,,,,,,,
1629100800000,,,,,,,,,,
1629115200000,47760,45937.5,47760,,,,,,,
1629129600000,,,,,,,,,,
1629144000000,,,,,,,,,,
1629158400000,46640,45227,,45227,,45227,,45227,,
1629172800000,,,,,,,,,,
1629187200000,47224.5,,47224.5,,47224.5,,47224.5,,,
1629201600000,,,,,,,,,,
1629216000000,,,,,,,,,,
1629230400000,,,,,,,,,,
1629244800000,,44184.5,,44184.5,,44184.5,,44184.5,,44184.5
1629259200000,,,,,,,,,,
1629273600000,,44664.5,,,,,,,,
1629288000000,,,,,,,,,,
1629302400000,46030,,46030,,46030,,46030,,46030,
1629316800000,,,,,,,,,,
1629331200000,45199,,,,,,,,,
1629345600000,,43933,,43933,,43933,,43933,,43933
1629360000000,,,,,,,,,,
1629374400000,,44122,,,,,,,,
1629388800000,,,,,,,,,,
1629403200000,,,,,,,,,,
1629417600000,47452,,47452,,,,,,,
1629432000000,,,,,,,,,,
1629446400000,,,,,,,,,,
1629460800000,,,,,,,,,,
1629475200000,,,,,,,,,,
1629489600000,49462,,49462,,49462,,,,,
1629504000000,,,,,,,,,,
1629518400000,,,,,,,,,,
1629532800000,,48289,,48289,,48289,,48289,,
1629547200000,,,,,,,,,,
1629561600000,49834.5,,49834.5,,49834.5,,49834.5,,49834.5,
1629576000000,,,,,,,,,,
1629590400000,,48653,,48653,,,,,,
1629604800000,,,,,,,,,,
1629619200000,49496,,49496,,,,,,,
1629633600000,,48090,,48090,,48090,,48090,,48090
1629648000000,,,,,,,,,,
1629662400000,,,,,,,,,,
1629676800000,,,,,,,,,,
1629691200000,,,,,,,,,,
1629705600000,50564.5,,50564.5,,50564.5,,50564.5,,50564.5,
1629720000000,,,,,,,,,,
1629734400000,,,,,,,,,,
1629748800000,,,,,,,,,,
1629763200000,,48792.5,,48792.5,,,,,,
1629777600000,49891,,49891,,49891,,,,,
1629792000000,,,,,,,,,,
1629806400000,,,,,,,,,,
1629820800000,,,,,,,,,,
1629835200000,,47592.5,,47592.5,,,,,,
1629849600000,,,,,,,,,,
1629864000000,48594.5,,,,,,,,,
1629878400000,,47125,,47125,,47125,,47125,,
1629892800000,,,,,,,,,,
1629907200000,,,,,,,,,,
1629921600000,,,,,,,,,,
1629936000000,49383,,49383,,49383,,49383,,49383,
1629950400000,,46575,,,,,,,,
1629964800000,,,,,,,,,,
1629979200000,47444.5,46257,,46257,,46257,,46257,,46257
1629993600000,,,,,,,,,,
1630008000000,,,,,,,,,,
1630022400000,47650.5,46385,,46385,,,,,,
1630036800000,,,,,,,,,,
1630051200000,,,,,,,,,,
1630065600000,,,,,,,,,,
1630080000000,,,,,,,,,,
1630094400000,,,,,,,,,,
1630108800000,49324.5,,49324.5,,49324.5,,49324.5,,49324.5,
1630123200000,,,,,,,,,,
1630137600000,49148.5,,,,,,,,,
1630152000000,,48425,,48425,,,,,,
1630166400000,49250,,,,,,,,,
1630180800000,,,,,,,,,,
1630195200000,49700,,49700,,49700,,49700,,49700,
1630209600000,,47724.5,,47724.5,,47724.5,,47724.5,,47724.5
1630224000000,48690,,,,,,,,,
1630238400000,,48159.5,,,,,,,,
1630252800000,,,,,,,,,,
1630267200000,49430,,49430,,49430,,49430,,,
1630281600000,,,,,,,,,,
1630296000000,,47600,,,,,,,,
1630310400000,48233,,,,,,,,,
1630324800000,,47422,,,,,,,,
1630339200000,,,,,,,,,,
1630353600000,48760,,48760,,48760,,48760,,,
1630368000000,,46712,,46712,,46712,,46712,,46712
1630382400000,,,,,,,,,,
1630396800000,,,,,,,,,,
1630411200000,48323,,48323,,48323,,,,,
1630425600000,,,,,,,,,,
1630440000000,,,,,,,,,,
1630454400000,,46576,,46576,,46576,,46576,,46576
1630468800000,,,,,,,,,,
1630483200000,,,,,,,,,,
1630497600000,,,,,,,,,,
1630512000000,49170,,,,,,,,,
1630526400000,,,,,,,,,,
1630540800000,,,,,,,,,,
1630555200000,50400,,,,,,,,,
1630569600000,,,,,,,,,,
1630584000000,50418,,50418,,50418,,50418,,,
1630598400000,,49222,,,,,,,,
1630612800000,49889,,,,,,,,,
1630627200000,,48369,,48369,,48369,,48369,,48369
1630641600000,,,,,,,,,,
1630656000000,,,,,,,,,,
1630670400000,51121,,51121,,51121,,51121,,51121,
1630684800000,,,,,,,,,,
1630699200000,,49622.5,,49622.5,,,,,,
1630713600000,,,,,,,,,,
1630728000000,,,,,,,,,,
1630742400000,50611.5,49725.5,50611.5,,50611.5,,,,,
1630756800000,,,,,,,,,,
1630771200000,,49416,,49416,,49416,,49416,,49416
1630785600000,,,,,,,,,,
1630800000000,50342.5,,,,,,,,,
1630814400000,,49520.5,,49520.5,,,,,,
1630828800000,,,,,,,,,,
1630843200000,,,,,,,,,,
1630857600000,,,,,,,,,,
1630872000000,,,,,,,,,,
1630886400000,,,,,,,,,,
1630900800000,,,,,,,,,,
1630915200000,52271,,52271,,,,,,,
1630929600000,,51083,,51083,,51083,,,,
1630944000000,,,,,,,,,,
1630958400000,,,,,,,,,,
1630972800000,52949,,52949,,52949,,52949,,52949,
1630987200000,,,,,,,,,,
1631001600000,,,,,,,,,,
1631016000000,,42622,,42622,,42622,,42622,,42622
1631030400000,,,,,,,,,,
1631044800000,,,,,,,,,,
1631059200000,47333.5,,,,,,,,,
1631073600000,,,,,,,,,,
1631088000000,,44412,,44412,,44412,,44412,,
1631102400000,46864,,46864,,,,,,,
1631116800000,,,,,,,,,,
1631131200000,46776,,,,,,,,,
1631145600000,,45504,,45504,,45504,,,,
1631160000000,,,,,,,,,,
1631174400000,,,,,,,,,,
1631188800000,,45614.5,,45614.5,,,,,,
1631203200000,47396,,47396,,47396,,47396,,47396,
1631217600000,,46056,,,,,,,,
1631232000000,47021.5,,,,,,,,,
1631246400000,,,,,,,,,,
1631260800000,,,,,,,,,,
1631275200000,46493.5,44723,,,,,,,,
1631289600000,,,,,,,,,,
1631304000000,,44111,,44111,,44111,,44111,,44111
1631318400000,,,,,,,,,,
1631332800000,,,,,,,,,,
1631347200000,,,,,,,,,,
1631361600000,,,,,,,,,,
1631376000000,45984,,45984,,45984,,,,,
1631390400000,,,,,,,,,,
1631404800000,,44758,,44758,,44758,,44758,,44758
1631419200000,,,,,,,,,,
1631433600000,,,,,,,,,,
1631448000000,46222,,,,,,,,,
1631462400000,,,,,,,,,,
1631476800000,46464,,46464,,46464,,,,,
1631491200000,,,,,,,,,,
1631505600000,,44150.5,,,,,,,,
1631520000000,,,,,,,,,,
1631534400000,46950,43340,46950,43340,46950,43340,46950,43340,46950,43340
1631548800000,,,,,,,,,,
1631563200000,45511,,,,,,,,,
1631577600000,,44672.5,,,,,,,,
1631592000000,,,,,,,,,,
1631606400000,,,,,,,,,,
1631620800000,46936,,,,,,,,,
1631635200000,,,,,,,,,,
1631649600000,,,,,,,,,,
1631664000000,47445,,,,,,,,,
1631678400000,,46699,,,,,,,,
1631692800000,,,,,,,,,,
1631707200000,,,,,,,,,,
1631721600000,,,,,,,,,,
1631736000000,48464,,,,,,,,,
1631750400000,,47350,,47350,,,,,,
1631764800000,48500,,48500,,48500,,48500,,48500,
1631779200000,,,,,,,,,,
1631793600000,,47180,,,,,,,,
1631808000000,,,,,,,,,,
1631822400000,,47039.5,,47039.5,,47039.5,,47039.5,,
1631836800000,,,,,,,,,,
1631851200000,48150,,48150,,48150,,,,,
1631865600000,,,,,,,,,,
1631880000000,,,,,,,,,,
1631894400000,47694,46760,,46760,,46760,,46760,,46760
1631908800000,,,,,,,,,,
1631923200000,,,,,,,,,,
1631937600000,,,,,,,,,,
1631952000000,48800,,48800,,48800,,48800,,48800,
1631966400000,,,,,,,,,,
1631980800000,,,,,,,,,,
1631995200000,,,,,,,,,,
1632009600000,,47570,,,,,,,,
1632024000000,,,,,,,,,,
1632038400000,48321,,,,,,,,,
1632052800000,,47013,,,,,,,,
1632067200000,47796.5,,,,,,,,,
1632081600000,,,,,,,,,,
1632096000000,,,,,,,,,,
1632110400000,,,,,,,,,,
1632124800000,,,,,,,,,,
1632139200000,,42422.5,,42422.5,,,,,,
1632153600000,44215,,,,,,,,,
1632168000000,,,,,,,,,,
1632182400000,,40032.5,,40032.5,,40032.5,,40032.5,,
1632196800000,,,,,,,,,,
1632211200000,43605,,43605,,,,,,,
1632225600000,,,,,,,,,,
1632240000000,,,,,,,,,,
1632254400000,,39500,,39500,,39500,,39500,,39500
1632268800000,,,,,,,,,,
1632283200000,42681.5,,,,,,,,,
1632297600000,,,,,,,,,,
1632312000000,,,,,,,,,,
1632326400000,44000,,,,,,,,,
1632340800000,,,,,,,,,,
1632355200000,,,,,,,,,,
1632369600000,44433,,44433,,,,,,,
1632384000000,,43362.5,,,,,,,,
1632398400000,,,,,,,,,,
1632412800000,,,,,,,,,,
1632427200000,44980,,,,,,,,,
1632441600000,,,,,,,,,,
1632456000000,45119,,45119,,45119,,45119,,45119,
1632470400000,,40679,,40679,,40679,,40679,,40679
1632484800000,,,,,,,,,,
1632499200000,,,,,,,,,,
1632513600000,43187,,43187,,,,,,,
1632528000000,,42034,,,,,,,,
1632542400000,,,,,,,,,,
1632556800000,42958,41675.5,42958,41675.5,,41675.5,,41675.5,,
1632571200000,,,,,,,,,,
1632585600000,,,,,,,,,,
1632600000000,42812.5,,42812.5,,,,,,,
1632614400000,,,,,,,,,,
1632628800000,,40776,,40776,,40776,,40776,,40776
1632643200000,43782.5,,43782.5,,,,,,,
1632657600000,,,,,,,,,,
1632672000000,,,,,,,,,,
1632686400000,,42716.5,,42716.5,,,,,,
1632700800000,44378.5,,44378.5,,44378.5,,44378.5,,44378.5,
1632715200000,,,,,,,,,,
1632729600000,,,,,,,,,,
1632744000000,,,,,,,,,,
1632758400000,,,,,,,,,,
1632772800000,,,,,,,,,,
1632787200000,,,,,,,,,,
1632801600000,42777.5,,,,,,,,,
1632816000000,,,,,,,,,,
1632830400000,42562.5,,,,,,,,,
1632844800000,,,,,,,,,,
1632859200000,,,,,,,,,,
1632873600000,,40707,,40707,,40707,,40707,,40707
1632888000000,42499,,,,,,,,,
1632902400000,,,,,,,,,,
1632916800000,42562,,42562,,,,,,,
1632931200000,,,,,,,,,,
1632945600000,,40890,,40890,,40890,,40890,,
1632960000000,,,,,,,,,,
1632974400000,43804,,43804,,,,,,,
1632988800000,,42728,,,,,,,,
1633003200000,,,,,,,,,,
1633017600000,44095.5,42802.5,44095.5,,,,,,,
1633032000000,,,,,,,,,,
1633046400000,,,,,,,,,,
1633060800000,,,,,,,,,,
1633075200000,,,,,,,,,,
1633089600000,,,,,,,,,,
1633104000000,,,,,,,,,,
1633118400000,48440,,48440,,48440,,48440,,48440,
1633132800000,,,,,,,,,,
1633147200000,,47436.5,,47436.5,,,,,,
1633161600000,,,,,,,,,,
1633176000000,48350,,48350,,48350,,,,,
1633190400000,,,,,,,,,,
1633204800000,48309,,,,,,,,,
1633219200000,,47156.5,,47156.5,,47156.5,,47156.5,,47156.5
1633233600000,48100,,,,,,,,,
1633248000000,,47682,,,,,,,,
1633262400000,,,,,,,,,,
1633276800000,49300,,49300,,49300,,49300,,49300,
1633291200000,,,,,,,,,,
1633305600000,,,,,,,,,,
1633320000000,,47260.5,,,,,,,,
1633334400000,,,,,,,,,,
1633348800000,,46939,,46939,,46939,,46939,,46939
1633363200000,49516,,,,,,,,,
1633377600000,,,,,,,,,,
1633392000000,49832,,,,,,,,,
1633406400000,,,,,,,,,,
1633420800000,,,,,,,,,,
1633435200000,,,,,,,,,,
1633449600000,,,,,,,,,,
1633464000000,51901,,51901,,51901,,,,,
1633478400000,,50905,,,,,,,,
1633492800000,51848.5,,,,,,,,,
1633507200000,,50405,,50405,,50405,,,,
1633521600000,55729,,,,,,,,,
1633536000000,,,,,,,,,,
1633550400000,55821,,55821,,55821,,55821,,55821,
1633564800000,,54184,,,,,,,,
1633579200000,,,,,,,,,,
1633593600000,,,,,,,,,,
1633608000000,,53384.5,,53384.5,,53384.5,,53384.5,,53384.5
1633622400000,,,,,,,,,,
1633636800000,54667.5,,,,,,,,,
1633651200000,,,,,,,,,,
1633665600000,,53640,,53640,,,,,,
1633680000000,56238.5,,56238.5,,56238.5,,56238.5,,56238.5,
1633694400000,,54035.5,,,,,,,,
1633708800000,,,,,,,,,,
1633723200000,54816.5,,,,,,,,,
1633737600000,,53684.5,,53684.5,,53684.5,,53684.5,,
1633752000000,,,,,,,,,,
1633766400000,,,,,,,,,,
1633780800000,55595,,55595,,55595,,,,,
1633795200000,,,,,,,,,,
1633809600000,,,,,,,,,,
1633824000000,,54136.5,,54136.5,,54136.5,,54136.5,,54136.5
1633838400000,56200,,56200,,56200,,,,,
1633852800000,,,,,,,,,,
1633867200000,,54668,,,,,,,,
1633881600000,,,,,,,,,,
1633896000000,,54370.5,,54370.5,,54370.5,,54370.5,,
1633910400000,,,,,,,,,,
1633924800000,57122,,,,,,,,,
1633939200000,,55950,,,,,,,,
1633953600000,,,,,,,,,,
1633968000000,57875,,57875,,57875,,57875,,57875,
1633982400000,,,,,,,,,,
1633996800000,,56503,,56503,,,,,,
1634011200000,57700,,57700,,,,,,,
1634025600000,,,,,,,,,,
1634040000000,,,,,,,,,,
1634054400000,,,,,,,,,,
1634068800000,,53800,,53800,,53800,,53800,,53800
1634083200000,56597,,56597,,,,,,,
1634097600000,,,,,,,,,,
1634112000000,,54237.5,,54237.5,,,,,,
1634126400000,,,,,,,,,,
1634140800000,,,,,,,,,,
1634155200000,,,,,,,,,,
1634169600000,58590,,58590,,58590,,58590,,58590,
1634184000000,,,,,,,,,,
1634198400000,,,,,,,,,,
1634212800000,,,,,,,,,,
1634227200000,58139,56824,,56824,,56824,,56824,,
1634241600000,,,,,,,,,,
1634256000000,,56907.5,,,,,,,,
1634270400000,60082.5,,,,,,,,,
1634284800000,,58800,,,,,,,,
1634299200000,,,,,,,,,,
1634313600000,,,,,,,,,,
1634328000000,63100,,63100,,63100,,63100,,63100,
1634342400000,,,,,,,,,,
1634356800000,62370,,,,,,,,,
1634371200000,,,,,,,,,,
1634385600000,,,,,,,,,,
1634400000000,,60201,,60201,,60201,,60201,,60201
1634414400000,,,,,,,,,,
1634428800000,61444.5,,,,,,,,,
1634443200000,,60337,,60337,,,,,,
1634457600000,61529.5,,61529.5,,,,,,,
1634472000000,,,,,,,,,,
1634486400000,,,,,,,,,,
1634500800000,,58978.5,,58978.5,,58978.5,,58978.5,,58978.5
1634515200000,,,,,,,,,,
1634529600000,62747,,62747,,62747,,62747,,,
1634544000000,,,,,,,,,,
1634558400000,,59879.5,,59879.5,,59879.5,,,,
1634572800000,62419,,,,,,,,,
1634587200000,,,,,,,,,,
1634601600000,63070,,63070,,,,,,,
1634616000000,,,,,,,,,,
1634630400000,,,,,,,,,,
1634644800000,,61393,,61393,,61393,,,,
1634659200000,,,,,,,,,,
1634673600000,64494,,64494,,64494,,,,,
1634688000000,,,,,,,,,,
1634702400000,,63524.5,,63524.5,,,,,,
1634716800000,,,,,,,,,,
1634731200000,67167.5,63852,67167.5,,67167.5,,67167.5,,67167.5,
1634745600000,,,,,,,,,,
1634760000000,,,,,,,,,,
1634774400000,,64176,,64176,,,,,,
1634788800000,,,,,,,,,,
1634803200000,66750,,66750,,66750,,,,,
1634817600000,,61753.5,,61753.5,,61753.5,,61753.5,,61753.5
1634832000000,,,,,,,,,,
1634846400000,,62009,,,,,,,,
1634860800000,,,,,,,,,,
1634875200000,,,,,,,,,,
1634889600000,,,,,,,,,,
1634904000000,63760,,63760,,63760,,63760,,63760,
1634918400000,,60055,,60055,,60055,,,,
1634932800000,,,,,,,,,,
1634947200000,,,,,,,,,,
1634961600000,,,,,,,,,,
1634976000000,,59627.5,,59627.5,,59627.5,,59627.5,,59627.5
1634990400000,61758,,61758,,61758,,61758,,61758,
1635004800000,,,,,,,,,,
1635019200000,,,,,,,,,,
1635033600000,61523,,,,,,,,,
1635048000000,,,,,,,,,,
1635062400000,61360.5,,,,,,,,,
1635076800000,,,,,,,,,,
1635091200000,,59515,,59515,,59515,,59515,,59515
1635105600000,,,,,,,,,,
1635120000000,,,,,,,,,,
1635134400000,,,,,,,,,,
1635148800000,,,,,,,,,,
1635163200000,,,,,,,,,,
1635177600000,63790,,63790,,63790,,63790,,63790,
1635192000000,,62600,,,,,,,,
1635206400000,63392.5,,,,,,,,,
1635220800000,,62240,,,,,,,,
1635235200000,63128,,,,,,,,,
1635249600000,,61851,,,,,,,,
1635264000000,,,,,,,,,,
1635278400000,,59800,,59800,,,,,,
1635292800000,,,,,,,,,,
1635307200000,61524,,,,,,,,,
1635321600000,,58017.5,,58017.5,,58017.5,,58017.5,,58017.5
1635336000000,,,,,,,,,,
1635350400000,,58223,,,,,,,,
1635364800000,59624,,59624,,,,,,,
1635379200000,,58106.5,,58106.5,,58106.5,,,,
1635393600000,,,,,,,,,,
1635408000000,,,,,,,,,,
1635422400000,61968,,,,,,,,,
1635436800000,,57600,,57600,,57600,,57600,,57600
1635451200000,62749,,62749,,62749,,62749,,,
1635465600000,,60222,,,,,,,,
1635480000000,,,,,,,,,,
1635494400000,,,,,,,,,,
1635508800000,,,,,,,,,,
1635523200000,63050,,63050,,63050,,63050,,63050,
1635537600000,,,,,,,,,,
1635552000000,,,,,,,,,,
1635566400000,,,,,,,,,,
1635580800000,,,,,,,,,,
1635595200000,62305,60658,62305,60658,,60658,,60658,,
1635609600000,,,,,,,,,,
1635624000000,,,,,,,,,,
1635638400000,62485,,62485,,62485,,62485,,62485,
1635652800000,,,,,,,,,,
1635667200000,,,,,,,,,,
1635681600000,,60045,,60045,,,,,,
1635696000000,,,,,,,,,,
1635710400000,,,,,,,,,,
1635724800000,,,,,,,,,,
1635739200000,,59408.5,,59408.5,,59408.5,,59408.5,,59408.5
1635753600000,62574.5,,62574.5,,62574.5,,62574.5,,62574.5,
1635768000000,,,,,,,,,,
1635782400000,,60384,,60384,,,,,,
1635796800000,,,,,,,,,,
1635811200000,,,,,,,,,,
1635825600000,,,,,,,,,,
1635840000000,,,,,,,,,,
1635854400000,64390.5,,64390.5,,64390.5,,64390.5,,64390.5,
1635868800000,,,,,,,,,,
1635883200000,,62624,,62624,,,,,,
1635897600000,,,,,,,,,,
1635912000000,,62815.5,,,,,,,,
1635926400000,,,,,,,,,,
1635940800000,,,,,,,,,,
1635955200000,63400,59813,,59813,,59813,,59813,,59813
1635969600000,,,,,,,,,,
1635984000000,,,,,,,,,,
1635998400000,,,,,,,,,,
1636012800000,,,,,,,,,,
1636027200000,62448,,,,,,,,,
1636041600000,,60623.5,,60623.5,,60623.5,,60623.5,,60623.5
1636056000000,,,,,,,,,,
1636070400000,,60866,,,,,,,,
1636084800000,62649,,62649,,62649,,62649,,62649,
1636099200000,,,,,,,,,,
1636113600000,,60784,,60784,,60784,,,,
1636128000000,,,,,,,,,,
1636142400000,,,,,,,,,,
1636156800000,,,,,,,,,,
1636171200000,61600,,61600,,61600,,,,,
1636185600000,,,,,,,,,,
1636200000000,,60146.5,,60146.5,,60146.5,,60146.5,,60146.5
1636214400000,,,,,,,,,,
1636228800000,,,,,,,,,,
1636243200000,62435,,,,,,,,,
1636257600000,,,,,,,,,,
1636272000000,62468,61582,,,,,,,,
1636286400000,,,,,,,,,,
1636300800000,,,,,,,,,,
1636315200000,,,,,,,,,,
1636329600000,,,,,,,,,,
1636344000000,,,,,,,,,,
1636358400000,,,,,,,,,,
1636372800000,66666,65213,,,,,,,,
1636387200000,,,,,,,,,,
1636401600000,,65427.5,,,,,,,,
1636416000000,68601,,68601,,68601,,68601,,68601,
1636430400000,,,,,,,,,,
1636444800000,,,,,,,,,,
1636459200000,,,,,,,,,,
1636473600000,,66217,,66217,,66217,,66217,,
1636488000000,67829.5,,,,,,,,,
1636502400000,,,,,,,,,,
1636516800000,,66312,,,,,,,,
1636531200000,,,,,,,,,,
1636545600000,69182.5,65702.5,69182.5,,69182.5,,69182.5,,69182.5,
1636560000000,,,,,,,,,,
1636574400000,,62222,,62222,,62222,,62222,,62222
1636588800000,,,,,,,,,,
1636603200000,,,,,,,,,,
1636617600000,65627,,65627,,,,,,,
1636632000000,,64500,,,,,,,,
1636646400000,,,,,,,,,,
1636660800000,,,,,,,,,,
1636675200000,65567,64106,65567,,65567,,,,,
1636689600000,,,,,,,,,,
1636704000000,,,,,,,,,,
1636718400000,,,,,,,,,,
1636732800000,,62301,,62301,,62301,,62301,,62301
1636747200000,64569.5,,64569.5,,,,,,,
1636761600000,,,,,,,,,,
1636776000000,,,,,,,,,,
1636790400000,,63409.5,,63409.5,,63409.5,,,,
1636804800000,,,,,,,,,,
1636819200000,65050,,,,,,,,,
1636833600000,,,,,,,,,,
1636848000000,65388,,65388,,65388,,65388,,,
1636862400000,,,,,,,,,,
1636876800000,,,,,,,,,,
1636891200000,64804.5,,,,,,,,,
1636905600000,,63633,,63633,,63633,,63633,,63633
1636920000000,,,,,,,,,,
1636934400000,66258.5,,,,,,,,,
1636948800000,,,,,,,,,,
1636963200000,66400,,66400,,66400,,66400,,66400,
1636977600000,,,,,,,,,,
1636992000000,,,,,,,,,,
1637006400000,,,,,,,,,,
1637020800000,,,,,,,,,,
1637035200000,,,,,,,,,,
1637049600000,,58391,,58391,,58391,,58391,,58391
1637064000000,61405.5,,,,,,,,,
1637078400000,,,,,,,,,,
1637092800000,61151.5,,,,,,,,,
1637107200000,,58593,,,,,,,,
1637121600000,,,,,,,,,,
1637136000000,,58403,,58403,,58403,,58403,,58403
1637150400000,60827,,60827,,,,,,,
1637164800000,,,,,,,,,,
1637179200000,,,,,,,,,,
1637193600000,61008.5,,61008.5,,61008.5,,61008.5,,61008.5,
1637208000000,,,,,,,,,,
1637222400000,,,,,,,,,,
1637236800000,,,,,,,,,,
1637251200000,,,,,,,,,,
1637265600000,,,,,,,,,,
1637280000000,,55650,,55650,,55650,,55650,,55650
1637294400000,,,,,,,,,,
1637308800000,,,,,,,,,,
1637323200000,,,,,,,,,,
1637337600000,58333,,,,,,,,,
1637352000000,,57558.5,,,,,,,,
1637366400000,58980,,58980,,58980,,,,,
1637380800000,,,,,,,,,,
1637395200000,,,,,,,,,,
1637409600000,,,,,,,,,,
1637424000000,,57439.5,,57439.5,,57439.5,,57439.5,,57439.5
1637438400000,59912,,59912,,59912,,59912,,,
1637452800000,,58631,,,,,,,,
1637467200000,,,,,,,,,,
1637481600000,59387.5,58429.5,,58429.5,,,,,,
1637496000000,,,,,,,,,,
1637510400000,60096.5,,60096.5,,60096.5,,60096.5,,60096.5,
1637524800000,,,,,,,,,,
1637539200000,,,,,,,,,,
1637553600000,,56865.5,,,,,,,,
1637568000000,,,,,,,,,,
1637582400000,59545,,59545,,59545,,,,,
1637596800000,,,,,,,,,,
1637611200000,,55650,,55650,,,,,,
1637625600000,57246.5,,,,,,,,,
1637640000000,,,,,,,,,,
1637654400000,,55200,,55200,,55200,,55200,,55200
1637668800000,,,,,,,,,,
1637683200000,57889.5,,57889.5,,57889.5,,57889.5,,57889.5,
1637697600000,,,,,,,,,,
1637712000000,,56169.5,,56169.5,,,,,,
1637726400000,,,,,,,,,,
1637740800000,57450,,,,,,,,,
1637755200000,,55925,,55925,,55925,,55925,,55925
1637769600000,,,,,,,,,,
1637784000000,,,,,,,,,,
1637798400000,58353.5,,,,,,,,,
1637812800000,,57071.5,,,,,,,,
1637827200000,,,,,,,,,,
1637841600000,,,,,,,,,,
1637856000000,59451.5,,59451.5,,59451.5,,59451.5,,59451.5,
1637870400000,,,,,,,,,,
1637884800000,,,,,,,,,,
1637899200000,,,,,,,,,,
1637913600000,,,,,,,,,,
1637928000000,,53564,,53564,,53564,,53564,,53564
1637942400000,,,,,,,,,,
1637956800000,,53570,,,,,,,,
1637971200000,54663,,,,,,,,,
1637985600000,,,,,,,,,,
1638000000000,55307.5,,55307.5,,55307.5,,55307.5,,55307.5,
1638014400000,,,,,,,,,,
1638028800000,55238.5,,,,,,,,,
1638043200000,,,,,,,,,,
1638057600000,,53735,,53735,,53735,,,,
1638072000000,,,,,,,,,,
1638086400000,54950,,54950,,,,,,,
1638100800000,,,,,,,,,,
1638115200000,,53304.5,,53304.5,,53304.5,,53304.5,,53304.5
1638129600000,,,,,,,,,,
1638144000000,58300,,58300,,58300,,,,,
1638158400000,,,,,,,,,,
1638172800000,,56679,,56679,,,,,,
1638187200000,,,,,,,,,,
1638201600000,58896.5,,58896.5,,58896.5,,58896.5,,,
1638216000000,,,,,,,,,,
1638230400000,,,,,,,,,,
1638244800000,,55950,,55950,,55950,,55950,,55950
1638259200000,,,,,,,,,,
1638273600000,59260,,59260,,59260,,59260,,59260,
1638288000000,,56560,,,,,,,,
1638302400000,,,,,,,,,,
1638316800000,,56708,,,,,,,,
1638331200000,,,,,,,,,,
1638345600000,,,,,,,,,,
1638360000000,,,,,,,,,,
1638374400000,59128.5,,59128.5,,59128.5,,59128.5,,59128.5,
1638388800000,,,,,,,,,,
1638403200000,,55780,,55780,,55780,,55780,,55780
1638417600000,,,,,,,,,,
1638432000000,,,,,,,,,,
1638446400000,57388.5,,57388.5,,,,,,,
1638460800000,,56036.5,,56036.5,,56036.5,,,,
1638475200000,57245,,,,,,,,,
1638489600000,,56135,,,,,,,,
1638504000000,,,,,,,,,,
1638518400000,,,,,,,,,,
1638532800000,57724,,57724,,57724,,57724,,57724,
1638547200000,,,,,,,,,,
1638561600000,,51350,,,,,,,,
1638576000000,,,,,,,,,,
1638590400000,,41274,,41274,,41274,,41274,,41274
1638604800000,,,,,,,,,,
1638619200000,,,,,,,,,,
1638633600000,,,,,,,,,,
1638648000000,,,,,,,,,,
1638662400000,49725,48400.5,49725,,,,,,,
1638676800000,,,,,,,,,,
1638691200000,,,,,,,,,,
1638705600000,49738,47827,49738,47827,49738,47827,49738,,49738,
1638720000000,,,,,,,,,,
1638734400000,49566,,,,,,,,,
1638748800000,,,,,,,,,,
1638763200000,,,,,,,,,,
1638777600000,49500,47142,49500,47142,,47142,,47142,,47142
1638792000000,,,,,,,,,,
1638806400000,,,,,,,,,,
1638820800000,,,,,,,,,,
1638835200000,51488,,,,,,,,,
1638849600000,,,,,,,,,,
1638864000000,,,,,,,,,,
1638878400000,51957,50652.5,51957,,51957,,51957,,51957,
1638892800000,,,,,,,,,,
1638907200000,,50067,,50067,,,,,,
1638921600000,,,,,,,,,,
1638936000000,,,,,,,,,,
1638950400000,,,,,,,,,,
1638964800000,51283,48426,51283,48426,51283,48426,51283,48426,,48426
1638979200000,,,,,,,,,,
1638993600000,,,,,,,,,,
1639008000000,,,,,,,,,,
1639022400000,,,,,,,,,,
1639036800000,,,,,,,,,,
1639051200000,,,,,,,,,,
1639065600000,,,,,,,,,,
1639080000000,,47354,,47354,,47354,,47354,,
1639094400000,48795,,,,,,,,,
1639108800000,,,,,,,,,,
1639123200000,,,,,,,,,,
1639137600000,50237,,50237,,50237,,50237,,50237,
1639152000000,,,,,,,,,,
1639166400000,,,,,,,,,,
1639180800000,,46756,,46756,,46756,,46756,,46756
1639195200000,,,,,,,,,,
1639209600000,,,,,,,,,,
1639224000000,,,,,,,,,,
1639238400000,,,,,,,,,,
1639252800000,,,,,,,,,,
1639267200000,49677,,49677,,,,,,,
1639281600000,,,,,,,,,,
1639296000000,,48671,,48671,,,,,,
1639310400000,,,,,,,,,,
1639324800000,50775,,50775,,50775,,50775,,50775,
1639339200000,,,,,,,,,,
1639353600000,,48415,,,,,,,,
1639368000000,,,,,,,,,,
1639382400000,,,,,,,,,,
1639396800000,,,,,,,,,,
1639411200000,,45555,,45555,,45555,,45555,,45555
1639425600000,,,,,,,,,,
1639440000000,,,,,,,,,,
1639454400000,,,,,,,,,,
1639468800000,,,,,,,,,,
1639483200000,47941.5,,,,,,,,,
1639497600000,,46442,,46442,,,,,,
1639512000000,,,,,,,,,,
1639526400000,48748,,,,,,,,,
1639540800000,,,,,,,,,,
1639555200000,48782,,,,,,,,,
1639569600000,,,,,,,,,,
1639584000000,,,,,,,,,,
1639598400000,49451,,49451,,49451,,49451,,49451,
1639612800000,,,,,,,,,,
1639627200000,,48509,,,,,,,,
1639641600000,49431,,49431,,,,,,,
1639656000000,,,,,,,,,,
1639670400000,,,,,,,,,,
1639684800000,,,,,,,,,,
1639699200000,,,,,,,,,,
1639713600000,,46740,,,,,,,,
1639728000000,,,,,,,,,,
1639742400000,,45375,,45375,,45375,,45375,,45375
1639756800000,47421,,47421,,,,,,,
1639771200000,,45416,,,,,,,,
1639785600000,,,,,,,,,,
1639800000000,,,,,,,,,,
1639814400000,47338.5,,47338.5,,47338.5,,,,,
1639828800000,,,,,,,,,,
1639843200000,,46300,,,,,,,,
1639857600000,,,,,,,,,,
1639872000000,,46423,,,,,,,,
1639886400000,48088.5,,,,,,,,,
1639900800000,,46831.5,,,,,,,,
1639915200000,48333,,48333,,48333,,48333,,48333,
1639929600000,,,,,,,,,,
1639944000000,47566,,,,,,,,,
1639958400000,,,,,,,,,,
1639972800000,,,,,,,,,,
1639987200000,,,,,,,,,,
1640001600000,,45568,,45568,,45568,,45568,,45568
1640016000000,,,,,,,,,,
1640030400000,,,,,,,,,,
1640044800000,,,,,,,,,,
1640059200000,,,,,,,,,,
1640073600000,,,,,,,,,,
1640088000000,49300,48277,49300,,,,,,,
1640102400000,,,,,,,,,,
1640116800000,,,,,,,,,,
1640131200000,49580,,49580,,49580,,49580,,49580,
1640145600000,,,,,,,,,,
1640160000000,49549,,,,,,,,,
1640174400000,,48466,,48466,,,,,,
1640188800000,49275,,,,,,,,,
1640203200000,,,,,,,,,,
1640217600000,,48033,,48033,,48033,,48033,,48033
1640232000000,,,,,,,,,,
1640246400000,,,,,,,,,,
1640260800000,,,,,,,,,,
1640275200000,51352.5,,,,,,,,,
1640289600000,,,,,,,,,,
1640304000000,51495.5,,51495.5,,51495.5,,,,,
1640318400000,,,,,,,,,,
1640332800000,51459,,,,,,,,,
1640347200000,,50441,,50441,,50441,,50441,,
1640361600000,51816,,51816,,51816,,51816,,51816,
1640376000000,,50486.5,,,,,,,,
1640390400000,,,,,,,,,,
1640404800000,,,,,,,,,,
1640419200000,,50550,,,,,,,,
1640433600000,,,,,,,,,,
1640448000000,51179,50150,51179,,51179,,51179,,,
1640462400000,,,,,,,,,,
1640476800000,,,,,,,,,,
1640491200000,,,,,,,,,,
1640505600000,,49400,,49400,,49400,,49400,,49400
1640520000000,,,,,,,,,,
1640534400000,,,,,,,,,,
1640548800000,51316,49933,51316,,51316,,,,,
1640563200000,,,,,,,,,,
1640577600000,,,,,,,,,,
1640592000000,,50558.5,,,,,,,,
1640606400000,,,,,,,,,,
1640620800000,52147.5,,52147.5,,52147.5,,52147.5,,52147.5,
1640635200000,,,,,,,,,,
1640649600000,,,,,,,,,,
1640664000000,,48510,,,,,,,,
1640678400000,,,,,,,,,,
1640692800000,,,,,,,,,,
1640707200000,,47301,,47301,,47301,,47301,,
1640721600000,,,,,,,,,,
1640736000000,48087,,,,,,,,,
1640750400000,,,,,,,,,,
1640764800000,48084,,,,,,,,,
1640779200000,,46517,,,,,,,,
1640793600000,48046,,,,,,,,,
1640808000000,,,,,,,,,,
1640822400000,,45859,,45859,,45859,,45859,,45859
1640836800000,,,,,,,,,,
1640851200000,,,,,,,,,,
1640865600000,,,,,,,,,,
1640880000000,47888,,47888,,47888,,,,,
1640894400000,,46652,,46652,,46652,,,,
1640908800000,,,,,,,,,,
1640923200000,,,,,,,,,,
1640937600000,48539.5,,48539.5,,48539.5,,48539.5,,48539.5,
1640952000000,,,,,,,,,,
1640966400000,,,,,,,,,,
1640980800000,,45629,,45629,,45629,,45629,,45629
1640995200000,,,,,,,,,,
1641009600000,47540,,47540,,,,,,,
1641024000000,,,,,,,,,,
1641038400000,,,,,,,,,,
1641052800000,47915,,47915,,47915,,47915,,47915,
1641067200000,,,,,,,,,,
1641081600000,,,,,,,,,,
1641096000000,,46772.5,,46772.5,,,,,,
1641110400000,47491,,,,,,,,,
1641124800000,,,,,,,,,,
1641139200000,47988,46656,47988,46656,47988,46656,47988,46656,47988,
1641153600000,,,,,,,,,,
1641168000000,,46697,,,,,,,,
1641182400000,,,,,,,,,,
1641196800000,,,,,,,,,,
1641211200000,47614.5,,47614.5,,47614.5,,47614.5,,,
1641225600000,,,,,,,,,,
1641240000000,,45665,,45665,,45665,,45665,,
1641254400000,,,,,,,,,,
1641268800000,,,,,,,,,,
1641283200000,,,,,,,,,,
1641297600000,47500,,47500,,47500,,47500,,47500,
1641312000000,,45500,,45500,,45500,,45500,,45500
1641326400000,,,,,,,,,,
1641340800000,46523,,,,,,,,,
1641355200000,,,,,,,,,,
1641369600000,47058,,47058,,47058,,47058,,,
1641384000000,,,,,,,,,,
1641398400000,,,,,,,,,,
1641412800000,,42406.5,,42406.5,,42406.5,,42406.5,,42406.5
1641427200000,,,,,,,,,,
1641441600000,,,,,,,,,,
1641456000000,,42418,,42418,,,,,,
1641470400000,,,,,,,,,,
1641484800000,,,,,,,,,,
1641499200000,43549,,43549,,43549,,43549,,,
1641513600000,,,,,,,,,,
1641528000000,,40953.5,,,,,,,,
1641542400000,42922.5,,,,,,,,,
1641556800000,,40500,,40500,,40500,,40500,,40500
1641571200000,,,,,,,,,,
1641585600000,,,,,,,,,,
1641600000000,42218.5,,,,,,,,,
1641614400000,,,,,,,,,,
1641628800000,42158.5,,,,,,,,,
1641643200000,,,,,,,,,,
1641657600000,,40509,,40509,,40509,,40509,,40509
1641672000000,42271.5,,42271.5,,42271.5,,42271.5,,,
1641686400000,,,,,,,,,,
1641700800000,,,,,,,,,,
1641715200000,,,,,,,,,,
1641729600000,,41188,,41188,,41188,,,,
1641744000000,,,,,,,,,,
1641758400000,42771,,42771,,42771,,42771,,42771,
1641772800000,,41542.5,,,,,,,,
1641787200000,42222,,,,,,,,,
1641801600000,,,,,,,,,,
1641816000000,,39595,,39595,,39595,,39595,,39595
1641830400000,42102,,,,,,,,,
1641844800000,,,,,,,,,,
1641859200000,42357,,,,,,,,,
1641873600000,,,,,,,,,,
1641888000000,42681.5,,,,,,,,,
1641902400000,,41280,,41280,,41280,,,,
1641916800000,43150,,43150,,43150,,,,,
1641931200000,,,,,,,,,,
1641945600000,,42426,,,,,,,,
1641960000000,,,,,,,,,,
1641974400000,,,,,,,,,,
1641988800000,44100,,,,,,,,,
1642003200000,,,,,,,,,,
1642017600000,44334,,44334,,44334,,,,,
1642032000000,,,,,,,,,,
1642046400000,,43408.5,,,,,,,,
1642060800000,,,,,,,,,,
1642075200000,44451,,44451,,44451,,44451,,44451,
1642089600000,,,,,,,,,,
1642104000000,,42326,,42326,,,,,,
1642118400000,,,,,,,,,,
1642132800000,42940,,,,,,,,,
1642147200000,,,,,,,,,,
1642161600000,,41666,,41666,,41666,,41666,,41666
1642176000000,,,,,,,,,,
1642190400000,43446,,43446,,43446,,43446,,,
1642204800000,,,,,,,,,,
1642219200000,,42600,,,,,,,,
1642233600000,,,,,,,,,,
1642248000000,,42573,,42573,,42573,,42573,,42573
1642262400000,,,,,,,,,,
1642276800000,43796,,43796,,43796,,43796,,43796,
1642291200000,,42865,,,,,,,,
1642305600000,,,,,,,,,,
1642320000000,,,,,,,,,,
1642334400000,,42600,,42600,,42600,,,,
1642348800000,43478,,43478,,43478,,43478,,,
1642363200000,,,,,,,,,,
1642377600000,,,,,,,,,,
1642392000000,,42285,,42285,,,,,,
1642406400000,,,,,,,,,,
1642420800000,,,,,,,,,,
1642435200000,,,,,,,,,,
1642449600000,,41570,,41570,,,,,,
1642464000000,42404.5,,,,,,,,,
1642478400000,,,,,,,,,,
1642492800000,,,,,,,,,,
1642507200000,,41309.5,,41309.5,,41309.5,,,,
1642521600000,,,,,,,,,,
1642536000000,42655,,42655,,42655,,42655,,42655,
1642550400000,,,,,,,,,,
1642564800000,,41119,,41119,,41119,,41119,,41119
1642579200000,,,,,,,,,,
1642593600000,42549,,42549,,42549,,,,,
1642608000000,,,,,,,,,,
1642622400000,,41560,,41560,,,,,,
1642636800000,,,,,,,,,,
1642651200000,,,,,,,,,,
1642665600000,,,,,,,,,,
1642680000000,,,,,,,,,,
1642694400000,43496.5,,43496.5,,43496.5,,43496.5,,43496.5,
1642708800000,,,,,,,,,,
1642723200000,,38220,,38220,,,,,,
1642737600000,,,,,,,,,,
1642752000000,39234,,,,,,,,,
1642766400000,,37642,,,,,,,,
1642780800000,39059,,,,,,,,,
1642795200000,,35380,,,,,,,,
1642809600000,,,,,,,,,,
1642824000000,,,,,,,,,,
1642838400000,,33911,,33911,,33911,,33911,,33911
1642852800000,36180,,,,,,,,,
1642867200000,,34247,,,,,,,,
1642881600000,35711,,,,,,,,,
1642896000000,,,,,,,,,,
1642910400000,,,,,,,,,,
1642924800000,36160,,36160,,,,,,,
1642939200000,,,,,,,,,,
1642953600000,,34615,,34615,,34615,,,,
1642968000000,36496.5,,36496.5,,36496.5,,36496.5,,36496.5,
1642982400000,,,,,,,,,,
1642996800000,,,,,,,,,,
1643011200000,35711,,,,,,,,,
1643025600000,,32903,,32903,,32903,,32903,,32903
1643040000000,,,,,,,,,,
1643054400000,37600,,37600,,37600,,37600,,37600,
1643068800000,,,,,,,,,,
1643083200000,,35717,,35717,,,,,,
1643097600000,,,,,,,,,,
1643112000000,,35942.5,,,,,,,,
1643126400000,37537,,37537,,,,,,,
1643140800000,,36405.5,,,,,,,,
1643155200000,,,,,,,,,,
1643169600000,,,,,,,,,,
1643184000000,,,,,,,,,,
1643198400000,,,,,,,,,,
1643212800000,38895,,38895,,38895,,38895,,38895,
1643227200000,,,,,,,,,,
1643241600000,,35506,,35506,,35506,,35506,,35506
1643256000000,,,,,,,,,,
1643270400000,,,,,,,,,,
1643284800000,37250,,37250,,,,,,,
1643299200000,,,,,,,,,,
1643313600000,,35526.5,,35526.5,,35526.5,,35526.5,,
1643328000000,,,,,,,,,,
1643342400000,37491,,37491,,37491,,,,,
1643356800000,,,,,,,,,,
1643371200000,,36155,,36155,,36155,,,,
1643385600000,,,,,,,,,,
1643400000000,37991,,37991,,37991,,,,,
1643414400000,,,,,,,,,,
1643428800000,,,,,,,,,,
1643443200000,,,,,,,,,,
1643457600000,38195,37302,,37302,,37302,,,,
1643472000000,,,,,,,,,,
1643486400000,38732.5,,38732.5,,38732.5,,38732.5,,38732.5,
1643500800000,,37750,,,,,,,,
1643515200000,,,,,,,,,,
1643529600000,38375,,38375,,,,,,,
1643544000000,,,,,,,,,,
1643558400000,,,,,,,,,,
1643572800000,38233.5,,38233.5,,,,,,,
1643587200000,,36617.5,,36617.5,,36617.5,,36617.5,,36617.5
1643601600000,,,,,,,,,,
1643616000000,,,,,,,,,,
1643630400000,,36761.5,,36761.5,,,,,,
1643644800000,38765,,38765,,38765,,,,,
1643659200000,,,,,,,,,,
1643673600000,,38187,,,,,,,,
1643688000000,,,,,,,,,,
1643702400000,39100,37955,,37955,,37955,,,,
1643716800000,,,,,,,,,,
1643731200000,39295,,39295,,39295,,39295,,39295,
1643745600000,,,,,,,,,,
1643760000000,,,,,,,,,,
1643774400000,,38209,,,,,,,,
1643788800000,,,,,,,,,,
1643803200000,38742,,38742,,,,,,,
1643817600000,,,,,,,,,,
1643832000000,37649,36407,,36407,,,,,,
1643846400000,,,,,,,,,,
1643860800000,,,,,,,,,,
1643875200000,37095,36258,,36258,,36258,,36258,,36258
1643889600000,,,,,,,,,,
1643904000000,,,,,,,,,,
1643918400000,,36271.5,,,,,,,,
1643932800000,,,,,,,,,,
1643947200000,,,,,,,,,,
1643961600000,,,,,,,,,,
1643976000000,,37320,,,,,,,,
1643990400000,,,,,,,,,,
1644004800000,,,,,,,,,,
1644019200000,41950,,41950,,41950,,41950,,41950,
1644033600000,,,,,,,,,,
1644048000000,,41249.5,,,,,,,,
1644062400000,41900,,41900,,,,,,,
1644076800000,,40981,,40981,,40981,,40981,,
1644091200000,,,,,,,,,,
1644105600000,,,,,,,,,,
1644120000000,41750,41342.5,,,,,,,,
1644134400000,,,,,,,,,,
1644148800000,42230,41132,,41132,,41132,,41132,,
1644163200000,,,,,,,,,,
1644177600000,,,,,,,,,,
1644192000000,,,,,,,,,,
1644206400000,43022,,,,,,,,,
1644220800000,,42259.5,,,,,,,,
1644235200000,,,,,,,,,,
1644249600000,44551.5,,44551.5,,,,,,,
1644264000000,,43500,,,,,,,,
1644278400000,,,,,,,,,,
1644292800000,45512.5,,45512.5,,45512.5,,45512.5,,45512.5,
1644307200000,,,,,,,,,,
1644321600000,,,,,,,,,,
1644336000000,,42703.5,,42703.5,,42703.5,,42703.5,,42703.5
1644350400000,44400,,44400,,,,,,,
1644364800000,,,,,,,,,,
1644379200000,,,,,,,,,,
1644393600000,,,,,,,,,,
1644408000000,,,,,,,,,,
1644422400000,,43487.5,,,,,,,,
1644436800000,44836,,44836,,,,,,,
1644451200000,,43591.5,,,,,,,,
1644465600000,,,,,,,,,,
1644480000000,,,,,,,,,,
1644494400000,,43161,,43161,,,,,,
1644508800000,45848,,45848,,45848,,45848,,45848,
1644523200000,,,,,,,,,,
1644537600000,,42566,,42566,,42566,,,,
1644552000000,,,,,,,,,,
1644566400000,,,,,,,,,,
1644580800000,43915,,43915,,43915,,,,,
1644595200000,,,,,,,,,,
1644609600000,,41961,,,,,,,,
1644624000000,,,,,,,,,,
1644638400000,,41764.5,,,,,,,,
1644652800000,,,,,,,,,,
1644667200000,,41761,,,,,,,,
1644681600000,42999,,42999,,42999,,42999,,42999,
1644696000000,,41630,,41630,,41630,,41630,,41630
1644710400000,,,,,,,,,,
1644724800000,,,,,,,,,,
1644739200000,,,,,,,,,,
1644753600000,42765.5,,42765.5,,42765.5,,42765.5,,,
1644768000000,,41875.5,,,,,,,,
1644782400000,,,,,,,,,,
1644796800000,,41550,,41550,,41550,,41550,,41550
1644811200000,,,,,,,,,,
1644825600000,,,,,,,,,,
1644840000000,42832,,42832,,,,,,,
1644854400000,,41814,,41814,,,,,,
1644868800000,,,,,,,,,,
1644883200000,,,,,,,,,,
1644897600000,,,,,,,,,,
1644912000000,,,,,,,,,,
1644926400000,44501,,,,,,,,,
1644940800000,,43875,,,,,,,,
1644955200000,44762.5,,44762.5,,44762.5,,44762.5,,44762.5,
1644969600000,,,,,,,,,,
1644984000000,,43708,,,,,,,,
1644998400000,44318.5,,,,,,,,,
1645012800000,,43129.5,,43129.5,,43129.5,,43129.5,,
1645027200000,,,,,,,,,,
1645041600000,44375.5,,44375.5,,44375.5,,44375.5,,,
1645056000000,,,,,,,,,,
1645070400000,,,,,,,,,,
1645084800000,44033.5,,,,,,,,,
1645099200000,,,,,,,,,,
1645113600000,,,,,,,,,,
1645128000000,,40050,,40050,,40050,,,,
1645142400000,,,,,,,,,,
1645156800000,,,,,,,,,,
1645171200000,40955,,40955,,,,,,,
1645185600000,,,,,,,,,,
1645200000000,,39400.5,,39400.5,,39400.5,,39400.5,,39400.5
1645214400000,,,,,,,,,,
1645228800000,,,,,,,,,,
1645243200000,40460,,40460,,40460,,,,,
1645257600000,,,,,,,,,,
1645272000000,,39623.5,,39623.5,,39623.5,,,,
1645286400000,40350,,40350,,,,,,,
1645300800000,,,,,,,,,,
1645315200000,,,,,,,,,,
1645329600000,,,,,,,,,,
1645344000000,,37847,,37847,,37847,,37847,,37847
1645358400000,,,,,,,,,,
1645372800000,,,,,,,,,,
1645387200000,,38060,,,,,,,,
1645401600000,,,,,,,,,,
1645416000000,39481,,39481,,39481,,39481,,39481,
1645430400000,,,,,,,,,,
1645444800000,,37217,,,,,,,,
1645459200000,,,,,,,,,,
1645473600000,,,,,,,,,,
1645488000000,,36356,,36356,,36356,,36356,,36356
1645502400000,,,,,,,,,,
1645516800000,,,,,,,,,,
1645531200000,38333,,,,,,,,,
1645545600000,,,,,,,,,,
1645560000000,38405,,38405,,,,,,,
1645574400000,,37555,,,,,,,,
1645588800000,,,,,,,,,,
1645603200000,,,,,,,,,,
1645617600000,39255,,39255,,39255,,39255,,39255,
1645632000000,,,,,,,,,,
1645646400000,,,,,,,,,,
1645660800000,,,,,,,,,,
1645675200000,,34322,,34322,,34322,,34322,,34322
1645689600000,,,,,,,,,,
1645704000000,,,,,,,,,,
1645718400000,,,,,,,,,,
1645732800000,39930,,39930,,39930,,39930,,39930,
1645747200000,,,,,,,,,,
1645761600000,,,,,,,,,,
1645776000000,,38026,,38026,,,,,,
1645790400000,39700,,39700,,,,,,,
1645804800000,,38505,,,,,,,,
1645819200000,,,,,,,,,,
1645833600000,40300,,40300,,40300,,40300,,40300,
1645848000000,,,,,,,,,,
1645862400000,39536,38563.5,,38563.5,,38563.5,,,,
1645876800000,,,,,,,,,,
1645891200000,,,,,,,,,,
1645905600000,39688,,39688,,39688,,,,,
1645920000000,,38180.5,,38180.5,,38180.5,,,,
1645934400000,,,,,,,,,,
1645948800000,,,,,,,,,,
1645963200000,39883.5,,39883.5,,39883.5,,39883.5,,39883.5,
1645977600000,,,,,,,,,,
1645992000000,,36965,,36965,,36965,,36965,,36965
1646006400000,,,,,,,,,,
1646020800000,,,,,,,,,,
1646035200000,,,,,,,,,,
1646049600000,,37939.5,,,,,,,,
1646064000000,,,,,,,,,,
1646078400000,44288.5,,44288.5,,44288.5,,,,,
1646092800000,,,,,,,,,,
1646107200000,,,,,,,,,,
1646121600000,,42850.5,,42850.5,,,,,,
1646136000000,44950,,44950,,44950,,44950,,44950,
1646150400000,,43227.5,,,,,,,,
1646164800000,,,,,,,,,,
1646179200000,44760,,44760,,,,,,,
1646193600000,,43676.5,,,,,,,,
1646208000000,,,,,,,,,,
1646222400000,45322,43350,45322,43350,45322,,45322,,45322,
1646236800000,,,,,,,,,,
1646251200000,,,,,,,,,,
1646265600000,,,,,,,,,,
1646280000000,,42942,,,,,,,,
1646294400000,,,,,,,,,,
1646308800000,44107.5,,44107.5,,44107.5,,,,,
1646323200000,,,,,,,,,,
1646337600000,,,,,,,,,,
1646352000000,,,,,,,,,,
1646366400000,,,,,,,,,,
1646380800000,41883,,,,,,,,,
1646395200000,,,,,,,,,,
1646409600000,,,,,,,,,,
1646424000000,,38530,,38530,,38530,,38530,,38530
1646438400000,,,,,,,,,,
1646452800000,,,,,,,,,,
1646467200000,,,,,,,,,,
1646481600000,,,,,,,,,,
1646496000000,39576,,,,,,,,,
1646510400000,,,,,,,,,,
1646524800000,39676.5,,39676.5,,39676.5,,39676.5,,39676.5,
1646539200000,,,,,,,,,,
1646553600000,,38063.5,,38063.5,,38063.5,,,,
1646568000000,,,,,,,,,,
1646582400000,39341,,,,,,,,,
1646596800000,,,,,,,,,,
1646611200000,,37555,,37555,,37555,,,,
1646625600000,,,,,,,,,,
1646640000000,,37656,,,,,,,,
1646654400000,,,,,,,,,,
1646668800000,39520,,39520,,39520,,39520,,39520,
1646683200000,,37151.5,,37151.5,,37151.5,,37151.5,,37151.5
1646697600000,38915.5,,,,,,,,,
1646712000000,,,,,,,,,,
1646726400000,,,,,,,,,,
1646740800000,,,,,,,,,,
1646755200000,39348.5,38136,,38136,,,,,,
1646769600000,,,,,,,,,,
1646784000000,,,,,,,,,,
1646798400000,,,,,,,,,,
1646812800000,,,,,,,,,,
1646827200000,42565,,42565,,42565,,42565,,42565,
1646841600000,,,,,,,,,,
1646856000000,,,,,,,,,,
1646870400000,,,,,,,,,,
1646884800000,,,,,,,,,,
1646899200000,,,,,,,,,,
1646913600000,40315.5,38430,,38430,,,,,,
1646928000000,,,,,,,,,,
1646942400000,39670.5,,,,,,,,,
1646956800000,,38223.5,,38223.5,,38223.5,,38223.5,,38223.5
1646971200000,,,,,,,,,,
1646985600000,40239.5,,40239.5,,40239.5,,40239.5,,,
1647000000000,,,,,,,,,,
1647014400000,,,,,,,,,,
1647028800000,,38287.5,,38287.5,,38287.5,,38287.5,,
1647043200000,39275.5,,39275.5,,,,,,,
1647057600000,,,,,,,,,,
1647072000000,,,,,,,,,,
1647086400000,,38658.5,,,,,,,,
1647100800000,39472,,39472,,39472,,39472,,39472,
1647115200000,,38600,,38600,,,,,,
1647129600000,,,,,,,,,,
1647144000000,39320,,39320,,,,,,,
1647158400000,,,,,,,,,,
1647172800000,,38340,,,,,,,,
1647187200000,,,,,,,,,,
1647201600000,,,,,,,,,,
1647216000000,,37466,,37466,,37466,,37466,,37466
1647230400000,,,,,,,,,,
1647244800000,39286.5,,39286.5,,,,,,,
1647259200000,,,,,,,,,,
1647273600000,,38414,,38414,,,,,,
1647288000000,39918,,39918,,39918,,39918,,39918,
1647302400000,,,,,,,,,,
1647316800000,,38103.5,,38103.5,,38103.5,,38103.5,,38103.5
1647331200000,,,,,,,,,,
1647345600000,,,,,,,,,,
1647360000000,,,,,,,,,,
1647374400000,,,,,,,,,,
1647388800000,41763.5,38794,41763.5,38794,41763.5,,41763.5,,41763.5,
1647403200000,,,,,,,,,,
1647417600000,,,,,,,,,,
1647432000000,41193.5,,,,,,,,,
1647446400000,,39313,,39313,,,,,,
1647460800000,41441,,,,,,,,,
1647475200000,,,,,,,,,,
1647489600000,41468.5,,41468.5,,41468.5,,41468.5,,41468.5,
1647504000000,,40463.5,,40463.5,,40463.5,,,,
1647518400000,41219,,,,,,,,,
1647532800000,,40555,,,,,,,,
1647547200000,41046,,,,,,,,,
1647561600000,,40233,,,,,,,,
1647576000000,,,,,,,,,,
1647590400000,,40140,,40140,,40140,,40140,,40140
1647604800000,,,,,,,,,,
1647619200000,,,,,,,,,,
1647633600000,42331,,42331,,42331,,42331,,42331,
1647648000000,,41528,,,,,,,,
1647662400000,,,,,,,,,,
1647676800000,,,,,,,,,,
1647691200000,,,,,,,,,,
1647705600000,,,,,,,,,,
1647720000000,42400,41710.5,42400,,42400,,42400,,42400,
1647734400000,,,,,,,,,,
1647748800000,,,,,,,,,,
1647763200000,,,,,,,,,,
1647777600000,,,,,,,,,,
1647792000000,,40910,,,,,,,,
1647806400000,41697,,,,,,,,,
1647820800000,,40488,,40488,,40488,,40488,,40488
1647835200000,,,,,,,,,,
1647849600000,,,,,,,,,,
1647864000000,41563.5,40738,41563.5,,,,,,,
1647878400000,,,,,,,,,,
1647892800000,,,,,,,,,,
1647907200000,,40871,,,,,,,,
1647921600000,43438,,43438,,43438,,43438,,43438,
1647936000000,,,,,,,,,,
1647950400000,43245.5,,,,,,,,,
1647964800000,,,,,,,,,,
1647979200000,42900,,,,,,,,,
1647993600000,,,,,,,,,,
1648008000000,,41710.5,,41710.5,,41710.5,,41710.5,,41710.5
1648022400000,,,,,,,,,,
1648036800000,,41863,,,,,,,,
1648051200000,,,,,,,,,,
1648065600000,,,,,,,,,,
1648080000000,,,,,,,,,,
1648094400000,43490,,,,,,,,,
1648108800000,,,,,,,,,,
1648123200000,,42601.5,,42601.5,,42601.5,,,,
1648137600000,44282.5,,,,,,,,,
1648152000000,,,,,,,,,,
1648166400000,44400,,,,,,,,,
1648180800000,,,,,,,,,,
1648195200000,,43579,,43579,,43579,,43579,,
1648209600000,45105,,45105,,45105,,45105,,45105,
1648224000000,,44025,,,,,,,,
1648238400000,,,,,,,,,,
1648252800000,,44068,,,,,,,,
1648267200000,,,,,,,,,,
1648281600000,44570,,44570,,,,,,,
1648296000000,,,,,,,,,,
1648310400000,,,,,,,,,,
1648324800000,,,,,,,,,,
1648339200000,44970,,44970,,44970,,,,,
1648353600000,,,,,,,,,,
1648368000000,,,,,,,,,,
1648382400000,,44434,,44434,,44434,,,,
1648396800000,,,,,,,,,,
1648411200000,,44677,,,,,,,,
1648425600000,47698,,47698,,,,,,,
1648440000000,,,,,,,,,,
1648454400000,,,,,,,,,,
1648468800000,,,,,,,,,,
1648483200000,48207.5,,48207.5,,48207.5,,48207.5,,48207.5,
1648497600000,,46849,,46849,,46849,,,,
1648512000000,,,,,,,,,,
1648526400000,,,,,,,,,,
1648540800000,,,,,,,,,,
1648555200000,48110,,48110,,48110,,,,,
1648569600000,,,,,,,,,,
1648584000000,,,,,,,,,,
1648598400000,,46400,,46400,,46400,,46400,,46400
1648612800000,47607.5,,,,,,,,,
1648627200000,,,,,,,,,,
1648641600000,,,,,,,,,,
1648656000000,47700,46792.5,47700,46792.5,47700,46792.5,47700,,,
1648670400000,,,,,,,,,,
1648684800000,47428.5,,,,,,,,,
1648699200000,,46915,,,,,,,,
1648713600000,,,,,,,,,,
1648728000000,47615.5,,47615.5,,47615.5,,47615.5,,,
1648742400000,,,,,,,,,,
1648756800000,,,,,,,,,,
1648771200000,,44111,,44111,,44111,,44111,,44111
1648785600000,,,,,,,,,,
1648800000000,,,,,,,,,,
1648814400000,46735.5,44688,46735.5,,,,,,,
1648828800000,,,,,,,,,,
1648843200000,,,,,,,,,,
1648857600000,47222,,47222,,47222,,47222,,47222,
1648872000000,,,,,,,,,,
1648886400000,,,,,,,,,,
1648900800000,46959.5,,46959.5,,,,,,,
1648915200000,,45619.5,,,,,,,,
1648929600000,,,,,,,,,,
1648944000000,,45527.5,,45527.5,,45527.5,,45527.5,,45527.5
1648958400000,46582,,,,,,,,,
1648972800000,,,,,,,,,,
1648987200000,,,,,,,,,,
1649001600000,,,,,,,,,,
1649016000000,47500,,47500,,47500,,47500,,47500,
1649030400000,,45722,,45722,,,,,,
1649044800000,,,,,,,,,,
1649059200000,,,,,,,,,,
1649073600000,46348,,,,,,,,,
1649088000000,,45111,,45111,,45111,,45111,,45111
1649102400000,46907.5,,46907.5,,46907.5,,,,,
1649116800000,,,,,,,,,,
1649131200000,46872,,,,,,,,,
1649145600000,,,,,,,,,,
1649160000000,47200,,47200,,47200,,47200,,47200,
1649174400000,,,,,,,,,,
1649188800000,,,,,,,,,,
1649203200000,,44365.5,,44365.5,,,,,,
1649217600000,,,,,,,,,,
1649232000000,,,,,,,,,,
1649246400000,,,,,,,,,,
1649260800000,,,,,,,,,,
1649275200000,,,,,,,,,,
1649289600000,,42716,,42716,,42716,,42716,,42716
1649304000000,,,,,,,,,,
1649318400000,,,,,,,,,,
1649332800000,43887,42993,43887,42993,43887,,,,,
1649347200000,,,,,,,,,,
1649361600000,,43202,,,,,,,,
1649376000000,,,,,,,,,,
1649390400000,,,,,,,,,,
1649404800000,43975,,43975,,43975,,43975,,43975,
1649419200000,,,,,,,,,,
1649433600000,,,,,,,,,,
1649448000000,,42076.5,,42076.5,,42076.5,,42076.5,,42076.5
1649462400000,,,,,,,,,,
1649476800000,42618,,,,,,,,,
1649491200000,,,,,,,,,,
1649505600000,,,,,,,,,,
1649520000000,,42181,,42181,,42181,,,,
1649534400000,,,,,,,,,,
1649548800000,42875,,42875,,42875,,,,,
1649563200000,,,,,,,,,,
1649577600000,,42433,,42433,,,,,,
1649592000000,,,,,,,,,,
1649606400000,,,,,,,,,,
1649620800000,43397,,43397,,43397,,43397,,43397,
1649635200000,,41700,,,,,,,,
1649649600000,,,,,,,,,,
1649664000000,42350,,,,,,,,,
1649678400000,,,,,,,,,,
1649692800000,,,,,,,,,,
1649707200000,,39180,,39180,,39180,,39180,,39180
1649721600000,,,,,,,,,,
1649736000000,,,,,,,,,,
1649750400000,,,,,,,,,,
1649764800000,40713.5,,40713.5,,40713.5,,40713.5,,,
1649779200000,,,,,,,,,,
1649793600000,,39211,,39211,,39211,,39211,,39211
1649808000000,40268.5,,,,,,,,,
1649822400000,,,,,,,,,,
1649836800000,,,,,,,,,,
1649851200000,,39615,,39615,,,,,,
1649865600000,41530,,41530,,41530,,41530,,41530,
1649880000000,,,,,,,,,,
1649894400000,41466.5,,,,,,,,,
1649908800000,,,,,,,,,,
1649923200000,,,,,,,,,,
1649937600000,41310,,,,,,,,,
1649952000000,,39510,,39510,,39510,,39510,,39510
1649966400000,,,,,,,,,,
1649980800000,,,,,,,,,,
1649995200000,40435.5,,,,,,,,,
1650009600000,,,,,,,,,,
1650024000000,40893.5,39910.5,40893.5,39910.5,40893.5,,40893.5,,40893.5,
1650038400000,,,,,,,,,,
1650052800000,,,,,,,,,,
1650067200000,40687,,40687,,,,,,,
1650081600000,,,,,,,,,,
1650096000000,,,,,,,,,,
1650110400000,40566.5,39980.5,,39980.5,,39980.5,,39980.5,,39980.5
1650124800000,,,,,,,,,,
1650139200000,40692,,40692,,40692,,40692,,40692,
1650153600000,,40103,,,,,,,,
1650168000000,,,,,,,,,,
1650182400000,,,,,,,,,,
1650196800000,40600,,40600,,40600,,,,,
1650211200000,,,,,,,,,,
1650225600000,,39525.5,,,,,,,,
1650240000000,,,,,,,,,,
1650254400000,,38450,,38450,,38450,,38450,,38450
1650268800000,,,,,,,,,,
1650283200000,,,,,,,,,,
1650297600000,,,,,,,,,,
1650312000000,,,,,,,,,,
1650326400000,41255,,41255,,,,,,,
1650340800000,,,,,,,,,,
1650355200000,,40543,,40543,,40543,,,,
1650369600000,41747,,41747,,41747,,41747,,,
1650384000000,,,,,,,,,,
1650398400000,,,,,,,,,,
1650412800000,,,,,,,,,,
1650427200000,,,,,,,,,,
1650441600000,,,,,,,,,,
1650456000000,42196.5,,42196.5,,42196.5,,42196.5,,,
1650470400000,,40838,,40838,,40838,,40838,,40838
1650484800000,,,,,,,,,,
1650499200000,,,,,,,,,,
1650513600000,,,,,,,,,,
1650528000000,,,,,,,,,,
1650542400000,42973,,42973,,42973,,42973,,42973,
1650556800000,,,,,,,,,,
1650571200000,,39670.5,,39670.5,,39670.5,,,,
1650585600000,,,,,,,,,,
1650600000000,40774,,,,,,,,,
1650614400000,,,,,,,,,,
1650628800000,,,,,,,,,,
1650643200000,,39147,,39147,,39147,,39147,,39147
1650657600000,,,,,,,,,,
1650672000000,39867.5,,39867.5,,,,,,,
1650686400000,,39273.5,,39273.5,,,,,,
1650700800000,,,,,,,,,,
1650715200000,,,,,,,,,,
1650729600000,39974.5,,39974.5,,39974.5,,39974.5,,39974.5,
1650744000000,,39320,,39320,,39320,,,,
1650758400000,,,,,,,,,,
1650772800000,,,,,,,,,,
1650787200000,,,,,,,,,,
1650801600000,39922,,39922,,39922,,,,,
1650816000000,,38900,,,,,,,,
1650830400000,,,,,,,,,,
1650844800000,,,,,,,,,,
1650859200000,,38153.5,,38153.5,,38153.5,,38153.5,,38153.5
1650873600000,,,,,,,,,,
1650888000000,,,,,,,,,,
1650902400000,,,,,,,,,,
1650916800000,,,,,,,,,,
1650931200000,40815,,40815,,40815,,40815,,40815,
1650945600000,,,,,,,,,,
1650960000000,40800,,,,,,,,,
1650974400000,,,,,,,,,,
1650988800000,,,,,,,,,,
1651003200000,,37652,,37652,,37652,,37652,,37652
1651017600000,,,,,,,,,,
1651032000000,,,,,,,,,,
1651046400000,,,,,,,,,,
1651060800000,39448,38414,39448,,,,,,,
1651075200000,,,,,,,,,,
1651089600000,,,,,,,,,,
1651104000000,39667,,,,,,,,,
1651118400000,,,,,,,,,,
1651132800000,,,,,,,,,,
1651147200000,,38864,,38864,,38864,,,,
1651161600000,40372.5,,40372.5,,40372.5,,40372.5,,40372.5,
1651176000000,,,,,,,,,,
1651190400000,,39251,,,,,,,,
1651204800000,,,,,,,,,,
1651219200000,,38586,,,,,,,,
1651233600000,,,,,,,,,,
1651248000000,,38158,,38158,,38158,,38158,,
1651262400000,,,,,,,,,,
1651276800000,38792.5,,,,,,,,,
1651291200000,,38475,,,,,,,,
1651305600000,,,,,,,,,,
1651320000000,,38137,,,,,,,,
1651334400000,,,,,,,,,,
1651348800000,,,,,,,,,,
1651363200000,,37375,,37375,,37375,,37375,,37375
1651377600000,38171,,,,,,,,,
1651392000000,,,,,,,,,,
1651406400000,,,,,,,,,,
1651420800000,38673.5,,,,,,,,,
1651435200000,,37643,,37643,,37643,,37643,,
1651449600000,,,,,,,,,,
1651464000000,39155,,,,,,,,,
1651478400000,,,,,,,,,,
1651492800000,39174.5,,39174.5,,39174.5,,39174.5,,39174.5,
1651507200000,,38042.5,,38042.5,,38042.5,,38042.5,,
1651521600000,38900,,,,,,,,,
1651536000000,,,,,,,,,,
1651550400000,,,,,,,,,,
1651564800000,38640,,38640,,,,,,,
1651579200000,,,,,,,,,,
1651593600000,,37500,,37500,,37500,,37500,,37500
1651608000000,,,,,,,,,,
1651622400000,,,,,,,,,,
1651636800000,,,,,,,,,,
1651651200000,,,,,,,,,,
1651665600000,,,,,,,,,,
1651680000000,40031.5,38575.5,40031.5,38575.5,40031.5,,40031.5,,40031.5,
1651694400000,,,,,,,,,,
1651708800000,,,,,,,,,,
1651723200000,39825,,,,,,,,,
1651737600000,,,,,,,,,,
1651752000000,,,,,,,,,,
1651766400000,,35510,,35510,,35510,,35510,,
1651780800000,,,,,,,,,,
1651795200000,36649,,,,,,,,,
1651809600000,,,,,,,,,,
1651824000000,,,,,,,,,,
1651838400000,,35204.5,,35204.5,,35204.5,,35204.5,,35204.5
1651852800000,,,,,,,,,,
1651867200000,,,,,,,,,,
1651881600000,,,,,,,,,,
1651896000000,,35714,,35714,,35714,,,,
1651910400000,36120,,36120,,36120,,,,,
1651924800000,,35820,,,,,,,,
1651939200000,,,,,,,,,,
1651953600000,,,,,,,,,,
1651968000000,,34125,,34125,,34125,,,,
1651982400000,,,,,,,,,,
1651996800000,,,,,,,,,,
1652011200000,,,,,,,,,,
1652025600000,,33655,,,,,,,,
1652040000000,,,,,,,,,,
1652054400000,,33163,,,,,,,,
1652068800000,,,,,,,,,,
1652083200000,,,,,,,,,,
1652097600000,,,,,,,,,,
1652112000000,,,,,,,,,,
1652126400000,,,,,,,,,,
1652140800000,,29660,,29660,,29660,,29660,,29660
1652155200000,32642,,32642,,32642,,,,,
1652169600000,,,,,,,,,,
1652184000000,32380,30840,,,,,,,,
1652198400000,,,,,,,,,,
1652212800000,,30138,,30138,,30138,,,,
1652227200000,,,,,,,,,,
1652241600000,,30200,,,,,,,,
1652256000000,32147.5,,32147.5,,32147.5,,32147.5,,,
1652270400000,,28970,,,,,,,,
1652284800000,,,,,,,,,,
1652299200000,,27622,,,,,,,,
1652313600000,30122,,,,,,,,,
1652328000000,,25222,,25222,,25222,,25222,,25222
1652342400000,,,,,,,,,,
1652356800000,,,,,,,,,,
1652371200000,29846.5,,,,,,,,,
1652385600000,,27911,,,,,,,,
1652400000000,,,,,,,,,,
1652414400000,30960,,,,,,,,,
1652428800000,,,,,,,,,,
1652443200000,30991,,30991,,30991,,30991,,30991,
1652457600000,,,,,,,,,,
1652472000000,,29136.5,,29136.5,,,,,,
1652486400000,,,,,,,,,,
1652500800000,,,,,,,,,,
1652515200000,,,,,,,,,,
1652529600000,,,,,,,,,,
1652544000000,,28546,,28546,,28546,,28546,,28546
1652558400000,30282,,30282,,30282,,,,,
1652572800000,,,,,,,,,,
1652587200000,,29413,,,,,,,,
1652601600000,,,,,,,,,,
1652616000000,30560,,,,,,,,,
1652630400000,,,,,,,,,,
1652644800000,31411.5,,31411.5,,31411.5,,31411.5,,31411.5,
1652659200000,,,,,,,,,,
1652673600000,,29222,,29222,,,,,,
1652688000000,,,,,,,,,,
1652702400000,30218,,,,,,,,,
1652716800000,,29036,,29036,,29036,,29036,,29036
1652731200000,,,,,,,,,,
1652745600000,,,,,,,,,,
1652760000000,,,,,,,,,,
1652774400000,30745,,30745,,30745,,30745,,30745,
1652788800000,,,,,,,,,,
1652803200000,,29388,,29388,,29388,,29388,,
1652817600000,,,,,,,,,,
1652832000000,30673.5,,30673.5,,,,,,,
1652846400000,,29615.5,,,,,,,,
1652860800000,,,,,,,,,,
1652875200000,,,,,,,,,,
1652889600000,,,,,,,,,,
1652904000000,,28600,,28600,,28600,,28600,,28600
1652918400000,,,,,,,,,,
1652932800000,,,,,,,,,,
1652947200000,,28803,,,,,,,,
1652961600000,30580,,30580,,,,,,,
1652976000000,,,,,,,,,,
1652990400000,,,,,,,,,,
1653004800000,30750,,30750,,30750,,30750,,30750,
1653019200000,,29800,,,,,,,,
1653033600000,30509.5,,,,,,,,,
1653048000000,,,,,,,,,,
1653062400000,,28656,,28656,,28656,,28656,,28656
1653076800000,29344,,,,,,,,,
1653091200000,,28903,,,,,,,,
1653105600000,29522,,,,,,,,,
1653120000000,,29113.5,,,,,,,,
1653134400000,,,,,,,,,,
1653148800000,29613.5,,29613.5,,29613.5,,,,,
1653163200000,,29252,,,,,,,,
1653177600000,29499.5,,,,,,,,,
1653192000000,,29201.5,,29201.5,,29201.5,,,,
1653206400000,30280,,30280,,,,,,,
1653220800000,,,,,,,,,,
1653235200000,,,,,,,,,,
1653249600000,30466,,,,,,,,,
1653264000000,,,,,,,,,,
1653278400000,30631,,30631,,30631,,30631,,30631,
1653292800000,,,,,,,,,,
1653307200000,30589.5,,,,,,,,,
1653321600000,,,,,,,,,,
1653336000000,,28800,,28800,,28800,,,,
1653350400000,,,,,,,,,,
1653364800000,,,,,,,,,,
1653379200000,,,,,,,,,,
1653393600000,29623.5,28595,,28595,,28595,,28595,,28595
1653408000000,,,,,,,,,,
1653422400000,,,,,,,,,,
1653436800000,30222,,30222,,30222,,30222,,30222,
1653451200000,,,,,,,,,,
1653465600000,,29283.5,,29283.5,,,,,,
1653480000000,,,,,,,,,,
1653494400000,30051,,30051,,,,,,,
1653508800000,,,,,,,,,,
1653523200000,29857,,,,,,,,,
1653537600000,,,,,,,,,,
1653552000000,,,,,,,,,,
1653566400000,,27929.5,,27929.5,,27929.5,,27929.5,,27929.5
1653580800000,29758,,29758,,,,,,,
1653595200000,,,,,,,,,,
1653609600000,,,,,,,,,,
1653624000000,,28566,,28566,,,,,,
1653638400000,,,,,,,,,,
1653652800000,29355.5,,29355.5,,29355.5,,,,,
1653667200000,,28220,,28220,,28220,,28220,,28220
1653681600000,,,,,,,,,,
1653696000000,,,,,,,,,,
1653710400000,28912,,,,,,,,,
1653724800000,,,,,,,,,,
1653739200000,29239,,29239,,29239,,29239,,29239,
1653753600000,,28732,,,,,,,,
1653768000000,29119.5,,,,,,,,,
1653782400000,,28791,,,,,,,,
1653796800000,,,,,,,,,,
1653811200000,,,,,,,,,,
1653825600000,29450,,,,,,,,,
1653840000000,,29035.5,,,,,,,,
1653854400000,,,,,,,,,,
1653868800000,,,,,,,,,,
1653883200000,30921,,30921,,30921,,,,,
1653897600000,,,,,,,,,,
1653912000000,30902,30219,,,,,,,,
1653926400000,,,,,,,,,,
1653940800000,32244,,32244,,32244,,32244,,,
1653955200000,,,,,,,,,,
1653969600000,,31386.5,,,,,,,,
1653984000000,,,,,,,,,,
1653998400000,,31176,,31176,,31176,,,,
1654012800000,32392,,32392,,32392,,32392,,32392,
1654027200000,,,,,,,,,,
1654041600000,31960.5,,,,,,,,,
1654056000000,,31329,,,,,,,,
1654070400000,,,,,,,,,,
1654084800000,31874,,31874,,,,,,,
1654099200000,,,,,,,,,,
1654113600000,,29278,,29278,,29278,,29278,,29278
1654128000000,,,,,,,,,,
1654142400000,,,,,,,,,,
1654156800000,,,,,,,,,,
1654171200000,,29535.5,,29535.5,,29535.5,,,,
1654185600000,,,,,,,,,,
1654200000000,30701,,30701,,30701,,30701,,30701,
1654214400000,,,,,,,,,,
1654228800000,,,,,,,,,,
1654243200000,,,,,,,,,,
1654257600000,,29226,,29226,,29226,,29226,,29226
1654272000000,,,,,,,,,,
1654286400000,29850,,,,,,,,,
1654300800000,,29421,,,,,,,,
1654315200000,,,,,,,,,,
1654329600000,,,,,,,,,,
1654344000000,29944,29451,29944,29451,29944,,29944,,29944,
1654358400000,,,,,,,,,,
1654372800000,29925,,,,,,,,,
1654387200000,,,,,,,,,,
1654401600000,,,,,,,,,,
1654416000000,,29488,,29488,,29488,,29488,,
1654430400000,,,,,,,,,,
1654444800000,30175.5,,,,,,,,,
1654459200000,,,,,,,,,,
1654473600000,,,,,,,,,,
1654488000000,,,,,,,,,,
1654502400000,,,,,,,,,,
1654516800000,31746,,31746,,31746,,31746,,31746,
1654531200000,,30990,,,,,,,,
1654545600000,31574,,,,,,,,,
1654560000000,,29162,,29162,,29162,,29162,,29162
1654574400000,,,,,,,,,,
1654588800000,,29306,,,,,,,,
1654603200000,,,,,,,,,,
1654617600000,,,,,,,,,,
1654632000000,31560.5,,31560.5,,31560.5,,31560.5,,31560.5,
1654646400000,,29801.5,,,,,,,,
1654660800000,,,,,,,,,,
1654675200000,,,,,,,,,,
1654689600000,30859.5,,30859.5,,,,,,,
1654704000000,,29880,,29880,,,,,,
1654718400000,30558.5,,,,,,,,,
1654732800000,,30020,,,,,,,,
1654747200000,,,,,,,,,,
1654761600000,30674,,30674,,30674,,30674,,,
1654776000000,,29884.5,,29884.5,,,,,,
1654790400000,30422,,,,,,,,,
1654804800000,,,,,,,,,,
1654819200000,30361.5,29500,,29500,,,,,,
1654833600000,,,,,,,,,,
1654848000000,,,,,,,,,,
1654862400000,30152.5,,,,,,,,,
1654876800000,,28722,,28722,,28722,,,,
1654891200000,,,,,,,,,,
1654905600000,,,,,,,,,,
1654920000000,29399,,,,,,,,,
1654934400000,,,,,,,,,,
1654948800000,,,,,,,,,,
1654963200000,,28063,,,,,,,,
1654977600000,,,,,,,,,,
1654992000000,,,,,,,,,,
1655006400000,,27130,,,,,,,,
1655020800000,,,,,,,,,,
1655035200000,28295,26788.5,28295,,,,,,,
1655049600000,,,,,,,,,,
1655064000000,,,,,,,,,,
1655078400000,,,,,,,,,,
1655092800000,,,,,,,,,,
1655107200000,,,,,,,,,,
1655121600000,,22530.5,,,,,,,,
1655136000000,,,,,,,,,,
1655150400000,,,,,,,,,,
1655164800000,,20787,,20787,,20787,,20787,,20787
1655179200000,23333,,,,,,,,,
1655193600000,,21680,,,,,,,,
1655208000000,,,,,,,,,,
1655222400000,,,,,,,,,,
1655236800000,,21309.5,,,,,,,,
1655251200000,,,,,,,,,,
1655265600000,,,,,,,,,,
1655280000000,,20051.5,,20051.5,,20051.5,,20051.5,,20051.5
1655294400000,,,,,,,,,,
1655308800000,,20128,,,,,,,,
1655323200000,,,,,,,,,,
1655337600000,22963,,22963,,22963,,22963,,22963,
1655352000000,,,,,,,,,,
1655366400000,,,,,,,,,,
1655380800000,,20711,,,,,,,,
1655395200000,,,,,,,,,,
1655409600000,,20180,,20180,,20180,,20180,,20180
1655424000000,,,,,,,,,,
1655438400000,,,,,,,,,,
1655452800000,21320,,21320,,21320,,,,,
1655467200000,,20344,,,,,,,,
1655481600000,,,,,,,,,,
1655496000000,,,,,,,,,,
1655510400000,20746,,,,,,,,,
1655524800000,,,,,,,,,,
1655539200000,,18677,,,,,,,,
1655553600000,,,,,,,,,,
1655568000000,,,,,,,,,,
1655582400000,19472,17567,19472,17567,,17567,,17567,,17567
1655596800000,,,,,,,,,,
1655611200000,,17907,,,,,,,,
1655625600000,20059.5,,,,,,,,,
1655640000000,,,,,,,,,,
1655654400000,,,,,,,,,,
1655668800000,20788,,20788,,,,,,,
1655683200000,,19588.5,,,,,,,,
1655697600000,,,,,,,,,,
1655712000000,,,,,,,,,,
1655726400000,21060,,21060,,21060,,,,,
1655740800000,,19787.5,,19787.5,,,,,,
1655755200000,,,,,,,,,,
1655769600000,,,,,,,,,,
1655784000000,,,,,,,,,,
1655798400000,,,,,,,,,,
1655812800000,21699.5,20817.5,21699.5,,21699.5,,21699.5,,21699.5,
1655827200000,,,,,,,,,,
1655841600000,,,,,,,,,,
1655856000000,,,,,,,,,,
1655870400000,,19928,,19928,,,,,,
1655884800000,,,,,,,,,,
1655899200000,20868.5,,20868.5,,20868.5,,,,,
1655913600000,,,,,,,,,,
1655928000000,,19733.5,,19733.5,,19733.5,,19733.5,,19733.5
1655942400000,,,,,,,,,,
1655956800000,,,,,,,,,,
1655971200000,,,,,,,,,,
1655985600000,,,,,,,,,,
1656000000000,,20121,,20121,,20121,,,,
1656014400000,,,,,,,,,,
1656028800000,21348.5,,21348.5,,,,,,,
1656043200000,,20705,,,,,,,,
1656057600000,,,,,,,,,,
1656072000000,21494,,,,,,,,,
1656086400000,,20756,,,,,,,,
1656100800000,21545,,,,,,,,,
1656115200000,,21095.5,,,,,,,,
1656129600000,21600,,21600,,21600,,21600,,21600,
1656144000000,,,,,,,,,,
1656158400000,,20872,,20872,,20872,,20872,,
1656172800000,,,,,,,,,,
1656187200000,21577,,21577,,,,,,,
1656201600000,,,,,,,,,,
1656216000000,,,,,,,,,,
1656230400000,,,,,,,,,,
1656244800000,21898.5,,21898.5,,21898.5,,21898.5,,21898.5,
1656259200000,,,,,,,,,,
1656273600000,21425,,,,,,,,,
1656288000000,,20901,,20901,,,,,,
1656302400000,,,,,,,,,,
1656316800000,21539,,21539,,21539,,21539,,,
1656331200000,,,,,,,,,,
1656345600000,,20463,,,,,,,,
1656360000000,20932,,,,,,,,,
1656374400000,,20412,,20412,,20412,,,,
1656388800000,,,,,,,,,,
1656403200000,21188.5,,21188.5,,21188.5,,21188.5,,,
1656417600000,,,,,,,,,,
1656432000000,,,,,,,,,,
1656446400000,,,,,,,,,,
1656460800000,,,,,,,,,,
1656475200000,,,,,,,,,,
1656489600000,,19806,,19806,,19806,,19806,,
1656504000000,,,,,,,,,,
1656518400000,,,,,,,,,,
1656532800000,20400,,20400,,20400,,20400,,20400,
1656547200000,,,,,,,,,,
1656561600000,,,,,,,,,,
1656576000000,,,,,,,,,,
1656590400000,,18711,,,,,,,,
1656604800000,,,,,,,,,,
1656619200000,,18555,,18555,,18555,,18555,,18555
1656633600000,20925.5,,20925.5,,20925.5,,20925.5,,20925.5,
1656648000000,,,,,,,,,,
1656662400000,19792.5,18900,,18900,,,,,,
1656676800000,,,,,,,,,,
1656691200000,,,,,,,,,,
1656705600000,19678,,19678,,,,,,,
1656720000000,,19032,,,,,,,,
1656734400000,,,,,,,,,,
1656748800000,,18941,,18941,,18941,,18941,,
1656763200000,19422,,19422,,19422,,,,,
1656777600000,,,,,,,,,,
1656792000000,,,,,,,,,,
1656806400000,,,,,,,,,,
1656820800000,19374,18755,19374,18755,,18755,,18755,,18755
1656835200000,,,,,,,,,,
1656849600000,,,,,,,,,,
1656864000000,,,,,,,,,,
1656878400000,19625,,19625,,,,,,,
1656892800000,,19024.5,,,,,,,,
1656907200000,,,,,,,,,,
1656921600000,,,,,,,,,,
1656936000000,20100,,,,,,,,,
1656950400000,,,,,,,,,,
1656964800000,,,,,,,,,,
1656979200000,20445,,20445,,20445,,,,,
1656993600000,,,,,,,,,,
1657008000000,,,,,,,,,,
1657022400000,,19236,,19236,,19236,,19236,,19236
1657036800000,,,,,,,,,,
1657051200000,20723,,20723,,20723,,20723,,20723,
1657065600000,,19730.5,,,,,,,,
1657080000000,,,,,,,,,,
1657094400000,,,,,,,,,,
1657108800000,,19929.5,,,,,,,,
1657123200000,,,,,,,,,,
1657137600000,20658,,20658,,20658,,,,,
1657152000000,,,,,,,,,,
1657166400000,,20228.5,,20228.5,,,,,,
1657180800000,,,,,,,,,,
1657195200000,,20345.5,,,,,,,,
1657209600000,,,,,,,,,,
1657224000000,,,,,,,,,,
1657238400000,22552,,22552,,22552,,22552,,22552,
1657252800000,,,,,,,,,,
1657267200000,,,,,,,,,,
1657281600000,22098,21160,,21160,,21160,,21160,,
1657296000000,,,,,,,,,,
1657310400000,22005.5,,,,,,,,,
1657324800000,,21375,,,,,,,,
1657339200000,,,,,,,,,,
1657353600000,21750.5,21279,,21279,,21279,,,,
1657368000000,,,,,,,,,,
1657382400000,21962.5,,21962.5,,21962.5,,21962.5,,,
1657396800000,,,,,,,,,,
1657411200000,,21111,,21111,,,,,,
1657425600000,,,,,,,,,,
1657440000000,21391,,,,,,,,,
1657454400000,,,,,,,,,,
1657468800000,,20628,,,,,,,,
1657483200000,21160,,,,,,,,,
1657497600000,,,,,,,,,,
1657512000000,,20335,,,,,,,,
1657526400000,,,,,,,,,,
1657540800000,20738,20229,20738,,,,,,,
1657555200000,,,,,,,,,,
1657569600000,,,,,,,,,,
1657584000000,,,,,,,,,,
1657598400000,20025.5,,,,,,,,,
1657612800000,,19531,,,,,,,,
1657627200000,19987,,,,,,,,,
1657641600000,,,,,,,,,,
1657656000000,,19210.5,,19210.5,,19210.5,,,,
1657670400000,,,,,,,,,,
1657684800000,,,,,,,,,,
1657699200000,,,,,,,,,,
1657713600000,20140,18857.5,,18857.5,,18857.5,,18857.5,,18857.5
1657728000000,,,,,,,,,,
1657742400000,,,,,,,,,,
1657756800000,20413,,20413,,,,,,,
1657771200000,,,,,,,,,,
1657785600000,,,,,,,,,,
1657800000000,,19585,,19585,,19585,,,,
1657814400000,20875,,20875,,,,,,,
1657828800000,,,,,,,,,,
1657843200000,,20364.5,,,,,,,,
1657857600000,,,,,,,,,,
1657872000000,,,,,,,,,,
1657886400000,,,,,,,,,,
1657900800000,,20622,,,,,,,,
1657915200000,21200.5,,21200.5,,21200.5,,21200.5,,,
1657929600000,,,,,,,,,,
1657944000000,,20462,,20462,,20462,,20462,,20462
1657958400000,,,,,,,,,,
1657972800000,,,,,,,,,,
1657987200000,21567.5,,21567.5,,,,,,,
1658001600000,,20905,,,,,,,,
1658016000000,,,,,,,,,,
1658030400000,21667.5,,21667.5,,21667.5,,21667.5,,21667.5,
1658044800000,,,,,,,,,,
1658059200000,,,,,,,,,,
1658073600000,,,,,,,,,,
1658088000000,,20738,,20738,,20738,,20738,,20738
1658102400000,,,,,,,,,,
1658116800000,,,,,,,,,,
1658131200000,,,,,,,,,,
1658145600000,22768,,22768,,,,,,,
1658160000000,,21389.5,,21389.5,,,,,,
1658174400000,,,,,,,,,,
1658188800000,22950,,22950,,,,,,,
1658203200000,,21567,,,,,,,,
1658217600000,,,,,,,,,,
1658232000000,,,,,,,,,,
1658246400000,,,,,,,,,,
1658260800000,23820,,,,,,,,,
1658275200000,,22932,,,,,,,,
1658289600000,,,,,,,,,,
1658304000000,,,,,,,,,,
1658318400000,24269,,24269,,24269,,24269,,24269,
1658332800000,,,,,,,,,,
1658347200000,,,,,,,,,,
1658361600000,,,,,,,,,,
1658376000000,,,,,,,,,,
1658390400000,,,,,,,,,,
1658404800000,,22308.5,,22308.5,,22308.5,,22308.5,,22308.5
1658419200000,,,,,,,,,,
1658433600000,,,,,,,,,,
1658448000000,23340,,,,,,,,,
1658462400000,,22801,,22801,,,,,,
1658476800000,,,,,,,,,,
1658491200000,23763,,23763,,23763,,23763,,23763,
1658505600000,,,,,,,,,,
1658520000000,,22495.5,,22495.5,,,,,,
1658534400000,,,,,,,,,,
1658548800000,22996.5,,22996.5,,,,,,,
1658563200000,,,,,,,,,,
1658577600000,,,,,,,,,,
1658592000000,,21940,,21940,,21940,,21940,,21940
1658606400000,,,,,,,,,,
1658620800000,,,,,,,,,,
1658635200000,22822.5,22222.5,,,,,,,,
1658649600000,,,,,,,,,,
1658664000000,22929,22429.5,,,,,,,,
1658678400000,,,,,,,,,,
1658692800000,23023,,23023,,23023,,23023,,23023,
1658707200000,,,,,,,,,,
1658721600000,,21735.5,,,,,,,,
1658736000000,22098,,,,,,,,,
1658750400000,,,,,,,,,,
1658764800000,,,,,,,,,,
1658779200000,22252.5,,22252.5,,22252.5,,22252.5,,,
1658793600000,,20818.5,,20818.5,,,,,,
1658808000000,,,,,,,,,,
1658822400000,,,,,,,,,,
1658836800000,21189.5,20707.5,,20707.5,,20707.5,,20707.5,,20707.5
1658851200000,,,,,,,,,,
1658865600000,21290,,,,,,,,,
1658880000000,,,,,,,,,,
1658894400000,21464,,,,,,,,,
1658908800000,,,,,,,,,,
1658923200000,,,,,,,,,,
1658937600000,23103.5,,,,,,,,,
1658952000000,,,,,,,,,,
1658966400000,23451,,23451,,,,,,,
1658980800000,,,,,,,,,,
1658995200000,,,,,,,,,,
1659009600000,,22557,,22557,,22557,,22557,,
1659024000000,,,,,,,,,,
1659038400000,24200,,,,,,,,,
1659052800000,,23704.5,,,,,,,,
1659067200000,24475.5,,24475.5,,24475.5,,24475.5,,24475.5,
1659081600000,,,,,,,,,,
1659096000000,24223.5,23426.5,,23426.5,,23426.5,,23426.5,,23426.5
1659110400000,,,,,,,,,,
1659124800000,24135,,,,,,,,,
1659139200000,,,,,,,,,,
1659153600000,,23615,,23615,,,,,,
1659168000000,,,,,,,,,,
1659182400000,24700,,24700,,24700,,24700,,24700,
1659196800000,,,,,,,,,,
1659211200000,,,,,,,,,,
1659225600000,,23503.5,,23503.5,,23503.5,,,,
1659240000000,,,,,,,,,,
1659254400000,23859.5,23551,,,,,,,,
1659268800000,,,,,,,,,,
1659283200000,24186,,24186,,24186,,24186,,24186,
1659297600000,,23230,,,,,,,,
1659312000000,,,,,,,,,,
1659326400000,,,,,,,,,,
1659340800000,,22941,,,,,,,,
1659355200000,23513.5,,23513.5,,23513.5,,,,,
1659369600000,,22855,,,,,,,,
1659384000000,,,,,,,,,,
1659398400000,23443,,23443,,,,,,,
1659412800000,,,,,,,,,,
1659427200000,,22625,,22625,,22625,,22625,,22625
1659441600000,,,,,,,,,,
1659456000000,23459.5,,23459.5,,23459.5,,,,,
1659470400000,,,,,,,,,,
1659484800000,,22675,,22675,,,,,,
1659499200000,,,,,,,,,,
1659513600000,,,,,,,,,,
1659528000000,23649,,23649,,23649,,23649,,23649,
1659542400000,,,,,,,,,,
1659556800000,,22704.5,,22704.5,,22704.5,,22704.5,,
1659571200000,,,,,,,,,,
1659585600000,,,,,,,,,,
1659600000000,,,,,,,,,,
1659614400000,23135,,,,,,,,,
1659628800000,,22369,,22369,,22369,,22369,,22369
1659643200000,,,,,,,,,,
1659657600000,,,,,,,,,,
1659672000000,,,,,,,,,,
1659686400000,,,,,,,,,,
1659700800000,23489.5,,23489.5,,23489.5,,23489.5,,23489.5,
1659715200000,,22738,,22738,,22738,,,,
1659729600000,,,,,,,,,,
1659744000000,23344,,23344,,,,,,,
1659758400000,,,,,,,,,,
1659772800000,23245.5,23100,,,,,,,,
1659787200000,,,,,,,,,,
1659801600000,23249,,23249,,23249,,,,,
1659816000000,,,,,,,,,,
1659830400000,,22848,,22848,,22848,,22848,,22848
1659844800000,,,,,,,,,,
1659859200000,,22884.5,,,,,,,,
1659873600000,,,,,,,,,,
1659888000000,,22993.5,,,,,,,,
1659902400000,23398,,,,,,,,,
1659916800000,,,,,,,,,,
1659931200000,,,,,,,,,,
1659945600000,,,,,,,,,,
1659960000000,24240,,24240,,24240,,24240,,24240,
1659974400000,,,,,,,,,,
1659988800000,24095.5,,,,,,,,,
1660003200000,,23622,,,,,,,,
1660017600000,23917.5,,,,,,,,,
1660032000000,,,,,,,,,,
1660046400000,,22846.5,,22846.5,,,,,,
1660060800000,,,,,,,,,,
1660075200000,23258,,,,,,,,,
1660089600000,,22517,,22517,,22517,,22517,,22517
1660104000000,,,,,,,,,,
1660118400000,,,,,,,,,,
1660132800000,24180,,,,,,,,,
1660147200000,,,,,,,,,,
1660161600000,,,,,,,,,,
1660176000000,,,,,,,,,,
1660190400000,24750,,,,,,,,,
1660204800000,,,,,,,,,,
1660219200000,24929.5,,24929.5,,24929.5,,24929.5,,24929.5,
1660233600000,,,,,,,,,,
1660248000000,,,,,,,,,,
1660262400000,,23750,,,,,,,,
1660276800000,,,,,,,,,,
1660291200000,24136,23567.5,,23567.5,,23567.5,,23567.5,,23567.5
1660305600000,,,,,,,,,,
1660320000000,,,,,,,,,,
1660334400000,,,,,,,,,,
1660348800000,,,,,,,,,,
1660363200000,24883.5,,24883.5,,24883.5,,24883.5,,24883.5,
1660377600000,,24291,,24291,,,,,,
1660392000000,,,,,,,,,,
1660406400000,,,,,,,,,,
1660420800000,,24315.5,,,,,,,,
1660435200000,,,,,,,,,,
1660449600000,25042.5,,25042.5,,25042.5,,25042.5,,,
1660464000000,,,,,,,,,,
1660478400000,,,,,,,,,,
1660492800000,,24132.5,,24132.5,,,,,,
1660507200000,,,,,,,,,,
1660521600000,25211,,25211,,25211,,25211,,25211,
1660536000000,,,,,,,,,,
1660550400000,,23864,,23864,,,,,,
1660564800000,,,,,,,,,,
1660579200000,24266,,,,,,,,,
1660593600000,,23748,,23748,,23748,,,,
1660608000000,24231,,,,,,,,,
1660622400000,,23789,,,,,,,,
1660636800000,24135,,,,,,,,,
1660651200000,,23645,,23645,,23645,,23645,,23645
1660665600000,,,,,,,,,,
1660680000000,,,,,,,,,,
1660694400000,,,,,,,,,,
1660708800000,24439,,24439,,24439,,24439,,24439,
1660723200000,,,,,,,,,,
1660737600000,,,,,,,,,,
1660752000000,,,,,,,,,,
1660766400000,,23161,,23161,,23161,,23161,,23161
1660780800000,23500,,,,,,,,,
1660795200000,,,,,,,,,,
1660809600000,,,,,,,,,,
1660824000000,23584,,23584,,23584,,23584,,,
1660838400000,,,,,,,,,,
1660852800000,,,,,,,,,,
1660867200000,,,,,,,,,,
1660881600000,,,,,,,,,,
1660896000000,,,,,,,,,,
1660910400000,,,,,,,,,,
1660924800000,21636.5,,,,,,,,,
1660939200000,,20751,,20751,,20751,,20751,,20751
1660953600000,,,,,,,,,,
1660968000000,21353,,,,,,,,,
1660982400000,,,,,,,,,,
1660996800000,,,,,,,,,,
1661011200000,21348.5,,21348.5,,,,,,,
1661025600000,,20759,,20759,,20759,,20759,,20759
1661040000000,21310,,,,,,,,,
1661054400000,,21042,,,,,,,,
1661068800000,,,,,,,,,,
1661083200000,21577.5,,,,,,,,,
1661097600000,,,,,,,,,,
1661112000000,21798.5,21267.5,21798.5,,21798.5,,21798.5,,21798.5,
1661126400000,,,,,,,,,,
1661140800000,,,,,,,,,,
1661155200000,,20874.5,,20874.5,,20874.5,,20874.5,,
1661169600000,,,,,,,,,,
1661184000000,21536.5,20953,21536.5,,21536.5,,,,,
1661198400000,,,,,,,,,,
1661212800000,21456,,,,,,,,,
1661227200000,,20870,,20870,,20870,,20870,,20870
1661241600000,,,,,,,,,,
1661256000000,21673,,21673,,21673,,21673,,21673,
1661270400000,,,,,,,,,,
1661284800000,21636.5,,,,,,,,,
1661299200000,,21133.5,,21133.5,,21133.5,,21133.5,,
1661313600000,,,,,,,,,,
1661328000000,,,,,,,,,,
1661342400000,,,,,,,,,,
1661356800000,21887,,21887,,21887,,21887,,21887,
1661371200000,,,,,,,,,,
1661385600000,,21294,,21294,,21294,,,,
1661400000000,,,,,,,,,,
1661414400000,21805,,21805,,21805,,,,,
1661428800000,,,,,,,,,,
1661443200000,,21398.5,,21398.5,,,,,,
1661457600000,21670.5,,,,,,,,,
1661472000000,,,,,,,,,,
1661486400000,,,,,,,,,,
1661500800000,,,,,,,,,,
1661515200000,21870,,21870,,21870,,21870,,21870,
1661529600000,,,,,,,,,,
1661544000000,,20094.5,,,,,,,,
1661558400000,,,,,,,,,,
1661572800000,,19919,,,,,,,,
1661587200000,,,,,,,,,,
1661601600000,,19781,,19781,,19781,,19781,,19781
1661616000000,,,,,,,,,,
1661630400000,,,,,,,,,,
1661644800000,20158.5,,20158.5,,,,,,,
1661659200000,,,,,,,,,,
1661673600000,20094.5,,,,,,,,,
1661688000000,,19775.5,,,,,,,,
1661702400000,20154,,20154,,20154,,,,,
1661716800000,,19517.5,,19517.5,,19517.5,,19517.5,,19517.5
1661731200000,,,,,,,,,,
1661745600000,,,,,,,,,,
1661760000000,,,,,,,,,,
1661774400000,,,,,,,,,,
1661788800000,20433,,20433,,,,,,,
1661803200000,,20073.5,,,,,,,,
1661817600000,,,,,,,,,,
1661832000000,20573,,20573,,20573,,20573,,20573,
1661846400000,,,,,,,,,,
1661860800000,,,,,,,,,,
1661875200000,,19513,,19513,,19513,,19513,,19513
1661889600000,,,,,,,,,,
1661904000000,,,,,,,,,,
1661918400000,20480,,20480,,20480,,20480,,,
1661932800000,,,,,,,,,,
1661947200000,20435,19855.5,,19855.5,,,,,,
1661961600000,,,,,,,,,,
1661976000000,,,,,,,,,,
1661990400000,,,,,,,,,,
1662004800000,,19773,,,,,,,,
1662019200000,,,,,,,,,,
1662033600000,,,,,,,,,,
1662048000000,,19550.5,,19550.5,,19550.5,,19550.5,,19550.5
1662062400000,,,,,,,,,,
1662076800000,,,,,,,,,,
1662091200000,20286,,,,,,,,,
1662105600000,,19972,,,,,,,,
1662120000000,20428,,20428,,20428,,20428,,20428,
1662134400000,,19737.5,,19737.5,,19737.5,,,,
1662148800000,,,,,,,,,,
1662163200000,20043.5,,,,,,,,,
1662177600000,,,,,,,,,,
1662192000000,,19714,,,,,,,,
1662206400000,19885.5,,,,,,,,,
1662220800000,,19642,,19642,,,,,,
1662235200000,,,,,,,,,,
1662249600000,19844,,,,,,,,,
1662264000000,,,,,,,,,,
1662278400000,,19579,,19579,,19579,,19579,,19579
1662292800000,,,,,,,,,,
1662307200000,,,,,,,,,,
1662321600000,,,,,,,,,,
1662336000000,20049,,20049,,20049,,20049,,20049,
1662350400000,,,,,,,,,,
1662364800000,,19626,,19626,,19626,,19626,,19626
1662379200000,19939.5,,19939.5,,,,,,,
1662393600000,,,,,,,,,,
1662408000000,,,,,,,,,,
1662422400000,20176,19649.5,20176,19649.5,20176,19649.5,20176,,20176,
1662436800000,,,,,,,,,,
1662451200000,20028.5,,,,,,,,,
1662465600000,,,,,,,,,,
1662480000000,,,,,,,,,,
1662494400000,,,,,,,,,,
1662508800000,,18461,,18461,,18461,,18461,,18461
1662523200000,,,,,,,,,,
1662537600000,,,,,,,,,,
1662552000000,,18667,,,,,,,,
1662566400000,,,,,,,,,,
1662580800000,19460,,19460,,19460,,19460,,19460,
1662595200000,,,,,,,,,,
1662609600000,,19043,,,,,,,,
1662624000000,19399,,19399,,,,,,,
1662638400000,,19003,,19003,,19003,,,,
1662652800000,,,,,,,,,,
1662667200000,,,,,,,,,,
1662681600000,,,,,,,,,,
1662696000000,,,,,,,,,,
1662710400000,,,,,,,,,,
1662724800000,,,,,,,,,,
1662739200000,,,,,,,,,,
1662753600000,21665,,,,,,,,,
1662768000000,,21162.5,,,,,,,,
1662782400000,21675.5,,21675.5,,21675.5,,,,,
1662796800000,,,,,,,,,,
1662811200000,,21112,,21112,,21112,,21112,,21112
1662825600000,,,,,,,,,,
1662840000000,21804,,21804,,21804,,21804,,,
1662854400000,,,,,,,,,,
1662868800000,,21352,,21352,,,,,,
1662883200000,,,,,,,,,,
1662897600000,,21452,,,,,,,,
1662912000000,21865.5,,,,,,,,,
1662926400000,,21429,,21429,,21429,,,,
1662940800000,22375,,,,,,,,,
1662955200000,,,,,,,,,,
1662969600000,,,,,,,,,,
1662984000000,22494,,22494,,22494,,,,,
1662998400000,,,,,,,,,,
1663012800000,22485.5,,,,,,,,,
1663027200000,,22054,,,,,,,,
1663041600000,,,,,,,,,,
1663056000000,,,,,,,,,,
1663070400000,22810.5,,22810.5,,22810.5,,22810.5,,22810.5,
1663084800000,,,,,,,,,,
1663099200000,,19825,,19825,,19825,,19825,,
1663113600000,20527,,,,,,,,,
1663128000000,,,,,,,,,,
1663142400000,20402.5,20060,,,,,,,,
1663156800000,,,,,,,,,,
1663171200000,,19600.5,,19600.5,,19600.5,,19600.5,,
1663185600000,20375.5,,,,,,,,,
1663200000000,,,,,,,,,,
1663214400000,20331,,,,,,,,,
1663228800000,,,,,,,,,,
1663243200000,,19471.5,,19471.5,,19471.5,,19471.5,,19471.5
1663257600000,,,,,,,,,,
1663272000000,,19560,,,,,,,,
1663286400000,,,,,,,,,,
1663300800000,,,,,,,,,,
1663315200000,19876,,19876,,,,,,,
1663329600000,,,,,,,,,,
1663344000000,,19300,,19300,,19300,,19300,,19300
1663358400000,,,,,,,,,,
1663372800000,20058,,20058,,20058,,,,,
1663387200000,,,,,,,,,,
1663401600000,,,,,,,,,,
1663416000000,,19741,,19741,,19741,,,,
1663430400000,20174,,20174,,20174,,20174,,20174,
1663444800000,,,,,,,,,,
1663459200000,,,,,,,,,,
1663473600000,,,,,,,,,,
1663488000000,20092.5,,,,,,,,,
1663502400000,,,,,,,,,,
1663516800000,,,,,,,,,,
1663531200000,,,,,,,,,,
1663545600000,,,,,,,,,,
1663560000000,,18210,,18210,,18210,,18210,,18210
1663574400000,,,,,,,,,,
1663588800000,,,,,,,,,,
1663603200000,,,,,,,,,,
1663617600000,19669.5,,19669.5,,19669.5,,19669.5,,19669.5,
1663632000000,,19167,,,,,,,,
1663646400000,,,,,,,,,,
1663660800000,,,,,,,,,,
1663675200000,,,,,,,,,,
1663689600000,19309,18693.5,,18693.5,,18693.5,,18693.5,,18693.5
1663704000000,,,,,,,,,,
1663718400000,,,,,,,,,,
1663732800000,,18785.5,,,,,,,,
1663747200000,,,,,,,,,,
1663761600000,,,,,,,,,,
1663776000000,20052.5,,20052.5,,20052.5,,20052.5,,20052.5,
1663790400000,,18090,,18090,,18090,,18090,,18090
1663804800000,,,,,,,,,,
1663819200000,,,,,,,,,,
1663833600000,,,,,,,,,,
1663848000000,,,,,,,,,,
1663862400000,,18761,,18761,,,,,,
1663876800000,19512.5,,19512.5,,19512.5,,19512.5,,19512.5,
1663891200000,,,,,,,,,,
1663905600000,19493,,,,,,,,,
1663920000000,,,,,,,,,,
1663934400000,,18519.5,,18519.5,,18519.5,,18519.5,,18519.5
1663948800000,,,,,,,,,,
1663963200000,19396.5,,19396.5,,19396.5,,,,,
1663977600000,,,,,,,,,,
1663992000000,,18912,,,,,,,,
1664006400000,,,,,,,,,,
1664020800000,19220,,19220,,,,,,,
1664035200000,,,,,,,,,,
1664049600000,,18798.5,,18798.5,,18798.5,,18798.5,,18798.5
1664064000000,,,,,,,,,,
1664078400000,,,,,,,,,,
1664092800000,19180,,19180,,19180,,,,,
1664107200000,,,,,,,,,,
1664121600000,,,,,,,,,,
1664136000000,,18613,,18613,,18613,,18613,,18613
1664150400000,,,,,,,,,,
1664164800000,,18668,,,,,,,,
1664179200000,19312.5,,19312.5,,19312.5,,,,,
1664193600000,,,,,,,,,,
1664208000000,,,,,,,,,,
1664222400000,,,,,,,,,,
1664236800000,,,,,,,,,,
1664251200000,20359.5,,,,,,,,,
1664265600000,,,,,,,,,,
1664280000000,20379,,20379,,20379,,20379,,20379,
1664294400000,,18784.5,,,,,,,,
1664308800000,,,,,,,,,,
1664323200000,19225.5,18452,,18452,,18452,,18452,,18452
1664337600000,,,,,,,,,,
1664352000000,,18540,,,,,,,,
1664366400000,,,,,,,,,,
1664380800000,,,,,,,,,,
1664395200000,19785,,19785,,19785,,19785,,19785,
1664409600000,,,,,,,,,,
1664424000000,19609,19261,,,,,,,,
1664438400000,,,,,,,,,,
1664452800000,,18833,,18833,,18833,,18833,,18833
1664467200000,19640.5,,,,,,,,,
1664481600000,,,,,,,,,,
1664496000000,19703.5,19296.5,19703.5,,,,,,,
1664510400000,,,,,,,,,,
1664524800000,,,,,,,,,,
1664539200000,20177.5,19150,20177.5,19150,20177.5,19150,20177.5,19150,20177.5,
1664553600000,,,,,,,,,,
1664568000000,,19238.5,,,,,,,,
1664582400000,,,,,,,,,,
1664596800000,,,,,,,,,,
1664611200000,,19119,,19119,,19119,,19119,,19119
1664625600000,19391,,,,,,,,,
1664640000000,,,,,,,,,,
1664654400000,,19182,,19182,,,,,,
1664668800000,,,,,,,,,,
1664683200000,19387,,19387,,19387,,,,,
1664697600000,,19028,,19028,,,,,,
1664712000000,,,,,,,,,,
1664726400000,19337,,19337,,,,,,,
1664740800000,,18859,,18859,,18859,,18859,,18859
1664755200000,,,,,,,,,,
1664769600000,19310.5,,,,,,,,,
1664784000000,,,,,,,,,,
1664798400000,,19112.5,,,,,,,,
1664812800000,,,,,,,,,,
1664827200000,19738,,,,,,,,,
1664841600000,,19485,,,,,,,,
1664856000000,,,,,,,,,,
1664870400000,,,,,,,,,,
1664884800000,20295,,,,,,,,,
1664899200000,,19868,,,,,,,,
1664913600000,20465,,20465,,20465,,20465,,20465,
1664928000000,,,,,,,,,,
1664942400000,,,,,,,,,,
1664956800000,,,,,,,,,,
1664971200000,,19733,,19733,,19733,,19733,,19733
1664985600000,20354.5,,,,,,,,,
1665000000000,,,,,,,,,,
1665014400000,20440,,20440,,20440,,20440,,20440,
1665028800000,,,,,,,,,,
1665043200000,,,,,,,,,,
1665057600000,20324,19866,,,,,,,,
1665072000000,,,,,,,,,,
1665086400000,,19850,,,,,,,,
1665100800000,,,,,,,,,,
1665115200000,,19783,,,,,,,,
1665129600000,,,,,,,,,,
1665144000000,20069,,20069,,20069,,20069,,,
1665158400000,,19272.5,,19272.5,,19272.5,,19272.5,,19272.5
1665172800000,19637.5,,,,,,,,,
1665187200000,,,,,,,,,,
1665201600000,,19412,,,,,,,,
1665216000000,19539,,,,,,,,,
1665230400000,,19405,,,,,,,,
1665244800000,,,,,,,,,,
1665259200000,,19187,,19187,,19187,,19187,,19187
1665273600000,,,,,,,,,,
1665288000000,,19314,,,,,,,,
1665302400000,19553.5,,19553.5,,19553.5,,19553.5,,19553.5,
1665316800000,,,,,,,,,,
1665331200000,19551,19333,,19333,,,,,,
1665345600000,,,,,,,,,,
1665360000000,19518.5,,,,,,,,,
1665374400000,,,,,,,,,,
1665388800000,,19113,,,,,,,,
1665403200000,19439,,,,,,,,,
1665417600000,,,,,,,,,,
1665432000000,,,,,,,,,,
1665446400000,,18934,,18934,,,,,,
1665460800000,,,,,,,,,,
1665475200000,,,,,,,,,,
1665489600000,19255,18832.5,19255,18832.5,19255,18832.5,,18832.5,,18832.5
1665504000000,,,,,,,,,,
1665518400000,,,,,,,,,,
1665532800000,,,,,,,,,,
1665547200000,19193.5,,19193.5,,19193.5,,,,,
1665561600000,,,,,,,,,,
1665576000000,,18922.5,,18922.5,,18922.5,,18922.5,,
1665590400000,,,,,,,,,,
1665604800000,19229.5,,19229.5,,19229.5,,19229.5,,,
1665619200000,,,,,,,,,,
1665633600000,,,,,,,,,,
1665648000000,,,,,,,,,,
1665662400000,,18009,,18009,,18009,,18009,,18009
1665676800000,19499,,,,,,,,,
1665691200000,,,,,,,,,,
1665705600000,19940,,19940,,19940,,19940,,19940,
1665720000000,,,,,,,,,,
1665734400000,,,,,,,,,,
1665748800000,19843.5,,19843.5,,,,,,,
1665763200000,,,,,,,,,,
1665777600000,,19050,,19050,,,,,,
1665792000000,19216.5,,,,,,,,,
1665806400000,,,,,,,,,,
1665820800000,,19029.5,,19029.5,,,,,,
1665835200000,19190,,,,,,,,,
1665849600000,,,,,,,,,,
1665864000000,,18950,,18950,,18950,,18950,,18950
1665878400000,19157,,,,,,,,,
1665892800000,,,,,,,,,,
1665907200000,19181,19077.5,,,,,,,,
1665921600000,,,,,,,,,,
1665936000000,,,,,,,,,,
1665950400000,19409.5,19079,19409.5,19079,,,,,,
1665964800000,,,,,,,,,,
1665979200000,,,,,,,,,,
1665993600000,,,,,,,,,,
1666008000000,19666,,19666,,19666,,,,,
1666022400000,,,,,,,,,,
1666036800000,19620.5,,,,,,,,,
1666051200000,,,,,,,,,,
1666065600000,19708,,19708,,19708,,19708,,19708,
1666080000000,,,,,,,,,,
1666094400000,19671,,,,,,,,,
1666108800000,,19082,,19082,,19082,,19082,,
1666123200000,,,,,,,,,,
1666137600000,,,,,,,,,,
1666152000000,,19135.5,,,,,,,,
1666166400000,,,,,,,,,,
1666180800000,19295,19054,19295,19054,,,,,,
1666195200000,,,,,,,,,,
1666209600000,,,,,,,,,,
1666224000000,,18865,,18865,,18865,,18865,,18865
1666238400000,,,,,,,,,,
1666252800000,,,,,,,,,,
1666267200000,19339.5,,19339.5,,19339.5,,19339.5,,19339.5,
1666281600000,,,,,,,,,,
1666296000000,,18905,,18905,,,,,,
1666310400000,19131,,,,,,,,,
1666324800000,,,,,,,,,,
1666339200000,,,,,,,,,,
1666353600000,,18642.5,,18642.5,,18642.5,,18642.5,,18642.5
1666368000000,,,,,,,,,,
1666382400000,19240,,19240,,19240,,,,,
1666396800000,,19091.5,,,,,,,,
1666411200000,,,,,,,,,,
1666425600000,,,,,,,,,,
1666440000000,19247,,19247,,19247,,19247,,19247,
1666454400000,,19122.5,,19122.5,,,,,,
1666468800000,,,,,,,,,,
1666483200000,,,,,,,,,,
1666497600000,19217,,,,,,,,,
1666512000000,,,,,,,,,,
1666526400000,,19038.5,,19038.5,,19038.5,,19038.5,,19038.5
1666540800000,,,,,,,,,,
1666555200000,19688.5,,19688.5,,19688.5,,19688.5,,19688.5,
1666569600000,,,,,,,,,,
1666584000000,,19250.5,,,,,,,,
1666598400000,19440,,,,,,,,,
1666612800000,,19127,,19127,,19127,,19127,,19127
1666627200000,,,,,,,,,,
1666641600000,,,,,,,,,,
1666656000000,,19240.5,,,,,,,,
1666670400000,19362.5,,,,,,,,,
1666684800000,,19230.5,,19230.5,,19230.5,,,,
1666699200000,,,,,,,,,,
1666713600000,20417,,20417,,20417,,,,,
1666728000000,,,,,,,,,,
1666742400000,,,,,,,,,,
1666756800000,,,,,,,,,,
1666771200000,,,,,,,,,,
1666785600000,21020.5,,21020.5,,21020.5,,21020.5,,21020.5,
1666800000000,,,,,,,,,,
1666814400000,,,,,,,,,,
1666828800000,,20589,,,,,,,,
1666843200000,20865,,,,,,,,,
1666857600000,,20373,,20373,,,,,,
1666872000000,20778,,,,,,,,,
1666886400000,,,,,,,,,,
1666900800000,,,,,,,,,,
1666915200000,,,,,,,,,,
1666929600000,,,,,,,,,,
1666944000000,,,,,,,,,,
1666958400000,,19968,,19968,,19968,,19968,,19968
1666972800000,20748,,,,,,,,,
1666987200000,,,,,,,,,,
1667001600000,20830.5,20554.5,,,,,,,,
1667016000000,,,,,,,,,,
1667030400000,21088,,21088,,21088,,21088,,21088,
1667044800000,,,,,,,,,,
1667059200000,20984.5,,,,,,,,,
1667073600000,,,,,,,,,,
1667088000000,,,,,,,,,,
1667102400000,20928,,20928,,,,,,,
1667116800000,,,,,,,,,,
1667131200000,,,,,,,,,,
1667145600000,,,,,,,,,,
1667160000000,20747,,,,,,,,,
1667174400000,,20425.5,,20425.5,,,,,,
1667188800000,,,,,,,,,,
1667203200000,20832,,20832,,20832,,20832,,20832,
1667217600000,,20230,,20230,,20230,,20230,,20230
1667232000000,,,,,,,,,,
1667246400000,,,,,,,,,,
1667260800000,,,,,,,,,,
1667275200000,,,,,,,,,,
1667289600000,20680,,20680,,20680,,20680,,,
1667304000000,,20319,,20319,,20319,,20319,,
1667318400000,,,,,,,,,,
1667332800000,,,,,,,,,,
1667347200000,,,,,,,,,,
1667361600000,20560,20322,20560,20322,,,,,,
1667376000000,,,,,,,,,,
1667390400000,,,,,,,,,,
1667404800000,20797,,20797,,20797,,20797,,20797,
1667419200000,,20019,,20019,,20019,,,,
1667433600000,,,,,,,,,,
1667448000000,20380,,20380,,,,,,,
1667462400000,,,,,,,,,,
1667476800000,20339.5,20013,,20013,,20013,,20013,,20013
1667491200000,,,,,,,,,,
1667505600000,,20150,,,,,,,,
1667520000000,,,,,,,,,,
1667534400000,20683.5,,,,,,,,,
1667548800000,,,,,,,,,,
1667563200000,21296,20339,21296,,,,,,,
1667577600000,,,,,,,,,,
1667592000000,,,,,,,,,,
1667606400000,21468,,21468,,21468,,21468,,21468,
1667620800000,,,,,,,,,,
1667635200000,,,,,,,,,,
1667649600000,,21206,,21206,,,,,,
1667664000000,,,,,,,,,,
1667678400000,21370,,,,,,,,,
1667692800000,,,,,,,,,,
1667707200000,,21129.5,,21129.5,,,,,,
1667721600000,21301,,,,,,,,,
1667736000000,,,,,,,,,,
1667750400000,,,,,,,,,,
1667764800000,,,,,,,,,,
1667779200000,,,,,,,,,,
1667793600000,,,,,,,,,,
1667808000000,,20569,,20569,,,,,,
1667822400000,,,,,,,,,,
1667836800000,20878.5,,20878.5,,,,,,,
1667851200000,,,,,,,,,,
1667865600000,,,,,,,,,,
1667880000000,,19306.5,,,,,,,,
1667894400000,,,,,,,,,,
1667908800000,,,,,,,,,,
1667923200000,20675,16800,20675,16800,20675,16800,20675,16800,,16800
1667937600000,,,,,,,,,,
1667952000000,,,,,,,,,,
1667966400000,,,,,,,,,,
1667980800000,,,,,,,,,,
1667995200000,,,,,,,,,,
1668009600000,,,,,,,,,,
1668024000000,,15450,,15450,,15450,,15450,,15450
1668038400000,,,,,,,,,,
1668052800000,,,,,,,,,,
1668067200000,,16100,,,,,,,,
1668081600000,,,,,,,,,,
1668096000000,,,,,,,,,,
1668110400000,18118,,18118,,18118,,18118,,18118,
1668124800000,,16801.5,,16801.5,,,,,,
1668139200000,,,,,,,,,,
1668153600000,,,,,,,,,,
1668168000000,17484,16300,17484,16300,,16300,,16300,,16300
1668182400000,,,,,,,,,,
1668196800000,17113.5,,,,,,,,,
1668211200000,,,,,,,,,,
1668225600000,,16566,,,,,,,,
1668240000000,,,,,,,,,,
1668254400000,16949.5,,16949.5,,,,,,,
1668268800000,,,,,,,,,,
1668283200000,,16715,,,,,,,,
1668297600000,16909,,16909,,,,,,,
1668312000000,,,,,,,,,,
1668326400000,,16389,,16389,,,,,,
1668340800000,,,,,,,,,,
1668355200000,,,,,,,,,,
1668369600000,,,,,,,,,,
1668384000000,,,,,,,,,,
1668398400000,,15770.5,,15770.5,,15770.5,,15770.5,,15770.5
1668412800000,,,,,,,,,,
1668427200000,17174,,17174,,17174,,17174,,17174,
1668441600000,,16119.5,,16119.5,,,,,,
1668456000000,,,,,,,,,,
1668470400000,,,,,,,,,,
1668484800000,,,,,,,,,,
1668499200000,,,,,,,,,,
1668513600000,17120,,17120,,17120,,17120,,17120,
1668528000000,,16554.5,,16554.5,,16554.5,,,,
1668542400000,,,,,,,,,,
1668556800000,16984,,,,,,,,,
1668571200000,,,,,,,,,,
1668585600000,,,,,,,,,,
1668600000000,,16350,,16350,,16350,,16350,,16350
1668614400000,,,,,,,,,,
1668628800000,16753.5,,16753.5,,,,,,,
1668643200000,,,,,,,,,,
1668657600000,,16390.5,,16390.5,,,,,,
1668672000000,,,,,,,,,,
1668686400000,,16394,,,,,,,,
1668700800000,16725,,,,,,,,,
1668715200000,,,,,,,,,,
1668729600000,16959.5,,16959.5,,16959.5,,16959.5,,16959.5,
1668744000000,,,,,,,,,,
1668758400000,,,,,,,,,,
1668772800000,,,,,,,,,,
1668787200000,,16537.5,,16537.5,,,,,,
1668801600000,,,,,,,,,,
1668816000000,,,,,,,,,,
1668830400000,,16524,,16524,,16524,,16524,,16524
1668844800000,16659.5,,,,,,,,,
1668859200000,,,,,,,,,,
1668873600000,,16582.5,,,,,,,,
1668888000000,16800,,16800,,16800,,16800,,16800,
1668902400000,,,,,,,,,,
1668916800000,,,,,,,,,,
1668931200000,,16408,,16408,,,,,,
1668945600000,,,,,,,,,,
1668960000000,,,,,,,,,,
1668974400000,,,,,,,,,,
1668988800000,,15849,,15849,,15849,,,,
1669003200000,16300,,,,,,,,,
1669017600000,,,,,,,,,,
1669032000000,16249.5,,,,,,,,,
1669046400000,,,,,,,,,,
1669060800000,,15437,,15437,,15437,,15437,,15437
1669075200000,15958,,,,,,,,,
1669089600000,,15600,,,,,,,,
1669104000000,,,,,,,,,,
1669118400000,16270,,16270,,,,,,,
1669132800000,,,,,,,,,,
1669147200000,,,,,,,,,,
1669161600000,,,,,,,,,,
1669176000000,,,,,,,,,,
1669190400000,16660,,,,,,,,,
1669204800000,,,,,,,,,,
1669219200000,16684,16300.5,,16300.5,,16300.5,,,,
1669233600000,,,,,,,,,,
1669248000000,16787,,16787,,16787,,16787,,16787,
1669262400000,,,,,,,,,,
1669276800000,,,,,,,,,,
1669291200000,,16451.5,,16451.5,,16451.5,,,,
1669305600000,16656.5,,16656.5,,,,,,,
1669320000000,,,,,,,,,,
1669334400000,,,,,,,,,,
1669348800000,,16333,,16333,,16333,,16333,,16333
1669363200000,16570,,,,,,,,,
1669377600000,,,,,,,,,,
1669392000000,,,,,,,,,,
1669406400000,,,,,,,,,,
1669420800000,16693,,16693,,16693,,16693,,16693,
1669435200000,,,,,,,,,,
1669449600000,,,,,,,,,,
1669464000000,16674,,16674,,,,,,,
1669478400000,,,,,,,,,,
1669492800000,,16359.5,,16359.5,,16359.5,,16359.5,,16359.5
1669507200000,,,,,,,,,,
1669521600000,16585,,16585,,16585,,,,,
1669536000000,,16497.5,,,,,,,,
1669550400000,,,,,,,,,,
1669564800000,,,,,,,,,,
1669579200000,16588.5,,16588.5,,16588.5,,16588.5,,16588.5,
1669593600000,,16034,,16034,,16034,,,,
1669608000000,,,,,,,,,,
1669622400000,,,,,,,,,,
1669636800000,,,,,,,,,,
1669651200000,16375,15984,16375,15984,,15984,,15984,,15984
1669665600000,,,,,,,,,,
1669680000000,,16093,,,,,,,,
1669694400000,,,,,,,,,,
1669708800000,16544,,16544,,16544,,,,,
1669723200000,,16307,,,,,,,,
1669737600000,,,,,,,,,,
1669752000000,,,,,,,,,,
1669766400000,17072,,17072,,17072,,,,,
1669780800000,,,,,,,,,,
1669795200000,16916.5,,,,,,,,,
1669809600000,,,,,,,,,,
1669824000000,,16691.5,,16691.5,,16691.5,,,,
1669838400000,17245,,17245,,17245,,,,,
1669852800000,,,,,,,,,,
1669867200000,,,,,,,,,,
1669881600000,,,,,,,,,,
1669896000000,17334,16882,17334,,17334,,17334,,17334,
1669910400000,,,,,,,,,,
1669924800000,,16846,,16846,,16846,,,,
1669939200000,17027.5,,,,,,,,,
1669953600000,,,,,,,,,,
1669968000000,,,,,,,,,,
1669982400000,17088,16749,,16749,,16749,,16749,,16749
1669996800000,,,,,,,,,,
1670011200000,,,,,,,,,,
1670025600000,17148,,17148,,17148,,17148,,17148,
1670040000000,,,,,,,,,,
1670054400000,,16878,,16878,,,,,,
1670068800000,,,,,,,,,,
1670083200000,16974,,,,,,,,,
1670097600000,,16844,,16844,,16844,,16844,,16844
1670112000000,,,,,,,,,,
1670126400000,17078,,17078,,,,,,,
1670140800000,,16896.5,,,,,,,,
1670155200000,,,,,,,,,,
1670169600000,,,,,,,,,,
1670184000000,,,,,,,,,,
1670198400000,,,,,,,,,,
1670212800000,17417,,17417,,17417,,17417,,17417,
1670227200000,,,,,,,,,,
1670241600000,,,,,,,,,,
1670256000000,,16845,,16845,,16845,,16845,,16845
1670270400000,,,,,,,,,,
1670284800000,17101.5,,,,,,,,,
1670299200000,,,,,,,,,,
1670313600000,17040.5,16910,,,,,,,,
1670328000000,,,,,,,,,,
1670342400000,,16904,,16904,,,,,,
1670356800000,,,,,,,,,,
1670371200000,17133,,17133,,17133,,17133,,17133,
1670385600000,,,,,,,,,,
1670400000000,,16686,,16686,,16686,,16686,,16686
1670414400000,16889.5,,,,,,,,,
1670428800000,,,,,,,,,,
1670443200000,,,,,,,,,,
1670457600000,16885.5,16770.5,16885.5,,,,,,,
1670472000000,,,,,,,,,,
1670486400000,,16611,,16611,,16611,,16611,,16611
1670500800000,,,,,,,,,,
1670515200000,17292,,17292,,17292,,17292,,,
1670529600000,,,,,,,,,,
1670544000000,,,,,,,,,,
1670558400000,,,,,,,,,,
1670572800000,,,,,,,,,,
1670587200000,17347,17042.5,17347,,17347,,17347,,17347,
1670601600000,,,,,,,,,,
1670616000000,,17041,,17041,,17041,,17041,,17041
1670630400000,17166,,,,,,,,,
1670644800000,,,,,,,,,,
1670659200000,,17107,,17107,,,,,,
1670673600000,,,,,,,,,,
1670688000000,17215.5,,17215.5,,17215.5,,17215.5,,17215.5,
1670702400000,,17077.5,,17077.5,,17077.5,,17077.5,,17077.5
1670716800000,,,,,,,,,,
1670731200000,17186.5,,17186.5,,,,,,,
1670745600000,,,,,,,,,,
1670760000000,,17123.5,,,,,,,,
1670774400000,17256,,17256,,17256,,17256,,17256,
1670788800000,,,,,,,,,,
1670803200000,,16868,,16868,,16868,,16868,,16868
1670817600000,,,,,,,,,,
1670832000000,,,,,,,,,,
1670846400000,17048.5,,,,,,,,,
1670860800000,,,,,,,,,,
1670875200000,17249,,17249,,,,,,,
1670889600000,,,,,,,,,,
1670904000000,,17075,,,,,,,,
1670918400000,,,,,,,,,,
1670932800000,18011,,18011,,18011,,18011,,18011,
1670947200000,,,,,,,,,,
1670961600000,,,,,,,,,,
1670976000000,17838,,,,,,,,,
1670990400000,,,,,,,,,,
1671004800000,,,,,,,,,,
1671019200000,,,,,,,,,,
1671033600000,18375,,18375,,18375,,18375,,18375,
1671048000000,,,,,,,,,,
1671062400000,,17566,,17566,,,,,,
1671076800000,,,,,,,,,,
1671091200000,,,,,,,,,,
1671105600000,,,,,,,,,,
1671120000000,,,,,,,,,,
1671134400000,,17271,,17271,,,,,,
1671148800000,,,,,,,,,,
1671163200000,17513.5,,17513.5,,17513.5,,,,,
1671177600000,,,,,,,,,,
1671192000000,,,,,,,,,,
1671206400000,,,,,,,,,,
1671220800000,,16528.5,,16528.5,,16528.5,,16528.5,,16528.5
1671235200000,,,,,,,,,,
1671249600000,16767,,,,,,,,,
1671264000000,,,,,,,,,,
1671278400000,,16639.5,,16639.5,,,,,,
1671292800000,,,,,,,,,,
1671307200000,16792,,16792,,16792,,16792,,16792,
1671321600000,,,,,,,,,,
1671336000000,16790,,,,,,,,,
1671350400000,,16650.5,,16650.5,,16650.5,,,,
1671364800000,,,,,,,,,,
1671379200000,,,,,,,,,,
1671393600000,16881.5,,16881.5,,16881.5,,16881.5,,16881.5,
1671408000000,,16624,,16624,,16624,,,,
1671422400000,,,,,,,,,,
1671436800000,16786,,,,,,,,,
1671451200000,,,,,,,,,,
1671465600000,,,,,,,,,,
1671480000000,,16261,,16261,,16261,,16261,,16261
1671494400000,,,,,,,,,,
1671508800000,16877.5,,,,,,,,,
1671523200000,,,,,,,,,,
1671537600000,17048.5,16687.5,17048.5,16687.5,17048.5,,17048.5,,17048.5,
1671552000000,,,,,,,,,,
1671566400000,,,,,,,,,,
1671580800000,,,,,,,,,,
1671595200000,,16760.5,,,,,,,,
1671609600000,,,,,,,,,,
1671624000000,16906,16710.5,16906,16710.5,,16710.5,,16710.5,,16710.5
1671638400000,,,,,,,,,,
1671652800000,,,,,,,,,,
1671667200000,16855.5,,,,,,,,,
1671681600000,,16779.5,,,,,,,,
1671696000000,16868.5,,16868.5,,,,,,,
1671710400000,,,,,,,,,,
1671724800000,,16565.5,,16565.5,,16565.5,,16565.5,,16565.5
1671739200000,,,,,,,,,,
1671753600000,16891.5,,16891.5,,,,,,,
1671768000000,,,,,,,,,,
1671782400000,,,,,,,,,,
1671796800000,16978,16655.5,16978,16655.5,16978,16655.5,16978,,16978,
1671811200000,,,,,,,,,,
1671825600000,,16767,,,,,,,,
1671840000000,,,,,,,,,,
1671854400000,16843,,,,,,,,,
1671868800000,,,,,,,,,,
1671883200000,,16810,,,,,,,,
1671897600000,16854,,16854,,16854,,16854,,16854,
1671912000000,,16805,,,,,,,,
1671926400000,16850.5,,,,,,,,,
1671940800000,,16802,,,,,,,,
1671955200000,,,,,,,,,,
1671969600000,16848,16713,16848,16713,,16713,,16713,,16713
1671984000000,,,,,,,,,,
1671998400000,,,,,,,,,,
1672012800000,,,,,,,,,,
1672027200000,16922.5,,16922.5,,16922.5,,,,,
1672041600000,,,,,,,,,,
1672056000000,,16791.5,,16791.5,,16791.5,,,,
1672070400000,,,,,,,,,,
1672084800000,,,,,,,,,,
1672099200000,16969.5,,16969.5,,16969.5,,16969.5,,16969.5,
1672113600000,,,,,,,,,,
1672128000000,,,,,,,,,,
1672142400000,,,,,,,,,,
1672156800000,,16585,,,,,,,,
1672171200000,,,,,,,,,,
1672185600000,16739.5,16555,,16555,,16555,,16555,,
1672200000000,,,,,,,,,,
1672214400000,,,,,,,,,,
1672228800000,16777.5,16562,16777.5,,16777.5,,16777.5,,,
1672243200000,,,,,,,,,,
1672257600000,,16458.5,,16458.5,,16458.5,,16458.5,,16458.5
1672272000000,,,,,,,,,,
1672286400000,,,,,,,,,,
1672300800000,,16521.5,,,,,,,,
1672315200000,16649.5,,16649.5,,16649.5,,16649.5,,,
1672329600000,,,,,,,,,,
1672344000000,16641.5,16546,,,,,,,,
1672358400000,,,,,,,,,,
1672372800000,,16418,,,,,,,,
1672387200000,,,,,,,,,,
1672401600000,,16288.5,,16288.5,,16288.5,,16288.5,,16288.5
1672416000000,,,,,,,,,,
1672430400000,16750,,16750,,16750,,16750,,16750,
1672444800000,,,,,,,,,,
1672459200000,,16527,,,,,,,,
1672473600000,,,,,,,,,,
1672488000000,16625,,16625,,16625,,,,,
1672502400000,,,,,,,,,,
1672516800000,,16452.5,,16452.5,,16452.5,,16452.5,,16452.5
1672531200000,,,,,,,,,,
1672545600000,,16492,,,,,,,,
1672560000000,,,,,,,,,,
1672574400000,,,,,,,,,,
1672588800000,,,,,,,,,,
1672603200000,,,,,,,,,,
1672617600000,,16538,,16538,,,,,,
1672632000000,16766.5,,16766.5,,16766.5,,,,,
1672646400000,,,,,,,,,,
1672660800000,,16656.5,,,,,,,,
1672675200000,,,,,,,,,,
1672689600000,16785.5,,16785.5,,16785.5,,16785.5,,16785.5,
1672704000000,,16640,,16640,,,,,,
1672718400000,16760,,,,,,,,,
1672732800000,,,,,,,,,,
1672747200000,16754.5,,,,,,,,,
1672761600000,,16589,,16589,,16589,,16589,,16589
1672776000000,,,,,,,,,,
1672790400000,,,,,,,,,,
1672804800000,,,,,,,,,,
1672819200000,16913.5,,,,,,,,,
1672833600000,,16757.5,,16757.5,,,,,,
1672848000000,16985.5,,16985.5,,16985.5,,16985.5,,16985.5,
1672862400000,,16768,,,,,,,,
1672876800000,16875,,,,,,,,,
1672891200000,,,,,,,,,,
1672905600000,,,,,,,,,,
1672920000000,16866,16742.5,16866,16742.5,,16742.5,,16742.5,,
1672934400000,,,,,,,,,,
1672948800000,,,,,,,,,,
1672963200000,16860.5,,,,,,,,,
1672977600000,,,,,,,,,,
1672992000000,,,,,,,,,,
1673006400000,,16671,,16671,,16671,,16671,,16671
1673020800000,,,,,,,,,,
1673035200000,17035,,17035,,17035,,17035,,17035,
1673049600000,,,,,,,,,,
1673064000000,,16914,,,,,,,,
1673078400000,,,,,,,,,,
1673092800000,,16903.5,,16903.5,,16903.5,,,,
1673107200000,,,,,,,,,,
1673121600000,16942.5,,16942.5,,,,,,,
1673136000000,,16911.5,,,,,,,,
1673150400000,,,,,,,,,,
1673164800000,,,,,,,,,,
1673179200000,,,,,,,,,,
1673193600000,,16913,,16913,,16913,,,,
1673208000000,,,,,,,,,,
1673222400000,,,,,,,,,,
1673236800000,,,,,,,,,,
1673251200000,,,,,,,,,,
1673265600000,,17182,,,,,,,,
1673280000000,17384.5,,17384.5,,17384.5,,17384.5,,17384.5,
1673294400000,,17123,,17123,,17123,,17123,,
1673308800000,,,,,,,,,,
1673323200000,,,,,,,,,,
1673337600000,,,,,,,,,,
1673352000000,,,,,,,,,,
1673366400000,,,,,,,,,,
1673380800000,,,,,,,,,,
1673395200000,17499,17367,17499,,17499,,,,,
1673409600000,,,,,,,,,,
1673424000000,17464.5,,,,,,,,,
1673438400000,,17307.5,,17307.5,,17307.5,,17307.5,,
1673452800000,,,,,,,,,,
1673467200000,,,,,,,,,,
1673481600000,18376,,18376,,,,,,,
1673496000000,,,,,,,,,,
1673510400000,,,,,,,,,,
1673524800000,,17917,,17917,,,,,,
1673539200000,,,,,,,,,,
1673553600000,19142.5,,19142.5,,19142.5,,,,,
1673568000000,,18710,,,,,,,,
1673582400000,,,,,,,,,,
1673596800000,,,,,,,,,,
1673611200000,,18800.5,,,,,,,,
1673625600000,,,,,,,,,,
1673640000000,,,,,,,,,,
1673654400000,21481,,21481,,21481,,21481,,21481,
1673668800000,,,,,,,,,,
1673683200000,,20246,,,,,,,,
1673697600000,21283,,21283,,,,,,,
1673712000000,,,,,,,,,,
1673726400000,21085.5,,,,,,,,,
1673740800000,,20558.5,,20558.5,,,,,,
1673755200000,,,,,,,,,,
1673769600000,,20589,,,,,,,,
1673784000000,,,,,,,,,,
1673798400000,21065,20325,,20325,,20325,,20325,,20325
1673812800000,,,,,,,,,,
1673827200000,21450,,21450,,21450,,21450,,,
1673841600000,,,,,,,,,,
1673856000000,,,,,,,,,,
1673870400000,,20601.5,,20601.5,,20601.5,,20601.5,,
1673884800000,,,,,,,,,,
1673899200000,21485.5,,21485.5,,21485.5,,,,,
1673913600000,,20861.5,,20861.5,,,,,,
1673928000000,,,,,,,,,,
1673942400000,,,,,,,,,,
1673956800000,21616.5,20954,21616.5,20954,21616.5,,21616.5,,21616.5,
1673971200000,,,,,,,,,,
1673985600000,,,,,,,,,,
1674000000000,,21103.5,,,,,,,,
1674014400000,,,,,,,,,,
1674028800000,,,,,,,,,,
1674043200000,21647,,21647,,21647,,21647,,21647,
1674057600000,,20400,,20400,,20400,,20400,,20400
1674072000000,,,,,,,,,,
1674086400000,,,,,,,,,,
1674100800000,20868,,,,,,,,,
1674115200000,,,,,,,,,,
1674129600000,,20650,,20650,,,,,,
1674144000000,,,,,,,,,,
1674158400000,,,,,,,,,,
1674172800000,21213,,21213,,,,,,,
1674187200000,,20847.5,,20847.5,,,,,,
1674201600000,,,,,,,,,,
1674216000000,,,,,,,,,,
1674230400000,,,,,,,,,,
1674244800000,,,,,,,,,,
1674259200000,22790,,,,,,,,,
1674273600000,,,,,,,,,,
1674288000000,23355.5,,,,,,,,,
1674302400000,,,,,,,,,,
1674316800000,23402,,23402,,23402,,23402,,23402,
1674331200000,,,,,,,,,,
1674345600000,,22589,,22589,,22589,,,,
1674360000000,23038,,,,,,,,,
1674374400000,,,,,,,,,,
1674388800000,23073,22611,23073,,23073,,,,,
1674403200000,,,,,,,,,,
1674417600000,,22287,,22287,,22287,,22287,,22287
1674432000000,22835,,,,,,,,,
1674446400000,,22615,,,,,,,,
1674460800000,,,,,,,,,,
1674475200000,,22459,,22459,,22459,,,,
1674489600000,23197.5,,23197.5,,23197.5,,23197.5,,23197.5,
1674504000000,,,,,,,,,,
1674518400000,,,,,,,,,,
1674532800000,23177,,23177,,,,,,,
1674547200000,,,,,,,,,,
1674561600000,,22719,,,,,,,,
1674576000000,,,,,,,,,,
1674590400000,23090,,23090,,,,,,,
1674604800000,,22333,,22333,,22333,,22333,,22333
1674619200000,22775,,,,,,,,,
1674633600000,,,,,,,,,,
1674648000000,,22366.5,,22366.5,,,,,,
1674662400000,,,,,,,,,,
1674676800000,23847.5,,23847.5,,23847.5,,23847.5,,23847.5,
1674691200000,,,,,,,,,,
1674705600000,,,,,,,,,,
1674720000000,,22847,,22847,,,,,,
1674734400000,23235,,23235,,,,,,,
1674748800000,,,,,,,,,,
1674763200000,23165,,,,,,,,,
1674777600000,,22532.5,,22532.5,,22532.5,,22532.5,,22532.5
1674792000000,23111,,,,,,,,,
1674806400000,,,,,,,,,,
1674820800000,,22843.5,,,,,,,,
1674835200000,,,,,,,,,,
1674849600000,23514,,23514,,23514,,23514,,23514,
1674864000000,,,,,,,,,,
1674878400000,,,,,,,,,,
1674892800000,,,,,,,,,,
1674907200000,23060.5,22874,,22874,,22874,,22874,,22874
1674921600000,,,,,,,,,,
1674936000000,,22927,,,,,,,,
1674950400000,23500,,,,,,,,,
1674964800000,,,,,,,,,,
1674979200000,,23152,,,,,,,,
1674993600000,,,,,,,,,,
1675008000000,23967.5,,23967.5,,23967.5,,23967.5,,23967.5,
1675022400000,,,,,,,,,,
1675036800000,,23552.5,,,,,,,,
1675051200000,,,,,,,,,,
1675065600000,,,,,,,,,,
1675080000000,,,,,,,,,,
1675094400000,,,,,,,,,,
1675108800000,,22368,,22368,,22368,,22368,,22368
1675123200000,,,,,,,,,,
1675137600000,,,,,,,,,,
1675152000000,,,,,,,,,,
1675166400000,,,,,,,,,,
1675180800000,,,,,,,,,,
1675195200000,23333,22774,23333,22774,23333,22774,23333,,,
1675209600000,,,,,,,,,,
1675224000000,,,,,,,,,,
1675238400000,,,,,,,,,,
1675252800000,,,,,,,,,,
1675267200000,,22710,,22710,,22710,,22710,,22710
1675281600000,,,,,,,,,,
1675296000000,24271,,24271,,24271,,24271,,24271,
1675310400000,,23678.5,,,,,,,,
1675324800000,,,,,,,,,,
1675339200000,,23471,,,,,,,,
1675353600000,24171.5,,24171.5,,24171.5,,,,,
1675368000000,,23381,,23381,,,,,,
1675382400000,,,,,,,,,,
1675396800000,23621,,,,,,,,,
1675411200000,,,,,,,,,,
1675425600000,,23236,,,,,,,,
1675440000000,,,,,,,,,,
1675454400000,,23218,,23218,,23218,,23218,,23218
1675468800000,,,,,,,,,,
1675483200000,,23270,,,,,,,,
1675497600000,,,,,,,,,,
1675512000000,23588.5,,23588.5,,23588.5,,23588.5,,,
1675526400000,,,,,,,,,,
1675540800000,,,,,,,,,,
1675555200000,,23230,,23230,,,,,,
1675569600000,23442.5,,,,,,,,,
1675584000000,,,,,,,,,,
1675598400000,,,,,,,,,,
1675612800000,,22760,,22760,,,,,,
1675627200000,,,,,,,,,,
1675641600000,23110,,,,,,,,,
1675656000000,,22561,,22561,,22561,,22561,,22561
1675670400000,,,,,,,,,,
1675684800000,,22730.5,,,,,,,,
1675699200000,23158,,23158,,23158,,23158,,23158,
1675713600000,,22627.5,,22627.5,,22627.5,,,,
1675728000000,,,,,,,,,,
1675742400000,,,,,,,,,,
1675756800000,23067,,,,,,,,,
1675771200000,,,,,,,,,,
1675785600000,23349,22763,,22763,,22763,,,,
1675800000000,,,,,,,,,,
1675814400000,23459.5,,23459.5,,23459.5,,23459.5,,23459.5,
1675828800000,,,,,,,,,,
1675843200000,,,,,,,,,,
1675857600000,,,,,,,,,,
1675872000000,,22673,,,,,,,,
1675886400000,,,,,,,,,,
1675900800000,23014,,,,,,,,,
1675915200000,,22306,,22306,,,,,,
1675929600000,,,,,,,,,,
1675944000000,22843,,22843,,,,,,,
1675958400000,,,,,,,,,,
1675972800000,,21701.5,,,,,,,,
1675987200000,,,,,,,,,,
1676001600000,21936,21628.5,,,,,,,,
1676016000000,,,,,,,,,,
1676030400000,,21515,,,,,,,,
1676044800000,,,,,,,,,,
1676059200000,,21462,,21462,,21462,,21462,,21462
1676073600000,,,,,,,,,,
1676088000000,,,,,,,,,,
1676102400000,,,,,,,,,,
1676116800000,21769,,,,,,,,,
1676131200000,,21616.5,,21616.5,,21616.5,,,,
1676145600000,21895.5,,21895.5,,,,,,,
1676160000000,,,,,,,,,,
1676174400000,,21746.5,,,,,,,,
1676188800000,,,,,,,,,,
1676203200000,,21760.5,,,,,,,,
1676217600000,22086.5,,22086.5,,22086.5,,22086.5,,22086.5,
1676232000000,,,,,,,,,,
1676246400000,,21610,,,,,,,,
1676260800000,21905.5,,,,,,,,,
1676275200000,,21430,,,,,,,,
1676289600000,,,,,,,,,,
1676304000000,,21371,,21371,,21371,,21371,,21371
1676318400000,21854,,21854,,,,,,,
1676332800000,,,,,,,,,,
1676347200000,,,,,,,,,,
1676361600000,,,,,,,,,,
1676376000000,22331,21541,22331,21541,22331,21541,22331,21541,,
1676390400000,,,,,,,,,,
1676404800000,22299,,,,,,,,,
1676419200000,,22059,,,,,,,,
1676433600000,,,,,,,,,,
1676448000000,,,,,,,,,,
1676462400000,,,,,,,,,,
1676476800000,,,,,,,,,,
1676491200000,,,,,,,,,,
1676505600000,24940,,24940,,,,,,,
1676520000000,,,,,,,,,,
1676534400000,,,,,,,,,,
1676548800000,,24311,,,,,,,,
1676563200000,25285.5,,25285.5,,25285.5,,25285.5,,25285.5,
1676577600000,,,,,,,,,,
1676592000000,,23355,,23355,,23355,,23355,,23355
1676606400000,,,,,,,,,,
1676620800000,,23554,,,,,,,,
1676635200000,,,,,,,,,,
1676649600000,,,,,,,,,,
1676664000000,25047,,25047,,25047,,25047,,25047,
1676678400000,,,,,,,,,,
1676692800000,,24422,,,,,,,,
1676707200000,,,,,,,,,,
1676721600000,,,,,,,,,,
1676736000000,24879.5,,24879.5,,24879.5,,24879.5,,,
1676750400000,,24516.5,,,,,,,,
1676764800000,,,,,,,,,,
1676779200000,24862,,,,,,,,,
1676793600000,,24569,,,,,,,,
1676808000000,,,,,,,,,,
1676822400000,25222,,25222,,25222,,25222,,25222,
1676836800000,,,,,,,,,,
1676851200000,,23831.5,,23831.5,,23831.5,,23831.5,,23831.5
1676865600000,,,,,,,,,,
1676880000000,,24386,,,,,,,,
1676894400000,25149.5,,25149.5,,25149.5,,25149.5,,,
1676908800000,,24651,,,,,,,,
1676923200000,,,,,,,,,,
1676937600000,25124,,,,,,,,,
1676952000000,,,,,,,,,,
1676966400000,25351,,25351,,25351,,25351,,25351,
1676980800000,,,,,,,,,,
1676995200000,,,,,,,,,,
1677009600000,,,,,,,,,,
1677024000000,,23853,,23853,,,,,,
1677038400000,,,,,,,,,,
1677052800000,,,,,,,,,,
1677067200000,24255,,24255,,,,,,,
1677081600000,,23563,,23563,,23563,,23563,,23563
1677096000000,,,,,,,,,,
1677110400000,24607.5,,24607.5,,24607.5,,24607.5,,24607.5,
1677124800000,,,,,,,,,,
1677139200000,,,,,,,,,,
1677153600000,,23593,,23593,,23593,,23593,,
1677168000000,,,,,,,,,,
1677182400000,,,,,,,,,,
1677196800000,24144.5,,24144.5,,,,,,,
1677211200000,,23760.5,,,,,,,,
1677225600000,,,,,,,,,,
1677240000000,24045.5,,24045.5,,,,,,,
1677254400000,,22804,,22804,,22804,,22804,,22804
1677268800000,,,,,,,,,,
1677283200000,,,,,,,,,,
1677297600000,,,,,,,,,,
1677312000000,23161,,,,,,,,,
1677326400000,,22873,,,,,,,,
1677340800000,,,,,,,,,,
1677355200000,,22719,,22719,,22719,,22719,,22719
1677369600000,23252.5,,,,,,,,,
1677384000000,,,,,,,,,,
1677398400000,,,,,,,,,,
1677412800000,,,,,,,,,,
1677427200000,,,,,,,,,,
1677441600000,23688,,23688,,23688,,,,,
1677456000000,,,,,,,,,,
1677470400000,,,,,,,,,,
1677484800000,,23332,,,,,,,,
1677499200000,23894.5,,23894.5,,23894.5,,23894.5,,23894.5,
1677513600000,,22757,,22757,,22757,,22757,,22757
1677528000000,,,,,,,,,,
1677542400000,,,,,,,,,,
1677556800000,,,,,,,,,,
1677571200000,,23196,,23196,,,,,,
1677585600000,,,,,,,,,,
1677600000000,23592.5,,23592.5,,,,,,,
1677614400000,,23010.5,,23010.5,,23010.5,,23010.5,,23010.5
1677628800000,,,,,,,,,,
1677643200000,,,,,,,,,,
1677657600000,24010,,24010,,24010,,24010,,24010,
1677672000000,,,,,,,,,,
1677686400000,,,,,,,,,,
1677700800000,,23302.5,,23302.5,,23302.5,,,,
1677715200000,23813,,23813,,,,,,,
1677729600000,,23331,,,,,,,,
1677744000000,,,,,,,,,,
1677758400000,,23180.5,,23180.5,,,,,,
1677772800000,,,,,,,,,,
1677787200000,23565,,23565,,23565,,23565,,,
1677801600000,,21842,,21842,,21842,,21842,,21842
1677816000000,,,,,,,,,,
1677830400000,,,,,,,,,,
1677844800000,22495.5,22158.5,22495.5,,,,,,,
1677859200000,,,,,,,,,,
1677873600000,,22123,,22123,,22123,,22123,,
1677888000000,,,,,,,,,,
1677902400000,22405,22268,22405,,,,,,,
1677916800000,,,,,,,,,,
1677931200000,22397.5,,,,,,,,,
1677945600000,,,,,,,,,,
1677960000000,,22155.5,,22155.5,,22155.5,,22155.5,,22155.5
1677974400000,22666,,22666,,22666,,22666,,22666,
1677988800000,,,,,,,,,,
1678003200000,,22328.5,,,,,,,,
1678017600000,22484.5,,,,,,,,,
1678032000000,,,,,,,,,,
1678046400000,22551.5,,22551.5,,22551.5,,,,,
1678060800000,,22248,,22248,,22248,,22248,,22248
1678075200000,,,,,,,,,,
1678089600000,,,,,,,,,,
1678104000000,22590,,22590,,22590,,22590,,22590,
1678118400000,,,,,,,,,,
1678132800000,,22312,,22312,,22312,,,,
1678147200000,22557,,,,,,,,,
1678161600000,,,,,,,,,,
1678176000000,,,,,,,,,,
1678190400000,22514,21914,22514,21914,,21914,,,,
1678204800000,,,,,,,,,,
1678219200000,,21933.5,,,,,,,,
1678233600000,22276,,,,,,,,,
1678248000000,,21833,,21833,,21833,,,,
1678262400000,,,,,,,,,,
1678276800000,22230,21865,22230,,,,,,,
1678291200000,,,,,,,,,,
1678305600000,,21535,,21535,,,,,,
1678320000000,,,,,,,,,,
1678334400000,,,,,,,,,,
1678348800000,,21510,,,,,,,,
1678363200000,21828,,21828,,21828,,,,,
1678377600000,,,,,,,,,,
1678392000000,,,,,,,,,,
1678406400000,,,,,,,,,,
1678420800000,,,,,,,,,,
1678435200000,,19526,,19526,,19526,,19526,,19526
1678449600000,,,,,,,,,,
1678464000000,20299.5,,,,,,,,,
1678478400000,,,,,,,,,,
1678492800000,20873,,20873,,20873,,20873,,20873,
1678507200000,,,,,,,,,,
1678521600000,,19864.5,,19864.5,,,,,,
1678536000000,,,,,,,,,,
1678550400000,,,,,,,,,,
1678564800000,20673,,20673,,20673,,20673,,,
1678579200000,,,,,,,,,,
1678593600000,,,,,,,,,,
1678608000000,20612,,,,,,,,,
1678622400000,,20412.5,,20412.5,,20412.5,,,,
1678636800000,,,,,,,,,,
1678651200000,,,,,,,,,,
1678665600000,22801,,22801,,,,,,,
1678680000000,,,,,,,,,,
1678694400000,,21850.5,,21850.5,,,,,,
1678708800000,24617,,24617,,24617,,,,,
1678723200000,,,,,,,,,,
1678737600000,,,,,,,,,,
1678752000000,,,,,,,,,,
1678766400000,24932,,,,,,,,,
1678780800000,,24224.5,,,,,,,,
1678795200000,26635,,26635,,26635,,26635,,26635,
1678809600000,,,,,,,,,,
1678824000000,,24031.5,,24031.5,,24031.5,,24031.5,,
1678838400000,,,,,,,,,,
1678852800000,,,,,,,,,,
1678867200000,,24380,,,,,,,,
1678881600000,25321,,25321,,25321,,25321,,,
1678896000000,,23908.5,,23908.5,,23908.5,,23908.5,,23908.5
1678910400000,24725,,,,,,,,,
1678924800000,,24174.5,,,,,,,,
1678939200000,,,,,,,,,,
1678953600000,25129,,,,,,,,,
1678968000000,,,,,,,,,,
1678982400000,25241.5,,,,,,,,,
1678996800000,,,,,,,,,,
1679011200000,,,,,,,,,,
1679025600000,,,,,,,,,,
1679040000000,27038.5,,27038.5,,,,,,,
1679054400000,,,,,,,,,,
1679068800000,,,,,,,,,,
1679083200000,27840,,27840,,27840,,27840,,27840,
1679097600000,,,,,,,,,,
1679112000000,,,,,,,,,,
1679126400000,,27120,,,,,,,,
1679140800000,27716,,27716,,,,,,,
1679155200000,,26605,,26605,,26605,,26605,,26605
1679169600000,,,,,,,,,,
1679184000000,,,,,,,,,,
1679198400000,27366,26901,,,,,,,,
1679212800000,,,,,,,,,,
1679227200000,,,,,,,,,,
1679241600000,,,,,,,,,,
1679256000000,28487,,28487,,,,,,,
1679270400000,,27202.5,,27202.5,,,,,,
1679284800000,,,,,,,,,,
1679299200000,28577.5,,28577.5,,28577.5,,28577.5,,28577.5,
1679313600000,,,,,,,,,,
1679328000000,,27512.5,,27512.5,,,,,,
1679342400000,28281,,,,,,,,,
1679356800000,,,,,,,,,,
1679371200000,,27372,,27372,,27372,,27372,,27372
1679385600000,,,,,,,,,,
1679400000000,,,,,,,,,,
1679414400000,28520,,28520,,28520,,28520,,,
1679428800000,,27962,,,,,,,,
1679443200000,,,,,,,,,,
1679457600000,28356,,,,,,,,,
1679472000000,,28014,,,,,,,,
1679486400000,,,,,,,,,,
1679500800000,28945,,28945,,28945,,28945,,28945,
1679515200000,,26640,,26640,,26640,,26640,,26640
1679529600000,,,,,,,,,,
1679544000000,,,,,,,,,,
1679558400000,,,,,,,,,,
1679572800000,28853.5,27342,28853.5,,28853.5,,28853.5,,,
1679587200000,,,,,,,,,,
1679601600000,,,,,,,,,,
1679616000000,,,,,,,,,,
1679630400000,,,,,,,,,,
1679644800000,,27359,,27359,,,,,,
1679659200000,,,,,,,,,,
1679673600000,,,,,,,,,,
1679688000000,,26975,,26975,,26975,,26975,,26975
1679702400000,,,,,,,,,,
1679716800000,,,,,,,,,,
1679731200000,,27331,,,,,,,,
1679745600000,27808,,27808,,27808,,,,,
1679760000000,,,,,,,,,,
1679774400000,,27166.5,,27166.5,,27166.5,,27166.5,,27166.5
1679788800000,27669.5,,,,,,,,,
1679803200000,,,,,,,,,,
1679817600000,,,,,,,,,,
1679832000000,28256,,28256,,28256,,28256,,28256,
1679846400000,,27644.5,,,,,,,,
1679860800000,28161,,,,,,,,,
1679875200000,,,,,,,,,,
1679889600000,,27663.5,,,,,,,,
1679904000000,27997.5,,,,,,,,,
1679918400000,,26477.5,,26477.5,,26477.5,,26477.5,,26477.5
1679932800000,,,,,,,,,,
1679947200000,,,,,,,,,,
1679961600000,,26803,,,,,,,,
1679976000000,,,,,,,,,,
1679990400000,,26588,,26588,,26588,,26588,,
1680004800000,,,,,,,,,,
1680019200000,27527,26740.5,27527,,,,,,,
1680033600000,,,,,,,,,,
1680048000000,,,,,,,,,,
1680062400000,,,,,,,,,,
1680076800000,28656,,28656,,28656,,,,,
1680091200000,,,,,,,,,,
1680105600000,,28125.5,,,,,,,,
1680120000000,,,,,,,,,,
1680134400000,29182,28055,29182,28055,29182,28055,29182,,29182,
1680148800000,,,,,,,,,,
1680163200000,,,,,,,,,,
1680177600000,,,,,,,,,,
1680192000000,,27677.5,,27677.5,,,,,,
1680206400000,,,,,,,,,,
1680220800000,28386.5,,28386.5,,,,,,,
1680235200000,,27456.5,,27456.5,,27456.5,,27456.5,,27456.5
1680249600000,,,,,,,,,,
1680264000000,28714,,28714,,,,,,,
1680278400000,,,,,,,,,,
1680292800000,,,,,,,,,,
1680307200000,28832,,28832,,28832,,28832,,28832,
1680321600000,,28350,,,,,,,,
1680336000000,,,,,,,,,,
1680350400000,,28217.5,,28217.5,,28217.5,,28217.5,,28217.5
1680364800000,,,,,,,,,,
1680379200000,28595.5,,28595.5,,28595.5,,,,,
1680393600000,,28354,,,,,,,,
1680408000000,,,,,,,,,,
1680422400000,,,,,,,,,,
1680436800000,,,,,,,,,,
1680451200000,,27859,,,,,,,,
1680465600000,,,,,,,,,,
1680480000000,,27556.5,,27556.5,,27556.5,,27556.5,,
1680494400000,,,,,,,,,,
1680508800000,28566.5,,28566.5,,28566.5,,28566.5,,28566.5,
1680523200000,,,,,,,,,,
1680537600000,,,,,,,,,,
1680552000000,,27181,,27181,,27181,,27181,,27181
1680566400000,,,,,,,,,,
1680580800000,,,,,,,,,,
1680595200000,28441.5,,28441.5,,28441.5,,,,,
1680609600000,,,,,,,,,,
1680624000000,,,,,,,,,,
1680638400000,,,,,,,,,,
1680652800000,28815,,28815,,28815,,28815,,28815,
1680667200000,,,,,,,,,,
1680681600000,,,,,,,,,,
1680696000000,28767,,28767,,,,,,,
1680710400000,,27801,,27801,,27801,,,,
1680724800000,,,,,,,,,,
1680739200000,,27868,,,,,,,,
1680753600000,,,,,,,,,,
1680768000000,,27683,,27683,,27683,,27683,,27683
1680782400000,28193.5,,28193.5,,28193.5,,,,,
1680796800000,,,,,,,,,,
1680811200000,,27902,,,,,,,,
1680825600000,,,,,,,,,,
1680840000000,,27772.5,,27772.5,,27772.5,,,,
1680854400000,,,,,,,,,,
1680868800000,28002.5,,,,,,,,,
1680883200000,,,,,,,,,,
1680897600000,,27855,,,,,,,,
1680912000000,,,,,,,,,,
1680926400000,28172,,28172,,28172,,28172,,28172,
1680940800000,,,,,,,,,,
1680955200000,,,,,,,,,,
1680969600000,,27854,,27854,,,,,,
1680984000000,,,,,,,,,,
1680998400000,28094.5,,28094.5,,28094.5,,,,,
1681012800000,,,,,,,,,,
1681027200000,,27777,,27777,,27777,,27777,,27777
1681041600000,,,,,,,,,,
1681056000000,,,,,,,,,,
1681070400000,28534.5,,28534.5,,28534.5,,,,,
1681084800000,,,,,,,,,,
1681099200000,,28195,,,,,,,,
1681113600000,,,,,,,,,,
1681128000000,,28161,,28161,,28161,,,,
1681142400000,,,,,,,,,,
1681156800000,,,,,,,,,,
1681171200000,30484,,30484,,30484,,,,,
1681185600000,,,,,,,,,,
1681200000000,,,,,,,,,,
1681214400000,,,,,,,,,,
1681228800000,30595.5,,30595.5,,30595.5,,30595.5,,30595.5,
1681243200000,,,,,,,,,,
1681257600000,30377,29860.5,,29860.5,,,,,,
1681272000000,,,,,,,,,,
1681286400000,,,,,,,,,,
1681300800000,30500,29665,30500,29665,30500,29665,30500,29665,,29665
1681315200000,,,,,,,,,,
1681329600000,,,,,,,,,,
1681344000000,30253,,,,,,,,,
1681358400000,,,,,,,,,,
1681372800000,,,,,,,,,,
1681387200000,30637,,30637,,,,,,,
1681401600000,,,,,,,,,,
1681416000000,,30223.5,,,,,,,,
1681430400000,,,,,,,,,,
1681444800000,31069.5,,31069.5,,31069.5,,31069.5,,31069.5,
1681459200000,,,,,,,,,,
1681473600000,30886,,,,,,,,,
1681488000000,,29978.5,,29978.5,,29978.5,,29978.5,,29978.5
1681502400000,,,,,,,,,,
1681516800000,30605,30279.5,30605,,,,,,,
1681531200000,,,,,,,,,,
1681545600000,,,,,,,,,,
1681560000000,,,,,,,,,,
1681574400000,,30234,,,,,,,,
1681588800000,30399,,,,,,,,,
1681603200000,,30148,,30148,,30148,,30148,,30148
1681617600000,30428.5,,30428.5,,,,,,,
1681632000000,,,,,,,,,,
1681646400000,,30188,,30188,,,,,,
1681660800000,30578.5,,30578.5,,30578.5,,30578.5,,30578.5,
1681675200000,,,,,,,,,,
1681689600000,,29720,,,,,,,,
1681704000000,,,,,,,,,,
1681718400000,,,,,,,,,,
1681732800000,,29225,,29225,,,,,,
1681747200000,,,,,,,,,,
1681761600000,,,,,,,,,,
1681776000000,,29092,,29092,,29092,,29092,,29092
1681790400000,,,,,,,,,,
1681804800000,,,,,,,,,,
1681819200000,30509.5,,30509.5,,30509.5,,30509.5,,30509.5,
1681833600000,,29960,,,,,,,,
1681848000000,30475,,,,,,,,,
1681862400000,,,,,,,,,,
1681876800000,,,,,,,,,,
1681891200000,,28826,,28826,,,,,,
1681905600000,,,,,,,,,,
1681920000000,,,,,,,,,,
1681934400000,,,,,,,,,,
1681948800000,,28545,,28545,,,,,,
1681963200000,29098,,,,,,,,,
1681977600000,,,,,,,,,,
1681992000000,28959.5,,,,,,,,,
1682006400000,,27988,,27988,,,,,,
1682020800000,,,,,,,,,,
1682035200000,28373.5,,,,,,,,,
1682049600000,,27809.5,,27809.5,,,,,,
1682064000000,,,,,,,,,,
1682078400000,28290,,,,,,,,,
1682092800000,,,,,,,,,,
1682107200000,,27115,,27115,,27115,,27115,,27115
1682121600000,,,,,,,,,,
1682136000000,27405,,,,,,,,,
1682150400000,,27180,,,,,,,,
1682164800000,,,,,,,,,,
1682179200000,,,,,,,,,,
1682193600000,27873,,27873,,27873,,27873,,27873,
1682208000000,,27406,,27406,,,,,,
1682222400000,,,,,,,,,,
1682236800000,27764.5,,,,,,,,,
1682251200000,,27308.5,,27308.5,,27308.5,,27308.5,,
1682265600000,,,,,,,,,,
1682280000000,,,,,,,,,,
1682294400000,27997.5,,27997.5,,27997.5,,27997.5,,27997.5,
1682308800000,,,,,,,,,,
1682323200000,,27140.5,,,,,,,,
1682337600000,27711,,,,,,,,,
1682352000000,,26925,,26925,,26925,,26925,,26925
1682366400000,,,,,,,,,,
1682380800000,27575,,27575,,,,,,,
1682395200000,,,,,,,,,,
1682409600000,,27188,,27188,,27188,,,,
1682424000000,,,,,,,,,,
1682438400000,,,,,,,,,,
1682452800000,,,,,,,,,,
1682467200000,,,,,,,,,,
1682481600000,,,,,,,,,,
1682496000000,,,,,,,,,,
1682510400000,30041,,30041,,30041,,30041,,30041,
1682524800000,,,,,,,,,,
1682539200000,,27164.5,,27164.5,,27164.5,,27164.5,,27164.5
1682553600000,29503,,,,,,,,,
1682568000000,,,,,,,,,,
1682582400000,,,,,,,,,,
1682596800000,,28661,,,,,,,,
1682611200000,29888,,29888,,29888,,29888,,29888,
1682625600000,,,,,,,,,,
1682640000000,,,,,,,,,,
1682654400000,,,,,,,,,,
1682668800000,,,,,,,,,,
1682683200000,,28880.5,,28880.5,,28880.5,,28880.5,,28880.5
1682697600000,,,,,,,,,,
1682712000000,29436,,,,,,,,,
1682726400000,,29184.5,,,,,,,,
1682740800000,29451,,29451,,29451,,,,,
1682755200000,,,,,,,,,,
1682769600000,29393,,,,,,,,,
1682784000000,,29035.5,,29035.5,,29035.5,,29035.5,,29035.5
1682798400000,,,,,,,,,,
1682812800000,,29083,,,,,,,,
1682827200000,,,,,,,,,,
1682841600000,,,,,,,,,,
1682856000000,29969,,29969,,29969,,29969,,29969,
1682870400000,,,,,,,,,,
1682884800000,,,,,,,,,,
1682899200000,,,,,,,,,,
1682913600000,,28239.5,,,,,,,,
1682928000000,,,,,,,,,,
1682942400000,,,,,,,,,,
1682956800000,,,,,,,,,,
1682971200000,,27659.5,,27659.5,,27659.5,,27659.5,,27659.5
1682985600000,,,,,,,,,,
1683000000000,28173,27869,,,,,,,,
1683014400000,,,,,,,,,,
1683028800000,,27905.5,,,,,,,,
1683043200000,28889,,28889,,28889,,28889,,28889,
1683057600000,,,,,,,,,,
1683072000000,,28336,,28336,,,,,,
1683086400000,,,,,,,,,,
1683100800000,28763,,,,,,,,,
1683115200000,,28105.5,,28105.5,,28105.5,,28105.5,,28105.5
1683129600000,,,,,,,,,,
1683144000000,29275.5,,29275.5,,,,,,,
1683158400000,,,,,,,,,,
1683172800000,,,,,,,,,,
1683187200000,29380,,29380,,29380,,,,,
1683201600000,,28660,,28660,,28660,,,,
1683216000000,,,,,,,,,,
1683230400000,,,,,,,,,,
1683244800000,29559,,29559,,29559,,,,,
1683259200000,,,,,,,,,,
1683273600000,,,,,,,,,,
1683288000000,,28720,,28720,,28720,,28720,,
1683302400000,29700,,,,,,,,,
1683316800000,,,,,,,,,,
1683331200000,29869.5,,29869.5,,29869.5,,29869.5,,29869.5,
1683345600000,,,,,,,,,,
1683360000000,,,,,,,,,,
1683374400000,,28360,,28360,,28360,,28360,,28360
1683388800000,,,,,,,,,,
1683403200000,,,,,,,,,,
1683417600000,29187.5,,29187.5,,,,,,,
1683432000000,,,,,,,,,,
1683446400000,,28720,,28720,,,,,,
1683460800000,29121.5,,29121.5,,,,,,,
1683475200000,,,,,,,,,,
1683489600000,,,,,,,,,,
1683504000000,,,,,,,,,,
1683518400000,,,,,,,,,,
1683532800000,,27575,,,,,,,,
1683547200000,28092,,,,,,,,,
1683561600000,,,,,,,,,,
1683576000000,,27256,,27256,,27256,,27256,,27256
1683590400000,27760.5,,,,,,,,,
1683604800000,,27445.5,,,,,,,,
1683619200000,,,,,,,,,,
1683633600000,27817,,27817,,,,,,,
1683648000000,,27347,,27347,,27347,,27347,,
1683662400000,,,,,,,,,,
1683676800000,27859.5,,27859.5,,,,,,,
1683691200000,,,,,,,,,,
1683705600000,,27481,,,,,,,,
1683720000000,28312.5,,28312.5,,28312.5,,28312.5,,28312.5,
1683734400000,,26690,,26690,,26690,,26690,,26690
1683748800000,,,,,,,,,,
1683763200000,,,,,,,,,,
1683777600000,,,,,,,,,,
1683792000000,,,,,,,,,,
1683806400000,27631,,27631,,27631,,,,,
1683820800000,,26690.5,,,,,,,,
1683835200000,,,,,,,,,,
1683849600000,27097.5,,,,,,,,,
1683864000000,,26108,,26108,,,,,,
1683878400000,,,,,,,,,,
1683892800000,26599,,,,,,,,,
1683907200000,,25789,,25789,,25789,,25789,,25789
1683921600000,,,,,,,,,,
1683936000000,26974,,26974,,26974,,,,,
1683950400000,,,,,,,,,,
1683964800000,,,,,,,,,,
1683979200000,,26737.5,,,,,,,,
1683993600000,27047,,27047,,27047,,27047,,,
1684008000000,,,,,,,,,,
1684022400000,,26562.5,,26562.5,,26562.5,,26562.5,,26562.5
1684036800000,26890,,,,,,,,,
1684051200000,,,,,,,,,,
1684065600000,27217.5,26755.5,27217.5,26755.5,,,,,,
1684080000000,,,,,,,,,,
1684094400000,,,,,,,,,,
1684108800000,,26719,,26719,,26719,,26719,,26719
1684123200000,27540,,,,,,,,,
1684137600000,,,,,,,,,,
1684152000000,,27216,,,,,,,,
1684166400000,27672,,27672,,27672,,27672,,27672,
1684180800000,,,,,,,,,,
1684195200000,,26849,,26849,,26849,,26849,,26849
1684209600000,,,,,,,,,,
1684224000000,27270.5,,,,,,,,,
1684238400000,,,,,,,,,,
1684252800000,27154.5,26870.5,,26870.5,,,,,,
1684267200000,,,,,,,,,,
1684281600000,27229.5,,27229.5,,27229.5,,,,,
1684296000000,,,,,,,,,,
1684310400000,,,,,,,,,,
1684324800000,,26526,,26526,,26526,,26526,,26526
1684339200000,,,,,,,,,,
1684353600000,27531.5,,27531.5,,27531.5,,27531.5,,27531.5,
1684368000000,,,,,,,,,,
1684382400000,,27140,,,,,,,,
1684396800000,,,,,,,,,,
1684411200000,27473,,27473,,,,,,,
1684425600000,,26351.5,,26351.5,,26351.5,,26351.5,,26351.5
1684440000000,,,,,,,,,,
1684454400000,,,,,,,,,,
1684468800000,26965,,,,,,,,,
1684483200000,,,,,,,,,,
1684497600000,27188.5,26612.5,27188.5,26612.5,27188.5,26612.5,27188.5,26612.5,27188.5,
1684512000000,,,,,,,,,,
1684526400000,,,,,,,,,,
1684540800000,,,,,,,,,,
1684555200000,,,,,,,,,,
1684569600000,,,,,,,,,,
1684584000000,,,,,,,,,,
1684598400000,27148,,,,,,,,,
1684612800000,,,,,,,,,,
1684627200000,27277,,27277,,27277,,27277,,27277,
1684641600000,,,,,,,,,,
1684656000000,,26758.5,,26758.5,,,,,,
1684670400000,,,,,,,,,,
1684684800000,,,,,,,,,,
1684699200000,,,,,,,,,,
1684713600000,,26537,,26537,,26537,,26537,,26537
1684728000000,26915,,,,,,,,,
1684742400000,,,,,,,,,,
1684756800000,27100,26682.5,27100,,,,,,,
1684771200000,,,,,,,,,,
1684785600000,,,,,,,,,,
1684800000000,,26804,,,,,,,,
1684814400000,27499.5,,27499.5,,27499.5,,27499.5,,27499.5,
1684828800000,,,,,,,,,,
1684843200000,27379,,,,,,,,,
1684857600000,,27088.5,,,,,,,,
1684872000000,,,,,,,,,,
1684886400000,,,,,,,,,,
1684900800000,,26609,,,,,,,,
1684915200000,,,,,,,,,,
1684929600000,,26017.5,,26017.5,,,,,,
1684944000000,,,,,,,,,,
1684958400000,26485,,,,,,,,,
1684972800000,,25855.5,,25855.5,,25855.5,,25855.5,,25855.5
1684987200000,,,,,,,,,,
1685001600000,,26119,,,,,,,,
1685016000000,,,,,,,,,,
1685030400000,26628,,26628,,26628,,26628,,,
1685044800000,,,,,,,,,,
1685059200000,,,,,,,,,,
1685073600000,,26323.5,,26323.5,,,,,,
1685088000000,,,,,,,,,,
1685102400000,26935.5,26347,26935.5,,26935.5,,26935.5,,26935.5,
1685116800000,,,,,,,,,,
1685131200000,,,,,,,,,,
1685145600000,,26632,,,,,,,,
1685160000000,26779,,,,,,,,,
1685174400000,,,,,,,,,,
1685188800000,,26549,,26549,,26549,,26549,,26549
1685203200000,,,,,,,,,,
1685217600000,,,,,,,,,,
1685232000000,,,,,,,,,,
1685246400000,,,,,,,,,,
1685260800000,27343,,,,,,,,,
1685275200000,,27092.5,,27092.5,,,,,,
1685289600000,,,,,,,,,,
1685304000000,,,,,,,,,,
1685318400000,28454.5,,28454.5,,28454.5,,28454.5,,28454.5,
1685332800000,,,,,,,,,,
1685347200000,,,,,,,,,,
1685361600000,,,,,,,,,,
1685376000000,,27538,,27538,,27538,,27538,,
1685390400000,,,,,,,,,,
1685404800000,27959,,,,,,,,,
1685419200000,,,,,,,,,,
1685433600000,28054,,28054,,28054,,28054,,28054,
1685448000000,,,,,,,,,,
1685462400000,,27550.5,,27550.5,,,,,,
1685476800000,,,,,,,,,,
1685491200000,,,,,,,,,,
1685505600000,,26962.5,,,,,,,,
1685520000000,,,,,,,,,,
1685534400000,27230,26811.5,,26811.5,,,,,,
1685548800000,,,,,,,,,,
1685563200000,,,,,,,,,,
1685577600000,27356.5,26600.5,27356.5,26600.5,27356.5,26600.5,27356.5,26600.5,,26600.5
1685592000000,,,,,,,,,,
1685606400000,,,,,,,,,,
1685620800000,,,,,,,,,,
1685635200000,27177,26641,27177,,,,,,,
1685649600000,,,,,,,,,,
1685664000000,,26493,,26493,,26493,,26493,,26493
1685678400000,27218,,,,,,,,,
1685692800000,,,,,,,,,,
1685707200000,,26839.5,,26839.5,,,,,,
1685721600000,27308,,27308,,27308,,27308,,,
1685736000000,,,,,,,,,,
1685750400000,,27098,,,,,,,,
1685764800000,,,,,,,,,,
1685779200000,,,,,,,,,,
1685793600000,27338.5,,27338.5,,27338.5,,27338.5,,27338.5,
1685808000000,,,,,,,,,,
1685822400000,,26910,,26910,,26910,,26910,,26910
1685836800000,,,,,,,,,,
1685851200000,,,,,,,,,,
1685865600000,,,,,,,,,,
1685880000000,27310,,,,,,,,,
1685894400000,,,,,,,,,,
1685908800000,27470,,27470,,27470,,27470,,27470,
1685923200000,,,,,,,,,,
1685937600000,,,,,,,,,,
1685952000000,,,,,,,,,,
1685966400000,,,,,,,,,,
1685980800000,,25368.5,,25368.5,,25368.5,,25368.5,,
1685995200000,,,,,,,,,,
1686009600000,,,,,,,,,,
1686024000000,25810,,,,,,,,,
1686038400000,,,,,,,,,,
1686052800000,,25345.5,,25345.5,,25345.5,,25345.5,,25345.5
1686067200000,,,,,,,,,,
1686081600000,,,,,,,,,,
1686096000000,27396.5,26731.5,27396.5,,27396.5,,27396.5,,27396.5,
1686110400000,,,,,,,,,,
1686124800000,,,,,,,,,,
1686139200000,,26229,,,,,,,,
1686153600000,,,,,,,,,,
1686168000000,,26096,,26096,,26096,,26096,,26096
1686182400000,,,,,,,,,,
1686196800000,26515.5,,,,,,,,,
1686211200000,,,,,,,,,,
1686225600000,26813,26283,26813,,26813,,26813,,26813,
1686240000000,,,,,,,,,,
1686254400000,,,,,,,,,,
1686268800000,,26259.5,,26259.5,,26259.5,,26259.5,,26259.5
1686283200000,,,,,,,,,,
1686297600000,,,,,,,,,,
1686312000000,26777,,26777,,26777,,26777,,26777,
1686326400000,,26376,,,,,,,,
1686340800000,,,,,,,,,,
1686355200000,26531,,26531,,,,,,,
1686369600000,,25452,,25452,,,,,,
1686384000000,,,,,,,,,,
1686398400000,,,,,,,,,,
1686412800000,26169,25321.5,26169,25321.5,,25321.5,,25321.5,,25321.5
1686427200000,,,,,,,,,,
1686441600000,,,,,,,,,,
1686456000000,,25635.5,,25635.5,,,,,,
1686470400000,25848.5,,,,,,,,,
1686484800000,,25673.5,,,,,,,,
1686499200000,,,,,,,,,,
1686513600000,26210,,26210,,26210,,26210,,26210,
1686528000000,,25601.5,,25601.5,,25601.5,,25601.5,,25601.5
1686542400000,,,,,,,,,,
1686556800000,26100,,26100,,,,,,,
1686571200000,,,,,,,,,,
1686585600000,,25623,,25623,,25623,,,,
1686600000000,,,,,,,,,,
1686614400000,26158,,,,,,,,,
1686628800000,,,,,,,,,,
1686643200000,,,,,,,,,,
1686657600000,26420,25706,26420,25706,26420,25706,26420,25706,26420,
1686672000000,,,,,,,,,,
1686686400000,,,,,,,,,,
1686700800000,26038,,26038,,,,,,,
1686715200000,,25833.5,,,,,,,,
1686729600000,,,,,,,,,,
1686744000000,,,,,,,,,,
1686758400000,26116.5,,26116.5,,26116.5,,26116.5,,26116.5,
1686772800000,,24754.5,,24754.5,,,,,,
1686787200000,,,,,,,,,,
1686801600000,,,,,,,,,,
1686816000000,,24744,,24744,,24744,,24744,,24744
1686830400000,,,,,,,,,,
1686844800000,,,,,,,,,,
1686859200000,25743,,25743,,25743,,,,,
1686873600000,,,,,,,,,,
1686888000000,,,,,,,,,,
1686902400000,,,,,,,,,,
1686916800000,,25133.5,,25133.5,,25133.5,,25133.5,,
1686931200000,26505,,26505,,,,,,,
1686945600000,,,,,,,,,,
1686960000000,,26183,,,,,,,,
1686974400000,26857,,26857,,26857,,26857,,26857,
1686988800000,,,,,,,,,,
1687003200000,,26313,,,,,,,,
1687017600000,,,,,,,,,,
1687032000000,26596,,,,,,,,,
1687046400000,,26383,,,,,,,,
1687060800000,26679.5,,26679.5,,26679.5,,,,,
1687075200000,,,,,,,,,,
1687089600000,,26430,,,,,,,,
1687104000000,,,,,,,,,,
1687118400000,26699.5,26230,26699.5,26230,26699.5,26230,26699.5,26230,,26230
1687132800000,,,,,,,,,,
1687147200000,26472,,,,,,,,,
1687161600000,,,,,,,,,,
1687176000000,,,,,,,,,,
1687190400000,27057.5,26288,,26288,,26288,,,,
1687204800000,,,,,,,,,,
1687219200000,27173,,27173,,27173,,,,,
1687233600000,,,,,,,,,,
1687248000000,,,,,,,,,,
1687262400000,,26629,,26629,,26629,,26629,,
1687276800000,,,,,,,,,,
1687291200000,,,,,,,,,,
1687305600000,29109,,,,,,,,,
1687320000000,,,,,,,,,,
1687334400000,,,,,,,,,,
1687348800000,,,,,,,,,,
1687363200000,30847,,30847,,30847,,30847,,30847,
1687377600000,,,,,,,,,,
1687392000000,30508.5,,,,,,,,,
1687406400000,,,,,,,,,,
1687420800000,,,,,,,,,,
1687435200000,30353.5,29511.5,30353.5,29511.5,,29511.5,,29511.5,,29511.5
1687449600000,,,,,,,,,,
1687464000000,30264,,,,,,,,,
1687478400000,,29805,,29805,,,,,,
1687492800000,,,,,,,,,,
1687507200000,,29902,,,,,,,,
1687521600000,31475,,31475,,31475,,31475,,31475,
1687536000000,,,,,,,,,,
1687550400000,,,,,,,,,,
1687564800000,,30415,,30415,,,,,,
1687579200000,,,,,,,,,,
1687593600000,,,,,,,,,,
1687608000000,30822,,30822,,30822,,,,,
1687622400000,,30261.5,,30261.5,,30261.5,,30261.5,,30261.5
1687636800000,,,,,,,,,,
1687651200000,,,,,,,,,,
1687665600000,31046,,31046,,31046,,31046,,31046,
1687680000000,,,,,,,,,,
1687694400000,,,,,,,,,,
1687708800000,,,,,,,,,,
1687723200000,,,,,,,,,,
1687737600000,,29959.5,,29959.5,,29959.5,,,,
1687752000000,30574,,,,,,,,,
1687766400000,,30102,,,,,,,,
1687780800000,30650,,30650,,30650,,30650,,,
1687795200000,,29925,,29925,,29925,,29925,,29925
1687809600000,,,,,,,,,,
1687824000000,30489,,,,,,,,,
1687838400000,,,,,,,,,,
1687852800000,,,,,,,,,,
1687867200000,31019.5,,31019.5,,31019.5,,31019.5,,31019.5,
1687881600000,,,,,,,,,,
1687896000000,,,,,,,,,,
1687910400000,,,,,,,,,,
1687924800000,,,,,,,,,,
1687939200000,,,,,,,,,,
1687953600000,30490,,30490,,,,,,,
1687968000000,,29819.5,,29819.5,,29819.5,,29819.5,,29819.5
1687982400000,,,,,,,,,,
1687996800000,,,,,,,,,,
1688011200000,,,,,,,,,,
1688025600000,,,,,,,,,,
1688040000000,30835,,30835,,,,,,,
1688054400000,,,,,,,,,,
1688068800000,,30241,,30241,,30241,,,,
1688083200000,,,,,,,,,,
1688097600000,31310.5,,31310.5,,31310.5,,31310.5,,31310.5,
1688112000000,,,,,,,,,,
1688126400000,31136.5,29400,,29400,,29400,,29400,,29400
1688140800000,,,,,,,,,,
1688155200000,,,,,,,,,,
1688169600000,,,,,,,,,,
1688184000000,,30311,,30311,,,,,,
1688198400000,,,,,,,,,,
1688212800000,30660,,30660,,30660,,30660,,,
1688227200000,,,,,,,,,,
1688241600000,,,,,,,,,,
1688256000000,30648.5,,30648.5,,,,,,,
1688270400000,,30458.5,,,,,,,,
1688284800000,,,,,,,,,,
1688299200000,,30144,,30144,,30144,,30144,,30144
1688313600000,,,,,,,,,,
1688328000000,,,,,,,,,,
1688342400000,30808,,30808,,,,,,,
1688356800000,,,,,,,,,,
1688371200000,,,,,,,,,,
1688385600000,,30563,,30563,,30563,,,,
1688400000000,31400,,31400,,31400,,31400,,31400,
1688414400000,,,,,,,,,,
1688428800000,31331.5,,,,,,,,,
1688443200000,,,,,,,,,,
1688457600000,,30857.5,,,,,,,,
1688472000000,,,,,,,,,,
1688486400000,31157,30635,31157,30635,,30635,,,,
1688500800000,,,,,,,,,,
1688515200000,30879.5,,,,,,,,,
1688529600000,,,,,,,,,,
1688544000000,,,,,,,,,,
1688558400000,,30200,,30200,,30200,,30200,,30200
1688572800000,30600,,,,,,,,,
1688587200000,,,,,,,,,,
1688601600000,,30331,,30331,,,,,,
1688616000000,,,,,,,,,,
1688630400000,31542.5,,31542.5,,31542.5,,31542.5,,31542.5,
1688644800000,,29866,,,,,,,,
1688659200000,,,,,,,,,,
1688673600000,,,,,,,,,,
1688688000000,,29688,,29688,,29688,,29688,,29688
1688702400000,30290,,,,,,,,,
1688716800000,,,,,,,,,,
1688731200000,,,,,,,,,,
1688745600000,30448.5,,30448.5,,30448.5,,30448.5,,30448.5,
1688760000000,,,,,,,,,,
1688774400000,30375,,,,,,,,,
1688788800000,,30136.5,,30136.5,,,,,,
1688803200000,30305.5,,,,,,,,,
1688817600000,,,,,,,,,,
1688832000000,30313.5,30038,,30038,,30038,,30038,,30038
1688846400000,,,,,,,,,,
1688860800000,30390.5,,30390.5,,,,,,,
1688875200000,,30231,,,,,,,,
1688889600000,,,,,,,,,,
1688904000000,30439,30178,30439,,30439,,30439,,30439,
1688918400000,,,,,,,,,,
1688932800000,,,,,,,,,,
1688947200000,30248,29950,,29950,,29950,,29950,,29950
1688961600000,,,,,,,,,,
1688976000000,,29990.5,,,,,,,,
1688990400000,,,,,,,,,,
1689004800000,,,,,,,,,,
1689019200000,31044.5,30170.5,31044.5,,31044.5,,31044.5,,31044.5,
1689033600000,,,,,,,,,,
1689048000000,30650,,,,,,,,,
1689062400000,,,,,,,,,,
1689076800000,30829.5,30287.5,30829.5,30287.5,30829.5,30287.5,,,,
1689091200000,,,,,,,,,,
1689105600000,,,,,,,,,,
1689120000000,,30503.5,,,,,,,,
1689134400000,30852.5,,,,,,,,,
1689148800000,,,,,,,,,,
1689163200000,30979.5,,30979.5,,30979.5,,30979.5,,30979.5,
1689177600000,,30203,,30203,,30203,,30203,,30203
1689192000000,,,,,,,,,,
1689206400000,30437,,,,,,,,,
1689220800000,,30254.5,,,,,,,,
1689235200000,,,,,,,,,,
1689249600000,,,,,,,,,,
1689264000000,31869,,31869,,31869,,31869,,31869,
1689278400000,,,,,,,,,,
1689292800000,,,,,,,,,,
1689307200000,,31081,,,,,,,,
1689321600000,,,,,,,,,,
1689336000000,31373,,,,,,,,,
1689350400000,,29900,,29900,,29900,,29900,,29900
1689364800000,,,,,,,,,,
1689379200000,30399,,,,,,,,,
1689393600000,,,,,,,,,,
1689408000000,30364.5,,,,,,,,,
1689422400000,,30252.5,,,,,,,,
1689436800000,,,,,,,,,,
1689451200000,,,,,,,,,,
1689465600000,30329.5,30060,,30060,,30060,,30060,,30060
1689480000000,,,,,,,,,,
1689494400000,,,,,,,,,,
1689508800000,30435.5,,30435.5,,30435.5,,30435.5,,30435.5,
1689523200000,,,,,,,,,,
1689537600000,,30126.5,,30126.5,,,,,,
1689552000000,,,,,,,,,,
1689566400000,,,,,,,,,,
1689580800000,30325,29955.5,,,,,,,,
1689595200000,,,,,,,,,,
1689609600000,,29608.5,,29608.5,,29608.5,,29608.5,,29608.5
1689624000000,30286,,,,,,,,,
1689638400000,,,,,,,,,,
1689652800000,,,,,,,,,,
1689667200000,,,,,,,,,,
1689681600000,,,,,,,,,,
1689696000000,,29272,,29272,,29272,,29272,,29272
1689710400000,,,,,,,,,,
1689724800000,,,,,,,,,,
1689739200000,30196,,30196,,30196,,30196,,30196,
1689753600000,,,,,,,,,,
1689768000000,30124.5,29743,,29743,,29743,,,,
1689782400000,,,,,,,,,,
1689796800000,,29810,,,,,,,,
1689811200000,,,,,,,,,,
1689825600000,,,,,,,,,,
1689840000000,30418,,30418,,30418,,30418,,30418,
1689854400000,,,,,,,,,,
1689868800000,,29461,,29461,,29461,,29461,,29461
1689883200000,,,,,,,,,,
1689897600000,29944,,29944,,,,,,,
1689912000000,,,,,,,,,,
1689926400000,,29724,,,,,,,,
1689940800000,,,,,,,,,,
1689955200000,30063,29762.5,30063,,30063,,30063,,30063,
1689969600000,,,,,,,,,,
1689984000000,29996,,,,,,,,,
1689998400000,,29832,,,,,,,,
1690012800000,,,,,,,,,,
1690027200000,,,,,,,,,,
1690041600000,29906,,,,,,,,,
1690056000000,,29622.5,,29622.5,,29622.5,,29622.5,,29622.5
1690070400000,,,,,,,,,,
1690084800000,29968.5,,29968.5,,,,,,,
1690099200000,,,,,,,,,,
1690113600000,,29845,,,,,,,,
1690128000000,30335.5,,30335.5,,30335.5,,30335.5,,30335.5,
1690142400000,,,,,,,,,,
1690156800000,,,,,,,,,,
1690171200000,,,,,,,,,,
1690185600000,,,,,,,,,,
1690200000000,,28827,,28827,,28827,,28827,,28827
1690214400000,,,,,,,,,,
1690228800000,29200,,,,,,,,,
1690243200000,,29043.5,,,,,,,,
1690257600000,,,,,,,,,,
1690272000000,,,,,,,,,,
1690286400000,,29075,,,,,,,,
1690300800000,29370,,,,,,,,,
1690315200000,,,,,,,,,,
1690329600000,29400,29059,29400,29059,29400,29059,,29059,,29059
1690344000000,,,,,,,,,,
1690358400000,,29135.5,,,,,,,,
1690372800000,,,,,,,,,,
1690387200000,,,,,,,,,,
1690401600000,29670,,29670,,29670,,29670,,29670,
1690416000000,,,,,,,,,,
1690430400000,,,,,,,,,,
1690444800000,29563,,29563,,,,,,,
1690459200000,,,,,,,,,,
1690473600000,,29060,,29060,,29060,,29060,,29060
1690488000000,,,,,,,,,,
1690502400000,29290.5,,,,,,,,,
1690516800000,,,,,,,,,,
1690531200000,,29102,,29102,,,,,,
1690545600000,29532,,29532,,29532,,29532,,29532,
1690560000000,,29176.5,,,,,,,,
1690574400000,,,,,,,,,,
1690588800000,,,,,,,,,,
1690603200000,29396.5,,29396.5,,,,,,,
1690617600000,,29250,,29250,,29250,,,,
1690632000000,,,,,,,,,,
1690646400000,,,,,,,,,,
1690660800000,29370.5,,29370.5,,29370.5,,,,,
1690675200000,,,,,,,,,,
1690689600000,,,,,,,,,,
1690704000000,,29221,,,,,,,,
1690718400000,29431,,29431,,,,,,,
1690732800000,,,,,,,,,,
1690747200000,,29015,,29015,,29015,,29015,,29015
1690761600000,29523.5,,29523.5,,29523.5,,29523.5,,29523.5,
1690776000000,,,,,,,,,,
1690790400000,,,,,,,,,,
1690804800000,29464.5,,29464.5,,,,,,,
1690819200000,,29095,,,,,,,,
1690833600000,,,,,,,,,,
1690848000000,29332.5,28663,29332.5,28663,,,,,,
1690862400000,,,,,,,,,,
1690876800000,28990,,,,,,,,,
1690891200000,,28555,,28555,,28555,,28555,,28555
1690905600000,,,,,,,,,,
1690920000000,,,,,,,,,,
1690934400000,30049,,30049,,30049,,30049,,30049,
1690948800000,,,,,,,,,,
1690963200000,,,,,,,,,,
1690977600000,29605.5,,,,,,,,,
1690992000000,,28918.5,,28918.5,,28918.5,,28918.5,,28918.5
1691006400000,,,,,,,,,,
1691020800000,29264,,,,,,,,,
1691035200000,,,,,,,,,,
1691049600000,,28951.5,,28951.5,,28951.5,,,,
1691064000000,29438.5,,29438.5,,29438.5,,29438.5,,29438.5,
1691078400000,,,,,,,,,,
1691092800000,,,,,,,,,,
1691107200000,,29100,,29100,,,,,,
1691121600000,,,,,,,,,,
1691136000000,,,,,,,,,,
1691150400000,29328,,29328,,29328,,,,,
1691164800000,,,,,,,,,,
1691179200000,,28766.5,,28766.5,,28766.5,,28766.5,,28766.5
1691193600000,29126,,,,,,,,,
1691208000000,,29000.5,,,,,,,,
1691222400000,,,,,,,,,,
1691236800000,,28962.5,,28962.5,,28962.5,,,,
1691251200000,29074,,29074,,,,,,,
1691265600000,,,,,,,,,,
1691280000000,,,,,,,,,,
1691294400000,,,,,,,,,,
1691308800000,29120,,29120,,,,,,,
1691323200000,,28967,,28967,,28967,,28967,,28967
1691337600000,,,,,,,,,,
1691352000000,,,,,,,,,,
1691366400000,29211,28993,29211,,29211,,29211,,,
1691380800000,,,,,,,,,,
1691395200000,,,,,,,,,,
1691409600000,,,,,,,,,,
1691424000000,,28690,,28690,,28690,,28690,,28690
1691438400000,29302,,,,,,,,,
1691452800000,,,,,,,,,,
1691467200000,,,,,,,,,,
1691481600000,,29151,,,,,,,,
1691496000000,,,,,,,,,,
1691510400000,,,,,,,,,,
1691524800000,30244.5,,30244.5,,30244.5,,30244.5,,30244.5,
1691539200000,,29641,,,,,,,,
1691553600000,,,,,,,,,,
1691568000000,,,,,,,,,,
1691582400000,30129.5,,30129.5,,30129.5,,,,,
1691596800000,,,,,,,,,,
1691611200000,,29361,,29361,,29361,,29361,,
1691625600000,29658,,,,,,,,,
1691640000000,,,,,,,,,,
1691654400000,,,,,,,,,,
1691668800000,29725.5,,29725.5,,29725.5,,29725.5,,,
1691683200000,,29308.5,,29308.5,,29308.5,,29308.5,,29308.5
1691697600000,,,,,,,,,,
1691712000000,29485.5,29334,29485.5,,,,,,,
1691726400000,,,,,,,,,,
1691740800000,,29324.5,,,,,,,,
1691755200000,29563,,29563,,29563,,29563,,29563,
1691769600000,,29223,,29223,,29223,,29223,,29223
1691784000000,,,,,,,,,,
1691798400000,29443.5,29360.5,29443.5,,,,,,,
1691812800000,,,,,,,,,,
1691827200000,,,,,,,,,,
1691841600000,,,,,,,,,,
1691856000000,29482,,29482,,29482,,29482,,29482,
1691870400000,,,,,,,,,,
1691884800000,29439.5,,,,,,,,,
1691899200000,,29334,,29334,,,,,,
1691913600000,,,,,,,,,,
1691928000000,,,,,,,,,,
1691942400000,29445.5,,29445.5,,29445.5,,,,,
1691956800000,,,,,,,,,,
1691971200000,,29072.5,,29072.5,,29072.5,,29072.5,,29072.5
1691985600000,,,,,,,,,,
1692000000000,,,,,,,,,,
1692014400000,,,,,,,,,,
1692028800000,29676.5,29230.5,29676.5,29230.5,29676.5,29230.5,29676.5,,29676.5,
1692043200000,,,,,,,,,,
1692057600000,,,,,,,,,,
1692072000000,,29315.5,,,,,,,,
1692086400000,,,,,,,,,,
1692100800000,29463.5,,29463.5,,29463.5,,29463.5,,,
1692115200000,,29041.5,,29041.5,,29041.5,,29041.5,,
1692129600000,,,,,,,,,,
1692144000000,29230.5,,,,,,,,,
1692158400000,,,,,,,,,,
1692172800000,,,,,,,,,,
1692187200000,,,,,,,,,,
1692201600000,29221.5,,29221.5,,29221.5,,,,,
1692216000000,,,,,,,,,,
1692230400000,,28290,,28290,,,,,,
1692244800000,,,,,,,,,,
1692259200000,,,,,,,,,,
1692273600000,,,,,,,,,,
1692288000000,,,,,,,,,,
1692302400000,,23595,,23595,,23595,,23595,,23595
1692316800000,,,,,,,,,,
1692331200000,,26087.5,,,,,,,,
1692345600000,26597.5,,,,,,,,,
1692360000000,,,,,,,,,,
1692374400000,,25577.5,,25577.5,,25577.5,,25577.5,,
1692388800000,,,,,,,,,,
1692403200000,,,,,,,,,,
1692417600000,,25786,,25786,,,,,,
1692432000000,,,,,,,,,,
1692446400000,,25853.5,,,,,,,,
1692460800000,26258,,26258,,26258,,26258,,26258,
1692475200000,,26009.5,,,,,,,,
1692489600000,26180,,,,,,,,,
1692504000000,,26022,,,,,,,,
1692518400000,,,,,,,,,,
1692532800000,26209,25935,,25935,,25935,,25935,,
1692547200000,,,,,,,,,,
1692561600000,26292,,26292,,26292,,26292,,26292,
1692576000000,,,,,,,,,,
1692590400000,,,,,,,,,,
1692604800000,,,,,,,,,,
1692619200000,26186.5,25783.5,,25783.5,,25783.5,,25783.5,,25783.5
1692633600000,,,,,,,,,,
1692648000000,26252.5,,26252.5,,26252.5,,26252.5,,26252.5,
1692662400000,,,,,,,,,,
1692676800000,,25982,,,,,,,,
1692691200000,,,,,,,,,,
1692705600000,,,,,,,,,,
1692720000000,,,,,,,,,,
1692734400000,,25271,,25271,,25271,,25271,,25271
1692748800000,26165,,26165,,,,,,,
1692763200000,,,,,,,,,,
1692777600000,,,,,,,,,,
1692792000000,,25792,,25792,,25792,,,,
1692806400000,26815.5,,26815.5,,26815.5,,26815.5,,26815.5,
1692820800000,,,,,,,,,,
1692835200000,,,,,,,,,,
1692849600000,,,,,,,,,,
1692864000000,26586.5,,26586.5,,,,,,,
1692878400000,,,,,,,,,,
1692892800000,,25832,,25832,,25832,,25832,,
1692907200000,26183,,,,,,,,,
1692921600000,,,,,,,,,,
1692936000000,,25945,,,,,,,,
1692950400000,,,,,,,,,,
1692964800000,26289.5,25750,26289.5,25750,26289.5,25750,26289.5,25750,26289.5,25750
1692979200000,,,,,,,,,,
1692993600000,,,,,,,,,,
1693008000000,26110,,26110,,,,,,,
1693022400000,,,,,,,,,,
1693036800000,,,,,,,,,,
1693051200000,26055.5,25959.5,,25959.5,,,,,,
1693065600000,,,,,,,,,,
1693080000000,,,,,,,,,,
1693094400000,,25948.5,,25948.5,,25948.5,,25948.5,,25948.5
1693108800000,,,,,,,,,,
1693123200000,,,,,,,,,,
1693137600000,26155,,26155,,26155,,26155,,26155,
1693152000000,,,,,,,,,,
1693166400000,,,,,,,,,,
1693180800000,,,,,,,,,,
1693195200000,,,,,,,,,,
1693209600000,,,,,,,,,,
1693224000000,26224.5,,26224.5,,26224.5,,26224.5,,26224.5,
1693238400000,,25890,,,,,,,,
1693252800000,,,,,,,,,,
1693267200000,26180,,26180,,,,,,,
1693281600000,,,,,,,,,,
1693296000000,,25900,,25900,,25900,,,,
1693310400000,,,,,,,,,,
1693324800000,28136.5,,28136.5,,28136.5,,28136.5,,28136.5,
1693339200000,,,,,,,,,,
1693353600000,,27265.5,,27265.5,,,,,,
1693368000000,,,,,,,,,,
1693382400000,27496,,,,,,,,,
1693396800000,,26984,,26984,,26984,,26984,,26984
1693411200000,,,,,,,,,,
1693425600000,27333,,,,,,,,,
1693440000000,,27158.5,,,,,,,,
1693454400000,,,,,,,,,,
1693468800000,27616.5,,27616.5,,27616.5,,27616.5,,27616.5,
1693483200000,,,,,,,,,,
1693497600000,,,,,,,,,,
1693512000000,,25605,,25605,,25605,,,,
1693526400000,,,,,,,,,,
1693540800000,26076,,,,,,,,,
1693555200000,,,,,,,,,,
1693569600000,26132.5,,26132.5,,26132.5,,,,,
1693584000000,,25302,,25302,,25302,,25302,,25302
1693598400000,,,,,,,,,,
1693612800000,,,,,,,,,,
1693627200000,,,,,,,,,,
1693641600000,,25746.5,,,,,,,,
1693656000000,25970,,25970,,25970,,25970,,25970,
1693670400000,,25750,,,,,,,,
1693684800000,,,,,,,,,,
1693699200000,,,,,,,,,,
1693713600000,25935.5,,,,,,,,,
1693728000000,,,,,,,,,,
1693742400000,26062,,,,,,,,,
1693756800000,,,,,,,,,,
1693771200000,26163.5,,26163.5,,26163.5,,26163.5,,26163.5,
1693785600000,,25861.5,,,,,,,,
1693800000000,,,,,,,,,,
1693814400000,,,,,,,,,,
1693828800000,,25703,,,,,,,,
1693843200000,,,,,,,,,,
1693857600000,,,,,,,,,,
1693872000000,,25532.5,,25532.5,,25532.5,,25532.5,,25532.5
1693886400000,,,,,,,,,,
1693900800000,,,,,,,,,,
1693915200000,25884,25575,25884,25575,25884,,,,,
1693929600000,,,,,,,,,,
1693944000000,,25653.5,,,,,,,,
1693958400000,25843.5,,25843.5,,,,,,,
1693972800000,,,,,,,,,,
1693987200000,,,,,,,,,,
1694001600000,,,,,,,,,,
1694016000000,26052.5,25333,26052.5,25333,26052.5,25333,26052.5,25333,26052.5,25333
1694030400000,,,,,,,,,,
1694044800000,,,,,,,,,,
1694059200000,25827.5,,25827.5,,,,,,,
1694073600000,,,,,,,,,,
1694088000000,,25581,,25581,,25581,,25581,,
1694102400000,,,,,,,,,,
1694116800000,,,,,,,,,,
1694131200000,26436.5,,26436.5,,26436.5,,26436.5,,26436.5,
1694145600000,,,,,,,,,,
1694160000000,,25612,,25612,,25612,,25612,,
1694174400000,,,,,,,,,,
1694188800000,,25702,,,,,,,,
1694203200000,25914,,,,,,,,,
1694217600000,,,,,,,,,,
1694232000000,,25820,,,,,,,,
1694246400000,,,,,,,,,,
1694260800000,,25784,,25784,,25784,,,,
1694275200000,25930.5,,25930.5,,25930.5,,25930.5,,25930.5,
1694289600000,,,,,,,,,,
1694304000000,,,,,,,,,,
1694318400000,,25733.5,,,,,,,,
1694332800000,,,,,,,,,,
1694347200000,,,,,,,,,,
1694361600000,,25536.5,,25536.5,,25536.5,,25536.5,,
1694376000000,26016,,26016,,26016,,26016,,26016,
1694390400000,,25626,,,,,,,,
1694404800000,25886,,,,,,,,,
1694419200000,,,,,,,,,,
1694433600000,,24900,,,,,,,,
1694448000000,,,,,,,,,,
1694462400000,,24855,,24855,,24855,,24855,,24855
1694476800000,,,,,,,,,,
1694491200000,,,,,,,,,,
1694505600000,,,,,,,,,,
1694520000000,,,,,,,,,,
1694534400000,26576,,26576,,26576,,26576,,26576,
1694548800000,,,,,,,,,,
1694563200000,,25745,,25745,,25745,,,,
1694577600000,,,,,,,,,,
1694592000000,,,,,,,,,,
1694606400000,,,,,,,,,,
1694620800000,26395.5,,,,,,,,,
1694635200000,,,,,,,,,,
1694649600000,26537.5,26118,26537.5,,,,,,,
1694664000000,,,,,,,,,,
1694678400000,,,,,,,,,,
1694692800000,,,,,,,,,,
1694707200000,26865.5,,26865.5,,26865.5,,26865.5,,26865.5,
1694721600000,,,,,,,,,,
1694736000000,,26435,,,,,,,,
1694750400000,,,,,,,,,,
1694764800000,26692.5,,26692.5,,,,,,,
1694779200000,,26213,,26213,,26213,,26213,,26213
1694793600000,,,,,,,,,,
1694808000000,26895.5,,26895.5,,26895.5,,26895.5,,26895.5,
1694822400000,,,,,,,,,,
1694836800000,,,,,,,,,,
1694851200000,,26443,,26443,,,,,,
1694865600000,,,,,,,,,,
1694880000000,26618.5,,26618.5,,,,,,,
1694894400000,,,,,,,,,,
1694908800000,,26407,,26407,,26407,,26407,,
1694923200000,,,,,,,,,,
1694937600000,26615,,26615,,26615,,,,,
1694952000000,,,,,,,,,,
1694966400000,,,,,,,,,,
1694980800000,,,,,,,,,,
1694995200000,,26365,,26365,,26365,,26365,,26365
1695009600000,,,,,,,,,,
1695024000000,,,,,,,,,,
1695038400000,27405,,27405,,27405,,27405,,,
1695052800000,,26623,,26623,,,,,,
1695067200000,,,,,,,,,,
1695081600000,,26659,,,,,,,,
1695096000000,,,,,,,,,,
1695110400000,,,,,,,,,,
1695124800000,27480.5,,27480.5,,27480.5,,27480.5,,27480.5,
1695139200000,,,,,,,,,,
1695153600000,,26966,,,,,,,,
1695168000000,27389,,,,,,,,,
1695182400000,,26919.5,,26919.5,,,,,,
1695196800000,,,,,,,,,,
1695211200000,,,,,,,,,,
1695225600000,27301,26768,27301,26768,27301,26768,,,,
1695240000000,,,,,,,,,,
1695254400000,,,,,,,,,,
1695268800000,,,,,,,,,,
1695283200000,,,,,,,,,,
1695297600000,,26358,,26358,,26358,,26358,,26358
1695312000000,,,,,,,,,,
1695326400000,,,,,,,,,,
1695340800000,,26454,,26454,,,,,,
1695355200000,,,,,,,,,,
1695369600000,26730,,26730,,26730,,26730,,,
1695384000000,,,,,,,,,,
1695398400000,,,,,,,,,,
1695412800000,,26464,,26464,,26464,,26464,,
1695427200000,26606,,,,,,,,,
1695441600000,,26501.5,,,,,,,,
1695456000000,26583.5,,,,,,,,,
1695470400000,,26542,,,,,,,,
1695484800000,26626.5,,26626.5,,26626.5,,26626.5,,26626.5,
1695499200000,,,,,,,,,,
1695513600000,,,,,,,,,,
1695528000000,,26536,,26536,,,,,,
1695542400000,,,,,,,,,,
1695556800000,,,,,,,,,,
1695571200000,26740.5,,26740.5,,26740.5,,26740.5,,26740.5,
1695585600000,,,,,,,,,,
1695600000000,,25972.5,,25972.5,,25972.5,,25972.5,,25972.5
1695614400000,,,,,,,,,,
1695628800000,,,,,,,,,,
1695643200000,,25978,,25978,,,,,,
1695657600000,,,,,,,,,,
1695672000000,26438,,26438,,26438,,26438,,26438,
1695686400000,,26221.5,,,,,,,,
1695700800000,,,,,,,,,,
1695715200000,,,,,,,,,,
1695729600000,,26083,,,,,,,,
1695744000000,,,,,,,,,,
1695758400000,,26061.5,,26061.5,,26061.5,,26061.5,,26061.5
1695772800000,26278.5,,,,,,,,,
1695787200000,,,,,,,,,,
1695801600000,,,,,,,,,,
1695816000000,26849,,26849,,26849,,26849,,26849,
1695830400000,,26087,,26087,,26087,,26087,,
1695844800000,,,,,,,,,,
1695859200000,26537.5,,,,,,,,,
1695873600000,,,,,,,,,,
1695888000000,,,,,,,,,,
1695902400000,,,,,,,,,,
1695916800000,27287,,27287,,27287,,27287,,27287,
1695931200000,,,,,,,,,,
1695945600000,,26862,,,,,,,,
1695960000000,27242.5,,27242.5,,,,,,,
1695974400000,,,,,,,,,,
1695988800000,,26636,,26636,,26636,,26636,,26636
1696003200000,,,,,,,,,,
1696017600000,26977,,,,,,,,,
1696032000000,,,,,,,,,,
1696046400000,,,,,,,,,,
1696060800000,,,,,,,,,,
1696075200000,27078,26901.5,,26901.5,,,,,,
1696089600000,,,,,,,,,,
1696104000000,27078,26942,,,,,,,,
1696118400000,,,,,,,,,,
1696132800000,,,,,,,,,,
1696147200000,27278,,27278,,,,,,,
1696161600000,,,,,,,,,,
1696176000000,,27016,,27016,,,,,,
1696190400000,28344,,,,,,,,,
1696204800000,,,,,,,,,,
1696219200000,,,,,,,,,,
1696233600000,,,,,,,,,,
1696248000000,28623,,28623,,28623,,28623,,28623,
1696262400000,,,,,,,,,,
1696276800000,,27276,,27276,,27276,,,,
1696291200000,,,,,,,,,,
1696305600000,27660,,,,,,,,,
1696320000000,,,,,,,,,,
1696334400000,,27222,,,,,,,,
1696348800000,,,,,,,,,,
1696363200000,,27147,,27147,,27147,,27147,,27147
1696377600000,27494.5,,,,,,,,,
1696392000000,,,,,,,,,,
1696406400000,27637.5,,,,,,,,,
1696420800000,,27310.5,,27310.5,,,,,,
1696435200000,27842.5,,,,,,,,,
1696449600000,,,,,,,,,,
1696464000000,27894.5,,27894.5,,,,,,,
1696478400000,,27535,,,,,,,,
1696492800000,,,,,,,,,,
1696507200000,28118,,28118,,28118,,28118,,28118,
1696521600000,,27340,,27340,,27340,,27340,,
1696536000000,,,,,,,,,,
1696550400000,,,,,,,,,,
1696564800000,,,,,,,,,,
1696579200000,,,,,,,,,,
1696593600000,28053,27050,,27050,,27050,,27050,,27050
1696608000000,,,,,,,,,,
1696622400000,28312.5,,28312.5,,28312.5,,28312.5,,28312.5,
1696636800000,,27852,,,,,,,,
1696651200000,,,,,,,,,,
1696665600000,28028,,28028,,,,,,,
1696680000000,,,,,,,,,,
1696694400000,,27852.5,,27852.5,,27852.5,,,,
1696708800000,,,,,,,,,,
1696723200000,28084.5,,28084.5,,28084.5,,28084.5,,28084.5,
1696737600000,,,,,,,,,,
1696752000000,,,,,,,,,,
1696766400000,28011,27658.5,,27658.5,,27658.5,,27658.5,,
1696780800000,,,,,,,,,,
1696795200000,,27791.5,,,,,,,,
1696809600000,28000,,28000,,,,,,,
1696824000000,,,,,,,,,,
1696838400000,,,,,,,,,,
1696852800000,,,,,,,,,,
1696867200000,27746,27250.5,,27250.5,,27250.5,,27250.5,,27250.5
1696881600000,,,,,,,,,,
1696896000000,,27500.5,,,,,,,,
1696910400000,,,,,,,,,,
1696924800000,27747.5,,27747.5,,27747.5,,27747.5,,27747.5,
1696939200000,,,,,,,,,,
1696953600000,,27283,,,,,,,,
1696968000000,,,,,,,,,,
1696982400000,27469.5,,,,,,,,,
1696996800000,,26942,,,,,,,,
1697011200000,27325,,,,,,,,,
1697025600000,,,,,,,,,,
1697040000000,,26500,,26500,,26500,,26500,,26500
1697054400000,,,,,,,,,,
1697068800000,26938,,26938,,,,,,,
1697083200000,,,,,,,,,,
1697097600000,,,,,,,,,,
1697112000000,,,,,,,,,,
1697126400000,,26540.5,,26540.5,,26540.5,,26540.5,,26540.5
1697140800000,,,,,,,,,,
1697155200000,,,,,,,,,,
1697169600000,26934,,,,,,,,,
1697184000000,,,,,,,,,,
1697198400000,26960,,,,,,,,,
1697212800000,,26667.5,,26667.5,,26667.5,,26667.5,,26667.5
1697227200000,27118,,27118,,27118,,27118,,27118,
1697241600000,,,,,,,,,,
1697256000000,,,,,,,,,,
1697270400000,,,,,,,,,,
1697284800000,,,,,,,,,,
1697299200000,26938.5,,26938.5,,26938.5,,,,,
1697313600000,,26786,,26786,,26786,,26786,,26786
1697328000000,26899.5,,,,,,,,,
1697342400000,,,,,,,,,,
1697356800000,,,,,,,,,,
1697371200000,,26800.5,,26800.5,,26800.5,,,,
1697385600000,,,,,,,,,,
1697400000000,27299.5,,,,,,,,,
1697414400000,,,,,,,,,,
1697428800000,27988.5,,,,,,,,,
1697443200000,,,,,,,,,,
1697457600000,30640.5,,30640.5,,30640.5,,30640.5,,30640.5,
1697472000000,,,,,,,,,,
1697486400000,,,,,,,,,,
1697500800000,,,,,,,,,,
1697515200000,,28059,,28059,,28059,,,,
1697529600000,28617,,,,,,,,,
1697544000000,,28122.5,,,,,,,,
1697558400000,28629.5,,28629.5,,,,,,,
1697572800000,,,,,,,,,,
1697587200000,,28328,,,,,,,,
1697601600000,29000,,29000,,29000,,29000,,29000,
1697616000000,,,,,,,,,,
1697630400000,,28143,,28143,,,,,,
1697644800000,28436,,,,,,,,,
1697659200000,,,,,,,,,,
1697673600000,28404,28068,,28068,,28068,,28068,,28068
1697688000000,,,,,,,,,,
1697702400000,,,,,,,,,,
1697716800000,,,,,,,,,,
1697731200000,28915.5,,,,,,,,,
1697745600000,,,,,,,,,,
1697760000000,29414.5,28579,,,,,,,,
1697774400000,,,,,,,,,,
1697788800000,30279,,30279,,30279,,30279,,30279,
1697803200000,,,,,,,,,,
1697817600000,,29313,,,,,,,,
1697832000000,29779.5,,,,,,,,,
1697846400000,,29468,,,,,,,,
1697860800000,,,,,,,,,,
1697875200000,,,,,,,,,,
1697889600000,,,,,,,,,,
1697904000000,30387.5,,30387.5,,30387.5,,30387.5,,30387.5,
1697918400000,,,,,,,,,,
1697932800000,,,,,,,,,,
1697947200000,30352,29629,30352,29629,,29629,,29629,,
1697961600000,,,,,,,,,,
1697976000000,,,,,,,,,,
1697990400000,,,,,,,,,,
1698004800000,,29688,,29688,,29688,,,,
1698019200000,,,,,,,,,,
1698033600000,30987,,30987,,,,,,,
1698048000000,,30338.5,,,,,,,,
1698062400000,,,,,,,,,,
1698076800000,,,,,,,,,,
1698091200000,35750,,35750,,35750,,35750,,35750,
1698105600000,,,,,,,,,,
1698120000000,,,,,,,,,,
1698134400000,34909,,,,,,,,,
1698148800000,,33193.5,,33193.5,,,,,,
1698163200000,,,,,,,,,,
1698177600000,,,,,,,,,,
1698192000000,34406,,,,,,,,,
1698206400000,,33683,,,,,,,,
1698220800000,,,,,,,,,,
1698235200000,,,,,,,,,,
1698249600000,35185,,35185,,35185,,35185,,35185,
1698264000000,,34267,,,,,,,,
1698278400000,,,,,,,,,,
1698292800000,,,,,,,,,,
1698307200000,,,,,,,,,,
1698321600000,,,,,,,,,,
1698336000000,,33756,,33756,,33756,,33756,,33756
1698350400000,34320.5,,,,,,,,,
1698364800000,,33790.5,,,,,,,,
1698379200000,34276.5,,,,,,,,,
1698393600000,,,,,,,,,,
1698408000000,34238,,,,,,,,,
1698422400000,,33330.5,,33330.5,,33330.5,,33330.5,,33330.5
1698436800000,,,,,,,,,,
1698451200000,,,,,,,,,,
1698465600000,,,,,,,,,,
1698480000000,34560,,34560,,34560,,34560,,34560,
1698494400000,,33952,,33952,,,,,,
1698508800000,34272,,,,,,,,,
1698523200000,,,,,,,,,,
1698537600000,,,,,,,,,,
1698552000000,,33955.5,,33955.5,,33955.5,,,,
1698566400000,,,,,,,,,,
1698580800000,,,,,,,,,,
1698595200000,34800,,34800,,34800,,34800,,,
1698609600000,,,,,,,,,,
1698624000000,,34139.5,,34139.5,,34139.5,,,,
1698638400000,,,,,,,,,,
1698652800000,,,,,,,,,,
1698667200000,34904,,34904,,34904,,34904,,34904,
1698681600000,,34056,,34056,,34056,,34056,,34056
1698696000000,,,,,,,,,,
1698710400000,34637.5,,,,,,,,,
1698724800000,,,,,,,,,,
1698739200000,34576,34060,,34060,,34060,,,,
1698753600000,,,,,,,,,,
1698768000000,,,,,,,,,,
1698782400000,34774,,34774,,34774,,,,,
1698796800000,,,,,,,,,,
1698811200000,,34341.5,,,,,,,,
1698825600000,,,,,,,,,,
1698840000000,35287,34031.5,,34031.5,,34031.5,,34031.5,,34031.5
1698854400000,,,,,,,,,,
1698868800000,,,,,,,,,,
1698883200000,36098.5,,36098.5,,36098.5,,36098.5,,36098.5,
1698897600000,,35100.5,,,,,,,,
1698912000000,,,,,,,,,,
1698926400000,,,,,,,,,,
1698940800000,,34315.5,,34315.5,,,,,,
1698955200000,35136.5,,,,,,,,,
1698969600000,,,,,,,,,,
1698984000000,,,,,,,,,,
1698998400000,,34150,,34150,,34150,,34150,,34150
1699012800000,34883,,34883,,,,,,,
1699027200000,,,,,,,,,,
1699041600000,,,,,,,,,,
1699056000000,,,,,,,,,,
1699070400000,35096.5,34603,35096.5,,35096.5,,,,,
1699084800000,,,,,,,,,,
1699099200000,,34659.5,,,,,,,,
1699113600000,,,,,,,,,,
1699128000000,,,,,,,,,,
1699142400000,35350,,35350,,35350,,35350,,,
1699156800000,,,,,,,,,,
1699171200000,,,,,,,,,,
1699185600000,,34780,,,,,,,,
1699200000000,,,,,,,,,,
1699214400000,35459.5,34436.5,35459.5,34436.5,35459.5,34436.5,35459.5,34436.5,35459.5,34436.5
1699228800000,,,,,,,,,,
1699243200000,,34730,,,,,,,,
1699257600000,35330,,35330,,,,,,,
1699272000000,,,,,,,,,,
1699286400000,,34830,,,,,,,,
1699300800000,35177.5,,,,,,,,,
1699315200000,,34830,,,,,,,,
1699329600000,,,,,,,,,,
1699344000000,35009.5,,,,,,,,,
1699358400000,,34523,,34523,,34523,,34523,,34523
1699372800000,,,,,,,,,,
1699387200000,35946.5,,35946.5,,35946.5,,35946.5,,35946.5,
1699401600000,,,,,,,,,,
1699416000000,,35159.5,,,,,,,,
1699430400000,,,,,,,,,,
1699444800000,,35105,,35105,,35105,,35105,,
1699459200000,,,,,,,,,,
1699473600000,,,,,,,,,,
1699488000000,,,,,,,,,,
1699502400000,,,,,,,,,,
1699516800000,,,,,,,,,,
1699531200000,38107,,38107,,38107,,38107,,38107,
1699545600000,,35540.5,,35540.5,,35540.5,,35540.5,,
1699560000000,,,,,,,,,,
1699574400000,36960,,,,,,,,,
1699588800000,,,,,,,,,,
1699603200000,,36361.5,,36361.5,,,,,,
1699617600000,,,,,,,,,,
1699632000000,,,,,,,,,,
1699646400000,37578,,37578,,37578,,37578,,37578,
1699660800000,,36933,,36933,,,,,,
1699675200000,,,,,,,,,,
1699689600000,,36952,,,,,,,,
1699704000000,37318,,37318,,,,,,,
1699718400000,,,,,,,,,,
1699732800000,,36620.5,,36620.5,,36620.5,,36620.5,,36620.5
1699747200000,37225.5,,37225.5,,,,,,,
1699761600000,,,,,,,,,,
1699776000000,,,,,,,,,,
1699790400000,37269,36959,37269,,,,,,,
1699804800000,,,,,,,,,,
1699819200000,,,,,,,,,,
1699833600000,37470,,37470,,37470,,37470,,37470,
1699848000000,,,,,,,,,,
1699862400000,,,,,,,,,,
1699876800000,,36550.5,,,,,,,,
1699891200000,37086,,,,,,,,,
1699905600000,,,,,,,,,,
1699920000000,,36222.5,,36222.5,,,,,,
1699934400000,,,,,,,,,,
1699948800000,36793,,36793,,,,,,,
1699963200000,,,,,,,,,,
1699977600000,,34469.5,,34469.5,,34469.5,,34469.5,,34469.5
1699992000000,,,,,,,,,,
1700006400000,,,,,,,,,,
1700020800000,,,,,,,,,,
1700035200000,,,,,,,,,,
1700049600000,,,,,,,,,,
1700064000000,,,,,,,,,,
1700078400000,38006.5,,38006.5,,38006.5,,38006.5,,38006.5,
1700092800000,,,,,,,,,,
1700107200000,,,,,,,,,,
1700121600000,,,,,,,,,,
1700136000000,,,,,,,,,,
1700150400000,,35469.5,,35469.5,,35469.5,,35469.5,,35469.5
1700164800000,,,,,,,,,,
1700179200000,36695,,36695,,,,,,,
1700193600000,,36117.5,,,,,,,,
1700208000000,,,,,,,,,,
1700222400000,,35839,,35839,,35839,,,,
1700236800000,36919.5,,36919.5,,36919.5,,36919.5,,36919.5,
1700251200000,,,,,,,,,,
1700265600000,,,,,,,,,,
1700280000000,,36205,,36205,,,,,,
1700294400000,,,,,,,,,,
1700308800000,,36377,,,,,,,,
1700323200000,36870,,36870,,36870,,36870,,36870,
1700337600000,,,,,,,,,,
1700352000000,,36425,,,,,,,,
1700366400000,,,,,,,,,,
1700380800000,36737.5,36400.5,,36400.5,,36400.5,,36400.5,,
1700395200000,,,,,,,,,,
1700409600000,,,,,,,,,,
1700424000000,37539.5,,37539.5,,37539.5,,,,,
1700438400000,,,,,,,,,,
1700452800000,,,,,,,,,,
1700467200000,,,,,,,,,,
1700481600000,,36589,,36589,,36589,,36589,,
1700496000000,37792.5,,37792.5,,37792.5,,37792.5,,37792.5,
1700510400000,,,,,,,,,,
1700524800000,37685,,,,,,,,,
1700539200000,,,,,,,,,,
1700553600000,,,,,,,,,,
1700568000000,,36226,,,,,,,,
1700582400000,37533,,37533,,37533,,,,,
1700596800000,,,,,,,,,,
1700611200000,,35600,,35600,,35600,,35600,,35600
1700625600000,,,,,,,,,,
1700640000000,36787,,,,,,,,,
1700654400000,,36231.5,,36231.5,,,,,,
1700668800000,,,,,,,,,,
1700683200000,37881,,37881,,37881,,37881,,37881,
1700697600000,,,,,,,,,,
1700712000000,,,,,,,,,,
1700726400000,37663.5,,37663.5,,,,,,,
1700740800000,,36856.5,,36856.5,,36856.5,,36856.5,,
1700755200000,,,,,,,,,,
1700769600000,,,,,,,,,,
1700784000000,,,,,,,,,,
1700798400000,,,,,,,,,,
1700812800000,,,,,,,,,,
1700827200000,38450,,38450,,38450,,38450,,38450,
1700841600000,,37512,,,,,,,,
1700856000000,,,,,,,,,,
1700870400000,,,,,,,,,,
1700884800000,,,,,,,,,,
1700899200000,,37619,,37619,,,,,,
1700913600000,,,,,,,,,,
1700928000000,,,,,,,,,,
1700942400000,37921.5,,37921.5,,37921.5,,37921.5,,37921.5,
1700956800000,,37692,,37692,,,,,,
1700971200000,,,,,,,,,,
1700985600000,37848,,37848,,,,,,,
1701000000000,,,,,,,,,,
1701014400000,,37127.5,,37127.5,,,,,,
1701028800000,37779,,37779,,,,,,,
1701043200000,,,,,,,,,,
1701057600000,,,,,,,,,,
1701072000000,37480,,,,,,,,,
1701086400000,,,,,,,,,,
1701100800000,,36710,,36710,,36710,,36710,,36710
1701115200000,,,,,,,,,,
1701129600000,37370,,37370,,,,,,,
1701144000000,,36880,,,,,,,,
1701158400000,,,,,,,,,,
1701172800000,,,,,,,,,,
1701187200000,38425,,38425,,38425,,,,,
1701201600000,,,,,,,,,,
1701216000000,,,,,,,,,,
1701230400000,,,,,,,,,,
1701244800000,38529.5,,38529.5,,38529.5,,38529.5,,38529.5,
1701259200000,,37555.5,,,,,,,,
1701273600000,,,,,,,,,,
1701288000000,,37532,,37532,,37532,,,,
1701302400000,,,,,,,,,,
1701316800000,38148,,38148,,38148,,,,,
1701331200000,,,,,,,,,,
1701345600000,37970.5,37435,,37435,,37435,,37435,,37435
1701360000000,,,,,,,,,,
1701374400000,,,,,,,,,,
1701388800000,,,,,,,,,,
1701403200000,,,,,,,,,,
1701417600000,38887.5,,,,,,,,,
1701432000000,,38228.5,,,,,,,,
1701446400000,39029,,39029,,39029,,39029,,39029,
1701460800000,,,,,,,,,,
1701475200000,,38656.5,,,,,,,,
1701489600000,38859.5,,,,,,,,,
1701504000000,,38680,,,,,,,,
1701518400000,,,,,,,,,,
1701532800000,39897.5,38731,39897.5,,39897.5,,39897.5,,39897.5,
1701547200000,,,,,,,,,,
1701561600000,,39311,,,,,,,,
1701576000000,,,,,,,,,,
1701590400000,,,,,,,,,,
1701604800000,,39400,,,,,,,,
1701619200000,,,,,,,,,,
1701633600000,,,,,,,,,,
1701648000000,,,,,,,,,,
1701662400000,,,,,,,,,,
1701676800000,42198,,42198,,,,,,,
1701691200000,,41121,,,,,,,,
1701705600000,,,,,,,,,,
1701720000000,42473,,42473,,42473,,,,,
1701734400000,,,,,,,,,,
1701748800000,,41415,,41415,,,,,,
1701763200000,,,,,,,,,,
1701777600000,,,,,,,,,,
1701792000000,,,,,,,,,,
1701806400000,44540,,44540,,44540,,44540,,44540,
1701820800000,,,,,,,,,,
1701835200000,,,,,,,,,,
1701849600000,44334.5,43350.5,44334.5,43350.5,,43350.5,,,,
1701864000000,,,,,,,,,,
1701878400000,,,,,,,,,,
1701892800000,,43600,,43600,,,,,,
1701907200000,,,,,,,,,,
1701921600000,44085,,,,,,,,,
1701936000000,,42820,,42820,,42820,,42820,,42820
1701950400000,43959.5,,,,,,,,,
1701964800000,,,,,,,,,,
1701979200000,,,,,,,,,,
1701993600000,,,,,,,,,,
1702008000000,,42999,,42999,,42999,,,,
1702022400000,,,,,,,,,,
1702036800000,44102,,,,,,,,,
1702051200000,,,,,,,,,,
1702065600000,44769,,44769,,44769,,44769,,44769,
1702080000000,,,,,,,,,,
1702094400000,44409.5,,,,,,,,,
1702108800000,,43739,,43739,,,,,,
1702123200000,,,,,,,,,,
1702137600000,,,,,,,,,,
1702152000000,,43439,,43439,,43439,,43439,,43439
1702166400000,,,,,,,,,,
1702180800000,,,,,,,,,,
1702195200000,44077,43650.5,44077,43650.5,,,,,,
1702209600000,,,,,,,,,,
1702224000000,,,,,,,,,,
1702238400000,44106.5,,44106.5,,44106.5,,44106.5,,44106.5,
1702252800000,,40088,,40088,,40088,,40088,,40088
1702267200000,,,,,,,,,,
1702281600000,42524,,,,,,,,,
1702296000000,,,,,,,,,,
1702310400000,,40209,,40209,,40209,,,,
1702324800000,,,,,,,,,,
1702339200000,,,,,,,,,,
1702353600000,,,,,,,,,,
1702368000000,42128,,42128,,42128,,42128,,,
1702382400000,,,,,,,,,,
1702396800000,,40680.5,,,,,,,,
1702411200000,41568.5,,,,,,,,,
1702425600000,,40504.5,,40504.5,,40504.5,,40504.5,,40504.5
1702440000000,,,,,,,,,,
1702454400000,,,,,,,,,,
1702468800000,,,,,,,,,,
1702483200000,,,,,,,,,,
1702497600000,43559,,43559,,43559,,43559,,43559,
1702512000000,,,,,,,,,,
1702526400000,,,,,,,,,,
1702540800000,,,,,,,,,,
1702555200000,,41166,,41166,,41166,,41166,,41166
1702569600000,43459,,43459,,43459,,43459,,,
1702584000000,,,,,,,,,,
1702598400000,,42441,,42441,,,,,,
1702612800000,,,,,,,,,,
1702627200000,43071.5,,,,,,,,,
1702641600000,,41668.5,,41668.5,,,,,,
1702656000000,,,,,,,,,,
1702670400000,,,,,,,,,,
1702684800000,42456.5,41647.5,42456.5,41647.5,,41647.5,,41647.5,,41647.5
1702699200000,,,,,,,,,,
1702713600000,,42083.5,,,,,,,,
1702728000000,,,,,,,,,,
1702742400000,42731.5,,42731.5,,42731.5,,42731.5,,42731.5,
1702756800000,,,,,,,,,,
1702771200000,,,,,,,,,,
1702785600000,,,,,,,,,,
1702800000000,,,,,,,,,,
1702814400000,,41474,,,,,,,,
1702828800000,42427,,42427,,42427,,42427,,42427,
1702843200000,,,,,,,,,,
1702857600000,,40778.5,,,,,,,,
1702872000000,,,,,,,,,,
1702886400000,,40532,,40532,,40532,,40532,,40532
1702900800000,,,,,,,,,,
1702915200000,,,,,,,,,,
1702929600000,,,,,,,,,,
1702944000000,43512,,43512,,43512,,43512,,43512,
1702958400000,,,,,,,,,,
1702972800000,43309.5,,,,,,,,,
1702987200000,,,,,,,,,,
1703001600000,,41821.5,,41821.5,,41821.5,,41821.5,,
1703016000000,,,,,,,,,,
1703030400000,,,,,,,,,,
1703044800000,43043,,,,,,,,,
1703059200000,,,,,,,,,,
1703073600000,44345.5,,44345.5,,44345.5,,44345.5,,44345.5,
1703088000000,,,,,,,,,,
1703102400000,,43243,,,,,,,,
1703116800000,,,,,,,,,,
1703131200000,,,,,,,,,,
1703145600000,,,,,,,,,,
1703160000000,44289.5,,44289.5,,,,,,,
1703174400000,,43376,,43376,,43376,,,,
1703188800000,,,,,,,,,,
1703203200000,,,,,,,,,,
1703217600000,44492,,44492,,44492,,44492,,44492,
1703232000000,,,,,,,,,,
1703246400000,,43427,,43427,,43427,,,,
1703260800000,,,,,,,,,,
1703275200000,44120,,44120,,44120,,,,,
1703289600000,,,,,,,,,,
1703304000000,,43308,,43308,,43308,,43308,,43308
1703318400000,,,,,,,,,,
1703332800000,43913,,43913,,,,,,,
1703347200000,,,,,,,,,,
1703361600000,,,,,,,,,,
1703376000000,,,,,,,,,,
1703390400000,43999,,43999,,43999,,43999,,43999,
1703404800000,,43447,,43447,,,,,,
1703419200000,43940.5,,,,,,,,,
1703433600000,,,,,,,,,,
1703448000000,,42566,,42566,,42566,,42566,,42566
1703462400000,,,,,,,,,,
1703476800000,43386,,,,,,,,,
1703491200000,,43067.5,,,,,,,,
1703505600000,43873,,43873,,43873,,43873,,43873,
1703520000000,,,,,,,,,,
1703534400000,43790.5,,,,,,,,,
1703548800000,,,,,,,,,,
1703563200000,,,,,,,,,,
1703577600000,,42127,,,,,,,,
1703592000000,42864.5,,,,,,,,,
1703606400000,,41616,,41616,,41616,,41616,,41616
1703620800000,42634.5,,,,,,,,,
1703635200000,,,,,,,,,,
1703649600000,,,,,,,,,,
1703664000000,43289,,43289,,,,,,,
1703678400000,,,,,,,,,,
1703692800000,,,,,,,,,,
1703707200000,,,,,,,,,,
1703721600000,43872,,43872,,43872,,43872,,43872,
1703736000000,,42851,,,,,,,,
1703750400000,,,,,,,,,,
1703764800000,,,,,,,,,,
1703779200000,,42296,,,,,,,,
1703793600000,,,,,,,,,,
1703808000000,42858,42150.5,,42150.5,,42150.5,,,,
1703822400000,,,,,,,,,,
1703836800000,,,,,,,,,,
1703851200000,43176.5,,43176.5,,43176.5,,43176.5,,43176.5,
1703865600000,,,,,,,,,,
1703880000000,,41260,,41260,,41260,,41260,,41260
1703894400000,,,,,,,,,,
1703908800000,,,,,,,,,,
1703923200000,,41551.5,,41551.5,,,,,,
1703937600000,,,,,,,,,,
1703952000000,42651,,42651,,,,,,,
1703966400000,,,,,,,,,,
1703980800000,,41997.5,,41997.5,,,,,,
1703995200000,,,,,,,,,,
1704009600000,42928.5,,42928.5,,42928.5,,42928.5,,42928.5,
1704024000000,,42353.5,,,,,,,,
1704038400000,42746.5,,,,,,,,,
1704052800000,,42047.5,,42047.5,,42047.5,,42047.5,,
1704067200000,42808,,42808,,,,,,,
1704081600000,,42205.5,,,,,,,,
1704096000000,,,,,,,,,,
1704110400000,,,,,,,,,,
1704124800000,,,,,,,,,,
1704139200000,,,,,,,,,,
1704153600000,,,,,,,,,,
1704168000000,,,,,,,,,,
1704182400000,46000,,46000,,46000,,46000,,46000,
1704196800000,,,,,,,,,,
1704211200000,,,,,,,,,,
1704225600000,,44627,,44627,,,,,,
1704240000000,45494,,,,,,,,,
1704254400000,,,,,,,,,,
1704268800000,45654.5,,45654.5,,45654.5,,45654.5,,,
1704283200000,,40200,,40200,,40200,,40200,,40200
1704297600000,,,,,,,,,,
1704312000000,,,,,,,,,,
1704326400000,,,,,,,,,,
1704340800000,43317.5,,,,,,,,,
1704355200000,,42673.5,,,,,,,,
1704369600000,,,,,,,,,,
1704384000000,,,,,,,,,,
1704398400000,44907,,44907,,44907,,44907,,44907,
1704412800000,,42216,,42216,,42216,,42216,,42216
1704427200000,,,,,,,,,,
1704441600000,44357,,44357,,,,,,,
1704456000000,,43017.5,,43017.5,,,,,,
1704470400000,,,,,,,,,,
1704484800000,44394.5,,44394.5,,44394.5,,44394.5,,44394.5,
1704499200000,,,,,,,,,,
1704513600000,,43414.5,,43414.5,,,,,,
1704528000000,,,,,,,,,,
1704542400000,,43536.5,,,,,,,,
1704556800000,44169,,,,,,,,,
1704571200000,,43560,,,,,,,,
1704585600000,44262,,44262,,,,,,,
1704600000000,,,,,,,,,,
1704614400000,,,,,,,,,,
1704628800000,44485.5,,44485.5,,44485.5,,44485.5,,,
1704643200000,,,,,,,,,,
1704657600000,44280,,,,,,,,,
1704672000000,,43126.5,,43126.5,,43126.5,,43126.5,,43126.5
1704686400000,,,,,,,,,,
1704700800000,,,,,,,,,,
1704715200000,,,,,,,,,,
1704729600000,47313,,47313,,47313,,47313,,47313,
1704744000000,,,,,,,,,,
1704758400000,,46224,,,,,,,,
1704772800000,,,,,,,,,,
1704787200000,,,,,,,,,,
1704801600000,47081.5,45303.5,,,,,,,,
1704816000000,,,,,,,,,,
1704830400000,48000,44555,48000,44555,48000,44555,48000,,48000,
1704844800000,,,,,,,,,,
1704859200000,,,,,,,,,,
1704873600000,,,,,,,,,,
1704888000000,,44296,,44296,,44296,,44296,,44296
1704902400000,,,,,,,,,,
1704916800000,47738.5,44686,47738.5,,47738.5,,,,,
1704931200000,,,,,,,,,,
1704945600000,,45601,,,,,,,,
1704960000000,,,,,,,,,,
1704974400000,49045.5,,49045.5,,49045.5,,49045.5,,49045.5,
1704988800000,,45555,,45555,,45555,,,,
1705003200000,,,,,,,,,,
1705017600000,,,,,,,,,,
1705032000000,,,,,,,,,,
1705046400000,,,,,,,,,,
1705060800000,,,,,,,,,,
1705075200000,,,,,,,,,,
1705089600000,,41298.5,,41298.5,,41298.5,,41298.5,,41298.5
1705104000000,,,,,,,,,,
1705118400000,43244,,,,,,,,,
1705132800000,,,,,,,,,,
1705147200000,,42451,,42451,,,,,,
1705161600000,,,,,,,,,,
1705176000000,,,,,,,,,,
1705190400000,,,,,,,,,,
1705204800000,,42531.5,,42531.5,,42531.5,,,,
1705219200000,43056.5,,43056.5,,43056.5,,,,,
1705233600000,,,,,,,,,,
1705248000000,42989.5,,,,,,,,,
1705262400000,,,,,,,,,,
1705276800000,,41657.5,,41657.5,,41657.5,,41657.5,,41657.5
1705291200000,42795.5,,,,,,,,,
1705305600000,,,,,,,,,,
1705320000000,,42105.5,,42105.5,,,,,,
1705334400000,43341.5,,43341.5,,43341.5,,43341.5,,43341.5,
1705348800000,,,,,,,,,,
1705363200000,,,,,,,,,,
1705377600000,,,,,,,,,,
1705392000000,,,,,,,,,,
1705406400000,,41948.5,,41948.5,,41948.5,,41948.5,,41948.5
1705420800000,,,,,,,,,,
1705435200000,43561.5,,43561.5,,43561.5,,43561.5,,43561.5,
1705449600000,,,,,,,,,,
1705464000000,,,,,,,,,,
1705478400000,,,,,,,,,,
1705492800000,42889,,42889,,,,,,,
1705507200000,,42150,,42150,,42150,,42150,,42150
1705521600000,42830,,,,,,,,,
1705536000000,,,,,,,,,,
1705550400000,,,,,,,,,,
1705564800000,42864,,42864,,42864,,42864,,,
1705579200000,,,,,,,,,,
1705593600000,,,,,,,,,,
1705608000000,,40587,,40587,,40587,,40587,,
1705622400000,,,,,,,,,,
1705636800000,41527.5,,41527.5,,,,,,,
1705651200000,,,,,,,,,,
1705665600000,,,,,,,,,,
1705680000000,,40204,,40204,,40204,,40204,,40204
1705694400000,42145.5,,42145.5,,42145.5,,42145.5,,42145.5,
1705708800000,,41407.5,,,,,,,,
1705723200000,41740.5,,,,,,,,,
1705737600000,,41414.5,,,,,,,,
1705752000000,41649.5,,,,,,,,,
1705766400000,,,,,,,,,,
1705780800000,41828.5,,41828.5,,41828.5,,,,,
1705795200000,,,,,,,,,,
1705809600000,,41531,,41531,,,,,,
1705824000000,,,,,,,,,,
1705838400000,41862,,41862,,41862,,41862,,41862,
1705852800000,,,,,,,,,,
1705867200000,41816.5,,,,,,,,,
1705881600000,,,,,,,,,,
1705896000000,,,,,,,,,,
1705910400000,,,,,,,,,,
1705924800000,41241,,,,,,,,,
1705939200000,,,,,,,,,,
1705953600000,,39313.5,,39313.5,,,,,,
1705968000000,,,,,,,,,,
1705982400000,40144.5,,,,,,,,,
1705996800000,,,,,,,,,,
1706011200000,,38500,,38500,,38500,,38500,,38500
1706025600000,,,,,,,,,,
1706040000000,,,,,,,,,,
1706054400000,40215,,,,,,,,,
1706068800000,,39520,,,,,,,,
1706083200000,40552,,40552,,40552,,40552,,40552,
1706097600000,,,,,,,,,,
1706112000000,,,,,,,,,,
1706126400000,,39451,,39451,,39451,,39451,,39451
1706140800000,,,,,,,,,,
1706155200000,,39747.5,,,,,,,,
1706169600000,40284,,40284,,40284,,40284,,40284,
1706184000000,,,,,,,,,,
1706198400000,,39510,,39510,,39510,,39510,,
1706212800000,,,,,,,,,,
1706227200000,40199.5,,,,,,,,,
1706241600000,,,,,,,,,,
1706256000000,,,,,,,,,,
1706270400000,,,,,,,,,,
1706284800000,,,,,,,,,,
1706299200000,42224,,42224,,42224,,42224,,42224,
1706313600000,,,,,,,,,,
1706328000000,,,,,,,,,,
1706342400000,,41355,,41355,,41355,,,,
1706356800000,,,,,,,,,,
1706371200000,,,,,,,,,,
1706385600000,,,,,,,,,,
1706400000000,,,,,,,,,,
1706414400000,42825.5,,42825.5,,42825.5,,42825.5,,42825.5,
1706428800000,,,,,,,,,,
1706443200000,,,,,,,,,,
1706457600000,,,,,,,,,,
1706472000000,,41565.5,,41565.5,,41565.5,,41565.5,,41565.5
1706486400000,42478.5,,42478.5,,,,,,,
1706500800000,,,,,,,,,,
1706515200000,,,,,,,,,,
1706529600000,,41764.5,,41764.5,,41764.5,,,,
1706544000000,,,,,,,,,,
1706558400000,,,,,,,,,,
1706572800000,43784,,43784,,,,,,,
1706587200000,,,,,,,,,,
1706601600000,,,,,,,,,,
1706616000000,43890,43082,43890,,43890,,43890,,43890,
1706630400000,,,,,,,,,,
1706644800000,43740,,,,,,,,,
1706659200000,,42631.5,,,,,,,,
1706673600000,,,,,,,,,,
1706688000000,,42319,,42319,,,,,,
1706702400000,,,,,,,,,,
1706716800000,43771.5,,43771.5,,43771.5,,43771.5,,43771.5,
1706731200000,,,,,,,,,,
1706745600000,,41804,,41804,,41804,,41804,,41804
1706760000000,,,,,,,,,,
1706774400000,,,,,,,,,,
1706788800000,,41881,,,,,,,,
1706803200000,43275,,,,,,,,,
1706817600000,,,,,,,,,,
1706832000000,43399.5,,43399.5,,43399.5,,,,,
1706846400000,,,,,,,,,,
1706860800000,,,,,,,,,,
1706875200000,,42500,,42500,,42500,,42500,,
1706889600000,43450,,43450,,43450,,43450,,43450,
1706904000000,,,,,,,,,,
1706918400000,43340.5,,,,,,,,,
1706932800000,,,,,,,,,,
1706947200000,,,,,,,,,,
1706961600000,,42850,,42850,,42850,,,,
1706976000000,43245,,43245,,43245,,,,,
1706990400000,,,,,,,,,,
1707004800000,,,,,,,,,,
1707019200000,,42677,,42677,,,,,,
1707033600000,,,,,,,,,,
1707048000000,43086,,43086,,43086,,,,,
1707062400000,,,,,,,,,,
1707076800000,,42072.5,,42072.5,,42072.5,,42072.5,,42072.5
1707091200000,,,,,,,,,,
1707105600000,,,,,,,,,,
1707120000000,,,,,,,,,,
1707134400000,43540,,43540,,43540,,43540,,43540,
1707148800000,,,,,,,,,,
1707163200000,,42250.5,,42250.5,,42250.5,,42250.5,,
1707177600000,42899,,,,,,,,,
1707192000000,,,,,,,,,,
1707206400000,,,,,,,,,,
1707220800000,,42587.5,,42587.5,,,,,,
1707235200000,43348,,43348,,43348,,43348,,43348,
1707249600000,,,,,,,,,,
1707264000000,,42745,,42745,,,,,,
1707278400000,,,,,,,,,,
1707292800000,,,,,,,,,,
1707307200000,,,,,,,,,,
1707321600000,,,,,,,,,,
1707336000000,,,,,,,,,,
1707350400000,44777.5,,,,,,,,,
1707364800000,,,,,,,,,,
1707379200000,,,,,,,,,,
1707393600000,,,,,,,,,,
1707408000000,,,,,,,,,,
1707422400000,,,,,,,,,,
1707436800000,,45198,,,,,,,,
1707451200000,,,,,,,,,,
1707465600000,,,,,,,,,,
1707480000000,,,,,,,,,,
1707494400000,48249,,48249,,48249,,48249,,48249,
1707508800000,,47010.5,,,,,,,,
1707523200000,,,,,,,,,,
1707537600000,,,,,,,,,,
1707552000000,,46861.5,,46861.5,,46861.5,,46861.5,,
1707566400000,,,,,,,,,,
1707580800000,,,,,,,,,,
1707595200000,,,,,,,,,,
1707609600000,,,,,,,,,,
1707624000000,48636,,48636,,48636,,48636,,,
1707638400000,,47921,,,,,,,,
1707652800000,48518,,,,,,,,,
1707667200000,,,,,,,,,,
1707681600000,,,,,,,,,,
1707696000000,48868,,48868,,,,,,,
1707710400000,,,,,,,,,,
1707724800000,,47710,,47710,,47710,,47710,,47710
1707739200000,,,,,,,,,,
1707753600000,50399.5,,,,,,,,,
1707768000000,,,,,,,,,,
1707782400000,50475,,50475,,50475,,50475,,50475,
1707796800000,,,,,,,,,,
1707811200000,50286,,,,,,,,,
1707825600000,,,,,,,,,,
1707840000000,,48300,,48300,,48300,,48300,,48300
1707854400000,49824,,,,,,,,,
1707868800000,,,,,,,,,,
1707883200000,,49240.5,,,,,,,,
1707897600000,,,,,,,,,,
1707912000000,52111.5,,52111.5,,,,,,,
1707926400000,,51212,,,,,,,,
1707940800000,,,,,,,,,,
1707955200000,52598,,52598,,,,,,,
1707969600000,,51686,,,,,,,,
1707984000000,,,,,,,,,,
1707998400000,52858,,52858,,52858,,52858,,52858,
1708012800000,,,,,,,,,,
1708027200000,,51367.5,,51367.5,,51367.5,,51367.5,,51367.5
1708041600000,,,,,,,,,,
1708056000000,,,,,,,,,,
1708070400000,,51628.5,,51628.5,,,,,,
1708084800000,52649.5,,52649.5,,52649.5,,52649.5,,52649.5,
1708099200000,,,,,,,,,,
1708113600000,,,,,,,,,,
1708128000000,,,,,,,,,,
1708142400000,,,,,,,,,,
1708156800000,,,,,,,,,,
1708171200000,,50618.5,,50618.5,,50618.5,,50618.5,,50618.5
1708185600000,,,,,,,,,,
1708200000000,52140,,52140,,52140,,52140,,,
1708214400000,,51160.5,,,,,,,,
1708228800000,,,,,,,,,,
1708243200000,52128,,52128,,,,,,,
1708257600000,,51566,,,,,,,,
1708272000000,,,,,,,,,,
1708286400000,,51606,,,,,,,,
1708300800000,,,,,,,,,,
1708315200000,52544,,52544,,52544,,52544,,52544,
1708329600000,,,,,,,,,,
1708344000000,52493.5,,,,,,,,,
1708358400000,,51608.5,,,,,,,,
1708372800000,,,,,,,,,,
1708387200000,,51229.5,,51229.5,,51229.5,,,,
1708401600000,,,,,,,,,,
1708416000000,,,,,,,,,,
1708430400000,53094.5,,53094.5,,53094.5,,53094.5,,53094.5,
1708444800000,,50743,,50743,,50743,,50743,,
1708459200000,52589,,,,,,,,,
1708473600000,,,,,,,,,,
1708488000000,,,,,,,,,,
1708502400000,,,,,,,,,,
1708516800000,,50514,,50514,,50514,,50514,,50514
1708531200000,,,,,,,,,,
1708545600000,52041,,52041,,,,,,,
1708560000000,,,,,,,,,,
1708574400000,,,,,,,,,,
1708588800000,52089.5,,52089.5,,,,,,,
1708603200000,,50947,,50947,,50947,,,,
1708617600000,,,,,,,,,,
1708632000000,52099,,52099,,52099,,52099,,52099,
1708646400000,,,,,,,,,,
1708660800000,,,,,,,,,,
1708675200000,,,,,,,,,,
1708689600000,51345,,,,,,,,,
1708704000000,,,,,,,,,,
1708718400000,,50528,,50528,,50528,,50528,,50528
1708732800000,,,,,,,,,,
1708747200000,,,,,,,,,,
1708761600000,,,,,,,,,,
1708776000000,,,,,,,,,,
1708790400000,51777,,,,,,,,,
1708804800000,,,,,,,,,,
1708819200000,51937.5,51471,51937.5,,51937.5,,51937.5,,,
1708833600000,,,,,,,,,,
1708848000000,,,,,,,,,,
1708862400000,,,,,,,,,,
1708876800000,,51282,,51282,,51282,,,,
1708891200000,52005.5,,52005.5,,52005.5,,,,,
1708905600000,,,,,,,,,,
1708920000000,,,,,,,,,,
1708934400000,,50912,,50912,,50912,,50912,,50912
1708948800000,,,,,,,,,,
1708963200000,,,,,,,,,,
1708977600000,,,,,,,,,,
1708992000000,57536,,57536,,,,,,,
1709006400000,,,,,,,,,,
1709020800000,,,,,,,,,,
1709035200000,,,,,,,,,,
1709049600000,57715,56229,57715,,,,,,,
1709064000000,,,,,,,,,,
1709078400000,,,,,,,,,,
1709092800000,,,,,,,,,,
1709107200000,,,,,,,,,,
1709121600000,,,,,,,,,,
1709136000000,64462,58605,64462,,64462,,64462,,64462,
1709150400000,,,,,,,,,,
1709164800000,,,,,,,,,,
1709179200000,63808,,63808,,,,,,,
1709193600000,,,,,,,,,,
1709208000000,63672,,,,,,,,,
1709222400000,,60457.5,,60457.5,,60457.5,,60457.5,,
1709236800000,,,,,,,,,,
1709251200000,,,,,,,,,,
1709265600000,,,,,,,,,,
1709280000000,,,,,,,,,,
1709294400000,62810.5,61210,,,,,,,,
1709308800000,,,,,,,,,,
1709323200000,63202,,63202,,63202,,63202,,63202,
1709337600000,,,,,,,,,,
1709352000000,,,,,,,,,,
1709366400000,,,,,,,,,,
1709380800000,62292,61674,,61674,,61674,,,,
1709395200000,,,,,,,,,,
1709409600000,62311.5,,62311.5,,62311.5,,,,,
1709424000000,,,,,,,,,,
1709438400000,62204,61422,,61422,,61422,,61422,,61422
1709452800000,,,,,,,,,,
1709467200000,,,,,,,,,,
1709481600000,,,,,,,,,,
1709496000000,,,,,,,,,,
1709510400000,64480,62360,,,,,,,,
1709524800000,,,,,,,,,,
1709539200000,,,,,,,,,,
1709553600000,,,,,,,,,,
1709568000000,,,,,,,,,,
1709582400000,,,,,,,,,,
1709596800000,68900,,68900,,,,,,,
1709611200000,,64986.5,,64986.5,,,,,,
1709625600000,,,,,,,,,,
1709640000000,69496.5,,69496.5,,69496.5,,69496.5,,69496.5,
1709654400000,,59088,,59088,,59088,,59088,,59088
1709668800000,,,,,,,,,,
1709683200000,,,,,,,,,,
1709697600000,,,,,,,,,,
1709712000000,67771.5,,67771.5,,67771.5,,67771.5,,,
1709726400000,,64484.5,,,,,,,,
1709740800000,,,,,,,,,,
1709755200000,,,,,,,,,,
1709769600000,,65576,,65576,,,,,,
1709784000000,,,,,,,,,,
1709798400000,,,,,,,,,,
1709812800000,,,,,,,,,,
1709827200000,68169,,68169,,68169,,68169,,,
1709841600000,,,,,,,,,,
1709856000000,,66867.5,,66867.5,,,,,,
1709870400000,,,,,,,,,,
1709884800000,,,,,,,,,,
1709899200000,70447,,70447,,70447,,70447,,70447,
1709913600000,,66137,,66137,,66137,,66137,,66137
1709928000000,69557.5,,,,,,,,,
1709942400000,,,,,,,,,,
1709956800000,68752.5,,,,,,,,,
1709971200000,,68150,,,,,,,,
1709985600000,68714.5,,,,,,,,,
1710000000000,,68201,,,,,,,,
1710014400000,,,,,,,,,,
1710028800000,,68394.5,,,,,,,,
1710043200000,,,,,,,,,,
1710057600000,70129,,70129,,70129,,70129,,,
1710072000000,,68773,,,,,,,,
1710086400000,,,,,,,,,,
1710100800000,,,,,,,,,,
1710115200000,,67009.5,,67009.5,,67009.5,,67009.5,,67009.5
1710129600000,,,,,,,,,,
1710144000000,,,,,,,,,,
1710158400000,,,,,,,,,,
1710172800000,72949.5,,72949.5,,72949.5,,72949.5,,,
1710187200000,,,,,,,,,,
1710201600000,,,,,,,,,,
1710216000000,,71389.5,,,,,,,,
1710230400000,,,,,,,,,,
1710244800000,73200,,73200,,73200,,,,,
1710259200000,,68628,,68628,,68628,,68628,,68628
1710273600000,,,,,,,,,,
1710288000000,,,,,,,,,,
1710302400000,,,,,,,,,,
1710316800000,73783.5,,73783.5,,73783.5,,73783.5,,,
1710331200000,,71621,,71621,,,,,,
1710345600000,,,,,,,,,,
1710360000000,73567.5,,,,,,,,,
1710374400000,,72574.5,,,,,,,,
1710388800000,73951.5,,73951.5,,73951.5,,73951.5,,73951.5,
1710403200000,,,,,,,,,,
1710417600000,,,,,,,,,,
1710432000000,,68583,,,,,,,,
1710446400000,,,,,,,,,,
1710460800000,72532.5,66617.5,72532.5,,,,,,,
1710475200000,,,,,,,,,,
1710489600000,,65579,,65579,,65579,,65579,,65579
1710504000000,,,,,,,,,,
1710518400000,70692,,70692,,70692,,,,,
1710532800000,,67335,,67335,,,,,,
1710547200000,70143,,,,,,,,,
1710561600000,,,,,,,,,,
1710576000000,,,,,,,,,,
1710590400000,,,,,,,,,,
1710604800000,,,,,,,,,,
1710619200000,,64737.5,,,,,,,,
1710633600000,,,,,,,,,,
1710648000000,,64540,,64540,,64540,,64540,,64540
1710662400000,,,,,,,,,,
1710676800000,,,,,,,,,,
1710691200000,,,,,,,,,,
1710705600000,68926,,,,,,,,,
1710720000000,,66738,,66738,,,,,,
1710734400000,68991,,68991,,68991,,68991,,68991,
1710748800000,,,,,,,,,,
1710763200000,68629,,,,,,,,,
1710777600000,,66555,,,,,,,,
1710792000000,,,,,,,,,,
1710806400000,68150,,68150,,,,,,,
1710820800000,,,,,,,,,,
1710835200000,,,,,,,,,,
1710849600000,,62356,,,,,,,,
1710864000000,65787.5,,65787.5,,,,,,,
1710878400000,,61508.5,,,,,,,,
1710892800000,,,,,,,,,,
1710907200000,,60777,,60777,,60777,,60777,,60777
1710921600000,,,,,,,,,,
1710936000000,,,,,,,,,,
1710950400000,,62035.5,,62035.5,,,,,,
1710964800000,,,,,,,,,,
1710979200000,68263.5,,68263.5,,68263.5,,68263.5,,68263.5,
1710993600000,,66066.5,,,,,,,,
1711008000000,,,,,,,,,,
1711022400000,67733,,67733,,,,,,,
1711036800000,,,,,,,,,,
1711051200000,,64555,,64555,,,,,,
1711065600000,,,,,,,,,,
1711080000000,66697,,66697,,,,,,,
1711094400000,,,,,,,,,,
1711108800000,,62547,,,,,,,,
1711123200000,,,,,,,,,,
1711137600000,,62219,,62219,,62219,,62219,,62219
1711152000000,,,,,,,,,,
1711166400000,64928.5,,,,,,,,,
1711180800000,,,,,,,,,,
1711195200000,,,,,,,,,,
1711209600000,66065,,66065,,66065,,66065,,66065,
1711224000000,,63880,,,,,,,,
1711238400000,,,,,,,,,,
1711252800000,,63813,,63813,,63813,,63813,,63813
1711267200000,,,,,,,,,,
1711281600000,,,,,,,,,,
1711296000000,,64628,,,,,,,,
1711310400000,67758.5,,,,,,,,,
1711324800000,,,,,,,,,,
1711339200000,67819.5,,,,,,,,,
1711353600000,,,,,,,,,,
1711368000000,,,,,,,,,,
1711382400000,,,,,,,,,,
1711396800000,71284,,,,,,,,,
1711411200000,,,,,,,,,,
1711425600000,71676,,71676,,71676,,71676,,71676,
1711440000000,,,,,,,,,,
1711454400000,,69312.5,,69312.5,,69312.5,,69312.5,,69312.5
1711468800000,,,,,,,,,,
1711483200000,,69396,,,,,,,,
1711497600000,70815,,70815,,,,,,,
1711512000000,,,,,,,,,,
1711526400000,,,,,,,,,,
1711540800000,71870,,71870,,71870,,71870,,71870,
1711555200000,,68262,,68262,,68262,,68262,,68262
1711569600000,,,,,,,,,,
1711584000000,,,,,,,,,,
1711598400000,,,,,,,,,,
1711612800000,,,,,,,,,,
1711627200000,71659,,71659,,71659,,71659,,71659,
1711641600000,,,,,,,,,,
1711656000000,,,,,,,,,,
1711670400000,,,,,,,,,,
1711684800000,,,,,,,,,,
1711699200000,,,,,,,,,,
1711713600000,70724,69040,70724,69040,,69040,,69040,,69040
1711728000000,,,,,,,,,,
1711742400000,,,,,,,,,,
1711756800000,,,,,,,,,,
1711771200000,70430.5,,70430.5,,70430.5,,,,,
1711785600000,,,,,,,,,,
1711800000000,,,,,,,,,,
1711814400000,70423,,70423,,,,,,,
1711828800000,,69611.5,,69611.5,,69611.5,,69611.5,,69611.5
1711843200000,,,,,,,,,,
1711857600000,,,,,,,,,,
1711872000000,,,,,,,,,,
1711886400000,,,,,,,,,,
1711900800000,,,,,,,,,,
1711915200000,71499,,71499,,71499,,71499,,71499,
1711929600000,,,,,,,,,,
1711944000000,,68919.5,,,,,,,,
1711958400000,,,,,,,,,,
1711972800000,70164,,,,,,,,,
1711987200000,,68066.5,,,,,,,,
1712001600000,70000,,,,,,,,,
1712016000000,,65627,,,,,,,,
1712030400000,,,,,,,,,,
1712044800000,,,,,,,,,,
1712059200000,,,,,,,,,,
1712073600000,,64530,,,,,,,,
1712088000000,,,,,,,,,,
1712102400000,,64384.5,,64384.5,,64384.5,,64384.5,,64384.5
1712116800000,,,,,,,,,,
1712131200000,,65532,,,,,,,,
1712145600000,66981,,66981,,66981,,66981,,66981,
1712160000000,,65469,,,,,,,,
1712174400000,,,,,,,,,,
1712188800000,66345,,,,,,,,,
1712203200000,,65046.5,,65046.5,,65046.5,,65046.5,,65046.5
1712217600000,,,,,,,,,,
1712232000000,,,,,,,,,,
1712246400000,69355,,69355,,69355,,69355,,69355,
1712260800000,,67280.5,,,,,,,,
1712275200000,68742,,,,,,,,,
1712289600000,,66317.5,,,,,,,,
1712304000000,,,,,,,,,,
1712318400000,68581,65916,68581,65916,,65916,,65916,,65916
1712332800000,,,,,,,,,,
1712347200000,,,,,,,,,,
1712361600000,,,,,,,,,,
1712376000000,68218,,,,,,,,,
1712390400000,,,,,,,,,,
1712404800000,,67531.5,,67531.5,,,,,,
1712419200000,,,,,,,,,,
1712433600000,,,,,,,,,,
1712448000000,69771,,69771,,,,,,,
1712462400000,,,,,,,,,,
1712476800000,,,,,,,,,,
1712491200000,,,,,,,,,,
1712505600000,70350.5,68832,70350.5,68832,,68832,,,,
1712520000000,,,,,,,,,,
1712534400000,,,,,,,,,,
1712548800000,,,,,,,,,,
1712563200000,,,,,,,,,,
1712577600000,72874.5,,72874.5,,72874.5,,72874.5,,72874.5,
1712592000000,,,,,,,,,,
1712606400000,,,,,,,,,,
1712620800000,,,,,,,,,,
1712635200000,,,,,,,,,,
1712649600000,,,,,,,,,,
1712664000000,70966,,,,,,,,,
1712678400000,,68172.5,,68172.5,,68172.5,,68172.5,,
1712692800000,,,,,,,,,,
1712707200000,69600,68500.5,69600,,,,,,,
1712721600000,,,,,,,,,,
1712736000000,,,,,,,,,,
1712750400000,,67510.5,,67510.5,,67510.5,,67510.5,,67510.5
1712764800000,,,,,,,,,,
1712779200000,71196,,,,,,,,,
1712793600000,,,,,,,,,,
1712808000000,71321,,71321,,71321,,71321,,71321,
1712822400000,,,,,,,,,,
1712836800000,,69521.5,,69521.5,,69521.5,,69521.5,,
1712851200000,,,,,,,,,,
1712865600000,,,,,,,,,,
1712880000000,,,,,,,,,,
1712894400000,71281,,71281,,71281,,71281,,71281,
1712908800000,,,,,,,,,,
1712923200000,,,,,,,,,,
1712937600000,,64751,,64751,,64751,,64751,,64751
1712952000000,,,,,,,,,,
1712966400000,,65708.5,,,,,,,,
1712980800000,67938.5,,,,,,,,,
1712995200000,,,,,,,,,,
1713009600000,67950,,67950,,67950,,67950,,,
1713024000000,,,,,,,,,,
1713038400000,,59800,,59800,,59800,,59800,,59800
1713052800000,,,,,,,,,,
1713067200000,,,,,,,,,,
1713081600000,64954,,64954,,,,,,,
1713096000000,,,,,,,,,,
1713110400000,,62551.5,,62551.5,,62551.5,,,,
1713124800000,,,,,,,,,,
1713139200000,,,,,,,,,,
1713153600000,,64720.5,,,,,,,,
1713168000000,66896,,66896,,66896,,66896,,66896,
1713182400000,,,,,,,,,,
1713196800000,,62256,,62256,,,,,,
1713211200000,,,,,,,,,,
1713225600000,63915.5,,,,,,,,,
1713240000000,,,,,,,,,,
1713254400000,,61565,,61565,,61565,,61565,,61565
1713268800000,,,,,,,,,,
1713283200000,,61681,,,,,,,,
1713297600000,64350,,,,,,,,,
1713312000000,,,,,,,,,,
1713326400000,64500,,64500,,64500,,64500,,64500,
1713340800000,,,,,,,,,,
1713355200000,,,,,,,,,,
1713369600000,,59624,,59624,,59624,,59624,,59624
1713384000000,,,,,,,,,,
1713398400000,62212,,,,,,,,,
1713412800000,,60775,,,,,,,,
1713427200000,,,,,,,,,,
1713441600000,64170,,64170,,64170,,,,,
1713456000000,,,,,,,,,,
1713470400000,,,,,,,,,,
1713484800000,,59555,,59555,,59555,,59555,,59555
1713499200000,,,,,,,,,,
1713513600000,65511,,65511,,65511,,65511,,65511,
1713528000000,,,,,,,,,,
1713542400000,,,,,,,,,,
1713556800000,,62933,,62933,,62933,,,,
1713571200000,,,,,,,,,,
1713585600000,,,,,,,,,,
1713600000000,,63253.5,,,,,,,,
1713614400000,,,,,,,,,,
1713628800000,65423.5,,,,,,,,,
1713643200000,,,,,,,,,,
1713657600000,65720.5,,65720.5,,65720.5,,65720.5,,65720.5,
1713672000000,,,,,,,,,,
1713686400000,65471,64749.5,,,,,,,,
1713700800000,,,,,,,,,,
1713715200000,,64226,,64226,,64226,,64226,,64226
1713729600000,,,,,,,,,,
1713744000000,,,,,,,,,,
1713758400000,66518,,66518,,,,,,,
1713772800000,,,,,,,,,,
1713787200000,,65622,,,,,,,,
1713801600000,,,,,,,,,,
1713816000000,67243,,67243,,67243,,67243,,67243,
1713830400000,,,,,,,,,,
1713844800000,,,,,,,,,,
1713859200000,,,,,,,,,,
1713873600000,67150,65790,67150,65790,,65790,,65790,,65790
1713888000000,,,,,,,,,,
1713902400000,,65931,,,,,,,,
1713916800000,,,,,,,,,,
1713931200000,67070,,67070,,67070,,,,,
1713945600000,,,,,,,,,,
1713960000000,66735,,,,,,,,,
1713974400000,,,,,,,,,,
1713988800000,,63533,,63533,,,,,,
1714003200000,64687.5,,,,,,,,,
1714017600000,,,,,,,,,,
1714032000000,,,,,,,,,,
1714046400000,,62724,,62724,,62724,,62724,,62724
1714060800000,,,,,,,,,,
1714075200000,65260.5,,65260.5,,65260.5,,65260.5,,65260.5,
1714089600000,,63821.5,,63821.5,,,,,,
1714104000000,,,,,,,,,,
1714118400000,,,,,,,,,,
1714132800000,64795,,64795,,64795,,,,,
1714147200000,,63266,,,,,,,,
1714161600000,,,,,,,,,,
1714176000000,,62324.5,,62324.5,,62324.5,,62324.5,,62324.5
1714190400000,,,,,,,,,,
1714204800000,,62625,,,,,,,,
1714219200000,,,,,,,,,,
1714233600000,63599.5,62675,,,,,,,,
1714248000000,,,,,,,,,,
1714262400000,64333,,64333,,64333,,64333,,64333,
1714276800000,,,,,,,,,,
1714291200000,,63260.5,,63260.5,,,,,,
1714305600000,,,,,,,,,,
1714320000000,63954.5,,63954.5,,,,,,,
1714334400000,,,,,,,,,,
1714348800000,,,,,,,,,,
1714363200000,,61888,,,,,,,,
1714377600000,,,,,,,,,,
1714392000000,,61710,,61710,,61710,,61710,,
1714406400000,,,,,,,,,,
1714420800000,,,,,,,,,,
1714435200000,64692.5,,64692.5,,64692.5,,64692.5,,64692.5,
1714449600000,,,,,,,,,,
1714464000000,,,,,,,,,,
1714478400000,,,,,,,,,,
1714492800000,,59106,,59106,,,,,,
1714507200000,61017,,,,,,,,,
1714521600000,,,,,,,,,,
1714536000000,,,,,,,,,,
1714550400000,,56415,,56415,,56415,,56415,,56415
1714564800000,,,,,,,,,,
1714579200000,59434.5,56527.5,59434.5,,,,,,,
1714593600000,,,,,,,,,,
1714608000000,58500,,,,,,,,,
1714622400000,,,,,,,,,,
1714636800000,,,,,,,,,,
1714651200000,,,,,,,,,,
1714665600000,,,,,,,,,,
1714680000000,,58569,,,,,,,,
1714694400000,59999,,59999,,,,,,,
1714708800000,,,,,,,,,,
1714723200000,,58833,,,,,,,,
1714737600000,,,,,,,,,,
1714752000000,,,,,,,,,,
1714766400000,,,,,,,,,,
1714780800000,63628,,,,,,,,,
1714795200000,,,,,,,,,,
1714809600000,64540,,64540,,64540,,64540,,64540,
1714824000000,,,,,,,,,,
1714838400000,,63306,,,,,,,,
1714852800000,,,,,,,,,,
1714867200000,64229,62848.5,64229,62848.5,,62848.5,,62848.5,,
1714881600000,,,,,,,,,,
1714896000000,,,,,,,,,,
1714910400000,64669,,64669,,64669,,64669,,,
1714924800000,,,,,,,,,,
1714939200000,,63555,,63555,,,,,,
1714953600000,,,,,,,,,,
1714968000000,,,,,,,,,,
1714982400000,65524,,65524,,65524,,65524,,65524,
1714996800000,,,,,,,,,,
1715011200000,,62667,,62667,,62667,,62667,,62667
1715025600000,,,,,,,,,,
1715040000000,63978.5,62780,,,,,,,,
1715054400000,,,,,,,,,,
1715068800000,64381,,64381,,64381,,64381,,64381,
1715083200000,,,,,,,,,,
1715097600000,,,,,,,,,,
1715112000000,,,,,,,,,,
1715126400000,,,,,,,,,,
1715140800000,63014.5,,,,,,,,,
1715155200000,,,,,,,,,,
1715169600000,62838.5,61751,,,,,,,,
1715184000000,,,,,,,,,,
1715198400000,,60793,,60793,,,,,,
1715212800000,,,,,,,,,,
1715227200000,,,,,,,,,,
1715241600000,,60463.5,,60463.5,,60463.5,,60463.5,,60463.5
1715256000000,,,,,,,,,,
1715270400000,,,,,,,,,,
1715284800000,63428,,63428,,63428,,,,,
1715299200000,,,,,,,,,,
1715313600000,63376.5,,,,,,,,,
1715328000000,,,,,,,,,,
1715342400000,63435.5,,63435.5,,63435.5,,63435.5,,63435.5,
1715356800000,,60102,,60102,,60102,,60102,,60102
1715371200000,,,,,,,,,,
1715385600000,61086,,,,,,,,,
1715400000000,,,,,,,,,,
1715414400000,,60447,,60447,,,,,,
1715428800000,61490.5,,61490.5,,61490.5,,61490.5,,61490.5,
1715443200000,,,,,,,,,,
1715457600000,,60711,,,,,,,,
1715472000000,,,,,,,,,,
1715486400000,,60561,,60561,,60561,,60561,,
1715500800000,,,,,,,,,,
1715515200000,,,,,,,,,,
1715529600000,61827.5,,61827.5,,,,,,,
1715544000000,,,,,,,,,,
1715558400000,,60718,,60718,,60718,,60718,,
1715572800000,,,,,,,,,,
1715587200000,63288,,,,,,,,,
1715601600000,,,,,,,,,,
1715616000000,63433,,63433,,63433,,63433,,63433,
1715630400000,,,,,,,,,,
1715644800000,,,,,,,,,,
1715659200000,,61324,,,,,,,,
1715673600000,,,,,,,,,,
1715688000000,62265.5,61029.5,,61029.5,,61029.5,,61029.5,,61029.5
1715702400000,,,,,,,,,,
1715716800000,,,,,,,,,,
1715731200000,,61289,,,,,,,,
1715745600000,,,,,,,,,,
1715760000000,,,,,,,,,,
1715774400000,,,,,,,,,,
1715788800000,,,,,,,,,,
1715803200000,,,,,,,,,,
1715817600000,66697,,66697,,,,,,,
1715832000000,,65658,,,,,,,,
1715846400000,,,,,,,,,,
1715860800000,66800,,66800,,66800,,66800,,66800,
1715875200000,,64576.5,,64576.5,,64576.5,,64576.5,,64576.5
1715889600000,,,,,,,,,,
1715904000000,,,,,,,,,,
1715918400000,,,,,,,,,,
1715932800000,,,,,,,,,,
1715947200000,67453,65791,67453,,67453,,67453,,67453,
1715961600000,,,,,,,,,,
1715976000000,,,,,,,,,,
1715990400000,,,,,,,,,,
1716004800000,,66722,,,,,,,,
1716019200000,67367,,67367,,67367,,67367,,,
1716033600000,,66559.5,,66559.5,,66559.5,,66559.5,,
1716048000000,,,,,,,,,,
1716062400000,,,,,,,,,,
1716076800000,67332.5,,,,,,,,,
1716091200000,,,,,,,,,,
1716105600000,67748.5,,67748.5,,67748.5,,67748.5,,67748.5,
1716120000000,,,,,,,,,,
1716134400000,,65857,,65857,,65857,,65857,,65857
1716148800000,,,,,,,,,,
1716163200000,,,,,,,,,,
1716177600000,,,,,,,,,,
1716192000000,,,,,,,,,,
1716206400000,,,,,,,,,,
1716220800000,,,,,,,,,,
1716235200000,,,,,,,,,,
1716249600000,72069.5,,72069.5,,72069.5,,72069.5,,72069.5,
1716264000000,,,,,,,,,,
1716278400000,71494,,,,,,,,,
1716292800000,,,,,,,,,,
1716307200000,,69160,,69160,,69160,,69160,,
1716321600000,,,,,,,,,,
1716336000000,70433,,70433,,,,,,,
1716350400000,,69228,,69228,,,,,,
1716364800000,,,,,,,,,,
1716379200000,,,,,,,,,,
1716393600000,70702,,70702,,70702,,70702,,70702,
1716408000000,,68908,,68908,,68908,,,,
1716422400000,,,,,,,,,,
1716436800000,,,,,,,,,,
1716451200000,,,,,,,,,,
1716465600000,70129,,70129,,70129,,70129,,,
1716480000000,,,,,,,,,,
1716494400000,68417,66115,,66115,,66115,,66115,,66115
1716508800000,,,,,,,,,,
1716523200000,,,,,,,,,,
1716537600000,,66631.5,,66631.5,,,,,,
1716552000000,,,,,,,,,,
1716566400000,69277,,69277,,69277,,,,,
1716580800000,,,,,,,,,,
1716595200000,,68531.5,,,,,,,,
1716609600000,,,,,,,,,,
1716624000000,69669.5,,69669.5,,69669.5,,69669.5,,69669.5,
1716638400000,,,,,,,,,,
1716652800000,,,,,,,,,,
1716667200000,69399,,,,,,,,,
1716681600000,,68859,,68859,,,,,,
1716696000000,,,,,,,,,,
1716710400000,69599,,69599,,69599,,69599,,69599,
1716724800000,,68666.5,,,,,,,,
1716739200000,,,,,,,,,,
1716753600000,,68102,,68102,,68102,,68102,,68102
1716768000000,69310.5,,69310.5,,,,,,,
1716782400000,,,,,,,,,,
1716796800000,,68250,,68250,,,,,,
1716811200000,,,,,,,,,,
1716825600000,70749.5,,70749.5,,70749.5,,70749.5,,70749.5,
1716840000000,,,,,,,,,,
1716854400000,,,,,,,,,,
1716868800000,,67459.5,,67459.5,,,,,,
1716883200000,68886,,,,,,,,,
1716897600000,,,,,,,,,,
1716912000000,,67222,,67222,,67222,,67222,,67222
1716926400000,,,,,,,,,,
1716940800000,68928.5,,68928.5,,68928.5,,68928.5,,68928.5,
1716955200000,,,,,,,,,,
1716969600000,,,,,,,,,,
1716984000000,68297,,,,,,,,,
1716998400000,,67135.5,,67135.5,,67135.5,,,,
1717012800000,,,,,,,,,,
1717027200000,,,,,,,,,,
1717041600000,68405.5,,,,,,,,,
1717056000000,,67116.5,,67116.5,,67116.5,,67116.5,,67116.5
1717070400000,,,,,,,,,,
1717084800000,69574.5,,69574.5,,69574.5,,69574.5,,69574.5,
1717099200000,,68074.5,,,,,,,,
1717113600000,68768.5,,,,,,,,,
1717128000000,,,,,,,,,,
1717142400000,,,,,,,,,,
1717156800000,69061,,69061,,69061,,69061,,,
1717171200000,,66625.5,,66625.5,,66625.5,,66625.5,,66625.5
1717185600000,,,,,,,,,,
1717200000000,,,,,,,,,,
1717214400000,67779,,,,,,,,,
1717228800000,,,,,,,,,,
1717243200000,67907.5,,67907.5,,67907.5,,67907.5,,,
1717257600000,,67555,,67555,,,,,,
1717272000000,,,,,,,,,,
1717286400000,67901,67602,,,,,,,,
1717300800000,,,,,,,,,,
1717315200000,,67345.5,,,,,,,,
1717329600000,68477,,68477,,,,,,,
1717344000000,,67269,,67269,,67269,,67269,,67269
1717358400000,,,,,,,,,,
1717372800000,,,,,,,,,,
1717387200000,,,,,,,,,,
1717401600000,,,,,,,,,,
1717416000000,70340,68570,70340,,70340,,70340,,70340,
1717430400000,,,,,,,,,,
1717444800000,,,,,,,,,,
1717459200000,,68682.5,,,,,,,,
1717473600000,,,,,,,,,,
1717488000000,,68581.5,,68581.5,,68581.5,,68581.5,,
1717502400000,,,,,,,,,,
1717516800000,71134,,,,,,,,,
1717531200000,,,,,,,,,,
1717545600000,,,,,,,,,,
1717560000000,71444.5,,,,,,,,,
1717574400000,,,,,,,,,,
1717588800000,,70425.5,,70425.5,,70425.5,,,,
1717603200000,71849.5,,71849.5,,71849.5,,71849.5,,71849.5,
1717617600000,,70695,,,,,,,,
1717632000000,,,,,,,,,,
1717646400000,,70880,,,,,,,,
1717660800000,,,,,,,,,,
1717675200000,71691,,71691,,71691,,71691,,,
1717689600000,,,,,,,,,,
1717704000000,,70130,,70130,,70130,,70130,,
1717718400000,,,,,,,,,,
1717732800000,,,,,,,,,,
1717747200000,,,,,,,,,,
1717761600000,72086,,72086,,72086,,72086,,72086,
1717776000000,,68300.5,,68300.5,,68300.5,,68300.5,,68300.5
1717790400000,,,,,,,,,,
1717804800000,,,,,,,,,,
1717819200000,,69235,,,,,,,,
1717833600000,69595.5,,69595.5,,69595.5,,,,,
1717848000000,,69200.5,,69200.5,,,,,,
1717862400000,69527,,,,,,,,,
1717876800000,,,,,,,,,,
1717891200000,,69150,,69150,,69150,,69150,,69150
1717905600000,69472,,,,,,,,,
1717920000000,,,,,,,,,,
1717934400000,,69263,,69263,,,,,,
1717948800000,69895,,69895,,69895,,69895,,,
1717963200000,,,,,,,,,,
1717977600000,,,,,,,,,,
1717992000000,,,,,,,,,,
1718006400000,,69191.5,,69191.5,,69191.5,,,,
1718020800000,70196,,70196,,70196,,70196,,70196,
1718035200000,,,,,,,,,,
1718049600000,,,,,,,,,,
1718064000000,,,,,,,,,,
1718078400000,,,,,,,,,,
1718092800000,,,,,,,,,,
1718107200000,,66010.5,,66010.5,,66010.5,,66010.5,,66010.5
1718121600000,,,,,,,,,,
1718136000000,,,,,,,,,,
1718150400000,67633,66922.5,,,,,,,,
1718164800000,,,,,,,,,,
1718179200000,,,,,,,,,,
1718193600000,70067,,70067,,70067,,70067,,70067,
1718208000000,,67250,,,,,,,,
1718222400000,,,,,,,,,,
1718236800000,,66955.5,,66955.5,,,,,,
1718251200000,,,,,,,,,,
1718265600000,,,,,,,,,,
1718280000000,68539,,68539,,68539,,,,,
1718294400000,,66268.5,,66268.5,,66268.5,,66268.5,,66268.5
1718308800000,,,,,,,,,,
1718323200000,,66459.5,,,,,,,,
1718337600000,,,,,,,,,,
1718352000000,,,,,,,,,,
1718366400000,67367.5,,67367.5,,67367.5,,67367.5,,67367.5,
1718380800000,,65020,,65020,,65020,,65020,,65020
1718395200000,66615.5,,,,,,,,,
1718409600000,,,,,,,,,,
1718424000000,66379,,,,,,,,,
1718438400000,,,,,,,,,,
1718452800000,66445.5,,66445.5,,66445.5,,,,,
1718467200000,,,,,,,,,,
1718481600000,,65781,,65781,,65781,,65781,,65781
1718496000000,,,,,,,,,,
1718510400000,,65971.5,,,,,,,,
1718524800000,,,,,,,,,,
1718539200000,66730.5,,,,,,,,,
1718553600000,,,,,,,,,,
1718568000000,66911.5,,66911.5,,66911.5,,66911.5,,,
1718582400000,,,,,,,,,,
1718596800000,,,,,,,,,,
1718611200000,,,,,,,,,,
1718625600000,,65035.5,,65035.5,,,,,,
1718640000000,67301.5,,67301.5,,67301.5,,67301.5,,67301.5,
1718654400000,,,,,,,,,,
1718668800000,,64465.5,,64465.5,,,,,,
1718683200000,,,,,,,,,,
1718697600000,,,,,,,,,,
1718712000000,,,,,,,,,,
1718726400000,,64001.5,,64001.5,,64001.5,,64001.5,,64001.5
1718740800000,,,,,,,,,,
1718755200000,,,,,,,,,,
1718769600000,65667.5,,65667.5,,65667.5,,65667.5,,,
1718784000000,,,,,,,,,,
1718798400000,,64716,,,,,,,,
1718812800000,65279,,,,,,,,,
1718827200000,,64657,,64657,,64657,,,,
1718841600000,,,,,,,,,,
1718856000000,,,,,,,,,,
1718870400000,66514.5,,66514.5,,66514.5,,66514.5,,66514.5,
1718884800000,,,,,,,,,,
1718899200000,,64517.5,,,,,,,,
1718913600000,,,,,,,,,,
1718928000000,,,,,,,,,,
1718942400000,,,,,,,,,,
1718956800000,,,,,,,,,,
1718971200000,64347.5,63351.5,,63351.5,,63351.5,,63351.5,,63351.5
1718985600000,,,,,,,,,,
1719000000000,64457.5,,,,,,,,,
1719014400000,,,,,,,,,,
1719028800000,,,,,,,,,,
1719043200000,64512,64200.5,64512,,64512,,64512,,64512,
1719057600000,,,,,,,,,,
1719072000000,,64222.5,,,,,,,,
1719086400000,,,,,,,,,,
1719100800000,64500,,64500,,64500,,,,,
1719115200000,,,,,,,,,,
1719129600000,,,,,,,,,,
1719144000000,,,,,,,,,,
1719158400000,,,,,,,,,,
1719172800000,,,,,,,,,,
1719187200000,,,,,,,,,,
1719201600000,,,,,,,,,,
1719216000000,62945.5,60500,,,,,,,,
1719230400000,,,,,,,,,,
1719244800000,,,,,,,,,,
1719259200000,,58166,,58166,,58166,,58166,,58166
1719273600000,61556,,,,,,,,,
1719288000000,,,,,,,,,,
1719302400000,,,,,,,,,,
1719316800000,,,,,,,,,,
1719331200000,62377,,,,,,,,,
1719345600000,,,,,,,,,,
1719360000000,62450,,62450,,62450,,62450,,62450,
1719374400000,,,,,,,,,,
1719388800000,,61133,,,,,,,,
1719403200000,61974,,61974,,,,,,,
1719417600000,,60653,,60653,,,,,,
1719432000000,,,,,,,,,,
1719446400000,61254,,,,,,,,,
1719460800000,,60562,,60562,,60562,,60562,,60562
1719475200000,,,,,,,,,,
1719489600000,62345,,62345,,62345,,62345,,62345,
1719504000000,,,,,,,,,,
1719518400000,,61281,,,,,,,,
1719532800000,62189,,62189,,,,,,,
1719547200000,,,,,,,,,,
1719561600000,,,,,,,,,,
1719576000000,61816,,61816,,,,,,,
1719590400000,,,,,,,,,,
1719604800000,,59916.5,,59916.5,,59916.5,,59916.5,,59916.5
1719619200000,,,,,,,,,,
1719633600000,,,,,,,,,,
1719648000000,61147.5,,61147.5,,61147.5,,61147.5,,,
1719662400000,,,,,,,,,,
1719676800000,,,,,,,,,,
1719691200000,,,,,,,,,,
1719705600000,,,,,,,,,,
1719720000000,61744,60638,,60638,,60638,,60638,,60638
1719734400000,,,,,,,,,,
1719748800000,,61245.5,,,,,,,,
1719763200000,,,,,,,,,,
1719777600000,,,,,,,,,,
1719792000000,63740.5,,63740.5,,63740.5,,,,,
1719806400000,,,,,,,,,,
1719820800000,,,,,,,,,,
1719835200000,,62432,,62432,,62432,,,,
1719849600000,63807.5,,63807.5,,63807.5,,63807.5,,63807.5,
1719864000000,,,,,,,,,,
1719878400000,,,,,,,,,,
1719892800000,,,,,,,,,,
1719907200000,,,,,,,,,,
1719921600000,63096,61715.5,,61715.5,,,,,,
1719936000000,,,,,,,,,,
1719950400000,,,,,,,,,,
1719964800000,62202,60449.5,,,,,,,,
1719979200000,,,,,,,,,,
1719993600000,,59454.5,,59454.5,,,,,,
1720008000000,,,,,,,,,,
1720022400000,,,,,,,,,,
1720036800000,,,,,,,,,,
1720051200000,60428,57696.5,,,,,,,,
1720065600000,,,,,,,,,,
1720080000000,,,,,,,,,,
1720094400000,,56667.5,,56667.5,,,,,,
1720108800000,,,,,,,,,,
1720123200000,58788.5,,58788.5,,58788.5,,,,,
1720137600000,,,,,,,,,,
1720152000000,,53216,,53216,,53216,,53216,,53216
1720166400000,,,,,,,,,,
1720180800000,,,,,,,,,,
1720195200000,57036.5,,57036.5,,57036.5,,,,,
1720209600000,,,,,,,,,,
1720224000000,56999.5,,,,,,,,,
1720238400000,,55999.5,,55999.5,,,,,,
1720252800000,,,,,,,,,,
1720267200000,,,,,,,,,,
1720281600000,,,,,,,,,,
1720296000000,58469.5,,58469.5,,58469.5,,58469.5,,58469.5,
1720310400000,,,,,,,,,,
1720324800000,,57058,,,,,,,,
1720339200000,,,,,,,,,,
1720353600000,,56558,,,,,,,,
1720368000000,,,,,,,,,,
1720382400000,,,,,,,,,,
1720396800000,,54256,,54256,,54256,,54256,,54256
1720411200000,,,,,,,,,,
1720425600000,58217.5,,58217.5,,58217.5,,58217.5,,58217.5,
1720440000000,,54885,,54885,,,,,,
1720454400000,,,,,,,,,,
1720468800000,,,,,,,,,,
1720483200000,,,,,,,,,,
1720497600000,,,,,,,,,,
1720512000000,,,,,,,,,,
1720526400000,,56876,,56876,,,,,,
1720540800000,58298,,58298,,,,,,,
1720555200000,,,,,,,,,,
1720569600000,,57306,,57306,,,,,,
1720584000000,59480.5,,59480.5,,59480.5,,59480.5,,59480.5,
1720598400000,,,,,,,,,,
1720612800000,,,,,,,,,,
1720627200000,,,,,,,,,,
1720641600000,,,,,,,,,,
1720656000000,58377.5,57021,,57021,,57021,,57021,,57021
1720670400000,,,,,,,,,,
1720684800000,,,,,,,,,,
1720699200000,59585.5,,59585.5,,59585.5,,59585.5,,59585.5,
1720713600000,,,,,,,,,,
1720728000000,,,,,,,,,,
1720742400000,,56515,,56515,,56515,,56515,,56515
1720756800000,,,,,,,,,,
1720771200000,,,,,,,,,,
1720785600000,,,,,,,,,,
1720800000000,58531,,58531,,58531,,,,,
1720814400000,,57150.5,,,,,,,,
1720828800000,,,,,,,,,,
1720843200000,,,,,,,,,,
1720857600000,58935,,,,,,,,,
1720872000000,,,,,,,,,,
1720886400000,,,,,,,,,,
1720900800000,59863,58262.5,,58262.5,,,,,,
1720915200000,,,,,,,,,,
1720929600000,,,,,,,,,,
1720944000000,60430,,60430,,,,,,,
1720958400000,,59474,,,,,,,,
1720972800000,,,,,,,,,,
1720987200000,,59858,,,,,,,,
1721001600000,,,,,,,,,,
1721016000000,,,,,,,,,,
1721030400000,,62275.5,,,,,,,,
1721044800000,,,,,,,,,,
1721059200000,,,,,,,,,,
1721073600000,,,,,,,,,,
1721088000000,,,,,,,,,,
1721102400000,65031.5,,65031.5,,,,,,,
1721116800000,,62386,,62386,,62386,,62386,,62386
1721131200000,,,,,,,,,,
1721145600000,,,,,,,,,,
1721160000000,,,,,,,,,,
1721174400000,66138.5,,66138.5,,66138.5,,66138.5,,66138.5,
1721188800000,,,,,,,,,,
1721203200000,,64540.5,,,,,,,,
1721217600000,,,,,,,,,,
1721232000000,,63864,,63864,,63864,,63864,,
1721246400000,,,,,,,,,,
1721260800000,65122.5,63885.5,65122.5,,,,,,,
1721275200000,,,,,,,,,,
1721289600000,,,,,,,,,,
1721304000000,65114.5,,65114.5,,,,,,,
1721318400000,,63211,,63211,,63211,,63211,,63211
1721332800000,,,,,,,,,,
1721347200000,,63286,,,,,,,,
1721361600000,64454,,,,,,,,,
1721376000000,,63395.5,,,,,,,,
1721390400000,,,,,,,,,,
1721404800000,67406,,67406,,67406,,67406,,67406,
1721419200000,,,,,,,,,,
1721433600000,,66160,,,,,,,,
1721448000000,,,,,,,,,,
1721462400000,,,,,,,,,,
1721476800000,,66302.5,,66302.5,,,,,,
1721491200000,67691,,67691,,67691,,67691,,67691,
1721505600000,,,,,,,,,,
1721520000000,,,,,,,,,,
1721534400000,,66584.5,,66584.5,,,,,,
1721548800000,,,,,,,,,,
1721563200000,,,,,,,,,,
1721577600000,,65803,,65803,,65803,,65803,,65803
1721592000000,,,,,,,,,,
1721606400000,68514.5,,68514.5,,68514.5,,68514.5,,68514.5,
1721620800000,,,,,,,,,,
1721635200000,,,,,,,,,,
1721649600000,,66584,,66584,,66584,,,,
1721664000000,,,,,,,,,,
1721678400000,68258.5,,68258.5,,68258.5,,68258.5,,,
1721692800000,,,,,,,,,,
1721707200000,,66235,,,,,,,,
1721721600000,,,,,,,,,,
1721736000000,67354.5,,,,,,,,,
1721750400000,,65461.5,,65461.5,,65461.5,,65461.5,,65461.5
1721764800000,,,,,,,,,,
1721779200000,66164.5,65484,,,,,,,,
1721793600000,,,,,,,,,,
1721808000000,,,,,,,,,,
1721822400000,67138,,67138,,67138,,67138,,67138,
1721836800000,,,,,,,,,,
1721851200000,,,,,,,,,,
1721865600000,,,,,,,,,,
1721880000000,,63781,,,,,,,,
1721894400000,,,,,,,,,,
1721908800000,,63448,,63448,,63448,,63448,,63448
1721923200000,,,,,,,,,,
1721937600000,,,,,,,,,,
1721952000000,67477.5,,,,,,,,,
1721966400000,,,,,,,,,,
1721980800000,,,,,,,,,,
1721995200000,,66870,,,,,,,,
1722009600000,,,,,,,,,,
1722024000000,68224,,,,,,,,,
1722038400000,,,,,,,,,,
1722052800000,68348.5,,,,,,,,,
1722067200000,,,,,,,,,,
1722081600000,69491,,69491,,69491,,69491,,69491,
1722096000000,,,,,,,,,,
1722110400000,69263,66640.5,,66640.5,,66640.5,,66640.5,,66640.5
1722124800000,,,,,,,,,,
1722139200000,,67034,,,,,,,,
1722153600000,,,,,,,,,,
1722168000000,,,,,,,,,,
1722182400000,68377.5,,,,,,,,,
1722196800000,,,,,,,,,,
1722211200000,,,,,,,,,,
1722225600000,69943,,,,,,,,,
1722240000000,,,,,,,,,,
1722254400000,70098.5,,70098.5,,70098.5,,70098.5,,70098.5,
1722268800000,,66333,,,,,,,,
1722283200000,,,,,,,,,,
1722297600000,,65819,,65819,,,,,,
1722312000000,67024,,,,,,,,,
1722326400000,,,,,,,,,,
1722340800000,,65497,,,,,,,,
1722355200000,,,,,,,,,,
1722369600000,,65279.5,,65279.5,,65279.5,,65279.5,,
1722384000000,,,,,,,,,,
1722398400000,66545,65459.5,,,,,,,,
1722412800000,,,,,,,,,,
1722427200000,66856.5,,66856.5,,66856.5,,66856.5,,66856.5,
1722441600000,,,,,,,,,,
1722456000000,,,,,,,,,,
1722470400000,,,,,,,,,,
1722484800000,,63527,,,,,,,,
1722499200000,,,,,,,,,,
1722513600000,64949,,,,,,,,,
1722528000000,,62238,,62238,,62238,,62238,,62238
1722542400000,65592,,65592,,65592,,65592,,65592,
1722556800000,,,,,,,,,,
1722571200000,,,,,,,,,,
1722585600000,,,,,,,,,,
1722600000000,65470,62337,65470,,,,,,,
1722614400000,,,,,,,,,,
1722628800000,,,,,,,,,,
1722643200000,,60400,,60400,,60400,,,,
1722657600000,,,,,,,,,,
1722672000000,,,,,,,,,,
1722686400000,62136,,62136,,62136,,,,,
1722700800000,,59738.5,,59738.5,,59738.5,,59738.5,,
1722715200000,,,,,,,,,,
1722729600000,61054.5,,,,,,,,,
1722744000000,,,,,,,,,,
1722758400000,,,,,,,,,,
1722772800000,61055.5,,61055.5,,61055.5,,61055.5,,,
1722787200000,,57018.5,,,,,,,,
1722801600000,59535.5,,,,,,,,,
1722816000000,,,,,,,,,,
1722830400000,,48900,,48900,,48900,,48900,,48900
1722844800000,,,,,,,,,,
1722859200000,,49553.5,,,,,,,,
1722873600000,55583,,,,,,,,,
1722888000000,,,,,,,,,,
1722902400000,56266,,56266,,,,,,,
1722916800000,,,,,,,,,,
1722931200000,,,,,,,,,,
1722945600000,,54386,,54386,,,,,,
1722960000000,57063,,,,,,,,,
1722974400000,,,,,,,,,,
1722988800000,57275.5,55563,,55563,,,,,,
1723003200000,,,,,,,,,,
1723017600000,57768.5,,57768.5,,57768.5,,57768.5,,57768.5,
1723032000000,,,,,,,,,,
1723046400000,,,,,,,,,,
1723060800000,,54522,,54522,,54522,,54522,,54522
1723075200000,57661,,,,,,,,,
1723089600000,,,,,,,,,,
1723104000000,,,,,,,,,,
1723118400000,,56667.5,,,,,,,,
1723132800000,,,,,,,,,,
1723147200000,62771.5,,62771.5,,62771.5,,62771.5,,62771.5,
1723161600000,,,,,,,,,,
1723176000000,,,,,,,,,,
1723190400000,,,,,,,,,,
1723204800000,,59520,,59520,,59520,,,,
1723219200000,,,,,,,,,,
1723233600000,,,,,,,,,,
1723248000000,61488,,61488,,61488,,61488,,61488,
1723262400000,,60250,,,,,,,,
1723276800000,61128,,,,,,,,,
1723291200000,,60407.5,,,,,,,,
1723305600000,61229,,,,,,,,,
1723320000000,,,,,,,,,,
1723334400000,61381.5,,,,,,,,,
1723348800000,,,,,,,,,,
1723363200000,61864,,61864,,61864,,61864,,61864,
1723377600000,,,,,,,,,,
1723392000000,,,,,,,,,,
1723406400000,,,,,,,,,,
1723420800000,,,,,,,,,,
1723435200000,,57500.5,,57500.5,,57500.5,,57500.5,,57500.5
1723449600000,,,,,,,,,,
1723464000000,60705.5,57736,60705.5,,60705.5,,60705.5,,60705.5,
1723478400000,,,,,,,,,,
1723492800000,,,,,,,,,,
1723507200000,59939,,,,,,,,,
1723521600000,,,,,,,,,,
1723536000000,,58351,,58351,,58351,,58351,,
1723550400000,,,,,,,,,,
1723564800000,61602,,61602,,61602,,61602,,,
1723579200000,,,,,,,,,,
1723593600000,61317.5,,,,,,,,,
1723608000000,,,,,,,,,,
1723622400000,,,,,,,,,,
1723636800000,61856.5,,61856.5,,61856.5,,61856.5,,61856.5,
1723651200000,,,,,,,,,,
1723665600000,,,,,,,,,,
1723680000000,,,,,,,,,,
1723694400000,,57669.5,,57669.5,,,,,,
1723708800000,,,,,,,,,,
1723723200000,,,,,,,,,,
1723737600000,59839,,59839,,59839,,59839,,59839,
1723752000000,,56057.5,,56057.5,,56057.5,,56057.5,,56057.5
1723766400000,,,,,,,,,,
1723780800000,,,,,,,,,,
1723795200000,,,,,,,,,,
1723809600000,,57505,,57505,,,,,,
1723824000000,59814.5,,59814.5,,59814.5,,59814.5,,59814.5,
1723838400000,,,,,,,,,,
1723852800000,,,,,,,,,,
1723867200000,,,,,,,,,,
1723881600000,,59038.5,,,,,,,,
1723896000000,,,,,,,,,,
1723910400000,59702,,,,,,,,,
1723924800000,,59118,,,,,,,,
1723939200000,60244,,60244,,,,,,,
1723953600000,,59216.5,,,,,,,,
1723968000000,,,,,,,,,,
1723982400000,60289,,60289,,60289,,60289,,60289,
1723996800000,,,,,,,,,,
1724011200000,,,,,,,,,,
1724025600000,,58200,,,,,,,,
1724040000000,,,,,,,,,,
1724054400000,,57753.5,,57753.5,,57753.5,,57753.5,,57753.5
1724068800000,,,,,,,,,,
1724083200000,,,,,,,,,,
1724097600000,,,,,,,,,,
1724112000000,,,,,,,,,,
1724126400000,61420.5,,61420.5,,61420.5,,61420.5,,61420.5,
1724140800000,,,,,,,,,,
1724155200000,,,,,,,,,,
1724169600000,,58500,,58500,,58500,,58500,,58500
1724184000000,59726,,,,,,,,,
1724198400000,,58775,,,,,,,,
1724212800000,,,,,,,,,,
1724227200000,,,,,,,,,,
1724241600000,,58828,,58828,,,,,,
1724256000000,,,,,,,,,,
1724270400000,61847,,61847,,61847,,61847,,61847,
1724284800000,,59666,,,,,,,,
1724299200000,,,,,,,,,,
1724313600000,,,,,,,,,,
1724328000000,,60078.5,,60078.5,,,,,,
1724342400000,,,,,,,,,,
1724356800000,,,,,,,,,,
1724371200000,,,,,,,,,,
1724385600000,61338.5,,,,,,,,,
1724400000000,,,,,,,,,,
1724414400000,,,,,,,,,,
1724428800000,,,,,,,,,,
1724443200000,65039,,65039,,65039,,65039,,65039,
1724457600000,,,,,,,,,,
1724472000000,,,,,,,,,,
1724486400000,64575.5,,64575.5,,,,,,,
1724500800000,,63867.5,,,,,,,,
1724515200000,64475.5,,,,,,,,,
1724529600000,,63555,,63555,,63555,,63555,,63555
1724544000000,64600,,64600,,64600,,64600,,,
1724558400000,,63780,,,,,,,,
1724572800000,,,,,,,,,,
1724587200000,64299,,,,,,,,,
1724601600000,,,,,,,,,,
1724616000000,65000,,65000,,65000,,65000,,65000,
1724630400000,,,,,,,,,,
1724644800000,,,,,,,,,,
1724659200000,,,,,,,,,,
1724673600000,,63044.5,,,,,,,,
1724688000000,,,,,,,,,,
1724702400000,,,,,,,,,,
1724716800000,,62645.5,,,,,,,,
1724731200000,,,,,,,,,,
1724745600000,,,,,,,,,,
1724760000000,,61465,,,,,,,,
1724774400000,,,,,,,,,,
1724788800000,,57888.5,,57888.5,,57888.5,,57888.5,,
1724803200000,,,,,,,,,,
1724817600000,,58489.5,,,,,,,,
1724832000000,60248,,60248,,,,,,,
1724846400000,,,,,,,,,,
1724860800000,,57775.5,,57775.5,,57775.5,,57775.5,,57775.5
1724875200000,,,,,,,,,,
1724889600000,,,,,,,,,,
1724904000000,,,,,,,,,,
1724918400000,,,,,,,,,,
1724932800000,61156.5,,61156.5,,61156.5,,61156.5,,61156.5,
1724947200000,,,,,,,,,,
1724961600000,,58666,,,,,,,,
1724976000000,,,,,,,,,,
1724990400000,,58639.5,,,,,,,,
1725004800000,,,,,,,,,,
1725019200000,59934.5,,59934.5,,59934.5,,59934.5,,,
1725033600000,,57661,,57661,,57661,,57661,,57661
1725048000000,,,,,,,,,,
1725062400000,59441,,59441,,,,,,,
1725076800000,,,,,,,,,,
1725091200000,,58743,,,,,,,,
1725105600000,59225.5,,,,,,,,,
1725120000000,,58718.5,,,,,,,,
1725134400000,,,,,,,,,,
1725148800000,,,,,,,,,,
1725163200000,,57725,,,,,,,,
1725177600000,,,,,,,,,,
1725192000000,,57021,,57021,,57021,,57021,,57021
1725206400000,58838,,58838,,58838,,,,,
1725220800000,,,,,,,,,,
1725235200000,,57085,,57085,,,,,,
1725249600000,,,,,,,,,,
1725264000000,,,,,,,,,,
1725278400000,58905.5,,,,,,,,,
1725292800000,,,,,,,,,,
1725307200000,,,,,,,,,,
1725321600000,59801,,59801,,59801,,59801,,59801,
1725336000000,,,,,,,,,,
1725350400000,,,,,,,,,,
1725364800000,59353,57528,59353,,,,,,,
1725379200000,,,,,,,,,,
1725393600000,,,,,,,,,,
1725408000000,,55468.5,,55468.5,,55468.5,,55468.5,,55468.5
1725422400000,,,,,,,,,,
1725436800000,,,,,,,,,,
1725451200000,,56138,,,,,,,,
1725465600000,58500,,58500,,58500,,58500,,58500,
1725480000000,,,,,,,,,,
1725494400000,,,,,,,,,,
1725508800000,,56477,,,,,,,,
1725523200000,,,,,,,,,,
1725537600000,57393,,57393,,,,,,,
1725552000000,,,,,,,,,,
1725566400000,,55565.5,,,,,,,,
1725580800000,56858,,56858,,,,,,,
1725595200000,,55194,,,,,,,,
1725609600000,,,,,,,,,,
1725624000000,56999,,56999,,56999,,56999,,56999,
1725638400000,,,,,,,,,,
1725652800000,,52475,,52475,,52475,,52475,,52475
1725667200000,,,,,,,,,,
1725681600000,,,,,,,,,,
1725696000000,,,,,,,,,,
1725710400000,,,,,,,,,,
1725724800000,54846,,54846,,54846,,54846,,54846,
1725739200000,,53805.5,,53805.5,,53805.5,,,,
1725753600000,,,,,,,,,,
1725768000000,,,,,,,,,,
1725782400000,54700,,54700,,,,,,,
1725796800000,,,,,,,,,,
1725811200000,,53602,,53602,,53602,,53602,,53602
1725825600000,,,,,,,,,,
1725840000000,55371.5,,,,,,,,,
1725854400000,,54564.5,,,,,,,,
1725868800000,,,,,,,,,,
1725883200000,,54762.5,,,,,,,,
1725897600000,,,,,,,,,,
1725912000000,58188.5,,58188.5,,58188.5,,58188.5,,58188.5,
1725926400000,,,,,,,,,,
1725940800000,,56364,,56364,,,,,,
1725955200000,,,,,,,,,,
1725969600000,,56500.5,,,,,,,,
1725984000000,58035,,58035,,58035,,58035,,,
1725998400000,,,,,,,,,,
1726012800000,,,,,,,,,,
1726027200000,,56060,,,,,,,,
1726041600000,,,,,,,,,,
1726056000000,,55509,,55509,,55509,,55509,,55509
1726070400000,57971,,,,,,,,,
1726084800000,,,,,,,,,,
1726099200000,58468,,58468,,,,,,,
1726113600000,,,,,,,,,,
1726128000000,,,,,,,,,,
1726142400000,58565.5,57309.5,58565.5,57309.5,58565.5,,58565.5,,58565.5,
1726156800000,,,,,,,,,,
1726171200000,,,,,,,,,,
1726185600000,,,,,,,,,,
1726200000000,,57715,,,,,,,,
1726214400000,,,,,,,,,,
1726228800000,,57615.5,,57615.5,,57615.5,,57615.5,,
1726243200000,,,,,,,,,,
1726257600000,60659,,60659,,60659,,60659,,60659,
1726272000000,,,,,,,,,,
1726286400000,,,,,,,,,,
1726300800000,,59587,,,,,,,,
1726315200000,,,,,,,,,,
1726329600000,,59378,,59378,,59378,,59378,,59378
1726344000000,,,,,,,,,,
1726358400000,60266,,60266,,,,,,,
1726372800000,,,,,,,,,,
1726387200000,,59824.5,,,,,,,,
1726401600000,60399,,60399,,60399,,60399,,60399,
1726416000000,,,,,,,,,,
1726430400000,,,,,,,,,,
1726444800000,,58087.5,,58087.5,,,,,,
1726459200000,,,,,,,,,,
1726473600000,59195,,59195,,,,,,,
1726488000000,,,,,,,,,,
1726502400000,,57438,,57438,,57438,,57438,,57438
1726516800000,58404,,,,,,,,,
1726531200000,,,,,,,,,,
1726545600000,,,,,,,,,,
1726560000000,,,,,,,,,,
1726574400000,61335.5,,61335.5,,61335.5,,61335.5,,61335.5,
1726588800000,,,,,,,,,,
1726603200000,,,,,,,,,,
1726617600000,60760,,,,,,,,,
1726632000000,,,,,,,,,,
1726646400000,,,,,,,,,,
1726660800000,,,,,,,,,,
1726675200000,,59138.5,,59138.5,,59138.5,,59138.5,,59138.5
1726689600000,,,,,,,,,,
1726704000000,62618.5,,,,,,,,,
1726718400000,,,,,,,,,,
1726732800000,,,,,,,,,,
1726747200000,,,,,,,,,,
1726761600000,63850,,63850,,,,,,,
1726776000000,,,,,,,,,,
1726790400000,,62601.5,,62601.5,,,,,,
1726804800000,64145,,64145,,64145,,64145,,64145,
1726819200000,,,,,,,,,,
1726833600000,,,,,,,,,,
1726848000000,,62328.5,,62328.5,,62328.5,,62328.5,,62328.5
1726862400000,,,,,,,,,,
1726876800000,63308.5,,63308.5,,,,,,,
1726891200000,,62714.5,,,,,,,,
1726905600000,,,,,,,,,,
1726920000000,,,,,,,,,,
1726934400000,,,,,,,,,,
1726948800000,63569.5,,63569.5,,63569.5,,63569.5,,63569.5,
1726963200000,,,,,,,,,,
1726977600000,,,,,,,,,,
1726992000000,,,,,,,,,,
1727006400000,,62430,,,,,,,,
1727020800000,,,,,,,,,,
1727035200000,,62350.5,,62350.5,,62350.5,,62350.5,,62350.5
1727049600000,64725,,64725,,64725,,64725,,64725,
1727064000000,,,,,,,,,,
1727078400000,,,,,,,,,,
1727092800000,,63032,,63032,,,,,,
1727107200000,63826.5,,63826.5,,,,,,,
1727121600000,,,,,,,,,,
1727136000000,,62555,,62555,,62555,,62555,,62555
1727150400000,,,,,,,,,,
1727164800000,64043,,,,,,,,,
1727179200000,,62684,,62684,,,,,,
1727193600000,,,,,,,,,,
1727208000000,,,,,,,,,,
1727222400000,64833.5,,64833.5,,64833.5,,64833.5,,64833.5,
1727236800000,,,,,,,,,,
1727251200000,,,,,,,,,,
1727265600000,63988,,,,,,,,,
1727280000000,,,,,,,,,,
1727294400000,,,,,,,,,,
1727308800000,,62625,,62625,,62625,,62625,,62625
1727323200000,,,,,,,,,,
1727337600000,,,,,,,,,,
1727352000000,,,,,,,,,,
1727366400000,65839,,65839,,65839,,,,,
1727380800000,,64623,,,,,,,,
1727395200000,,,,,,,,,,
1727409600000,,,,,,,,,,
1727424000000,,,,,,,,,,
1727438400000,66497,65292,66497,,66497,,66497,,66497,
1727452800000,,,,,,,,,,
1727467200000,,,,,,,,,,
1727481600000,66262,,,,,,,,,
1727496000000,,,,,,,,,,
1727510400000,,,,,,,,,,
1727524800000,65816.5,65421,,,,,,,,
1727539200000,,,,,,,,,,
1727553600000,,65414,,65414,,65414,,65414,,65414
1727568000000,65976,,65976,,65976,,65976,,,
1727582400000,,65415.5,,,,,,,,
1727596800000,,,,,,,,,,
1727611200000,,,,,,,,,,
1727625600000,,,,,,,,,,
1727640000000,66066,,66066,,66066,,66066,,66066,
1727654400000,,64163,,,,,,,,
1727668800000,,,,,,,,,,
1727683200000,,63193.5,,,,,,,,
1727697600000,,,,,,,,,,
1727712000000,,,,,,,,,,
1727726400000,63829,62807,,62807,,62807,,,,
1727740800000,,,,,,,,,,
1727755200000,64093,,64093,,64093,,,,,
1727769600000,,,,,,,,,,
1727784000000,,,,,,,,,,
1727798400000,,,,,,,,,,
1727812800000,,60102,,60102,,60102,,60102,,
1727827200000,,,,,,,,,,
1727841600000,61913,,61913,,,,,,,
1727856000000,,,,,,,,,,
1727870400000,,,,,,,,,,
1727884800000,62369,59950,62369,59950,62369,59950,62369,59950,62369,
1727899200000,,,,,,,,,,
1727913600000,,,,,,,,,,
1727928000000,61462,,61462,,,,,,,
1727942400000,,,,,,,,,,
1727956800000,,59817,,59817,,59817,,59817,,59817
1727971200000,,,,,,,,,,
1727985600000,,,,,,,,,,
1728000000000,,60428,,,,,,,,
1728014400000,,,,,,,,,,
1728028800000,,,,,,,,,,
1728043200000,,60751.5,,60751.5,,,,,,
1728057600000,,,,,,,,,,
1728072000000,62457,,62457,,62457,,62457,,62457,
1728086400000,,61653,,,,,,,,
1728100800000,,,,,,,,,,
1728115200000,,,,,,,,,,
1728129600000,62358,,62358,,62358,,,,,
1728144000000,,,,,,,,,,
1728158400000,,61670,,61670,,61670,,61670,,
1728172800000,62118,,,,,,,,,
1728187200000,,61778.5,,,,,,,,
1728201600000,,,,,,,,,,
1728216000000,,,,,,,,,,
1728230400000,63000,,,,,,,,,
1728244800000,,62261.5,,,,,,,,
1728259200000,63943.5,,63943.5,,,,,,,
1728273600000,,,,,,,,,,
1728288000000,,62591.5,,62591.5,,,,,,
1728302400000,64448,,64448,,64448,,64448,,64448,
1728316800000,,,,,,,,,,
1728331200000,,62087,,,,,,,,
1728345600000,,,,,,,,,,
1728360000000,,61924,,,,,,,,
1728374400000,,,,,,,,,,
1728388800000,63158.5,,63158.5,,63158.5,,,,,
1728403200000,,,,,,,,,,
1728417600000,,,,,,,,,,
1728432000000,,61931,,,,,,,,
1728446400000,62491,,,,,,,,,
1728460800000,,,,,,,,,,
1728475200000,62346.5,,,,,,,,,
1728489600000,,,,,,,,,,
1728504000000,,60165,,60165,,60165,,60165,,
1728518400000,,,,,,,,,,
1728532800000,,,,,,,,,,
1728547200000,,,,,,,,,,
1728561600000,61241.5,,61241.5,,61241.5,,61241.5,,,
1728576000000,,58821,,58821,,58821,,58821,,58821
1728590400000,,,,,,,,,,
1728604800000,,,,,,,,,,
1728619200000,,,,,,,,,,
1728633600000,,,,,,,,,,
1728648000000,,,,,,,,,,
1728662400000,63401,,63401,,63401,,63401,,,
1728676800000,,,,,,,,,,
1728691200000,,,,,,,,,,
1728705600000,,,,,,,,,,
1728720000000,,,,,,,,,,
1728734400000,63444.5,,63444.5,,63444.5,,63444.5,,63444.5,
1728748800000,,,,,,,,,,
1728763200000,,,,,,,,,,
1728777600000,,62604.5,,,,,,,,
1728792000000,,,,,,,,,,
1728806400000,,,,,,,,,,
1728820800000,,62000.5,,62000.5,,62000.5,,62000.5,,62000.5
1728835200000,,,,,,,,,,
1728849600000,,,,,,,,,,
1728864000000,,62399.5,,,,,,,,
1728878400000,,,,,,,,,,
1728892800000,,,,,,,,,,
1728907200000,66266.5,,,,,,,,,
1728921600000,,,,,,,,,,
1728936000000,66669,,66669,,66669,,,,,
1728950400000,,,,,,,,,,
1728964800000,,65190,,,,,,,,
1728979200000,,,,,,,,,,
1728993600000,67984,64727.5,67984,64727.5,67984,64727.5,67984,64727.5,,64727.5
1729008000000,,,,,,,,,,
1729022400000,,,,,,,,,,
1729036800000,67581,,,,,,,,,
1729051200000,,,,,,,,,,
1729065600000,68407.5,,68407.5,,68407.5,,68407.5,,68407.5,
1729080000000,,,,,,,,,,
1729094400000,,,,,,,,,,
1729108800000,,,,,,,,,,
1729123200000,,,,,,,,,,
1729137600000,,,,,,,,,,
1729152000000,,,,,,,,,,
1729166400000,67655,66632.5,67655,66632.5,,66632.5,,66632.5,,66632.5
1729180800000,,,,,,,,,,
1729195200000,,,,,,,,,,
1729209600000,,,,,,,,,,
1729224000000,68350,,,,,,,,,
1729238400000,,,,,,,,,,
1729252800000,,67612.5,,,,,,,,
1729267200000,69046,,69046,,69046,,69046,,69046,
1729281600000,,68182,,,,,,,,
1729296000000,68681,,,,,,,,,
1729310400000,,,,,,,,,,
1729324800000,,,,,,,,,,
1729339200000,,,,,,,,,,
1729353600000,,67977,,67977,,67977,,67977,,67977
1729368000000,,,,,,,,,,
1729382400000,68458.5,68060,,,,,,,,
1729396800000,,,,,,,,,,
1729411200000,,,,,,,,,,
1729425600000,68780,68198.5,,,,,,,,
1729440000000,,,,,,,,,,
1729454400000,,,,,,,,,,
1729468800000,69550,,69550,,69550,,69550,,69550,
1729483200000,,,,,,,,,,
1729497600000,,,,,,,,,,
1729512000000,,66817,,66817,,,,,,
1729526400000,,,,,,,,,,
1729540800000,,,,,,,,,,
1729555200000,,66547,,66547,,66547,,66547,,66547
1729569600000,67766,,,,,,,,,
1729584000000,,,,,,,,,,
1729598400000,67663.5,66582,,66582,,,,,,
1729612800000,,,,,,,,,,
1729627200000,67809,,67809,,67809,,67809,,67809,
1729641600000,,,,,,,,,,
1729656000000,,,,,,,,,,
1729670400000,,,,,,,,,,
1729684800000,,,,,,,,,,
1729699200000,,65174,,65174,,65174,,65174,,65174
1729713600000,,,,,,,,,,
1729728000000,67595,,67595,,,,,,,
1729742400000,,,,,,,,,,
1729756800000,,66685.5,,,,,,,,
1729771200000,,,,,,,,,,
1729785600000,,,,,,,,,,
1729800000000,68824,,68824,,68824,,68824,,68824,
1729814400000,,,,,,,,,,
1729828800000,,67212,,67212,,,,,,
1729843200000,,,,,,,,,,
1729857600000,68767.5,,68767.5,,68767.5,,,,,
1729872000000,,,,,,,,,,
1729886400000,,65500.5,,65500.5,,65500.5,,65500.5,,65500.5
1729900800000,,,,,,,,,,
1729915200000,,,,,,,,,,
1729929600000,67193.5,,67193.5,,,,,,,
1729944000000,,66666.5,,66666.5,,,,,,
1729958400000,,,,,,,,,,
1729972800000,67382.5,,67382.5,,67382.5,,,,,
1729987200000,,66853,,,,,,,,
1730001600000,,,,,,,,,,
1730016000000,,66933,,,,,,,,
1730030400000,,,,,,,,,,
1730044800000,,,,,,,,,,
1730059200000,68338,,,,,,,,,
1730073600000,,,,,,,,,,
1730088000000,,67535.5,,67535.5,,,,,,
1730102400000,,,,,,,,,,
1730116800000,,,,,,,,,,
1730131200000,,,,,,,,,,
1730145600000,,,,,,,,,,
1730160000000,71578,,,,,,,,,
1730174400000,,,,,,,,,,
1730188800000,,,,,,,,,,
1730203200000,,70900,,,,,,,,
1730217600000,73666,,73666,,73666,,73666,,73666,
1730232000000,,71858,,,,,,,,
1730246400000,,,,,,,,,,
1730260800000,,,,,,,,,,
1730275200000,,,,,,,,,,
1730289600000,,71385.5,,71385.5,,71385.5,,71385.5,,71385.5
1730304000000,,,,,,,,,,
1730318400000,72979,71632.5,72979,,72979,,72979,,72979,
1730332800000,,,,,,,,,,
1730347200000,,,,,,,,,,
1730361600000,72720.5,,72720.5,,,,,,,
1730376000000,,,,,,,,,,
1730390400000,,,,,,,,,,
1730404800000,,,,,,,,,,
1730419200000,,68770,,68770,,68770,,68770,,68770
1730433600000,,,,,,,,,,
1730448000000,,,,,,,,,,
1730462400000,71621,,71621,,71621,,71621,,71621,
1730476800000,,68777,,68777,,68777,,,,
1730491200000,,,,,,,,,,
1730505600000,69915,,,,,,,,,
1730520000000,,,,,,,,,,
1730534400000,69822,,,,,,,,,
1730548800000,,68980,,68980,,,,,,
1730563200000,,,,,,,,,,
1730577600000,,,,,,,,,,
1730592000000,,67810.5,,67810.5,,,,,,
1730606400000,,,,,,,,,,
1730620800000,,,,,,,,,,
1730635200000,,67430,,67430,,67430,,67430,,67430
1730649600000,,,,,,,,,,
1730664000000,,,,,,,,,,
1730678400000,69461.5,68180.5,69461.5,,69461.5,,69461.5,,69461.5,
1730692800000,,,,,,,,,,
1730707200000,,,,,,,,,,
1730721600000,69194.5,,,,,,,,,
1730736000000,,,,,,,,,,
1730750400000,,66778.5,,66778.5,,66778.5,,66778.5,,66778.5
1730764800000,,,,,,,,,,
1730779200000,,,,,,,,,,
1730793600000,,,,,,,,,,
1730808000000,,,,,,,,,,
1730822400000,70500,68619,,,,,,,,
1730836800000,,,,,,,,,,
1730851200000,,,,,,,,,,
1730865600000,75472.5,,75472.5,,,,,,,
1730880000000,,72724.5,,,,,,,,
1730894400000,,,,,,,,,,
1730908800000,,,,,,,,,,
1730923200000,76468,,76468,,76468,,76468,,,
1730937600000,,,,,,,,,,
1730952000000,,74477,,74477,,,,,,
1730966400000,,,,,,,,,,
1730980800000,,74554.5,,,,,,,,
1730995200000,,,,,,,,,,
1731009600000,76954,75511,76954,,76954,,76954,,,
1731024000000,,,,,,,,,,
1731038400000,,,,,,,,,,
1731052800000,,,,,,,,,,
1731067200000,,75659.5,,75659.5,,,,,,
1731081600000,77255,,77255,,77255,,77255,,77255,
1731096000000,,,,,,,,,,
1731110400000,,76127,,,,,,,,
1731124800000,76816,,,,,,,,,
1731139200000,,,,,,,,,,
1731153600000,,,,,,,,,,
1731168000000,,75710,,75710,,75710,,75710,,75710
1731182400000,,,,,,,,,,
1731196800000,,,,,,,,,,
1731211200000,,,,,,,,,,
1731225600000,80349.5,,,,,,,,,
1731240000000,,,,,,,,,,
1731254400000,,,,,,,,,,
1731268800000,,78557,,78557,,78557,,,,
1731283200000,81980,,,,,,,,,
1731297600000,,,,,,,,,,
1731312000000,,,,,,,,,,
1731326400000,,,,,,,,,,
1731340800000,,,,,,,,,,
1731355200000,89894.5,,,,,,,,,
1731369600000,,,,,,,,,,
1731384000000,90162.5,,90162.5,,90162.5,,90162.5,,90162.5,
1731398400000,,,,,,,,,,
1731412800000,,85212,,85212,,85212,,85212,,
1731427200000,,,,,,,,,,
1731441600000,90092,,90092,,90092,,,,,
1731456000000,,,,,,,,,,
1731470400000,,86260.5,,86260.5,,,,,,
1731484800000,,,,,,,,,,
1731499200000,,,,,,,,,,
1731513600000,93550,,93550,,93550,,93550,,93550,
1731528000000,,88031,,,,,,,,
1731542400000,,,,,,,,,,
1731556800000,,89167.5,,,,,,,,
1731571200000,,,,,,,,,,
1731585600000,91885,,91885,,91885,,91885,,,
1731600000000,,,,,,,,,,
1731614400000,,86683.5,,86683.5,,86683.5,,86683.5,,86683.5
1731628800000,,,,,,,,,,
1731643200000,,87124,,,,,,,,
1731657600000,,,,,,,,,,
1731672000000,,,,,,,,,,
1731686400000,,,,,,,,,,
1731700800000,91948.5,,91948.5,,91948.5,,91948.5,,91948.5,
1731715200000,,,,,,,,,,
1731729600000,91872.5,,,,,,,,,
1731744000000,,,,,,,,,,
1731758400000,,90125,,90125,,,,,,
1731772800000,91497.5,,,,,,,,,
1731787200000,,,,,,,,,,
1731801600000,,89413.5,,89413.5,,89413.5,,89413.5,,
1731816000000,,,,,,,,,,
1731830400000,91555,,91555,,91555,,91555,,,
1731844800000,,,,,,,,,,
1731859200000,,,,,,,,,,
1731873600000,,88722,,88722,,88722,,88722,,88722
1731888000000,,,,,,,,,,
1731902400000,92400,,,,,,,,,
1731916800000,,,,,,,,,,
1731931200000,92862.5,89421.5,92862.5,89421.5,92862.5,89421.5,92862.5,,92862.5,
1731945600000,,,,,,,,,,
1731960000000,,,,,,,,,,
1731974400000,,,,,,,,,,
1731988800000,92189.5,,,,,,,,,
1732003200000,,,,,,,,,,
1732017600000,,91048,,91048,,,,,,
1732032000000,94164,,94164,,94164,,94164,,,
1732046400000,,91436.5,,,,,,,,
1732060800000,,,,,,,,,,
1732075200000,,,,,,,,,,
1732089600000,,,,,,,,,,
1732104000000,94990,,94990,,,,,,,
1732118400000,,93219.5,,,,,,,,
1732132800000,,,,,,,,,,
1732147200000,,,,,,,,,,
1732161600000,,,,,,,,,,
1732176000000,98590.5,,,,,,,,,
1732190400000,,95654.5,,95654.5,,,,,,
1732204800000,99199,,,,,,,,,
1732219200000,,,,,,,,,,
1732233600000,,,,,,,,,,
1732248000000,99666,,99666,,,,,,,
1732262400000,,,,,,,,,,
1732276800000,,97235,,97235,,97235,,97235,,
1732291200000,99776,,99776,,99776,,99776,,99776,
1732305600000,,,,,,,,,,
1732320000000,,,,,,,,,,
1732334400000,,98381,,98381,,,,,,
1732348800000,,,,,,,,,,
1732363200000,99068.5,,99068.5,,99068.5,,,,,
1732377600000,,,,,,,,,,
1732392000000,,97261,,97261,,97261,,,,
1732406400000,98744,,98744,,,,,,,
1732420800000,,,,,,,,,,
1732435200000,,,,,,,,,,
1732449600000,,,,,,,,,,
1732464000000,,95859.5,,95859.5,,95859.5,,95859.5,,
1732478400000,98546,,,,,,,,,
1732492800000,,,,,,,,,,
1732507200000,,,,,,,,,,
1732521600000,99087,,99087,,99087,,99087,,99087,
1732536000000,,,,,,,,,,
1732550400000,,,,,,,,,,
1732564800000,,92593.5,,92593.5,,,,,,
1732579200000,,,,,,,,,,
1732593600000,95092,,,,,,,,,
1732608000000,,91509,,91509,,,,,,
1732622400000,,,,,,,,,,
1732636800000,94766,,94766,,,,,,,
1732651200000,,90817.5,,90817.5,,90817.5,,90817.5,,90817.5
1732665600000,,,,,,,,,,
1732680000000,,,,,,,,,,
1732694400000,,,,,,,,,,
1732708800000,,92876,,,,,,,,
1732723200000,,,,,,,,,,
1732737600000,97374,,97374,,97374,,97374,,97374,
1732752000000,,94918.5,,,,,,,,
1732766400000,,,,,,,,,,
1732780800000,,94715,,94715,,94715,,94715,,
1732795200000,96332,,96332,,,,,,,
1732809600000,,,,,,,,,,
1732824000000,,94790,,94790,,,,,,
1732838400000,96979.5,,,,,,,,,
1732852800000,,,,,,,,,,
1732867200000,,,,,,,,,,
1732881600000,98792.5,,98792.5,,98792.5,,98792.5,,98792.5,
1732896000000,,,,,,,,,,
1732910400000,,,,,,,,,,
1732924800000,,96441.5,,,,,,,,
1732939200000,,,,,,,,,,
1732953600000,,96173.5,,96173.5,,96173.5,,,,
1732968000000,,,,,,,,,,
1732982400000,97182,,97182,,,,,,,
1732996800000,,,,,,,,,,
1733011200000,,95779.5,,95779.5,,95779.5,,95779.5,,95779.5
1733025600000,,,,,,,,,,
1733040000000,,,,,,,,,,
1733054400000,,,,,,,,,,
1733068800000,,,,,,,,,,
1733083200000,,,,,,,,,,
1733097600000,98345,,98345,,98345,,98345,,98345,
1733112000000,,,,,,,,,,
1733126400000,,,,,,,,,,
1733140800000,,,,,,,,,,
1733155200000,97510,94455,97510,94455,97510,94455,,94455,,
1733169600000,,,,,,,,,,
1733184000000,,,,,,,,,,
1733198400000,,,,,,,,,,
1733212800000,,,,,,,,,,
1733227200000,96336.5,93600,,93600,,93600,,93600,,93600
1733241600000,,,,,,,,,,
1733256000000,,,,,,,,,,
1733270400000,,95363,,,,,,,,
1733284800000,,,,,,,,,,
1733299200000,97124.5,,,,,,,,,
1733313600000,,,,,,,,,,
1733328000000,,94734,,94734,,94734,,94734,,94734
1733342400000,,,,,,,,,,
1733356800000,104645,,104645,,104645,,104645,,104645,
1733371200000,,,,,,,,,,
1733385600000,,,,,,,,,,
1733400000000,103777.5,,,,,,,,,
1733414400000,,,,,,,,,,
1733428800000,,90290,,90290,,90290,,90290,,90290
1733443200000,,,,,,,,,,
1733457600000,,,,,,,,,,
1733472000000,,,,,,,,,,
1733486400000,,97537,,,,,,,,
1733500800000,,,,,,,,,,
1733515200000,102171,,102171,,102171,,102171,,102171,
1733529600000,,,,,,,,,,
1733544000000,,99059.5,,,,,,,,
1733558400000,100081,,,,,,,,,
1733572800000,,99232,,,,,,,,
1733587200000,,,,,,,,,,
1733601600000,100613.5,,100613.5,,100613.5,,,,,
1733616000000,,,,,,,,,,
1733630400000,,,,,,,,,,
1733644800000,,98815,,98815,,98815,,,,
1733659200000,100695,,,,,,,,,
1733673600000,,,,,,,,,,
1733688000000,101537,,101537,,101537,,101537,,101537,
1733702400000,,,,,,,,,,
1733716800000,,,,,,,,,,
1733731200000,,,,,,,,,,
1733745600000,100531,,100531,,,,,,,
1733760000000,,,,,,,,,,
1733774400000,,94100,,94100,,94100,,94100,,94100
1733788800000,98251,,,,,,,,,
1733803200000,,,,,,,,,,
1733817600000,,,,,,,,,,
1733832000000,98379.5,,98379.5,,98379.5,,98379.5,,,
1733846400000,,94288,,94288,,94288,,94288,,
1733860800000,,,,,,,,,,
1733875200000,,,,,,,,,,
1733889600000,,,,,,,,,,
1733904000000,,,,,,,,,,
1733918400000,,,,,,,,,,
1733932800000,,,,,,,,,,
1733947200000,101988,,101988,,101988,,101988,,,
1733961600000,,100434,,,,,,,,
1733976000000,,,,,,,,,,
1733990400000,,100220,,,,,,,,
1734004800000,,,,,,,,,,
1734019200000,102662,99356,102662,,102662,,102662,,102662,
1734033600000,,,,,,,,,,
1734048000000,,99250.5,,99250.5,,99250.5,,99250.5,,99250.5
1734062400000,,,,,,,,,,
1734076800000,,,,,,,,,,
1734091200000,,99712.5,,,,,,,,
1734105600000,101962.5,,,,,,,,,
1734120000000,,,,,,,,,,
1734134400000,102745,,102745,,102745,,102745,,102745,
1734148800000,,,,,,,,,,
1734163200000,,,,,,,,,,
1734177600000,,,,,,,,,,
1734192000000,,,,,,,,,,
1734206400000,,100626,,100626,,100626,,100626,,100626
1734220800000,,,,,,,,,,
1734235200000,102853.5,,,,,,,,,
1734249600000,,,,,,,,,,
1734264000000,,,,,,,,,,
1734278400000,,,,,,,,,,
1734292800000,,,,,,,,,,
1734307200000,106727.5,,106727.5,,106727.5,,,,,
1734321600000,,,,,,,,,,
1734336000000,,,,,,,,,,
1734350400000,,103320,,103320,,103320,,,,
1734364800000,107898.5,,107898.5,,107898.5,,107898.5,,,
1734379200000,,105550,,,,,,,,
1734393600000,,,,,,,,,,
1734408000000,,,,,,,,,,
1734422400000,,,,,,,,,,
1734436800000,108450,105753.5,108450,,108450,,108450,,108450,
1734451200000,,,,,,,,,,
1734465600000,,,,,,,,,,
1734480000000,,,,,,,,,,
1734494400000,,103080,,103080,,,,,,
1734508800000,,,,,,,,,,
1734523200000,105396.5,,105396.5,,,,,,,
1734537600000,,,,,,,,,,
1734552000000,,,,,,,,,,
1734566400000,,98681.5,,98681.5,,98681.5,,,,
1734580800000,,,,,,,,,,
1734595200000,,,,,,,,,,
1734609600000,102820,,102820,,102820,,,,,
1734624000000,,,,,,,,,,
1734638400000,,95588,,95588,,,,,,
1734652800000,,,,,,,,,,
1734667200000,98140.5,,,,,,,,,
1734681600000,,,,,,,,,,
1734696000000,,92148,,92148,,92148,,92148,,92148
1734710400000,,,,,,,,,,
1734724800000,97745.5,95331,,,,,,,,
1734739200000,,,,,,,,,,
1734753600000,99466,,99466,,99466,,99466,,99466,
1734768000000,,,,,,,,,,
1734782400000,,96333.5,,96333.5,,96333.5,,,,
1734796800000,,,,,,,,,,
1734811200000,97978,96453.5,,,,,,,,
1734825600000,,,,,,,,,,
1734840000000,,95790,,,,,,,,
1734854400000,97365,,,,,,,,,
1734868800000,,,,,,,,,,
1734883200000,,,,,,,,,,
1734897600000,,,,,,,,,,
1734912000000,,93590,,93590,,,,,,
1734926400000,,,,,,,,,,
1734940800000,96448,,96448,,96448,,96448,,,
1734955200000,,,,,,,,,,
1734969600000,,,,,,,,,,
1734984000000,95401.5,92353,,92353,,92353,,92353,,92353
1734998400000,,,,,,,,,,
1735012800000,,,,,,,,,,
1735027200000,,,,,,,,,,
1735041600000,,,,,,,,,,
1735056000000,99410,,99410,,99410,,99410,,99410,
1735070400000,,97163.5,,,,,,,,
1735084800000,,,,,,,,,,
1735099200000,,,,,,,,,,
1735113600000,99270,,99270,,,,,,,
1735128000000,,97541,,97541,,97541,,,,
1735142400000,,,,,,,,,,
1735156800000,,,,,,,,,,
1735171200000,99909,,99909,,99909,,99909,,99909,
1735185600000,,,,,,,,,,
1735200000000,,95047,,95047,,95047,,95047,,
1735214400000,,,,,,,,,,
1735228800000,96523,,,,,,,,,
1735243200000,,95165,,,,,,,,
1735257600000,,,,,,,,,,
1735272000000,,94536,,,,,,,,
1735286400000,97434.5,,97434.5,,97434.5,,97434.5,,97434.5,
1735300800000,,,,,,,,,,
1735315200000,,93309.5,,93309.5,,93309.5,,93309.5,,93309.5
1735329600000,,,,,,,,,,
1735344000000,,93977,,,,,,,,
1735358400000,,,,,,,,,,
1735372800000,,,,,,,,,,
1735387200000,95188,,,,,,,,,
1735401600000,,,,,,,,,,
1735416000000,95575,,95575,,95575,,95575,,95575,
1735430400000,,94625.5,,,,,,,,
1735444800000,,,,,,,,,,
1735459200000,95151.5,,,,,,,,,
1735473600000,,,,,,,,,,
1735488000000,,,,,,,,,,
1735502400000,,92786.5,,92786.5,,92786.5,,,,
1735516800000,94099,,,,,,,,,
1735531200000,,93022,,,,,,,,
1735545600000,,,,,,,,,,
1735560000000,,91261,,91261,,91261,,91261,,91261
1735574400000,,,,,,,,,,
1735588800000,94915,,94915,,94915,,,,,
1735603200000,,,,,,,,,,
1735617600000,,,,,,,,,,
1735632000000,,,,,,,,,,
1735646400000,96185,,96185,,96185,,96185,,96185,
1735660800000,,93047,,,,,,,,
1735675200000,,,,,,,,,,
1735689600000,94299,,,,,,,,,
1735704000000,,,,,,,,,,
1735718400000,,92710.5,,92710.5,,92710.5,,92710.5,,92710.5
1735732800000,,,,,,,,,,
1735747200000,,,,,,,,,,
1735761600000,,,,,,,,,,
1735776000000,,94227,,,,,,,,
1735790400000,,,,,,,,,,
1735804800000,,,,,,,,,,
1735819200000,,,,,,,,,,
1735833600000,,,,,,,,,,
1735848000000,97825,,97825,,97825,,97825,,,
1735862400000,,,,,,,,,,
1735876800000,,,,,,,,,,
1735891200000,,96022,,96022,,96022,,,,
1735905600000,,,,,,,,,,
1735920000000,98965.5,,98965.5,,98965.5,,98965.5,,98965.5,
1735934400000,,,,,,,,,,
1735948800000,,97777,,,,,,,,
1735963200000,98304,,,,,,,,,
1735977600000,,,,,,,,,,
1735992000000,,97514.5,,97514.5,,97514.5,,97514.5,,
1736006400000,,,,,,,,,,
1736020800000,98748.5,,98748.5,,98748.5,,98748.5,,98748.5,
1736035200000,,98033,,,,,,,,
1736049600000,98503.5,,,,,,,,,
1736064000000,,,,,,,,,,
1736078400000,,97234.5,,97234.5,,97234.5,,97234.5,,97234.5
1736092800000,,,,,,,,,,
1736107200000,,,,,,,,,,
1736121600000,,97897,,,,,,,,
1736136000000,99888,,,,,,,,,
1736150400000,,,,,,,,,,
1736164800000,,98655,,98655,,,,,,
1736179200000,102496,,,,,,,,,
1736193600000,,,,,,,,,,
1736208000000,102777.5,101505.5,102777.5,,102777.5,,102777.5,,102777.5,
1736222400000,,,,,,,,,,
1736236800000,,,,,,,,,,
1736251200000,,,,,,,,,,
1736265600000,,,,,,,,,,
1736280000000,,96083.5,,,,,,,,
1736294400000,97259,,,,,,,,,
1736308800000,,,,,,,,,,
1736323200000,,94420.5,,,,,,,,
1736337600000,,,,,,,,,,
1736352000000,,92362.5,,92362.5,,92362.5,,92362.5,,
1736366400000,,,,,,,,,,
1736380800000,95341,,,,,,,,,
1736395200000,,,,,,,,,,
1736409600000,,,,,,,,,,
1736424000000,,91703,,,,,,,,
1736438400000,94646,,94646,,,,,,,
1736452800000,,91135,,91135,,91135,,91135,,91135
1736467200000,,,,,,,,,,
1736481600000,,,,,,,,,,
1736496000000,95273.5,,,,,,,,,
1736510400000,,92063.5,,92063.5,,92063.5,,,,
1736524800000,95846,,95846,,95846,,95846,,95846,
1736539200000,,,,,,,,,,
1736553600000,,,,,,,,,,
1736568000000,,93796.5,,93796.5,,,,,,
1736582400000,94740,,94740,,,,,,,
1736596800000,,,,,,,,,,
1736611200000,,93909.5,,93909.5,,,,,,
1736625600000,94949.5,,94949.5,,94949.5,,,,,
1736640000000,,,,,,,,,,
1736654400000,,,,,,,,,,
1736668800000,,93634,,93634,,93634,,93634,,
1736683200000,95390,,95390,,,,,,,
1736697600000,,,,,,,,,,
1736712000000,,93729,,,,,,,,
1736726400000,95887.5,,95887.5,,95887.5,,95887.5,,95887.5,
1736740800000,,,,,,,,,,
1736755200000,,,,,,,,,,
1736769600000,,89060,,89060,,89060,,89060,,89060
1736784000000,,,,,,,,,,
1736798400000,,,,,,,,,,
1736812800000,,,,,,,,,,
1736827200000,,,,,,,,,,
1736841600000,97333,,97333,,97333,,,,,
1736856000000,,,,,,,,,,
1736870400000,,95276,,,,,,,,
1736884800000,,,,,,,,,,
1736899200000,,,,,,,,,,
1736913600000,97681,,,,,,,,,
1736928000000,,96434.5,,,,,,,,
1736942400000,,,,,,,,,,
1736956800000,,,,,,,,,,
1736971200000,,,,,,,,,,
1736985600000,100859.5,99100,100859.5,,100859.5,,100859.5,,100859.5,
1737000000000,,,,,,,,,,
1737014400000,,,,,,,,,,
1737028800000,,97272,,97272,,97272,,97272,,97272
1737043200000,,,,,,,,,,
1737057600000,,,,,,,,,,
1737072000000,102142.5,,,,,,,,,
1737086400000,,,,,,,,,,
1737100800000,,,,,,,,,,
1737115200000,,,,,,,,,,
1737129600000,105886,,105886,,105886,,105886,,105886,
1737144000000,,,,,,,,,,
1737158400000,,,,,,,,,,
1737172800000,,,,,,,,,,
1737187200000,,102226,,102226,,102226,,102226,,
1737201600000,104946.5,,104946.5,,,,,,,
1737216000000,,,,,,,,,,
1737230400000,,,,,,,,,,
1737244800000,,,,,,,,,,
1737259200000,105541,,,,,,,,,
1737273600000,,103362.5,,103362.5,,,,,,
1737288000000,,,,,,,,,,
1737302400000,,,,,,,,,,
1737316800000,106459.5,,,,,,,,,
1737331200000,,99431.5,,99431.5,,99431.5,,99431.5,,99431.5
1737345600000,109880,,109880,,109880,,109880,,109880,
1737360000000,,,,,,,,,,
1737374400000,,,,,,,,,,
1737388800000,,100386.5,,,,,,,,
1737403200000,,,,,,,,,,
1737417600000,,100027,,100027,,100027,,100027,,100027
1737432000000,,,,,,,,,,
1737446400000,,,,,,,,,,
1737460800000,,,,,,,,,,
1737475200000,107264,,107264,,107264,,107264,,107264,
1737489600000,,,,,,,,,,
1737504000000,,,,,,,,,,
1737518400000,,,,,,,,,,
1737532800000,,,,,,,,,,
1737547200000,105595,,,,,,,,,
1737561600000,,103300,,,,,,,,
1737576000000,104805,,,,,,,,,
1737590400000,,,,,,,,,,
1737604800000,,,,,,,,,,
1737619200000,,101154.5,,101154.5,,101154.5,,101154.5,,101154.5
1737633600000,,,,,,,,,,
1737648000000,106874,,106874,,106874,,106874,,106874,
1737662400000,,102207,,,,,,,,
1737676800000,,,,,,,,,,
1737691200000,,,,,,,,,,
1737705600000,,,,,,,,,,
1737720000000,,104658,,,,,,,,
1737734400000,107139.5,,107139.5,,107139.5,,107139.5,,107139.5,
1737748800000,,,,,,,,,,
1737763200000,,,,,,,,,,
1737777600000,,,,,,,,,,
1737792000000,,104032,,104032,,104032,,104032,,104032
1737806400000,,,,,,,,,,
1737820800000,105248,104370,105248,,,,,,,
1737835200000,,,,,,,,,,
1737849600000,,104451.5,,,,,,,,
1737864000000,105477,,105477,,105477,,105477,,105477,
1737878400000,,104388.5,,104388.5,,,,,,
1737892800000,,,,,,,,,,
1737907200000,105225,,105225,,,,,,,
1737921600000,,,,,,,,,,
1737936000000,,,,,,,,,,
1737950400000,,97575,,97575,,97575,,97575,,97575
1737964800000,,,,,,,,,,
1737979200000,102286,,,,,,,,,
1737993600000,,,,,,,,,,
1738008000000,,,,,,,,,,
1738022400000,,,,,,,,,,
1738036800000,103371,,,,,,,,,
1738051200000,,,,,,,,,,
1738065600000,103759.5,101715,103759.5,,103759.5,,103759.5,,103759.5,
1738080000000,,,,,,,,,,
1738094400000,,100187.5,,100187.5,,100187.5,,100187.5,,100187.5
1738108800000,,,,,,,,,,
1738123200000,,,,,,,,,,
1738137600000,102967,,,,,,,,,
1738152000000,,,,,,,,,,
1738166400000,,101343,,101343,,101343,,,,
1738180800000,,,,,,,,,,
1738195200000,,,,,,,,,,
1738209600000,105591,,,,,,,,,
1738224000000,,,,,,,,,,
1738238400000,106444,104637.5,106444,,106444,,106444,,106444,
1738252800000,,,,,,,,,,
1738267200000,,,,,,,,,,
1738281600000,,103888,,,,,,,,
1738296000000,,,,,,,,,,
1738310400000,,103866,,,,,,,,
1738324800000,106000,,106000,,106000,,106000,,106000,
1738339200000,,,,,,,,,,
1738353600000,,101453.5,,101453.5,,,,,,
1738368000000,102716,,,,,,,,,
1738382400000,,,,,,,,,,
1738396800000,,101311,,101311,,,,,,
1738411200000,102263.5,,,,,,,,,
1738425600000,,,,,,,,,,
1738440000000,,,,,,,,,,
1738454400000,,,,,,,,,,
1738468800000,,,,,,,,,,
1738483200000,,,,,,,,,,
1738497600000,,,,,,,,,,
1738512000000,,,,,,,,,,
1738526400000,,,,,,,,,,
1738540800000,,91017.5,,91017.5,,91017.5,,91017.5,,91017.5
1738555200000,,,,,,,,,,
1738569600000,,,,,,,,,,
1738584000000,,94183.5,,,,,,,,
1738598400000,,,,,,,,,,
1738612800000,102531,,102531,,102531,,102531,,102531,
1738627200000,,,,,,,,,,
1738641600000,,,,,,,,,,
1738656000000,,97864.5,,97864.5,,,,,,
1738670400000,,,,,,,,,,
1738684800000,100829,,100829,,100829,,,,,
1738699200000,,96111,,96111,,96111,,96111,,96111
1738713600000,,,,,,,,,,
1738728000000,,,,,,,,,,
1738742400000,,97236,,,,,,,,
1738756800000,99171,,99171,,99171,,,,,
1738771200000,,,,,,,,,,
1738785600000,,96113,,96113,,96113,,96113,,
1738800000000,,,,,,,,,,
1738814400000,,,,,,,,,,
1738828800000,99134.5,,99134.5,,99134.5,,99134.5,,,
1738843200000,,,,,,,,,,
1738857600000,,95614.5,,95614.5,,95614.5,,95614.5,,95614.5
1738872000000,,,,,,,,,,
1738886400000,,,,,,,,,,
1738900800000,97870,,,,,,,,,
1738915200000,,,,,,,,,,
1738929600000,100170,,100170,,100170,,100170,,100170,
1738944000000,,,,,,,,,,
1738958400000,,95506,,95506,,95506,,95506,,95506
1738972800000,,,,,,,,,,
1738987200000,,95730.5,,,,,,,,
1739001600000,,,,,,,,,,
1739016000000,,95633,,95633,,95633,,,,
1739030400000,96707.5,,,,,,,,,
1739044800000,,,,,,,,,,
1739059200000,,,,,,,,,,
1739073600000,97313,,97313,,97313,,97313,,97313,
1739088000000,,,,,,,,,,
1739102400000,,95679,,,,,,,,
1739116800000,,,,,,,,,,
1739131200000,,94671,,94671,,94671,,94671,,94671
1739145600000,,,,,,,,,,
1739160000000,,,,,,,,,,
1739174400000,,,,,,,,,,
1739188800000,98342,96834.5,98342,,98342,,,,,
1739203200000,,,,,,,,,,
1739217600000,,,,,,,,,,
1739232000000,,,,,,,,,,
1739246400000,98492.5,,98492.5,,98492.5,,98492.5,,98492.5,
1739260800000,,,,,,,,,,
1739275200000,,,,,,,,,,
1739289600000,,94822,,94822,,94822,,94822,,
1739304000000,,,,,,,,,,
1739318400000,,,,,,,,,,
1739332800000,,,,,,,,,,
1739347200000,,,,,,,,,,
1739361600000,,94005,,94005,,94005,,94005,,94005
1739376000000,,,,,,,,,,
1739390400000,98115,,98115,,98115,,98115,,98115,
1739404800000,,,,,,,,,,
1739419200000,,,,,,,,,,
1739433600000,,,,,,,,,,
1739448000000,96456,,,,,,,,,
1739462400000,,95171.5,,95171.5,,95171.5,,95171.5,,95171.5
1739476800000,,,,,,,,,,
1739491200000,,,,,,,,,,
1739505600000,97220,,,,,,,,,
1739520000000,,,,,,,,,,
1739534400000,,96216.5,,96216.5,,96216.5,,,,
1739548800000,98840,,98840,,98840,,98840,,98840,
1739563200000,,,,,,,,,,
1739577600000,,,,,,,,,,
1739592000000,,,,,,,,,,
1739606400000,,97288,,,,,,,,
1739620800000,97916,,97916,,,,,,,
1739635200000,,97292.5,,,,,,,,
1739649600000,97715.5,,,,,,,,,
1739664000000,,,,,,,,,,
1739678400000,,,,,,,,,,
1739692800000,,,,,,,,,,
1739707200000,,,,,,,,,,
1739721600000,,,,,,,,,,
1739736000000,97273.5,,,,,,,,,
1739750400000,,,,,,,,,,
1739764800000,,95755,,,,,,,,
1739779200000,,,,,,,,,,
1739793600000,97010,,97010,,97010,,,,,
1739808000000,,95175,,95175,,95175,,,,
1739822400000,96387,,,,,,,,,
1739836800000,,,,,,,,,,
1739851200000,,,,,,,,,,
1739865600000,,94500,,,,,,,,
1739880000000,96707.5,,96707.5,,96707.5,,96707.5,,96707.5,
1739894400000,,93302.5,,93302.5,,93302.5,,93302.5,,93302.5
1739908800000,,,,,,,,,,
1739923200000,95889,,,,,,,,,
1739937600000,,,,,,,,,,
1739952000000,,,,,,,,,,
1739966400000,96676.5,,,,,,,,,
1739980800000,,95363.5,,95363.5,,,,,,
1739995200000,,,,,,,,,,
1740009600000,97375,,97375,,,,,,,
1740024000000,,,,,,,,,,
1740038400000,,,,,,,,,,
1740052800000,,96772.5,,,,,,,,
1740067200000,,,,,,,,,,
1740081600000,98782.5,,98782.5,,,,,,,
1740096000000,,,,,,,,,,
1740110400000,,,,,,,,,,
1740124800000,,,,,,,,,,
1740139200000,99489.5,,99489.5,,99489.5,,99489.5,,99489.5,
1740153600000,,,,,,,,,,
1740168000000,,94910.5,,94910.5,,94910.5,,94910.5,,94910.5
1740182400000,,,,,,,,,,
1740196800000,96675,,,,,,,,,
1740211200000,,96210.5,,,,,,,,
1740225600000,97085,,97085,,97085,,97085,,,
1740240000000,,96377,,,,,,,,
1740254400000,,,,,,,,,,
1740268800000,,,,,,,,,,
1740283200000,,,,,,,,,,
1740297600000,,,,,,,,,,
1740312000000,,,,,,,,,,
1740326400000,,95312,,95312,,,,,,
1740340800000,,,,,,,,,,
1740355200000,96567,,96567,,96567,,96567,,,
1740369600000,,95101,,,,,,,,
1740384000000,96204.5,,,,,,,,,
1740398400000,,,,,,,,,,
1740412800000,,,,,,,,,,
1740427200000,,,,,,,,,,
1740441600000,,,,,,,,,,
1740456000000,,,,,,,,,,
1740470400000,,,,,,,,,,
1740484800000,,86017,,86017,,86017,,86017,,86017
1740499200000,,,,,,,,,,
1740513600000,89453,,,,,,,,,
1740528000000,,,,,,,,,,
1740542400000,,,,,,,,,,
1740556800000,89289,,,,,,,,,
1740571200000,,,,,,,,,,
1740585600000,,,,,,,,,,
1740600000000,,82133.5,,82133.5,,82133.5,,82133.5,,82133.5
1740614400000,,,,,,,,,,
1740628800000,,,,,,,,,,
1740643200000,87016.5,,87016.5,,87016.5,,,,,
1740657600000,,,,,,,,,,
1740672000000,,,,,,,,,,
1740686400000,,,,,,,,,,
1740700800000,,,,,,,,,,
1740715200000,,,,,,,,,,
1740729600000,,78125,,78125,,78125,,78125,,78125
1740744000000,,,,,,,,,,
1740758400000,85082.5,,,,,,,,,
1740772800000,,,,,,,,,,
1740787200000,,,,,,,,,,
1740801600000,86487,,86487,,86487,,86487,,86487,
1740816000000,,,,,,,,,,
1740830400000,,84251,,84251,,,,,,
1740844800000,,,,,,,,,,
1740859200000,,,,,,,,,,
1740873600000,,,,,,,,,,
1740888000000,86544.5,85446.5,,,,,,,,
1740902400000,,,,,,,,,,
1740916800000,,84954.5,,84954.5,,84954.5,,84954.5,,
1740931200000,95096.5,,95096.5,,95096.5,,95096.5,,95096.5,
1740945600000,,,,,,,,,,
1740960000000,,,,,,,,,,
1740974400000,,,,,,,,,,
1740988800000,,,,,,,,,,
1741003200000,93685,,93685,,,,,,,
1741017600000,,,,,,,,,,
1741032000000,,,,,,,,,,
1741046400000,,82355.5,,82355.5,,,,,,
1741060800000,,,,,,,,,,
1741075200000,,,,,,,,,,
1741089600000,,81360.5,,81360.5,,81360.5,,81360.5,,81360.5
1741104000000,,,,,,,,,,
1741118400000,88909.5,,88909.5,,,,,,,
1741132800000,,86287.5,,,,,,,,
1741147200000,,,,,,,,,,
1741161600000,,,,,,,,,,
1741176000000,90913.5,,,,,,,,,
1741190400000,,87526,,,,,,,,
1741204800000,,,,,,,,,,
1741219200000,,,,,,,,,,
1741233600000,92745.5,,92745.5,,92745.5,,92745.5,,92745.5,
1741248000000,,,,,,,,,,
1741262400000,,,,,,,,,,
1741276800000,,87787,,,,,,,,
1741291200000,,,,,,,,,,
1741305600000,91239,84477.5,91239,84477.5,,84477.5,,84477.5,,84477.5
1741320000000,,,,,,,,,,
1741334400000,,,,,,,,,,
1741348800000,91076,,91076,,,,,,,
1741363200000,,,,,,,,,,
1741377600000,,,,,,,,,,
1741392000000,,85095,,85095,,85095,,85095,,85095
1741406400000,,,,,,,,,,
1741420800000,,,,,,,,,,
1741435200000,86559,,,,,,,,,
1741449600000,,85588,,85588,,85588,,,,
1741464000000,,,,,,,,,,
1741478400000,86444,,86444,,,,,,,
1741492800000,,,,,,,,,,
1741507200000,,,,,,,,,,
1741521600000,,,,,,,,,,
1741536000000,,,,,,,,,,
1741550400000,,79889,,79889,,79889,,,,
1741564800000,,,,,,,,,,
1741579200000,,,,,,,,,,
1741593600000,84030.5,,84030.5,,84030.5,,84030.5,,,
1741608000000,,,,,,,,,,
1741622400000,,77352,,,,,,,,
1741636800000,,,,,,,,,,
1741651200000,,76511.5,,76511.5,,76511.5,,76511.5,,76511.5
1741665600000,,,,,,,,,,
1741680000000,,,,,,,,,,
1741694400000,,78956,,78956,,,,,,
1741708800000,83579.5,,,,,,,,,
1741723200000,,,,,,,,,,
1741737600000,83714,,83714,,,,,,,
1741752000000,,81218.5,,,,,,,,
1741766400000,,,,,,,,,,
1741780800000,84550.5,80519,84550.5,80519,84550.5,80519,84550.5,80519,84550.5,80519
1741795200000,,,,,,,,,,
1741809600000,,,,,,,,,,
1741824000000,84302.5,,84302.5,,,,,,,
1741838400000,,,,,,,,,,
1741852800000,,,,,,,,,,
1741867200000,83969.5,,83969.5,,,,,,,
1741881600000,,79864,,79864,,79864,,79864,,79864
1741896000000,,,,,,,,,,
1741910400000,,,,,,,,,,
1741924800000,,,,,,,,,,
1741939200000,,,,,,,,,,
1741953600000,85258.5,,85258.5,,85258.5,,85258.5,,85258.5,
1741968000000,,,,,,,,,,
1741982400000,,83674,,,,,,,,
1741996800000,84686.3984,,,,,,,,,
1742011200000,,,,,,,,,,
1742025600000,,83576.6016,,83576.6016,,83576.6016,,83576.6016,,
1742040000000,84447.8984,,,,,,,,,
1742054400000,,,,,,,,,,
1742068800000,,,,,,,,,,
1742083200000,,83709,,,,,,,,
1742097600000,84389.6016,,,,,,,,,
1742112000000,,82310.7031,,82310.7031,,,,,,
1742126400000,,,,,,,,,,
1742140800000,85084,,85084,,85084,,85084,,85084,
1742155200000,,81925.1016,,81925.1016,,81925.1016,,81925.1016,,81925.1016
1742169600000,,,,,,,,,,
1742184000000,83827.6016,,,,,,,,,
1742198400000,,,,,,,,,,
1742212800000,,82376.5,,82376.5,,82376.5,,,,
1742227200000,84709.8984,,84709.8984,,84709.8984,,84709.8984,,84709.8984,
1742241600000,,,,,,,,,,
1742256000000,,,,,,,,,,
1742270400000,,82200.1016,,,,,,,,
1742284800000,83411,,,,,,,,,
1742299200000,,81069.7031,,81069.7031,,81069.7031,,81069.7031,,81069.7031
1742313600000,,,,,,,,,,
1742328000000,,,,,,,,,,
1742342400000,,,,,,,,,,
1742356800000,,,,,,,,,,
1742371200000,,,,,,,,,,
1742385600000,,,,,,,,,,
1742400000000,,,,,,,,,,
1742414400000,,,,,,,,,,
1742428800000,87428.8984,,87428.8984,,87428.8984,,87428.8984,,87428.8984,
1742443200000,,,,,,,,,,
1742457600000,,,,,,,,,,
1742472000000,86476.7031,,86476.7031,,,,,,,
1742486400000,,83575.2969,,83575.2969,,83575.2969,,83575.2969,,
1742500800000,,,,,,,,,,
1742515200000,84768.8984,,,,,,,,,
1742529600000,,83640.7969,,,,,,,,
1742544000000,,,,,,,,,,
1742558400000,,83095.2969,,83095.2969,,83095.2969,,83095.2969,,83095.2969
1742572800000,,,,,,,,,,
1742587200000,84601,,84601,,84601,,,,,
1742601600000,,,,,,,,,,
1742616000000,,,,,,,,,,
1742630400000,84472,,84472,,,,,,,
1742644800000,,83896,,,,,,,,
1742659200000,84266.5,,,,,,,,,
1742673600000,,83570.5,,83570.5,,83570.5,,83570.5,,83570.5
1742688000000,,,,,,,,,,
1742702400000,,,,,,,,,,
1742716800000,,,,,,,,,,
1742731200000,,,,,,,,,,
1742745600000,,,,,,,,,,
1742760000000,,,,,,,,,,
1742774400000,,,,,,,,,,
1742788800000,,,,,,,,,,
1742803200000,,,,,,,,,,
1742817600000,88749.3984,,88749.3984,,88749.3984,,88749.3984,,88749.3984,
1742832000000,,,,,,,,,,
1742846400000,,,,,,,,,,
1742860800000,,,,,,,,,,
1742875200000,,86280,,86280,,86280,,86280,,86280
1742889600000,,,,,,,,,,
1742904000000,,,,,,,,,,
1742918400000,,,,,,,,,,
1742932800000,88543.2969,,88543.2969,,88543.2969,,88543.2969,,88543.2969,
1742947200000,,87009,,87009,,,,,,
1742961600000,88270,,,,,,,,,
1742976000000,,,,,,,,,,
1742990400000,,,,,,,,,,
1743004800000,,85821.8984,,85821.8984,,85821.8984,,85821.8984,,
1743019200000,,,,,,,,,,
1743033600000,87755,,87755,,,,,,,
1743048000000,,,,,,,,,,
1743062400000,,,,,,,,,,
1743076800000,,85740.7969,,85740.7969,,85740.7969,,,,
1743091200000,,,,,,,,,,
1743105600000,87698,,87698,,87698,,87698,,,
1743120000000,,,,,,,,,,
1743134400000,,,,,,,,,,
1743148800000,,,,,,,,,,
1743163200000,85543.1016,,,,,,,,,
1743177600000,,83500,,83500,,83500,,,,
1743192000000,,,,,,,,,,
1743206400000,84548,,84548,,,,,,,
1743220800000,,,,,,,,,,
1743235200000,,81915.8984,,,,,,,,
1743249600000,,,,,,,,,,
1743264000000,,81585,,81585,,81585,,81585,,81585
1743278400000,,,,,,,,,,
1743292800000,83455.5,,,,,,,,,
1743307200000,,,,,,,,,,
1743321600000,83472,,83472,,83472,,83472,,83472,
1743336000000,,,,,,,,,,
1743350400000,,,,,,,,,,
1743364800000,,,,,,,,,,
1743379200000,,81234,,,,,,,,
1743393600000,,,,,,,,,,
1743408000000,,81234,,,,,,,,
1743422400000,83890,,83890,,83890,,83890,,,
1743436800000,,,,,,,,,,
1743451200000,,82210.1016,,,,,,,,
1743465600000,,,,,,,,,,
1743480000000,,,,,,,,,,
1743494400000,,,,,,,,,,
1743508800000,85466,82480.5,,82480.5,,,,,,
1743523200000,,,,,,,,,,
1743537600000,85561.7969,,85561.7969,,85561.7969,,,,,
1743552000000,,,,,,,,,,
1743566400000,,83858.6016,,83858.6016,,83858.6016,,,,
1743580800000,,,,,,,,,,
1743595200000,87321,,,,,,,,,
1743609600000,,,,,,,,,,
1743624000000,88544.2031,,88544.2031,,88544.2031,,88544.2031,,88544.2031,
1743638400000,,82098.2969,,82098.2969,,,,,,
1743652800000,,,,,,,,,,
1743667200000,83756.3984,,,,,,,,,
1743681600000,,81026.7031,,81026.7031,,81026.7031,,81026.7031,,81026.7031
1743696000000,,,,,,,,,,
1743710400000,,,,,,,,,,
1743724800000,,,,,,,,,,
1743739200000,,,,,,,,,,
1743753600000,84688,81608,84688,81608,84688,81608,84688,,84688,
1743768000000,,,,,,,,,,
1743782400000,84560,,,,,,,,,
1743796800000,,,,,,,,,,
1743811200000,,,,,,,,,,
1743825600000,,83280,,,,,,,,
1743840000000,83836,,,,,,,,,
1743854400000,,82312.8984,,82312.8984,,82312.8984,,82312.8984,,82312.8984
1743868800000,,,,,,,,,,
1743883200000,,,,,,,,,,
1743897600000,83733.7031,,83733.7031,,83733.7031,,,,,
1743912000000,,,,,,,,,,
1743926400000,,,,,,,,,,
1743940800000,,,,,,,,,,
1743955200000,,,,,,,,,,
1743969600000,,77051,,,,,,,,
1743984000000,,,,,,,,,,
1743998400000,,74384.7031,,74384.7031,,74384.7031,,74384.7031,,74384.7031
1744012800000,,,,,,,,,,
1744027200000,81156.2031,,81156.2031,,81156.2031,,81156.2031,,,
1744041600000,,,,,,,,,,
1744056000000,,,,,,,,,,
1744070400000,80791.5,,80791.5,,,,,,,
1744084800000,,,,,,,,,,
1744099200000,,,,,,,,,,
1744113600000,80340.2969,,,,,,,,,
1744128000000,,,,,,,,,,
1744142400000,,,,,,,,,,
1744156800000,,74522.1016,,74522.1016,,74522.1016,,74522.1016,,74522.1016
1744171200000,77887.5,,,,,,,,,
1744185600000,,,,,,,,,,
1744200000000,,,,,,,,,,
1744214400000,,,,,,,,,,
1744228800000,83529.7031,,83529.7031,,83529.7031,,83529.7031,,83529.7031,
1744243200000,,,,,,,,,,
1744257600000,,81218,,,,,,,,
1744272000000,,,,,,,,,,
1744286400000,82442.7031,,82442.7031,,,,,,,
1744300800000,,78370,,78370,,78370,,78370,,78370
1744315200000,,,,,,,,,,
1744329600000,,78884,,,,,,,,
1744344000000,,,,,,,,,,
1744358400000,,,,,,,,,,
1744372800000,,,,,,,,,,
1744387200000,,,,,,,,,,
1744401600000,84258,,84258,,84258,,,,,
1744416000000,,82717.2031,,,,,,,,
1744430400000,,,,,,,,,,
1744444800000,,,,,,,,,,
1744459200000,85360,,,,,,,,,
1744473600000,,,,,,,,,,
1744488000000,,,,,,,,,,
1744502400000,86071.2031,,86071.2031,,86071.2031,,86071.2031,,86071.2031,
1744516800000,,,,,,,,,,
1744531200000,,,,,,,,,,
1744545600000,,,,,,,,,,
1744560000000,84957.7031,,,,,,,,,
1744574400000,,82986.7031,,82986.7031,,82986.7031,,82986.7031,,82986.7031
1744588800000,85484.5,,85484.5,,,,,,,
1744603200000,,,,,,,,,,
1744617600000,,,,,,,,,,
1744632000000,85778.5,83663.2031,85778.5,83663.2031,85778.5,,,,,
1744646400000,,,,,,,,,,
1744660800000,,,,,,,,,,
1744675200000,,84287.7969,,,,,,,,
1744689600000,,,,,,,,,,
1744704000000,,,,,,,,,,
1744718400000,86435.2031,,86435.2031,,86435.2031,,86435.2031,,86435.2031,
1744732800000,,,,,,,,,,
1744747200000,,,,,,,,,,
1744761600000,,83049.5,,83049.5,,83049.5,,83049.5,,83049.5
1744776000000,,,,,,,,,,
1744790400000,,83088,,,,,,,,
1744804800000,,,,,,,,,,
1744819200000,85515.7031,83244,85515.7031,,85515.7031,,85515.7031,,85515.7031,
1744833600000,,,,,,,,,,
1744848000000,,83782.5,,,,,,,,
1744862400000,85013.6016,,85013.6016,,,,,,,
1744876800000,,,,,,,,,,
1744891200000,,83681.5,,83681.5,,83681.5,,83681.5,,
1744905600000,85424,,85424,,85424,,85424,,85424,
1744920000000,,,,,,,,,,
1744934400000,,,,,,,,,,
1744948800000,,84371.1016,,,,,,,,
1744963200000,,,,,,,,,,
1744977600000,,,,,,,,,,
1744992000000,,84249.8984,,84249.8984,,84249.8984,,84249.8984,,84249.8984
1745006400000,,,,,,,,,,
1745020800000,,,,,,,,,,
1745035200000,,,,,,,,,,
1745049600000,,,,,,,,,,
1745064000000,85628,,85628,,85628,,85628,,85628,
1745078400000,,84598.5,,84598.5,,84598.5,,,,
1745092800000,85337.7969,,,,,,,,,
1745107200000,,,,,,,,,,
1745121600000,,,,,,,,,,
1745136000000,,83897.8984,,83897.8984,,83897.8984,,83897.8984,,83897.8984
1745150400000,,,,,,,,,,
1745164800000,,,,,,,,,,
1745179200000,,,,,,,,,,
1745193600000,,,,,,,,,,
1745208000000,,,,,,,,,,
1745222400000,,86616.6016,,,,,,,,
1745236800000,88444,,88444,,,,,,,
1745251200000,,86354,,86354,,86354,,,,
1745265600000,,,,,,,,,,
1745280000000,88839.3984,,88839.3984,,,,,,,
1745294400000,,,,,,,,,,
1745308800000,,,,,,,,,,
1745323200000,,,,,,,,,,
1745337600000,,,,,,,,,,
1745352000000,94005,,,,,,,,,
1745366400000,,,,,,,,,,
1745380800000,,,,,,,,,,
1745395200000,,,,,,,,,,
1745409600000,94696.1016,91912.2969,94696.1016,91912.2969,94696.1016,91912.2969,94696.1016,,94696.1016,
1745424000000,,,,,,,,,,
1745438400000,,,,,,,,,,
1745452800000,,,,,,,,,,
1745467200000,,,,,,,,,,
1745481600000,,91638.3984,,91638.3984,,91638.3984,,91638.3984,,91638.3984
1745496000000,,,,,,,,,,
1745510400000,,,,,,,,,,
1745524800000,,,,,,,,,,
1745539200000,94438.2031,92828,,,,,,,,
1745553600000,,,,,,,,,,
1745568000000,,,,,,,,,,
1745582400000,95843.1016,,95843.1016,,95843.1016,,95843.1016,,95843.1016,
1745596800000,,,,,,,,,,
1745611200000,,,,,,,,,,
1745625600000,,,,,,,,,,
1745640000000,,,,,,,,,,
1745654400000,,,,,,,,,,
1745668800000,,93886.5,,93886.5,,93886.5,,,,
1745683200000,,,,,,,,,,
1745697600000,,,,,,,,,,
1745712000000,95307.8984,,95307.8984,,95307.8984,,95307.8984,,95307.8984,
1745726400000,,93610.7031,,,,,,,,
1745740800000,94316,,,,,,,,,
1745755200000,,93601.7031,,93601.7031,,,,,,
1745769600000,,,,,,,,,,
1745784000000,94550.8984,,,,,,,,,
1745798400000,,92781.7031,,92781.7031,,92781.7031,,92781.7031,,92781.7031
1745812800000,,,,,,,,,,
1745827200000,,,,,,,,,,
1745841600000,95620,,95620,,95620,,95620,,95620,
1745856000000,,93432,,93432,,93432,,,,
1745870400000,,,,,,,,,,
1745884800000,95520.2969,,95520.2969,,,,,,,
1745899200000,,94102.5,,94102.5,,,,,,
1745913600000,,,,,,,,,,
1745928000000,,94539.7031,,,,,,,,
1745942400000,95440,,95440,,95440,,,,,
1745956800000,,93725,,93725,,93725,,,,
1745971200000,,,,,,,,,,
1745985600000,,,,,,,,,,
1746000000000,95211.8984,,95211.8984,,,,,,,
1746014400000,,92899.8984,,92899.8984,,92899.8984,,92899.8984,,92899.8984
1746028800000,,,,,,,,,,
1746043200000,,,,,,,,,,
1746057600000,,,,,,,,,,
1746072000000,,,,,,,,,,
1746086400000,,,,,,,,,,
1746100800000,97455,,97455,,97455,,97455,,97455,
1746115200000,,,,,,,,,,
1746129600000,,96174.2969,,,,,,,,
1746144000000,,,,,,,,,,
1746158400000,97287.1016,,,,,,,,,
1746172800000,,96353.3984,,96353.3984,,,,,,
1746187200000,97912.1016,,97912.1016,,97912.1016,,97912.1016,,97912.1016,
1746201600000,,,,,,,,,,
1746216000000,,,,,,,,,,
1746230400000,,,,,,,,,,
1746244800000,,,,,,,,,,
1746259200000,,95854.1016,,95854.1016,,,,,,
1746273600000,96489.5,,,,,,,,,
1746288000000,,,,,,,,,,
1746302400000,96429.2031,,,,,,,,,
1746316800000,,95414.1016,,,,,,,,
1746331200000,,,,,,,,,,
1746345600000,,,,,,,,,,
1746360000000,,95191.2031,,,,,,,,
1746374400000,,,,,,,,,,
1746388800000,95733,,95733,,,,,,,
1746403200000,,93453.8984,,93453.8984,,93453.8984,,93453.8984,,93453.8984
1746417600000,94812.6016,,,,,,,,,
1746432000000,,,,,,,,,,
1746446400000,,93559.8984,,93559.8984,,,,,,
1746460800000,,,,,,,,,,
1746475200000,95150,,95150,,95150,,95150,,95150,
1746489600000,,,,,,,,,,
1746504000000,,,,,,,,,,
1746518400000,,,,,,,,,,
1746532800000,,93318.2969,,93318.2969,,93318.2969,,93318.2969,,93318.2969
1746547200000,,,,,,,,,,
1746561600000,,,,,,,,,,
1746576000000,97695.8984,,97695.8984,,97695.8984,,97695.8984,,97695.8984,
1746590400000,,,,,,,,,,
1746604800000,,,,,,,,,,
1746619200000,97460,,97460,,,,,,,
1746633600000,,95753.7031,,95753.7031,,95753.7031,,95753.7031,,
1746648000000,,,,,,,,,,
1746662400000,,,,,,,,,,
1746676800000,,,,,,,,,,
1746691200000,,,,,,,,,,
1746705600000,,99084,,,,,,,,
1746720000000,,,,,,,,,,
1746734400000,104273.602,,,,,,,,,
1746748800000,,,,,,,,,,
1746763200000,104331.102,,104331.102,,104331.102,,104331.102,,104331.102,
1746777600000,,,,,,,,,,
1746792000000,,,,,,,,,,
1746806400000,,102278,,102278,,102278,,,,
1746820800000,103379.898,,,,,,,,,
1746835200000,,,,,,,,,,
1746849600000,104093.797,,104093.797,,104093.797,,,,,
1746864000000,,,,,,,,,,
1746878400000,,,,,,,,,,
1746892800000,,102793.797,,102793.797,,102793.797,,,,
1746907200000,104972.203,,104972.203,,104972.203,,104972.203,,104972.203,
1746921600000,,,,,,,,,,
1746936000000,,103249,,,,,,,,
1746950400000,,,,,,,,,,
1746964800000,104857,,104857,,,,,,,
1746979200000,,,,,,,,,,
1746993600000,,103594.203,,103594.203,,,,,,
1747008000000,,,,,,,,,,
1747022400000,105871.602,,105871.602,,105871.602,,105871.602,,105871.602,
1747036800000,,,,,,,,,,
1747051200000,,,,,,,,,,
1747065600000,,100689.398,,100689.398,,100689.398,,100689.398,,100689.398
1747080000000,103103,,,,,,,,,
1747094400000,,101424.398,,,,,,,,
1747108800000,,,,,,,,,,
1747123200000,,,,,,,,,,
1747137600000,,,,,,,,,,
1747152000000,104980,,104980,,104980,,104980,,104980,
1747166400000,,,,,,,,,,
1747180800000,,,,,,,,,,
1747195200000,,,,,,,,,,
1747209600000,,,,,,,,,,
1747224000000,104331.5,,104331.5,,104331.5,,,,,
1747238400000,,102565.703,,102565.703,,,,,,
1747252800000,,,,,,,,,,
1747267200000,103841.297,,103841.297,,,,,,,
1747281600000,,,,,,,,,,
1747296000000,,,,,,,,,,
1747310400000,,101360.203,,101360.203,,101360.203,,101360.203,,101360.203
1747324800000,104203.703,,,,,,,,,
1747339200000,,,,,,,,,,
1747353600000,104440.398,,104440.398,,104440.398,,,,,
1747368000000,,,,,,,,,,
1747382400000,,103037.602,,103037.602,,,,,,
1747396800000,,,,,,,,,,
1747411200000,104546.203,,104546.203,,104546.203,,104546.203,,104546.203,
1747425600000,,,,,,,,,,
1747440000000,,102589,,102589,,102589,,102589,,102589
1747454400000,103755.797,,,,,,,,,
1747468800000,,,,,,,,,,
1747483200000,,102637,,102637,,,,,,
1747497600000,,,,,,,,,,
1747512000000,103470.398,,,,,,,,,
1747526400000,,,,,,,,,,
1747540800000,,,,,,,,,,
1747555200000,,,,,,,,,,
1747569600000,,103669,,,,,,,,
1747584000000,,,,,,,,,,
1747598400000,,103250.102,,,,,,,,
1747612800000,107141,,107141,,107141,,107141,,107141,
1747627200000,,102034.102,,102034.102,,102034.102,,102034.102,,102034.102
1747641600000,,,,,,,,,,
1747656000000,,102063.203,,,,,,,,
1747670400000,,,,,,,,,,
1747684800000,,,,,,,,,,
1747699200000,106858.703,,106858.703,,106858.703,,,,,
1747713600000,,,,,,,,,,
1747728000000,,,,,,,,,,
1747742400000,,104158.5,,104158.5,,104158.5,,104158.5,,104158.5
1747756800000,,,,,,,,,,
1747771200000,107311.102,,,,,,,,,
1747785600000,,,,,,,,,,
1747800000000,108008,,,,,,,,,
1747814400000,,106059.5,,106059.5,,,,,,
1747828800000,,,,,,,,,,
1747843200000,,106170,,,,,,,,
1747857600000,,,,,,,,,,
1747872000000,111893.797,,111893.797,,111893.797,,,,,
1747886400000,,,,,,,,,,
1747900800000,,110272.102,,,,,,,,
1747915200000,,,,,,,,,,
1747929600000,112055.398,,112055.398,,112055.398,,112055.398,,112055.398,
1747944000000,,110745,,,,,,,,
1747958400000,111786.797,,,,,,,,,
1747972800000,,,,,,,,,,
1747987200000,111380,,,,,,,,,
1748001600000,,107300,,,,,,,,
1748016000000,,,,,,,,,,
1748030400000,,106747.102,,106747.102,,106747.102,,106747.102,,106747.102
1748044800000,,,,,,,,,,
1748059200000,,,,,,,,,,
1748073600000,109458.5,,109458.5,,109458.5,,,,,
1748088000000,,,,,,,,,,
1748102400000,,,,,,,,,,
1748116800000,,,,,,,,,,
1748131200000,,107193.102,,,,,,,,
1748145600000,108279.898,,,,,,,,,
1748160000000,,,,,,,,,,
1748174400000,,106588.703,,106588.703,,106588.703,,106588.703,,106588.703
1748188800000,,,,,,,,,,
1748203200000,,,,,,,,,,
1748217600000,,,,,,,,,,
1748232000000,110236.602,,,,,,,,,
1748246400000,,,,,,,,,,
1748260800000,,,,,,,,,,
1748275200000,110465,108816.203,110465,,110465,,110465,,,
1748289600000,,,,,,,,,,
1748304000000,,107511.297,,107511.297,,107511.297,,107511.297,,107511.297
1748318400000,,,,,,,,,,
1748332800000,,,,,,,,,,
1748347200000,110736.398,108667.898,110736.398,,110736.398,,110736.398,,110736.398,
1748361600000,,,,,,,,,,
1748376000000,,,,,,,,,,
1748390400000,,108410,,,,,,,,
1748404800000,,,,,,,,,,
1748419200000,109138.203,,,,,,,,,
1748433600000,,,,,,,,,,
1748448000000,,,,,,,,,,
1748462400000,,106761.703,,106761.703,,106761.703,,,,
1748476800000,108458.602,,,,,,,,,
1748491200000,,106931,,,,,,,,
1748505600000,108886.297,,108886.297,,108886.297,,108886.297,,,
1748520000000,,,,,,,,,,
1748534400000,,,,,,,,,,
1748548800000,,,,,,,,,,
1748563200000,,104489,,104489,,104489,,,,
1748577600000,106298,,,,,,,,,
1748592000000,,104600,,,,,,,,
1748606400000,,,,,,,,,,
1748620800000,,,,,,,,,,
1748635200000,,,,,,,,,,
1748649600000,,103075.203,,103075.203,,103075.203,,103075.203,,103075.203
1748664000000,,,,,,,,,,
1748678400000,,103286.102,,,,,,,,
1748692800000,104863.898,,,,,,,,,
1748707200000,,,,,,,,,,
1748721600000,104942.203,,104942.203,,104942.203,,104942.203,,,
1748736000000,,103888,,,,,,,,
1748750400000,104700,,,,,,,,,
1748764800000,,103769,,103769,,103769,,103769,,
1748779200000,,,,,,,,,,
1748793600000,,,,,,,,,,
1748808000000,105866.703,,105866.703,,,,,,,
1748822400000,,104565,,,,,,,,
1748836800000,,,,,,,,,,
1748851200000,105936,,105936,,,,,,,
1748865600000,,103688,,103688,,103688,,103688,,103688
1748880000000,,,,,,,,,,
1748894400000,,,,,,,,,,
1748908800000,106526,,106526,,,,,,,
1748923200000,,,,,,,,,,
1748937600000,,104878.602,,104878.602,,,,,,
1748952000000,106836.898,,106836.898,,106836.898,,106836.898,,106836.898,
1748966400000,,,,,,,,,,
1748980800000,,,,,,,,,,
1748995200000,,105108.5,,105108.5,,,,,,
1749009600000,,,,,,,,,,
1749024000000,106006.5,,106006.5,,,,,,,
1749038400000,,104138.297,,104138.297,,104138.297,,104138.297,,104138.297
1749052800000,,,,,,,,,,
1749067200000,,104420,,,,,,,,
1749081600000,105257.5,,,,,,,,,
1749096000000,,104386,,,,,,,,
1749110400000,,,,,,,,,,
1749124800000,105936.797,,105936.797,,105936.797,,105936.797,,105936.797,
1749139200000,,,,,,,,,,
1749153600000,,100355,,100355,,100355,,100355,,100355
1749168000000,,,,,,,,,,
1749182400000,,,,,,,,,,
1749196800000,,,,,,,,,,
1749211200000,105370,,105370,,105370,,105370,,105370,
1749225600000,,,,,,,,,,
1749240000000,,,,,,,,,,
1749254400000,,103900.203,,103900.203,,,,,,
1749268800000,105345,,,,,,,,,
1749283200000,,,,,,,,,,
1749297600000,,,,,,,,,,
1749312000000,,,,,,,,,,
1749326400000,105914.797,,105914.797,,105914.797,,,,,
1749340800000,,105382.398,,,,,,,,
1749355200000,,,,,,,,,,
1749369600000,,104984.297,,104984.297,,104984.297,,104984.297,,104984.297
1749384000000,,,,,,,,,,
1749398400000,,,,,,,,,,
1749412800000,106501,,106501,,,,,,,
1749427200000,,105323.398,,105323.398,,105323.398,,,,
1749441600000,,,,,,,,,,
1749456000000,,,,,,,,,,
1749470400000,,,,,,,,,,
1749484800000,,,,,,,,,,
1749499200000,110708.703,,110708.703,,110708.703,,110708.703,,110708.703,
1749513600000,,,,,,,,,,
1749528000000,,,,,,,,,,
1749542400000,,,,,,,,,,
1749556800000,,108319.5,,108319.5,,108319.5,,108319.5,,
1749571200000,110396.703,,110396.703,,110396.703,,110396.703,,,
1749585600000,,,,,,,,,,
1749600000000,,,,,,,,,,
1749614400000,,,,,,,,,,
1749628800000,,,,,,,,,,
1749643200000,110381.5,,110381.5,,110381.5,,110381.5,,,
1749657600000,,,,,,,,,,
1749672000000,,,,,,,,,,
1749686400000,,,,,,,,,,
1749700800000,,,,,,,,,,
1749715200000,,,,,,,,,,
1749729600000,,106571,,,,,,,,
1749744000000,108419.898,,108419.898,,108419.898,,,,,
1749758400000,,,,,,,,,,
1749772800000,,102723.203,,102723.203,,102723.203,,102723.203,,102723.203
1749787200000,,,,,,,,,,
1749801600000,,,,,,,,,,
1749816000000,,104103.703,,,,,,,,
1749830400000,,,,,,,,,,
1749844800000,,,,,,,,,,
1749859200000,106211.898,,106211.898,,106211.898,,106211.898,,106211.898,
1749873600000,,104783,,,,,,,,
1749888000000,,,,,,,,,,
1749902400000,105119.797,,,,,,,,,
1749916800000,,,,,,,,,,
1749931200000,,104283.703,,104283.703,,104283.703,,104283.703,,104283.703
1749945600000,,,,,,,,,,
1749960000000,106128,,106128,,106128,,106128,,106128,
1749974400000,,104857.602,,104857.602,,,,,,
1749988800000,105830.703,,,,,,,,,
1750003200000,,,,,,,,,,
1750017600000,,104468.398,,104468.398,,104468.398,,104468.398,,104468.398
1750032000000,,,,,,,,,,
1750046400000,107258.898,,,,,,,,,
1750060800000,,,,,,,,,,
1750075200000,,106437.703,,,,,,,,
1750089600000,,,,,,,,,,
1750104000000,108979.297,,108979.297,,108979.297,,108979.297,,108979.297,
1750118400000,,106119,,,,,,,,
1750132800000,,,,,,,,,,
1750147200000,,,,,,,,,,
1750161600000,,,,,,,,,,
1750176000000,,103331.703,,103331.703,,103331.703,,103331.703,,103331.703
1750190400000,,,,,,,,,,
1750204800000,,,,,,,,,,
1750219200000,105523.898,,105523.898,,105523.898,,,,,
1750233600000,,,,,,,,,,
1750248000000,105308.398,,,,,,,,,
1750262400000,,103471.5,,103471.5,,103471.5,,103471.5,,103471.5
1750276800000,,,,,,,,,,
1750291200000,105215.398,,105215.398,,,,,,,
1750305600000,,,,,,,,,,
1750320000000,,,,,,,,,,
1750334400000,,,,,,,,,,
1750348800000,,103912.797,,103912.797,,103912.797,,103912.797,,
1750363200000,104872.5,,,,,,,,,
1750377600000,,,,,,,,,,
1750392000000,,104217.102,,,,,,,,
1750406400000,106499.898,,106499.898,,106499.898,,106499.898,,106499.898,
1750420800000,,,,,,,,,,
1750435200000,,102287.602,,102287.602,,102287.602,,102287.602,,102287.602
1750449600000,,,,,,,,,,
1750464000000,,,,,,,,,,
1750478400000,,,,,,,,,,
1750492800000,103974.602,,103974.602,,103974.602,,,,,
1750507200000,,,,,,,,,,
1750521600000,,,,,,,,,,
1750536000000,,100860.203,,100860.203,,100860.203,,,,
1750550400000,103411.297,,,,,,,,,
1750564800000,,,,,,,,,,
1750579200000,,,,,,,,,,
1750593600000,,,,,,,,,,
1750608000000,,,,,,,,,,
1750622400000,,98182.1016,,98182.1016,,98182.1016,,98182.1016,,98182.1016
1750636800000,,,,,,,,,,
1750651200000,102159.102,,,,,,,,,
1750665600000,,,,,,,,,,
1750680000000,,,,,,,,,,
1750694400000,,99636.7969,,99636.7969,,99636.7969,,99636.7969,,
1750708800000,106054.203,,106054.203,,106054.203,,106054.203,,,
1750723200000,,,,,,,,,,
1750737600000,105842.297,,,,,,,,,
1750752000000,,104650,,104650,,,,,,
1750766400000,,,,,,,,,,
1750780800000,106300,,,,,,,,,
1750795200000,,,,,,,,,,
1750809600000,106811.898,,,,,,,,,
1750824000000,,,,,,,,,,
1750838400000,,,,,,,,,,
1750852800000,108145.5,,108145.5,,,,,,,
1750867200000,,,,,,,,,,
1750881600000,,,,,,,,,,
1750896000000,108300,,108300,,108300,,108300,,108300,
1750910400000,,,,,,,,,,
1750924800000,108171.297,,,,,,,,,
1750939200000,,106565,,106565,,,,,,
1750953600000,,,,,,,,,,
1750968000000,107989,,107989,,,,,,,
1750982400000,,106431.797,,106431.797,,,,,,
1750996800000,107720.5,,,,,,,,,
1751011200000,,,,,,,,,,
1751025600000,,106364.102,,106364.102,,106364.102,,106364.102,,106364.102
1751040000000,107707,,107707,,,,,,,
1751054400000,,,,,,,,,,
1751068800000,,,,,,,,,,
1751083200000,107534.703,,,,,,,,,
1751097600000,,,,,,,,,,
1751112000000,107567,107108.602,107567,107108.602,107567,,107567,,,
1751126400000,,,,,,,,,,
1751140800000,,107150,,,,,,,,
1751155200000,107514.102,,,,,,,,,
1751169600000,,,,,,,,,,
1751184000000,,,,,,,,,,
1751198400000,108532,,108532,,,,,,,
1751212800000,,,,,,,,,,
1751227200000,,107228.398,,107228.398,,107228.398,,,,
1751241600000,108796.602,,108796.602,,108796.602,,108796.602,,108796.602,
1751256000000,,,,,,,,,,
1751270400000,,,,,,,,,,
1751284800000,,106711,,106711,,106711,,,,
1751299200000,,,,,,,,,,
1751313600000,,106901,,,,,,,,
1751328000000,,,,,,,,,,
1751342400000,,,,,,,,,,
1751356800000,,,,,,,,,,
1751371200000,107165.602,,,,,,,,,
1751385600000,,,,,,,,,,
1751400000000,,,,,,,,,,
1751414400000,,105070,,105070,,105070,,105070,,105070
1751428800000,,,,,,,,,,
1751443200000,,,,,,,,,,
1751457600000,,,,,,,,,,
1751472000000,109785.797,,109785.797,,109785.797,,,,,
1751486400000,,,,,,,,,,
1751500800000,,108531,,108531,,,,,,
1751515200000,,,,,,,,,,
1751529600000,,,,,,,,,,
1751544000000,110561.898,108772.703,110561.898,,110561.898,,110561.898,,110561.898,
1751558400000,,,,,,,,,,
1751572800000,110015.102,,,,,,,,,
1751587200000,,,,,,,,,,
1751601600000,,,,,,,,,,
1751616000000,,,,,,,,,,
1751630400000,,,,,,,,,,
1751644800000,,107261.602,,107261.602,,107261.602,,107261.602,,107261.602
1751659200000,,,,,,,,,,
1751673600000,,,,,,,,,,
1751688000000,108417.297,,108417.297,,108417.297,,,,,
1751702400000,,107858,,,,,,,,
1751716800000,108210,,,,,,,,,
1751731200000,,107857.102,,107857.102,,107857.102,,,,
1751745600000,,,,,,,,,,
1751760000000,108247.797,,108247.797,,,,,,,
1751774400000,,,,,,,,,,
1751788800000,,107801.602,,107801.602,,107801.602,,107801.602,,107801.602
1751803200000,109105.797,,,,,,,,,
1751817600000,,,,,,,,,,
1751832000000,,,,,,,,,,
1751846400000,109739.703,,109739.703,,109739.703,,109739.703,,109739.703,
1751860800000,,108542.203,,,,,,,,
1751875200000,,,,,,,,,,
1751889600000,,,,,,,,,,
1751904000000,,107479.5,,,,,,,,
1751918400000,,,,,,,,,,
1751932800000,108494.297,107384.102,,107384.102,,107384.102,,107384.102,,107384.102
1751947200000,,,,,,,,,,
1751961600000,,,,,,,,,,
1751976000000,109216.703,,109216.703,,109216.703,,109216.703,,109216.703,
1751990400000,,108051.602,,108051.602,,,,,,
1752004800000,,,,,,,,,,
1752019200000,109108.5,,,,,,,,,
1752033600000,,108290.398,,108290.398,,,,,,
1752048000000,,,,,,,,,,
1752062400000,,108469,,,,,,,,
1752076800000,112035.297,,112035.297,,112035.297,,112035.297,,112035.297,
1752091200000,,,,,,,,,,
1752105600000,,,,,,,,,,
1752120000000,,,,,,,,,,
1752134400000,,,,,,,,,,
1752148800000,,110455.297,,110455.297,,110455.297,,110455.297,,
1752163200000,,,,,,,,,,
1752177600000,117547.398,,,,,,,,,
1752192000000,,,,,,,,,,
1752206400000,,,,,,,,,,
1752220800000,118941,,118941,,118941,,118941,,118941,
1752235200000,,,,,,,,,,
1752249600000,,116669.5,,116669.5,,,,,,
1752264000000,,,,,,,,,,
1752278400000,,117153.703,,,,,,,,
1752292800000,,,,,,,,,,
1752307200000,118189.602,,118189.602,,118189.602,,118189.602,,,
1752321600000,,116941.297,,116941.297,,116941.297,,116941.297,,
1752336000000,,,,,,,,,,
1752350400000,,117019.898,,,,,,,,
1752364800000,,,,,,,,,,
1752379200000,,,,,,,,,,
1752393600000,,,,,,,,,,
1752408000000,119510,,119510,,,,,,,
1752422400000,,,,,,,,,,
1752436800000,,118250,,,,,,,,
1752451200000,,,,,,,,,,
1752465600000,123259.5,,123259.5,,123259.5,,123259.5,,123259.5,
1752480000000,,,,,,,,,,
1752494400000,,,,,,,,,,
1752508800000,,119270.102,,,,,,,,
1752523200000,,,,,,,,,,
1752537600000,,,,,,,,,,
1752552000000,,,,,,,,,,
1752566400000,,,,,,,,,,
1752580800000,118526.398,115744.898,118526.398,115744.898,,115744.898,,115744.898,,115744.898
1752595200000,,,,,,,,,,
1752609600000,,,,,,,,,,
1752624000000,,,,,,,,,,
1752638400000,,,,,,,,,,
1752652800000,,,,,,,,,,
1752667200000,,,,,,,,,,
1752681600000,,,,,,,,,,
1752696000000,120169.5,,120169.5,,120169.5,,120169.5,,120169.5,
1752710400000,,117731,,117731,,,,,,
1752724800000,,,,,,,,,,
1752739200000,119252.898,,,,,,,,,
1752753600000,,117500,,117500,,117500,,117500,,117500
1752768000000,,,,,,,,,,
1752782400000,121025.5,,121025.5,,121025.5,,121025.5,,121025.5,
1752796800000,,,,,,,,,,
1752811200000,120904.898,,,,,,,,,
1752825600000,,,,,,,,,,
1752840000000,119574.898,,,,,,,,,
1752854400000,,,,,,,,,,
1752868800000,,116877.898,,116877.898,,116877.898,,116877.898,,116877.898
1752883200000,118461.898,,,,,,,,,
1752897600000,,,,,,,,,,
1752912000000,118586.703,,118586.703,,118586.703,,118586.703,,,
1752926400000,,,,,,,,,,
1752940800000,,,,,,,,,,
1752955200000,,117326.102,,117326.102,,117326.102,,117326.102,,117326.102
1752969600000,,,,,,,,,,
1752984000000,,,,,,,,,,
1752998400000,,,,,,,,,,
1753012800000,,117826.203,,,,,,,,
1753027200000,118949.898,,118949.898,,,,,,,
1753041600000,,116555,,116555,,116555,,116555,,116555
1753056000000,,,,,,,,,,
1753070400000,119784.203,,119784.203,,119784.203,,119784.203,,119784.203,
1753084800000,,,,,,,,,,
1753099200000,,,,,,,,,,
1753113600000,,116717.602,,,,,,,,
1753128000000,,,,,,,,,,
1753142400000,,116184.5,,116184.5,,116184.5,,116184.5,,116184.5
1753156800000,,,,,,,,,,
1753171200000,,,,,,,,,,
1753185600000,,,,,,,,,,
1753200000000,,,,,,,,,,
1753214400000,120364.898,,120364.898,,120364.898,,120364.898,,120364.898,
1753228800000,,,,,,,,,,
1753243200000,,,,,,,,,,
1753257600000,,,,,,,,,,
1753272000000,118806,,,,,,,,,
1753286400000,,117386.203,,117386.203,,,,,,
1753300800000,,,,,,,,,,
1753315200000,119329.703,,119329.703,,,,,,,
1753329600000,,117165.297,,117165.297,,117165.297,,117165.297,,
1753344000000,,,,,,,,,,
1753358400000,119550,117901,119550,,119550,,119550,,119550,
1753372800000,,,,,,,,,,
1753387200000,,,,,,,,,,
1753401600000,,,,,,,,,,
1753416000000,,114737.398,,114737.398,,114737.398,,114737.398,,114737.398
1753430400000,116850.898,,,,,,,,,
1753444800000,,114957.102,,,,,,,,
1753459200000,,,,,,,,,,
1753473600000,,,,,,,,,,
1753488000000,117828.398,,,,,,,,,
1753502400000,,,,,,,,,,
1753516800000,118335,,,,,,,,,
1753531200000,,,,,,,,,,
1753545600000,118387.398,,,,,,,,,
1753560000000,,,,,,,,,,
1753574400000,,117873.797,,117873.797,,,,,,
1753588800000,118500,,,,,,,,,
1753603200000,,117900.5,,,,,,,,
1753617600000,,,,,,,,,,
1753632000000,,,,,,,,,,
1753646400000,,,,,,,,,,
1753660800000,119850,,119850,,119850,,119850,,119850,
1753675200000,,,,,,,,,,
1753689600000,,,,,,,,,,
1753704000000,,,,,,,,,,
1753718400000,,117450,,,,,,,,
1753732800000,,,,,,,,,,
1753747200000,,117424.297,,117424.297,,,,,,
1753761600000,119276.797,,119276.797,,119276.797,,119276.797,,119276.797,
1753776000000,,,,,,,,,,
1753790400000,119091.297,,,,,,,,,
1753804800000,,116945.297,,116945.297,,116945.297,,116945.297,,116945.297
1753819200000,,,,,,,,,,
1753833600000,,,,,,,,,,
1753848000000,,,,,,,,,,
1753862400000,,117277.898,,,,,,,,
1753876800000,118746.102,,118746.102,,118746.102,,,,,
1753891200000,,115750,,115750,,115750,,115750,,115750
1753905600000,,,,,,,,,,
1753920000000,,,,,,,,,,
1753934400000,118882.203,,118882.203,,118882.203,,118882.203,,118882.203,
1753948800000,,,,,,,,,,
1753963200000,,,,,,,,,,
1753977600000,118814.703,,118814.703,,,,,,,
1753992000000,,,,,,,,,,
1754006400000,,114281.297,,,,,,,,
1754020800000,,,,,,,,,,
1754035200000,,,,,,,,,,
1754049600000,116001,,116001,,,,,,,
1754064000000,,,,,,,,,,
1754078400000,,112595.602,,112595.602,,112595.602,,112595.602,,
1754092800000,,,,,,,,,,
1754107200000,113980,,,,,,,,,
1754121600000,,,,,,,,,,
1754136000000,,,,,,,,,,
1754150400000,,111910,,,,,,,,
1754164800000,,,,,,,,,,
1754179200000,,111842.102,,111842.102,,111842.102,,111842.102,,111842.102
1754193600000,,,,,,,,,,
1754208000000,114191,,,,,,,,,
1754222400000,,,,,,,,,,
1754236800000,114725,,,,,,,,,
1754251200000,,,,,,,,,,
1754265600000,114977,,114977,,,,,,,
1754280000000,,,,,,,,,,
1754294400000,,,,,,,,,,
1754308800000,,114073,,114073,,114073,,,,
1754323200000,115703.898,,115703.898,,115703.898,,115703.898,,115703.898,
1754337600000,,,,,,,,,,
1754352000000,,,,,,,,,,
1754366400000,,113672.797,,,,,,,,
1754380800000,115048.797,,,,,,,,,
1754395200000,,112614,,112614,,112614,,112614,,112614
1754409600000,,,,,,,,,,
1754424000000,114200,,,,,,,,,
1754438400000,,,,,,,,,,
1754452800000,114391,113328.797,,,,,,,,
1754467200000,,,,,,,,,,
1754481600000,,113520.102,,,,,,,,
1754496000000,115675,,115675,,115675,,,,,
1754510400000,,,,,,,,,,
1754524800000,,,,,,,,,,
1754539200000,,114229.797,,114229.797,,114229.797,,,,
1754553600000,,,,,,,,,,
1754568000000,,,,,,,,,,
1754582400000,,115620.203,,,,,,,,
1754596800000,,,,,,,,,,
1754611200000,117633,,117633,,117633,,117633,,117633,
1754625600000,,,,,,,,,,
1754640000000,,,,,,,,,,
1754654400000,117280.5,115896,117280.5,115896,,115896,,115896,,
1754668800000,,,,,,,,,,
1754683200000,116956.898,,,,,,,,,
1754697600000,,,,,,,,,,
1754712000000,,,,,,,,,,
1754726400000,117946.898,,117946.898,,117946.898,,,,,
1754740800000,,,,,,,,,,
1754755200000,,,,,,,,,,
1754769600000,,116398,,116398,,116398,,,,
1754784000000,,,,,,,,,,
1754798400000,118750,,,,,,,,,
1754812800000,,,,,,,,,,
1754827200000,119099,,,,,,,,,
1754841600000,,,,,,,,,,
1754856000000,,118069,,118069,,,,,,
1754870400000,,,,,,,,,,
1754884800000,122323.602,,122323.602,,122323.602,,122323.602,,122323.602,
1754899200000,,,,,,,,,,
1754913600000,,,,,,,,,,
1754928000000,120781.797,,,,,,,,,
1754942400000,,117980.797,,117980.797,,117980.797,,117980.797,,117980.797
1754956800000,119309,,,,,,,,,
1754971200000,,,,,,,,,,
1754985600000,,118209.703,,118209.703,,,,,,
1755000000000,,,,,,,,,,
1755014400000,,,,,,,,,,
1755028800000,120316.398,,120316.398,,,,,,,
1755043200000,,,,,,,,,,
1755057600000,,118879.5,,118879.5,,118879.5,,,,
1755072000000,,,,,,,,,,
1755086400000,,,,,,,,,,
1755100800000,,,,,,,,,,
1755115200000,,,,,,,,,,
1755129600000,124550,,124550,,124550,,124550,,124550,
1755144000000,,,,,,,,,,
1755158400000,,,,,,,,,,
1755172800000,,,,,,,,,,
1755187200000,,117193.398,,117193.398,,117193.398,,117193.398,,
1755201600000,,,,,,,,,,
1755216000000,,,,,,,,,,
1755230400000,119326.797,,119326.797,,119326.797,,,,,
1755244800000,,,,,,,,,,
1755259200000,,,,,,,,,,
1755273600000,,116804.5,,116804.5,,116804.5,,116804.5,,116804.5
1755288000000,,,,,,,,,,
1755302400000,117949,,117949,,,,,,,
1755316800000,,,,,,,,,,
1755331200000,,117173.797,,117173.797,,,,,,
1755345600000,117844.602,,,,,,,,,
1755360000000,,,,,,,,,,
1755374400000,,,,,,,,,,
1755388800000,,117192.297,,117192.297,,117192.297,,,,
1755403200000,,,,,,,,,,
1755417600000,,,,,,,,,,
1755432000000,118601.898,,118601.898,,118601.898,,118601.898,,118601.898,
1755446400000,,117321,,,,,,,,
1755460800000,,,,,,,,,,
1755475200000,,,,,,,,,,
1755489600000,,,,,,,,,,
1755504000000,,114665.102,,114665.102,,114665.102,,114665.102,,
1755518400000,,,,,,,,,,
1755532800000,,,,,,,,,,
1755547200000,116997.602,,116997.602,,116997.602,,116997.602,,,
1755561600000,,,,,,,,,,
1755576000000,,114350,,,,,,,,
1755590400000,,,,,,,,,,
1755604800000,115881,,115881,,,,,,,
1755619200000,,,,,,,,,,
1755633600000,,,,,,,,,,
1755648000000,,112527,,112527,,,,,,
1755662400000,,,,,,,,,,
1755676800000,,,,,,,,,,
1755691200000,,112340.898,,112340.898,,112340.898,,112340.898,,112340.898
1755705600000,,,,,,,,,,
1755720000000,,,,,,,,,,
1755734400000,114786,,114786,,114786,,114786,,114786,
1755748800000,,,,,,,,,,
1755763200000,,,,,,,,,,
1755777600000,113951.602,,,,,,,,,
1755792000000,,111961,,111961,,111961,,111961,,
1755806400000,,,,,,,,,,
1755820800000,113500,,113500,,,,,,,
1755835200000,,,,,,,,,,
1755849600000,,,,,,,,,,
1755864000000,,111648.102,,111648.102,,111648.102,,111648.102,,111648.102
1755878400000,117339.5,,117339.5,,117339.5,,117339.5,,117339.5,
1755892800000,,,,,,,,,,
1755907200000,,115384,,,,,,,,
1755921600000,,,,,,,,,,
1755936000000,,,,,,,,,,
1755950400000,,114502.797,,114502.797,,114502.797,,114502.797,,114502.797
1755964800000,,,,,,,,,,
1755979200000,,,,,,,,,,
1755993600000,115671.703,,115671.703,,115671.703,,,,,
1756008000000,,,,,,,,,,
1756022400000,,,,,,,,,,
1756036800000,,,,,,,,,,
1756051200000,114938.5,110560.898,,110560.898,,110560.898,,110560.898,,
1756065600000,,,,,,,,,,
1756080000000,,,,,,,,,,
1756094400000,,,,,,,,,,
1756108800000,,,,,,,,,,
1756123200000,,110550,,,,,,,,
1756137600000,112919.398,,112919.398,,,,,,,
1756152000000,,,,,,,,,,
1756166400000,,108630.398,,108630.398,,108630.398,,108630.398,,108630.398
1756180800000,110518.703,,,,,,,,,
1756195200000,,,,,,,,,,
1756209600000,,109334.297,,109334.297,,,,,,
1756224000000,,,,,,,,,,
1756238400000,112352,,112352,,112352,,,,,
1756252800000,,,,,,,,,,
1756267200000,,,,,,,,,,
1756281600000,,110337.602,,110337.602,,110337.602,,,,
1756296000000,112626.703,,112626.703,,112626.703,,,,,
1756310400000,,,,,,,,,,
1756324800000,,110815.5,,110815.5,,,,,,
1756339200000,,,,,,,,,,
1756353600000,113323.5,,,,,,,,,
1756368000000,,,,,,,,,,
1756382400000,113446.398,,113446.398,,113446.398,,113446.398,,113446.398,
1756396800000,,,,,,,,,,
1756411200000,,,,,,,,,,
1756425600000,112623,,,,,,,,,
1756440000000,,,,,,,,,,
1756454400000,,,,,,,,,,
1756468800000,111510.602,,,,,,,,,
1756483200000,,,,,,,,,,
1756497600000,,,,,,,,,,
1756512000000,,107311.602,,107311.602,,107311.602,,107311.602,,107311.602
1756526400000,,,,,,,,,,
1756540800000,,,,,,,,,,
1756555200000,108891.602,108140.102,108891.602,,,,,,,
1756569600000,,,,,,,,,,
1756584000000,,108425.5,,,,,,,,
1756598400000,109450,,109450,,109450,,109450,,109450,
1756612800000,,,,,,,,,,
1756627200000,,,,,,,,,,
1756641600000,,108161,,,,,,,,
1756656000000,,,,,,,,,,
1756670400000,109201.5,,,,,,,,,
1756684800000,,,,,,,,,,
1756699200000,,107205.703,,107205.703,,107205.703,,107205.703,,107205.703
1756713600000,109883.797,,109883.797,,109883.797,,,,,
1756728000000,,,,,,,,,,
1756742400000,,,,,,,,,,
1756756800000,,107423.602,,107423.602,,107423.602,,,,
1756771200000,,,,,,,,,,
1756785600000,,,,,,,,,,
1756800000000,,,,,,,,,,
1756814400000,111775.398,108340,111775.398,108340,111775.398,108340,111775.398,,111775.398,
1756828800000,,,,,,,,,,
1756843200000,,,,,,,,,,
1756857600000,111756.5,,111756.5,,,,,,,
1756872000000,,110513,,110513,,,,,,
1756886400000,,,,,,,,,,
1756900800000,,,,,,,,,,
1756915200000,112568.203,,112568.203,,112568.203,,112568.203,,112568.203,
1756929600000,,,,,,,,,,
1756944000000,,,,,,,,,,
1756958400000,,110251.297,,,,,,,,
1756972800000,,,,,,,,,,
1756987200000,,109284.203,,109284.203,,109284.203,,109284.203,,109284.203
1757001600000,,,,,,,,,,
1757016000000,111716.203,,,,,,,,,
1757030400000,,,,,,,,,,
1757044800000,,,,,,,,,,
1757059200000,,,,,,,,,,
1757073600000,113353.898,,113353.898,,113353.898,,113353.898,,113353.898,
1757088000000,,110150.398,,110150.398,,110150.398,,110150.398,,
1757102400000,111665.898,,,,,,,,,
1757116800000,,,,,,,,,,
1757131200000,,,,,,,,,,
1757145600000,,,,,,,,,,
1757160000000,110976.602,,,,,,,,,
1757174400000,,109923.703,,109923.703,,109923.703,,109923.703,,109923.703
1757188800000,,,,,,,,,,
1757203200000,,,,,,,,,,
1757217600000,,,,,,,,,,
1757232000000,,,,,,,,,,
1757246400000,111386.5,,,,,,,,,
1757260800000,,110815.797,,,,,,,,
1757275200000,111571.5,,,,,,,,,
1757289600000,,110566,,110566,,110566,,110566,,
1757304000000,,,,,,,,,,
1757318400000,,,,,,,,,,
1757332800000,112872.602,,112872.602,,112872.602,,,,,
1757347200000,,,,,,,,,,
1757361600000,,,,,,,,,,
1757376000000,,111037.398,,111037.398,,,,,,
1757390400000,113253.297,,113253.297,,113253.297,,113253.297,,113253.297,
1757404800000,,,,,,,,,,
1757419200000,,110743.703,,110743.703,,110743.703,,110743.703,,110743.703
1757433600000,,,,,,,,,,
1757448000000,111716.898,,,,,,,,,
1757462400000,,110879.602,,,,,,,,
1757476800000,,,,,,,,,,
1757491200000,,,,,,,,,,
1757505600000,114254,,114254,,,,,,,
1757520000000,,,,,,,,,,
1757534400000,,,,,,,,,,
1757548800000,,,,,,,,,,
1757563200000,114444.203,,,,,,,,,
1757577600000,,,,,,,,,,
1757592000000,114716.797,113364.102,,113364.102,,113364.102,,113364.102,,
1757606400000,,,,,,,,,,
1757620800000,,,,,,,,,,
1757635200000,116299.898,,116299.898,,116299.898,,,,,
1757649600000,,,,,,,,,,
1757664000000,,,,,,,,,,
1757678400000,,114750.102,,114750.102,,114750.102,,,,
1757692800000,116692.898,,116692.898,,116692.898,,116692.898,,116692.898,
1757707200000,,,,,,,,,,
1757721600000,,115605,,,,,,,,
1757736000000,,,,,,,,,,
1757750400000,116200,,,,,,,,,
1757764800000,,,,,,,,,,
1757779200000,,115033.102,,115033.102,,115033.102,,115033.102,,115033.102
1757793600000,,,,,,,,,,
1757808000000,116128.5,,,,,,,,,
1757822400000,,115469.102,,,,,,,,
1757836800000,116162.898,,116162.898,,116162.898,,116162.898,,,
1757851200000,,115201,,,,,,,,
1757865600000,,,,,,,,,,
1757880000000,116107.102,,,,,,,,,
1757894400000,,114813.297,,,,,,,,
1757908800000,116783.898,,116783.898,,116783.898,,116783.898,,116783.898,
1757923200000,,,,,,,,,,
1757937600000,,114400,,114400,,114400,,114400,,114400
1757952000000,,,,,,,,,,
1757966400000,115623.297,,,,,,,,,
1757980800000,,114932,,,,,,,,
1757995200000,116000,,116000,,,,,,,
1758009600000,,,,,,,,,,
1758024000000,,114705.297,,114705.297,,114705.297,,114705.297,,
1758038400000,,,,,,,,,,
1758052800000,,,,,,,,,,
1758067200000,,,,,,,,,,
1758081600000,117292.703,116148,117292.703,,117292.703,,117292.703,,,
1758096000000,,,,,,,,,,
1758110400000,,,,,,,,,,
1758124800000,,114625,,114625,,114625,,114625,,114625
1758139200000,,,,,,,,,,
1758153600000,117899.5,,117899.5,,117899.5,,,,,
1758168000000,,,,,,,,,,
1758182400000,,,,,,,,,,
1758196800000,,116976.703,,,,,,,,
1758211200000,117931.102,,117931.102,,117931.102,,117931.102,,117931.102,
1758225600000,,116632,,116632,,,,,,
1758240000000,,,,,,,,,,
1758254400000,,,,,,,,,,
1758268800000,,,,,,,,,,
1758283200000,,,,,,,,,,
1758297600000,,,,,,,,,,
1758312000000,,115111.102,,115111.102,,115111.102,,115111.102,,115111.102
1758326400000,,,,,,,,,,
1758340800000,115986,,,,,,,,,
1758355200000,,,,,,,,,,
1758369600000,116152.797,,116152.797,,116152.797,,116152.797,,116152.797,
1758384000000,,,,,,,,,,
1758398400000,,,,,,,,,,
1758412800000,,115469.5,,,,,,,,
1758427200000,,,,,,,,,,
1758441600000,115853.297,115341,115853.297,,,,,,,
1758456000000,,,,,,,,,,
1758470400000,,,,,,,,,,
1758484800000,,,,,,,,,,
1758499200000,,,,,,,,,,
1758513600000,,111643.203,,111643.203,,111643.203,,111643.203,,
1758528000000,,,,,,,,,,
1758542400000,113472.102,,,,,,,,,
1758556800000,,111969.203,,,,,,,,
1758571200000,112994.5,,,,,,,,,
1758585600000,,111471.203,,111471.203,,111471.203,,111471.203,,
1758600000000,,,,,,,,,,
1758614400000,,,,,,,,,,
1758628800000,113333,,113333,,113333,,113333,,113333,
1758643200000,,,,,,,,,,
1758657600000,,111439.797,,,,,,,,
1758672000000,,,,,,,,,,
1758686400000,,110920.703,,110920.703,,110920.703,,110920.703,,110920.703
1758700800000,,,,,,,,,,
1758715200000,,,,,,,,,,
1758729600000,113930.703,,113930.703,,113930.703,,113930.703,,113930.703,
1758744000000,,,,,,,,,,
1758758400000,,,,,,,,,,
1758772800000,,,,,,,,,,
1758787200000,,,,,,,,,,
1758801600000,,,,,,,,,,
1758816000000,,108624.898,,108624.898,,108624.898,,108624.898,,108624.898
1758830400000,,,,,,,,,,
1758844800000,109814.898,,,,,,,,,
1758859200000,,,,,,,,,,
1758873600000,,108627,,108627,,108627,,,,
1758888000000,,,,,,,,,,
1758902400000,110336.102,,110336.102,,110336.102,,110336.102,,110336.102,
1758916800000,,,,,,,,,,
1758931200000,109770.602,,,,,,,,,
1758945600000,,,,,,,,,,
1758960000000,,109085,,109085,,109085,,,,
1758974400000,109494.602,,,,,,,,,
1758988800000,,,,,,,,,,
1759003200000,,,,,,,,,,
1759017600000,109791.203,,109791.203,,,,,,,
1759032000000,,,,,,,,,,
1759046400000,,,,,,,,,,
1759060800000,,109210.102,,109210.102,,109210.102,,109210.102,,109210.102
1759075200000,,,,,,,,,,
1759089600000,112355.297,,112355.297,,,,,,,
1759104000000,,,,,,,,,,
1759118400000,,111542.102,,,,,,,,
1759132800000,,,,,,,,,,
1759147200000,,,,,,,,,,
1759161600000,,,,,,,,,,
1759176000000,,,,,,,,,,
1759190400000,114830,,114830,,114830,,114830,,114830,
1759204800000,,,,,,,,,,
1759219200000,,112694,,112694,,112694,,112694,,
1759233600000,,,,,,,,,,
1759248000000,,112810.5,,,,,,,,
1759262400000,114751.5,,114751.5,,,,,,,
1759276800000,,,,,,,,,,
1759291200000,,,,,,,,,,
1759305600000,,,,,,,,,,
1759320000000,,,,,,,,,,
1759334400000,,,,,,,,,,
1759348800000,,,,,,,,,,
1759363200000,119498.797,,119498.797,,,,,,,
1759377600000,,118284.203,,,,,,,,
1759392000000,,,,,,,,,,
1759406400000,,,,,,,,,,
1759420800000,121068,,121068,,121068,,121068,,,
1759435200000,,,,,,,,,,
1759449600000,,,,,,,,,,
1759464000000,,,,,,,,,,
1759478400000,,119255.602,,119255.602,,119255.602,,119255.602,,
1759492800000,,,,,,,,,,
1759507200000,123947,,123947,,123947,,123947,,123947,
1759521600000,,,,,,,,,,
1759536000000,,121730.703,,,,,,,,
1759550400000,122846.797,,122846.797,,,,,,,
1759564800000,,,,,,,,,,
1759579200000,,,,,,,,,,
1759593600000,,121561,,121561,,121561,,121561,,121561
1759608000000,,,,,,,,,,
1759622400000,,,,,,,,,,
1759636800000,125855.5,,125855.5,,125855.5,,125855.5,,125855.5,
1759651200000,,122478.398,,,,,,,,
1759665600000,,,,,,,,,,
1759680000000,,122344,,122344,,122344,,,,
1759694400000,,,,,,,,,,
1759708800000,124432.297,,,,,,,,,
1759723200000,,,,,,,,,,
1759737600000,,,,,,,,,,
1759752000000,,,,,,,,,,
1759766400000,126197.898,,126197.898,,126197.898,,126197.898,,126197.898,
1759780800000,,,,,,,,,,
1759795200000,,,,,,,,,,
1759809600000,,,,,,,,,,
1759824000000,,,,,,,,,,
1759838400000,125187,,125187,,125187,,,,,
1759852800000,,120655,,120655,,120655,,120655,,120655
1759867200000,122326.203,,,,,,,,,
1759881600000,,,,,,,,,,
1759896000000,,121097,,121097,,,,,,
1759910400000,,,,,,,,,,
1759924800000,,,,,,,,,,
1759939200000,124186.203,,124186.203,,124186.203,,124186.203,,124186.203,
1759953600000,,,,,,,,,,
1759968000000,,121425.898,,,,,,,,
1759982400000,,,,,,,,,,
1759996800000,,,,,,,,,,
1760011200000,123744.898,,123744.898,,123744.898,,123744.898,,,
1760025600000,,119673.398,,119673.398,,119673.398,,119673.398,,
1760040000000,,,,,,,,,,
1760054400000,121901.602,,121901.602,,,,,,,
1760068800000,,120873.398,,,,,,,,
1760083200000,,,,,,,,,,
1760097600000,122514.797,,122514.797,,122514.797,,122514.797,,122514.797,
1760112000000,,,,,,,,,,
1760126400000,,102157.297,,102157.297,,102157.297,,102157.297,,102157.297
1760140800000,,,,,,,,,,
1760155200000,,110102,,,,,,,,
1760169600000,,,,,,,,,,
1760184000000,112577.5,,,,,,,,,
1760198400000,,,,,,,,,,
1760212800000,,109615,,109615,,109615,,109615,,109615
1760227200000,,,,,,,,,,
1760241600000,112165.297,,,,,,,,,
1760256000000,,,,,,,,,,
1760270400000,,111154.297,,,,,,,,
1760284800000,,,,,,,,,,
1760299200000,,,,,,,,,,
1760313600000,116000.5,,116000.5,,116000.5,,116000.5,,116000.5,
1760328000000,,,,,,,,,,
1760342400000,,113654.703,,113654.703,,113654.703,,,,
1760356800000,,,,,,,,,,
1760371200000,115944.797,,115944.797,,115944.797,,,,,
1760385600000,,,,,,,,,,
1760400000000,,,,,,,,,,
1760414400000,,,,,,,,,,
1760428800000,,,,,,,,,,
1760443200000,,109902.102,,109902.102,,109902.102,,109902.102,,109902.102
1760457600000,,,,,,,,,,
1760472000000,,,,,,,,,,
1760486400000,113651.797,,113651.797,,113651.797,,113651.797,,,
1760500800000,,,,,,,,,,
1760515200000,113551.703,,,,,,,,,
1760529600000,,,,,,,,,,
1760544000000,,110168.602,,110168.602,,110168.602,,,,
1760558400000,,,,,,,,,,
1760572800000,111875.797,110351.102,111875.797,,,,,,,
1760587200000,,,,,,,,,,
1760601600000,,,,,,,,,,
1760616000000,111983.203,,111983.203,,111983.203,,111983.203,,111983.203,
1760630400000,,,,,,,,,,
1760644800000,,107413.297,,,,,,,,
1760659200000,109228.102,,,,,,,,,
1760673600000,,,,,,,,,,
1760688000000,,103448.602,,103448.602,,103448.602,,103448.602,,103448.602
1760702400000,,,,,,,,,,
1760716800000,107540.203,,107540.203,,,,,,,
1760731200000,,,,,,,,,,
1760745600000,,106306.102,,,,,,,,
1760760000000,107500,,107500,,,,,,,
1760774400000,,,,,,,,,,
1760788800000,107309.203,,,,,,,,,
1760803200000,,106467,,106467,,,,,,
1760817600000,,,,,,,,,,
1760832000000,107347.102,,,,,,,,,
1760846400000,,,,,,,,,,
1760860800000,,106075.203,,106075.203,,106075.203,,106075.203,,106075.203
1760875200000,,,,,,,,,,
1760889600000,109444.398,,,,,,,,,
1760904000000,,,,,,,,,,
1760918400000,,107400,,107400,,,,,,
1760932800000,,,,,,,,,,
1760947200000,,,,,,,,,,
1760961600000,111692.703,,111692.703,,111692.703,,111692.703,,111692.703,
1760976000000,,109841.898,,,,,,,,
1760990400000,,,,,,,,,,
1761004800000,,,,,,,,,,
1761019200000,,107459.398,,107459.398,,107459.398,,107459.398,,107459.398
1761033600000,,,,,,,,,,
1761048000000,,,,,,,,,,
1761062400000,114028.203,,114028.203,,114028.203,,114028.203,,114028.203,
1761076800000,,,,,,,,,,
1761091200000,,,,,,,,,,
1761105600000,,,,,,,,,,
1761120000000,,106677,,106677,,,,,,
1761134400000,109299.297,,109299.297,,109299.297,,,,,
1761148800000,,,,,,,,,,
1761163200000,,106633.602,,106633.602,,106633.602,,106633.602,,106633.602
1761177600000,,,,,,,,,,
1761192000000,110295.5,,110295.5,,,,,,,
1761206400000,,,,,,,,,,
1761220800000,,108651.703,,,,,,,,
1761235200000,111305.5,,111305.5,,,,,,,
1761249600000,,109212.297,,,,,,,,
1761264000000,,,,,,,,,,
1761278400000,111528.102,,,,,,,,,
1761292800000,,,,,,,,,,
1761307200000,112212.102,109658.297,112212.102,109658.297,112212.102,109658.297,112212.102,,112212.102,
1761321600000,,,,,,,,,,
1761336000000,,,,,,,,,,
1761350400000,,,,,,,,,,
1761364800000,,,,,,,,,,
1761379200000,,,,,,,,,,
1761393600000,111928.797,,111928.797,,111928.797,,111928.797,,,
1761408000000,,111126.102,,111126.102,,,,,,
1761422400000,,,,,,,,,,
1761436800000,111893.602,111213.5,,,,,,,,
1761451200000,,,,,,,,,,
1761465600000,,,,,,,,,,
1761480000000,114000,,,,,,,,,
1761494400000,,,,,,,,,,
1761508800000,115480,112816.5,,112816.5,,,,,,
1761523200000,,,,,,,,,,
1761537600000,116367.703,,116367.703,,116367.703,,116367.703,,116367.703,
1761552000000,,,,,,,,,,
1761566400000,,114416.398,,,,,,,,
1761580800000,115735.102,,115735.102,,,,,,,
1761595200000,,,,,,,,,,
1761609600000,,,,,,,,,,
1761624000000,,113371.398,,113371.398,,113371.398,,,,
1761638400000,,,,,,,,,,
1761652800000,116073.5,,116073.5,,116073.5,,116073.5,,116073.5,
1761667200000,,,,,,,,,,
1761681600000,,,,,,,,,,
1761696000000,,112014.898,,112014.898,,,,,,
1761710400000,,,,,,,,,,
1761724800000,,,,,,,,,,
1761739200000,113620.898,,113620.898,,113620.898,,,,,
1761753600000,,109138.398,,109138.398,,,,,,
1761768000000,,,,,,,,,,
1761782400000,,,,,,,,,,
1761796800000,111582.797,107879.602,,,,,,,,
1761811200000,,,,,,,,,,
1761825600000,,,,,,,,,,
1761840000000,,106222.203,,106222.203,,106222.203,,106222.203,,106222.203
1761854400000,,,,,,,,,,
1761868800000,,,,,,,,,,
1761883200000,,,,,,,,,,
1761897600000,,,,,,,,,,
1761912000000,111105.398,,111105.398,,111105.398,,111105.398,,111105.398,
1761926400000,,108518.5,,108518.5,,108518.5,,,,
1761940800000,,,,,,,,,,
1761955200000,,,,,,,,,,
1761969600000,110455,,110455,,110455,,,,,
1761984000000,,,,,,,,,,
1761998400000,,109628.898,,109628.898,,,,,,
1762012800000,110449.703,,110449.703,,,,,,,
1762027200000,,109777.898,,,,,,,,
1762041600000,,,,,,,,,,
1762056000000,,,,,,,,,,
1762070400000,,,,,,,,,,
1762084800000,111167,,111167,,111167,,111167,,111167,
1762099200000,,,,,,,,,,
1762113600000,,,,,,,,,,
1762128000000,110704.703,,110704.703,,,,,,,
1762142400000,,,,,,,,,,
1762156800000,,,,,,,,,,
1762171200000,108304.898,,108304.898,,,,,,,
1762185600000,,105223.797,,105223.797,,,,,,
1762200000000,,,,,,,,,,
1762214400000,107224.398,,,,,,,,,
1762228800000,,,,,,,,,,
1762243200000,,,,,,,,,,
1762257600000,104768.297,,,,,,,,,
1762272000000,,,,,,,,,,
1762286400000,,98825,,98825,,98825,,98825,,98825
1762300800000,,,,,,,,,,
1762315200000,102302.898,,,,,,,,,
1762329600000,,101121.102,,,,,,,,
1762344000000,,,,,,,,,,
1762358400000,104495.898,,104495.898,,104495.898,,104495.898,,104495.898,
1762372800000,,,,,,,,,,
1762387200000,,102672.297,,,,,,,,
1762401600000,104150,,,,,,,,,
1762416000000,,,,,,,,,,
1762430400000,103578,,,,,,,,,
1762444800000,,100176,,100176,,100176,,,,
1762459200000,,,,,,,,,,
1762473600000,,,,,,,,,,
1762488000000,102437.5,,102437.5,,,,,,,
1762502400000,,,,,,,,,,
1762516800000,,99160.2969,,99160.2969,,99160.2969,,99160.2969,,99160.2969
1762531200000,,,,,,,,,,
1762545600000,104034.797,,104034.797,,104034.797,,104034.797,,104034.797,
1762560000000,,,,,,,,,,
1762574400000,,,,,,,,,,
1762588800000,,,,,,,,,,
1762603200000,,101379.703,,101379.703,,,,,,
1762617600000,,,,,,,,,,
1762632000000,102425,,102425,,,,,,,
1762646400000,,101298,,101298,,101298,,101298,,101298
1762660800000,,,,,,,,,,
1762675200000,,101439,,,,,,,,
1762689600000,,,,,,,,,,
1762704000000,,,,,,,,,,
1762718400000,,,,,,,,,,
1762732800000,106632.602,,106632.602,,106632.602,,106632.602,,106632.602,
1762747200000,,,,,,,,,,
1762761600000,106550.797,,,,,,,,,
1762776000000,,104600,,104600,,,,,,
1762790400000,,,,,,,,,,
1762804800000,,,,,,,,,,
1762819200000,107453.797,,107453.797,,107453.797,,107453.797,,107453.797,
1762833600000,,104685.297,,,,,,,,
1762848000000,,,,,,,,,,
1762862400000,,,,,,,,,,
1762876800000,,,,,,,,,,
1762891200000,,102413,,102413,,102413,,,,
1762905600000,,,,,,,,,,
1762920000000,,,,,,,,,,
1762934400000,,,,,,,,,,
1762948800000,105272.797,,105272.797,,105272.797,,105272.797,,105272.797,
1762963200000,,100710.5,,100710.5,,100710.5,,100710.5,,100710.5
1762977600000,,,,,,,,,,
1762992000000,,100856,,,,,,,,
1763006400000,103994.703,,103994.703,,103994.703,,,,,
1763020800000,,,,,,,,,,
1763035200000,,,,,,,,,,
1763049600000,,,,,,,,,,
1763064000000,,97869.8984,,,,,,,,
1763078400000,,,,,,,,,,
1763092800000,,,,,,,,,,
1763107200000,,,,,,,,,,
1763121600000,,94405.1016,,,,,,,,
1763136000000,97320.6016,,,,,,,,,
1763150400000,,93880.1016,,93880.1016,,93880.1016,,93880.1016,,93880.1016
1763164800000,96700,,,,,,,,,
1763179200000,,,,,,,,,,
1763193600000,,,,,,,,,,
1763208000000,96383.2031,95452.2031,,,,,,,,
1763222400000,,,,,,,,,,
1763236800000,,,,,,,,,,
1763251200000,,94747.5,,94747.5,,,,,,
1763265600000,,,,,,,,,,
1763280000000,96527.7031,,96527.7031,,96527.7031,,96527.7031,,96527.7031,
1763294400000,,,,,,,,,,
1763308800000,,,,,,,,,,
1763323200000,,92803.6016,,92803.6016,,92803.6016,,92803.6016,,
1763337600000,,,,,,,,,,
1763352000000,,,,,,,,,,
1763366400000,,,,,,,,,,
1763380800000,95938.3984,,95938.3984,,95938.3984,,95938.3984,,95938.3984,
1763395200000,,,,,,,,,,
1763409600000,,,,,,,,,,
1763424000000,,,,,,,,,,
1763438400000,,89125.2031,,89125.2031,,89125.2031,,89125.2031,,89125.2031
1763452800000,,,,,,,,,,
1763467200000,,,,,,,,,,
1763481600000,93738.6016,,93738.6016,,93738.6016,,93738.6016,,93738.6016,
1763496000000,,,,,,,,,,
1763510400000,,,,,,,,,,
1763524800000,,89889,,,,,,,,
1763539200000,,,,,,,,,,
1763553600000,92288,,92288,,,,,,,
1763568000000,,,,,,,,,,
1763582400000,,88455.3984,,88455.3984,,88455.3984,,88455.3984,,
1763596800000,,,,,,,,,,
1763611200000,93050.2031,,93050.2031,,93050.2031,,93050.2031,,93050.2031,
1763625600000,,,,,,,,,,
1763640000000,92418.2969,,,,,,,,,
1763654400000,,85951,,,,,,,,
1763668800000,,,,,,,,,,
1763683200000,,,,,,,,,,
1763697600000,,81171.7969,,,,,,,,
1763712000000,,,,,,,,,,
1763726400000,,80500,,80500,,80500,,80500,,80500
1763740800000,85441.2969,,,,,,,,,
1763755200000,,,,,,,,,,
1763769600000,85523.2031,,85523.2031,,85523.2031,,85523.2031,,,
1763784000000,,,,,,,,,,
1763798400000,,83402.7031,,83402.7031,,,,,,
1763812800000,,,,,,,,,,
1763827200000,,,,,,,,,,
1763841600000,,,,,,,,,,
1763856000000,,,,,,,,,,
1763870400000,86801,,,,,,,,,
1763884800000,,,,,,,,,,
1763899200000,,,,,,,,,,
1763913600000,,,,,,,,,,
1763928000000,88061,,88061,,88061,,88061,,,
1763942400000,,85891.8984,,,,,,,,
1763956800000,,,,,,,,,,
1763971200000,,,,,,,,,,
1763985600000,,85200,,85200,,85200,,85200,,85200
1764000000000,,,,,,,,,,
1764014400000,89144.8984,,89144.8984,,89144.8984,,89144.8984,,89144.8984,
1764028800000,,,,,,,,,,
1764043200000,88460,,,,,,,,,
1764057600000,,,,,,,,,,
1764072000000,,86045.2031,,86045.2031,,86045.2031,,86045.2031,,86045.2031
1764086400000,88067.6016,,,,,,,,,
1764100800000,,,,,,,,,,
1764115200000,88154.8984,,88154.8984,,88154.8984,,,,,
1764129600000,,,,,,,,,,
1764144000000,,,,,,,,,,
1764158400000,,86238.2969,,86238.2969,,86238.2969,,86238.2969,,
1764172800000,,,,,,,,,,
1764187200000,,,,,,,,,,
1764201600000,91822,,,,,,,,,
1764216000000,,,,,,,,,,
1764230400000,91907.8984,,91907.8984,,91907.8984,,91907.8984,,91907.8984,
1764244800000,,90389.2969,,90389.2969,,,,,,
1764259200000,91785,,,,,,,,,
1764273600000,,,,,,,,,,
1764288000000,,90598.5,,90598.5,,,,,,
1764302400000,,,,,,,,,,
1764316800000,,,,,,,,,,
1764331200000,93077.2031,,93077.2031,,93077.2031,,93077.2031,,93077.2031,
1764345600000,,90185.2031,,90185.2031,,90185.2031,,90185.2031,,90185.2031
1764360000000,,,,,,,,,,
1764374400000,,,,,,,,,,
1764388800000,,90295.2969,,90295.2969,,,,,,
1764403200000,,,,,,,,,,
1764417600000,,,,,,,,,,
1764432000000,91160.2031,90139.5,91160.2031,90139.5,91160.2031,90139.5,,90139.5,,90139.5
1764446400000,,,,,,,,,,
1764460800000,,,,,,,,,,
1764475200000,,,,,,,,,,
1764489600000,,,,,,,,,,
1764504000000,91950,,91950,,91950,,91950,,91950,
1764518400000,,,,,,,,,,
1764532800000,,,,,,,,,,
1764547200000,,,,,,,,,,
1764561600000,,85580,,,,,,,,
1764576000000,86896.2031,,,,,,,,,
1764590400000,,83755,,83755,,83755,,83755,,83755
1764604800000,,,,,,,,,,
1764619200000,,,,,,,,,,
1764633600000,87281.5,,,,,,,,,
1764648000000,,,,,,,,,,
1764662400000,,86307.7969,,,,,,,,
1764676800000,,,,,,,,,,
1764691200000,92293.2969,,,,,,,,,
1764705600000,,,,,,,,,,
1764720000000,,,,,,,,,,
1764734400000,93945,,93945,,93945,,,,,
1764748800000,,,,,,,,,,
1764763200000,93680.7031,91633,,91633,,,,,,
1764777600000,,,,,,,,,,
1764792000000,94200,,94200,,94200,,94200,,94200,
1764806400000,,92660,,,,,,,,
1764820800000,,,,,,,,,,
1764835200000,93610.8984,,,,,,,,,
1764849600000,,,,,,,,,,
1764864000000,,90849.7969,,90849.7969,,90849.7969,,90849.7969,,
1764878400000,,,,,,,,,,
1764892800000,,,,,,,,,,
1764907200000,,,,,,,,,,
1764921600000,,,,,,,,,,
1764936000000,,,,,,,,,,
1764950400000,,88000,,88000,,88000,,88000,,88000
1764964800000,,,,,,,,,,
1764979200000,89773.3984,,,,,,,,,
1764993600000,,,,,,,,,,
1765008000000,,89186,,,,,,,,
1765022400000,90258.8984,,90258.8984,,90258.8984,,90258.8984,,,
1765036800000,,,,,,,,,,
1765051200000,,88892.7031,,88892.7031,,88892.7031,,,,
1765065600000,,,,,,,,,,
1765080000000,89778.3984,,89778.3984,,,,,,,
1765094400000,,,,,,,,,,
1765108800000,,87688.7969,,87688.7969,,87688.7969,,87688.7969,,87688.7969
1765123200000,91747.3984,,91747.3984,,,,,,,
1765137600000,,88954.7969,,,,,,,,
1765152000000,,,,,,,,,,
1765166400000,,,,,,,,,,
1765180800000,92306.2031,,92306.2031,,92306.2031,,92306.2031,,92306.2031,
1765195200000,,89558.3984,,89558.3984,,89558.3984,,,,
1765209600000,,,,,,,,,,
1765224000000,91349.5,,,,,,,,,
1765238400000,,,,,,,,,,
1765252800000,,89469,,89469,,89469,,89469,,89469
1765267200000,,,,,,,,,,
1765281600000,,,,,,,,,,
1765296000000,94562.2969,,94562.2969,,94562.2969,,94562.2969,,94562.2969,
1765310400000,,,,,,,,,,
1765324800000,,91932.8984,,,,,,,,
1765339200000,,,,,,,,,,
1765353600000,93249.2969,,93249.2969,,,,,,,
1765368000000,,91527.8984,,91527.8984,,,,,,
1765382400000,,,,,,,,,,
1765396800000,94460.2969,,94460.2969,,94460.2969,,94460.2969,,94460.2969,
1765411200000,,89372.5,,89372.5,,,,,,
1765425600000,,,,,,,,,,
1765440000000,,,,,,,,,,
1765454400000,,89211.2031,,89211.2031,,89211.2031,,89211.2031,,89211.2031
1765468800000,,,,,,,,,,
1765483200000,93539.3984,,93539.3984,,93539.3984,,93539.3984,,93539.3984,
1765497600000,,,,,,,,,,
1765512000000,,,,,,,,,,
1765526400000,,,,,,,,,,
1765540800000,92644.2969,,,,,,,,,
1765555200000,,89447.3984,,89447.3984,,89447.3984,,89447.3984,,89447.3984
1765569600000,,,,,,,,,,
1765584000000,90442.7031,,,,,,,,,
1765598400000,,,,,,,,,,
1765612800000,90599.1016,,90599.1016,,90599.1016,,,,,
1765627200000,,89890.6016,,,,,,,,
1765641600000,,,,,,,,,,
1765656000000,,89740.2031,,89740.2031,,,,,,
1765670400000,90458.1016,,90458.1016,,90458.1016,,,,,
1765684800000,,,,,,,,,,
1765699200000,,88600.1016,,,,,,,,
1765713600000,,,,,,,,,,
1765728000000,,,,,,,,,,
1765742400000,,87501.7969,,87501.7969,,87501.7969,,,,
1765756800000,89998.1016,,89998.1016,,89998.1016,,,,,
1765771200000,,,,,,,,,,
1765785600000,89953,,,,,,,,,
1765800000000,,,,,,,,,,
1765814400000,,85111.7969,,85111.7969,,85111.7969,,85111.7969,,85111.7969
1765828800000,,,,,,,,,,
1765843200000,,,,,,,,,,
1765857600000,,85200,,85200,,,,,,
1765872000000,,,,,,,,,,
1765886400000,88141.8984,,88141.8984,,88141.8984,,88141.8984,,88141.8984,
1765900800000,,,,,,,,,,
1765915200000,,,,,,,,,,
1765929600000,87892.2031,,,,,,,,,
1765944000000,,86150.7969,,86150.7969,,,,,,
1765958400000,,,,,,,,,,
1765972800000,90357,,90357,,90357,,90357,,90357,
1765987200000,,85242.3984,,85242.3984,,85242.3984,,85242.3984,,85242.3984
1766001600000,,,,,,,,,,
1766016000000,,,,,,,,,,
1766030400000,,,,,,,,,,
1766044800000,,,,,,,,,,
1766059200000,89413.5,,89413.5,,89413.5,,89413.5,,89413.5,
1766073600000,,,,,,,,,,
1766088000000,,84366.5,,84366.5,,84366.5,,84366.5,,84366.5
1766102400000,,,,,,,,,,
1766116800000,88342.1016,,,,,,,,,
1766131200000,,,,,,,,,,
1766145600000,89328.5,,89328.5,,89328.5,,89328.5,,89328.5,
1766160000000,,86769.1016,,86769.1016,,,,,,
1766174400000,,,,,,,,,,
1766188800000,,,,,,,,,,
1766203200000,88519.2031,,88519.2031,,,,,,,
1766217600000,,,,,,,,,,
1766232000000,,87689.5,,87689.5,,87689.5,,,,
1766246400000,,,,,,,,,,
1766260800000,88376.5,,88376.5,,,,,,,
1766275200000,,87808.2031,,87808.2031,,,,,,
1766289600000,,,,,,,,,,
1766304000000,89017.7031,,89017.7031,,89017.7031,,,,,
1766318400000,,87522.7969,,87522.7969,,87522.7969,,87522.7969,,87522.7969
1766332800000,,,,,,,,,,
1766347200000,,,,,,,,,,
1766361600000,89586.1016,87822.2969,,87822.2969,,,,,,
1766376000000,,,,,,,,,,
1766390400000,,,,,,,,,,
1766404800000,90550,,90550,,90550,,90550,,90550,
1766419200000,,,,,,,,,,
1766433600000,,,,,,,,,,
1766448000000,88861,,,,,,,,,
1766462400000,,86934.7031,,,,,,,,
1766476800000,,,,,,,,,,
1766491200000,,86506.3984,,86506.3984,,86506.3984,,86506.3984,,86506.3984
1766505600000,,,,,,,,,,
1766520000000,88290,,88290,,88290,,,,,
1766534400000,,,,,,,,,,
1766548800000,,,,,,,,,,
1766563200000,,,,,,,,,,
1766577600000,,86326.6016,,86326.6016,,86326.6016,,86326.6016,,86326.6016
1766592000000,,,,,,,,,,
1766606400000,87982.5,,87982.5,,87982.5,,,,,
1766620800000,,,,,,,,,,
1766635200000,,,,,,,,,,
1766649600000,,87157.3984,,87157.3984,,,,,,
1766664000000,88515.2031,,88515.2031,,,,,,,
1766678400000,,,,,,,,,,
1766692800000,,,,,,,,,,
1766707200000,,86771.7031,,86771.7031,,,,,,
1766721600000,89465.5,,89465.5,,89465.5,,89465.5,,89465.5,
1766736000000,,,,,,,,,,
1766750400000,88968.7969,86551.5,,86551.5,,86551.5,,86551.5,,86551.5
1766764800000,,,,,,,,,,
1766779200000,87683,,,,,,,,,
1766793600000,,87137.1016,,,,,,,,
1766808000000,87600,,,,,,,,,
1766822400000,,,,,,,,,,
1766836800000,,87213.1016,,87213.1016,,,,,,
1766851200000,,,,,,,,,,
1766865600000,87891.2969,,87891.2969,,,,,,,
1766880000000,,,,,,,,,,
1766894400000,,87522.3984,,,,,,,,
1766908800000,,,,,,,,,,
1766923200000,88012.2969,,88012.2969,,,,,,,
1766937600000,,,,,,,,,,
1766952000000,,87345.1016,,87345.1016,,87345.1016,,,,
1766966400000,,,,,,,,,,
1766980800000,90319,,90319,,90319,,90319,,90319,
1766995200000,,,,,,,,,,
1767009600000,,86686,,86686,,86686,,86686,,86686
1767024000000,,,,,,,,,,
1767038400000,,,,,,,,,,
1767052800000,,86688,,86688,,,,,,
1767067200000,,,,,,,,,,
1767081600000,,,,,,,,,,
1767096000000,,,,,,,,,,
1767110400000,89299.8984,,89299.8984,,89299.8984,,89299.8984,,89299.8984,
1767124800000,,87732.1016,,,,,,,,
1767139200000,88705.2969,,,,,,,,,
1767153600000,,,,,,,,,,
1767168000000,,,,,,,,,,
1767182400000,89085.8984,,89085.8984,,89085.8984,,89085.8984,,,
1767196800000,,,,,,,,,,
1767211200000,,87071.7969,,87071.7969,,87071.7969,,87071.7969,,87071.7969
1767225600000,87930.3984,,87930.3984,,,,,,,
1767240000000,,87395.2969,,,,,,,,
1767254400000,,,,,,,,,,
1767268800000,,,,,,,,,,
1767283200000,,,,,,,,,,
1767297600000,,,,,,,,,,
1767312000000,89000,,,,,,,,,
1767326400000,,,,,,,,,,
1767340800000,,,,,,,,,,
1767355200000,,88338.7031,,88338.7031,,,,,,
1767369600000,90894.2969,,90894.2969,,90894.2969,,90894.2969,,90894.2969,
1767384000000,,,,,,,,,,
1767398400000,,,,,,,,,,
1767412800000,90405.2031,89245.7031,90405.2031,89245.7031,,,,,,
1767427200000,,,,,,,,,,
1767441600000,90165.8984,,,,,,,,,
1767456000000,,,,,,,,,,
1767470400000,,,,,,,,,,
1767484800000,,,,,,,,,,
1767499200000,91757.5,,91757.5,,91757.5,,91757.5,,,
1767513600000,,,,,,,,,,
1767528000000,,,,,,,,,,
1767542400000,,90738.1016,,90738.1016,,90738.1016,,,,
1767556800000,,,,,,,,,,
1767571200000,93323.5,,93323.5,,,,,,,
1767585600000,,,,,,,,,,
1767600000000,,,,,,,,,,
1767614400000,,,,,,,,,,
1767628800000,,,,,,,,,,
1767643200000,94785.2031,,94785.2031,,94785.2031,,94785.2031,,94785.2031,
1767657600000,,,,,,,,,,
1767672000000,,93058.8984,,93058.8984,,,,,,
1767686400000,,,,,,,,,,
1767700800000,94391,,94391,,94391,,,,,
1767715200000,,91202.2969,,91202.2969,,91202.2969,,91202.2969,,
1767729600000,93771.1016,,,,,,,,,
1767744000000,,,,,,,,,,
1767758400000,,,,,,,,,,
1767772800000,92895.3984,,,,,,,,,
1767787200000,,,,,,,,,,
1767801600000,,90459.7969,,90459.7969,,,,,,
1767816000000,,,,,,,,,,
1767830400000,91571.7031,,,,,,,,,
1767844800000,,89500,,,,,,,,
1767859200000,,,,,,,,,,
1767873600000,,89164.1016,,89164.1016,,89164.1016,,89164.1016,,89164.1016
1767888000000,,,,,,,,,,
1767902400000,,,,,,,,,,
1767916800000,91513.7031,,91513.7031,,,,,,,
1767931200000,,,,,,,,,,
1767945600000,,89565.2969,,89565.2969,,89565.2969,,89565.2969,,
1767960000000,91897.3984,,91897.3984,,91897.3984,,91897.3984,,91897.3984,
1767974400000,,,,,,,,,,
1767988800000,,89984,,,,,,,,
1768003200000,90639.8984,,,,,,,,,
1768017600000,,90266.6016,,,,,,,,
1768032000000,90699.8984,,90699.8984,,90699.8984,,,,,
1768046400000,,,,,,,,,,
1768060800000,,,,,,,,,,
1768075200000,,90251,,90251,,90251,,90251,,90251
1768089600000,,,,,,,,,,
1768104000000,90724.8984,,,,,,,,,
1768118400000,,,,,,,,,,
1768132800000,,,,,,,,,,
1768147200000,91128.1016,,,,,,,,,
1768161600000,,90070.2031,,90070.2031,,90070.2031,,,,
1768176000000,92386.8984,,92386.8984,,92386.8984,,92386.8984,,92386.8984,
1768190400000,,,,,,,,,,
1768204800000,,,,,,,,,,
1768219200000,,90000,,90000,,90000,,90000,,90000
1768233600000,92216,,92216,,92216,,,,,
1768248000000,,90824.5,,,,,,,,
1768262400000,,,,,,,,,,
1768276800000,,,,,,,,,,
1768291200000,,,,,,,,,,
1768305600000,,91637.6016,,,,,,,,
1768320000000,,,,,,,,,,
1768334400000,96717.2969,,96717.2969,,96717.2969,,,,,
1768348800000,,,,,,,,,,
1768363200000,95730.8984,94438.5,,,,,,,,
1768377600000,,,,,,,,,,
1768392000000,,94544.3984,,,,,,,,
1768406400000,,,,,,,,,,
1768420800000,97882,,97882,,97882,,97882,,97882,
1768435200000,,95710.1016,,95710.1016,,,,,,
1768449600000,,,,,,,,,,
1768464000000,97146.1016,,97146.1016,,,,,,,
1768478400000,,,,,,,,,,
1768492800000,,,,,,,,,,
1768507200000,,95043.2031,,95043.2031,,95043.2031,,,,
1768521600000,,,,,,,,,,
1768536000000,,95070.2969,,,,,,,,
1768550400000,95785.1016,,95785.1016,,,,,,,
1768564800000,,94202.3984,,94202.3984,,94202.3984,,94202.3984,,94202.3984
1768579200000,,,,,,,,,,
1768593600000,95511.8984,,,,,,,,,
1768608000000,,,,,,,,,,
1768622400000,,,,,,,,,,
1768636800000,,94939,,94939,,,,,,
1768651200000,95568.8984,,95568.8984,,95568.8984,,95568.8984,,95568.8984,
1768665600000,,,,,,,,,,
1768680000000,,,,,,,,,,
1768694400000,,94790,,94790,,94790,,94790,,
1768708800000,,,,,,,,,,
1768723200000,,,,,,,,,,
1768737600000,,94816,,,,,,,,
1768752000000,95453.1016,,95453.1016,,95453.1016,,95453.1016,,95453.1016,
1768766400000,,,,,,,,,,
1768780800000,,91806.7969,,91806.7969,,91806.7969,,91806.7969,,91806.7969
1768795200000,,,,,,,,,,
1768809600000,93276.6016,,,,,,,,,
1768824000000,,,,,,,,,,
1768838400000,93334.7031,,93334.7031,,93334.7031,,,,,
1768852800000,,92061.2031,,,,,,,,
1768867200000,,,,,,,,,,
1768881600000,,,,,,,,,,
1768896000000,,,,,,,,,,
1768910400000,,,,,,,,,,
1768924800000,,,,,,,,,,
1768939200000,,87664.1016,,87664.1016,,87664.1016,,87664.1016,,
1768953600000,,,,,,,,,,
1768968000000,89982,,,,,,,,,
1768982400000,,,,,,,,,,
1768996800000,90469.2031,,90469.2031,,90469.2031,,90469.2031,,,
1769011200000,,87149.2031,,87149.2031,,87149.2031,,87149.2031,,87149.2031
1769025600000,,,,,,,,,,
1769040000000,,,,,,,,,,
1769054400000,,,,,,,,,,
1769068800000,,,,,,,,,,
1769083200000,90245.5,88373.8984,90245.5,88373.8984,,88373.8984,,88373.8984,,
1769097600000,,,,,,,,,,
1769112000000,,,,,,,,,,
1769126400000,,,,,,,,,,
1769140800000,89980.5,,89980.5,,,,,,,
1769155200000,,,,,,,,,,
1769169600000,,88396,,88396,,88396,,88396,,88396
1769184000000,91090.2031,,91090.2031,,91090.2031,,91090.2031,,91090.2031,
1769198400000,,89052.7969,,,,,,,,
1769212800000,,,,,,,,,,
1769227200000,,,,,,,,,,
1769241600000,,,,,,,,,,
1769256000000,,,,,,,,,,
1769270400000,,88966.6016,,,,,,,,
1769284800000,89338.2969,,,,,,,,,
1769299200000,,,,,,,,,,
1769313600000,,,,,,,,,,
1769328000000,,87963.7969,,,,,,,,
1769342400000,88839.2969,,,,,,,,,
1769356800000,,,,,,,,,,
1769371200000,,85945.8984,,85945.8984,,85945.8984,,85945.8984,,85945.8984
1769385600000,,,,,,,,,,
1769400000000,,,,,,,,,,
1769414400000,,,,,,,,,,
1769428800000,88722.7969,,88722.7969,,,,,,,
1769443200000,,86900.7969,,86900.7969,,86900.7969,,,,
1769457600000,,,,,,,,,,
1769472000000,,,,,,,,,,
1769486400000,88873.5,,88873.5,,88873.5,,,,,
1769500800000,,,,,,,,,,
1769515200000,,,,,,,,,,
1769529600000,,87171,,87171,,87171,,87171,,87171
1769544000000,89389,,89389,,,,,,,
1769558400000,,,,,,,,,,
1769572800000,,88685,,,,,,,,
1769587200000,,,,,,,,,,
1769601600000,,,,,,,,,,
1769616000000,90446.3984,,90446.3984,,90446.3984,,90446.3984,,90446.3984,
1769630400000,,,,,,,,,,
1769644800000,,87531,,87531,,,,,,
1769659200000,,,,,,,,,,
1769673600000,88332,,,,,,,,,
1769688000000,,,,,,,,,,
1769702400000,,83186.1016,,,,,,,,
1769716800000,,,,,,,,,,
1769731200000,84556.1016,80843.6016,,80843.6016,,80843.6016,,80843.6016,,80843.6016
1769745600000,,,,,,,,,,
1769760000000,,,,,,,,,,
1769774400000,,,,,,,,,,
1769788800000,84509.7969,81715.7031,84509.7969,81715.7031,84509.7969,81715.7031,,,,
1769803200000,,,,,,,,,,
1769817600000,,,,,,,,,,
1769832000000,,,,,,,,,,
1769846400000,,,,,,,,,,
1769860800000,,,,,,,,,,
1769875200000,,75520.3984,,75520.3984,,75520.3984,,75520.3984,,75520.3984
1769889600000,,,,,,,,,,
1769904000000,79300,,,,,,,,,
1769918400000,,77846.8984,,,,,,,,
1769932800000,79110.5,,,,,,,,,
1769947200000,,76676.3984,,,,,,,,
1769961600000,,,,,,,,,,
1769976000000,,,,,,,,,,
1769990400000,78039.7031,74485.2031,,74485.2031,,74485.2031,,74485.2031,,74485.2031
1770004800000,,,,,,,,,,
1770019200000,,,,,,,,,,
1770033600000,79343,,79343,,79343,,79343,,79343,
1770048000000,,,,,,,,,,
1770062400000,,,,,,,,,,
1770076800000,79102.1016,77546.7969,,77546.7969,,,,,,
1770091200000,,,,,,,,,,
1770105600000,78978.3984,,,,,,,,,
1770120000000,,,,,,,,,,
1770134400000,,72835.7969,,72835.7969,,72835.7969,,72835.7969,,72835.7969
1770148800000,,,,,,,,,,
1770163200000,76849.2969,,,,,,,,,
1770177600000,,,,,,,,,,
1770192000000,,,,,,,,,,
1770206400000,,,,,,,,,,
1770220800000,,,,,,,,,,
1770235200000,,,,,,,,,,
1770249600000,,,,,,,,,,
1770264000000,,,,,,,,,,
1770278400000,71797.7031,,,,,,,,,
1770292800000,,,,,,,,,,
1770307200000,,,,,,,,,,
1770321600000,,,,,,,,,,
1770336000000,,59815.3984,,59815.3984,,59815.3984,,59815.3984,,59815.3984
1770350400000,66710,,,,,,,,,
1770364800000,,,,,,,,,,
1770379200000,,,,,,,,,,
1770393600000,,,,,,,,,,
1770408000000,71658,,71658,,71658,,71658,,71658,
1770422400000,,,,,,,,,,
1770436800000,71617.6016,67263,,67263,,67263,,,,
1770451200000,,,,,,,,,,
1770465600000,69934.2031,,,,,,,,,
1770480000000,,,,,,,,,,
1770494400000,,,,,,,,,,
1770508800000,,,,,,,,,,
1770523200000,,,,,,,,,,
1770537600000,,,,,,,,,,
1770552000000,71461,,,,,,,,,
1770566400000,,,,,,,,,,
1770580800000,72237.6016,69894.3984,72237.6016,69894.3984,72237.6016,,72237.6016,,72237.6016,
1770595200000,,,,,,,,,,
1770609600000,,,,,,,,,,
1770624000000,,,,,,,,,,
1770638400000,,68183,,68183,,68183,,68183,,68183
1770652800000,,,,,,,,,,
1770667200000,71050,,71050,,71050,,,,,
1770681600000,,,,,,,,,,
1770696000000,,,,,,,,,,
1770710400000,,,,,,,,,,
1770724800000,,67803,,67803,,67803,,,,
1770739200000,69926.2969,,69926.2969,,69926.2969,,,,,
1770753600000,,,,,,,,,,
1770768000000,69227.6016,,,,,,,,,
1770782400000,,,,,,,,,,
1770796800000,,,,,,,,,,
1770811200000,68762.1016,65679.3984,68762.1016,65679.3984,,65679.3984,,65679.3984,,65679.3984
1770825600000,,,,,,,,,,
1770840000000,68250.3984,,,,,,,,,
1770854400000,,,,,,,,,,
1770868800000,,66552.6016,,66552.6016,,,,,,
1770883200000,,,,,,,,,,
1770897600000,68349.5,,68349.5,,68349.5,,68349.5,,68349.5,
1770912000000,,65036.3008,,65036.3008,,65036.3008,,65036.3008,,65036.3008
1770926400000,,,,,,,,,,
1770940800000,66729.5,,,,,,,,,
1770955200000,,,,,,,,,,
1770969600000,,,,,,,,,,
1770984000000,,,,,,,,,,
1770998400000,69397.6016,,69397.6016,,69397.6016,,,,,
1771012800000,,,,,,,,,,
1771027200000,,,,,,,,,,
1771041600000,,68663.2969,,,,,,,,
1771056000000,70513,,70513,,70513,,70513,,,
1771070400000,,69134.6016,,,,,,,,
1771084800000,,,,,,,,,,
1771099200000,70183.2969,,,,,,,,,
1771113600000,,69180.7969,,69180.7969,,,,,,
1771128000000,,,,,,,,,,
1771142400000,70916.1016,,70916.1016,,70916.1016,,70916.1016,,70916.1016,
1771156800000,,,,,,,,,,
1771171200000,,68015.5,,68015.5,,68015.5,,68015.5,,
1771185600000,,,,,,,,,,
1771200000000,,,,,,,,,,
1771214400000,,,,,,,,,,
1771228800000,,,,,,,,,,
1771243200000,70078.7031,67212.1016,70078.7031,67212.1016,70078.7031,67212.1016,70078.7031,67212.1016,70078.7031,67212.1016
1771257600000,,,,,,,,,,
1771272000000,,,,,,,,,,
1771286400000,69179.8984,,69179.8984,,,,,,,
1771300800000,,,,,,,,,,
1771315200000,,,,,,,,,,
1771329600000,,66556.1016,,66556.1016,,66556.1016,,66556.1016,,66556.1016
1771344000000,,,,,,,,,,
1771358400000,,,,,,,,,,
1771372800000,,66826.3984,,,,,,,,
1771387200000,,,,,,,,,,
1771401600000,68406.2969,,68406.2969,,68406.2969,,68406.2969,,68406.2969,
1771416000000,,,,,,,,,,
1771430400000,,65791.7969,,65791.7969,,65791.7969,,65791.7969,,
1771444800000,,,,,,,,,,
1771459200000,,,,,,,,,,
1771473600000,67283.5,,67283.5,,,,,,,
1771488000000,,,,,,,,,,
1771502400000,,65560.5,,65560.5,,65560.5,,65560.5,,65560.5
1771516800000,67160,,,,,,,,,
1771531200000,,,,,,,,,,
1771545600000,,,,,,,,,,
1771560000000,,,,,,,,,,
1771574400000,68256,,68256,,68256,,68256,,68256,
1771588800000,,66402.2031,,66402.2031,,66402.2031,,66402.2031,,
1771603200000,,,,,,,,,,
1771617600000,68192,,68192,,,,,,,
1771632000000,,,,,,,,,,
1771646400000,,,,,,,,,,
1771660800000,,,,,,,,,,
1771675200000,68659.7969,,68659.7969,,68659.7969,,68659.7969,,68659.7969,
1771689600000,,,,,,,,,,
1771704000000,,,,,,,,,,
1771718400000,,67744.2969,,67744.2969,,,,,,
1771732800000,,,,,,,,,,
1771747200000,68199.5,,68199.5,,,,,,,
1771761600000,,,,,,,,,,
1771776000000,,67124,,,,,,,,
1771790400000,67682.1016,,,,,,,,,
1771804800000,,64221.3008,,64221.3008,,64221.3008,,,,
1771819200000,,,,,,,,,,
1771833600000,66548.2969,,,,,,,,,
1771848000000,,,,,,,,,,
1771862400000,,,,,,,,,,
1771876800000,,,,,,,,,,
1771891200000,,,,,,,,,,
1771905600000,,62642.8984,,,,,,,,
1771920000000,,,,,,,,,,
1771934400000,,62389.6016,,62389.6016,,62389.6016,,62389.6016,,62389.6016
1771948800000,64701.8984,,,,,,,,,
1771963200000,,,,,,,,,,
1771977600000,66291.2031,,66291.2031,,,,,,,
1771992000000,,,,,,,,,,
1772006400000,,,,,,,,,,
1772020800000,,,,,,,,,,
1772035200000,,,,,,,,,,
1772049600000,69987.5,,69987.5,,69987.5,,69987.5,,69987.5,
1772064000000,,,,,,,,,,
1772078400000,68843,,,,,,,,,
1772092800000,,,,,,,,,,
1772107200000,,,,,,,,,,
1772121600000,,66442.2031,,66442.2031,,66442.2031,,,,
1772136000000,,,,,,,,,,
1772150400000,,66802.5,,,,,,,,
1772164800000,68184.8984,,68184.8984,,68184.8984,,,,,
1772179200000,,,,,,,,,,
1772193600000,,,,,,,,,,
1772208000000,,,,,,,,,,
1772222400000,,64880,,,,,,,,
1772236800000,65981.6016,,,,,,,,,
1772251200000,,62969.6016,,62969.6016,,62969.6016,,62969.6016,,62969.6016
1772265600000,,,,,,,,,,
1772280000000,,,,,,,,,,
1772294400000,,,,,,,,,,
1772308800000,,,,,,,,,,
1772323200000,68184.2969,66005.5,68184.2969,,68184.2969,,68184.2969,,68184.2969,
1772337600000,,,,,,,,,,
1772352000000,,,,,,,,,,
1772366400000,67328.7969,,,,,,,,,
1772380800000,,,,,,,,,,
1772395200000,,65000.1016,,65000.1016,,65000.1016,,65000.1016,,65000.1016
1772409600000,67043.1016,,,,,,,,,
1772424000000,,65520.3008,,,,,,,,
1772438400000,,,,,,,,,,
1772452800000,,65222.3008,,65222.3008,,65222.3008,,,,
1772467200000,70084.2969,,70084.2969,,70084.2969,,70084.2969,,70084.2969,
1772481600000,,,,,,,,,,
1772496000000,,,,,,,,,,
1772510400000,,,,,,,,,,
1772524800000,,,,,,,,,,
1772539200000,,66063.8984,,66063.8984,,66063.8984,,66063.8984,,66063.8984
1772553600000,68950.1016,,68950.1016,,,,,,,
1772568000000,,,,,,,,,,
1772582400000,,67371.6016,,67371.6016,,,,,,
1772596800000,,,,,,,,,,
1772611200000,,,,,,,,,,
1772625600000,,,,,,,,,,
1772640000000,74067,,74067,,74067,,74067,,74067,
1772654400000,,72305.5,,,,,,,,
1772668800000,,,,,,,,,,
1772683200000,,71682.3984,,,,,,,,
1772697600000,73548.6016,,73548.6016,,,,,,,
1772712000000,,,,,,,,,,
1772726400000,,70615.3984,,,,,,,,
1772740800000,,,,,,,,,,
1772755200000,,,,,,,,,,
1772769600000,,70103,,,,,,,,
1772784000000,,,,,,,,,,
1772798400000,,,,,,,,,,
1772812800000,,67709.1016,,67709.1016,,,,,,
1772827200000,,,,,,,,,,
1772841600000,68517,,,,,,,,,
1772856000000,,67402.2969,,67402.2969,,,,,,
1772870400000,68214.5,,,,,,,,,
1772884800000,,,,,,,,,,
1772899200000,,66866.8984,,,,,,,,
1772913600000,,,,,,,,,,
1772928000000,67447,,,,,,,,,
1772942400000,,66503.1016,,66503.1016,,66503.1016,,,,
1772956800000,68163.5,,68163.5,,68163.5,,68163.5,,68163.5,
1772971200000,,66710.3984,,,,,,,,
1772985600000,,,,,,,,,,
1773000000000,,65571.5,,65571.5,,65571.5,,65571.5,,65571.5
1773014400000,,,,,,,,,,
1773028800000,,,,,,,,,,
1773043200000,,,,,,,,,,
1773057600000,,,,,,,,,,
1773072000000,69517.2969,,,,,,,,,
1773086400000,,,,,,,,,,
1773100800000,70570.7969,,,,,,,,,
1773115200000,,,,,,,,,,
1773129600000,,,,,,,,,,
1773144000000,71767.7031,69239.6016,71767.7031,69239.6016,71767.7031,,71767.7031,,71767.7031,
1773158400000,,,,,,,,,,
1773172800000,,69420.5,,,,,,,,
1773187200000,,,,,,,,,,
1773201600000,70242.7969,,,,,,,,,
1773216000000,,,,,,,,,,
1773230400000,,68930.2969,,68930.2969,,68930.2969,,68930.2969,,68930.2969
1773244800000,71302,,71302,,71302,,71302,,71302,
1773259200000,,,,,,,,,,
1773273600000,,,,,,,,,,
1773288000000,,69180.2031,,69180.2031,,69180.2031,,,,
1773302400000,70777.7969,,70777.7969,,,,,,,
1773316800000,,69321.1016,,,,,,,,
1773331200000,,,,,,,,,,
1773345600000,,,,,,,,,,
1773360000000,71990.2031,,,,,,,,,
1773374400000,,,,,,,,,,
1773388800000,,,,,,,,,,
1773403200000,73881,,73881,,73881,,73881,,73881,
1773417600000,,,,,,,,,,
1773432000000,,,,,,,,,,
1773446400000,,,,,,,,,,
1773460800000,71279,70249.5,,70249.5,,70249.5,,70249.5,,70249.5
1773475200000,,,,,,,,,,
1773489600000,70919.7969,,,,,,,,,
1773504000000,,,,,,,,,,
1773518400000,,,,,,,,,,
1773532800000,,,,,,,,,,
1773547200000,,,,,,,,,,
1773561600000,71923.7969,,,,,,,,,
1773576000000,,71239.2031,,71239.2031,,,,,,
1773590400000,,,,,,,,,,
1773604800000,,,,,,,,,,
1773619200000,,,,,,,,,,
1773633600000,74447.5,,,,,,,,,
1773648000000,,72862.8984,,,,,,,,
1773662400000,74494.2969,,,,,,,,,
1773676800000,,,,,,,,,,
1773691200000,,,,,,,,,,
1773705600000,75994.5,,75994.5,,75994.5,,75994.5,,75994.5,
1773720000000,,,,,,,,,,
1773734400000,,,,,,,,,,
1773748800000,74879.3984,73239.7031,74879.3984,73239.7031,,73239.7031,,73239.7031,,
1773763200000,,,,,,,,,,
1773777600000,74797.3984,,,,,,,,,
1773792000000,,73516,,,,,,,,
1773806400000,,,,,,,,,,
1773820800000,,,,,,,,,,
1773835200000,,70828.5,,,,,,,,
1773849600000,,,,,,,,,,
1773864000000,,70457.1016,,,,,,,,
1773878400000,71596.7031,,,,,,,,,
1773892800000,,69442,,,,,,,,
1773907200000,,,,,,,,,,
1773921600000,,68751.7031,,68751.7031,,68751.7031,,68751.7031,,68751.7031
1773936000000,,,,,,,,,,
1773950400000,,,,,,,,,,
1773964800000,,,,,,,,,,
1773979200000,,,,,,,,,,
1773993600000,71334.6016,,71334.6016,,71334.6016,,71334.6016,,71334.6016,
1774008000000,,,,,,,,,,
1774022400000,,69340.2031,,69340.2031,,69340.2031,,69340.2031,,69340.2031
1774036800000,70877.8984,,70877.8984,,,,,,,
1774051200000,,,,,,,,,,
1774065600000,70833.5,,,,,,,,,
1774080000000,,,,,,,,,,
1774094400000,71052.7969,,71052.7969,,71052.7969,,71052.7969,,71052.7969,
1774108800000,,,,,,,,,,
1774123200000,,,,,,,,,,
1774137600000,,68181.2969,,,,,,,,
1774152000000,,,,,,,,,,
1774166400000,,68050,,68050,,,,,,
1774180800000,68981.1016,,,,,,,,,
1774195200000,,,,,,,,,,
1774209600000,,67312.3984,,67312.3984,,67312.3984,,67312.3984,,67312.3984
1774224000000,,,,,,,,,,
1774238400000,,,,,,,,,,
1774252800000,,,,,,,,,,
1774267200000,71758.5,,71758.5,,71758.5,,71758.5,,71758.5,
1774281600000,,,,,,,,,,
1774296000000,,,,,,,,,,
1774310400000,,,,,,,,,,
1774324800000,71364,70061.2031,71364,,71364,,,,,
1774339200000,,,,,,,,,,
1774353600000,,,,,,,,,,
1774368000000,,68850.1016,,68850.1016,,68850.1016,,68850.1016,,68850.1016
1774382400000,,,,,,,,,,
1774396800000,,,,,,,,,,
1774411200000,,,,,,,,,,
1774425600000,71980,,71980,,71980,,71980,,71980,
1774440000000,,70520.8984,,70520.8984,,,,,,
1774454400000,,,,,,,,,,
1774468800000,,70589,,,,,,,,
1774483200000,,,,,,,,,,
1774497600000,,,,,,,,,,
1774512000000,,,,,,,,,,
1774526400000,,,,,,,,,,
1774540800000,,68074.5,,68074.5,,68074.5,,,,
1774555200000,69422.2969,,,,,,,,,
1774569600000,,,,,,,,,,
1774584000000,,,,,,,,,,
1774598400000,,,,,,,,,,
1774612800000,,,,,,,,,,
1774627200000,,65467.1016,,65467.1016,,65467.1016,,65467.1016,,65467.1016
1774641600000,,,,,,,,,,
1774656000000,66491.7031,,66491.7031,,,,,,,
1774670400000,,,,,,,,,,
1774684800000,,,,,,,,,,
1774699200000,67240.6016,,67240.6016,,67240.6016,,67240.6016,,67240.6016,
1774713600000,,,,,,,,,,
1774728000000,,66197.1016,,,,,,,,
1774742400000,67055.3984,,67055.3984,,,,,,,
1774756800000,,,,,,,,,,
1774771200000,66928.7969,,,,,,,,,
1774785600000,,,,,,,,,,
1774800000000,,,,,,,,,,
1774814400000,,64888,,64888,,64888,,64888,,64888
1774828800000,,,,,,,,,,
1774843200000,,,,,,,,,,
1774857600000,,,,,,,,,,
1774872000000,68124.8984,,68124.8984,,,,,,,
1774886400000,,66156.6016,,66156.6016,,66156.6016,,,,
1774900800000,,,,,,,,,,
1774915200000,68331.7969,,68331.7969,,68331.7969,,,,,
1774929600000,,,,,,,,,,
1774944000000,,65905.3984,,65905.3984,,65905.3984,,65905.3984,,65905.3984
1774958400000,,,,,,,,,,
1774972800000,68529.8984,,68529.8984,,,,,,,
1774987200000,,,,,,,,,,
1775001600000,,67497,,,,,,,,
1775016000000,69260,,69260,,69260,,69260,,69260,
1775030400000,,,,,,,,,,
1775044800000,,67806.6016,,67806.6016,,,,,,
1775059200000,69128.6016,,69128.6016,,,,,,,
1775073600000,,,,,,,,,,
1775088000000,68660.8984,,,,,,,,,
1775102400000,,,,,,,,,,
1775116800000,,,,,,,,,,
1775131200000,,65655.7031,,65655.7031,,65655.7031,,65655.7031,,65655.7031
1775145600000,67384.5,,67384.5,,67384.5,,,,,
1775160000000,,,,,,,,,,
1775174400000,,66250,,66250,,,,,,
1775188800000,,,,,,,,,,
1775203200000,,,,,,,,,,
1775217600000,67355.2031,66477.7969,67355.2031,,67355.2031,,67355.2031,,,
1775232000000,,,,,,,,,,
1775246400000,,,,,,,,,,
1775260800000,,,,,,,,,,
1775275200000,,66750,,66750,,,,,,
1775289600000,,,,,,,,,,
1775304000000,67518.1016,,67518.1016,,67518.1016,,67518.1016,,67518.1016,
1775318400000,,,,,,,,,,
1775332800000,,,,,,,,,,
1775347200000,,,,,,,,,,
1775361600000,,66567.7969,,66567.7969,,66567.7969,,66567.7969,,66567.7969
1775376000000,,,,,,,,,,
1775390400000,67848.1016,66630.6016,,,,,,,,
1775404800000,,,,,,,,,,
1775419200000,,,,,,,,,,
1775433600000,69549.2969,,,,,,,,,
1775448000000,,,,,,,,,,
1775462400000,70228.5,,,,,,,,,
1775476800000,,,,,,,,,,
1775491200000,70325,,70325,,70325,,70325,,70325,
1775505600000,,,,,,,,,,
1775520000000,,68243,,,,,,,,
1775534400000,,,,,,,,,,
1775548800000,69218.7031,,69218.7031,,,,,,,
1775563200000,,67683.8984,,67683.8984,,67683.8984,,67683.8984,,67683.8984
1775577600000,,,,,,,,,,
1775592000000,72751.7031,,72751.7031,,72751.7031,,,,,
1775606400000,,,,,,,,,,
1775620800000,,,,,,,,,,
1775635200000,,,,,,,,,,
1775649600000,72850,70656.7031,72850,70656.7031,72850,,72850,,72850,
1775664000000,,,,,,,,,,
1775678400000,,,,,,,,,,
1775692800000,,70436.2969,,70436.2969,,70436.2969,,70436.2969,,70436.2969
1775707200000,,,,,,,,,,
1775721600000,,,,,,,,,,
1775736000000,,70485.2031,,70485.2031,,,,,,
1775750400000,,,,,,,,,,
1775764800000,73136.2969,71537.2969,73136.2969,,73136.2969,,,,,
1775779200000,,,,,,,,,,
1775793600000,,,,,,,,,,
1775808000000,,,,,,,,,,
1775822400000,73283.7031,,,,,,,,,
1775836800000,,,,,,,,,,
1775851200000,73455.8984,,73455.8984,,73455.8984,,73455.8984,,,
1775865600000,,,,,,,,,,
1775880000000,,72608.7031,,,,,,,,
1775894400000,,,,,,,,,,
1775908800000,,72521,,72521,,,,,,
1775923200000,73812,,73812,,73812,,73812,,73812,
1775937600000,,,,,,,,,,
1775952000000,,71269,,71269,,,,,,
1775966400000,,,,,,,,,,
1775980800000,71790.2031,,,,,,,,,
1775995200000,,70598.3984,,,,,,,,
1776009600000,,,,,,,,,,
1776024000000,71449.2031,70479.3984,,70479.3984,,70479.3984,,70479.3984,,70479.3984
1776038400000,,,,,,,,,,
1776052800000,,,,,,,,,,
1776067200000,,70540.1016,,70540.1016,,,,,,
1776081600000,,,,,,,,,,
1776096000000,,,,,,,,,,
1776110400000,74900,,,,,,,,,
1776124800000,,,,,,,,,,
1776139200000,74935.7031,,,,,,,,,
1776153600000,,,,,,,,,,
1776168000000,76061,,76061,,76061,,76061,,76061,
1776182400000,,,,,,,,,,
1776196800000,,73796.2969,,,,,,,,
1776211200000,74785.3984,,,,,,,,,
1776225600000,,73507.1016,,73507.1016,,73507.1016,,73507.1016,,73507.1016
1776240000000,,,,,,,,,,
1776254400000,,73574.1016,,,,,,,,
1776268800000,,,,,,,,,,
1776283200000,75425,,75425,,75425,,75425,,75425,
1776297600000,,74431,,,,,,,,
1776312000000,,,,,,,,,,
1776326400000,,,,,,,,,,
1776340800000,,73270,,73270,,73270,,73270,,73270
1776355200000,,,,,,,,,,
1776369600000,75527.5,,75527.5,,,,,,,
1776384000000,,74504,,,,,,,,
1776398400000,,,,,,,,,,
1776412800000,,,,,,,,,,
1776427200000,,,,,,,,,,
1776441600000,78353.8984,,78353.8984,,78353.8984,,78353.8984,,78353.8984,
1776456000000,,76881.7969,,,,,,,,
1776470400000,,,,,,,,,,
1776484800000,,,,,,,,,,
1776499200000,,75754.5,,,,,,,,
1776513600000,,,,,,,,,,
1776528000000,,75439.7031,,,,,,,,
1776542400000,,,,,,,,,,
1776556800000,,,,,,,,,,
1776571200000,,74880,,74880,,,,,,
1776585600000,,,,,,,,,,
1776600000000,76244.3984,,76244.3984,,76244.3984,,76244.3984,,76244.3984,
1776614400000,,,,,,,,,,
1776628800000,,,,,,,,,,
1776643200000,,73655.1016,,73655.1016,,73655.1016,,73655.1016,,73655.1016
1776657600000,75553.6016,,,,,,,,,
1776672000000,,,,,,,,,,
1776686400000,,,,,,,,,,
1776700800000,,,,,,,,,,
1776715200000,76566.5,,76566.5,,,,,,,
1776729600000,,75477,,,,,,,,
1776744000000,,,,,,,,,,
1776758400000,76910,,76910,,76910,,,,,
1776772800000,,,,,,,,,,
1776787200000,,74800.1016,,74800.1016,,74800.1016,,74800.1016,,74800.1016
1776801600000,,,,,,,,,,
1776816000000,,,,,,,,,,
1776830400000,78438.3984,,,,,,,,,
1776844800000,,,,,,,,,,
1776859200000,,,,,,,,,,
1776873600000,79472.6016,,79472.6016,,79472.6016,,79472.6016,,79472.6016,
1776888000000,,,,,,,,,,
1776902400000,,77452.3984,,,,,,,,
1776916800000,,,,,,,,,,
1776931200000,,76793.1016,,76793.1016,,76793.1016,,76793.1016,,76793.1016
1776945600000,78650,,78650,,78650,,,,,
1776960000000,,76890.3984,,,,,,,,
1776974400000,,,,,,,,,,
1776988800000,78561.7031,,78561.7031,,,,,,,
1777003200000,,,,,,,,,,
1777017600000,,77405.5,,,,,,,,
1777032000000,78462.8984,,78462.8984,,,,,,,
1777046400000,,,,,,,,,,
1777060800000,,77244,,77244,,77244,,77244,,
1777075200000,,,,,,,,,,
1777089600000,,,,,,,,,,
1777104000000,77867,,77867,,77867,,,,,
1777118400000,,,,,,,,,,
1777132800000,,77078.5,,77078.5,,77078.5,,77078.5,,77078.5
1777147200000,77631.6016,,,,,,,,,
1777161600000,,,,,,,,,,
1777176000000,,,,,,,,,,
1777190400000,78196.8984,,,,,,,,,
1777204800000,,77743.2031,,,,,,,,
1777219200000,,,,,,,,,,
1777233600000,,77816.7969,,,,,,,,
1777248000000,79474.5,,79474.5,,79474.5,,79474.5,,79474.5,
1777262400000,,77439.6016,,,,,,,,
1777276800000,,,,,,,,,,
1777291200000,78232.5,,,,,,,,,
1777305600000,,76405.3984,,76405.3984,,,,,,
1777320000000,,,,,,,,,,
1777334400000,77439.2969,,77439.2969,,,,,,,
1777348800000,,,,,,,,,,
1777363200000,,,,,,,,,,
1777377600000,,75629.6016,,75629.6016,,75629.6016,,75629.6016,,75629.6016
1777392000000,,,,,,,,,,
1777406400000,,,,,,,,,,
1777420800000,,76135.2031,,,,,,,,
1777435200000,,,,,,,,,,
1777449600000,77858.7969,,77858.7969,,77858.7969,,77858.7969,,77858.7969,
1777464000000,,,,,,,,,,
1777478400000,,74862.7031,,74862.7031,,74862.7031,,74862.7031,,74862.7031
1777492800000,,,,,,,,,,
1777507200000,76393.5,,76393.5,,,,,,,
1777521600000,,75246.7969,,75246.7969,,,,,,
1777536000000,,,,,,,,,,
1777550400000,76602,,76602,,,,,,,
1777564800000,,,,,,,,,,
1777579200000,,,,,,,,,,
1777593600000,77396.7031,,,,,,,,,
1777608000000,,,,,,,,,,
1777622400000,,,,,,,,,,
1777636800000,78886.7969,,78886.7969,,78886.7969,,78886.7969,,78886.7969,
1777651200000,,,,,,,,,,
1777665600000,,77720.3984,,,,,,,,
1777680000000,78480,,,,,,,,,
1777694400000,,77992.2031,,,,,,,,
1777708800000,,,,,,,,,,
1777723200000,,,,,,,,,,
1777737600000,,,,,,,,,,
1777752000000,79161.1016,,79161.1016,,79161.1016,,79161.1016,,79161.1016,
1777766400000,,,,,,,,,,
1777780800000,,78030.2031,,78030.2031,,78030.2031,,78030.2031,,
1777795200000,,,,,,,,,,
1777809600000,78835.8984,,,,,,,,,
1777824000000,,,,,,,,,,
1777838400000,,,,,,,,,,
1777852800000,,75776.7969,,75776.7969,,75776.7969,,75776.7969,,75776.7969
1777867200000,80590.3984,,80590.3984,,,,,,,
1777881600000,,78153.7969,,,,,,,,
1777896000000,,,,,,,,,,
1777910400000,80750,,,,,,,,,
1777924800000,,,,,,,,,,
1777939200000,,,,,,,,,,
1777953600000,81287.5,,,,,,,,,
1777968000000,,80486.7969,,,,,,,,
1777982400000,81693.6016,,,,,,,,,
1777996800000,,,,,,,,,,
1778011200000,81755,,81755,,,,,,,
1778025600000,,80651.8984,,80651.8984,,80651.8984,,,,
1778040000000,,,,,,,,,,
1778054400000,82799.8984,,82799.8984,,82799.8984,,82799.8984,,82799.8984,
1778068800000,,81086.7031,,,,,,,,
1778083200000,,,,,,,,,,
1778097600000,,,,,,,,,,
1778112000000,,,,,,,,,,
1778126400000,81671,,81671,,,,,,,
1778140800000,,,,,,,,,,
1778155200000,,,,,,,,,,
1778169600000,,79453.7969,,,,,,,,
1778184000000,80316.8984,,,,,,,,,
1778198400000,,79135.3984,,79135.3984,,79135.3984,,79135.3984,,79135.3984
1778212800000,,,,,,,,,,
1778227200000,,,,,,,,,,
1778241600000,80494.1016,79496.1016,80494.1016,,,,,,,
1778256000000,,,,,,,,,,
1778270400000,,,,,,,,,,
1778284800000,,,,,,,,,,
1778299200000,80633.3984,,80633.3984,,,,,,,
1778313600000,,,,,,,,,,
1778328000000,,,,,,,,,,
1778342400000,81100.7031,,81100.7031,,81100.7031,,81100.7031,,,
1778356800000,,,,,,,,,,
1778371200000,,80516.7031,,,,,,,,
1778385600000,,,,,,,,,,
1778400000000,,,,,,,,,,
1778414400000,,,,,,,,,,
1778428800000,,,,,,,,,,
1778443200000,82441.5,80215.2969,82441.5,80215.2969,82441.5,80215.2969,82441.5,80215.2969,82441.5,80215.2969
1778457600000,,,,,,,,,,
1778472000000,,,,,,,,,,
1778486400000,,,,,,,,,,
1778500800000,,80396.6016,,80396.6016,,80396.6016,,,,
1778515200000,82085.2969,,82085.2969,,82085.2969,,,,,
1778529600000,,,,,,,,,,
1778544000000,,80659.7969,,,,,,,,
1778558400000,,,,,,,,,,
1778572800000,,,,,,,,,,
1778587200000,80939.7031,,,,,,,,,
1778601600000,,79784.3984,,79784.3984,,79784.3984,,79784.3984,,
1778616000000,,,,,,,,,,
1778630400000,81251.7031,80351.8984,,,,,,,,
1778644800000,,,,,,,,,,
1778659200000,81284.2969,,81284.2969,,81284.2969,,81284.2969,,81284.2969,
1778673600000,,,,,,,,,,
1778688000000,,78692.1016,,78692.1016,,78692.1016,,78692.1016,,78692.1016
1778702400000,,,,,,,,,,
1778716800000,,78855,,,,,,,,
1778731200000,79930.2031,,,,,,,,,
1778745600000,,,,,,,,,,
1778760000000,,,,,,,,,,
1778774400000,82005.7031,,82005.7031,,82005.7031,,82005.7031,,82005.7031,
1778788800000,,,,,,,,,,
1778803200000,81617.3984,,,,,,,,,
1778817600000,,80256.6016,,,,,,,,
1778832000000,,,,,,,,,,
1778846400000,,78577.2031,,78577.2031,,78577.2031,,,,
1778860800000,,,,,,,,,,
1778875200000,,78833.2969,,,,,,,,
1778889600000,79156.2969,,,,,,,,,
1778904000000,,,,,,,,,,
1778918400000,,77575,,77575,,77575,,77575,,77575
1778932800000,,,,,,,,,,
1778947200000,78284.3984,,,,,,,,,
1778961600000,,,,,,,,,,
1778976000000,,77646.7969,,77646.7969,,77646.7969,,,,
1778990400000,,,,,,,,,,
1779004800000,78524.8984,,78524.8984,,78524.8984,,78524.8984,,78524.8984,
1779019200000,,77764.3984,,,,,,,,
1779033600000,,,,,,,,,,
1779048000000,78411.5,,,,,,,,,
1779062400000,,,,,,,,,,
1779076800000,,76512,,,,,,,,
1779091200000,,,,,,,,,,
1779105600000,77726.6016,75969,77726.6016,75969,77726.6016,75969,,75969,,75969
1779120000000,,,,,,,,,,
1779134400000,,,,,,,,,,
1779148800000,77326,76400,77326,,,,,,,
1779163200000,,,,,,,,,,
1779177600000,77225.8984,,,,,,,,,
1779192000000,,76047.6016,,76047.6016,,76047.6016,,76047.6016,,76047.6016
1779206400000,76991.2969,,,,,,,,,
1779220800000,,,,,,,,,,
1779235200000,,76420.7031,,,,,,,,
1779249600000,,,,,,,,,,
1779264000000,,,,,,,,,,
1779278400000,77748.7969,76779.8984,77748.7969,,,,,,,
1779292800000,,,,,,,,,,
1779307200000,,,,,,,,,,
1779321600000,,,,,,,,,,
1779336000000,,,,,,,,,,
1779350400000,78101.2031,,78101.2031,,78101.2031,,78101.2031,,78101.2031,
1779364800000,,76617.7969,,76617.7969,,76617.7969,,76617.7969,,76617.7969
1779379200000,77989.7969,,,,,,,,,
1779393600000,,,,,,,,,,
1779408000000,,,,,,,,,,
1779422400000,77800,,77800,,,,,,,
1779436800000,,,,,,,,,,
1779451200000,77471.5,,,,,,,,,
1779465600000,,,,,,,,,,
1779480000000,,,,,,,,,,
1779494400000,,,,,,,,,,
1779508800000,,74151.6016,,74151.6016,,74151.6016,,74151.6016,,74151.6016
1779523200000,,,,,,,,,,
1779537600000,,,,,,,,,,
1779552000000,,,,,,,,,,
1779566400000,77305.7969,,77305.7969,,,,,,,
1779580800000,,,,,,,,,,
1779595200000,,,,,,,,,,
1779609600000,77425.2031,,77425.2031,,77425.2031,,77425.2031,,,
1779624000000,,76065,,,,,,,,
1779638400000,,,,,,,,,,
1779652800000,,75987.7031,,75987.7031,,75987.7031,,75987.7031,,75987.7031
1779667200000,,,,,,,,,,
1779681600000,,,,,,,,,,
1779696000000,,,,,,,,,,
1779710400000,77816.7031,,77816.7031,,77816.7031,,77816.7031,,77816.7031,
1779724800000,,,,,,,,,,
1779739200000,,,,,,,,,,
1779753600000,,76375,,76375,,,,,,
1779768000000,,,,,,,,,,
1779782400000,,,,,,,,,,
1779796800000,77971,,77971,,77971,,77971,,77971,
1779811200000,,,,,,,,,,
1779825600000,,,,,,,,,,
1779840000000,,,,,,,,,,
1779854400000,,75141.7969,,,,,,,,
1779868800000,,,,,,,,,,
1779883200000,76025.2969,,76025.2969,,76025.2969,,,,,
1779897600000,,,,,,,,,,
1779912000000,75272,,,,,,,,,
1779926400000,,,,,,,,,,
1779940800000,,72594.1016,,,,,,,,
1779955200000,73504.8984,,,,,,,,,
1779969600000,,72436.7031,,72436.7031,,72436.7031,,72436.7031,,72436.7031
1779984000000,,,,,,,,,,
1779998400000,73833.3984,,73833.3984,,73833.3984,,,,,
1780012800000,,73023.2031,,,,,,,,
1780027200000,73816.7031,,,,,,,,,
1780041600000,,,,,,,,,,
1780056000000,,72362.7969,,72362.7969,,72362.7969,,72362.7969,,72362.7969
1780070400000,74195.6016,,74195.6016,,74195.6016,,74195.6016,,74195.6016,
1780084800000,,,,,,,,,,
1780099200000,,,,,,,,,,
1780113600000,,73085,,73085,,,,,,
1780128000000,,,,,,,,,,
1780142400000,,,,,,,,,,
1780156800000,74006.3984,,,,,,,,,
1780171200000,,73642.5,,,,,,,,
1780185600000,74136,,74136,,74136,,74136,,74136,
1780200000000,,,,,,,,,,
1780214400000,,,,,,,,,,
1780228800000,,,,,,,,,,
1780243200000,,73269.8984,,,,,,,,
1780257600000,74073.7031,,74073.7031,,74073.7031,,,,,
1780272000000,,,,,,,,,,
1780286400000,,,,,,,,,,
1780300800000,,,,,,,,,,
1780315200000,,,,,,,,,,
1780329600000,,70559.6016,,,,,,,,
1780344000000,,,,,,,,,,
1780358400000,,,,,,,,,,
1780372800000,,,,,,,,,,
1780387200000,,,,,,,,,,
1780401600000,,,,,,,,,,
1780416000000,,,,,,,,,,
1780430400000,,,,,,,,,,
1780444800000,,65328.6016,,65328.6016,,65328.6016,,,,
1780459200000,67389.8984,,,,,,,,,
1780473600000,,,,,,,,,,
1780488000000,,,,,,,,,,
1780502400000,,,,,,,,,,
1780516800000,,,,,,,,,,
1780531200000,,61271.6992,,61271.6992,,61271.6992,,61271.6992,,61271.6992
1780545600000,64657.6992,,,,,,,,,
1780560000000,,62104.6992,,,,,,,,
1780574400000,64410,,,,,,,,,
1780588800000,,,,,,,,,,
1780603200000,,,,,,,,,,
1780617600000,63874.3008,,,,,,,,,
1780632000000,,60982.8984,,,,,,,,
1780646400000,,,,,,,,,,
1780660800000,,,,,,,,,,
1780675200000,,59059.6992,,59059.6992,,59059.6992,,59059.6992,,59059.6992
1780689600000,61960.3984,,,,,,,,,
1780704000000,,,,,,,,,,
1780718400000,,59422.8984,,59422.8984,,,,,,
1780732800000,61433.1016,,,,,,,,,
1780747200000,,,,,,,,,,
1780761600000,,,,,,,,,,
1780776000000,,,,,,,,,,
1780790400000,,,,,,,,,,
1780804800000,,,,,,,,,,
1780819200000,62908.8984,,62908.8984,,,,,,,
1780833600000,,,,,,,,,,
1780848000000,,61124.3008,,61124.3008,,61124.3008,,,,
1780862400000,64235.8984,,64235.8984,,64235.8984,,64235.8984,,64235.8984,
1780876800000,,,,,,,,,,
1780891200000,,62348,,,,,,,,
1780905600000,,,,,,,,,,
1780920000000,64161.1016,62633.5,64161.1016,,64161.1016,,,,,
1780934400000,,,,,,,,,,
1780948800000,,,,,,,,,,
1780963200000,,62347.8008,,62347.8008,,,,,,
1780977600000,63505.3008,,,,,,,,,
1780992000000,,,,,,,,,,
1781006400000,,,,,,,,,,
1781020800000,,60677.3008,,60677.3008,,60677.3008,,,,
1781035200000,62218.6016,,,,,,,,,
1781049600000,,,,,,,,,,
1781064000000,,,,,,,,,,
1781078400000,,60567.5,,60567.5,,60567.5,,60567.5,,60567.5
1781092800000,62796.8008,,62796.8008,,,,,,,
1781107200000,,,,,,,,,,
1781121600000,,61008.6992,,,,,,,,
1781136000000,,,,,,,,,,
1781150400000,,,,,,,,,,
1781164800000,63170.3984,,,,,,,,,
1781179200000,,,,,,,,,,
1781193600000,63828.8008,62239.3984,63828.8008,62239.3984,63828.8008,62239.3984,,,,
1781208000000,,,,,,,,,,
1781222400000,,,,,,,,,,
1781236800000,,62732.3008,,62732.3008,,,,,,
1781251200000,,,,,,,,,,
1781265600000,64365,62934.3984,64365,,64365,,64365,,64365,
1781280000000,,,,,,,,,,
1781294400000,,63336.5,,,,,,,,
1781308800000,,,,,,,,,,
1781323200000,,,,,,,,,,
1781337600000,,,,,,,,,,
1781352000000,64287.5,,,,,,,,,
1781366400000,,,,,,,,,,
1781380800000,64711.8984,,64711.8984,,64711.8984,,64711.8984,,64711.8984,
1781395200000,,,,,,,,,,
1781409600000,,64159.1016,,,,,,,,
1781424000000,64604.5,,,,,,,,,
1781438400000,,,,,,,,,,
1781452800000,,63626.8008,,63626.8008,,63626.8008,,63626.8008,,63626.8008
1781467200000,,,,,,,,,,
1781481600000,,,,,,,,,,
1781496000000,,,,,,,,,,
1781510400000,,65438.1016,,,,,,,,
1781524800000,,,,,,,,,,
1781539200000,,,,,,,,,,
1781553600000,,,,,,,,,,
1781568000000,,65589.5,,65589.5,,,,,,
1781582400000,,,,,,,,,,
1781596800000,66919.1016,,66919.1016,,66919.1016,,,,,
1781611200000,,65268.3984,,65268.3984,,65268.3984,,,,
1781625600000,,,,,,,,,,
1781640000000,,,,,,,,,,
1781654400000,66045.6016,,,,,,,,,
1781668800000,,,,,,,,,,
1781683200000,,64479,,,,,,,,
1781697600000,,,,,,,,,,
1781712000000,66387.6016,,66387.6016,,66387.6016,,66387.6016,,66387.6016,
1781726400000,,63836.8008,,,,,,,,
1781740800000,64724,,,,,,,,,
1781755200000,,63603.8008,,,,,,,,
1781769600000,64600.3984,,,,,,,,,
1781784000000,,,,,,,,,,
1781798400000,,62126.8008,,62126.8008,,62126.8008,,62126.8008,,62126.8008
1781812800000,63174.1016,,,,,,,,,
1781827200000,,62289.1992,,,,,,,,
1781841600000,,,,,,,,,,
1781856000000,,62162,,62162,,62162,,,,
1781870400000,63352.1016,,,,,,,,,
1781884800000,,,,,,,,,,
1781899200000,,,,,,,,,,
1781913600000,,,,,,,,,,
1781928000000,63829.5,,,,,,,,,
1781942400000,,,,,,,,,,
1781956800000,64295.1016,63101.6016,64295.1016,63101.6016,,63101.6016,,,,
1781971200000,,,,,,,,,,
1781985600000,,,,,,,,,,
1782000000000,,,,,,,,,,
1782014400000,64488.1992,,64488.1992,,64488.1992,,64488.1992,,,
1782028800000,,63801,,63801,,,,,,
1782043200000,,,,,,,,,,
1782057600000,,,,,,,,,,
1782072000000,,63169.8008,,63169.8008,,63169.8008,,63169.8008,,63169.8008
1782086400000,64772.8984,,64772.8984,,,,,,,
1782100800000,,,,,,,,,,
1782115200000,,,,,,,,,,
1782129600000,65527.1992,,65527.1992,,65527.1992,,65527.1992,,65527.1992,
1782144000000,,,,,,,,,,
1782158400000,,63700.1016,,,,,,,,
1782172800000,,,,,,,,,,
1782187200000,,,,,,,,,,
1782201600000,,61814.5,,61814.5,,61814.5,,61814.5,,61814.5
1782216000000,,,,,,,,,,
1782230400000,,,,,,,,,,
1782244800000,,,,,,,,,,
1782259200000,63027,,,,,,,,,
1782273600000,,,,,,,,,,
1782288000000,63128.3984,,63128.3984,,63128.3984,,63128.3984,,63128.3984,
1782302400000,,,,,,,,,,
1782316800000,,58985,,58985,,58985,,58985,,
1782331200000,61147.6992,,,,,,,,,
1782345600000,,,,,,,,,,
1782360000000,61837.1016,,61837.1016,,61837.1016,,,,,
1782374400000,,,,,,,,,,
1782388800000,,57965.8008,,57965.8008,,57965.8008,,57965.8008,,57965.8008
1782403200000,,,,,,,,,,
1782417600000,60134.8008,,,,,,,,,
1782432000000,,58182.5,,58182.5,,,,,,
1782446400000,60647.3984,,60647.3984,,60647.3984,,,,,
1782460800000,,,,,,,,,,
1782475200000,,58331.3984,,58331.3984,,,,,,
1782489600000,60475.6992,,60475.6992,,,,,,,
1782504000000,,,,,,,,,,
1782518400000,,,,,,,,,,
1782532800000,60449.8008,,,,,,,,,
1782547200000,,,,,,,,,,
1782561600000,60815.3984,,60815.3984,,60815.3984,,60815.3984,,60815.3984,
1782576000000,,,,,,,,,,
1782590400000,,59730,,,,,,,,
1782604800000,,,,,,,,,,
1782619200000,,59636.3008,,59636.3008,,,,,,
1782633600000,60435.8984,,60435.8984,,60435.8984,,,,,
1782648000000,,,,,,,,,,
1782662400000,,,,,,,,,,
1782676800000,,,,,,,,,,
1782691200000,,58766.1016,,58766.1016,,58766.1016,,58766.1016,,58766.1016
1782705600000,60224,,,,,,,,,
1782720000000,,,,,,,,,,
1782734400000,60689.3008,58891.8008,60689.3008,58891.8008,60689.3008,,60689.3008,,60689.3008,
1782748800000,,,,,,,,,,
1782763200000,,,,,,,,,,
1782777600000,,,,,,,,,,
1782792000000,,,,,,,,,,
1782806400000,,,,,,,,,,
1782820800000,,58065.8984,,58065.8984,,,,,,
1782835200000,,,,,,,,,,
1782849600000,,,,,,,,,,
1782864000000,,57647.3008,,57647.3008,,57647.3008,,57647.3008,,57647.3008
1782878400000,59354.1992,,,,,,,,,
1782892800000,,,,,,,,,,
1782907200000,60460.5,58216.3008,,58216.3008,,,,,,
1782921600000,,,,,,,,,,
1782936000000,61267.5,,61267.5,,,,,,,
1782950400000,,59502.3984,,59502.3984,,,,,,
1782964800000,,,,,,,,,,
1782979200000,,,,,,,,,,
1782993600000,62110.8008,,62110.8008,,62110.8008,,62110.8008,,62110.8008,
1783008000000,,61036.5,,,,,,,,
1783022400000,,,,,,,,,,
1783036800000,,61150.3008,,,,,,,,
1783051200000,,,,,,,,,,
1783065600000,,,,,,,,,,
1783080000000,62309.1992,,,,,,,,,
1783094400000,,,,,,,,,,
1783108800000,62886,,62886,,62886,,,,,
1783123200000,,,,,,,,,,
1783137600000,,62241.1992,,,,,,,,
1783152000000,,,,,,,,,,
1783166400000,,,,,,,,,,
1783180800000,63386.3984,,63386.3984,,63386.3984,,63386.3984,,63386.3984,
1783195200000,,,,,,,,,,
1783209600000,,62501.1992,,,,,,,,
1783224000000,,,,,,,,,,
1783238400000,63019.3008,62353.3008,,62353.3008,,62353.3008,,62353.3008,,62353.3008
1783252800000,,,,,,,,,,
1783267200000,,,,,,,,,,
1783281600000,63923.3984,,63923.3984,,63923.3984,,63923.3984,,63923.3984,
1783296000000,,,,,,,,,,
1783310400000,,,,,,,,,,
1783324800000,,,,,,,,,,
1783339200000,,61209.8984,,61209.8984,,61209.8984,,61209.8984,,61209.8984
1783353600000,,,,,,,,,,
1783368000000,64647.3008,,64647.3008,,64647.3008,,64647.3008,,64647.3008,
1783382400000,,,,,,,,,,
1783396800000,,62722.3008,,,,,,,,
1783411200000,,,,,,,,,,
1783425600000,,62585.5,,62585.5,,,,,,
1783440000000,64170.8984,,64170.8984,,64170.8984,,,,,
1783454400000,,,,,,,,,,
1783468800000,,,,,,,,,,
1783483200000,,,,,,,,,,
1783497600000,62859.5,,,,,,,,,
1783512000000,,61450.1016,,61450.1016,,61450.1016,,61450.1016,,61450.1016
1783526400000,,,,,,,,,,
1783540800000,,,,,,,,,,
1783555200000,,61616.1016,,,,,,,,
1783569600000,63206.3984,,63206.3984,,,,,,,
1783584000000,,,,,,,,,,
1783598400000,,62379.6992,,,,,,,,
1783612800000,63418,,,,,,,,,
1783627200000,,,,,,,,,,
1783641600000,,62826.8008,,,,,,,,
1783656000000,,,,,,,,,,
1783670400000,,,,,,,,,,
1783684800000,64634,,64634,,64634,,64634,,64634,
1783699200000,,,,,,,,,,
1783713600000,,63593.5,,63593.5,,63593.5,,63593.5,,
1783728000000,64249.6016,,64249.6016,,,,,,,
1783742400000,,,,,,,,,,
1783756800000,,,,,,,,,,
1783771200000,64440.8984,63807.3008,64440.8984,,64440.8984,,64440.8984,,64440.8984,
1783785600000,,,,,,,,,,
1783800000000,64380.5,,,,,,,,,
1783814400000,,,,,,,,,,
1783828800000,64168,63566,,63566,,63566,,63566,,
1783843200000,,,,,,,,,,
1783857600000,64232.6016,,64232.6016,,,,,,,
1783872000000,,,,,,,,,,
1783886400000,,,,,,,,,,
1783900800000,64347.8984,,64347.8984,,64347.8984,,64347.8984,,64347.8984,
1783915200000,,62396.1992,,,,,,,,
1783929600000,63199.5,,,,,,,,,
1783944000000,,,,,,,,,,
1783958400000,,61735.6016,,61735.6016,,61735.6016,,61735.6016,,61735.6016
1783972800000,,,,,,,,,,
1783987200000,,,,,,,,,,
1784001600000,,,,,,,,,,
1784016000000,,62382.3008,,,,,,,,
1784030400000,64893.8008,,,,,,,,,
1784044800000,,,,,,,,,,
1784059200000,65041.5,,,,,,,,,
1784073600000,,,,,,,,,,
1784088000000,65208.3984,64404.1992,,,,,,,,
1784102400000,,,,,,,,,,
1784116800000,65513,,65513,,65513,,65513,,65513,
1784131200000,,,,,,,,,,
1784145600000,,,,,,,,,,
1784160000000,,,,,,,,,,
1784174400000,64922.6992,,,,,,,,,
1784188800000,,,,,,,,,,
1784203200000,64804.1992,63761.3008,,,,,,,,
1784217600000,,,,,,,,,,
1784232000000,,,,,,,,,,
1784246400000,,,,,,,,,,
1784260800000,,,,,,,,,,
1784275200000,,,,,,,,,,
1784289600000,,62447.1992,,62447.1992,,62447.1992,,62447.1992,,62447.1992
1784304000000,64311,,64311,,64311,,64311,,64311,
1784318400000,,,,,,,,,,
1784332800000,,,,,,,,,,
1784347200000,,,,,,,,,,
1784361600000,,,,,,,,,,
1784376000000,,,,,,,,,,
1784390400000,,,,,,,,,,
1784404800000,,,,,,,,,,
1784419200000,64893.3008,,64893.3008,,64893.3008,,,,,
1784433600000,,,,,,,,,,
1784448000000,,,,,,,,,,
1784462400000,,,,,,,,,,
