ts_ms,sma_70
1620892800000,
1620907200000,
1620921600000,
1620936000000,
1620950400000,
1620964800000,
1620979200000,
1620993600000,
1621008000000,
1621022400000,
1621036800000,
1621051200000,
1621065600000,
1621080000000,
1621094400000,
1621108800000,
1621123200000,
1621137600000,
1621152000000,
1621166400000,
1621180800000,
1621195200000,
1621209600000,
1621224000000,
1621238400000,
1621252800000,
1621267200000,
1621281600000,
1621296000000,
1621310400000,
1621324800000,
1621339200000,
1621353600000,
1621368000000,
1621382400000,
1621396800000,
1621411200000,
1621425600000,
1621440000000,
1621454400000,
1621468800000,
1621483200000,
1621497600000,
1621512000000,
1621526400000,
1621540800000,
1621555200000,
1621569600000,
1621584000000,
1621598400000,
1621612800000,
1621627200000,
1621641600000,
1621656000000,
1621670400000,
1621684800000,
1621699200000,
1621713600000,
1621728000000,
1621742400000,
1621756800000,
1621771200000,
1621785600000,
1621800000000,
1621814400000,
1621828800000,
1621843200000,
1621857600000,
1621872000000,
1621886400000,1.23062575
1621900800000,1.22617137
1621915200000,1.22206283
1621929600000,1.2169472
1621944000000,1.21104145
1621958400000,1.20509005
1621972800000,1.19931281
1621987200000,1.19366431
1622001600000,1.18851423
1622016000000,1.18350577
1622030400000,1.17764854
1622044800000,1.17186284
1622059200000,1.16732001
1622073600000,1.16151142
1622088000000,1.15392709
1622102400000,1.14729142
1622116800000,1.14044285
1622131200000,1.13158858
1622145600000,1.12279284
1622160000000,1.11458862
1622174400000,1.10631859
1622188800000,1.09869432
1622203200000,1.0910157
1622217600000,1.08464146
1622232000000,1.07675147
1622246400000,1.06801283
1622260800000,1.05980289
1622275200000,1.05041575
1622289600000,1.04088426
1622304000000,1.03070426
1622318400000,1.02089143
1622332800000,1.00898862
1622347200000,0.999419987
1622361600000,0.989801407
1622376000000,0.979662836
1622390400000,0.971241415
1622404800000,0.96305716
1622419200000,0.957612872
1622433600000,0.954614282
1622448000000,0.952331424
1622462400000,0.951674283
1622476800000,0.950075686
1622491200000,0.948011458
1622505600000,0.945967138
1622520000000,0.943591416
1622534400000,0.94142288
1622548800000,0.938962877
1622563200000,0.936595738
1622577600000,0.935014307
1622592000000,0.933189988
1622606400000,0.933288574
1622620800000,0.93363142
1622635200000,0.934102833
1622649600000,0.935515702
1622664000000,0.937482834
1622678400000,0.938851416
1622692800000,0.940561414
1622707200000,0.942958593
1622721600000,0.944689989
1622736000000,0.946250021
1622750400000,0.948621452
1622764800000,0.951655686
1622779200000,0.954872847
1622793600000,0.9583143
1622808000000,0.960827172
1622822400000,0.963321447
1622836800000,0.964909971
1622851200000,0.966392875
1622865600000,0.968198597
1622880000000,0.968354285
1622894400000,0.967622876
1622908800000,0.966905713
1622923200000,0.965557158
1622937600000,0.966090024
1622952000000,0.965954304
1622966400000,0.966171443
1622980800000,0.965685725
1622995200000,0.964584291
1623009600000,0.963069975
1623024000000,0.962147117
1623038400000,0.961615741
1623052800000,0.961139977
1623067200000,0.959905744
1623081600000,0.959578574
1623096000000,0.957774282
1623110400000,0.955292881
1623124800000,0.953162849
1623139200000,0.951511443
1623153600000,0.949172854
1623168000000,0.947627127
1623182400000,0.947195709
1623196800000,0.947074294
1623211200000,0.946449995
1623225600000,0.946031451
1623240000000,0.945900023
1623254400000,0.94518429
1623268800000,0.945540011
1623283200000,0.945828557
1623297600000,0.946675718
1623312000000,0.947702885
1623326400000,0.94823426
1623340800000,0.948665738
1623355200000,0.948511422
1623369600000,0.947964311
1623384000000,0.947758555
1623398400000,0.947345734
1623412800000,0.946685731
1623427200000,0.946061432
1623441600000,0.943951428
1623456000000,0.94125855
1623470400000,0.93848002
1623484800000,0.936078548
1623499200000,0.933041453
1623513600000,0.930207133
1623528000000,0.927098572
1623542400000,0.924170017
1623556800000,0.921540022
1623571200000,0.919341445
1623585600000,0.916768551
1623600000000,0.914698601
1623614400000,0.91273284
1623628800000,0.910707116
1623643200000,0.908355713
1623657600000,0.905982852
1623672000000,0.904065728
1623686400000,0.902097166
1623700800000,0.900062859
1623715200000,0.897840023
1623729600000,0.895955741
1623744000000,0.893760026
1623758400000,0.89121145
1623772800000,0.889432847
1623787200000,0.888387144
1623801600000,0.887290001
1623816000000,0.885887146
1623830400000,0.884069979
1623844800000,0.882128596
1623859200000,0.880172849
1623873600000,0.877931416
1623888000000,0.876712859
1623902400000,0.875494301
1623916800000,0.874422848
1623931200000,0.873407125
1623945600000,0.871879995
1623960000000,0.870459974
1623974400000,0.869147122
1623988800000,0.867738545
1624003200000,0.866370022
1624017600000,0.864181399
1624032000000,0.861515701
1624046400000,0.859267116
1624060800000,0.856802881
1624075200000,0.854687154
1624089600000,0.852765739
1624104000000,0.851834297
1624118400000,0.85099858
1624132800000,0.849497139
1624147200000,0.847814262
1624161600000,0.847015738
1624176000000,0.844788551
1624190400000,0.84271431
1624204800000,0.841417134
1624219200000,0.840088546
1624233600000,0.837979972
1624248000000,0.83522284
1624262400000,0.832341433
1624276800000,0.828784287
1624291200000,0.825488567
1624305600000,0.821447134
1624320000000,0.817960024
1624334400000,0.814405739
1624348800000,0.810055733
1624363200000,0.805762827
1624377600000,0.801467121
1624392000000,0.796885729
1624406400000,0.793098569
1624420800000,0.790071428
1624435200000,0.786987126
1624449600000,0.783707142
1624464000000,0.780605733
1624478400000,0.777997136
1624492800000,0.775214314
1624507200000,0.772485733
1624521600000,0.769872844
1624536000000,0.76746428
1624550400000,0.765385687
1624564800000,0.763235688
1624579200000,0.761059999
1624593600000,0.75850141
1624608000000,0.755241454
1624622400000,0.751514256
1624636800000,0.747954309
1624651200000,0.744178593
1624665600000,0.740615726
1624680000000,0.736302853
1624694400000,0.732268572
1624708800000,0.728135705
1624723200000,0.724032879
1624737600000,0.720067143
1624752000000,0.716491401
1624766400000,0.713017166
1624780800000,0.709248543
1624795200000,0.705550015
1624809600000,0.701837122
1624824000000,0.698701441
1624838400000,0.695785701
1624852800000,0.693095744
1624867200000,0.690022886
1624881600000,0.687460005
1624896000000,0.684447169
1624910400000,0.681411445
1624924800000,0.678494275
1624939200000,0.675775707
1624953600000,0.674132884
1624968000000,0.672330022
1624982400000,0.670631409
1624996800000,0.66869998
1625011200000,0.666437149
1625025600000,0.664994299
1625040000000,0.66357857
1625054400000,0.661545694
1625068800000,0.6600914
1625083200000,0.658802867
1625097600000,0.65706712
1625112000000,0.655061424
1625126400000,0.653378546
1625140800000,0.651989996
1625155200000,0.650625706
1625169600000,0.649272859
1625184000000,0.648354292
1625198400000,0.647234261
1625212800000,0.645572841
1625227200000,0.64382571
1625241600000,0.642642856
1625256000000,0.64205569
1625270400000,0.64159143
1625284800000,0.641632855
1625299200000,0.641714275
1625313600000,0.642669976
1625328000000,0.64319998
1625342400000,0.64398998
1625356800000,0.645554304
1625371200000,0.647388577
1625385600000,0.649188578
1625400000000,0.651311457
1625414400000,0.652712882
1625428800000,0.653401434
1625443200000,0.654004276
1625457600000,0.654844284
1625472000000,0.655527115
1625486400000,0.655777156
1625500800000,0.656268597
1625515200000,0.65646714
1625529600000,0.6565786
1625544000000,0.656781435
1625558400000,0.656524301
1625572800000,0.656375706
1625587200000,0.656105697
1625601600000,0.656302869
1625616000000,0.656801403
1625630400000,0.65745002
1625644800000,0.658135712
1625659200000,0.658869982
1625673600000,0.659571409
1625688000000,0.660464287
1625702400000,0.66091001
1625716800000,0.661164284
1625731200000,0.661512852
1625745600000,0.661679983
1625760000000,0.66164428
1625774400000,0.661627114
1625788800000,0.661708593
1625803200000,0.661845744
1625817600000,0.661905706
1625832000000,0.661751449
1625846400000,0.661661446
1625860800000,0.661542833
1625875200000,0.661599994
1625889600000,0.661214292
1625904000000,0.660901427
1625918400000,0.660617113
1625932800000,0.660189986
1625947200000,0.659677148
1625961600000,0.658317149
1625976000000,0.656971455
1625990400000,0.655638576
1626004800000,0.65453428
1626019200000,0.653872848
1626033600000,0.653078556
1626048000000,0.652624309
1626062400000,0.652588546
1626076800000,0.651892841
1626091200000,0.650842845
1626105600000,0.650095701
1626120000000,0.649714291
1626134400000,0.649144292
1626148800000,0.648787141
1626163200000,0.648461401
1626177600000,0.647944272
1626192000000,0.647530019
1626206400000,0.647098601
1626220800000,0.646452844
1626235200000,0.645712852
1626249600000,0.64518857
1626264000000,0.644654274
1626278400000,0.644237161
1626292800000,0.643434286
1626307200000,0.6426543
1626321600000,0.641745687
1626336000000,0.640662849
1626350400000,0.639632881
1626364800000,0.638614297
1626379200000,0.637185693
1626393600000,0.635987163
1626408000000,0.634682834
1626422400000,0.63306284
1626436800000,0.631735742
1626451200000,0.6305843
1626465600000,0.629342854
1626480000000,0.628348589
1626494400000,0.62731427
1626508800000,0.626045704
1626523200000,0.625029981
1626537600000,0.624031425
1626552000000,0.622668564
1626566400000,0.621722877
1626580800000,0.620637119
1626595200000,0.619617164
1626609600000,0.618432879
1626624000000,0.617238581
1626638400000,0.616081417
1626652800000,0.614851415
1626667200000,0.613728583
1626681600000,0.612325728
1626696000000,0.610994279
1626710400000,0.609901428
1626724800000,0.609024286
1626739200000,0.607594311
1626753600000,0.606224298
1626768000000,0.604744315
1626782400000,0.60347712
1626796800000,0.602284312
1626811200000,0.601011455
1626825600000,0.599904299
1626840000000,0.598601401
1626854400000,0.597549975
1626868800000,0.596585691
1626883200000,0.595605731
1626897600000,0.594825685
1626912000000,0.593998551
1626926400000,0.593362868
1626940800000,0.59268856
1626955200000,0.592180014
1626969600000,0.591835737
1626984000000,0.591408551
1626998400000,0.59096998
1627012800000,0.590531409
1627027200000,0.589929998
1627041600000,0.589208543
1627056000000,0.5883286
1627070400000,0.587718546
1627084800000,0.587329984
1627099200000,0.587011456
1627113600000,0.586788595
1627128000000,0.586451411
1627142400000,0.586085737
1627156800000,0.585681438
1627171200000,0.585294306
1627185600000,0.585080028
1627200000000,0.584909976
1627214400000,0.584569991
1627228800000,0.584652841
1627243200000,0.584747136
1627257600000,0.585442841
1627272000000,0.585969985
1627286400000,0.586582839
1627300800000,0.587084293
1627315200000,0.587790012
1627329600000,0.587988555
1627344000000,0.588222861
1627358400000,0.588592887
1627372800000,0.589168549
1627387200000,0.58982569
1627401600000,0.590120018
1627416000000,0.590709984
1627430400000,0.591458559
1627444800000,0.59323287
1627459200000,0.595125735
1627473600000,0.596859992
1627488000000,0.598754287
1627502400000,0.600898564
1627516800000,0.602657139
1627531200000,0.604435742
1627545600000,0.605987132
1627560000000,0.60778141
1627574400000,0.609464288
1627588800000,0.611788571
1627603200000,0.614161432
1627617600000,0.616514266
1627632000000,0.618438542
1627646400000,0.620374262
1627660800000,0.622627139
1627675200000,0.625041425
1627689600000,0.627641439
1627704000000,0.630298555
1627718400000,0.633048594
1627732800000,0.635767162
1627747200000,0.638951421
1627761600000,0.642008543
1627776000000,0.645607114
1627790400000,0.648955703
1627804800000,0.652222872
1627819200000,0.655491412
1627833600000,0.658731401
1627848000000,0.661272883
1627862400000,0.663732886
1627876800000,0.666448593
1627891200000,0.669134259
1627905600000,0.671692848
1627920000000,0.674201429
1627934400000,0.676477134
1627948800000,0.678651452
1627963200000,0.680472851
1627977600000,0.682142854
1627992000000,0.68382287
1628006400000,0.685417116
1628020800000,0.687058568
1628035200000,0.688784301
1628049600000,0.690505743
1628064000000,0.692251444
1628078400000,0.693928599
1628092800000,0.695685685
1628107200000,0.69741714
1628121600000,0.69915998
1628136000000,0.700792849
1628150400000,0.702390015
1628164800000,0.703962862
1628179200000,0.705778599
1628193600000,0.707571447
1628208000000,0.709410012
1628222400000,0.711402833
1628236800000,0.713251412
1628251200000,0.715184271
1628265600000,0.716524303
1628280000000,0.717837155
1628294400000,0.719334304
1628308800000,0.720854282
1628323200000,0.722671449
1628337600000,0.725278556
1628352000000,0.727928579
1628366400000,0.730648577
1628380800000,0.733174264
1628395200000,0.735734284
1628409600000,0.738152862
1628424000000,0.740187168
1628438400000,0.74218142
1628452800000,0.742932856
1628467200000,0.743671417
1628481600000,0.744907141
1628496000000,0.746471405
1628510400000,0.747702837
1628524800000,0.749368548
1628539200000,0.750978589
1628553600000,0.75245285
1628568000000,0.754041433
1628582400000,0.755490005
1628596800000,0.756568551
1628611200000,0.757734299
1628625600000,0.75923574
1628640000000,0.761468589
1628654400000,0.763932884
1628668800000,0.766001403
1628683200000,0.768638551
1628697600000,0.773135722
1628712000000,0.776970029
1628726400000,0.780824304
1628740800000,0.784632862
1628755200000,0.787995696
1628769600000,0.790898561
1628784000000,0.793638587
1628798400000,0.79647857
1628812800000,0.799788594
1628827200000,0.803865731
1628841600000,0.807632864
1628856000000,0.811749995
1628870400000,0.815892875
1628884800000,0.820628583
1628899200000,0.825455725
1628913600000,0.831561446
1628928000000,0.837492883
1628942400000,0.84426856
1628956800000,0.851545691
1628971200000,0.859604299
1628985600000,0.868058562
1629000000000,0.875771403
1629014400000,0.8839643
1629028800000,0.891870022
1629043200000,0.900117159
1629057600000,0.908388555
1629072000000,0.916571438
1629086400000,0.924665689
1629100800000,0.932619989
1629115200000,0.939920008
1629129600000,0.946918547
1629144000000,0.953568578
1629158400000,0.960628569
1629172800000,0.967171431
1629187200000,0.974012852
1629201600000,0.980215728
1629216000000,0.986395717
1629230400000,0.991587162
1629244800000,0.997054279
1629259200000,1.00227571
1629273600000,1.00691569
1629288000000,1.0125829
1629302400000,1.01771855
1629316800000,1.02317286
1629331200000,1.02786434
1629345600000,1.03248
1629360000000,1.03675568
1629374400000,1.04151714
1629388800000,1.04684997
1629403200000,1.05274284
1629417600000,1.05858004
1629432000000,1.06507432
1629446400000,1.07161283
1629460800000,1.07880712
1629475200000,1.08550715
1629489600000,1.09216142
1629504000000,1.09856713
1629518400000,1.10492289
1629532800000,1.11085141
1629547200000,1.11688995
1629561600000,1.12270284
1629576000000,1.12839425
1629590400000,1.1343143
1629604800000,1.14040291
1629619200000,1.1462729
1629633600000,1.15134144
1629648000000,1.15602005
1629662400000,1.16075575
1629676800000,1.16601288
1629691200000,1.17041004
1629705600000,1.17351997
1629720000000,1.17679143
1629734400000,1.17978573
1629748800000,1.18311286
1629763200000,1.18675005
1629777600000,1.19114995
1629792000000,1.1950686
1629806400000,1.19816291
1629820800000,1.20065856
1629835200000,1.20199573
1629849600000,1.20378995
1629864000000,1.2058928
1629878400000,1.20775139
1629892800000,1.20894861
1629907200000,1.20996571
1629921600000,1.20992148
1629936000000,1.20980287
1629950400000,1.20850003
1629964800000,1.20670426
1629979200000,1.20390713
1629993600000,1.20078433
1630008000000,1.19825852
1630022400000,1.19531286
1630036800000,1.19299853
1630051200000,1.19053566
1630065600000,1.18851852
1630080000000,1.18650997
1630094400000,1.18507004
1630108800000,1.18332291
1630123200000,1.18217719
1630137600000,1.18123853
1630152000000,1.18071139
1630166400000,1.17974281
1630180800000,1.17931712
1630195200000,1.17813718
1630209600000,1.17780423
1630224000000,1.17742574
1630238400000,1.17790282
1630252800000,1.17853856
1630267200000,1.17903852
1630281600000,1.17981434
1630296000000,1.17973852
1630310400000,1.17981863
1630324800000,1.17962432
1630339200000,1.17997575
1630353600000,1.17957568
1630368000000,1.1798929
1630382400000,1.17966568
1630396800000,1.17893863
1630411200000,1.17816854
1630425600000,1.17797709
1630440000000,1.17718577
1630454400000,1.17641139
1630468800000,1.17503428
1630483200000,1.17416716
1630497600000,1.17317998
1630512000000,1.17226148
1630526400000,1.17187142
1630540800000,1.17214572
1630555200000,1.17230284
1630569600000,1.17341137
1630584000000,1.17387855
1630598400000,1.17429852
1630612800000,1.17435002
1630627200000,1.17473567
1630641600000,1.17553139
1630656000000,1.17660427
1630670400000,1.17769289
1630684800000,1.17859006
1630699200000,1.17925715
1630713600000,1.17927718
1630728000000,1.17983425
1630742400000,1.18034291
1630756800000,1.18060994
1630771200000,1.18082285
1630785600000,1.18079424
1630800000000,1.18087852
1630814400000,1.1818229
1630828800000,1.18318999
1630843200000,1.18536711
1630857600000,1.1873728
1630872000000,1.18949854
1630886400000,1.19192576
1630900800000,1.1940428
1630915200000,1.19685853
1630929600000,1.19955432
1630944000000,1.20303857
1630958400000,1.20686996
1630972800000,1.21061432
1630987200000,1.21444428
1631001600000,1.21728289
1631016000000,1.2181586
1631030400000,1.2181828
1631044800000,1.21852434
1631059200000,1.21832001
1631073600000,1.21695006
1631088000000,1.21619999
1631102400000,1.21490002
1631116800000,1.21407139
1631131200000,1.2131871
1631145600000,1.21233714
1631160000000,1.21178424
1631174400000,1.21140575
1631188800000,1.21099281
1631203200000,1.21057284
1631217600000,1.20976567
1631232000000,1.20977139
1631246400000,1.20929575
1631260800000,1.20839143
1631275200000,1.20736718
1631289600000,1.20659709
1631304000000,1.20542002
1631318400000,1.20445859
1631332800000,1.20362139
1631347200000,1.20292711
1631361600000,1.20287573
1631376000000,1.20231569
1631390400000,1.20151854
1631404800000,1.20062995
1631419200000,1.19918716
1631433600000,1.1979357
1631448000000,1.19681716
1631462400000,1.19578719
1631476800000,1.19480288
1631491200000,1.19303286
1631505600000,1.1909771
1631520000000,1.18898857
1631534400000,1.18630433
1631548800000,1.18363714
1631563200000,1.18097138
1631577600000,1.17787576
1631592000000,1.17540288
1631606400000,1.17271996
1631620800000,1.17029715
1631635200000,1.16744149
1631649600000,1.1650728
1631664000000,1.16233289
1631678400000,1.1593529
1631692800000,1.15614426
1631707200000,1.15361285
1631721600000,1.15131855
1631736000000,1.14904141
1631750400000,1.1466614
1631764800000,1.1446172
1631779200000,1.14261711
1631793600000,1.14045143
1631808000000,1.13827717
1631822400000,1.13603282
1631836800000,1.13370144
1631851200000,1.13084137
1631865600000,1.12758005
1631880000000,1.12418282
1631894400000,1.12071145
1631908800000,1.11705434
1631923200000,1.11307144
1631937600000,1.1091243
1631952000000,1.10466862
1631966400000,1.10028577
1631980800000,1.0961014
1631995200000,1.09213853
1632009600000,1.08905995
1632024000000,1.08832431
1632038400000,1.08807147
1632052800000,1.08719575
1632067200000,1.0866586
1632081600000,1.0866586
1632096000000,1.08516002
1632110400000,1.08311141
1632124800000,1.08041286
1632139200000,1.07802856
1632153600000,1.07560146
1632168000000,1.07291138
1632182400000,1.07053006
1632196800000,1.06816006
1632211200000,1.06605291
1632225600000,1.06387854
1632240000000,1.06046999
1632254400000,1.05725145
1632268800000,1.05482852
1632283200000,1.05303431
1632297600000,1.05079997
1632312000000,1.04951572
1632326400000,1.04840863
1632340800000,1.04743862
1632355200000,1.04621577
1632369600000,1.04487145
1632384000000,1.04328859
1632398400000,1.04185712
1632412800000,1.04075146
1632427200000,1.03961718
1632441600000,1.03783572
1632456000000,1.03605139
1632470400000,1.03329575
1632484800000,1.03049004
1632499200000,1.02857423
1632513600000,1.02705002
1632528000000,1.02532852
1632542400000,1.02376997
1632556800000,1.02198994
1632571200000,1.02020431
1632585600000,1.01829576
1632600000000,1.01633716
1632614400000,1.01426852
1632628800000,1.01160002
1632643200000,1.00969148
1632657600000,1.00756001
1632672000000,1.00549281
1632686400000,1.00334716
1632700800000,1.00159287
1632715200000,0.99940145
1632729600000,0.997104287
1632744000000,0.994607151
1632758400000,0.992167115
1632772800000,0.989298582
1632787200000,0.986771405
1632801600000,0.98425287
1632816000000,0.98202002
1632830400000,0.979488552
1632844800000,0.976769984
1632859200000,0.973995686
1632873600000,0.971924305
1632888000000,0.969848573
1632902400000,0.967692852
1632916800000,0.965848565
1632931200000,0.963567138
1632945600000,0.961271405
1632960000000,0.95954144
1632974400000,0.957520008
1632988800000,0.955531418
1633003200000,0.953660011
1633017600000,0.951891422
1633032000000,0.950038552
1633046400000,0.948455691
1633060800000,0.947071433
1633075200000,0.946471453
1633089600000,0.946144283
1633104000000,0.94695431
1633118400000,0.948149979
1633132800000,0.949492872
1633147200000,0.950704277
1633161600000,0.952180028
1633176000000,0.95387429
1633190400000,0.955529988
1633204800000,0.956731439
1633219200000,0.958091438
1633233600000,0.959635735
1633248000000,0.961858571
1633262400000,0.964547157
1633276800000,0.966807127
1633291200000,0.968398571
1633305600000,0.969954312
1633320000000,0.97104001
1633334400000,0.971601427
1633348800000,0.97201997
1633363200000,0.972534299
1633377600000,0.97310859
1633392000000,0.974120021
1633406400000,0.975201428
1633420800000,0.975987136
1633435200000,0.976891458
1633449600000,0.978174269
1633464000000,0.979627132
1633478400000,0.981754303
1633492800000,0.983690023
1633507200000,0.985131443
1633521600000,0.987307131
1633536000000,0.989312828
1633550400000,0.991274297
1633564800000,0.992995739
1633579200000,0.995091438
1633593600000,0.997157156
1633608000000,0.998982847
1633622400000,1.00108433
1633636800000,1.00351286
1633651200000,1.00529146
1633665600000,1.00717998
1633680000000,1.0091114
1633694400000,1.01094139
1633708800000,1.0124557
1633723200000,1.01392281
1633737600000,1.01546574
1633752000000,1.01725566
1633766400000,1.01981139
1633780800000,1.02311432
1633795200000,1.02641428
1633809600000,1.02974856
1633824000000,1.03300571
1633838400000,1.03731573
1633852800000,1.04147148
1633867200000,1.04566431
1633881600000,1.04935718
1633896000000,1.0523771
1633910400000,1.05583858
1633924800000,1.05926859
1633939200000,1.0625757
1633953600000,1.06584859
1633968000000,1.06830573
1633982400000,1.07109141
1633996800000,1.07332146
1634011200000,1.07555425
1634025600000,1.07759714
1634040000000,1.07971859
1634054400000,1.08176005
1634068800000,1.08364427
1634083200000,1.08503711
1634097600000,1.08584142
1634112000000,1.08663285
1634126400000,1.08755004
1634140800000,1.0889771
1634155200000,1.09055424
1634169600000,1.0920471
1634184000000,1.0931828
1634198400000,1.09428573
1634212800000,1.09572852
1634227200000,1.09700429
1634241600000,1.09829855
1634256000000,1.09948003
1634270400000,1.10063863
1634284800000,1.10119569
1634299200000,1.10220718
1634313600000,1.1039114
1634328000000,1.10532284
1634342400000,1.10695291
1634356800000,1.10847998
1634371200000,1.11030853
1634385600000,1.11189997
1634400000000,1.11331999
1634414400000,1.11448002
1634428800000,1.11563575
1634443200000,1.1165272
1634457600000,1.11738718
1634472000000,1.11785567
1634486400000,1.11845291
1634500800000,1.11897433
1634515200000,1.11986291
1634529600000,1.11981428
1634544000000,1.11978281
1634558400000,1.11996853
1634572800000,1.1202414
1634587200000,1.12020004
1634601600000,1.12040281
1634616000000,1.12076283
1634630400000,1.12099004
1634644800000,1.12115288
1634659200000,1.12134719
1634673600000,1.12152576
1634688000000,1.12185144
1634702400000,1.12227428
1634716800000,1.12277853
1634731200000,1.12391853
1634745600000,1.12505567
1634760000000,1.12610853
1634774400000,1.12663138
1634788800000,1.1264286
1634803200000,1.12597001
1634817600000,1.12528288
1634832000000,1.12432718
1634846400000,1.12251568
1634860800000,1.1211971
1634875200000,1.12006712
1634889600000,1.11908567
1634904000000,1.11850429
1634918400000,1.11747718
1634932800000,1.11623001
1634947200000,1.11541569
1634961600000,1.11451566
1634976000000,1.1139971
1634990400000,1.11343288
1635004800000,1.11334288
1635019200000,1.11324859
1635033600000,1.11332858
1635048000000,1.11309576
1635062400000,1.1129843
1635076800000,1.11261141
1635091200000,1.1119343
1635105600000,1.1119529
1635120000000,1.11193287
1635134400000,1.11179996
1635148800000,1.11148572
1635163200000,1.11112857
1635177600000,1.11059284
1635192000000,1.11024427
1635206400000,1.10991287
1635220800000,1.10975862
1635235200000,1.10954142
1635249600000,1.10916996
1635264000000,1.10888577
1635278400000,1.10837996
1635292800000,1.1082871
1635307200000,1.10762715
1635321600000,1.10573709
1635336000000,1.10402572
1635350400000,1.10223854
1635364800000,1.10016143
1635379200000,1.09774995
1635393600000,1.09630573
1635408000000,1.09504998
1635422400000,1.09389281
1635436800000,1.09287715
1635451200000,1.09191573
1635465600000,1.09112144
1635480000000,1.09027576
1635494400000,1.08958006
1635508800000,1.08938575
1635523200000,1.08913863
1635537600000,1.08900285
1635552000000,1.08896148
1635566400000,1.08903575
1635580800000,1.08924139
1635595200000,1.08919859
1635609600000,1.08896577
1635624000000,1.08886003
1635638400000,1.08912575
1635652800000,1.08977997
1635667200000,1.0898
1635681600000,1.08971143
1635696000000,1.08965862
1635710400000,1.08982289
1635724800000,1.08937144
1635739200000,1.0888257
1635753600000,1.08801425
1635768000000,1.08726287
1635782400000,1.08653426
1635796800000,1.08586717
1635811200000,1.08537996
1635825600000,1.08513284
1635840000000,1.08530712
1635854400000,1.08576429
1635868800000,1.08615851
1635883200000,1.0865314
1635897600000,1.08714426
1635912000000,1.08868003
1635926400000,1.09014714
1635940800000,1.09127426
1635955200000,1.0927
1635969600000,1.0943929
1635984000000,1.09628141
1635998400000,1.09765851
1636012800000,1.09911573
1636027200000,1.10030282
1636041600000,1.10160577
1636056000000,1.10327423
1636070400000,1.10489428
1636084800000,1.10648859
1636099200000,1.10789573
1636113600000,1.10887432
1636128000000,1.10976291
1636142400000,1.11065996
1636156800000,1.1117543
1636171200000,1.11249852
1636185600000,1.11300862
1636200000000,1.11360717
1636214400000,1.11406147
1636228800000,1.11442423
1636243200000,1.11496568
1636257600000,1.11578572
1636272000000,1.11681426
1636286400000,1.11834574
1636300800000,1.11992574
1636315200000,1.12192714
1636329600000,1.12544715
1636344000000,1.12911427
1636358400000,1.13274288
1636372800000,1.13656282
1636387200000,1.14011002
1636401600000,1.14339423
1636416000000,1.14653146
1636430400000,1.14934146
1636444800000,1.15188003
1636459200000,1.15460432
1636473600000,1.15717995
1636488000000,1.16002285
1636502400000,1.16243851
1636516800000,1.16471148
1636531200000,1.16703856
1636545600000,1.1704514
1636560000000,1.17328572
1636574400000,1.17463863
1636588800000,1.17615569
1636603200000,1.17849863
1636617600000,1.18065286
1636632000000,1.18247855
1636646400000,1.18402863
1636660800000,1.18531716
1636675200000,1.18724859
1636689600000,1.18894434
1636704000000,1.19001567
1636718400000,1.19083714
1636732800000,1.19230998
1636747200000,1.19350719
1636761600000,1.19471717
1636776000000,1.19615996
1636790400000,1.19735861
1636804800000,1.19882429
1636819200000,1.20009005
1636833600000,1.20143282
1636848000000,1.20251715
1636862400000,1.20339286
1636876800000,1.20421147
1636891200000,1.20485139
1636905600000,1.20531857
1636920000000,1.20511997
1636934400000,1.20526433
1636948800000,1.20585144
1636963200000,1.20605004
1636977600000,1.20573425
1636992000000,1.20514858
1637006400000,1.20485139
1637020800000,1.2038871
1637035200000,1.2031343
1637049600000,1.20178425
1637064000000,1.2003386
1637078400000,1.19884288
1637092800000,1.19741857
1637107200000,1.19595146
1637121600000,1.19503713
1637136000000,1.19437146
1637150400000,1.19331431
1637164800000,1.19227576
1637179200000,1.19142139
1637193600000,1.19137144
1637208000000,1.19093859
1637222400000,1.1900171
1637236800000,1.18865287
1637251200000,1.18722284
1637265600000,1.18543851
1637280000000,1.18315709
1637294400000,1.18069577
1637308800000,1.17828
1637323200000,1.17639852
1637337600000,1.17401004
1637352000000,1.17132998
1637366400000,1.16873145
1637380800000,1.16622567
1637395200000,1.1639986
1637409600000,1.16089284
1637424000000,1.15821862
1637438400000,1.15602291
1637452800000,1.15365577
1637467200000,1.15124142
1637481600000,1.14859998
1637496000000,1.14605284
1637510400000,1.14373863
1637524800000,1.14114714
1637539200000,1.13822997
1637553600000,1.1342628
1637568000000,1.13097143
1637582400000,1.12908423
1637596800000,1.12668431
1637611200000,1.12370861
1637625600000,1.12117434
1637640000000,1.11865425
1637654400000,1.11607862
1637668800000,1.11367857
1637683200000,1.11137283
1637697600000,1.10940433
1637712000000,1.10753858
1637726400000,1.10567427
1637740800000,1.10360146
1637755200000,1.10132289
1637769600000,1.09905434
1637784000000,1.09676147
1637798400000,1.09477139
1637812800000,1.0924629
1637827200000,1.09033859
1637841600000,1.08838999
1637856000000,1.08652282
1637870400000,1.08455002
1637884800000,1.08225143
1637899200000,1.07988572
1637913600000,1.07635856
1637928000000,1.07289577
1637942400000,1.06926572
1637956800000,1.06541145
1637971200000,1.0618
1637985600000,1.05834854
1638000000000,1.0550071
1638014400000,1.05192709
1638028800000,1.04952288
1638043200000,1.04696572
1638057600000,1.04437995
1638072000000,1.04194427
1638086400000,1.03969431
1638100800000,1.03736424
1638115200000,1.03529143
1638129600000,1.03359711
1638144000000,1.03171289
1638158400000,1.03035426
1638172800000,1.0285871
1638187200000,1.02688146
1638201600000,1.02475286
1638216000000,1.02307713
1638230400000,1.02181852
1638244800000,1.02077281
1638259200000,1.01996863
1638273600000,1.01947284
1638288000000,1.01916146
1638302400000,1.0185343
1638316800000,1.01793289
1638331200000,1.01686573
1638345600000,1.01556289
1638360000000,1.01444709
1638374400000,1.01322854
1638388800000,1.01187003
1638403200000,1.01002002
1638417600000,1.00870717
1638432000000,1.00699568
1638446400000,1.0052371
1638460800000,1.00378716
1638475200000,1.00224137
1638489600000,1.00072861
1638504000000,0.999274313
1638518400000,0.997975707
1638532800000,0.996597171
1638547200000,0.995037138
1638561600000,0.993285716
1638576000000,0.990944266
1638590400000,0.986538589
1638604800000,0.982688546
1638619200000,0.979208589
1638633600000,0.975928545
1638648000000,0.973184288
1638662400000,0.970347166
1638676800000,0.967357159
1638691200000,0.964024305
1638705600000,0.960070014
1638720000000,0.956551433
1638734400000,0.953182876
1638748800000,0.94984287
1638763200000,0.946210027
1638777600000,0.942722857
1638792000000,0.939291418
1638806400000,0.935800016
1638820800000,0.932825685
1638835200000,0.929818571
1638849600000,0.926639974
1638864000000,0.923547149
1638878400000,0.920591414
1638892800000,0.917598546
1638907200000,0.914757133
1638921600000,0.912941456
1638936000000,0.911421418
1638950400000,0.909392834
1638964800000,0.90834713
1638979200000,0.90717572
1638993600000,0.905960023
1639008000000,0.904448569
1639022400000,0.903074265
1639036800000,0.902360022
1639051200000,0.901577115
1639065600000,0.900862873
1639080000000,0.899844289
1639094400000,0.898665726
1639108800000,0.897355735
1639123200000,0.896284282
1639137600000,0.89420855
1639152000000,0.89205569
1639166400000,0.889314294
1639180800000,0.887184262
1639195200000,0.885045707
1639209600000,0.882950008
1639224000000,0.880777121
1639238400000,0.878272831
1639252800000,0.876208544
1639267200000,0.873784304
1639281600000,0.87118715
1639296000000,0.868572831
1639310400000,0.866052866
1639324800000,0.863764286
1639339200000,0.861265719
1639353600000,0.858714283
1639368000000,0.856071413
1639382400000,0.853609979
1639396800000,0.850868583
1639411200000,0.848100007
1639425600000,0.845345736
1639440000000,0.842732847
1639454400000,0.840082884
1639468800000,0.837682843
1639483200000,0.835110009
1639497600000,0.832719982
1639512000000,0.830335736
1639526400000,0.82797569
1639540800000,0.825815737
1639555200000,0.824055731
1639569600000,0.822000027
1639584000000,0.821089983
1639598400000,0.822189987
1639612800000,0.82312429
1639627200000,0.823570013
1639641600000,0.823645711
1639656000000,0.823382854
1639670400000,0.822985709
1639684800000,0.822512865
1639699200000,0.822382867
1639713600000,0.822714269
1639728000000,0.822860003
1639742400000,0.822735727
1639756800000,0.822694302
1639771200000,0.822994292
1639785600000,0.823418558
1639800000000,0.823694289
1639814400000,0.824165702
1639828800000,0.824141443
1639843200000,0.824027121
1639857600000,0.823967159
1639872000000,0.823865712
1639886400000,0.823801458
1639900800000,0.823871434
1639915200000,0.824081421
1639929600000,0.824435711
1639944000000,0.82435286
1639958400000,0.825702846
1639972800000,0.825752854
1639987200000,0.825511456
1640001600000,0.825139999
1640016000000,0.825347126
1640030400000,0.82560426
1640044800000,0.825131416
1640059200000,0.825147152
1640073600000,0.82563144
1640088000000,0.826082885
1640102400000,0.827037156
1640116800000,0.828651428
1640131200000,0.830408573
1640145600000,0.832297146
1640160000000,0.834128559
1640174400000,0.8363114
1640188800000,0.838237166
1640203200000,0.840047121
1640217600000,0.842547119
1640232000000,0.844461441
1640246400000,0.846481442
1640260800000,0.848477125
1640275200000,0.851059973
1640289600000,0.85347569
1640304000000,0.855625689
1640318400000,0.857771456
1640332800000,0.859520018
1640347200000,0.861001432
1640361600000,0.862169981
1640376000000,0.863405704
1640390400000,0.864644289
1640404800000,0.866460025
1640419200000,0.868551433
1640433600000,0.870597124
1640448000000,0.872544289
1640462400000,0.874502838
1640476800000,0.875928581
1640491200000,0.877680004
1640505600000,0.879321456
1640520000000,0.880854309
1640534400000,0.882394314
1640548800000,0.883970022
1640563200000,0.885677159
1640577600000,0.887755692
1640592000000,0.889202833
1640606400000,0.890749991
1640620800000,0.892337143
1640635200000,0.893801451
1640649600000,0.894710004
1640664000000,0.895585716
1640678400000,0.896757126
1640692800000,0.897864282
1640707200000,0.898537159
1640721600000,0.899079978
1640736000000,0.89984858
1640750400000,0.900481403
1640764800000,0.901188552
1640779200000,0.90186286
1640793600000,0.902178586
1640808000000,0.902231455
1640822400000,0.902097166
1640836800000,0.90221858
1640851200000,0.902509987
1640865600000,0.902668595
1640880000000,0.902805686
1640894400000,0.902885735
1640908800000,0.903018594
1640923200000,0.903084278
1640937600000,0.903282881
1640952000000,0.903372884
1640966400000,0.901895702
1640980800000,0.901298583
1640995200000,0.901097119
1641009600000,0.901177168
1641024000000,0.900878549
1641038400000,0.900359988
1641052800000,0.900089979
1641067200000,0.899491429
1641081600000,0.898778558
1641096000000,0.898092866
1641110400000,0.897034287
1641124800000,0.895735741
1641139200000,0.894032836
1641153600000,0.892647147
1641168000000,0.891118586
1641182400000,0.889580011
1641196800000,0.88799715
1641211200000,0.886354268
1641225600000,0.883904278
1641240000000,0.881912827
1641254400000,0.879989982
1641268800000,0.877842844
1641283200000,0.875355721
1641297600000,0.87309283
1641312000000,0.870962858
1641326400000,0.868844271
1641340800000,0.866794288
1641355200000,0.86516428
1641369600000,0.864022851
1641384000000,0.862801433
1641398400000,0.861129999
1641412800000,0.858915687
1641427200000,0.856464267
1641441600000,0.854141414
1641456000000,0.851627171
1641470400000,0.849284291
1641484800000,0.847469985
1641499200000,0.845531404
1641513600000,0.843108594
1641528000000,0.840745687
1641542400000,0.838431418
1641556800000,0.835974276
1641571200000,0.833674312
1641585600000,0.831385732
1641600000000,0.82917428
1641614400000,0.826845706
1641628800000,0.824361444
1641643200000,0.821935713
1641657600000,0.819592834
1641672000000,0.817558587
1641686400000,0.815555692
1641700800000,0.813647151
1641715200000,0.812085688
1641729600000,0.810535729
1641744000000,0.809178591
1641758400000,0.807929993
1641772800000,0.806555688
1641787200000,0.805242836
1641801600000,0.804022849
1641816000000,0.802698553
1641830400000,0.801310003
1641844800000,0.799981415
1641859200000,0.798621416
1641873600000,0.797311425
1641888000000,0.795842886
1641902400000,0.794444263
1641916800000,0.793385684
1641931200000,0.792458594
1641945600000,0.791407168
1641960000000,0.790248573
1641974400000,0.78977716
1641988800000,0.789238572
1642003200000,0.788608551
1642017600000,0.787991405
1642032000000,0.787259996
1642046400000,0.786542833
1642060800000,0.785577118
1642075200000,0.784502864
1642089600000,0.783397138
1642104000000,0.782341421
1642118400000,0.781279981
1642132800000,0.78021431
1642147200000,0.778867126
1642161600000,0.777655721
1642176000000,0.776601434
1642190400000,0.775597155
1642204800000,0.774557114
1642219200000,0.773724258
1642233600000,0.772925735
1642248000000,0.772279978
1642262400000,0.771661401
1642276800000,0.770975709
1642291200000,0.770142853
1642305600000,0.769374311
1642320000000,0.768695712
1642334400000,0.768029988
1642348800000,0.767234266
1642363200000,0.76651001
1642377600000,0.765668571
1642392000000,0.764784276
1642406400000,0.764330029
1642420800000,0.764162838
1642435200000,0.764375687
1642449600000,0.764375687
1642464000000,0.764508545
1642478400000,0.76443857
1642492800000,0.763968587
1642507200000,0.763465703
1642521600000,0.763528585
1642536000000,0.763508558
1642550400000,0.763275743
1642564800000,0.762985706
1642579200000,0.762612879
1642593600000,0.762265742
1642608000000,0.76187712
1642622400000,0.761394262
1642636800000,0.761082828
1642651200000,0.760930002
1642665600000,0.761108577
1642680000000,0.761318564
1642694400000,0.761409998
1642708800000,0.761002839
1642723200000,0.760152876
1642737600000,0.759474277
1642752000000,0.758381426
1642766400000,0.757367134
1642780800000,0.756110013
1642795200000,0.75446856
1642809600000,0.752992868
1642824000000,0.751211405
1642838400000,0.749282837
1642852800000,0.746918559
1642867200000,0.744547129
1642881600000,0.742414296
1642896000000,0.740408599
1642910400000,0.738614261
1642924800000,0.736518562
1642939200000,0.734154284
1642953600000,0.731615722
1642968000000,0.729737163
1642982400000,0.727482855
1642996800000,0.724740028
1643011200000,0.721471429
1643025600000,0.718371451
1643040000000,0.715640008
1643054400000,0.71305716
1643068800000,0.710434258
1643083200000,0.707828581
1643097600000,0.705460012
1643112000000,0.703069985
1643126400000,0.70079428
1643140800000,0.6984514
1643155200000,0.696484268
1643169600000,0.694295704
1643184000000,0.692312837
1643198400000,0.69033426
1643212800000,0.688421428
1643227200000,0.686121404
1643241600000,0.683508575
1643256000000,0.680901408
1643270400000,0.678394258
1643284800000,0.675979972
1643299200000,0.673481405
1643313600000,0.671024263
1643328000000,0.66861999
1643342400000,0.66611284
1643356800000,0.663542867
1643371200000,0.661032856
1643385600000,0.658699989
1643400000000,0.656485736
1643414400000,0.654291451
1643428800000,0.652267158
1643443200000,0.65014571
1643457600000,0.648028553
1643472000000,0.645992875
1643486400000,0.643998563
1643500800000,0.64210856
1643515200000,0.640351415
1643529600000,0.638499975
1643544000000,0.636555731
1643558400000,0.634544313
1643572800000,0.632740021
1643587200000,0.630568564
1643601600000,0.6284343
1643616000000,0.626288593
1643630400000,0.624274313
1643644800000,0.622332871
1643659200000,0.620491445
1643673600000,0.618817151
1643688000000,0.616779983
1643702400000,0.614831448
1643716800000,0.613441408
1643731200000,0.612458587
1643745600000,0.611504257
1643760000000,0.610621452
1643774400000,0.609784305
1643788800000,0.609218597
1643803200000,0.608852863
1643817600000,0.608477116
1643832000000,0.608501434
1643846400000,0.608692884
1643860800000,0.609137118
1643875200000,0.609394312
1643889600000,0.609494269
1643904000000,0.609489977
1643918400000,0.609412849
1643932800000,0.609294295
1643947200000,0.60947144
1643961600000,0.609758556
1643976000000,0.609698594
1643990400000,0.610075712
1644004800000,0.610875726
1644019200000,0.612315714
1644033600000,0.61358285
1644048000000,0.614642859
1644062400000,0.615527153
1644076800000,0.616404295
1644091200000,0.617439985
1644105600000,0.61843574
1644120000000,0.619407117
1644134400000,0.620202839
1644148800000,0.62091285
1644163200000,0.62164855
1644177600000,0.622532845
1644192000000,0.623817146
1644206400000,0.625528574
1644220800000,0.627455711
1644235200000,0.629652858
1644249600000,0.632424295
1644264000000,0.635661423
1644278400000,0.639418542
1644292800000,0.6434986
1644307200000,0.647170007
1644321600000,0.650377154
1644336000000,0.65330857
1644350400000,0.657221437
1644364800000,0.660832882
1644379200000,0.664520025
1644393600000,0.668132842
1644408000000,0.672034264
1644422400000,0.676017165
1644436800000,0.679611444
1644451200000,0.683132887
1644465600000,0.686815739
1644480000000,0.69068712
1644494400000,0.694214284
1644508800000,0.697549999
1644523200000,0.700460017
1644537600000,0.703360021
1644552000000,0.706279993
1644566400000,0.709341407
1644580800000,0.712461412
1644595200000,0.715368569
1644609600000,0.71779573
1644624000000,0.720382869
1644638400000,0.722767115
1644652800000,0.725134313
1644667200000,0.727781415
1644681600000,0.730707169
1644696000000,0.733638585
1644710400000,0.736521423
1644724800000,0.739459991
1644739200000,0.742525697
1644753600000,0.745304286
1644768000000,0.747795701
1644782400000,0.75041002
1644796800000,0.752794266
1644811200000,0.755457163
1644825600000,0.757960021
1644840000000,0.760827124
1644854400000,0.763505697
1644868800000,0.766300023
1644883200000,0.769525707
1644897600000,0.772705734
1644912000000,0.77601856
1644926400000,0.77909714
1644940800000,0.78220284
1644955200000,0.785562873
1644969600000,0.788730025
1644984000000,0.791788578
1644998400000,0.794488549
1645012800000,0.796787143
1645027200000,0.79914999
1645041600000,0.801531434
1645056000000,0.803690016
1645070400000,0.805899978
1645084800000,0.808088601
1645099200000,0.810028553
1645113600000,0.811634302
1645128000000,0.81304574
1645142400000,0.814737141
1645156800000,0.816618562
1645171200000,0.818124294
1645185600000,0.819318593
1645200000000,0.82004571
1645214400000,0.820471406
1645228800000,0.820717156
1645243200000,0.821034312
1645257600000,0.820832849
1645272000000,0.820828557
1645286400000,0.820004284
1645300800000,0.818934262
1645315200000,0.81805855
1645329600000,0.817430019
1645344000000,0.817095697
1645358400000,0.815801442
1645372800000,0.814880013
1645387200000,0.813679993
1645401600000,0.812677145
1645416000000,0.811428547
1645430400000,0.809695721
1645444800000,0.808449984
1645459200000,0.806945741
1645473600000,0.804514289
1645488000000,0.801551402
1645502400000,0.798925698
1645516800000,0.7968086
1645531200000,0.795099974
1645545600000,0.793442845
1645560000000,0.792031407
1645574400000,0.790537119
1645588800000,0.789152861
1645603200000,0.788324296
1645617600000,0.787807167
1645632000000,0.786851406
1645646400000,0.785889983
1645660800000,0.783978581
1645675200000,0.781681418
1645689600000,0.778952837
1645704000000,0.776505709
1645718400000,0.774571419
1645732800000,0.772669971
1645747200000,0.7707057
1645761600000,0.768932879
1645776000000,0.767475724
1645790400000,0.766178548
1645804800000,0.765272856
1645819200000,0.764877141
1645833600000,0.764702857
1645848000000,0.764299989
1645862400000,0.763890028
1645876800000,0.763265729
1645891200000,0.762237132
1645905600000,0.761157155
1645920000000,0.759758592
1645934400000,0.758524299
1645948800000,0.757537127
1645963200000,0.75610429
1645977600000,0.75436002
1645992000000,0.752687156
1646006400000,0.751134276
1646020800000,0.749798596
1646035200000,0.748262882
1646049600000,0.747175694
1646064000000,0.74632287
1646078400000,0.745654285
1646092800000,0.745078564
1646107200000,0.744662881
1646121600000,0.744449973
1646136000000,0.744617164
1646150400000,0.744539976
1646164800000,0.74433428
1646179200000,0.744348586
1646193600000,0.744377136
1646208000000,0.744409978
1646222400000,0.744140029
1646236800000,0.7437886
1646251200000,0.743415713
1646265600000,0.743292868
1646280000000,0.742377162
1646294400000,0.741682827
1646308800000,0.740647137
1646323200000,0.739871442
1646337600000,0.739324272
1646352000000,0.738564312
1646366400000,0.737884283
1646380800000,0.73727715
1646395200000,0.736644268
1646409600000,0.735602856
1646424000000,0.73439002
1646438400000,0.733677149
1646452800000,0.732842863
1646467200000,0.732524276
1646481600000,0.733341455
1646496000000,0.734392881
1646510400000,0.735437155
1646524800000,0.736035705
1646539200000,0.736617148
1646553600000,0.737011433
1646568000000,0.737237155
1646582400000,0.737567127
1646596800000,0.737587154
1646611200000,0.737404287
1646625600000,0.737608552
1646640000000,0.738168597
1646654400000,0.738879979
1646668800000,0.739912868
1646683200000,0.741028547
1646697600000,0.742287159
1646712000000,0.743315697
1646726400000,0.74387145
1646740800000,0.744257152
1646755200000,0.744607151
1646769600000,0.744922876
1646784000000,0.745568573
1646798400000,0.746065736
1646812800000,0.74637574
1646827200000,0.746327162
1646841600000,0.746147156
1646856000000,0.746032834
1646870400000,0.746014297
1646884800000,0.74575001
1646899200000,0.745491445
1646913600000,0.74517715
1646928000000,0.745255709
1646942400000,0.745221436
1646956800000,0.744974315
1646971200000,0.744889975
1646985600000,0.745334268
1647000000000,0.745480001
1647014400000,0.7457214
1647028800000,0.746852875
1647043200000,0.748111427
1647057600000,0.748621404
1647072000000,0.748952866
1647086400000,0.749082863
1647100800000,0.749300003
1647115200000,0.749491453
1647129600000,0.749904275
1647144000000,0.75016284
1647158400000,0.750321448
1647172800000,0.750337124
1647187200000,0.750425696
1647201600000,0.750308573
1647216000000,0.750094295
1647230400000,0.750145733
1647244800000,0.750147164
1647259200000,0.750034273
1647273600000,0.749975741
1647288000000,0.75008285
1647302400000,0.750032842
1647316800000,0.75008285
1647331200000,0.750221431
1647345600000,0.750387132
1647360000000,0.750859976
1647374400000,0.751258552
1647388800000,0.751545727
1647403200000,0.751999974
1647417600000,0.752808571
1647432000000,0.753740013
1647446400000,0.754681408
1647460800000,0.755657136
1647475200000,0.756495714
1647489600000,0.756938577
1647504000000,0.757444263
1647518400000,0.758014262
1647532800000,0.758769989
1647547200000,0.759445727
1647561600000,0.760208547
1647576000000,0.760932863
1647590400000,0.761595726
1647604800000,0.762481451
1647619200000,0.763588548
1647633600000,0.764431417
1647648000000,0.765181422
1647662400000,0.766072869
1647676800000,0.767531455
1647691200000,0.76890713
1647705600000,0.770291448
1647720000000,0.771662831
1647734400000,0.772909999
1647748800000,0.774205685
1647763200000,0.775398552
1647777600000,0.776582837
1647792000000,0.777515709
1647806400000,0.778312862
1647820800000,0.778989971
1647835200000,0.779624283
1647849600000,0.780357122
1647864000000,0.781077147
1647878400000,0.782341421
1647892800000,0.78375715
1647907200000,0.785448551
1647921600000,0.787147164
1647936000000,0.788717151
1647950400000,0.790157139
1647964800000,0.791450024
1647979200000,0.792758584
1647993600000,0.793944299
1648008000000,0.795249999
1648022400000,0.796497166
1648036800000,0.797028601
1648051200000,0.797211409
1648065600000,0.797808588
1648080000000,0.798478544
1648094400000,0.799128592
1648108800000,0.799769998
1648123200000,0.800607145
1648137600000,0.801310003
1648152000000,0.801959991
1648166400000,0.802651405
1648180800000,0.803415716
1648195200000,0.80421859
1648209600000,0.80525142
1648224000000,0.806185722
1648238400000,0.806978583
1648252800000,0.807844281
1648267200000,0.808885694
1648281600000,0.809878588
1648296000000,0.810685694
1648310400000,0.811651409
1648324800000,0.812801421
1648339200000,0.813972831
1648353600000,0.815067172
1648368000000,0.816012859
1648382400000,0.817041457
1648396800000,0.818178594
1648411200000,0.819517136
1648425600000,0.820952833
1648440000000,0.822248578
1648454400000,0.823437154
1648468800000,0.824682832
1648483200000,0.826189995
1648497600000,0.827261448
1648512000000,0.828455687
1648526400000,0.829548597
1648540800000,0.830778599
1648555200000,0.831728578
1648569600000,0.832819998
1648584000000,0.833837152
1648598400000,0.835009992
1648612800000,0.836080015
1648627200000,0.837094307
1648641600000,0.838042855
1648656000000,0.838978589
1648670400000,0.839742839
1648684800000,0.840449989
1648699200000,0.841145694
1648713600000,0.841774285
1648728000000,0.841827154
1648742400000,0.841799974
1648756800000,0.841817141
1648771200000,0.842008591
1648785600000,0.842292845
1648800000000,0.842369974
1648814400000,0.842668593
1648828800000,0.843112886
1648843200000,0.843352854
1648857600000,0.843688548
1648872000000,0.844061434
1648886400000,0.843985736
1648900800000,0.843930006
1648915200000,0.843578577
1648929600000,0.843244314
1648944000000,0.842952847
1648958400000,0.842869997
1648972800000,0.84293288
1648987200000,0.842972875
1649001600000,0.84315145
1649016000000,0.843441427
1649030400000,0.843537152
1649044800000,0.843454301
1649059200000,0.843572855
1649073600000,0.843318582
1649088000000,0.843172848
1649102400000,0.84304285
1649116800000,0.842937171
1649131200000,0.842652857
1649145600000,0.842410028
1649160000000,0.842104256
1649174400000,0.841875732
1649188800000,0.841565728
1649203200000,0.841124296
1649217600000,0.840812862
1649232000000,0.840365708
1649246400000,0.839724302
1649260800000,0.838962853
1649275200000,0.837895691
1649289600000,0.837005734
1649304000000,0.836197138
1649318400000,0.83555001
1649332800000,0.834754288
1649347200000,0.833961427
1649361600000,0.833209991
1649376000000,0.832574308
1649390400000,0.831818581
1649404800000,0.830801427
1649419200000,0.829568565
1649433600000,0.82797569
1649448000000,0.826359987
1649462400000,0.824824274
1649476800000,0.823137164
1649491200000,0.821188569
1649505600000,0.819617152
1649520000000,0.818040013
1649534400000,0.816500008
1649548800000,0.814845741
1649563200000,0.813441455
1649577600000,0.811925709
1649592000000,0.810512841
1649606400000,0.809191406
1649620800000,0.807655692
1649635200000,0.805819988
1649649600000,0.804114282
1649664000000,0.801911414
1649678400000,0.799651444
1649692800000,0.797388554
1649707200000,0.79495573
1649721600000,0.792544305
1649736000000,0.790851414
1649750400000,0.789409995
1649764800000,0.787874281
1649779200000,0.786052883
1649793600000,0.784495711
1649808000000,0.783065736
1649822400000,0.781464279
1649836800000,0.779681444
1649851200000,0.778155744
1649865600000,0.776445687
1649880000000,0.774745703
1649894400000,0.773241401
1649908800000,0.771805704
1649923200000,0.770314276
1649937600000,0.768728554
1649952000000,0.767099977
1649966400000,0.765594304
1649980800000,0.764914274
1649995200000,0.764021456
1650009600000,0.763138592
1650024000000,0.762155712
1650038400000,0.76130712
1650052800000,0.760621428
1650067200000,0.759878576
1650081600000,0.759257138
1650096000000,0.758584261
1650110400000,0.757747114
1650124800000,0.756978571
1650139200000,0.756349981
1650153600000,0.755571425
1650168000000,0.754944265
1650182400000,0.754275739
1650196800000,0.753740013
1650211200000,0.753145695
1650225600000,0.752304256
1650240000000,0.751757145
1650254400000,0.751102865
1650268800000,0.750602841
1650283200000,0.750370026
1650297600000,0.750214279
1650312000000,0.750145733
1650326400000,0.74991858
1650340800000,0.749740005
1650355200000,0.749502838
1650369600000,0.749302864
1650384000000,0.749027133
1650398400000,0.74888283
1650412800000,0.748861432
1650427200000,0.748717129
1650441600000,0.748884261
1650456000000,0.748885691
1650470400000,0.748687148
1650484800000,0.748549998
1650499200000,0.748434305
1650513600000,0.748350024
1650528000000,0.748275697
1650542400000,0.748217165
1650556800000,0.747971416
1650571200000,0.747554302
1650585600000,0.747178555
1650600000000,0.746762872
1650614400000,0.746148586
1650628800000,0.745627165
1650643200000,0.745441437
1650657600000,0.745078564
1650672000000,0.74515003
1650686400000,0.74526
1650700800000,0.745360017
1650715200000,0.745611429
1650729600000,0.745778561
1650744000000,0.745790005
1650758400000,0.745762885
1650772800000,0.745811403
1650787200000,0.745982885
1650801600000,0.745848596
1650816000000,0.745671451
1650830400000,0.745441437
1650844800000,0.745075703
1650859200000,0.74408716
1650873600000,0.743332863
1650888000000,0.742547154
1650902400000,0.741848588
1650916800000,0.741278589
1650931200000,0.74089998
1650945600000,0.740517139
1650960000000,0.740014315
1650974400000,0.73896569
1650988800000,0.736959994
1651003200000,0.735021412
1651017600000,0.733177125
1651032000000,0.731571436
1651046400000,0.729789972
1651060800000,0.727814257
1651075200000,0.725842834
1651089600000,0.724058568
1651104000000,0.722239971
1651118400000,0.720541418
1651132800000,0.71875
1651147200000,0.716724277
1651161600000,0.714867115
1651176000000,0.712934315
1651190400000,0.710928559
1651204800000,0.708938599
1651219200000,0.70681572
1651233600000,0.704941452
1651248000000,0.702775717
1651262400000,0.701024294
1651276800000,0.699318588
1651291200000,0.697602868
1651305600000,0.695634305
1651320000000,0.693442881
1651334400000,0.691191435
1651348800000,0.688608587
1651363200000,0.686140001
1651377600000,0.683481455
1651392000000,0.680845737
1651406400000,0.678408563
1651420800000,0.675974309
1651435200000,0.673761427
1651449600000,0.671578586
1651464000000,0.669691443
1651478400000,0.667712867
1651492800000,0.665669978
1651507200000,0.663584292
1651521600000,0.661661446
1651536000000,0.659767151
1651550400000,0.657782853
1651564800000,0.65595001
1651579200000,0.654284298
1651593600000,0.652378559
1651608000000,0.650579989
1651622400000,0.648991406
1651636800000,0.647515714
1651651200000,0.645997167
1651665600000,0.644497156
1651680000000,0.643441439
1651694400000,0.642504275
1651708800000,0.641607165
1651723200000,0.640614271
1651737600000,0.639534295
1651752000000,0.638040006
1651766400000,0.636391401
1651780800000,0.63477999
1651795200000,0.633415699
1651809600000,0.631925702
1651824000000,0.630434275
1651838400000,0.62897712
1651852800000,0.627789974
1651867200000,0.627082884
1651881600000,0.626077116
1651896000000,0.625052869
1651910400000,0.623784304
1651924800000,0.622380018
1651939200000,0.620895743
1651953600000,0.619385719
1651968000000,0.617891431
1651982400000,0.616738558
1651996800000,0.615725696
1652011200000,0.614684284
1652025600000,0.613602877
1652040000000,0.612231433
1652054400000,0.61105144
1652068800000,0.609691441
1652083200000,0.608125687
1652097600000,0.606328547
1652112000000,0.604057133
1652126400000,0.601741433
1652140800000,0.599595726
1652155200000,0.597852886
1652169600000,0.596131444
1652184000000,0.594332874
1652198400000,0.592654288
1652212800000,0.590837121
1652227200000,0.589345694
1652241600000,0.58762145
1652256000000,0.585987151
1652270400000,0.583622873
1652284800000,0.580657125
1652299200000,0.577708542
1652313600000,0.574281454
1652328000000,0.570887148
1652342400000,0.567535698
1652356800000,0.564687133
1652371200000,0.561787128
1652385600000,0.55890429
1652400000000,0.556844294
1652414400000,0.554384291
1652428800000,0.552341402
1652443200000,0.549870014
1652457600000,0.547124267
1652472000000,0.544261456
1652486400000,0.541772842
1652500800000,0.539191425
1652515200000,0.536351442
1652529600000,0.533315718
1652544000000,0.530304313
1652558400000,0.527541399
1652572800000,0.524659991
1652587200000,0.521868587
1652601600000,0.519462883
1652616000000,0.516907156
1652630400000,0.514281452
1652644800000,0.511904299
1652659200000,0.509239972
1652673600000,0.506420016
1652688000000,0.503281415
1652702400000,0.499998569
1652716800000,0.496769994
1652731200000,0.4936257
1652745600000,0.490744293
1652760000000,0.488278568
1652774400000,0.485944271
1652788800000,0.483494282
1652803200000,0.480930001
1652817600000,0.478590012
1652832000000,0.476170003
1652846400000,0.473752856
1652860800000,0.471332848
1652875200000,0.468555719
1652889600000,0.465999991
1652904000000,0.463265717
1652918400000,0.460565716
1652932800000,0.457857132
1652947200000,0.455249995
1652961600000,0.452978581
1652976000000,0.450728565
1652990400000,0.44856143
1653004800000,0.446508557
1653019200000,0.444505721
1653033600000,0.442420006
1653048000000,0.440189987
1653062400000,0.438004285
1653076800000,0.435979992
1653091200000,0.434192866
1653105600000,0.43257001
1653120000000,0.431454271
1653134400000,0.430425704
1653148800000,0.429241419
1653163200000,0.427785724
1653177600000,0.426202863
1653192000000,0.424732864
1653206400000,0.423284292
1653220800000,0.42191571
1653235200000,0.420524299
1653249600000,0.419411421
1653264000000,0.418391436
1653278400000,0.418085724
1653292800000,0.418269992
1653307200000,0.418404281
1653321600000,0.418808579
1653336000000,0.419187129
1653350400000,0.41968286
1653364800000,0.420051426
1653379200000,0.420304298
1653393600000,0.42058
1653408000000,0.420005709
1653422400000,0.419672847
1653436800000,0.419042856
1653451200000,0.418648571
1653465600000,0.418232858
1653480000000,0.417941421
1653494400000,0.417510003
1653508800000,0.417195708
1653523200000,0.417178571
1653537600000,0.417125702
1653552000000,0.416781425
1653566400000,0.416328579
1653580800000,0.415937155
1653595200000,0.415535718
1653609600000,0.415092856
1653624000000,0.41466856
1653638400000,0.414087147
1653652800000,0.413237154
1653667200000,0.412518561
1653681600000,0.412035704
1653696000000,0.411551416
1653710400000,0.411118567
1653724800000,0.41055572
1653739200000,0.410044283
1653753600000,0.409357131
1653768000000,0.40875715
1653782400000,0.408072859
1653796800000,0.407460004
1653811200000,0.406831443
1653825600000,0.406107157
1653840000000,0.405504286
1653854400000,0.404961437
1653868800000,0.404545724
1653883200000,0.404442847
1653897600000,0.404214293
1653912000000,0.404138565
1653926400000,0.404018581
1653940800000,0.404208571
1653955200000,0.404328585
1653969600000,0.404278576
1653984000000,0.404348582
1653998400000,0.404295713
1654012800000,0.404061437
1654027200000,0.403955728
1654041600000,0.403802872
1654056000000,0.403861433
1654070400000,0.403928578
1654084800000,0.403892845
1654099200000,0.403764278
1654113600000,0.40355286
1654128000000,0.403312862
1654142400000,0.40300858
1654156800000,0.402779996
1654171200000,0.402568579
1654185600000,0.4023543
1654200000000,0.402229995
1654214400000,0.402097136
1654228800000,0.401904285
1654243200000,0.40156287
1654257600000,0.40107429
1654272000000,0.400595725
1654286400000,0.400110006
1654300800000,0.399558574
1654315200000,0.399064273
1654329600000,0.398795724
1654344000000,0.398598582
1654358400000,0.398295701
1654372800000,0.398039997
1654387200000,0.39783287
1654401600000,0.39763999
1654416000000,0.397489995
1654430400000,0.397302866
1654444800000,0.397137135
1654459200000,0.396981418
1654473600000,0.397072852
1654488000000,0.397085726
1654502400000,0.397077143
1654516800000,0.397020012
1654531200000,0.39690429
1654545600000,0.396970004
1654560000000,0.396972865
1654574400000,0.396912843
1654588800000,0.396885723
1654603200000,0.396922857
1654617600000,0.397138566
1654632000000,0.397302866
1654646400000,0.397390008
1654660800000,0.397537142
1654675200000,0.397768557
1654689600000,0.398064286
1654704000000,0.398275703
1654718400000,0.398479998
1654732800000,0.398735702
1654747200000,0.398951441
1654761600000,0.39916572
1654776000000,0.399375707
1654790400000,0.399611443
1654804800000,0.39984858
1654819200000,0.40009287
1654833600000,0.400358558
1654848000000,0.400577158
1654862400000,0.400558561
1654876800000,0.400325716
1654891200000,0.400052845
1654905600000,0.399839997
1654920000000,0.399672866
1654934400000,0.399318576
1654948800000,0.39848572
1654963200000,0.397740006
1654977600000,0.396902859
1654992000000,0.395799994
1655006400000,0.394825727
1655020800000,0.393895715
1655035200000,0.393024296
1655049600000,0.392102867
1655064000000,0.391092867
1655078400000,0.389882863
1655092800000,0.388628572
1655107200000,0.387311429
1655121600000,0.386111438
1655136000000,0.385045707
1655150400000,0.383870006
1655164800000,0.382649988
1655179200000,0.38151142
1655193600000,0.380277157
1655208000000,0.379082859
1655222400000,0.377810001
1655236800000,0.376630008
1655251200000,0.375485718
1655265600000,0.374298573
1655280000000,0.373199999
1655294400000,0.372075707
1655308800000,0.371174276
1655323200000,0.370491415
1655337600000,0.369709998
1655352000000,0.368748575
1655366400000,0.367672861
1655380800000,0.366588563
1655395200000,0.36549142
1655409600000,0.36437571
1655424000000,0.36336714
1655438400000,0.362517148
1655452800000,0.361462861
1655467200000,0.360407144
1655481600000,0.359178573
1655496000000,0.358009994
1655510400000,0.356804281
1655524800000,0.355475724
1655539200000,0.354127139
1655553600000,0.35274142
1655568000000,0.351412863
1655582400000,0.350232869
1655596800000,0.348967135
1655611200000,0.347655714
1655625600000,0.346218586
1655640000000,0.344940007
1655654400000,0.343847156
1655668800000,0.342811435
1655683200000,0.341654271
1655697600000,0.340447158
1655712000000,0.339401424
1655726400000,0.338337153
1655740800000,0.3371557
1655755200000,0.336018562
1655769600000,0.334912866
1655784000000,0.333849996
1655798400000,0.332812846
1655812800000,0.331848562
1655827200000,0.330774277
1655841600000,0.329687148
1655856000000,0.328552872
1655870400000,0.327577144
1655884800000,0.326745719
1655899200000,0.325894296
1655913600000,0.325018585
1655928000000,0.32407856
1655942400000,0.323331416
1655956800000,0.322844297
1655971200000,0.322294295
1655985600000,0.321804285
1656000000000,0.321635723
1656014400000,0.321449995
1656028800000,0.32170856
1656043200000,0.321868569
1656057600000,0.3221457
1656072000000,0.322402865
1656086400000,0.322857141
1656100800000,0.323531419
1656115200000,0.324368566
1656129600000,0.325191438
1656144000000,0.325882852
1656158400000,0.326490015
1656172800000,0.32715714
1656187200000,0.327837139
1656201600000,0.328610003
1656216000000,0.329268575
1656230400000,0.330011427
1656244800000,0.330648571
1656259200000,0.33138144
1656273600000,0.332161427
1656288000000,0.332947135
1656302400000,0.33366856
1656316800000,0.334228575
1656331200000,0.334365726
1656345600000,0.334615707
1656360000000,0.335040003
1656374400000,0.335457146
1656388800000,0.33592999
1656403200000,0.336412847
1656417600000,0.336817145
1656432000000,0.337094277
1656446400000,0.337115705
1656460800000,0.337269992
1656475200000,0.337414294
1656489600000,0.337555707
1656504000000,0.337630004
1656518400000,0.337817132
1656532800000,0.33811
1656547200000,0.338398576
1656561600000,0.338577151
1656576000000,0.338787138
1656590400000,0.338861436
1656604800000,0.339221418
1656619200000,0.339638561
1656633600000,0.339758575
1656648000000,0.339764297
1656662400000,0.33966428
1656676800000,0.339457154
1656691200000,0.339410007
1656705600000,0.339351416
1656720000000,0.339124292
1656734400000,0.33892715
1656748800000,0.338828564
1656763200000,0.338694274
1656777600000,0.33857429
1656792000000,0.338418573
1656806400000,0.338258564
1656820800000,0.33797285
1656835200000,0.337747157
1656849600000,0.33751142
1656864000000,0.33753714
1656878400000,0.337568581
1656892800000,0.337485701
1656907200000,0.337417156
1656921600000,0.337404281
1656936000000,0.337421417
1656950400000,0.33742857
1656964800000,0.337461442
1656979200000,0.337441415
1656993600000,0.33745715
1657008000000,0.337235719
1657022400000,0.336962849
1657036800000,0.336347133
1657051200000,0.335687131
1657065600000,0.334972858
1657080000000,0.33440572
1657094400000,0.333829999
1657108800000,0.333202869
1657123200000,0.332608581
1657137600000,0.332045704
1657152000000,0.331498563
1657166400000,0.331181437
1657180800000,0.330734283
1657195200000,0.330254287
1657209600000,0.32991001
1657224000000,0.329544276
1657238400000,0.329302847
1657252800000,0.329137146
1657267200000,0.32879287
1657281600000,0.328552872
1657296000000,0.328265727
1657310400000,0.327950001
1657324800000,0.327671438
1657339200000,0.327548563
1657353600000,0.327385724
1657368000000,0.327248573
1657382400000,0.327281415
1657396800000,0.327208579
1657411200000,0.32704857
1657425600000,0.327037156
1657440000000,0.326962858
1657454400000,0.326778561
1657468800000,0.326662868
1657483200000,0.326574296
1657497600000,0.326547146
1657512000000,0.326551437
1657526400000,0.326442868
1657540800000,0.326357156
1657555200000,0.326324284
1657569600000,0.326281428
1657584000000,0.326328576
1657598400000,0.326305717
1657612800000,0.326102853
1657627200000,0.325835705
1657641600000,0.32565999
1657656000000,0.325561434
1657670400000,0.325534284
1657684800000,0.325661421
1657699200000,0.325697154
1657713600000,0.325662851
1657728000000,0.325758576
1657742400000,0.325925708
1657756800000,0.326065719
1657771200000,0.326144278
1657785600000,0.326125711
1657800000000,0.326201439
1657814400000,0.326370001
1657828800000,0.326669991
1657843200000,0.327135712
1657857600000,0.32751286
1657872000000,0.327678561
1657886400000,0.327791423
1657900800000,0.328035712
1657915200000,0.328277141
1657929600000,0.328467131
1657944000000,0.328608572
1657958400000,0.328822851
1657972800000,0.329039991
1657987200000,0.32939142
1658001600000,0.329737157
1658016000000,0.330244273
1658030400000,0.330801427
1658044800000,0.331187129
1658059200000,0.331524283
1658073600000,0.331907153
1658088000000,0.332218558
1658102400000,0.332694292
1658116800000,0.333281428
1658131200000,0.333810002
1658145600000,0.334307134
1658160000000,0.334687144
1658174400000,0.335158557
1658188800000,0.335519999
1658203200000,0.335799992
1658217600000,0.336058557
1658232000000,0.336369991
1658246400000,0.336582869
1658260800000,0.336847156
1658275200000,0.337367147
1658289600000,0.337805718
1658304000000,0.33822
1658318400000,0.338744283
1658332800000,0.33911857
1658347200000,0.339387149
1658361600000,0.339598566
1658376000000,0.339767128
1658390400000,0.339855701
1658404800000,0.339974284
1658419200000,0.340378582
1658433600000,0.340751439
1658448000000,0.341117144
1658462400000,0.341662854
1658476800000,0.342254281
1658491200000,0.342758566
1658505600000,0.343188584
1658520000000,0.343631417
1658534400000,0.344102859
1658548800000,0.34462142
1658563200000,0.345024288
1658577600000,0.345591426
1658592000000,0.346165717
1658606400000,0.346852869
1658620800000,0.347492844
1658635200000,0.348174274
1658649600000,0.348945707
1658664000000,0.349721432
1658678400000,0.350428581
1658692800000,0.350972861
1658707200000,0.351390004
1658721600000,0.351867139
1658736000000,0.352281421
1658750400000,0.352589995
1658764800000,0.352897137
1658779200000,0.353144288
1658793600000,0.353427142
1658808000000,0.353545725
1658822400000,0.353602856
1658836800000,0.353500009
1658851200000,0.353289992
1658865600000,0.353261441
1658880000000,0.353199989
1658894400000,0.353297144
1658908800000,0.353289992
1658923200000,0.353348583
1658937600000,0.353594273
1658952000000,0.35396713
1658966400000,0.354245722
1658980800000,0.354369998
1658995200000,0.354455709
1659009600000,0.354657143
1659024000000,0.354942858
1659038400000,0.355201423
1659052800000,0.355542868
1659067200000,0.355865717
1659081600000,0.356137156
1659096000000,0.356498569
1659110400000,0.356658578
1659124800000,0.356709987
1659139200000,0.35674715
1659153600000,0.356784284
1659168000000,0.357001424
1659182400000,0.357524276
1659196800000,0.358074278
1659211200000,0.358565718
1659225600000,0.358984292
1659240000000,0.359385729
1659254400000,0.359690011
1659268800000,0.359944284
1659283200000,0.36017713
1659297600000,0.360265702
1659312000000,0.360385716
1659326400000,0.360441417
1659340800000,0.360570014
1659355200000,0.360801429
1659369600000,0.361084282
1659384000000,0.361417145
1659398400000,0.361678571
1659412800000,0.361930013
1659427200000,0.362017155
1659441600000,0.362108558
1659456000000,0.362237155
1659470400000,0.362362862
1659484800000,0.362340003
1659499200000,0.362462848
1659513600000,0.362715721
1659528000000,0.362924278
1659542400000,0.363180012
1659556800000,0.363321424
1659571200000,0.363604277
1659585600000,0.363842845
1659600000000,0.364068568
1659614400000,0.364199996
1659628800000,0.3643457
1659643200000,0.36448428
1659657600000,0.364659995
1659672000000,0.364781439
1659686400000,0.365014285
1659700800000,0.365177155
1659715200000,0.365512848
1659729600000,0.365961432
1659744000000,0.366352856
1659758400000,0.366777152
1659772800000,0.367224276
1659787200000,0.36778143
1659801600000,0.368355721
1659816000000,0.368957132
1659830400000,0.369529992
1659844800000,0.370180011
1659859200000,0.370782852
1659873600000,0.37129572
1659888000000,0.371915728
1659902400000,0.372428566
1659916800000,0.372991443
1659931200000,0.373549998
1659945600000,0.373967141
1659960000000,0.374251425
1659974400000,0.374565721
1659988800000,0.374941438
1660003200000,0.375228584
1660017600000,0.375415713
1660032000000,0.375358582
1660046400000,0.375215709
1660060800000,0.375074297
1660075200000,0.375014275
1660089600000,0.37491858
1660104000000,0.374832869
1660118400000,0.374798566
1660132800000,0.374929994
1660147200000,0.3750543
1660161600000,0.375221431
1660176000000,0.375364274
1660190400000,0.3750543
1660204800000,0.374871433
1660219200000,0.374734282
1660233600000,0.374615729
1660248000000,0.374447137
1660262400000,0.374262869
1660276800000,0.374054283
1660291200000,0.373744279
1660305600000,0.37366429
1660320000000,0.373595715
1660334400000,0.373578578
1660348800000,0.373634279
1660363200000,0.373654276
1660377600000,0.373711437
1660392000000,0.373734295
1660406400000,0.37382713
1660420800000,0.373932868
1660435200000,0.374110013
1660449600000,0.374301434
1660464000000,0.374488562
1660478400000,0.374650002
1660492800000,0.374804288
1660507200000,0.374897152
1660521600000,0.375019997
1660536000000,0.374982864
1660550400000,0.374868572
1660564800000,0.374912858
1660579200000,0.374922872
1660593600000,0.37497285
1660608000000,0.375004292
1660622400000,0.375068575
1660636800000,0.375204295
1660651200000,0.375237137
1660665600000,0.375225723
1660680000000,0.375259995
1660694400000,0.375395715
1660708800000,0.375494272
1660723200000,0.375601441
1660737600000,0.375554293
1660752000000,0.375602871
1660766400000,0.375665724
1660780800000,0.375658572
1660795200000,0.375658572
1660809600000,0.375724286
1660824000000,0.375798583
1660838400000,0.375888586
1660852800000,0.375867128
1660867200000,0.375704288
1660881600000,0.375307143
1660896000000,0.374798566
1660910400000,0.374278575
1660924800000,0.373815715
1660939200000,0.373204291
1660953600000,0.372595727
1660968000000,0.372055709
1660982400000,0.371494293
1660996800000,0.370958567
1661011200000,0.37036714
1661025600000,0.369781435
1661040000000,0.369327158
1661054400000,0.369042844
1661068800000,0.368745714
1661083200000,0.368398577
1661097600000,0.368154287
1661112000000,0.367897153
1661126400000,0.367502868
1661140800000,0.36690715
1661155200000,0.36633715
1661169600000,0.36570999
1661184000000,0.365047157
1661198400000,0.364529997
1661212800000,0.363934278
1661227200000,0.363350004
1661241600000,0.362781435
1661256000000,0.362244278
1661270400000,0.361772865
1661284800000,0.361361414
1661299200000,0.360907137
1661313600000,0.360435724
1661328000000,0.35995999
1661342400000,0.359475702
1661356800000,0.359010011
1661371200000,0.358504295
1661385600000,0.358017147
1661400000000,0.35753715
1661414400000,0.357122868
1661428800000,0.356657147
1661443200000,0.356154293
1661457600000,0.355617136
1661472000000,0.355075717
1661486400000,0.354597151
1661500800000,0.35423857
1661515200000,0.353734285
1661529600000,0.353137136
1661544000000,0.352701426
1661558400000,0.352248579
1661572800000,0.351727128
1661587200000,0.351224273
1661601600000,0.350639999
1661616000000,0.350112855
1661630400000,0.349565715
1661644800000,0.348962843
1661659200000,0.348405719
1661673600000,0.347838581
1661688000000,0.347231418
1661702400000,0.346482843
1661716800000,0.345699996
1661731200000,0.34492287
1661745600000,0.344194293
1661760000000,0.343412846
1661774400000,0.342680007
1661788800000,0.342042863
1661803200000,0.341454297
1661817600000,0.340757132
1661832000000,0.340124279
1661846400000,0.339454293
1661860800000,0.338789999
1661875200000,0.338295728
1661889600000,0.338032871
1661904000000,0.337938577
1661918400000,0.33786428
1661932800000,0.337711424
1661947200000,0.337601423
1661961600000,0.337454289
1661976000000,0.337257147
1661990400000,0.337005705
1662004800000,0.336787134
1662019200000,0.336655706
1662033600000,0.336458564
1662048000000,0.336360008
1662062400000,0.336207151
1662076800000,0.336010009
1662091200000,0.335851431
1662105600000,0.335638583
1662120000000,0.335438579
1662134400000,0.335294276
1662148800000,0.335234284
1662163200000,0.335131437
1662177600000,0.335000008
1662192000000,0.334914297
1662206400000,0.334707141
1662220800000,0.334564298
1662235200000,0.334450006
1662249600000,0.334300011
1662264000000,0.3341043
1662278400000,0.333904296
1662292800000,0.333660007
1662307200000,0.333530009
1662321600000,0.333401442
1662336000000,0.333214283
1662350400000,0.332931429
1662364800000,0.332575709
1662379200000,0.332331419
1662393600000,0.332105726
1662408000000,0.331901431
1662422400000,0.331695706
1662436800000,0.331527144
1662451200000,0.331344277
1662465600000,0.331137151
1662480000000,0.330792844
1662494400000,0.330391437
1662508800000,0.329888582
1662523200000,0.329600006
1662537600000,0.329354286
1662552000000,0.329144299
1662566400000,0.329101443
1662580800000,0.329108566
1662595200000,0.329039991
1662609600000,0.328998566
1662624000000,0.328964293
1662638400000,0.328945726
1662652800000,0.329068571
1662667200000,0.329140007
1662681600000,0.329275727
1662696000000,0.329488575
1662710400000,0.32971856
1662724800000,0.330075711
1662739200000,0.330495715
1662753600000,0.330989987
1662768000000,0.331444293
1662782400000,0.331801414
1662796800000,0.332164288
1662811200000,0.332478583
1662825600000,0.332867146
1662840000000,0.333225727
1662854400000,0.33358714
1662868800000,0.334045708
1662883200000,0.334457129
1662897600000,0.334864289
1662912000000,0.33519572
1662926400000,0.335541427
1662940800000,0.335815728
1662955200000,0.336188585
1662969600000,0.336548567
1662984000000,0.336905718
1662998400000,0.3373743
1663012800000,0.337857157
1663027200000,0.338234276
1663041600000,0.338715702
1663056000000,0.339095712
1663070400000,0.339187145
1663084800000,0.339272857
1663099200000,0.33928144
1663113600000,0.339372844
1663128000000,0.33944571
1663142400000,0.339558572
1663156800000,0.339634299
1663171200000,0.339808583
1663185600000,0.339997143
1663200000000,0.340094298
1663214400000,0.340259999
1663228800000,0.340355724
1663243200000,0.340298563
1663257600000,0.340288579
1663272000000,0.340251416
1663286400000,0.340191424
1663300800000,0.340135723
1663315200000,0.340128571
1663329600000,0.340172857
1663344000000,0.340322852
1663358400000,0.340742856
1663372800000,0.341108561
1663387200000,0.341387153
1663401600000,0.341718584
1663416000000,0.342261434
1663430400000,0.342808574
1663444800000,0.343414277
1663459200000,0.343878567
1663473600000,0.344625711
1663488000000,0.345404297
1663502400000,0.346261442
1663516800000,0.347371429
1663531200000,0.347907156
1663545600000,0.348222852
1663560000000,0.348585725
1663574400000,0.348827153
1663588800000,0.34909144
1663603200000,0.349914283
1663617600000,0.350679994
1663632000000,0.351258576
1663646400000,0.35189572
1663660800000,0.352448583
1663675200000,0.353592843
1663689600000,0.354528576
1663704000000,0.355450004
1663718400000,0.356218576
1663732800000,0.357004285
1663747200000,0.357758582
1663761600000,0.358294278
1663776000000,0.359047145
1663790400000,0.359622866
1663804800000,0.360301435
1663819200000,0.361262858
1663833600000,0.362334281
1663848000000,0.363427132
1663862400000,0.365244299
1663876800000,0.36709857
1663891200000,0.369718581
1663905600000,0.372044295
1663920000000,0.373944283
1663934400000,0.375864297
1663948800000,0.377607137
1663963200000,0.379799992
1663977600000,0.381895721
1663992000000,0.383888572
1664006400000,0.385850012
1664020800000,0.387545705
1664035200000,0.389614284
1664049600000,0.391487151
1664064000000,0.393331438
1664078400000,0.395501435
1664092800000,0.39783144
1664107200000,0.40028429
1664121600000,0.402665704
1664136000000,0.40488857
1664150400000,0.406989992
1664164800000,0.40894714
1664179200000,0.410701424
1664193600000,0.412587136
1664208000000,0.414550006
1664222400000,0.416368574
1664236800000,0.418378562
1664251200000,0.42058
1664265600000,0.42256999
1664280000000,0.424592853
1664294400000,0.426277131
1664308800000,0.427984297
1664323200000,0.429355711
1664337600000,0.430629998
1664352000000,0.431867152
1664366400000,0.433027148
1664380800000,0.434262872
1664395200000,0.435704291
1664409600000,0.436975718
1664424000000,0.437951416
1664438400000,0.438921422
1664452800000,0.439755708
1664467200000,0.440789998
1664481600000,0.442229986
1664496000000,0.443697155
1664510400000,0.445242852
1664524800000,0.446431428
1664539200000,0.448137134
1664553600000,0.450147152
1664568000000,0.452002853
1664582400000,0.453801423
1664596800000,0.455529988
1664611200000,0.456731439
1664625600000,0.458122849
1664640000000,0.459589988
1664654400000,0.460982859
1664668800000,0.462308586
1664683200000,0.463114291
1664697600000,0.463838577
1664712000000,0.464480013
1664726400000,0.465299994
1664740800000,0.465959996
1664755200000,0.466564298
1664769600000,0.467241436
1664784000000,0.467799991
1664798400000,0.468651414
1664812800000,0.469408572
1664827200000,0.469967157
1664841600000,0.470288575
1664856000000,0.470695704
1664870400000,0.470530003
1664884800000,0.470389992
1664899200000,0.469588578
1664913600000,0.469037145
1664928000000,0.468848586
1664942400000,0.468755722
1664956800000,0.468849987
1664971200000,0.468584299
1664985600000,0.468528569
1665000000000,0.46847713
1665014400000,0.468524277
1665028800000,0.468760014
1665043200000,0.468764275
1665057600000,0.468861431
1665072000000,0.469018579
1665086400000,0.46904999
1665100800000,0.468891442
1665115200000,0.468684286
1665129600000,0.468512863
1665144000000,0.468535721
1665158400000,0.469055712
1665172800000,0.469687134
1665187200000,0.470569998
1665201600000,0.471231431
1665216000000,0.471891433
1665230400000,0.472627133
1665244800000,0.473232865
1665259200000,0.4737643
1665273600000,0.474351436
1665288000000,0.475045711
1665302400000,0.476102859
1665316800000,0.477267146
1665331200000,0.478890002
1665345600000,0.480445713
1665360000000,0.481924295
1665374400000,0.483151436
1665388800000,0.484318584
1665403200000,0.485374272
1665417600000,0.486507148
1665432000000,0.487287134
1665446400000,0.488041431
1665460800000,0.488825709
1665475200000,0.489490002
1665489600000,0.489630014
1665504000000,0.489724278
1665518400000,0.489675701
1665532800000,0.489769995
1665547200000,0.48994571
1665561600000,0.490018576
1665576000000,0.490238577
1665590400000,0.490414292
1665604800000,0.490585715
1665619200000,0.490571439
1665633600000,0.490188569
1665648000000,0.48991999
1665662400000,0.489924282
1665676800000,0.490105718
1665691200000,0.490152866
1665705600000,0.490740001
1665720000000,0.491318583
1665734400000,0.491841435
1665748800000,0.492449999
1665763200000,0.49302429
1665777600000,0.493691415
1665792000000,0.494287133
1665806400000,0.494761437
1665820800000,0.495200008
1665835200000,0.495557129
1665849600000,0.495979995
1665864000000,0.496259987
1665878400000,0.496435702
1665892800000,0.496547133
1665907200000,0.496558577
1665921600000,0.496585727
1665936000000,0.496687144
1665950400000,0.496597141
1665964800000,0.49645856
1665979200000,0.496205717
1665993600000,0.495888561
1666008000000,0.495731443
1666022400000,0.495387137
1666036800000,0.49517715
1666051200000,0.494874299
1666065600000,0.494618565
1666080000000,0.494239986
1666094400000,0.493874282
1666108800000,0.493531436
1666123200000,0.493194282
1666137600000,0.492798567
1666152000000,0.492297143
1666166400000,0.491385728
1666180800000,0.490534276
1666195200000,0.489624292
1666209600000,0.488635719
1666224000000,0.487732857
1666238400000,0.486911416
1666252800000,0.486114293
1666267200000,0.48531428
1666281600000,0.484288573
1666296000000,0.483287156
1666310400000,0.482259989
1666324800000,0.481072843
1666339200000,0.479658574
1666353600000,0.478441417
1666368000000,0.477319986
1666382400000,0.476444274
1666396800000,0.475605726
1666411200000,0.474697143
1666425600000,0.473915726
1666440000000,0.473520011
1666454400000,0.473095715
1666468800000,0.472751439
1666483200000,0.472367138
1666497600000,0.471817136
1666512000000,0.471328557
1666526400000,0.470912844
1666540800000,0.470620006
1666555200000,0.470325708
1666569600000,0.469834298
1666584000000,0.469291419
1666598400000,0.468852848
1666612800000,0.468391418
1666627200000,0.468157142
1666641600000,0.468121439
1666656000000,0.467995703
1666670400000,0.467621416
1666684800000,0.467058569
1666699200000,0.466735721
1666713600000,0.46621713
1666728000000,0.465667129
1666742400000,0.465137154
1666756800000,0.464728564
1666771200000,0.464399993
1666785600000,0.464112848
1666800000000,0.463771433
1666814400000,0.463522851
1666828800000,0.463345706
1666843200000,0.463142872
1666857600000,0.462955713
1666872000000,0.462745726
1666886400000,0.46256572
1666900800000,0.462245703
1666915200000,0.461959988
1666929600000,0.461624295
1666944000000,0.461309999
1666958400000,0.461135715
1666972800000,0.461160004
1666987200000,0.461221427
1667001600000,0.461191416
1667016000000,0.46112144
1667030400000,0.461089998
1667044800000,0.46095857
1667059200000,0.460881442
1667073600000,0.460788578
1667088000000,0.460758567
1667102400000,0.460795701
1667116800000,0.460792869
1667131200000,0.460704297
1667145600000,0.460695714
1667160000000,0.460697144
1667174400000,0.46071285
1667188800000,0.460741431
1667203200000,0.4606857
1667217600000,0.460701436
1667232000000,0.46065858
1667246400000,0.460688561
1667260800000,0.460645705
1667275200000,0.460641414
1667289600000,0.460970014
1667304000000,0.461149991
1667318400000,0.461360008
1667332800000,0.461641431
1667347200000,0.461937129
1667361600000,0.462095708
1667376000000,0.462115705
1667390400000,0.462058574
1667404800000,0.461947143
1667419200000,0.461814284
1667433600000,0.461661428
1667448000000,0.461540014
1667462400000,0.461422861
1667476800000,0.461288571
1667491200000,0.461238563
1667505600000,0.461184293
1667520000000,0.461245716
1667534400000,0.461351424
1667548800000,0.461684287
1667563200000,0.461974293
1667577600000,0.46251142
1667592000000,0.463212848
1667606400000,0.463794291
1667620800000,0.464401424
1667635200000,0.464980006
1667649600000,0.465632856
1667664000000,0.466345727
1667678400000,0.466965705
1667692800000,0.46757713
1667707200000,0.46804142
1667721600000,0.468394279
1667736000000,0.468809992
1667750400000,0.469139993
1667764800000,0.469260007
1667779200000,0.469395727
1667793600000,0.46932143
1667808000000,0.469405711
1667822400000,0.469529986
1667836800000,0.469538569
1667851200000,0.469421417
1667865600000,0.468974292
1667880000000,0.468609989
1667894400000,0.468127131
1667908800000,0.467792869
1667923200000,0.466795713
1667937600000,0.46605143
1667952000000,0.465034276
1667966400000,0.463921428
1667980800000,0.46256429
1667995200000,0.460952848
1668009600000,0.459272861
1668024000000,0.457267135
1668038400000,0.45553571
1668052800000,0.454094291
1668067200000,0.452505708
1668081600000,0.45133999
1668096000000,0.450174272
1668110400000,0.449085712
1668124800000,0.447855711
1668139200000,0.446865708
1668153600000,0.445825726
1668168000000,0.444644272
1668182400000,0.443485707
1668196800000,0.442401439
1668211200000,0.441227138
1668225600000,0.440052867
1668240000000,0.438885719
1668254400000,0.437535703
1668268800000,0.436185718
1668283200000,0.43480143
1668297600000,0.433457136
1668312000000,0.432038575
1668326400000,0.430468559
1668340800000,0.428834289
1668355200000,0.427152842
1668369600000,0.425469995
1668384000000,0.42371285
1668398400000,0.422124296
1668412800000,0.420668572
1668427200000,0.41918999
1668441600000,0.417710006
1668456000000,0.416561425
1668470400000,0.415331423
1668484800000,0.414247155
1668499200000,0.41314286
1668513600000,0.412228584
1668528000000,0.411194295
1668542400000,0.410114288
1668556800000,0.408615708
1668571200000,0.407162845
1668585600000,0.405482858
1668600000000,0.40347144
1668614400000,0.401679993
1668628800000,0.399919987
1668643200000,0.398192853
1668657600000,0.396491438
1668672000000,0.394722849
1668686400000,0.393040001
1668700800000,0.391471416
1668715200000,0.389942855
1668729600000,0.388368577
1668744000000,0.386819988
1668758400000,0.385349989
1668772800000,0.384020001
1668787200000,0.38271144
1668801600000,0.38156715
1668816000000,0.380265713
1668830400000,0.378844291
1668844800000,0.377510011
1668859200000,0.376318574
1668873600000,0.375487149
1668888000000,0.374665707
1668902400000,0.374000013
1668916800000,0.373294294
1668931200000,0.37303713
1668945600000,0.372605711
1668960000000,0.372448564
1668974400000,0.372088581
1668988800000,0.371781439
1669003200000,0.371641427
1669017600000,0.371561438
1669032000000,0.371902853
1669046400000,0.371952862
1669060800000,0.371871442
1669075200000,0.371854275
1669089600000,0.371399999
1669104000000,0.371028572
1669118400000,0.370719999
1669132800000,0.370635718
1669147200000,0.3704243
1669161600000,0.370264292
1669176000000,0.37034142
1669190400000,0.370371431
1669204800000,0.370251417
1669219200000,0.370294273
1669233600000,0.370467156
1669248000000,0.370625705
1669262400000,0.370781422
1669276800000,0.370972872
1669291200000,0.371338576
1669305600000,0.371851414
1669320000000,0.372455716
1669334400000,0.373050004
1669348800000,0.373994291
1669363200000,0.374884278
1669377600000,0.375778586
1669392000000,0.376830012
1669406400000,0.377710015
1669420800000,0.378549993
1669435200000,0.379421443
1669449600000,0.380198568
1669464000000,0.380554289
1669478400000,0.38096571
1669492800000,0.381194293
1669507200000,0.3814843
1669521600000,0.381622851
1669536000000,0.381931424
1669550400000,0.382145703
1669564800000,0.382414281
1669579200000,0.382538557
1669593600000,0.38260144
1669608000000,0.38284713
1669622400000,0.382912844
1669636800000,0.382974297
1669651200000,0.383094281
1669665600000,0.38322857
1669680000000,0.383374274
1669694400000,0.383628577
1669708800000,0.383797139
1669723200000,0.383932859
1669737600000,0.38415429
1669752000000,0.384392858
1669766400000,0.384667128
1669780800000,0.385037154
1669795200000,0.385292858
1669809600000,0.385561436
1669824000000,0.385965705
1669838400000,0.386390001
1669852800000,0.386705726
1669867200000,0.386962861
1669881600000,0.387231439
1669896000000,0.387427151
1669910400000,0.387518585
1669924800000,0.387635708
1669939200000,0.3878057
1669953600000,0.3880243
1669968000000,0.388204277
1669982400000,0.388598561
1669996800000,0.389128566
1670011200000,0.389761418
1670025600000,0.390361428
1670040000000,0.390831441
1670054400000,0.391418576
1670068800000,0.391854286
1670083200000,0.392344296
1670097600000,0.392778575
1670112000000,0.393197149
1670126400000,0.393447131
1670140800000,0.393684298
1670155200000,0.393872857
1670169600000,0.394061416
1670184000000,0.394188583
1670198400000,0.394411415
1670212800000,0.394659996
1670227200000,0.394865721
1670241600000,0.395005703
1670256000000,0.395037144
1670270400000,0.395158559
1670284800000,0.395218581
1670299200000,0.395119995
1670313600000,0.394857138
1670328000000,0.394659996
1670342400000,0.394607157
1670356800000,0.394264281
1670371200000,0.393975705
1670385600000,0.393604279
1670400000000,0.39322713
1670414400000,0.3928743
1670428800000,0.39249
1670443200000,0.392142862
1670457600000,0.391848564
1670472000000,0.391640007
1670486400000,0.391469985
1670500800000,0.391367137
1670515200000,0.391258568
1670529600000,0.391165704
1670544000000,0.390947133
1670558400000,0.390778571
1670572800000,0.390601426
1670587200000,0.39047429
1670601600000,0.390560001
1670616000000,0.390647143
1670630400000,0.390792847
1670644800000,0.39091143
1670659200000,0.390960008
1670673600000,0.390964299
1670688000000,0.391005725
1670702400000,0.390915722
1670716800000,0.390841424
1670731200000,0.39077571
1670745600000,0.390641421
1670760000000,0.390471429
1670774400000,0.390267134
1670788800000,0.389942855
1670803200000,0.389565706
1670817600000,0.389191419
1670832000000,0.388715714
1670846400000,0.388255715
1670860800000,0.387927145
1670875200000,0.387754291
1670889600000,0.387461424
1670904000000,0.387247145
1670918400000,0.387082845
1670932800000,0.386990011
1670947200000,0.387059987
1670961600000,0.387120008
1670976000000,0.387127131
1670990400000,0.387148559
1671004800000,0.387141436
1671019200000,0.387102842
1671033600000,0.386958569
1671048000000,0.386902869
1671062400000,0.386720002
1671076800000,0.386519998
1671091200000,0.386338562
1671105600000,0.386262864
1671120000000,0.386094272
1671134400000,0.385922849
1671148800000,0.385754287
1671163200000,0.385621428
1671177600000,0.385251433
1671192000000,0.384861439
1671206400000,0.384440005
1671220800000,0.383838564
1671235200000,0.383271426
1671249600000,0.38276571
1671264000000,0.382305712
1671278400000,0.38178429
1671292800000,0.381314278
1671307200000,0.380915701
1671321600000,0.380471438
1671336000000,0.379971415
1671350400000,0.379435718
1671364800000,0.37884286
1671379200000,0.378335714
1671393600000,0.377938569
1671408000000,0.377411425
1671422400000,0.3768543
1671436800000,0.376292855
1671451200000,0.375695705
1671465600000,0.375
1671480000000,0.374305725
1671494400000,0.37363714
1671508800000,0.372972846
1671523200000,0.372281432
1671537600000,0.371605724
1671552000000,0.371005714
1671566400000,0.370385706
1671580800000,0.369655728
1671595200000,0.368992865
1671609600000,0.36837858
1671624000000,0.367735714
1671638400000,0.367092848
1671652800000,0.366481423
1671667200000,0.36584571
1671681600000,0.365209997
1671696000000,0.364627153
1671710400000,0.364002854
1671724800000,0.363391429
1671739200000,0.362851441
1671753600000,0.362325728
1671768000000,0.361801416
1671782400000,0.361294299
1671796800000,0.360854298
1671811200000,0.360545725
1671825600000,0.360242844
1671840000000,0.359939992
1671854400000,0.359600008
1671868800000,0.359205723
1671883200000,0.358695716
1671897600000,0.358301431
1671912000000,0.357857138
1671926400000,0.357340008
1671940800000,0.35674572
1671955200000,0.356102854
1671969600000,0.355405718
1671984000000,0.3547557
1671998400000,0.354124278
1672012800000,0.353541434
1672027200000,0.352935702
1672041600000,0.352490008
1672056000000,0.352074295
1672070400000,0.351852864
1672084800000,0.351637155
1672099200000,0.351331443
1672113600000,0.351130009
1672128000000,0.350992858
1672142400000,0.350862861
1672156800000,0.350742847
1672171200000,0.350571424
1672185600000,0.350497156
1672200000000,0.350450009
1672214400000,0.350388557
1672228800000,0.350477129
1672243200000,0.350551426
1672257600000,0.350552857
1672272000000,0.350459993
1672286400000,0.350378573
1672300800000,0.35029
1672315200000,0.350167155
1672329600000,0.350034297
1672344000000,0.349878579
1672358400000,0.349684298
1672372800000,0.34949857
1672387200000,0.349325716
1672401600000,0.349182844
1672416000000,0.349217147
1672430400000,0.349237144
1672444800000,0.349208564
1672459200000,0.349229991
1672473600000,0.349322855
1672488000000,0.349398583
1672502400000,0.349451423
1672516800000,0.349408567
1672531200000,0.349330008
1672545600000,0.349192858
1672560000000,0.349042863
1672574400000,0.348882854
1672588800000,0.348887146
1672603200000,0.348861426
1672617600000,0.348644286
1672632000000,0.348554283
1672646400000,0.34857285
1672660800000,0.348658562
1672675200000,0.348772854
1672689600000,0.348822862
1672704000000,0.348775715
1672718400000,0.348865718
1672732800000,0.348861426
1672747200000,0.348782867
1672761600000,0.348724276
1672776000000,0.348644286
1672790400000,0.348612845
1672804800000,0.348607153
1672819200000,0.348558575
1672833600000,0.34846285
1672848000000,0.348374277
1672862400000,0.348309994
1672876800000,0.348221421
1672891200000,0.348128557
1672905600000,0.347978562
1672920000000,0.34780857
1672934400000,0.347688586
1672948800000,0.3475357
1672963200000,0.347422868
1672977600000,0.347262859
1672992000000,0.347110003
1673006400000,0.346994281
1673020800000,0.346887141
1673035200000,0.346794277
1673049600000,0.346678585
1673064000000,0.346488565
1673078400000,0.346157134
1673092800000,0.345858574
1673107200000,0.34565571
1673121600000,0.345319986
1673136000000,0.344935715
1673150400000,0.344527155
1673164800000,0.344092846
1673179200000,0.343739986
1673193600000,0.343458563
1673208000000,0.34325856
1673222400000,0.343158573
1673236800000,0.34304142
1673251200000,0.342929989
1673265600000,0.342920005
1673280000000,0.343057156
1673294400000,0.343085706
1673308800000,0.343160003
1673323200000,0.343182862
1673337600000,0.343251437
1673352000000,0.343361437
1673366400000,0.343574286
1673380800000,0.34377715
1673395200000,0.343938559
1673409600000,0.344258577
1673424000000,0.344515711
1673438400000,0.344862849
1673452800000,0.345314294
1673467200000,0.345747143
1673481600000,0.346215725
1673496000000,0.34663713
1673510400000,0.347012848
1673524800000,0.347418576
1673539200000,0.347941428
1673553600000,0.348479986
1673568000000,0.349052846
1673582400000,0.349614292
1673596800000,0.350120008
1673611200000,0.350620002
1673625600000,0.351304293
1673640000000,0.351994276
1673654400000,0.352811426
1673668800000,0.353578568
1673683200000,0.354172856
1673697600000,0.354832858
1673712000000,0.355540007
1673726400000,0.356202871
1673740800000,0.356864274
1673755200000,0.357501417
1673769600000,0.358058572
1673784000000,0.358702868
1673798400000,0.359230012
1673812800000,0.359731436
1673827200000,0.360538572
1673841600000,0.361192852
1673856000000,0.361742854
1673870400000,0.362294286
1673884800000,0.362965703
1673899200000,0.363548577
1673913600000,0.364145726
1673928000000,0.364859998
1673942400000,0.365534276
1673956800000,0.366237134
1673971200000,0.367005706
1673985600000,0.367748559
1674000000000,0.368505716
1674014400000,0.369237155
1674028800000,0.369911432
1674043200000,0.370445728
1674057600000,0.371118575
1674072000000,0.371625721
1674086400000,0.37213856
1674100800000,0.372695714
1674115200000,0.373262852
1674129600000,0.373927146
1674144000000,0.374669999
1674158400000,0.375422865
1674172800000,0.376164287
1674187200000,0.376812845
1674201600000,0.377539992
1674216000000,0.378224283
1674230400000,0.37895143
1674244800000,0.379862845
1674259200000,0.380718559
1674273600000,0.381508559
1674288000000,0.382267147
1674302400000,0.38312
1674316800000,0.38404572
1674331200000,0.384844273
1674345600000,0.385639995
1674360000000,0.386425704
1674374400000,0.387154281
1674388800000,0.387937129
1674403200000,0.388732851
1674417600000,0.389281422
1674432000000,0.38990429
1674446400000,0.390538573
1674460800000,0.391274273
1674475200000,0.391975701
1674489600000,0.392699987
1674504000000,0.39341715
1674518400000,0.394214272
1674532800000,0.3950257
1674547200000,0.395698577
1674561600000,0.396365702
1674576000000,0.397018582
1674590400000,0.397465706
1674604800000,0.397892863
1674619200000,0.398397148
1674633600000,0.39881143
1674648000000,0.399100006
1674662400000,0.39924714
1674676800000,0.399425715
1674691200000,0.399695724
1674705600000,0.399914294
1674720000000,0.400181442
1674734400000,0.400378585
1674748800000,0.400697142
1674763200000,0.401005715
1674777600000,0.401314288
1674792000000,0.401585728
1674806400000,0.401888579
1674820800000,0.402200013
1674835200000,0.402302861
1674849600000,0.402584285
1674864000000,0.40295285
1674878400000,0.403318584
1674892800000,0.40358144
1674907200000,0.403918564
1674921600000,0.404292852
1674936000000,0.404555708
1674950400000,0.404871434
1674964800000,0.405204296
1674979200000,0.405484289
1674993600000,0.405844271
1675008000000,0.406248569
1675022400000,0.406597137
1675036800000,0.406951427
1675051200000,0.407370001
1675065600000,0.407485723
1675080000000,0.40780285
1675094400000,0.408038557
1675108800000,0.408177137
1675123200000,0.408272862
1675137600000,0.408344299
1675152000000,0.408434272
1675166400000,0.408568561
1675180800000,0.408841431
1675195200000,0.409094274
1675209600000,0.409267157
1675224000000,0.409377158
1675238400000,0.409387141
1675252800000,0.409175724
1675267200000,0.40913856
1675281600000,0.409179986
1675296000000,0.409244299
1675310400000,0.409310013
1675324800000,0.409327149
1675339200000,0.40949142
1675353600000,0.409618586
1675368000000,0.409702867
1675382400000,0.409804285
1675396800000,0.409875721
1675411200000,0.409965724
1675425600000,0.410109997
1675440000000,0.410164297
1675454400000,0.410135716
1675468800000,0.40992713
1675483200000,0.409754276
1675497600000,0.409524292
1675512000000,0.409375727
1675526400000,0.409257144
1675540800000,0.409067154
1675555200000,0.408879995
1675569600000,0.408719987
1675584000000,0.408505708
1675598400000,0.408399999
1675612800000,0.408308566
1675627200000,0.40815571
1675641600000,0.408054292
1675656000000,0.407942861
1675670400000,0.407744288
1675684800000,0.407508582
1675699200000,0.407381415
1675713600000,0.407135725
1675728000000,0.40687713
1675742400000,0.406681418
1675756800000,0.406451434
1675771200000,0.406237155
1675785600000,0.406154275
1675800000000,0.406098574
1675814400000,0.406022847
1675828800000,0.405961424
1675843200000,0.40581429
1675857600000,0.40559572
1675872000000,0.405401438
1675886400000,0.405212849
1675900800000,0.404924273
1675915200000,0.404705703
1675929600000,0.404477149
1675944000000,0.404385716
1675958400000,0.404065728
1675972800000,0.403655708
1675987200000,0.403295726
1676001600000,0.402929991
1676016000000,0.402458578
1676030400000,0.401977152
1676044800000,0.401554286
1676059200000,0.401137143
1676073600000,0.400917143
1676088000000,0.400651425
1676102400000,0.400468558
1676116800000,0.40031001
1676131200000,0.400164276
1676145600000,0.399988562
1676160000000,0.399724275
1676174400000,0.399419993
1676188800000,0.399028569
1676203200000,0.398691416
1676217600000,0.398408562
1676232000000,0.398041427
1676246400000,0.397592843
1676260800000,0.397272855
1676275200000,0.396665722
1676289600000,0.395998567
1676304000000,0.395401418
1676318400000,0.394791424
1676332800000,0.394117147
1676347200000,0.393481433
1676361600000,0.392847151
1676376000000,0.392345726
1676390400000,0.391888559
1676404800000,0.391477138
1676419200000,0.391030014
1676433600000,0.390627146
1676448000000,0.390294284
1676462400000,0.389937133
1676476800000,0.389719993
1676491200000,0.389595717
1676505600000,0.389452845
1676520000000,0.389265716
1676534400000,0.388998568
1676548800000,0.388872862
1676563200000,0.388740003
1676577600000,0.388365716
1676592000000,0.388092846
1676606400000,0.387911439
1676620800000,0.387764275
1676635200000,0.387625724
1676649600000,0.387584299
1676664000000,0.387541443
1676678400000,0.387499988
1676692800000,0.387414277
1676707200000,0.387270004
1676721600000,0.387308568
1676736000000,0.38731572
1676750400000,0.387297153
1676764800000,0.387219995
1676779200000,0.387171417
1676793600000,0.387074292
1676808000000,0.386965722
1676822400000,0.386775702
1676836800000,0.386545718
1676851200000,0.386338562
1676865600000,0.386241436
1676880000000,0.386185706
1676894400000,0.38625285
1676908800000,0.386428565
1676923200000,0.38649857
1676937600000,0.386510015
1676952000000,0.386484295
1676966400000,0.386518568
1676980800000,0.386628568
1676995200000,0.386725724
1677009600000,0.386801422
1677024000000,0.3869057
1677038400000,0.387062848
1677052800000,0.387157142
1677067200000,0.387254298
1677081600000,0.387405723
1677096000000,0.387600005
1677110400000,0.387785703
1677124800000,0.387989998
1677139200000,0.388112843
1677153600000,0.388201416
1677168000000,0.388341427
1677182400000,0.388442844
1677196800000,0.38854143
1677211200000,0.388631433
1677225600000,0.388714284
1677240000000,0.38881287
1677254400000,0.388900012
1677268800000,0.388938576
1677283200000,0.389117151
1677297600000,0.38927713
1677312000000,0.389371425
1677326400000,0.38946858
1677340800000,0.389582843
1677355200000,0.389690012
1677369600000,0.389817148
1677384000000,0.389844298
1677398400000,0.389804274
1677412800000,0.389717132
1677427200000,0.389704287
1677441600000,0.389641434
1677456000000,0.389507145
1677470400000,0.38933
1677484800000,0.389045715
1677499200000,0.3887043
1677513600000,0.388365716
1677528000000,0.388055712
1677542400000,0.387741417
1677556800000,0.38734144
1677571200000,0.387017131
1677585600000,0.386954278
1677600000000,0.386808574
1677614400000,0.386644274
1677628800000,0.386482865
1677643200000,0.386384279
1677657600000,0.386172861
1677672000000,0.385981441
1677686400000,0.385774285
1677700800000,0.385618567
1677715200000,0.385405719
1677729600000,0.385174274
1677744000000,0.384958565
1677758400000,0.38469857
1677772800000,0.384552866
1677787200000,0.384354293
1677801600000,0.383941442
1677816000000,0.383498579
1677830400000,0.38320142
1677844800000,0.382931441
1677859200000,0.38268429
1677873600000,0.382488579
1677888000000,0.382235706
1677902400000,0.381851435
1677916800000,0.381454289
1677931200000,0.381112844
1677945600000,0.380800009
1677960000000,0.380419999
1677974400000,0.380187154
1677988800000,0.379951417
1678003200000,0.379628569
1678017600000,0.37933287
1678032000000,0.379015714
1678046400000,0.378672868
1678060800000,0.378317147
1678075200000,0.377952844
1678089600000,0.377499998
1678104000000,0.37709713
1678118400000,0.376755714
1678132800000,0.376368582
1678147200000,0.376060009
1678161600000,0.375775725
1678176000000,0.375481427
1678190400000,0.375344276
1678204800000,0.375212848
1678219200000,0.375088573
1678233600000,0.374940008
1678248000000,0.374865711
1678262400000,0.374994278
1678276800000,0.375259995
1678291200000,0.37551856
1678305600000,0.375678569
1678320000000,0.375831425
1678334400000,0.376020014
1678348800000,0.376269996
1678363200000,0.376489997
1678377600000,0.376501441
1678392000000,0.376402855
1678406400000,0.376364291
1678420800000,0.376285702
1678435200000,0.376032859
1678449600000,0.375902861
1678464000000,0.375782847
1678478400000,0.375719994
1678492800000,0.375649989
1678507200000,0.37543571
1678521600000,0.375208557
1678536000000,0.374967128
1678550400000,0.374769986
1678564800000,0.374621421
1678579200000,0.374422848
1678593600000,0.374135703
1678608000000,0.37385428
1678622400000,0.373514295
1678636800000,0.373222858
1678651200000,0.373070002
1678665600000,0.372868568
1678680000000,0.372667134
1678694400000,0.372375727
1678708800000,0.372227132
1678723200000,0.372141421
1678737600000,0.372047156
1678752000000,0.371937156
1678766400000,0.371818572
1678780800000,0.371632844
1678795200000,0.371738583
1678809600000,0.371924281
1678824000000,0.372025728
1678838400000,0.372124285
1678852800000,0.37222144
1678867200000,0.37219286
1678881600000,0.371957153
1678896000000,0.371749997
1678910400000,0.371508569
1678924800000,0.371315718
1678939200000,0.371154279
1678953600000,0.371011436
1678968000000,0.370861441
1678982400000,0.370744288
1678996800000,0.370627135
1679011200000,0.370588571
1679025600000,0.37055856
1679040000000,0.370687157
1679054400000,0.370735705
1679068800000,0.370862871
1679083200000,0.37110287
1679097600000,0.371424288
1679112000000,0.371628582
1679126400000,0.371794283
1679140800000,0.371899992
1679155200000,0.37205714
1679169600000,0.372118562
1679184000000,0.372215718
1679198400000,0.372231424
1679212800000,0.372425705
1679227200000,0.372598559
1679241600000,0.372827142
1679256000000,0.372962862
1679270400000,0.372880012
1679284800000,0.372692853
1679299200000,0.372501433
1679313600000,0.372361422
1679328000000,0.37216571
1679342400000,0.371922851
1679356800000,0.37175858
1679371200000,0.371658564
1679385600000,0.371832848
1679400000000,0.372658581
1679414400000,0.374091417
1679428800000,0.375507146
1679443200000,0.376892865
1679457600000,0.378131419
1679472000000,0.379202843
1679486400000,0.380132854
1679500800000,0.380741417
1679515200000,0.381584287
1679529600000,0.382400006
1679544000000,0.383617133
1679558400000,0.384842843
1679572800000,0.386049986
1679587200000,0.387202859
1679601600000,0.38840428
1679616000000,0.389427155
1679630400000,0.390581429
1679644800000,0.391524285
1679659200000,0.392314285
1679673600000,0.393164277
1679688000000,0.393995702
1679702400000,0.394994289
1679716800000,0.396019995
1679731200000,0.397091419
1679745600000,0.398318559
1679760000000,0.399441421
1679774400000,0.400514275
1679788800000,0.401664287
1679803200000,0.402687132
1679817600000,0.403834283
1679832000000,0.404895723
1679846400000,0.405944288
1679860800000,0.406998575
1679875200000,0.408215702
1679889600000,0.409632862
1679904000000,0.411292851
1679918400000,0.412699997
1679932800000,0.414208561
1679947200000,0.415851414
1679961600000,0.417428583
1679976000000,0.419149995
1679990400000,0.421022862
1680004800000,0.42292285
1680019200000,0.425078571
1680033600000,0.427157134
1680048000000,0.429415703
1680062400000,0.432092845
1680076800000,0.43488571
1680091200000,0.437240005
1680105600000,0.439645708
1680120000000,0.44194001
1680134400000,0.444090009
1680148800000,0.446384281
1680163200000,0.448817134
1680177600000,0.451084286
1680192000000,0.453394294
1680206400000,0.455570012
1680220800000,0.457560003
1680235200000,0.459585726
1680249600000,0.461527139
1680264000000,0.463591427
1680278400000,0.465804279
1680292800000,0.468002856
1680307200000,0.470142871
1680321600000,0.472000003
1680336000000,0.474005729
1680350400000,0.475978583
1680364800000,0.477784276
1680379200000,0.479541421
1680393600000,0.481274277
1680408000000,0.482494295
1680422400000,0.483075708
1680436800000,0.483821422
1680451200000,0.484690011
1680465600000,0.485584289
1680480000000,0.486571431
1680494400000,0.487694293
1680508800000,0.489172846
1680523200000,0.490414292
1680537600000,0.491710007
1680552000000,0.492407143
1680566400000,0.49307856
1680580800000,0.493764281
1680595200000,0.494545728
1680609600000,0.495322853
1680624000000,0.496365726
1680638400000,0.4973557
1680652800000,0.498551428
1680667200000,0.499914289
1680681600000,0.501192868
1680696000000,0.502297163
1680710400000,0.50340569
1680724800000,0.504265726
1680739200000,0.505062878
1680753600000,0.505625725
1680768000000,0.506334305
1680782400000,0.507235706
1680796800000,0.508071423
1680811200000,0.508737147
1680825600000,0.509367168
1680840000000,0.510235727
1680854400000,0.511039972
1680868800000,0.511898577
1680883200000,0.512731433
1680897600000,0.513484299
1680912000000,0.513975739
1680926400000,0.514737129
1680940800000,0.515344262
1680955200000,0.515778601
1680969600000,0.516240001
1680984000000,0.516545713
1680998400000,0.516675711
1681012800000,0.516752839
1681027200000,0.516515732
1681041600000,0.516334295
1681056000000,0.515907168
1681070400000,0.515161455
1681084800000,0.514211416
1681099200000,0.513651431
1681113600000,0.512972832
1681128000000,0.512434304
1681142400000,0.512132883
1681156800000,0.511842847
1681171200000,0.51135999
1681185600000,0.511217117
1681200000000,0.510948598
1681214400000,0.510765731
1681228800000,0.510525703
1681243200000,0.510277152
1681257600000,0.509951413
1681272000000,0.509607136
1681286400000,0.509134293
1681300800000,0.508631408
1681315200000,0.508204281
1681329600000,0.508138597
1681344000000,0.507991433
1681358400000,0.50792712
1681372800000,0.507934272
1681387200000,0.507947147
1681401600000,0.507945716
1681416000000,0.507924259
1681430400000,0.508017123
1681444800000,0.508111417
1681459200000,0.508297145
1681473600000,0.50825429
1681488000000,0.508414268
1681502400000,0.508544266
1681516800000,0.508607149
1681531200000,0.508805692
1681545600000,0.509010017
1681560000000,0.509379983
1681574400000,0.509737134
1681588800000,0.510070026
1681603200000,0.510330021
1681617600000,0.510642886
1681632000000,0.510822833
1681646400000,0.511074305
1681660800000,0.511291444
1681675200000,0.51127857
1681689600000,0.511247158
1681704000000,0.5113886
1681718400000,0.511465728
1681732800000,0.511505723
1681747200000,0.511618555
1681761600000,0.511810005
1681776000000,0.512005687
1681790400000,0.51214999
1681804800000,0.51234287
1681819200000,0.512591422
1681833600000,0.512872875
1681848000000,0.513237119
1681862400000,0.513559997
1681876800000,0.513761401
1681891200000,0.513551414
1681905600000,0.5133214
1681920000000,0.51307857
1681934400000,0.512797117
1681948800000,0.512571454
1681963200000,0.512331426
1681977600000,0.512087166
1681992000000,0.511745691
1682006400000,0.511241436
1682020800000,0.510838568
1682035200000,0.510451436
1682049600000,0.510018587
1682064000000,0.509472847
1682078400000,0.508837163
1682092800000,0.507988572
1682107200000,0.507178545
1682121600000,0.506415725
1682136000000,0.505644262
1682150400000,0.504805744
1682164800000,0.504097164
1682179200000,0.503431439
1682193600000,0.502705693
1682208000000,0.501945734
1682222400000,0.501268566
1682236800000,0.500597119
1682251200000,0.499799997
1682265600000,0.499118567
1682280000000,0.498522848
1682294400000,0.498072863
1682308800000,0.497475713
1682323200000,0.496945709
1682337600000,0.496274292
1682352000000,0.495635718
1682366400000,0.494975716
1682380800000,0.494268566
1682395200000,0.493478566
1682409600000,0.492680013
1682424000000,0.491845727
1682438400000,0.491018564
1682452800000,0.490175724
1682467200000,0.48923856
1682481600000,0.488558561
1682496000000,0.487838566
1682510400000,0.4871957
1682524800000,0.486178577
1682539200000,0.485311419
1682553600000,0.484434277
1682568000000,0.483561426
1682582400000,0.482697129
1682596800000,0.481847137
1682611200000,0.481131434
1682625600000,0.480362862
1682640000000,0.47964856
1682654400000,0.479018569
1682668800000,0.478300005
1682683200000,0.477561414
1682697600000,0.477011442
1682712000000,0.476532847
1682726400000,0.476068586
1682740800000,0.47564286
1682755200000,0.475211442
1682769600000,0.474745721
1682784000000,0.47425428
1682798400000,0.47370857
1682812800000,0.473047137
1682827200000,0.472407132
1682841600000,0.471740007
1682856000000,0.470968574
1682870400000,0.470239997
1682884800000,0.469501436
1682899200000,0.469035715
1682913600000,0.46855858
1682928000000,0.468132854
1682942400000,0.467689991
1682956800000,0.467195719
1682971200000,0.466800004
1682985600000,0.466445714
1683000000000,0.466199994
1683014400000,0.46605286
1683028800000,0.465874285
1683043200000,0.465691417
1683057600000,0.46558857
1683072000000,0.465512872
1683086400000,0.465474278
1683100800000,0.465625703
1683115200000,0.465681434
1683129600000,0.465730011
1683144000000,0.465907156
1683158400000,0.46605286
1683172800000,0.465962857
1683187200000,0.465832859
1683201600000,0.465607136
1683216000000,0.465491414
1683230400000,0.465331435
1683244800000,0.465248585
1683259200000,0.465245724
1683273600000,0.465254277
1683288000000,0.465225726
1683302400000,0.465164274
1683316800000,0.465251416
1683331200000,0.465220004
1683345600000,0.465281427
1683360000000,0.465297133
1683374400000,0.465202868
1683388800000,0.46518001
1683403200000,0.465228558
1683417600000,0.465212852
1683432000000,0.465264291
1683446400000,0.465172857
1683460800000,0.465012848
1683475200000,0.4648543
1683489600000,0.46458286
1683504000000,0.464081436
1683518400000,0.463474274
1683532800000,0.463304281
1683547200000,0.462905705
1683561600000,0.462301433
1683576000000,0.461840004
1683590400000,0.461328566
1683604800000,0.460837156
1683619200000,0.460229993
1683633600000,0.459591419
1683648000000,0.458981425
1683662400000,0.458302855
1683676800000,0.457700014
1683691200000,0.457078576
1683705600000,0.456378579
1683720000000,0.455664277
1683734400000,0.454939991
1683748800000,0.454251438
1683763200000,0.453504294
1683777600000,0.452741414
1683792000000,0.451974273
1683806400000,0.451138586
1683820800000,0.4503043
1683835200000,0.449517131
1683849600000,0.448692858
1683864000000,0.447910011
1683878400000,0.447228581
1683892800000,0.446568578
1683907200000,0.445992857
1683921600000,0.445522845
1683936000000,0.444970012
1683950400000,0.444492847
1683964800000,0.444012851
1683979200000,0.443452865
1683993600000,0.442908585
1684008000000,0.442341417
1684022400000,0.441848576
1684036800000,0.441321433
1684051200000,0.440791428
1684065600000,0.440288574
1684080000000,0.439755708
1684094400000,0.439281434
1684108800000,0.438891441
1684123200000,0.438502848
1684137600000,0.438082844
1684152000000,0.437557131
1684166400000,0.437044293
1684180800000,0.436555713
1684195200000,0.436040014
1684209600000,0.435608566
1684224000000,0.435077131
1684238400000,0.434525728
1684252800000,0.433942854
1684267200000,0.433684289
1684281600000,0.433655709
1684296000000,0.433461428
1684310400000,0.433148563
1684324800000,0.432775706
1684339200000,0.432557136
1684353600000,0.432358563
1684368000000,0.43215856
1684382400000,0.432068557
1684396800000,0.432178557
1684411200000,0.432212859
1684425600000,0.432240009
1684440000000,0.432267129
1684454400000,0.432399988
1684468800000,0.432425708
1684483200000,0.432531416
1684497600000,0.432771415
1684512000000,0.43316713
1684526400000,0.433622867
1684540800000,0.434018582
1684555200000,0.434457153
1684569600000,0.43513
1684584000000,0.435672849
1684598400000,0.43630144
1684612800000,0.436910003
1684627200000,0.437530011
1684641600000,0.43820715
1684656000000,0.438787133
1684670400000,0.439231426
1684684800000,0.439660013
1684699200000,0.440109998
1684713600000,0.440535724
1684728000000,0.440985709
1684742400000,0.441441417
1684756800000,0.441821426
1684771200000,0.442282856
1684785600000,0.442804277
1684800000000,0.443378568
1684814400000,0.443991423
1684828800000,0.444635719
1684843200000,0.44521144
1684857600000,0.445867151
1684872000000,0.446451426
1684886400000,0.446878582
1684900800000,0.447342843
1684915200000,0.44779858
1684929600000,0.448091418
1684944000000,0.448465705
1684958400000,0.448837131
1684972800000,0.449220002
1684987200000,0.449564278
1685001600000,0.449944288
1685016000000,0.450285703
1685030400000,0.450650007
1685044800000,0.451048583
1685059200000,0.451597154
1685073600000,0.452052861
1685088000000,0.452641428
1685102400000,0.453185707
1685116800000,0.453727156
1685131200000,0.45433715
1685145600000,0.455028564
1685160000000,0.455709994
1685174400000,0.456337154
1685188800000,0.456958562
1685203200000,0.457624286
1685217600000,0.458274275
1685232000000,0.459011436
1685246400000,0.459738582
1685260800000,0.460448563
1685275200000,0.460872859
1685289600000,0.461128563
1685304000000,0.461598575
1685318400000,0.462110013
1685332800000,0.462680012
1685347200000,0.463145703
1685361600000,0.463584274
1685376000000,0.46411714
1685390400000,0.464777142
1685404800000,0.465231419
1685419200000,0.46580857
1685433600000,0.466454297
1685448000000,0.467095703
1685462400000,0.467861414
1685476800000,0.468724281
1685491200000,0.469641417
1685505600000,0.470262855
1685520000000,0.470912844
1685534400000,0.471451432
1685548800000,0.472165704
1685563200000,0.47291857
1685577600000,0.473508567
1685592000000,0.474059999
1685606400000,0.474597156
1685620800000,0.475127131
1685635200000,0.475694299
1685649600000,0.476229995
1685664000000,0.476948559
1685678400000,0.477745712
1685692800000,0.478544295
1685707200000,0.479424298
1685721600000,0.480432868
1685736000000,0.481334299
1685750400000,0.482214272
1685764800000,0.483181417
1685779200000,0.484074295
1685793600000,0.484931439
1685808000000,0.485715717
1685822400000,0.486524284
1685836800000,0.487392843
1685851200000,0.488310009
1685865600000,0.489187151
1685880000000,0.490197152
1685894400000,0.491348565
1685908800000,0.492477149
1685923200000,0.493537128
1685937600000,0.494731426
1685952000000,0.495902866
1685966400000,0.496632844
1685980800000,0.497367144
1685995200000,0.498212844
1686009600000,0.498987138
1686024000000,0.499807149
1686038400000,0.500621438
1686052800000,0.501445711
1686067200000,0.502352834
1686081600000,0.503334284
1686096000000,0.504212856
1686110400000,0.505112886
1686124800000,0.50607574
1686139200000,0.506778598
1686153600000,0.507412851
1686168000000,0.508048594
1686182400000,0.508698583
1686196800000,0.509401441
1686211200000,0.510085702
1686225600000,0.510839999
1686240000000,0.511558592
1686254400000,0.512282848
1686268800000,0.513024271
1686283200000,0.513759971
1686297600000,0.514505744
1686312000000,0.51520431
1686326400000,0.515922844
1686340800000,0.516738594
1686355200000,0.517329991
1686369600000,0.517484307
1686384000000,0.517635703
1686398400000,0.51757288
1686412800000,0.517685711
1686427200000,0.51776427
1686441600000,0.517807126
1686456000000,0.517821431
1686470400000,0.517651439
1686484800000,0.517481446
1686499200000,0.517449975
1686513600000,0.517617166
1686528000000,0.517658591
1686542400000,0.51776427
1686556800000,0.517830014
1686571200000,0.517788589
1686585600000,0.51798141
1686600000000,0.518268585
1686614400000,0.518562853
1686628800000,0.518905699
1686643200000,0.519681454
1686657600000,0.519702852
1686672000000,0.519722879
1686686400000,0.519775689
1686700800000,0.519765735
1686715200000,0.519504309
1686729600000,0.519248545
1686744000000,0.518939972
1686758400000,0.518622875
1686772800000,0.517987132
1686787200000,0.517398596
1686801600000,0.516665697
1686816000000,0.516044259
1686830400000,0.515401423
1686844800000,0.514817119
1686859200000,0.514171422
1686873600000,0.51354003
1686888000000,0.512704313
1686902400000,0.511622846
1686916800000,0.510621428
1686931200000,0.509792864
1686945600000,0.508952856
1686960000000,0.508055687
1686974400000,0.507717133
1686988800000,0.507350028
1687003200000,0.50691855
1687017600000,0.506544292
1687032000000,0.506174266
1687046400000,0.505779982
1687060800000,0.505371451
1687075200000,0.504791439
1687089600000,0.504264295
1687104000000,0.503805697
1687118400000,0.503244281
1687132800000,0.502640009
1687147200000,0.502248585
1687161600000,0.501835704
1687176000000,0.501410007
1687190400000,0.501078546
1687204800000,0.500701427
1687219200000,0.500297129
1687233600000,0.499769986
1687248000000,0.499194294
1687262400000,0.498548567
1687276800000,0.498039991
1687291200000,0.497597128
1687305600000,0.497147143
1687320000000,0.496662855
1687334400000,0.496142864
1687348800000,0.495537132
1687363200000,0.495198578
1687377600000,0.495347142
1687392000000,0.495647132
1687406400000,0.49596858
1687420800000,0.49580428
1687435200000,0.495620012
1687449600000,0.495528579
1687464000000,0.495358586
1687478400000,0.495245725
1687492800000,0.49501428
1687507200000,0.494548559
1687521600000,0.494225711
1687536000000,0.494037151
1687550400000,0.493804276
1687564800000,0.493425727
1687579200000,0.493081421
1687593600000,0.492661417
1687608000000,0.492078573
1687622400000,0.491530001
1687636800000,0.490918577
1687651200000,0.489884287
1687665600000,0.489632845
1687680000000,0.489274293
1687694400000,0.488844275
1687708800000,0.488491416
1687723200000,0.488341421
1687737600000,0.487997144
1687752000000,0.48774001
1687766400000,0.487477154
1687780800000,0.487542868
1687795200000,0.487501442
1687809600000,0.487625718
1687824000000,0.48771143
1687838400000,0.487787157
1687852800000,0.487791419
1687867200000,0.487778574
1687881600000,0.487801433
1687896000000,0.487894297
1687910400000,0.48817572
1687924800000,0.48828429
1687939200000,0.488324285
1687953600000,0.488317132
1687968000000,0.48814714
1687982400000,0.487925708
1687996800000,0.487760007
1688011200000,0.487588584
1688025600000,0.487444282
1688040000000,0.487305701
1688054400000,0.487225711
1688068800000,0.487108558
1688083200000,0.486992866
1688097600000,0.486750007
1688112000000,0.486530006
1688126400000,0.48621285
1688140800000,0.486018568
1688155200000,0.48577857
1688169600000,0.485494286
1688184000000,0.485245705
1688198400000,0.48490715
1688212800000,0.484601438
1688227200000,0.484367132
1688241600000,0.484168559
1688256000000,0.484315723
1688270400000,0.48438713
1688284800000,0.484255701
1688299200000,0.484132856
1688313600000,0.483945727
1688328000000,0.483767152
1688342400000,0.483592868
1688356800000,0.483384281
1688371200000,0.483201414
1688385600000,0.482987136
1688400000000,0.482614279
1688414400000,0.482284278
1688428800000,0.482275724
1688443200000,0.482188582
1688457600000,0.482037157
1688472000000,0.481902868
1688486400000,0.481708586
1688500800000,0.48163715
1688515200000,0.481625706
1688529600000,0.481494278
1688544000000,0.481168568
1688558400000,0.480827153
1688572800000,0.48060286
1688587200000,0.480424285
1688601600000,0.48021856
1688616000000,0.480147153
1688630400000,0.4799743
1688644800000,0.479731441
1688659200000,0.47942856
1688673600000,0.479027152
1688688000000,0.478692859
1688702400000,0.478324294
1688716800000,0.477994293
1688731200000,0.477664292
1688745600000,0.47741428
1688760000000,0.477184296
1688774400000,0.476961434
1688788800000,0.476709992
1688803200000,0.476545721
1688817600000,0.47640714
1688832000000,0.476235718
1688846400000,0.476108581
1688860800000,0.475954294
1688875200000,0.475818574
1688889600000,0.475637138
1688904000000,0.475434273
1688918400000,0.475250006
1688932800000,0.47517857
1688947200000,0.475041419
1688961600000,0.474944293
1688976000000,0.475109994
1688990400000,0.475221425
1689004800000,0.475387156
1689019200000,0.475547135
1689033600000,0.475635707
1689048000000,0.475730002
1689062400000,0.475704283
1689076800000,0.47569856
1689091200000,0.47561571
1689105600000,0.475605726
1689120000000,0.475541443
1689134400000,0.475695699
1689148800000,0.475645721
1689163200000,0.47561428
1689177600000,0.475601435
1689192000000,0.475600004
1689206400000,0.475617141
1689220800000,0.475608557
1689235200000,0.475604296
1689249600000,0.477288574
1689264000000,0.481984288
1689278400000,0.48673287
1689292800000,0.491087139
1689307200000,0.495182872
1689321600000,0.499685705
1689336000000,0.503891408
1689350400000,0.5070014
1689364800000,0.510394275
1689379200000,0.513762832
1689393600000,0.517194271
1689408000000,0.520449996
1689422400000,0.523794293
1689436800000,0.527087152
1689451200000,0.530332863
1689465600000,0.533521414
1689480000000,0.536817133
1689494400000,0.540575743
1689508800000,0.544628561
1689523200000,0.548204303
1689537600000,0.551887155
1689552000000,0.555871427
1689566400000,0.559837162
1689580800000,0.563539982
1689595200000,0.567272842
1689609600000,0.570931435
1689624000000,0.5746243
1689638400000,0.578378558
1689652800000,0.582260013
1689667200000,0.586269975
1689681600000,0.590495706
1689696000000,0.594682872
1689710400000,0.599174261
1689724800000,0.603917122
1689739200000,0.6085186
1689753600000,0.6132043
1689768000000,0.617941439
1689782400000,0.623178542
1689796800000,0.628217161
1689811200000,0.633437157
1689825600000,0.638414264
1689840000000,0.643237114
1689854400000,0.647765696
1689868800000,0.652374268
1689883200000,0.65701431
1689897600000,0.661642849
1689912000000,0.666061401
1689926400000,0.670411408
1689940800000,0.674801409
1689955200000,0.679342866
1689969600000,0.683667123
1689984000000,0.688000023
1689998400000,0.692308545
1690012800000,0.696510017
1690027200000,0.700644314
1690041600000,0.704522848
1690056000000,0.708188593
1690070400000,0.711922884
1690084800000,0.715695739
1690099200000,0.71951288
1690113600000,0.72329998
1690128000000,0.727041423
1690142400000,0.73079145
1690156800000,0.734422863
1690171200000,0.738038599
1690185600000,0.741242886
1690200000000,0.744430006
1690214400000,0.7477386
1690228800000,0.751028597
1690243200000,0.754220009
1690257600000,0.755487144
1690272000000,0.753525734
1690286400000,0.751869977
1690300800000,0.750670016
1690315200000,0.749784291
1690329600000,0.748517156
1690344000000,0.747394264
1690358400000,0.7473557
1690372800000,0.747148573
1690387200000,0.747047126
1690401600000,0.746914268
1690416000000,0.746907115
1690430400000,0.746738553
1690444800000,0.746637166
1690459200000,0.7467314
1690473600000,0.746754289
1690488000000,0.746737123
1690502400000,0.746231437
1690516800000,0.745302856
1690531200000,0.744834304
1690545600000,0.744342864
1690560000000,0.743698597
1690574400000,0.743152857
1690588800000,0.742797136
1690603200000,0.742408574
1690617600000,0.742041409
1690632000000,0.741622865
1690646400000,0.74128145
1690660800000,0.740865707
1690675200000,0.740312874
1690689600000,0.739627123
1690704000000,0.739022851
1690718400000,0.738124311
1690732800000,0.736769974
1690747200000,0.73556143
1690761600000,0.734298587
1690776000000,0.732938588
1690790400000,0.731088579
1690804800000,0.729325712
1690819200000,0.727639973
1690833600000,0.725922883
1690848000000,0.724201441
1690862400000,0.72280997
1690876800000,0.721300006
1690891200000,0.71986717
1690905600000,0.718528569
1690920000000,0.717499971
1690934400000,0.716448545
1690948800000,0.71529001
1690963200000,0.714039981
1690977600000,0.712844312
1690992000000,0.711585701
1691006400000,0.710314274
1691020800000,0.709028542
1691035200000,0.707645714
1691049600000,0.706477165
1691064000000,0.70559001
1691078400000,0.704722881
1691092800000,0.703649998
1691107200000,0.702564299
1691121600000,0.701407135
1691136000000,0.700275719
1691150400000,0.699209988
1691164800000,0.69815284
1691179200000,0.696888566
1691193600000,0.695901453
1691208000000,0.694897115
1691222400000,0.693808556
1691236800000,0.69270283
1691251200000,0.691709995
1691265600000,0.690977156
1691280000000,0.690274298
1691294400000,0.689321458
1691308800000,0.688367128
1691323200000,0.687195718
1691337600000,0.686004281
1691352000000,0.684915721
1691366400000,0.683892846
1691380800000,0.682587147
1691395200000,0.681248546
1691409600000,0.679827154
1691424000000,0.678391457
1691438400000,0.677134275
1691452800000,0.675767124
1691467200000,0.674347162
1691481600000,0.673057139
1691496000000,0.671847165
1691510400000,0.670738578
1691524800000,0.669821441
1691539200000,0.668828547
1691553600000,0.667864263
1691568000000,0.666912854
1691582400000,0.666098595
1691596800000,0.66537571
1691611200000,0.664399981
1691625600000,0.66338712
1691640000000,0.662218571
1691654400000,0.660994291
1691668800000,0.659837127
1691683200000,0.658754289
1691697600000,0.657655716
1691712000000,0.656448543
1691726400000,0.655267119
1691740800000,0.654267132
1691755200000,0.653182864
1691769600000,0.652105689
1691784000000,0.651061416
1691798400000,0.649997115
1691812800000,0.649054289
1691827200000,0.647848547
1691841600000,0.646897137
1691856000000,0.646015704
1691870400000,0.645124257
1691884800000,0.644298553
1691899200000,0.643375695
1691913600000,0.642351449
1691928000000,0.641228557
1691942400000,0.640304267
1691956800000,0.639321446
1691971200000,0.6383757
1691985600000,0.637510002
1692000000000,0.636680007
1692014400000,0.635917127
1692028800000,0.635140002
1692043200000,0.634621441
1692057600000,0.634130001
1692072000000,0.633512855
1692086400000,0.632828593
1692100800000,0.632287145
1692115200000,0.631398559
1692129600000,0.630701423
1692144000000,0.62998569
1692158400000,0.629119992
1692172800000,0.628354311
1692187200000,0.627764285
1692201600000,0.62737143
1692216000000,0.626872838
1692230400000,0.626351416
1692244800000,0.625859976
1692259200000,0.625254273
1692273600000,0.624504268
1692288000000,0.623654306
1692302400000,0.62183857
1692316800000,0.619838595
1692331200000,0.618111432
1692345600000,0.616411448
1692360000000,0.61467427
1692374400000,0.612871408
1692388800000,0.61135143
1692403200000,0.609709978
1692417600000,0.608124256
1692432000000,0.606497169
1692446400000,0.605038583
1692460800000,0.603595734
1692475200000,0.602140009
1692489600000,0.600645721
1692504000000,0.599205732
1692518400000,0.597897172
1692532800000,0.596427143
1692547200000,0.595025718
1692561600000,0.59350574
1692576000000,0.591889977
1692590400000,0.589981437
1692604800000,0.588061452
1692619200000,0.586162865
1692633600000,0.584505737
1692648000000,0.583044291
1692662400000,0.581510007
1692676800000,0.579900026
1692691200000,0.57822144
1692705600000,0.576484263
1692720000000,0.574717164
1692734400000,0.573128581
1692748800000,0.571498573
1692763200000,0.569912851
1692777600000,0.568317115
1692792000000,0.566762865
1692806400000,0.565374315
1692820800000,0.563938558
1692835200000,0.562484264
1692849600000,0.561012864
1692864000000,0.559562862
1692878400000,0.557952881
1692892800000,0.556334257
1692907200000,0.554751456
1692921600000,0.553170025
1692936000000,0.551474273
1692950400000,0.549735725
1692964800000,0.548171401
1692979200000,0.546672881
1692993600000,0.545228601
1693008000000,0.543730021
1693022400000,0.542154312
1693036800000,0.540645719
1693051200000,0.539092839
1693065600000,0.537587166
1693080000000,0.536094308
1693094400000,0.534641445
1693108800000,0.533244312
1693123200000,0.532161415
1693137600000,0.530969977
1693152000000,0.529782832
1693166400000,0.528651416
1693180800000,0.527501404
1693195200000,0.526390016
1693209600000,0.525252879
1693224000000,0.524267137
1693238400000,0.523278594
1693252800000,0.522321403
1693267200000,0.521404266
1693281600000,0.520551443
1693296000000,0.519685686
1693310400000,0.520094275
1693324800000,0.52073431
1693339200000,0.521215737
1693353600000,0.52157855
1693368000000,0.522002876
1693382400000,0.522424281
1693396800000,0.522681415
1693411200000,0.522991419
1693425600000,0.523317158
1693440000000,0.523645699
1693454400000,0.523708582
1693468800000,0.523802876
1693483200000,0.523767114
1693497600000,0.52364713
1693512000000,0.523401439
1693526400000,0.522902846
1693540800000,0.522409976
1693555200000,0.521912873
1693569600000,0.52138716
1693584000000,0.520812869
1693598400000,0.520481408
1693612800000,0.520082831
1693627200000,0.519878566
1693641600000,0.519528568
1693656000000,0.519187152
1693670400000,0.518842876
1693684800000,0.518562853
1693699200000,0.518354297
1693713600000,0.518242836
1693728000000,0.518119991
1693742400000,0.51784569
1693756800000,0.517660022
1693771200000,0.517471433
1693785600000,0.517331421
1693800000000,0.517057121
1693814400000,0.516605735
1693828800000,0.516227126
1693843200000,0.515945733
1693857600000,0.515668571
1693872000000,0.515398562
1693886400000,0.515250027
1693900800000,0.515071452
1693915200000,0.514837146
1693929600000,0.514628589
1693944000000,0.514568567
1693958400000,0.514429986
1693972800000,0.514224291
1693987200000,0.513884306
1694001600000,0.513484299
1694016000000,0.51315856
1694030400000,0.512897134
1694044800000,0.512612879
1694059200000,0.512250006
1694073600000,0.511848569
1694088000000,0.511507154
1694102400000,0.51117003
1694116800000,0.510851443
1694131200000,0.510535717
1694145600000,0.510201454
1694160000000,0.509821415
1694174400000,0.509504259
1694188800000,0.50929141
1694203200000,0.509122849
1694217600000,0.508921444
1694232000000,0.508694291
1694246400000,0.508437157
1694260800000,0.508164287
1694275200000,0.507921457
1694289600000,0.50773716
1694304000000,0.507537127
1694318400000,0.507038593
1694332800000,0.50648427
1694347200000,0.505865693
1694361600000,0.505357146
1694376000000,0.50484997
1694390400000,0.504381418
1694404800000,0.503830016
1694419200000,0.503005743
1694433600000,0.502202868
1694448000000,0.501385689
1694462400000,0.500648558
1694476800000,0.499975711
1694491200000,0.499362856
1694505600000,0.498918563
1694520000000,0.498514295
1694534400000,0.498105705
1694548800000,0.497759998
1694563200000,0.497358561
1694577600000,0.49697572
1694592000000,0.496827155
1694606400000,0.496617138
1694620800000,0.496385723
1694635200000,0.496199995
1694649600000,0.496025711
1694664000000,0.495754272
1694678400000,0.495557129
1694692800000,0.495397151
1694707200000,0.495267153
1694721600000,0.495058566
1694736000000,0.494988561
1694750400000,0.494874299
1694764800000,0.494698584
1694779200000,0.494537145
1694793600000,0.494372845
1694808000000,0.494324297
1694822400000,0.494312853
1694836800000,0.49425143
1694851200000,0.494132847
1694865600000,0.493998557
1694880000000,0.493921429
1694894400000,0.493851423
1694908800000,0.49375999
1694923200000,0.493649989
1694937600000,0.493575722
1694952000000,0.493494272
1694966400000,0.493387133
1694980800000,0.493255705
1694995200000,0.493198574
1695009600000,0.493108571
1695024000000,0.493118584
1695038400000,0.493132859
1695052800000,0.493144274
1695067200000,0.493184298
1695081600000,0.493338585
1695096000000,0.493402869
1695110400000,0.493521422
1695124800000,0.493618578
1695139200000,0.493771434
1695153600000,0.493914276
1695168000000,0.494277149
1695182400000,0.494459987
1695196800000,0.494610012
1695211200000,0.494794279
1695225600000,0.494988561
1695240000000,0.495229989
1695254400000,0.495441437
1695268800000,0.495518565
1695283200000,0.495539993
1695297600000,0.49555999
1695312000000,0.495689988
1695326400000,0.495790005
1695340800000,0.495975703
1695355200000,0.496191442
1695369600000,0.496354282
1695384000000,0.496548563
1695398400000,0.496807128
1695412800000,0.497188568
1695427200000,0.497787148
1695441600000,0.498354286
1695456000000,0.498974293
1695470400000,0.49948287
1695484800000,0.499925703
1695499200000,0.500395715
1695513600000,0.500808597
1695528000000,0.501172841
1695542400000,0.501590014
1695556800000,0.502007127
1695571200000,0.502405703
1695585600000,0.502795696
1695600000000,0.503087163
1695614400000,0.503275692
1695628800000,0.503472865
1695643200000,0.503700018
1695657600000,0.504001439
1695672000000,0.504345715
1695686400000,0.504661441
1695700800000,0.504859984
1695715200000,0.504977167
1695729600000,0.505135715
1695744000000,0.505234301
1695758400000,0.505349994
1695772800000,0.505478561
1695787200000,0.505571425
1695801600000,0.505689979
1695816000000,0.505707145
1695830400000,0.505767167
1695844800000,0.505771458
1695859200000,0.505734265
1695873600000,0.505708575
1695888000000,0.505731404
1695902400000,0.505807161
1695916800000,0.505954266
1695931200000,0.506168544
1695945600000,0.506340027
1695960000000,0.506460011
1695974400000,0.50667429
1695988800000,0.507235706
1696003200000,0.50773859
1696017600000,0.508167148
1696032000000,0.50839144
1696046400000,0.508552849
1696060800000,0.50874573
1696075200000,0.508942842
1696089600000,0.509074271
1696104000000,0.509231448
1696118400000,0.509337127
1696132800000,0.509421408
1696147200000,0.509500027
1696161600000,0.509575725
1696176000000,0.509471416
1696190400000,0.509611428
1696204800000,0.5097543
1696219200000,0.509817123
1696233600000,0.509887159
1696248000000,0.509837151
1696262400000,0.509805739
1696276800000,0.509844303
1696291200000,0.509961426
1696305600000,0.510031402
1696320000000,0.510012865
1696334400000,0.510024309
1696348800000,0.510047138
1696363200000,0.510437131
1696377600000,0.510808587
1696392000000,0.511118591
1696406400000,0.511380017
1696420800000,0.511617124
1696435200000,0.511879981
1696449600000,0.512174308
1696464000000,0.512415707
1696478400000,0.512604296
1696492800000,0.512784302
1696507200000,0.512944281
1696521600000,0.513149977
1696536000000,0.513354301
1696550400000,0.513559997
1696564800000,0.513712883
1696579200000,0.513912857
1696593600000,0.514230013
1696608000000,0.514567137
1696622400000,0.514978588
1696636800000,0.515380025
1696651200000,0.515715718
1696665600000,0.515947163
1696680000000,0.516189992
1696694400000,0.516407132
1696708800000,0.516692877
1696723200000,0.516998589
1696737600000,0.51730144
1696752000000,0.517504275
1696766400000,0.517728567
1696780800000,0.517944276
1696795200000,0.518197119
1696809600000,0.518375695
1696824000000,0.518559992
1696838400000,0.518469989
1696852800000,0.518457115
1696867200000,0.51849997
1696881600000,0.518574297
1696896000000,0.518551409
1696910400000,0.518481433
1696924800000,0.518324256
1696939200000,0.518105686
1696953600000,0.517964303
1696968000000,0.517798543
1696982400000,0.517480016
1696996800000,0.516777158
1697011200000,0.5161286
1697025600000,0.51558286
1697040000000,0.515122831
1697054400000,0.514741421
1697068800000,0.514294267
1697083200000,0.513801455
1697097600000,0.513260007
1697112000000,0.512731433
1697126400000,0.512224257
1697140800000,0.511731446
1697155200000,0.511188567
1697169600000,0.510662854
1697184000000,0.510140002
1697198400000,0.509525716
1697212800000,0.508925736
1697227200000,0.508395731
1697241600000,0.507885695
1697256000000,0.507407129
1697270400000,0.506965697
1697284800000,0.506614268
1697299200000,0.506224275
1697313600000,0.505887151
1697328000000,0.505547166
1697342400000,0.505242884
1697356800000,0.504851401
1697371200000,0.504111409
1697385600000,0.503431439
1697400000000,0.502789974
1697414400000,0.502144277
1697428800000,0.5016343
1697443200000,0.501122832
1697457600000,0.500547171
1697472000000,0.500072837
1697486400000,0.499708563
1697500800000,0.499280006
1697515200000,0.498888582
1697529600000,0.498461425
1697544000000,0.497999996
1697558400000,0.497537136
1697572800000,0.497121423
1697587200000,0.496690005
1697601600000,0.496184289
1697616000000,0.495681435
1697630400000,0.495142847
1697644800000,0.494651437
1697659200000,0.494155705
1697673600000,0.493600011
1697688000000,0.492991418
1697702400000,0.492444277
1697716800000,0.491944283
1697731200000,0.491459996
1697745600000,0.491434276
1697760000000,0.491457134
1697774400000,0.491345704
1697788800000,0.491314292
1697803200000,0.491402864
1697817600000,0.491441429
1697832000000,0.49144429
1697846400000,0.491670012
1697860800000,0.491941422
1697875200000,0.49218142
1697889600000,0.49248144
1697904000000,0.492788583
1697918400000,0.493085712
1697932800000,0.493420005
1697947200000,0.493735701
1697961600000,0.493972868
1697976000000,0.494282871
1697990400000,0.494722843
1698004800000,0.495291442
1698019200000,0.495818585
1698033600000,0.49640286
1698048000000,0.497067153
1698062400000,0.497689992
1698076800000,0.498401433
1698091200000,0.499335706
1698105600000,0.500261426
1698120000000,0.501162887
1698134400000,0.502181411
1698148800000,0.503192842
1698163200000,0.504298568
1698177600000,0.505391419
1698192000000,0.506442845
1698206400000,0.507345736
1698220800000,0.508328557
1698235200000,0.509385705
1698249600000,0.510402858
1698264000000,0.511428595
1698278400000,0.512458563
1698292800000,0.513471425
1698307200000,0.514477134
1698321600000,0.515354276
1698336000000,0.51629287
1698350400000,0.517258584
1698364800000,0.518204272
1698379200000,0.519041419
1698393600000,0.519919991
1698408000000,0.52089572
1698422400000,0.521719992
1698436800000,0.522438586
1698451200000,0.523180008
1698465600000,0.523942828
1698480000000,0.524675727
1698494400000,0.52539283
1698508800000,0.526138544
1698523200000,0.526905715
1698537600000,0.527628601
1698552000000,0.528445721
1698566400000,0.529345691
1698580800000,0.530291438
1698595200000,0.531271458
1698609600000,0.532237172
1698624000000,0.533162832
1698638400000,0.534104288
1698652800000,0.535164297
1698667200000,0.536458552
1698681600000,0.537881434
1698696000000,0.539294302
1698710400000,0.540611446
1698724800000,0.541781425
1698739200000,0.543438554
1698753600000,0.544522882
1698768000000,0.545651436
1698782400000,0.546940029
1698796800000,0.548041403
1698811200000,0.549114287
1698825600000,0.550289989
1698840000000,0.551471412
1698854400000,0.552838564
1698868800000,0.554149985
1698883200000,0.5554986
1698897600000,0.556675732
1698912000000,0.558048546
1698926400000,0.559241414
1698940800000,0.560532868
1698955200000,0.561814308
1698969600000,0.563032866
1698984000000,0.564158559
1698998400000,0.565342844
1699012800000,0.566621423
1699027200000,0.567864299
1699041600000,0.569130003
1699056000000,0.570280015
1699070400000,0.571460009
1699084800000,0.572591424
1699099200000,0.573494315
1699113600000,0.574464262
1699128000000,0.575534284
1699142400000,0.576577127
1699156800000,0.577561438
1699171200000,0.57879144
1699185600000,0.580022871
1699200000000,0.581477165
1699214400000,0.5831514
1699228800000,0.585009992
1699243200000,0.586771429
1699257600000,0.58887285
1699272000000,0.591194272
1699286400000,0.593461454
1699300800000,0.595704257
1699315200000,0.597624302
1699329600000,0.599725723
1699344000000,0.601612866
1699358400000,0.603305697
1699372800000,0.605258584
1699387200000,0.607259989
1699401600000,0.609205723
1699416000000,0.610909998
1699430400000,0.613024294
1699444800000,0.615045726
1699459200000,0.617112875
1699473600000,0.619149983
1699488000000,0.62121284
1699502400000,0.623324275
1699516800000,0.625479996
1699531200000,0.627512872
1699545600000,0.62916857
1699560000000,0.630887151
1699574400000,0.632470012
1699588800000,0.633858562
1699603200000,0.635324299
1699617600000,0.636625707
1699632000000,0.638118565
1699646400000,0.639645696
1699660800000,0.640879989
1699675200000,0.642061412
1699689600000,0.643282831
1699704000000,0.64464426
1699718400000,0.646082878
1699732800000,0.647438586
1699747200000,0.648248553
1699761600000,0.649291456
1699776000000,0.650244296
1699790400000,0.651174307
1699804800000,0.652158558
1699819200000,0.653058589
1699833600000,0.653782845
1699848000000,0.654632866
1699862400000,0.655229986
1699876800000,0.655830026
1699891200000,0.65641284
1699905600000,0.657337129
1699920000000,0.657947123
1699934400000,0.658814311
1699948800000,0.659397125
1699963200000,0.660090029
1699977600000,0.660394311
1699992000000,0.660861433
1700006400000,0.661194265
1700020800000,0.661451399
1700035200000,0.661875725
1700049600000,0.662277162
1700064000000,0.662777126
1700078400000,0.663262844
1700092800000,0.663724303
1700107200000,0.664315701
1700121600000,0.664732873
1700136000000,0.664830029
1700150400000,0.664704263
1700164800000,0.664552867
1700179200000,0.66420716
1700193600000,0.663791418
1700208000000,0.663191438
1700222400000,0.662175715
1700236800000,0.661101401
1700251200000,0.660121441
1700265600000,0.658685744
1700280000000,0.657008588
1700294400000,0.655402839
1700308800000,0.653865695
1700323200000,0.65276283
1700337600000,0.651565731
1700352000000,0.650481403
1700366400000,0.649598598
1700380800000,0.64845717
1700395200000,0.647539973
1700409600000,0.646675706
1700424000000,0.645985723
1700438400000,0.644987166
1700452800000,0.644108593
1700467200000,0.643158555
1700481600000,0.642178595
1700496000000,0.641137123
1700510400000,0.639951408
1700524800000,0.638782859
1700539200000,0.637681425
1700553600000,0.637012839
1700568000000,0.636111438
1700582400000,0.635095716
1700596800000,0.634015739
1700611200000,0.633040011
1700625600000,0.632267118
1700640000000,0.631334305
1700654400000,0.630385697
1700668800000,0.629812837
1700683200000,0.629100025
1700697600000,0.628288567
1700712000000,0.627401412
1700726400000,0.626528561
1700740800000,0.625854313
1700755200000,0.625292838
1700769600000,0.624614298
1700784000000,0.623969972
1700798400000,0.623390019
1700812800000,0.622805715
1700827200000,0.622247159
1700841600000,0.621744275
1700856000000,0.62124002
1700870400000,0.620824277
1700884800000,0.620415688
1700899200000,0.619918585
1700913600000,0.619189978
1700928000000,0.618628561
1700942400000,0.618031442
1700956800000,0.617592871
1700971200000,0.617129982
1700985600000,0.617242873
1701000000000,0.617144287
1701014400000,0.617025733
1701028800000,0.616831422
1701043200000,0.616394281
1701057600000,0.615922868
1701072000000,0.615312874
1701086400000,0.614589989
1701100800000,0.613902867
1701115200000,0.613221407
1701129600000,0.612689972
1701144000000,0.612410009
1701158400000,0.612247169
1701172800000,0.612201452
1701187200000,0.612048566
1701201600000,0.61197859
1701216000000,0.611970007
1701230400000,0.612307131
1701244800000,0.612368584
1701259200000,0.612294257
1701273600000,0.612391412
1701288000000,0.612515688
1701302400000,0.612592876
1701316800000,0.612547159
1701331200000,0.61243999
1701345600000,0.612318575
1701360000000,0.612262845
1701374400000,0.612207115
1701388800000,0.61222285
1701403200000,0.612071455
1701417600000,0.611875713
1701432000000,0.611615717
1701446400000,0.611457169
1701460800000,0.611311436
1701475200000,0.611162841
1701489600000,0.611090004
1701504000000,0.611017168
1701518400000,0.611042857
1701532800000,0.611122847
1701547200000,0.611278594
1701561600000,0.611378551
1701576000000,0.611614287
1701590400000,0.612091422
1701604800000,0.61271143
1701619200000,0.61312288
1701633600000,0.613554299
1701648000000,0.614041448
1701662400000,0.614612877
1701676800000,0.614765704
1701691200000,0.614839971
1701705600000,0.614985704
1701720000000,0.615177155
1701734400000,0.61524713
1701748800000,0.615202844
1701763200000,0.61505574
1701777600000,0.614965737
1701792000000,0.614991426
1701806400000,0.614960015
1701820800000,0.614995718
1701835200000,0.615075707
1701849600000,0.615105689
1701864000000,0.615198553
1701878400000,0.615332842
1701892800000,0.615588546
1701907200000,0.615807116
1701921600000,0.61622715
1701936000000,0.616392851
1701950400000,0.616594315
1701964800000,0.616912842
1701979200000,0.617228568
1701993600000,0.617474258
1702008000000,0.617745697
1702022400000,0.618191421
1702036800000,0.618820012
1702051200000,0.619694293
1702065600000,0.620628595
1702080000000,0.621664286
1702094400000,0.623012841
1702108800000,0.624274313
1702123200000,0.625372887
1702137600000,0.626330018
1702152000000,0.627132833
1702166400000,0.628005743
1702180800000,0.628822863
1702195200000,0.62946856
1702209600000,0.630197167
1702224000000,0.630928576
1702238400000,0.631625712
1702252800000,0.631858587
1702267200000,0.632054269
1702281600000,0.63230145
1702296000000,0.632458568
1702310400000,0.632517159
1702324800000,0.632725716
1702339200000,0.63298142
1702353600000,0.63331145
1702368000000,0.633548558
1702382400000,0.633707166
1702396800000,0.633807123
1702411200000,0.633938551
1702425600000,0.633845687
1702440000000,0.633807123
1702454400000,0.633655727
1702468800000,0.633688569
1702483200000,0.633868575
1702497600000,0.634062886
1702512000000,0.634204268
1702526400000,0.634384274
1702540800000,0.634604275
1702555200000,0.634637117
1702569600000,0.634837151
1702584000000,0.634997129
1702598400000,0.635094285
1702612800000,0.635225713
1702627200000,0.635345697
1702641600000,0.635295689
1702656000000,0.635228574
1702670400000,0.634978592
1702684800000,0.635007143
1702699200000,0.635067165
1702713600000,0.635102868
1702728000000,0.63510716
1702742400000,0.635118544
1702756800000,0.635230005
1702771200000,0.635338545
1702785600000,0.635330021
1702800000000,0.63529712
1702814400000,0.635252833
1702828800000,0.635200024
1702843200000,0.634948552
1702857600000,0.634731412
1702872000000,0.634358585
1702886400000,0.633762836
1702900800000,0.633141458
1702915200000,0.632741451
1702929600000,0.632222831
1702944000000,0.631941438
1702958400000,0.631579995
1702972800000,0.631094277
1702987200000,0.630550027
1703001600000,0.629948556
1703016000000,0.629424274
1703030400000,0.628847122
1703044800000,0.628141403
1703059200000,0.627294302
1703073600000,0.626572847
1703088000000,0.625781417
1703102400000,0.624711454
1703116800000,0.623679996
1703131200000,0.622764289
1703145600000,0.622014284
1703160000000,0.62140286
1703174400000,0.620732844
1703188800000,0.620140016
1703203200000,0.61963284
1703217600000,0.619028568
1703232000000,0.618439972
1703246400000,0.617839992
1703260800000,0.617709994
1703275200000,0.617749989
1703289600000,0.617569983
1703304000000,0.617502868
1703318400000,0.617541432
1703332800000,0.61753571
1703347200000,0.617464304
1703361600000,0.617387116
1703376000000,0.617395699
1703390400000,0.617385685
1703404800000,0.617407143
1703419200000,0.617435694
1703433600000,0.617707133
1703448000000,0.617811441
1703462400000,0.61802429
1703476800000,0.618042886
1703491200000,0.618281424
1703505600000,0.61838001
1703520000000,0.618587136
1703534400000,0.61887002
1703548800000,0.618932843
1703563200000,0.618918598
1703577600000,0.618808568
1703592000000,0.618642867
1703606400000,0.618377149
1703620800000,0.618252873
1703635200000,0.618062854
1703649600000,0.618064284
1703664000000,0.618124306
1703678400000,0.618382871
1703692800000,0.618637145
1703707200000,0.618845701
1703721600000,0.619102836
1703736000000,0.61927712
1703750400000,0.61963284
1703764800000,0.61976999
1703779200000,0.619961441
1703793600000,0.620267153
1703808000000,0.620432854
1703822400000,0.620514274
1703836800000,0.62069571
1703851200000,0.620899975
1703865600000,0.621155739
1703880000000,0.621464312
1703894400000,0.621912837
1703908800000,0.622282863
1703923200000,0.622510016
1703937600000,0.6227386
1703952000000,0.622921407
1703966400000,0.623054266
1703980800000,0.623232841
1703995200000,0.623492837
1704009600000,0.623755693
1704024000000,0.624011457
1704038400000,0.624189973
1704052800000,0.624261439
1704067200000,0.624281406
1704081600000,0.624181449
1704096000000,0.624178588
1704110400000,0.624239981
1704124800000,0.624404311
1704139200000,0.62459141
1704153600000,0.62480855
1704168000000,0.625021458
1704182400000,0.625214279
1704196800000,0.625235736
1704211200000,0.625339985
1704225600000,0.625418544
1704240000000,0.625481427
1704254400000,0.62565428
1704268800000,0.625660002
1704283200000,0.624975741
1704297600000,0.624397159
1704312000000,0.623920023
1704326400000,0.623432875
1704340800000,0.622805715
1704355200000,0.622201443
1704369600000,0.621710002
1704384000000,0.621225715
1704398400000,0.620795727
1704412800000,0.62017858
1704427200000,0.619488597
1704441600000,0.618708551
1704456000000,0.618005693
1704470400000,0.617302835
1704484800000,0.61671716
1704499200000,0.615702868
1704513600000,0.614700019
1704528000000,0.613672853
1704542400000,0.612594306
1704556800000,0.61159569
1704571200000,0.610819995
1704585600000,0.60998857
1704600000000,0.609258592
1704614400000,0.60854286
1704628800000,0.60775429
1704643200000,0.607047141
1704657600000,0.606062829
1704672000000,0.605087161
1704686400000,0.603977144
1704700800000,0.602865696
1704715200000,0.601872861
1704729600000,0.60099858
1704744000000,0.600141406
1704758400000,0.59911716
1704772800000,0.598278582
1704787200000,0.597365737
1704801600000,0.596281409
1704816000000,0.595437169
1704830400000,0.594612837
1704844800000,0.593718588
1704859200000,0.592840016
1704873600000,0.591981411
1704888000000,0.591229975
1704902400000,0.590629995
1704916800000,0.590319991
1704931200000,0.590059996
1704945600000,0.589617133
1704960000000,0.589428544
1704974400000,0.589147151
1704988800000,0.588924289
1705003200000,0.588609993
1705017600000,0.588242829
1705032000000,0.587845743
1705046400000,0.587551415
1705060800000,0.587147117
1705075200000,0.586675704
1705089600000,0.586025715
1705104000000,0.585327148
1705118400000,0.584658563
1705132800000,0.583917141
1705147200000,0.58312428
1705161600000,0.582272828
1705176000000,0.581470013
1705190400000,0.580634296
1705204800000,0.579918563
1705219200000,0.579185724
1705233600000,0.578509986
1705248000000,0.577799976
1705262400000,0.576998591
1705276800000,0.576534271
1705291200000,0.576545715
1705305600000,0.576621413
1705320000000,0.576447129
1705334400000,0.576438546
1705348800000,0.576451421
1705363200000,0.576472878
1705377600000,0.57634145
1705392000000,0.576165736
1705406400000,0.576005697
1705420800000,0.576042831
1705435200000,0.576078594
1705449600000,0.576160014
1705464000000,0.576281428
1705478400000,0.576327145
1705492800000,0.576234281
1705507200000,0.57622999
1705521600000,0.576291442
1705536000000,0.576295733
1705550400000,0.576261401
1705564800000,0.576178551
1705579200000,0.576097131
1705593600000,0.575808585
1705608000000,0.575559974
1705622400000,0.575318575
1705636800000,0.575034261
1705651200000,0.574791431
1705665600000,0.574612856
1705680000000,0.574419975
1705694400000,0.574245691
1705708800000,0.573975742
1705723200000,0.573745728
1705737600000,0.573295712
1705752000000,0.572875738
1705766400000,0.572507143
1705780800000,0.572244287
1705795200000,0.57203716
1705809600000,0.571940005
1705824000000,0.571648598
1705838400000,0.571428597
1705852800000,0.57116574
1705867200000,0.570925713
1705881600000,0.570612848
1705896000000,0.570129991
1705910400000,0.56944716
1705924800000,0.56841284
1705939200000,0.567307115
1705953600000,0.566307127
1705968000000,0.565128565
1705982400000,0.56399858
1705996800000,0.562560022
1706011200000,0.561244309
1706025600000,0.559955716
1706040000000,0.558855712
1706054400000,0.557618558
1706068800000,0.55658716
1706083200000,0.555678546
1706097600000,0.554910004
1706112000000,0.554088593
1706126400000,0.553269982
1706140800000,0.55241859
1706155200000,0.551545739
1706169600000,0.550651431
1706184000000,0.549681425
1706198400000,0.548817158
1706212800000,0.547925711
1706227200000,0.547014296
1706241600000,0.546067119
1706256000000,0.545265734
1706270400000,0.544475734
1706284800000,0.54370141
1706299200000,0.5430457
1706313600000,0.542379975
1706328000000,0.541788578
1706342400000,0.541057169
1706356800000,0.540401399
1706371200000,0.539712846
1706385600000,0.539048553
1706400000000,0.538451433
1706414400000,0.537802875
1706428800000,0.537109971
1706443200000,0.536442876
1706457600000,0.535705686
1706472000000,0.535019994
1706486400000,0.534414291
1706500800000,0.533779979
1706515200000,0.53312999
1706529600000,0.532540023
1706544000000,0.5320943
1706558400000,0.531611443
1706572800000,0.531235695
1706587200000,0.530832887
1706601600000,0.530648589
1706616000000,0.530271411
1706630400000,0.529761434
1706644800000,0.529235721
1706659200000,0.52866286
1706673600000,0.528267145
1706688000000,0.527711451
1706702400000,0.527199984
1706716800000,0.526735723
1706731200000,0.526075721
1706745600000,0.52533859
1706760000000,0.52454716
1706774400000,0.523772836
1706788800000,0.522998571
1706803200000,0.522358596
1706817600000,0.521685719
1706832000000,0.521017134
1706846400000,0.520375729
1706860800000,0.519705713
1706875200000,0.519079983
1706889600000,0.518540025
1706904000000,0.518157125
1706918400000,0.51781714
1706932800000,0.51751858
1706947200000,0.517457128
1706961600000,0.517350018
1706976000000,0.51722002
1706990400000,0.51716572
1707004800000,0.517348588
1707019200000,0.517345726
1707033600000,0.517415702
1707048000000,0.517308593
1707062400000,0.517197132
1707076800000,0.517018557
1707091200000,0.516858578
1707105600000,0.516688585
1707120000000,0.516558588
1707134400000,0.516338587
1707148800000,0.51626569
1707163200000,0.516170025
1707177600000,0.516094267
1707192000000,0.516051412
1707206400000,0.515869975
1707220800000,0.515731454
1707235200000,0.515680015
1707249600000,0.515587151
1707264000000,0.515337169
1707278400000,0.515047133
1707292800000,0.514615715
1707307200000,0.514211416
1707321600000,0.513875723
1707336000000,0.513660014
1707350400000,0.513428569
1707364800000,0.513177156
1707379200000,0.512938559
1707393600000,0.512752831
1707408000000,0.512498558
1707422400000,0.512272835
1707436800000,0.512109995
1707451200000,0.511940002
1707465600000,0.511957169
1707480000000,0.511919975
1707494400000,0.511888564
1707508800000,0.511908591
1707523200000,0.511924267
1707537600000,0.511867166
1707552000000,0.511664271
1707566400000,0.511482835
1707580800000,0.51127857
1707595200000,0.511127114
1707609600000,0.511030018
1707624000000,0.511070013
1707638400000,0.511344314
1707652800000,0.511612833
1707667200000,0.511879981
1707681600000,0.51209712
1707696000000,0.512328565
1707710400000,0.512487113
1707724800000,0.512591422
1707739200000,0.51294142
1707753600000,0.513419986
1707768000000,0.513972878
1707782400000,0.514485717
1707796800000,0.514941454
1707811200000,0.515219986
1707825600000,0.515428543
1707840000000,0.515705705
1707854400000,0.515971422
1707868800000,0.516269982
1707883200000,0.516588569
1707897600000,0.516991436
1707912000000,0.517315686
1707926400000,0.51776427
1707940800000,0.51819855
1707955200000,0.518654287
1707969600000,0.519082844
1707984000000,0.519509971
1707998400000,0.519918561
1708012800000,0.520442843
1708027200000,0.521194279
1708041600000,0.522145689
1708056000000,0.522947133
1708070400000,0.523881435
1708084800000,0.524707139
1708099200000,0.525505722
1708113600000,0.526367128
1708128000000,0.527151406
1708142400000,0.527994275
1708156800000,0.528625727
1708171200000,0.529197156
1708185600000,0.529808581
1708200000000,0.530467153
1708214400000,0.531174302
1708228800000,0.531912863
1708243200000,0.532622874
1708257600000,0.533410013
1708272000000,0.534200013
1708286400000,0.53500855
1708300800000,0.535838544
1708315200000,0.536702871
1708329600000,0.537425697
1708344000000,0.538070023
1708358400000,0.538771451
1708372800000,0.539499998
1708387200000,0.540279984
1708401600000,0.541000009
1708416000000,0.541805685
1708430400000,0.542385697
1708444800000,0.5429914
1708459200000,0.543641448
1708473600000,0.544139981
1708488000000,0.544511437
1708502400000,0.544701457
1708516800000,0.544908583
1708531200000,0.545132875
1708545600000,0.545504272
1708560000000,0.545824289
1708574400000,0.546169996
1708588800000,0.546497166
1708603200000,0.546798587
1708617600000,0.547104299
1708632000000,0.547288597
1708646400000,0.547360003
1708660800000,0.547475696
1708675200000,0.547591448
1708689600000,0.547674298
1708704000000,0.547901452
1708718400000,0.54811573
1708732800000,0.54838717
1708747200000,0.548607171
1708761600000,0.54882431
1708776000000,0.548998594
1708790400000,0.549254298
1708804800000,0.549459994
1708819200000,0.549701452
1708833600000,0.550084293
1708848000000,0.550369978
1708862400000,0.550638556
1708876800000,0.550937116
1708891200000,0.551198542
1708905600000,0.551328599
1708920000000,0.551389992
1708934400000,0.551278591
1708948800000,0.551331401
1708963200000,0.551297128
1708977600000,0.551312864
1708992000000,0.551351428
1709006400000,0.551427126
1709020800000,0.551512837
1709035200000,0.551495731
1709049600000,0.551704288
1709064000000,0.551989973
1709078400000,0.552088559
1709092800000,0.55241859
1709107200000,0.552697122
1709121600000,0.553032875
1709136000000,0.553105712
1709150400000,0.553309977
1709164800000,0.553788543
1709179200000,0.55446285
1709193600000,0.555145741
1709208000000,0.555952847
1709222400000,0.556810021
1709236800000,0.557258546
1709251200000,0.557725728
1709265600000,0.55808574
1709280000000,0.558527172
1709294400000,0.558965743
1709308800000,0.559481442
1709323200000,0.560022831
1709337600000,0.561051428
1709352000000,0.562087119
1709366400000,0.563244283
1709380800000,0.564198554
1709395200000,0.565148592
1709409600000,0.566257119
1709424000000,0.567189991
1709438400000,0.567981422
1709452800000,0.568892837
1709467200000,0.569757164
1709481600000,0.57072717
1709496000000,0.571868598
1709510400000,0.573241413
1709524800000,0.574628592
1709539200000,0.57631427
1709553600000,0.577932835
1709568000000,0.579545736
1709582400000,0.581004262
1709596800000,0.58255142
1709611200000,0.583927155
1709625600000,0.585392833
1709640000000,0.586788595
1709654400000,0.58721143
1709668800000,0.587984264
1709683200000,0.588652849
1709697600000,0.589842856
1709712000000,0.590927124
1709726400000,0.591852844
1709740800000,0.592927158
1709755200000,0.593918562
1709769600000,0.595082879
1709784000000,0.59625715
1709798400000,0.597342849
1709812800000,0.598495722
1709827200000,0.599748552
1709841600000,0.600899994
1709856000000,0.602100015
1709870400000,0.603208542
1709884800000,0.604392886
1709899200000,0.60541141
1709913600000,0.606541455
1709928000000,0.607731402
1709942400000,0.609092832
1709956800000,0.610344291
1709971200000,0.611384273
1709985600000,0.612399995
1710000000000,0.613355696
1710014400000,0.614331424
1710028800000,0.615225732
1710043200000,0.616168559
1710057600000,0.616532862
1710072000000,0.616875708
1710086400000,0.617361426
1710100800000,0.617721438
1710115200000,0.618124306
1710129600000,0.618589997
1710144000000,0.619419992
1710158400000,0.621111453
1710172800000,0.623170018
1710187200000,0.625022829
1710201600000,0.626351416
1710216000000,0.627734303
1710230400000,0.629038572
1710244800000,0.630701423
1710259200000,0.632127166
1710273600000,0.633607149
1710288000000,0.635178566
1710302400000,0.636732876
1710316800000,0.638069987
1710331200000,0.639152884
1710345600000,0.639922857
1710360000000,0.640764296
1710374400000,0.641371429
1710388800000,0.642105699
1710403200000,0.642848551
1710417600000,0.643202841
1710432000000,0.643422842
1710446400000,0.644271433
1710460800000,0.644448578
1710475200000,0.644632876
1710489600000,0.644565701
1710504000000,0.644574285
1710518400000,0.644518554
1710532800000,0.64447999
1710547200000,0.64420712
1710561600000,0.643892884
1710576000000,0.643528581
1710590400000,0.643195689
1710604800000,0.642531455
1710619200000,0.641995728
1710633600000,0.641492844
1710648000000,0.640945733
1710662400000,0.641614258
1710676800000,0.642035723
1710691200000,0.642587125
1710705600000,0.642648578
1710720000000,0.642734289
1710734400000,0.643055737
1710748800000,0.643054307
1710763200000,0.642978549
1710777600000,0.642635703
1710792000000,0.642917156
1710806400000,0.642814279
1710820800000,0.642438591
1710835200000,0.641828597
1710849600000,0.641528547
1710864000000,0.641218543
1710878400000,0.6406914
1710892800000,0.640042841
1710907200000,0.63976717
1710921600000,0.639428556
1710936000000,0.638947129
1710950400000,0.638662875
1710964800000,0.63840431
1710979200000,0.638177156
1710993600000,0.637928545
1711008000000,0.637902856
1711022400000,0.638134301
1711036800000,0.638327122
1711051200000,0.638525724
1711065600000,0.638768554
1711080000000,0.639122844
1711094400000,0.639171422
1711108800000,0.639201403
1711123200000,0.639251411
1711137600000,0.639127135
1711152000000,0.638917148
1711166400000,0.6378057
1711180800000,0.636202872
1711195200000,0.634840012
1711209600000,0.633905709
1711224000000,0.632671416
1711238400000,0.631437123
1711252800000,0.630349994
1711267200000,0.629484296
1711281600000,0.628674269
1711296000000,0.627684295
1711310400000,0.626774311
1711324800000,0.625948548
1711339200000,0.625259995
1711353600000,0.62442857
1711368000000,0.623751402
1711382400000,0.623317122
1711396800000,0.622735739
1711411200000,0.62213856
1711425600000,0.621815741
1711440000000,0.621717155
1711454400000,0.621214271
1711468800000,0.621114314
1711483200000,0.621060014
1711497600000,0.621198595
1711512000000,0.621098578
1711526400000,0.620972872
1711540800000,0.620638549
1711555200000,0.620257139
1711569600000,0.619848549
1711584000000,0.61954999
1711598400000,0.619514287
1711612800000,0.619722843
1711627200000,0.620002866
1711641600000,0.620174289
1711656000000,0.620522857
1711670400000,0.620620012
1711684800000,0.620472848
1711699200000,0.620575726
1711713600000,0.620655715
1711728000000,0.620737135
1711742400000,0.620862842
1711756800000,0.621060014
1711771200000,0.621284306
1711785600000,0.621627152
1711800000000,0.621395707
1711814400000,0.6215657
1711828800000,0.621877134
1711843200000,0.622338593
1711857600000,0.622642875
1711872000000,0.62292856
1711886400000,0.623537123
1711900800000,0.624194264
1711915200000,0.624687135
1711929600000,0.625129998
1711944000000,0.62554431
1711958400000,0.625590026
1711972800000,0.625429988
1711987200000,0.625488579
1712001600000,0.625582874
1712016000000,0.625262856
1712030400000,0.624735713
1712044800000,0.624058545
1712059200000,0.623214304
1712073600000,0.622564256
1712088000000,0.621855736
1712102400000,0.621417165
1712116800000,0.621101439
1712131200000,0.620682836
1712145600000,0.62023288
1712160000000,0.619761407
1712174400000,0.619165719
1712188800000,0.618444264
1712203200000,0.617662847
1712217600000,0.616959989
1712232000000,0.61663574
1712246400000,0.61636287
1712260800000,0.615882874
1712275200000,0.615271449
1712289600000,0.614560008
1712304000000,0.613734305
1712318400000,0.613022864
1712332800000,0.612405717
1712347200000,0.611805737
1712361600000,0.61126858
1712376000000,0.610521436
1712390400000,0.609555721
1712404800000,0.60889858
1712419200000,0.60813427
1712433600000,0.607365727
1712448000000,0.606651425
1712462400000,0.606100023
1712476800000,0.605635703
1712491200000,0.605124295
1712505600000,0.604537129
1712520000000,0.604165733
1712534400000,0.603730023
1712548800000,0.603595734
1712563200000,0.603495717
1712577600000,0.603548586
1712592000000,0.603764296
1712606400000,0.603657126
1712620800000,0.603541434
1712635200000,0.60334003
1712649600000,0.603295743
1712664000000,0.60325855
1712678400000,0.603302836
1712692800000,0.603354275
1712707200000,0.603030026
1712721600000,0.602887154
1712736000000,0.602688551
1712750400000,0.602362871
1712764800000,0.602265716
1712779200000,0.602188587
1712793600000,0.602078557
1712808000000,0.601934314
1712822400000,0.60167855
1712836800000,0.601495743
1712851200000,0.601345718
1712865600000,0.601077139
1712880000000,0.60086
1712894400000,0.600622833
1712908800000,0.600322843
1712923200000,0.599810004
1712937600000,0.598504305
1712952000000,0.597518563
1712966400000,0.596562862
1712980800000,0.59573859
1712995200000,0.594739974
1713009600000,0.593760014
1713024000000,0.592267156
1713038400000,0.5905357
1713052800000,0.588832855
1713067200000,0.58759284
1713081600000,0.58604002
1713096000000,0.584621429
1713110400000,0.583255708
1713124800000,0.582025707
1713139200000,0.580807149
1713153600000,0.579850018
1713168000000,0.578922868
1713182400000,0.57781142
1713196800000,0.576784313
1713211200000,0.575692832
1713225600000,0.574450016
1713240000000,0.573078573
1713254400000,0.571569979
1713268800000,0.570054293
1713283200000,0.568667114
1713297600000,0.567434311
1713312000000,0.566359997
1713326400000,0.565222859
1713340800000,0.563772857
1713355200000,0.562205732
1713369600000,0.560904264
1713384000000,0.559539974
1713398400000,0.558238566
1713412800000,0.556742847
1713427200000,0.555369973
1713441600000,0.554040015
1713456000000,0.552715719
1713470400000,0.551374257
1713484800000,0.549757123
1713499200000,0.54830569
1713513600000,0.547018588
1713528000000,0.545705736
1713542400000,0.544477165
1713556800000,0.543055713
1713571200000,0.541677117
1713585600000,0.540217161
1713600000000,0.538711429
1713614400000,0.537365735
1713628800000,0.536119998
1713643200000,0.534971416
1713657600000,0.5335657
1713672000000,0.532292843
1713686400000,0.530935705
1713700800000,0.529690027
1713715200000,0.528481424
1713729600000,0.527182877
1713744000000,0.526040018
1713758400000,0.524952829
1713772800000,0.523718596
1713787200000,0.522587121
1713801600000,0.521598577
1713816000000,0.520688593
1713830400000,0.519818544
1713844800000,0.51896286
1713859200000,0.517974257
1713873600000,0.517078578
1713888000000,0.516247153
1713902400000,0.515299976
1713916800000,0.514410019
1713931200000,0.513771415
1713945600000,0.513884306
1713960000000,0.513587117
1713974400000,0.513502836
1713988800000,0.513282835
1714003200000,0.513048589
1714017600000,0.512752831
1714032000000,0.513144314
1714046400000,0.513794303
1714060800000,0.51465714
1714075200000,0.515084267
1714089600000,0.515727162
1714104000000,0.516285717
1714118400000,0.516751409
1714132800000,0.516998589
1714147200000,0.517401457
1714161600000,0.517575741
1714176000000,0.51768142
1714190400000,0.517934263
1714204800000,0.518162847
1714219200000,0.518425703
1714233600000,0.518871427
1714248000000,0.519148588
1714262400000,0.519595742
1714276800000,0.52010572
1714291200000,0.520474315
1714305600000,0.520817161
1714320000000,0.521128595
1714334400000,0.521217167
1714348800000,0.521445692
1714363200000,0.52179426
1714377600000,0.521889985
1714392000000,0.522137165
1714406400000,0.522405744
1714420800000,0.522761405
1714435200000,0.523039997
1714449600000,0.523178577
1714464000000,0.523097157
1714478400000,0.523005724
1714492800000,0.523168564
1714507200000,0.523242831
1714521600000,0.52326715
1714536000000,0.523088574
1714550400000,0.522911429
1714564800000,0.52285856
1714579200000,0.522842884
1714593600000,0.522894263
1714608000000,0.522765696
1714622400000,0.522658587
1714636800000,0.522520006
1714651200000,0.5223943
1714665600000,0.522345722
1714680000000,0.522118568
1714694400000,0.522004306
1714708800000,0.521871448
1714723200000,0.521778584
1714737600000,0.521808565
1714752000000,0.521771431
1714766400000,0.521764278
1714780800000,0.52171284
1714795200000,0.521561444
1714809600000,0.521319985
1714824000000,0.521037161
1714838400000,0.520821452
1714852800000,0.520547152
1714867200000,0.520322859
1714881600000,0.520065725
1714896000000,0.519710004
1714910400000,0.519524276
1714924800000,0.519288599
1714939200000,0.519004285
1714953600000,0.518818557
1714968000000,0.519010007
1714982400000,0.518978596
1714996800000,0.519439995
1715011200000,0.519738555
1715025600000,0.519994259
1715040000000,0.520275712
1715054400000,0.520467162
1715068800000,0.520527124
1715083200000,0.520739973
1715097600000,0.520860016
1715112000000,0.520838559
1715126400000,0.520881414
1715140800000,0.520888567
1715155200000,0.520792842
1715169600000,0.520818591
1715184000000,0.520914257
1715198400000,0.520947158
1715212800000,0.521072865
1715227200000,0.521072865
1715241600000,0.520982862
1715256000000,0.520968556
1715270400000,0.52092427
1715284800000,0.520887136
1715299200000,0.520889997
1715313600000,0.520851433
1715328000000,0.520808578
1715342400000,0.52068001
1715356800000,0.520704269
1715371200000,0.520699978
1715385600000,0.520662844
1715400000000,0.520567119
1715414400000,0.520368576
1715428800000,0.520245731
1715443200000,0.520129979
1715457600000,0.520068586
1715472000000,0.520218551
1715486400000,0.520332873
1715500800000,0.520449996
1715515200000,0.520507157
1715529600000,0.520477116
1715544000000,0.52059859
1715558400000,0.520585716
1715572800000,0.520642877
1715587200000,0.520584285
1715601600000,0.520465732
1715616000000,0.520420015
1715630400000,0.5202986
1715644800000,0.520147145
1715659200000,0.51994431
1715673600000,0.519707143
1715688000000,0.519571424
1715702400000,0.519332886
1715716800000,0.519075692
1715731200000,0.518865705
1715745600000,0.518481433
1715760000000,0.518052876
1715774400000,0.517752886
1715788800000,0.517598569
1715803200000,0.517467141
1715817600000,0.517224312
1715832000000,0.51700145
1715846400000,0.516789973
1715860800000,0.516627133
1715875200000,0.516488552
1715889600000,0.516305685
1715904000000,0.516125739
1715918400000,0.515984297
1715932800000,0.515847147
1715947200000,0.515787125
1715961600000,0.515680015
1715976000000,0.51544714
1715990400000,0.515294313
1716004800000,0.514771402
1716019200000,0.514448583
1716033600000,0.514190018
1716048000000,0.513930023
1716062400000,0.513691425
1716076800000,0.513517141
1716091200000,0.51324141
1716105600000,0.512982845
1716120000000,0.512815714
1716134400000,0.51256001
1716148800000,0.512398601
1716163200000,0.512304306
1716177600000,0.512107134
1716192000000,0.511922836
1716206400000,0.511918545
1716220800000,0.512084305
1716235200000,0.512398601
1716249600000,0.512707114
1716264000000,0.51305145
1716278400000,0.513390005
1716292800000,0.5137043
1716307200000,0.513992846
1716321600000,0.514281452
1716336000000,0.514578581
1716350400000,0.515057147
1716364800000,0.515457153
1716379200000,0.515942872
1716393600000,0.51631856
1716408000000,0.516629994
1716422400000,0.51702857
1716436800000,0.517357171
1716451200000,0.517687142
1716465600000,0.518025696
1716480000000,0.518218577
1716494400000,0.518578589
1716508800000,0.518958569
1716523200000,0.519228578
1716537600000,0.51961714
1716552000000,0.520098567
1716566400000,0.520675719
1716580800000,0.521149993
1716595200000,0.521557152
1716609600000,0.52193141
1716624000000,0.52236712
1716638400000,0.522865713
1716652800000,0.523338556
1716667200000,0.523858547
1716681600000,0.524345696
1716696000000,0.524800003
1716710400000,0.525251448
1716724800000,0.525704265
1716739200000,0.526132882
1716753600000,0.526549995
1716768000000,0.52700001
1716782400000,0.527254283
1716796800000,0.527397156
1716811200000,0.527698576
1716825600000,0.527908564
1716840000000,0.528111458
1716854400000,0.528244257
1716868800000,0.52836287
1716883200000,0.528547168
1716897600000,0.528761446
1716912000000,0.528918564
1716926400000,0.529027164
1716940800000,0.529154301
1716955200000,0.529172838
1716969600000,0.529255688
1716984000000,0.529331446
1716998400000,0.529322863
1717012800000,0.52934283
1717027200000,0.529399991
1717041600000,0.529318571
1717056000000,0.529324293
1717070400000,0.529380023
1717084800000,0.529380023
1717099200000,0.529355705
1717113600000,0.529417157
1717128000000,0.52947998
1717142400000,0.529682875
1717156800000,0.52980572
1717171200000,0.529884279
1717185600000,0.52994287
1717200000000,0.530047119
1717214400000,0.530085742
1717228800000,0.529900014
1717243200000,0.529654264
1717257600000,0.529434264
1717272000000,0.529121399
1717286400000,0.528787136
1717300800000,0.528418601
1717315200000,0.528134286
1717329600000,0.527854264
1717344000000,0.527511418
1717358400000,0.527215719
1717372800000,0.526984274
1717387200000,0.526774287
1717401600000,0.526632845
1717416000000,0.526561439
1717430400000,0.526449978
1717444800000,0.52631855
1717459200000,0.52621001
1717473600000,0.526084304
1717488000000,0.526115716
1717502400000,0.52612716
1717516800000,0.526080012
1717531200000,0.526118577
1717545600000,0.526090026
1717560000000,0.526012838
1717574400000,0.525952876
1717588800000,0.525862873
1717603200000,0.525765717
1717617600000,0.52563715
1717632000000,0.525467157
1717646400000,0.52525574
1717660800000,0.525067151
1717675200000,0.524854302
1717689600000,0.524568558
1717704000000,0.524309993
1717718400000,0.52411145
1717732800000,0.524024308
1717747200000,0.523971438
1717761600000,0.523911417
1717776000000,0.523361444
1717790400000,0.522947133
1717804800000,0.522542834
1717819200000,0.521984279
1717833600000,0.521432877
1717848000000,0.520844281
1717862400000,0.520347118
1717876800000,0.519862831
1717891200000,0.519322872
1717905600000,0.51880002
1717920000000,0.518324256
1717934400000,0.517837167
1717948800000,0.517384291
1717963200000,0.516987145
1717977600000,0.516572833
1717992000000,0.516072869
1718006400000,0.51569283
1718020800000,0.515411437
1718035200000,0.514968574
1718049600000,0.514694273
1718064000000,0.514227152
1718078400000,0.513665736
1718092800000,0.513124287
1718107200000,0.512512863
1718121600000,0.511911452
1718136000000,0.5113886
1718150400000,0.510814309
1718164800000,0.510285735
1718179200000,0.509757161
1718193600000,0.509447157
1718208000000,0.508941412
1718222400000,0.508544266
1718236800000,0.508051455
1718251200000,0.507588565
1718265600000,0.50708288
1718280000000,0.506529987
1718294400000,0.50599283
1718308800000,0.505418599
1718323200000,0.504859984
1718337600000,0.504292846
1718352000000,0.503797114
1718366400000,0.503227115
1718380800000,0.502542853
1718395200000,0.501872838
1718409600000,0.501265705
1718424000000,0.500637114
1718438400000,0.500034273
1718452800000,0.499527156
1718467200000,0.49912715
1718481600000,0.498697132
1718496000000,0.498235703
1718510400000,0.497644275
1718524800000,0.497195721
1718539200000,0.496692866
1718553600000,0.496174276
1718568000000,0.495625705
1718582400000,0.495050013
1718596800000,0.494608581
1718611200000,0.494188577
1718625600000,0.493947148
1718640000000,0.493827134
1718654400000,0.493531436
1718668800000,0.493008584
1718683200000,0.492627144
1718697600000,0.492274284
1718712000000,0.491747141
1718726400000,0.491165727
1718740800000,0.490668565
1718755200000,0.490205705
1718769600000,0.489734292
1718784000000,0.489718586
1718798400000,0.489621431
1718812800000,0.489558578
1718827200000,0.489451438
1718841600000,0.489447147
1718856000000,0.489534289
1718870400000,0.489644289
1718884800000,0.489632845
1718899200000,0.489602864
1718913600000,0.489525706
1718928000000,0.489439994
1718942400000,0.48937428
1718956800000,0.489322871
1718971200000,0.489134282
1718985600000,0.488922864
1719000000000,0.48885715
1719014400000,0.488718569
1719028800000,0.488462865
1719043200000,0.488302857
1719057600000,0.488144279
1719072000000,0.488138586
1719086400000,0.488150001
1719100800000,0.488209993
1719115200000,0.488372862
1719129600000,0.488460004
1719144000000,0.488491416
1719158400000,0.488498569
1719172800000,0.488481432
1719187200000,0.488398582
1719201600000,0.488075703
1719216000000,0.487952858
1719230400000,0.48768428
1719244800000,0.487405717
1719259200000,0.487201422
1719273600000,0.487102866
1719288000000,0.487040013
1719302400000,0.486959994
1719316800000,0.486962855
1719331200000,0.48694858
1719345600000,0.486909986
1719360000000,0.486861438
1719374400000,0.486849993
1719388800000,0.486931443
1719403200000,0.486864299
1719417600000,0.486791432
1719432000000,0.486667156
1719446400000,0.486510009
1719460800000,0.486257136
1719475200000,0.48591572
1719489600000,0.485651433
1719504000000,0.485404283
1719518400000,0.485212862
1719532800000,0.484922856
1719547200000,0.484734297
1719561600000,0.484589994
1719576000000,0.484404296
1719590400000,0.484185725
1719604800000,0.483792871
1719619200000,0.483448565
1719633600000,0.482964277
1719648000000,0.48237285
1719662400000,0.481952846
1719676800000,0.481725723
1719691200000,0.481327146
1719705600000,0.480978578
1719720000000,0.480830014
1719734400000,0.480691433
1719748800000,0.480441421
1719763200000,0.48013714
1719777600000,0.479912847
1719792000000,0.479711443
1719806400000,0.479530007
1719820800000,0.479299992
1719835200000,0.479107141
1719849600000,0.478875726
1719864000000,0.478552848
1719878400000,0.478228569
1719892800000,0.478035718
1719907200000,0.477964282
1719921600000,0.477865726
1719936000000,0.477785707
1719950400000,0.477710009
1719964800000,0.477519989
1719979200000,0.477478564
1719993600000,0.477428585
1720008000000,0.477182865
1720022400000,0.476830006
1720036800000,0.476548582
1720051200000,0.476174295
1720065600000,0.475717157
1720080000000,0.475217134
1720094400000,0.474615723
1720108800000,0.473931432
1720123200000,0.473147154
1720137600000,0.471897155
1720152000000,0.470785707
1720166400000,0.469851434
1720180800000,0.469060004
1720195200000,0.468340009
1720209600000,0.467645705
1720224000000,0.466958582
1720238400000,0.466387153
1720252800000,0.46594286
1720267200000,0.465432853
1720281600000,0.465009987
1720296000000,0.464621425
1720310400000,0.464165717
1720324800000,0.463594288
1720339200000,0.462984294
1720353600000,0.46229142
1720368000000,0.461637139
1720382400000,0.460867137
1720396800000,0.460005701
1720411200000,0.459331423
1720425600000,0.458871424
1720440000000,0.458218575
1720454400000,0.457662851
1720468800000,0.457155704
1720483200000,0.456622869
1720497600000,0.456082851
1720512000000,0.455518574
1720526400000,0.454898566
1720540800000,0.454328567
1720555200000,0.453727156
1720569600000,0.453094274
1720584000000,0.452574283
1720598400000,0.452098578
1720612800000,0.451550007
1720627200000,0.451005727
1720641600000,0.450477153
1720656000000,0.449961424
1720670400000,0.449522853
1720684800000,0.449174285
1720699200000,0.448715717
1720713600000,0.44837001
1720728000000,0.448004276
1720742400000,0.447704285
1720756800000,0.447549999
1720771200000,0.447508574
1720785600000,0.447298557
1720800000000,0.447175711
1720814400000,0.447097152
1720828800000,0.447277129
1720843200000,0.447785705
1720857600000,0.448255718
1720872000000,0.449104279
1720886400000,0.450281441
1720900800000,0.450952858
1720915200000,0.451431423
1720929600000,0.452067137
1720944000000,0.452711433
1720958400000,0.453308582
1720972800000,0.45403713
1720987200000,0.454574287
1721001600000,0.45521
1721016000000,0.456047148
1721030400000,0.457101434
1721044800000,0.457912862
1721059200000,0.458992869
1721073600000,0.460178584
1721088000000,0.461782843
1721102400000,0.463151425
1721116800000,0.464657158
1721131200000,0.466824293
1721145600000,0.469462872
1721160000000,0.471954286
1721174400000,0.474364281
1721188800000,0.477002859
1721203200000,0.479695708
1721217600000,0.482230008
1721232000000,0.484887153
1721246400000,0.487645715
1721260800000,0.490097135
1721275200000,0.49212572
1721289600000,0.493990004
1721304000000,0.495617151
1721318400000,0.497398585
1721332800000,0.499289989
1721347200000,0.501015723
1721361600000,0.502759993
1721376000000,0.504530013
1721390400000,0.506575704
1721404800000,0.508941412
1721419200000,0.511092842
1721433600000,0.513119996
1721448000000,0.515567124
1721462400000,0.517867148
1721476800000,0.520150006
1721491200000,0.522415698
1721505600000,0.524689972
1721520000000,0.526970029
1721534400000,0.529217124
1721548800000,0.53130573
1721563200000,0.53348285
1721577600000,0.535705686
1721592000000,0.537975729
1721606400000,0.540175736
1721620800000,0.542527139
1721635200000,0.545019984
1721649600000,0.547471404
1721664000000,0.550019979
1721678400000,0.552352846
1721692800000,0.554702878
1721707200000,0.556981444
1721721600000,0.559108555
1721736000000,0.56127286
1721750400000,0.563319981
1721764800000,0.565245688
1721779200000,0.567147136
1721793600000,0.569168568
1721808000000,0.571439981
1721822400000,0.573575735
1721836800000,0.575442851
1721851200000,0.576908588
1721865600000,0.578279972
1721880000000,0.579315722
1721894400000,0.580028594
1721908800000,0.581341445
1721923200000,0.58249855
1721937600000,0.583540022
1721952000000,0.584635735
1721966400000,0.585652828
1721980800000,0.586650014
1721995200000,0.587677121
1722009600000,0.588707149
1722024000000,0.5897457
1722038400000,0.590600014
1722052800000,0.591700017
1722067200000,0.59263283
1722081600000,0.593514264
1722096000000,0.59396714
1722110400000,0.59475857
1722124800000,0.59552145
1722139200000,0.595801413
1722153600000,0.596081436
1722168000000,0.596431434
1722182400000,0.596672833
1722196800000,0.596552849
1722211200000,0.59644717
1722225600000,0.596561432
1722240000000,0.596484303
1722254400000,0.596095741
1722268800000,0.596072853
1722283200000,0.596381426
1722297600000,0.596694291
1722312000000,0.597224295
1722326400000,0.59808141
1722340800000,0.598774314
1722355200000,0.599818587
1722369600000,0.600937128
1722384000000,0.602310002
1722398400000,0.603505731
1722412800000,0.604497135
1722427200000,0.605618596
1722441600000,0.606362879
1722456000000,0.606758595
1722470400000,0.607047141
1722484800000,0.607292831
1722499200000,0.607557118
1722513600000,0.607441425
1722528000000,0.607275724
1722542400000,0.607379973
1722556800000,0.6074543
1722571200000,0.60723573
1722585600000,0.60698998
1722600000000,0.606459975
1722614400000,0.606008589
1722628800000,0.605474293
1722643200000,0.604798555
1722657600000,0.604302883
1722672000000,0.603609979
1722686400000,0.602871418
1722700800000,0.601847172
1722715200000,0.601212859
1722729600000,0.600654304
1722744000000,0.599900007
1722758400000,0.599170029
1722772800000,0.598185718
1722787200000,0.597205698
1722801600000,0.596061409
1722816000000,0.593842864
1722830400000,0.591635704
1722844800000,0.589187145
1722859200000,0.587338567
1722873600000,0.585531414
1722888000000,0.583818555
1722902400000,0.582395732
1722916800000,0.580955744
1722931200000,0.579562843
1722945600000,0.578298569
1722960000000,0.576968551
1722974400000,0.575649977
1722988800000,0.574415743
1723003200000,0.573287129
1723017600000,0.572072864
1723032000000,0.570595741
1723046400000,0.56969285
1723060800000,0.569684267
1723075200000,0.569835722
1723089600000,0.569934309
1723104000000,0.570195735
1723118400000,0.570441425
1723132800000,0.57075572
1723147200000,0.570931435
1723161600000,0.571101427
1723176000000,0.571094275
1723190400000,0.570868552
1723204800000,0.570468545
1723219200000,0.570104301
1723233600000,0.569675744
1723248000000,0.569402874
1723262400000,0.569225729
1723276800000,0.568991423
1723291200000,0.568925738
1723305600000,0.568790019
1723320000000,0.568561435
1723334400000,0.567984283
1723348800000,0.567604303
1723363200000,0.566845715
1723377600000,0.565975726
1723392000000,0.564689994
1723406400000,0.563355744
1723420800000,0.562139988
1723435200000,0.560937166
1723449600000,0.560114264
1723464000000,0.559374273
1723478400000,0.558770001
1723492800000,0.558192849
1723507200000,0.557552874
1723521600000,0.557375729
1723536000000,0.557275712
1723550400000,0.556951404
1723564800000,0.556808591
1723579200000,0.556864262
1723593600000,0.55694288
1723608000000,0.557157159
1723622400000,0.557392836
1723636800000,0.557582855
1723651200000,0.557635725
1723665600000,0.557537138
1723680000000,0.557562828
1723694400000,0.557702839
1723708800000,0.558088601
1723723200000,0.558314264
1723737600000,0.558302879
1723752000000,0.558489978
1723766400000,0.558752835
1723780800000,0.559307158
1723795200000,0.559738576
1723809600000,0.560244262
1723824000000,0.56157428
1723838400000,0.562921405
1723852800000,0.564508557
1723867200000,0.565598547
1723881600000,0.566820025
1723896000000,0.567927122
1723910400000,0.568725705
1723924800000,0.569435716
1723939200000,0.570331454
1723953600000,0.57110858
1723968000000,0.571911454
1723982400000,0.572871447
1723996800000,0.573689997
1724011200000,0.574400008
1724025600000,0.575144291
1724040000000,0.576201439
1724054400000,0.576942861
1724068800000,0.576642871
1724083200000,0.576517165
1724097600000,0.576411426
1724112000000,0.576309979
1724126400000,0.576224267
1724140800000,0.5760414
1724155200000,0.575652838
1724169600000,0.575447142
1724184000000,0.575309992
1724198400000,0.57544142
1724212800000,0.575804293
1724227200000,0.576021433
1724241600000,0.576194286
1724256000000,0.576384306
1724270400000,0.576578557
1724284800000,0.576708555
1724299200000,0.576771438
1724313600000,0.576934278
1724328000000,0.577099979
1724342400000,0.577241421
1724356800000,0.577329993
1724371200000,0.577657163
1724385600000,0.578125715
1724400000000,0.578664303
1724414400000,0.579322875
1724428800000,0.57993716
1724443200000,0.580554307
1724457600000,0.581011415
1724472000000,0.581547141
1724486400000,0.582130015
1724500800000,0.582867146
1724515200000,0.583645701
1724529600000,0.584207118
1724544000000,0.584672868
1724558400000,0.585030019
1724572800000,0.585367143
1724587200000,0.585737169
1724601600000,0.586034298
1724616000000,0.58636713
1724630400000,0.58661145
1724644800000,0.586914301
1724659200000,0.587317169
1724673600000,0.587658584
1724688000000,0.587790012
1724702400000,0.588097155
1724716800000,0.588427126
1724731200000,0.588704288
1724745600000,0.589147151
1724760000000,0.589619994
1724774400000,0.590061426
1724788800000,0.590051413
1724803200000,0.590074301
1724817600000,0.590232849
1724832000000,0.590435743
1724846400000,0.59050858
1724860800000,0.590642869
1724875200000,0.590702832
1724889600000,0.590787172
1724904000000,0.590898573
1724918400000,0.591002882
1724932800000,0.59108001
1724947200000,0.591030002
1724961600000,0.590981424
1724976000000,0.590891421
1724990400000,0.590765715
1725004800000,0.590640008
1725019200000,0.590431452
1725033600000,0.590364277
1725048000000,0.59026283
1725062400000,0.589974284
1725076800000,0.589787126
1725091200000,0.589314282
1725105600000,0.588854313
1725120000000,0.588275731
1725134400000,0.587692857
1725148800000,0.587007165
1725163200000,0.586572886
1725177600000,0.585967124
1725192000000,0.585437119
1725206400000,0.584917128
1725220800000,0.584185719
1725235200000,0.583521426
1725249600000,0.582858562
1725264000000,0.582178593
1725278400000,0.581579983
1725292800000,0.581144273
1725307200000,0.580658555
1725321600000,0.580141425
1725336000000,0.579765737
1725350400000,0.579351425
1725364800000,0.578804314
1725379200000,0.578334272
1725393600000,0.577731431
1725408000000,0.57710284
1725422400000,0.576464295
1725436800000,0.575648546
1725451200000,0.574952841
1725465600000,0.574232876
1725480000000,0.57350713
1725494400000,0.572691441
1725508800000,0.571744263
1725523200000,0.570751429
1725537600000,0.56980145
1725552000000,0.56887573
1725566400000,0.568097115
1725580800000,0.567302883
1725595200000,0.566340029
1725609600000,0.565455735
1725624000000,0.564405739
1725638400000,0.563248575
1725652800000,0.562189996
1725667200000,0.56113714
1725681600000,0.560234308
1725696000000,0.559459984
1725710400000,0.558657169
1725724800000,0.55776
1725739200000,0.556817114
1725753600000,0.555968583
1725768000000,0.555042863
1725782400000,0.554122865
1725796800000,0.553489983
1725811200000,0.552885711
1725825600000,0.552315712
1725840000000,0.551594257
1725854400000,0.551054299
1725868800000,0.550465703
1725883200000,0.549897134
1725897600000,0.549438596
1725912000000,0.548940003
1725926400000,0.54835999
1725940800000,0.547892869
1725955200000,0.547547162
1725969600000,0.547178566
1725984000000,0.546875715
1725998400000,0.546537161
1726012800000,0.546105742
1726027200000,0.545894265
1726041600000,0.54549998
1726056000000,0.545005739
1726070400000,0.544598579
1726084800000,0.544149995
1726099200000,0.543691456
1726113600000,0.54329145
1726128000000,0.54285574
1726142400000,0.542734265
1726156800000,0.542765737
1726171200000,0.542814314
1726185600000,0.542852879
1726200000000,0.542949975
1726214400000,0.542998552
1726228800000,0.543341458
1726243200000,0.54359144
1726257600000,0.543969989
1726272000000,0.544290006
1726286400000,0.544592857
1726300800000,0.544861436
1726315200000,0.545137167
1726329600000,0.545491457
1726344000000,0.545867145
1726358400000,0.54612571
1726372800000,0.546544313
1726387200000,0.546794295
1726401600000,0.547240019
1726416000000,0.54767859
1726430400000,0.547911406
1726444800000,0.548167169
1726459200000,0.548311412
1726473600000,0.548501432
1726488000000,0.548651457
1726502400000,0.549141407
1726516800000,0.54961431
1726531200000,0.550132871
1726545600000,0.550689995
1726560000000,0.551281452
1726574400000,0.551941454
1726588800000,0.552564263
1726603200000,0.553258598
1726617600000,0.553858578
1726632000000,0.554589987
1726646400000,0.555411458
1726660800000,0.556031406
1726675200000,0.556785703
1726689600000,0.557584286
1726704000000,0.558415711
1726718400000,0.559185743
1726732800000,0.559981406
1726747200000,0.560855687
1726761600000,0.56173569
1726776000000,0.562558591
1726790400000,0.563408554
1726804800000,0.564387143
1726819200000,0.565238595
1726833600000,0.56595999
1726848000000,0.566708565
1726862400000,0.567481458
1726876800000,0.568195701
1726891200000,0.568967164
1726905600000,0.569620013
1726920000000,0.570294261
1726934400000,0.571242869
1726948800000,0.572077155
1726963200000,0.572937131
1726977600000,0.573790014
1726992000000,0.574538589
1727006400000,0.575225711
1727020800000,0.576032877
1727035200000,0.576797128
1727049600000,0.577651441
1727064000000,0.578459978
1727078400000,0.579177141
1727092800000,0.57993716
1727107200000,0.580658555
1727121600000,0.581324279
1727136000000,0.582012832
1727150400000,0.582431436
1727164800000,0.582787156
1727179200000,0.583085716
1727193600000,0.583521426
1727208000000,0.58391571
1727222400000,0.58435142
1727236800000,0.584587157
1727251200000,0.584917128
1727265600000,0.585094273
1727280000000,0.585201442
1727294400000,0.585257173
1727308800000,0.58519429
1727323200000,0.585211456
1727337600000,0.585192859
1727352000000,0.585154295
1727366400000,0.58522141
1727380800000,0.585247159
1727395200000,0.585292876
1727409600000,0.585305691
1727424000000,0.585354269
1727438400000,0.58560431
1727452800000,0.585871458
1727467200000,0.586107135
1727481600000,0.586392879
1727496000000,0.586952865
1727510400000,0.587379992
1727524800000,0.587824285
1727539200000,0.588342845
1727553600000,0.588755727
1727568000000,0.589167118
1727582400000,0.589708567
1727596800000,0.590215743
1727611200000,0.591301441
1727625600000,0.59233284
1727640000000,0.593242884
1727654400000,0.594272852
1727668800000,0.595428586
1727683200000,0.596215725
1727697600000,0.596678555
1727712000000,0.59720999
1727726400000,0.597585738
1727740800000,0.598117113
1727755200000,0.598721445
1727769600000,0.59928143
1727784000000,0.599640012
1727798400000,0.599958599
1727812800000,0.60004288
1727827200000,0.600292861
1727841600000,0.600585699
1727856000000,0.600627124
1727870400000,0.600618601
1727884800000,0.60053283
1727899200000,0.599889994
1727913600000,0.599221408
1727928000000,0.598249972
1727942400000,0.597068548
1727956800000,0.595998585
1727971200000,0.594978571
1727985600000,0.593919992
1728000000000,0.592945695
1728014400000,0.592017114
1728028800000,0.591090024
1728043200000,0.590160012
1728057600000,0.589332879
1728072000000,0.588551402
1728086400000,0.587710023
1728100800000,0.586927116
1728115200000,0.586124301
1728129600000,0.585347116
1728144000000,0.584608555
1728158400000,0.583784282
1728172800000,0.582947135
1728187200000,0.582202852
1728201600000,0.581337154
1728216000000,0.58056426
1728230400000,0.579685688
1728244800000,0.578915715
1728259200000,0.578205705
1728273600000,0.57756573
1728288000000,0.576887131
1728302400000,0.57628572
1728316800000,0.575688601
1728331200000,0.574838579
1728345600000,0.574015737
1728360000000,0.573078573
1728374400000,0.572204292
1728388800000,0.571265697
1728403200000,0.570458591
1728417600000,0.569625735
1728432000000,0.568854272
1728446400000,0.56803143
1728460800000,0.567254305
1728475200000,0.566438556
1728489600000,0.565571427
1728504000000,0.564381421
1728518400000,0.563101411
1728532800000,0.561787128
1728547200000,0.56045717
1728561600000,0.55933857
1728576000000,0.558099985
1728590400000,0.556701422
1728604800000,0.555424273
1728619200000,0.553690016
1728633600000,0.552018583
1728648000000,0.550547123
1728662400000,0.54906857
1728676800000,0.547551453
1728691200000,0.546211421
1728705600000,0.545074284
1728720000000,0.543885708
1728734400000,0.542888582
1728748800000,0.541678548
1728763200000,0.540407121
1728777600000,0.539082885
1728792000000,0.538008571
1728806400000,0.536872864
1728820800000,0.535888553
1728835200000,0.534817159
1728849600000,0.53383857
1728864000000,0.533162832
1728878400000,0.532512844
1728892800000,0.531997144
1728907200000,0.532155693
1728921600000,0.532294273
1728936000000,0.5327214
1728950400000,0.533155739
1728964800000,0.533490002
1728979200000,0.533618569
1728993600000,0.533871412
1729008000000,0.534150004
1729022400000,0.534404278
1729036800000,0.534658551
1729051200000,0.534902871
1729065600000,0.535021424
1729080000000,0.535220027
1729094400000,0.535579979
1729108800000,0.535794258
1729123200000,0.536052883
1729137600000,0.53639859
1729152000000,0.5366714
1729166400000,0.537022829
1729180800000,0.537237167
1729195200000,0.537425697
1729209600000,0.537609994
1729224000000,0.537797153
1729238400000,0.53800571
1729252800000,0.538179994
1729267200000,0.538265705
1729281600000,0.538358569
1729296000000,0.538510025
1729310400000,0.538584292
1729324800000,0.538625717
1729339200000,0.538854301
1729353600000,0.538985729
1729368000000,0.539228559
1729382400000,0.539398551
1729396800000,0.539624274
1729411200000,0.539781451
1729425600000,0.539977133
1729440000000,0.540114284
1729454400000,0.540367126
1729468800000,0.540587127
1729483200000,0.540837169
1729497600000,0.541177154
1729512000000,0.541499972
1729526400000,0.5417943
1729540800000,0.542071402
1729555200000,0.542271435
1729569600000,0.542439997
1729584000000,0.542550027
1729598400000,0.542595685
1729612800000,0.54258287
1729627200000,0.542519987
1729641600000,0.542462885
1729656000000,0.542297125
1729670400000,0.542087138
1729684800000,0.54187572
1729699200000,0.541675687
1729713600000,0.541504264
1729728000000,0.541352868
1729742400000,0.541172862
1729756800000,0.54103142
1729771200000,0.540889978
1729785600000,0.540847123
1729800000000,0.54078716
1729814400000,0.540759981
1729828800000,0.540707171
1729843200000,0.540698588
1729857600000,0.540564299
1729872000000,0.540235698
1729886400000,0.539708555
1729900800000,0.539324284
1729915200000,0.538821399
1729929600000,0.538352847
1729944000000,0.537792861
1729958400000,0.53729856
1729972800000,0.536832869
1729987200000,0.536551416
1730001600000,0.536204278
1730016000000,0.535748601
1730030400000,0.535398543
1730044800000,0.535002828
1730059200000,0.534685731
1730073600000,0.534244299
1730088000000,0.533794284
1730102400000,0.533324301
1730116800000,0.532835722
1730131200000,0.532378554
1730145600000,0.53187573
1730160000000,0.531459987
1730174400000,0.531062841
1730188800000,0.530799985
1730203200000,0.530537128
1730217600000,0.530292869
1730232000000,0.529990017
1730246400000,0.529698551
1730260800000,0.529387116
1730275200000,0.529021442
1730289600000,0.528689981
1730304000000,0.528328598
1730318400000,0.527998567
1730332800000,0.527689993
1730347200000,0.527308583
1730361600000,0.526984274
1730376000000,0.526511431
1730390400000,0.525984287
1730404800000,0.525544286
1730419200000,0.525237143
1730433600000,0.524771452
1730448000000,0.524435699
1730462400000,0.523980021
1730476800000,0.523532867
1730491200000,0.523018599
1730505600000,0.522455692
1730520000000,0.521972835
1730534400000,0.521452844
1730548800000,0.520961404
1730563200000,0.520479977
1730577600000,0.519954264
1730592000000,0.519495726
1730606400000,0.51910001
1730620800000,0.518649995
1730635200000,0.518122852
1730649600000,0.51768285
1730664000000,0.517345726
1730678400000,0.517065704
1730692800000,0.516801417
1730707200000,0.516658545
1730721600000,0.516437113
1730736000000,0.516120017
1730750400000,0.515754282
1730764800000,0.515429974
1730779200000,0.515218556
1730793600000,0.514878571
1730808000000,0.514555693
1730822400000,0.514251411
1730836800000,0.514105737
1730851200000,0.514211416
1730865600000,0.51441431
1730880000000,0.514692843
1730894400000,0.515104294
1730908800000,0.515452862
1730923200000,0.515854299
1730937600000,0.516505718
1730952000000,0.517174304
1730966400000,0.517665744
1730980800000,0.518190026
1730995200000,0.518747151
1731009600000,0.519331455
1731024000000,0.519871414
1731038400000,0.52035284
1731052800000,0.520860016
1731067200000,0.521372855
1731081600000,0.521920025
1731096000000,0.522458553
1731110400000,0.522842884
1731124800000,0.523410022
1731139200000,0.523928583
1731153600000,0.524344265
1731168000000,0.524722874
1731182400000,0.525204301
1731196800000,0.525858581
1731211200000,0.526718557
1731225600000,0.527588546
1731240000000,0.528680027
1731254400000,0.529685736
1731268800000,0.530612886
1731283200000,0.531672835
1731297600000,0.53245002
1731312000000,0.533388555
1731326400000,0.534358561
1731340800000,0.535470009
1731355200000,0.536958575
1731369600000,0.538218558
1731384000000,0.539725721
1731398400000,0.541754305
1731412800000,0.544174314
1731427200000,0.546658576
1731441600000,0.549414277
1731456000000,0.551538587
1731470400000,0.553611457
1731484800000,0.555904269
1731499200000,0.558770001
1731513600000,0.561157167
1731528000000,0.563692868
1731542400000,0.566349983
1731556800000,0.569042861
1731571200000,0.572025716
1731585600000,0.574934304
1731600000000,0.579062879
1731614400000,0.582892835
1731628800000,0.587441444
1731643200000,0.59157002
1731657600000,0.596235693
1731672000000,0.601425707
1731686400000,0.607017159
1731700800000,0.61254859
1731715200000,0.618212879
1731729600000,0.624818563
1731744000000,0.632581413
1731758400000,0.641260028
1731772800000,0.651000023
1731787200000,0.659677148
1731801600000,0.667572856
1731816000000,0.67556572
1731830400000,0.68314141
1731844800000,0.691304266
1731859200000,0.698482871
1731873600000,0.705892861
1731888000000,0.714238584
1731902400000,0.723395705
1731916800000,0.731739998
1731931200000,0.740684271
1731945600000,0.748258591
1731960000000,0.756247163
1731974400000,0.764698565
1731988800000,0.772604287
1732003200000,0.78040427
1732017600000,0.788139999
1732032000000,0.79609859
1732046400000,0.803967118
1732060800000,0.811517119
1732075200000,0.819090009
1732089600000,0.827228546
1732104000000,0.835335732
1732118400000,0.843004286
1732132800000,0.850880027
1732147200000,0.858634293
1732161600000,0.866661429
1732176000000,0.874689996
1732190400000,0.882471442
1732204800000,0.891065717
1732219200000,0.900529981
1732233600000,0.911928594
1732248000000,0.922785699
1732262400000,0.935224295
1732276800000,0.947422862
1732291200000,0.959445715
1732305600000,0.972247124
1732320000000,0.986234307
1732334400000,0.999890029
1732348800000,1.01341426
1732363200000,1.02677143
1732377600000,1.03920424
1732392000000,1.05140424
1732406400000,1.06320572
1732420800000,1.07445288
1732435200000,1.08434141
1732449600000,1.09297287
1732464000000,1.10314715
1732478400000,1.11418426
1732492800000,1.12456572
1732507200000,1.13551998
1732521600000,1.14692998
1732536000000,1.15740287
1732550400000,1.16853285
1732564800000,1.17875862
1732579200000,1.18917286
1732593600000,1.19934714
1732608000000,1.20709717
1732622400000,1.21527147
1732636800000,1.22325432
1732651200000,1.23202002
1732665600000,1.23972571
1732680000000,1.24751568
1732694400000,1.25516284
1732708800000,1.26381147
1732723200000,1.27206433
1732737600000,1.2791872
1732752000000,1.28513145
1732766400000,1.29018855
1732780800000,1.29416859
1732795200000,1.29864573
1732809600000,1.30461431
1732824000000,1.31139863
1732838400000,1.31877005
1732852800000,1.32599711
1732867200000,1.33483148
1732881600000,1.34421289
1732896000000,1.35291576
1732910400000,1.36192286
1732924800000,1.3719157
1732939200000,1.38257718
1732953600000,1.39411426
1732968000000,1.40502143
1732982400000,1.41591573
1732996800000,1.42805862
1733011200000,1.43936718
1733025600000,1.45046568
1733040000000,1.46199
1733054400000,1.47343576
1733068800000,1.48841429
1733083200000,1.50575995
1733097600000,1.52399004
1733112000000,1.54286718
1733126400000,1.56048286
1733140800000,1.58329427
1733155200000,1.60690284
1733169600000,1.62997282
1733184000000,1.65375423
1733198400000,1.67556858
1733212800000,1.69957566
1733227200000,1.71782851
1733241600000,1.73478997
1733256000000,1.75121427
1733270400000,1.76664138
1733284800000,1.78353286
1733299200000,1.8003329
1733313600000,1.81519997
1733328000000,1.82707429
1733342400000,1.83869147
1733356800000,1.84888005
1733371200000,1.86060143
1733385600000,1.87397861
1733400000000,1.88694572
1733414400000,1.89931858
1733428800000,1.91047573
1733443200000,1.92372715
1733457600000,1.93820858
1733472000000,1.9510057
1733486400000,1.96384001
1733500800000,1.97760284
1733515200000,1.99113715
1733529600000,2.00451994
1733544000000,2.01859713
1733558400000,2.03226852
1733572800000,2.04837847
1733587200000,2.06366992
1733601600000,2.0806129
1733616000000,2.09864426
1733630400000,2.11592007
1733644800000,2.13251996
1733659200000,2.14886284
1733673600000,2.16624856
1733688000000,2.18328857
1733702400000,2.19812846
1733716800000,2.21165276
1733731200000,2.22433996
1733745600000,2.23745561
1733760000000,2.25095153
1733774400000,2.26164293
1733788800000,2.27143288
1733803200000,2.28247428
1733817600000,2.29305434
1733832000000,2.30015421
1733846400000,2.30827999
1733860800000,2.31940007
1733875200000,2.32863426
1733889600000,2.33687997
1733904000000,2.34590721
1733918400000,2.35513568
1733932800000,2.36390567
1733947200000,2.37076998
1733961600000,2.37801719
1733976000000,2.38584423
1733990400000,2.39312577
1734004800000,2.39977574
1734019200000,2.40627003
1734033600000,2.41290569
1734048000000,2.41916418
1734062400000,2.42506576
1734076800000,2.42803144
1734091200000,2.42951703
1734105600000,2.42985868
1734120000000,2.42958283
1734134400000,2.43169713
1734148800000,2.42866564
1734163200000,2.42412996
1734177600000,2.41955709
1734192000000,2.41411424
1734206400000,2.41082573
1734220800000,2.40457153
1734235200000,2.40276718
1734249600000,2.40070581
1734264000000,2.3993001
1734278400000,2.3973043
1734292800000,2.3947742
1734307200000,2.39180279
1734321600000,2.39024568
1734336000000,2.38954711
1734350400000,2.38976288
1734364800000,2.39286566
1734379200000,2.39440417
1734393600000,2.3954401
1734408000000,2.39769578
1734422400000,2.40268707
1734436800000,2.4076829
1734451200000,2.41180563
1734465600000,2.41528296
1734480000000,2.4188199
1734494400000,2.42135
1734508800000,2.42440438
1734523200000,2.42502141
1734537600000,2.42479992
1734552000000,2.4233644
1734566400000,2.42218137
1734580800000,2.41984725
1734595200000,2.41829705
1734609600000,2.41422153
1734624000000,2.40898561
1734638400000,2.40445423
1734652800000,2.4014101
1734667200000,2.39776421
1734681600000,2.38895297
1734696000000,2.38337994
1734710400000,2.38058567
1734724800000,2.37822151
1734739200000,2.37714005
1734753600000,2.37661576
1734768000000,2.37511849
1734782400000,2.37574434
1734796800000,2.37703276
1734811200000,2.37745142
1734825600000,2.37772274
1734840000000,2.38039422
1734854400000,2.38234568
1734868800000,2.38018274
1734883200000,2.37858152
1734897600000,2.37733865
1734912000000,2.37529707
1734926400000,2.37143421
1734940800000,2.36809707
1734955200000,2.36447716
1734969600000,2.36130142
1734984000000,2.35893297
1734998400000,2.35660291
1735012800000,2.35413432
1735027200000,2.35266137
1735041600000,2.35240006
1735056000000,2.35173988
1735070400000,2.35184002
1735084800000,2.35129285
1735099200000,2.3496244
1735113600000,2.34747434
1735128000000,2.34540296
1735142400000,2.34314418
1735156800000,2.34038568
1735171200000,2.33808136
1735185600000,2.33573294
1735200000000,2.33278561
1735214400000,2.32940722
1735228800000,2.32584286
1735243200000,2.32233858
1735257600000,2.31870866
1735272000000,2.31479716
1735286400000,2.31202865
1735300800000,2.30767846
1735315200000,2.30445004
1735329600000,2.30073714
1735344000000,2.29795146
1735358400000,2.29483867
1735372800000,2.29045439
1735387200000,2.28597856
1735401600000,2.28173566
1735416000000,2.27670002
1735430400000,2.26951289
1735444800000,2.26378274
1735459200000,2.25770855
1735473600000,2.25196147
1735488000000,2.24651861
1735502400000,2.24056721
1735516800000,2.23370433
1735531200000,2.22793722
1735545600000,2.22327995
1735560000000,2.21920133
1735574400000,2.21566153
1735588800000,2.21107578
1735603200000,2.20551276
1735617600000,2.20130992
1735632000000,2.19910574
1735646400000,2.19752288
1735660800000,2.19413567
1735675200000,2.19120574
1735689600000,2.19319582
1735704000000,2.19190574
1735718400000,2.18987703
1735732800000,2.18912864
1735747200000,2.18939137
1735761600000,2.18909287
1735776000000,2.19077992
1735790400000,2.19233847
1735804800000,2.19464707
1735819200000,2.19701862
1735833600000,2.19913292
1735848000000,2.20161867
1735862400000,2.20460439
1735876800000,2.20740438
1735891200000,2.21053863
1735905600000,2.21402717
1735920000000,2.21767712
1735934400000,2.22161722
1735948800000,2.22539568
1735963200000,2.22973704
1735977600000,2.23341417
1735992000000,2.23554993
1736006400000,2.23804426
1736020800000,2.24052143
1736035200000,2.24260426
1736049600000,2.24374723
1736064000000,2.24441719
1736078400000,2.24504995
1736092800000,2.24627137
1736107200000,2.24790287
1736121600000,2.24991846
1736136000000,2.25155425
1736150400000,2.25282717
1736164800000,2.2548244
1736179200000,2.25702572
1736193600000,2.2595799
1736208000000,2.26265287
1736222400000,2.26640725
1736236800000,2.27004719
1736251200000,2.27229285
1736265600000,2.27382708
1736280000000,2.2756443
1736294400000,2.27714705
1736308800000,2.27917004
1736323200000,2.2812686
1736337600000,2.28359294
1736352000000,2.28588009
1736366400000,2.28894997
1736380800000,2.29149866
1736395200000,2.29350281
1736409600000,2.29512715
1736424000000,2.29707146
1736438400000,2.29837704
1736452800000,2.29944992
1736467200000,2.30103278
1736481600000,2.3031044
1736496000000,2.30547571
1736510400000,2.3082571
1736524800000,2.31192851
1736539200000,2.31582713
1736553600000,2.31945992
1736568000000,2.32403708
1736582400000,2.32854867
1736596800000,2.33352137
1736611200000,2.34079289
1736625600000,2.34855008
1736640000000,2.35521007
1736654400000,2.36112714
1736668800000,2.36686993
1736683200000,2.37313294
1736697600000,2.37944436
1736712000000,2.38486433
1736726400000,2.39013577
1736740800000,2.39348578
1736755200000,2.39378858
1736769600000,2.39569569
1736784000000,2.39624143
1736798400000,2.39847851
1736812800000,2.40032864
1736827200000,2.40192723
1736841600000,2.40459991
1736856000000,2.40711856
1736870400000,2.40989423
1736884800000,2.41350293
1736899200000,2.41952991
1736913600000,2.4254272
1736928000000,2.4295342
1736942400000,2.43691278
1736956800000,2.44376993
1736971200000,2.45370722
1736985600000,2.4622643
1737000000000,2.47198296
1737014400000,2.48304152
1737028800000,2.49571991
1737043200000,2.50941277
1737057600000,2.52145576
1737072000000,2.53509283
1737086400000,2.54844141
1737100800000,2.5615201
1737115200000,2.57296276
1737129600000,2.58471704
1737144000000,2.59757137
1737158400000,2.60963583
1737172800000,2.61934423
1737187200000,2.63001847
1737201600000,2.64083004
1737216000000,2.65234423
1737230400000,2.66437864
1737244800000,2.67621851
1737259200000,2.68864846
1737273600000,2.69968295
1737288000000,2.71222425
1737302400000,2.72514582
1737316800000,2.73473573
1737331200000,2.74596858
1737345600000,2.75872564
1737360000000,2.77320576
1737374400000,2.78606868
1737388800000,2.79755139
1737403200000,2.80888009
1737417600000,2.82030296
1737432000000,2.83100152
1737446400000,2.84289002
1737460800000,2.85502577
1737475200000,2.86806989
1737489600000,2.88042283
1737504000000,2.8928442
1737518400000,2.90547705
1737532800000,2.91802001
1737547200000,2.9297657
1737561600000,2.94254279
1737576000000,2.95448136
1737590400000,2.96494436
1737604800000,2.97527575
1737619200000,2.98321152
1737633600000,2.99118567
1737648000000,2.99887991
1737662400000,3.00711989
1737676800000,3.01607275
1737691200000,3.02527714
1737705600000,3.03454995
1737720000000,3.04399848
1737734400000,3.0530858
1737748800000,3.06220007
1737763200000,3.07354712
1737777600000,3.08273864
1737792000000,3.09205008
1737806400000,3.10087705
1737820800000,3.10934424
1737835200000,3.11779857
1737849600000,3.12580132
1737864000000,3.13384724
1737878400000,3.14052296
1737892800000,3.14692855
1737907200000,3.15121293
1737921600000,3.15352011
1737936000000,3.1570015
1737950400000,3.15470433
1737964800000,3.15245008
1737979200000,3.14978862
1737993600000,3.14800286
1738008000000,3.14746857
1738022400000,3.14589143
1738036800000,3.14297867
1738051200000,3.13994861
1738065600000,3.13909578
1738080000000,3.13665295
1738094400000,3.13313723
1738108800000,3.13006997
1738123200000,3.12871718
1738137600000,3.12659001
1738152000000,3.12331009
1738166400000,3.1208899
1738180800000,3.12018561
1738195200000,3.11946154
1738209600000,3.11847997
1738224000000,3.11690998
1738238400000,3.11476135
1738252800000,3.11303997
1738267200000,3.1122601
1738281600000,3.11281133
1738296000000,3.11181569
1738310400000,3.11002564
1738324800000,3.11205006
1738339200000,3.11089134
1738353600000,3.10851717
1738368000000,3.10438132
1738382400000,3.10090566
1738396800000,3.09863424
1738411200000,3.09672427
1738425600000,3.09435868
1738440000000,3.09161282
1738454400000,3.08764148
1738468800000,3.08421278
1738483200000,3.07830143
1738497600000,3.0730958
1738512000000,3.06578994
1738526400000,3.05731583
1738540800000,3.04331994
1738555200000,3.03282571
1738569600000,3.02061152
1738584000000,3.01161432
1738598400000,3.00581288
1738612800000,2.99966431
1738627200000,2.99443865
1738641600000,2.98516154
1738656000000,2.9781456
1738670400000,2.97101283
1738684800000,2.96339703
1738699200000,2.95425296
1738713600000,2.94436288
1738728000000,2.93500423
1738742400000,2.92655706
1738756800000,2.91800284
1738771200000,2.90805435
1738785600000,2.89763713
1738800000000,2.8877728
1738814400000,2.87775421
1738828800000,2.8680799
1738843200000,2.85675287
1738857600000,2.84474277
1738872000000,2.83306146
1738886400000,2.8219471
1738900800000,2.81012583
1738915200000,2.79993725
1738929600000,2.79218149
1738944000000,2.78394294
1738958400000,2.77802563
1738972800000,2.77224135
1738987200000,2.76421857
1739001600000,2.75701141
1739016000000,2.74753714
1739030400000,2.73806858
1739044800000,2.72828007
1739059200000,2.71922851
1739073600000,2.70897865
1739088000000,2.69899583
1739102400000,2.69002438
1739116800000,2.68022847
1739131200000,2.67003703
1739145600000,2.65998149
1739160000000,2.65056849
1739174400000,2.64138722
1739188800000,2.63216138
1739203200000,2.62219429
1739217600000,2.61241007
1739232000000,2.60297561
1739246400000,2.59411573
1739260800000,2.58505869
1739275200000,2.57565141
1739289600000,2.56556439
1739304000000,2.55605149
1739318400000,2.54590011
1739332800000,2.53600574
1739347200000,2.52728724
1739361600000,2.51820278
1739376000000,2.50974417
1739390400000,2.50178719
1739404800000,2.49448705
1739419200000,2.48689294
1739433600000,2.47984576
1739448000000,2.47371149
1739462400000,2.46830153
1739476800000,2.46369004
1739491200000,2.46092296
1739505600000,2.45774293
1739520000000,2.45867562
1739534400000,2.4607501
1739548800000,2.46833706
1739563200000,2.47276282
1739577600000,2.47909856
1739592000000,2.48214006
1739606400000,2.48287153
1739620800000,2.48400855
1739635200000,2.48436427
1739649600000,2.48831153
1739664000000,2.49107862
1739678400000,2.49307561
1739692800000,2.49558854
1739707200000,2.49838281
1739721600000,2.50152421
1739736000000,2.50463152
1739750400000,2.5069499
1739764800000,2.50913715
1739779200000,2.5125072
1739793600000,2.5162971
1739808000000,2.51949286
1739822400000,2.52262712
1739836800000,2.52564144
1739851200000,2.52918863
1739865600000,2.53316998
1739880000000,2.53625298
1739894400000,2.53852296
1739908800000,2.54243565
1739923200000,2.54437137
1739937600000,2.54548287
1739952000000,2.54814434
1739966400000,2.55116439
1739980800000,2.55512285
1739995200000,2.56001425
1740009600000,2.56420994
1740024000000,2.56842136
1740038400000,2.57208133
1740052800000,2.57569718
1740067200000,2.57860422
1740081600000,2.58175707
1740096000000,2.58469439
1740110400000,2.58799577
1740124800000,2.59159422
1740139200000,2.59474707
1740153600000,2.59678149
1740168000000,2.59922576
1740182400000,2.60130143
1740196800000,2.60364151
1740211200000,2.60602856
1740225600000,2.60843277
1740240000000,2.6105628
1740254400000,2.61164856
1740268800000,2.61247993
1740283200000,2.61422706
1740297600000,2.61684418
1740312000000,2.61842847
1740326400000,2.62079
1740340800000,2.62323999
1740355200000,2.62424564
1740369600000,2.62560153
1740384000000,2.62619567
1740398400000,2.6256156
1740412800000,2.62447429
1740427200000,2.62213993
1740441600000,2.61984849
1740456000000,2.6156044
1740470400000,2.61180425
1740484800000,2.60678148
1740499200000,2.60205722
1740513600000,2.59825993
1740528000000,2.59224582
1740542400000,2.5859971
1740556800000,2.57875562
1740571200000,2.57214284
1740585600000,2.56309295
1740600000000,2.55501723
1740614400000,2.54652143
1740628800000,2.53857565
1740643200000,2.53135705
1740657600000,2.52332139
1740672000000,2.51484561
1740686400000,2.50683141
1740700800000,2.49620581
1740715200000,2.48589277
1740729600000,2.47597432
1740744000000,2.46766853
1740758400000,2.4596014
1740772800000,2.4523356
1740787200000,2.44535995
1740801600000,2.43852568
1740816000000,2.43156433
1740830400000,2.42429423
1740844800000,2.41727281
1740859200000,2.41195703
1740873600000,2.40738583
1740888000000,2.40356135
1740902400000,2.40016007
1740916800000,2.40069151
1740931200000,2.40522575
1740945600000,2.41069007
1740960000000,2.41326571
1740974400000,2.41443563
1740988800000,2.41406155
1741003200000,2.41208863
1741017600000,2.40698719
1741032000000,2.40271997
1741046400000,2.39724851
1741060800000,2.39222288
1741075200000,2.38725281
1741089600000,2.38318706
1741104000000,2.38104439
1741118400000,2.37810564
1741132800000,2.37507725
1741147200000,2.3727057
1741161600000,2.37204862
1741176000000,2.37020564
1741190400000,2.36908436
1741204800000,2.36785293
1741219200000,2.36673427
1741233600000,2.36559439
1741248000000,2.36589289
1741262400000,2.36653709
1741276800000,2.36696005
1741291200000,2.36706138
1741305600000,2.36563993
1741320000000,2.36539435
1741334400000,2.36506438
1741348800000,2.36398864
1741363200000,2.36384869
1741377600000,2.36227155
1741392000000,2.36018705
1741406400000,2.35917711
1741420800000,2.35793996
1741435200000,2.35898995
1741449600000,2.36000419
1741464000000,2.36250567
1741478400000,2.36441708
1741492800000,2.36630011
1741507200000,2.36616993
1741521600000,2.36421275
1741536000000,2.3620801
1741550400000,2.35995722
1741564800000,2.35837436
1741579200000,2.35706568
1741593600000,2.35753012
1741608000000,2.35639143
1741622400000,2.35457277
1741636800000,2.35168576
1741651200000,2.34891725
1741665600000,2.34743142
1741680000000,2.34694004
1741694400000,2.34603
1741708800000,2.34871149
1741723200000,2.35114861
1741737600000,2.35310578
1741752000000,2.35369849
1741766400000,2.35464716
1741780800000,2.35545278
1741795200000,2.35621572
1741809600000,2.35724854
1741824000000,2.35839295
1741838400000,2.35958576
1741852800000,2.36124134
1741867200000,2.36261725
1741881600000,2.36239433
1741896000000,2.36209154
1741910400000,2.36233282
1741924800000,2.35797
1741939200000,2.35004282
1741953600000,2.34173846
1741968000000,2.33545136
1741982400000,2.33069563
1741996800000,2.32770848
1742011200000,2.32476139
1742025600000,2.32585859
1742040000000,2.32641006
1742054400000,2.32788563
1742068800000,2.32889581
1742083200000,2.32922006
1742097600000,2.32889867
1742112000000,2.32610297
1742126400000,2.32384562
1742140800000,2.32179427
1742155200000,2.31961417
1742169600000,2.31783152
1742184000000,2.3162415
1742198400000,2.31398153
1742212800000,2.31177998
1742227200000,2.30959868
1742241600000,2.30710578
1742256000000,2.30245137
1742270400000,2.29770851
1742284800000,2.29310131
1742299200000,2.28792286
1742313600000,2.28494287
1742328000000,2.28177428
1742342400000,2.27840567
1742356800000,2.27541709
1742371200000,2.2733357
1742385600000,2.27575707
1742400000000,2.27782154
1742414400000,2.28046703
1742428800000,2.2828815
1742443200000,2.28449583
1742457600000,2.28643847
1742472000000,2.28804708
1742486400000,2.28966284
1742500800000,2.29104853
1742515200000,2.29346561
1742529600000,2.29665422
1742544000000,2.29988003
1742558400000,2.30322289
1742572800000,2.30653143
1742587200000,2.30933428
1742601600000,2.3118515
1742616000000,2.3158958
1742630400000,2.32043433
1742644800000,2.32552433
1742659200000,2.33031154
1742673600000,2.33424711
1742688000000,2.33758569
1742702400000,2.34131002
1742716800000,2.34413147
1742731200000,2.34758997
1742745600000,2.3508985
1742760000000,2.35448432
1742774400000,2.35776138
1742788800000,2.36120152
1742803200000,2.36436582
1742817600000,2.36771011
1742832000000,2.37091279
1742846400000,2.37398005
1742860800000,2.37583566
1742875200000,2.37775564
1742889600000,2.3807044
1742904000000,2.38335419
1742918400000,2.38575864
1742932800000,2.38796997
1742947200000,2.38971424
1742961600000,2.3912499
1742976000000,2.39271855
1742990400000,2.39340997
1743004800000,2.39264703
1743019200000,2.39202714
1743033600000,2.39136291
1743048000000,2.39048147
1743062400000,2.38964868
1743076800000,2.38892293
1743091200000,2.38831568
1743105600000,2.38774705
1743120000000,2.38792419
1743134400000,2.38685846
1743148800000,2.38588572
1743163200000,2.3842299
1743177600000,2.3817358
1743192000000,2.3798871
1743206400000,2.37757707
1743220800000,2.37439418
1743235200000,2.3704772
1743249600000,2.36718726
1743264000000,2.36499858
1743278400000,2.36279583
1743292800000,2.36165428
1743307200000,2.36078286
1743321600000,2.35935712
1743336000000,2.35724998
1743350400000,2.3550899
1743364800000,2.35284996
1743379200000,2.34919572
1743393600000,2.34221148
1743408000000,2.33641577
1743422400000,2.33028722
1743436800000,2.32464862
1743451200000,2.31929994
1743465600000,2.31368566
1743480000000,2.30877995
1743494400000,2.30447149
1743508800000,2.30051708
1743523200000,2.29644561
1743537600000,2.29260278
1743552000000,2.28847146
1743566400000,2.28469276
1743580800000,2.2805829
1743595200000,2.27762008
1743609600000,2.27433848
1743624000000,2.26891994
1743638400000,2.26420569
1743652800000,2.25955153
1743667200000,2.25459433
1743681600000,2.24936724
1743696000000,2.24456573
1743710400000,2.2398243
1743724800000,2.23474431
1743739200000,2.23012996
1743753600000,2.22509289
1743768000000,2.22057009
1743782400000,2.2160728
1743796800000,2.21160007
1743811200000,2.20671582
1743825600000,2.20189714
1743840000000,2.19754863
1743854400000,2.19288564
1743868800000,2.18867564
1743883200000,2.18471003
1743897600000,2.18022847
1743912000000,2.1753242
1743926400000,2.16999292
1743940800000,2.16463995
1743955200000,2.15830708
1743969600000,2.1505456
1743984000000,2.14148855
1743998400000,2.13111424
1744012800000,2.12245011
1744027200000,2.11566854
1744041600000,2.10868859
1744056000000,2.10204148
1744070400000,2.09577417
1744084800000,2.08902287
1744099200000,2.08358574
1744113600000,2.0773499
1744128000000,2.07042432
1744142400000,2.06436276
1744156800000,2.0575242
1744171200000,2.05257154
1744185600000,2.04689002
1744200000000,2.0414958
1744214400000,2.03954148
1744228800000,2.03855991
1744243200000,2.03736424
1744257600000,2.03569722
1744272000000,2.03380704
1744286400000,2.03092861
1744300800000,2.0277915
1744315200000,2.02479005
1744329600000,2.02248001
1744344000000,2.0205915
1744358400000,2.0186801
1744372800000,2.0167501
1744387200000,2.01623583
1744401600000,2.01562285
1744416000000,2.01464581
1744430400000,2.01374435
1744444800000,2.0133357
1744459200000,2.01424146
1744473600000,2.01481152
1744488000000,2.01574278
1744502400000,2.01606154
1744516800000,2.01588583
1744531200000,2.01678276
1744545600000,2.01689863
1744560000000,2.01720285
1744574400000,2.01735997
1744588800000,2.01773286
1744603200000,2.01709008
1744617600000,2.0170486
1744632000000,2.01838279
1744646400000,2.01966286
1744660800000,2.02074575
1744675200000,2.02245855
1744689600000,2.02456141
1744704000000,2.02596998
1744718400000,2.0269742
1744732800000,2.02793717
1744747200000,2.02785563
1744761600000,2.02835011
1744776000000,2.02731991
1744790400000,2.02675438
1744804800000,2.02624154
1744819200000,2.02608132
1744833600000,2.02532148
1744848000000,2.02402282
1744862400000,2.02358437
1744876800000,2.02335143
1744891200000,2.02224708
1744905600000,2.02131438
1744920000000,2.0209372
1744934400000,2.02050138
1744948800000,2.0204258
1744963200000,2.02164435
1744977600000,2.02359009
1744992000000,2.02726579
1745006400000,2.03273439
1745020800000,2.03730989
1745035200000,2.04038286
1745049600000,2.04313564
1745064000000,2.04568434
1745078400000,2.04825282
1745092800000,2.05139995
1745107200000,2.05317426
1745121600000,2.05552721
1745136000000,2.05862713
1745150400000,2.06222582
1745164800000,2.06698704
1745179200000,2.07050991
1745193600000,2.07519293
1745208000000,2.07944417
1745222400000,2.08057714
1745236800000,2.08144855
1745251200000,2.08266425
1745265600000,2.08401561
1745280000000,2.08521008
1745294400000,2.08748436
1745308800000,2.08945131
1745323200000,2.09216714
1745337600000,2.0943656
1745352000000,2.09735703
1745366400000,2.10058713
1745380800000,2.1042428
1745395200000,2.10732579
1745409600000,2.11025858
1745424000000,2.11317563
1745438400000,2.11551142
1745452800000,2.11712575
1745467200000,2.11707854
1745481600000,2.11733294
1745496000000,2.11807275
1745510400000,2.11878705
1745524800000,2.11962295
1745539200000,2.11934423
1745553600000,2.12003279
1745568000000,2.12123704
1745582400000,2.12239575
1745596800000,2.12317133
1745611200000,2.12393284
1745625600000,2.12442994
1745640000000,2.1259315
1745654400000,2.12652421
1745668800000,2.12755561
1745683200000,2.12820864
1745697600000,2.12877154
1745712000000,2.12911582
1745726400000,2.1296556
1745740800000,2.13056135
1745755200000,2.13261294
1745769600000,2.13550711
1745784000000,2.13839293
1745798400000,2.14082575
1745812800000,2.14426708
1745827200000,2.1473
1745841600000,2.15001726
1745856000000,2.15319133
1745870400000,2.15609002
1745884800000,2.15872431
1745899200000,2.16184711
1745913600000,2.16508293
1745928000000,2.16829705
1745942400000,2.17168427
1745956800000,2.17409277
1745971200000,2.17649436
1745985600000,2.17880869
1746000000000,2.1810658
1746014400000,2.18244576
1746028800000,2.18400574
1746043200000,2.18545437
1746057600000,2.1872015
1746072000000,2.1889658
1746086400000,2.19116139
1746100800000,2.19328284
1746115200000,2.19521713
1746129600000,2.19725704
1746144000000,2.19985867
1746158400000,2.20194292
1746172800000,2.20386291
1746187200000,2.20583868
1746201600000,2.20725703
1746216000000,2.20844007
1746230400000,2.20978284
1746244800000,2.21105289
1746259200000,2.21249008
1746273600000,2.21427417
1746288000000,2.21584868
1746302400000,2.21720147
1746316800000,2.21861005
1746331200000,2.21940422
1746345600000,2.21989012
1746360000000,2.21963573
1746374400000,2.21877718
1746388800000,2.21732426
1746403200000,2.21570563
1746417600000,2.2149744
1746432000000,2.21389437
1746446400000,2.21241283
1746460800000,2.21193719
1746475200000,2.21166563
1746489600000,2.2111342
1746504000000,2.20951724
1746518400000,2.20785713
1746532800000,2.20651007
1746547200000,2.20586562
1746561600000,2.20529008
1746576000000,2.20448136
1746590400000,2.20364285
1746604800000,2.20290852
1746619200000,2.20212865
1746633600000,2.20100141
1746648000000,2.19966292
1746662400000,2.19954562
1746676800000,2.19938993
1746691200000,2.1995244
1746705600000,2.2002728
1746720000000,2.20167708
1746734400000,2.2039001
1746748800000,2.20553565
1746763200000,2.20712709
1746777600000,2.20871997
1746792000000,2.21011138
1746806400000,2.2115314
1746820800000,2.21166849
1746835200000,2.21236992
1746849600000,2.21404147
1746864000000,2.21530437
1746878400000,2.21678138
1746892800000,2.21867704
1746907200000,2.22133708
1746921600000,2.22291851
1746936000000,2.2238071
1746950400000,2.22515154
1746964800000,2.22671437
1746979200000,2.22847724
1746993600000,2.23058152
1747008000000,2.23284578
1747022400000,2.23650575
1747036800000,2.24016142
1747051200000,2.24592137
1747065600000,2.25062561
1747080000000,2.25554419
1747094400000,2.25829005
1747108800000,2.26204991
1747123200000,2.26657724
1747137600000,2.27132583
1747152000000,2.27641726
1747166400000,2.28196144
1747180800000,2.28684425
1747195200000,2.29260564
1747209600000,2.29840422
1747224000000,2.30343008
1747238400000,2.30849719
1747252800000,2.31345439
1747267200000,2.31822991
1747281600000,2.32180142
1747296000000,2.3258543
1747310400000,2.32982564
1747324800000,2.33339429
1747339200000,2.33587861
1747353600000,2.33907151
1747368000000,2.34208012
1747382400000,2.34564853
1747396800000,2.3494699
1747411200000,2.35334563
1747425600000,2.35624862
1747440000000,2.35950279
1747454400000,2.36329865
1747468800000,2.3663156
1747483200000,2.36920714
1747497600000,2.37229419
1747512000000,2.37592864
1747526400000,2.37976289
1747540800000,2.38384295
1747555200000,2.38743138
1747569600000,2.39146852
1747584000000,2.39462996
1747598400000,2.3987186
1747612800000,2.4016614
1747627200000,2.40422153
1747641600000,2.40724564
1747656000000,2.41042566
1747670400000,2.4134686
1747684800000,2.41620851
1747699200000,2.41869283
1747713600000,2.42016864
1747728000000,2.4212029
1747742400000,2.42141151
1747756800000,2.42227149
1747771200000,2.42250991
1747785600000,2.42197275
1747800000000,2.42195296
1747814400000,2.42186427
1747828800000,2.42265296
1747843200000,2.42296863
1747857600000,2.42303991
1747872000000,2.42357278
1747886400000,2.42368293
1747900800000,2.42385721
1747915200000,2.42330575
1747929600000,2.42359853
1747944000000,2.4246943
1747958400000,2.42594862
1747972800000,2.42709279
1747987200000,2.42697144
1748001600000,2.42689276
1748016000000,2.42608142
1748030400000,2.42439866
1748044800000,2.42274141
1748059200000,2.41905713
1748073600000,2.4164629
1748088000000,2.41371274
1748102400000,2.41255426
1748116800000,2.41013718
1748131200000,2.40709281
1748145600000,2.40371561
1748160000000,2.39959288
1748174400000,2.3953743
1748188800000,2.39177847
1748203200000,2.3878057
1748217600000,2.38391852
1748232000000,2.38089275
1748246400000,2.37758851
1748260800000,2.37448716
1748275200000,2.37148571
1748289600000,2.36934853
1748304000000,2.36675858
1748318400000,2.36441994
1748332800000,2.36258435
1748347200000,2.36190724
1748361600000,2.36081719
1748376000000,2.35952139
1748390400000,2.35791564
1748404800000,2.35609436
1748419200000,2.35452151
1748433600000,2.35270858
1748448000000,2.35067153
1748462400000,2.34915853
1748476800000,2.34827852
1748491200000,2.3475244
1748505600000,2.34706283
1748520000000,2.34596562
1748534400000,2.34462428
1748548800000,2.34244418
1748563200000,2.34001279
1748577600000,2.33648133
1748592000000,2.33415723
1748606400000,2.3306601
1748620800000,2.32833147
1748635200000,2.3259542
1748649600000,2.3228972
1748664000000,2.31974721
1748678400000,2.31604004
1748692800000,2.31307006
1748707200000,2.31034994
1748721600000,2.30787849
1748736000000,2.30526423
1748750400000,2.30264139
1748764800000,2.29957294
1748779200000,2.29666281
1748793600000,2.29393864
1748808000000,2.29152012
1748822400000,2.28874135
1748836800000,2.28536725
1748851200000,2.28184295
1748865600000,2.27847147
1748880000000,2.27486563
1748894400000,2.27187848
1748908800000,2.26850295
1748923200000,2.26502991
1748937600000,2.2620542
1748952000000,2.2596457
1748966400000,2.25688577
1748980800000,2.25427723
1748995200000,2.25270009
1749009600000,2.25087285
1749024000000,2.2496314
1749038400000,2.24896002
1749052800000,2.24712563
1749067200000,2.2451942
1749081600000,2.24310136
1749096000000,2.24073434
1749110400000,2.23868418
1749124800000,2.23671722
1749139200000,2.23396707
1749153600000,2.23090434
1749168000000,2.22856998
1749182400000,2.22632718
1749196800000,2.22410989
1749211200000,2.22186565
1749225600000,2.21945143
1749240000000,2.21674275
1749254400000,2.21451139
1749268800000,2.21236992
1749283200000,2.21052289
1749297600000,2.20869994
1749312000000,2.20698714
1749326400000,2.20520425
1749340800000,2.20314431
1749355200000,2.20128417
1749369600000,2.19993997
1749384000000,2.19937849
1749398400000,2.19902277
1749412800000,2.19861293
1749427200000,2.19767284
1749441600000,2.19735575
1749456000000,2.19794989
1749470400000,2.19778132
1749484800000,2.19784427
1749499200000,2.19843006
1749513600000,2.19838285
1749528000000,2.1984899
1749542400000,2.19906998
1749556800000,2.1995244
1749571200000,2.20064712
1749585600000,2.20232439
1749600000000,2.20363569
1749614400000,2.20521426
1749628800000,2.20705009
1749643200000,2.20971704
1749657600000,2.2122314
1749672000000,2.21424723
1749686400000,2.21574426
1749700800000,2.21669865
1749715200000,2.21717715
1749729600000,2.21794868
1749744000000,2.21852136
1749758400000,2.21896863
1749772800000,2.21874714
1749787200000,2.21841288
1749801600000,2.21822286
1749816000000,2.2177701
1749830400000,2.21725988
1749844800000,2.2170229
1749859200000,2.21724582
1749873600000,2.21732426
1749888000000,2.21748281
1749902400000,2.21680713
1749916800000,2.21578145
1749931200000,2.21505141
1749945600000,2.21416712
1749960000000,2.21257281
1749974400000,2.21082997
1749988800000,2.20968437
1750003200000,2.20841718
1750017600000,2.20743847
1750032000000,2.20628142
1750046400000,2.20561862
1750060800000,2.20618439
1750075200000,2.20746136
1750089600000,2.20933437
1750104000000,2.21006846
1750118400000,2.21069717
1750132800000,2.21131563
1750147200000,2.21222997
1750161600000,2.2134614
1750176000000,2.21422577
1750190400000,2.21463275
1750204800000,2.2148757
1750219200000,2.21456575
1750233600000,2.21410275
1750248000000,2.21397853
1750262400000,2.21341991
1750276800000,2.21323562
1750291200000,2.21300149
1750305600000,2.21262288
1750320000000,2.21227717
1750334400000,2.21182847
1750348800000,2.21177435
1750363200000,2.21116424
1750377600000,2.20992136
1750392000000,2.20834565
1750406400000,2.2066958
1750420800000,2.20478725
1750435200000,2.20315719
1750449600000,2.20157433
1750464000000,2.19958854
1750478400000,2.19774437
1750492800000,2.19547439
1750507200000,2.19254994
1750521600000,2.18928576
1750536000000,2.1861372
1750550400000,2.18263006
1750564800000,2.17967153
1750579200000,2.17579722
1750593600000,2.17046428
1750608000000,2.1656971
1750622400000,2.16174436
1750636800000,2.15751576
1750651200000,2.15319133
1750665600000,2.14912152
1750680000000,2.14524865
1750694400000,2.14258003
1750708800000,2.14141989
1750723200000,2.14034724
1750737600000,2.13963151
1750752000000,2.13935137
1750766400000,2.13932705
1750780800000,2.1405015
1750795200000,2.14136291
1750809600000,2.14170575
1750824000000,2.14225006
1750838400000,2.14329147
1750852800000,2.14377999
1750867200000,2.14444709
1750881600000,2.14474154
1750896000000,2.14502001
1750910400000,2.14559579
1750924800000,2.14625716
1750939200000,2.14597988
1750953600000,2.14558005
1750968000000,2.14492702
1750982400000,2.1441586
1750996800000,2.1430285
1751011200000,2.14198422
1751025600000,2.14101863
1751040000000,2.13989711
1751054400000,2.13902426
1751068800000,2.13815284
1751083200000,2.13673139
1751097600000,2.13468003
1751112000000,2.13419151
1751126400000,2.13328719
1751140800000,2.13256288
1751155200000,2.13241434
1751169600000,2.13247991
1751184000000,2.13267136
1751198400000,2.13302135
1751212800000,2.13332582
1751227200000,2.13394713
1751241600000,2.13472867
1751256000000,2.13524151
1751270400000,2.13577437
1751284800000,2.1360929
1751299200000,2.1382885
1751313600000,2.13943005
1751328000000,2.14065289
1751342400000,2.14177704
1751356800000,2.14220715
1751371200000,2.14253998
1751385600000,2.14257431
1751400000000,2.14264703
1751414400000,2.14283705
1751428800000,2.14367151
1751443200000,2.14436579
1751457600000,2.14568281
1751472000000,2.14760566
1751486400000,2.14903712
1751500800000,2.15054154
1751515200000,2.15287137
1751529600000,2.15610576
1751544000000,2.15868282
1751558400000,2.16171718
1751572800000,2.16440868
1751587200000,2.16760564
1751601600000,2.17170286
1751616000000,2.17561293
1751630400000,2.17843866
1751644800000,2.18117857
1751659200000,2.18399858
1751673600000,2.18720722
1751688000000,2.19043279
1751702400000,2.19277859
1751716800000,2.19369721
1751731200000,2.19460869
1751745600000,2.19516993
1751760000000,2.19563293
1751774400000,2.1961956
1751788800000,2.19698
1751803200000,2.19823861
1751817600000,2.19947004
1751832000000,2.20069146
1751846400000,2.20178008
1751860800000,2.20308423
1751875200000,2.20419574
1751889600000,2.20639277
1751904000000,2.20787144
1751918400000,2.20902133
1751932800000,2.2103343
1751947200000,2.21255422
1751961600000,2.21497011
1751976000000,2.21755576
1751990400000,2.22063994
1752004800000,2.22385716
1752019200000,2.22689867
1752033600000,2.23024297
1752048000000,2.23435855
1752062400000,2.23778725
1752076800000,2.24116421
1752091200000,2.24421716
1752105600000,2.24747705
1752120000000,2.25081277
1752134400000,2.25463009
1752148800000,2.25847721
1752163200000,2.26300716
1752177600000,2.26820135
1752192000000,2.27364421
1752206400000,2.27930999
1752220800000,2.28561139
1752235200000,2.29379296
1752249600000,2.30327582
1752264000000,2.31110144
1752278400000,2.32002854
1752292800000,2.32826424
1752307200000,2.33522582
1752321600000,2.34159994
1752336000000,2.34875703
1752350400000,2.35612154
1752364800000,2.36422849
1752379200000,2.37296724
1752393600000,2.38199997
1752408000000,2.39152861
1752422400000,2.4009757
1752436800000,2.41018295
1752451200000,2.42091274
1752465600000,2.4315629
1752480000000,2.4417758
1752494400000,2.45199132
1752508800000,2.46183991
1752523200000,2.47155285
1752537600000,2.47948003
1752552000000,2.4882071
1752566400000,2.4972856
1752580800000,2.50636005
1752595200000,2.51516438
1752609600000,2.52517438
1752624000000,2.53471851
1752638400000,2.54496288
1752652800000,2.55559134
1752667200000,2.56642008
1752681600000,2.57835007
1752696000000,2.59000421
1752710400000,2.6015029
1752724800000,2.61487007
1752739200000,2.62989283
1752753600000,2.64473724
1752768000000,2.66036868
1752782400000,2.67833996
1752796800000,2.69759011
1752811200000,2.71449852
1752825600000,2.73204136
1752840000000,2.74785137
1752854400000,2.7644999
1752868800000,2.78082561
1752883200000,2.79752135
1752897600000,2.81364274
1752912000000,2.82929277
1752926400000,2.84561276
1752940800000,2.86236143
1752955200000,2.8788228
1752969600000,2.89516711
1752984000000,2.91172433
1752998400000,2.92859578
1753012800000,2.9458828
1753027200000,2.96336007
1753041600000,2.97940993
1753056000000,2.99510288
1753070400000,3.01209998
1753084800000,3.02804995
1753099200000,3.04525566
1753113600000,3.06137705
1753128000000,3.0773015
1753142400000,3.0923028
1753156800000,3.10692143
1753171200000,3.12150574
1753185600000,3.13528419
1753200000000,3.14878583
1753214400000,3.16270137
1753228800000,3.1750772
1753243200000,3.1849544
1753257600000,3.19342709
1753272000000,3.20184135
1753286400000,3.20731711
1753300800000,3.21325994
1753315200000,3.21875858
1753329600000,3.22437572
1753344000000,3.23052144
1753358400000,3.23746848
1753372800000,3.2437501
1753387200000,3.24868703
1753401600000,3.25269151
1753416000000,3.25605297
1753430400000,3.26016569
1753444800000,3.26303577
1753459200000,3.26507282
1753473600000,3.26773286
1753488000000,3.27009726
1753502400000,3.27306581
1753516800000,3.27672148
1753531200000,3.28006721
1753545600000,3.2849257
1753560000000,3.28938007
1753574400000,3.29356575
1753588800000,3.29782295
1753603200000,3.30232716
1753617600000,3.30610704
1753632000000,3.31044149
1753646400000,3.3148458
1753660800000,3.31937289
1753675200000,3.32360578
1753689600000,3.32624435
1753704000000,3.32794428
1753718400000,3.32985568
1753732800000,3.3293457
1753747200000,3.32754564
1753761600000,3.32638574
1753776000000,3.32389998
1753790400000,3.3183701
1753804800000,3.31137848
1753819200000,3.30662131
1753833600000,3.30155849
1753848000000,3.29787421
1753862400000,3.29237008
1753876800000,3.28848577
1753891200000,3.28342009
1753905600000,3.27812576
1753920000000,3.27448869
1753934400000,3.27081132
1753948800000,3.26677561
1753963200000,3.26209569
1753977600000,3.25665569
1753992000000,3.2506001
1754006400000,3.24339294
1754020800000,3.23532009
1754035200000,3.22736573
1754049600000,3.22148275
1754064000000,3.21481991
1754078400000,3.2060914
1754092800000,3.19816566
1754107200000,3.18935704
1754121600000,3.18065572
1754136000000,3.17034006
1754150400000,3.16000009
1754164800000,3.1498785
1754179200000,3.14007139
1754193600000,3.13081288
1754208000000,3.12148142
1754222400000,3.11205578
1754236800000,3.10376287
1754251200000,3.09628439
1754265600000,3.08979154
1754280000000,3.08532715
1754294400000,3.08255863
1754308800000,3.0803442
1754323200000,3.07828712
1754337600000,3.07822418
1754352000000,3.07636142
1754366400000,3.07318997
1754380800000,3.07111144
1754395200000,3.06862283
1754409600000,3.06685996
1754424000000,3.06525135
1754438400000,3.0620985
1754452800000,3.0609386
1754467200000,3.05915856
1754481600000,3.05715418
1754496000000,3.05523276
1754510400000,3.05286002
1754524800000,3.04971719
1754539200000,3.0469501
1754553600000,3.04534435
1754568000000,3.04385281
1754582400000,3.04243565
1754596800000,3.04427862
1754611200000,3.04707432
1754625600000,3.04948854
1754640000000,3.05129576
1754654400000,3.05102992
1754668800000,3.0519886
1754683200000,3.05215001
1754697600000,3.05280852
1754712000000,3.05512857
1754726400000,3.05726719
1754740800000,3.05941296
1754755200000,3.0611999
1754769600000,3.06192136
1754784000000,3.06366134
1754798400000,3.06492281
1754812800000,3.0659399
1754827200000,3.06675577
1754841600000,3.06774282
1754856000000,3.06870437
1754870400000,3.07176423
1754884800000,3.07320714
1754899200000,3.07488704
1754913600000,3.07647705
1754928000000,3.07660007
1754942400000,3.07623291
1754956800000,3.07617426
1754971200000,3.07696867
1754985600000,3.07829285
1755000000000,3.08102274
1755014400000,3.08519006
1755028800000,3.08966565
1755043200000,3.09355569
1755057600000,3.0963757
1755072000000,3.10028005
1755086400000,3.10452151
1755100800000,3.10876131
1755115200000,3.11282992
1755129600000,3.11839008
1755144000000,3.1245029
1755158400000,3.13078427
1755172800000,3.13543868
1755187200000,3.13876438
1755201600000,3.1418314
1755216000000,3.14537287
1755230400000,3.14855719
1755244800000,3.15134859
1755259200000,3.15248275
1755273600000,3.15343142
1755288000000,3.15438724
1755302400000,3.1560514
1755316800000,3.1573844
1755331200000,3.15820003
1755345600000,3.15865993
1755360000000,3.15953422
1755374400000,3.16096997
1755388800000,3.16176295
1755403200000,3.16384721
1755417600000,3.16644287
1755432000000,3.16904855
1755446400000,3.17154145
1755460800000,3.17340851
1755475200000,3.17401719
1755489600000,3.1734457
1755504000000,3.17277861
1755518400000,3.17312431
1755532800000,3.17475724
1755547200000,3.17564297
1755561600000,3.17437434
1755576000000,3.17354274
1755590400000,3.17231846
1755604800000,3.16674423
1755619200000,3.15960288
1755633600000,3.15252566
1755648000000,3.14610004
1755662400000,3.14103723
1755676800000,3.13461709
1755691200000,3.12916279
1755705600000,3.12484002
1755720000000,3.11954713
1755734400000,3.11411428
1755748800000,3.10891008
1755763200000,3.10372281
1755777600000,3.09887576
1755792000000,3.09330153
1755806400000,3.08850861
1755820800000,3.08337712
1755835200000,3.07872581
1755849600000,3.0729785
1755864000000,3.07054138
1755878400000,3.06779575
1755892800000,3.06536722
1755907200000,3.06221294
1755921600000,3.06013703
1755936000000,3.05864429
1755950400000,3.05707002
1755964800000,3.05537581
1755979200000,3.0538528
1755993600000,3.0524714
1756008000000,3.04994988
1756022400000,3.04594278
1756036800000,3.04231572
1756051200000,3.03935719
1756065600000,3.03629279
1756080000000,3.03250861
1756094400000,3.0279572
1756108800000,3.0231514
1756123200000,3.01853275
1756137600000,3.0120542
1756152000000,3.0063386
1756166400000,3.00155854
1756180800000,2.99901009
1756195200000,2.99662566
1756209600000,2.99453139
1756224000000,2.99372721
1756238400000,2.99222851
1756252800000,2.99070144
1756267200000,2.99023008
1756281600000,2.98928142
1756296000000,2.98839855
1756310400000,2.98692131
1756324800000,2.98470998
1756339200000,2.98294997
1756353600000,2.98152566
1756368000000,2.98021865
1756382400000,2.97845864
1756396800000,2.97595
1756411200000,2.97379422
1756425600000,2.9710815
1756440000000,2.96716428
1756454400000,2.96412992
1756468800000,2.96052289
1756483200000,2.95801997
1756497600000,2.95596004
1756512000000,2.95379996
1756526400000,2.95117998
1756540800000,2.94728851
1756555200000,2.94363999
1756569600000,2.94106293
1756584000000,2.93840289
1756598400000,2.9360714
1756612800000,2.93464279
1756627200000,2.93389869
1756641600000,2.93335867
1756656000000,2.93212581
1756670400000,2.93082142
1756684800000,2.92871857
1756699200000,2.92713571
1756713600000,2.92400432
1756728000000,2.9213028
1756742400000,2.91906285
1756756800000,2.91691995
1756771200000,2.91543722
1756785600000,2.91412139
1756800000000,2.9131372
1756814400000,2.91226864
1756828800000,2.91218996
1756843200000,2.91222143
1756857600000,2.91273999
1756872000000,2.90994
1756886400000,2.90684152
1756900800000,2.90394282
1756915200000,2.90208864
1756929600000,2.89895153
1756944000000,2.89609432
1756958400000,2.89331293
1756972800000,2.89061856
1756987200000,2.88720417
1757001600000,2.88336706
1757016000000,2.87991142
1757030400000,2.8770299
1757044800000,2.87458849
1757059200000,2.87185144
1757073600000,2.86882138
1757088000000,2.86656857
1757102400000,2.86478424
1757116800000,2.86312437
1757131200000,2.86121845
1757145600000,2.86021566
1757160000000,2.8594172
1757174400000,2.85812426
1757188800000,2.85659146
1757203200000,2.85545993
1757217600000,2.85400581
1757232000000,2.85072994
1757246400000,2.84912276
1757260800000,2.8470943
1757275200000,2.8454299
1757289600000,2.84385848
1757304000000,2.84234715
1757318400000,2.84136009
1757332800000,2.84160423
1757347200000,2.84156418
1757361600000,2.84108281
1757376000000,2.84025574
1757390400000,2.84081578
1757404800000,2.8416872
1757419200000,2.84140563
1757433600000,2.84178424
1757448000000,2.84288001
1757462400000,2.84410858
1757476800000,2.84621
1757491200000,2.84845567
1757505600000,2.8510828
1757520000000,2.85345292
1757534400000,2.8556242
1757548800000,2.85848427
1757563200000,2.86129427
1757577600000,2.86411715
1757592000000,2.86664295
1757606400000,2.86911988
1757620800000,2.87212992
1757635200000,2.87518001
1757649600000,2.87867713
1757664000000,2.88209295
1757678400000,2.8856914
1757692800000,2.89066577
1757707200000,2.89513135
1757721600000,2.90006137
1757736000000,2.90513849
1757750400000,2.91086149
1757764800000,2.91623855
1757779200000,2.92071724
1757793600000,2.92536426
1757808000000,2.92959428
1757822400000,2.93379283
1757836800000,2.93711424
1757851200000,2.93954134
1757865600000,2.9423542
1757880000000,2.94532132
1757894400000,2.9480629
1757908800000,2.95022988
1757923200000,2.95215011
1757937600000,2.95477152
1757952000000,2.95681572
1757966400000,2.95927143
1757980800000,2.96123719
1757995200000,2.96406293
1758009600000,2.9675529
1758024000000,2.97105145
1758038400000,2.97453856
1758052800000,2.97730422
1758067200000,2.97976851
1758081600000,2.98291135
1758096000000,2.98496437
1758110400000,2.98794007
1758124800000,2.99087286
1758139200000,2.99464846
1758153600000,2.99894428
1758168000000,3.00310421
1758182400000,3.0080142
1758196800000,3.01235723
1758211200000,3.01643133
1758225600000,3.01989579
1758240000000,3.02298284
1758254400000,3.02495861
1758268800000,3.0273571
1758283200000,3.02926421
1758297600000,3.03065419
1758312000000,3.03178716
1758326400000,3.03257704
1758340800000,3.03289866
1758355200000,3.03303719
1758369600000,3.03331423
1758384000000,3.03366423
1758398400000,3.03301001
1758412800000,3.0329144
1758427200000,3.03363419
1758441600000,3.03378582
1758456000000,3.03425288
1758470400000,3.03452563
1758484800000,3.03435993
1758499200000,3.03340006
1758513600000,3.03057575
1758528000000,3.02824712
1758542400000,3.02646852
1758556800000,3.02394295
1758571200000,3.02177858
1758585600000,3.01966
1758600000000,3.01779008
1758614400000,3.01538706
1758628800000,3.01305151
1758643200000,3.0104115
1758657600000,3.00694132
1758672000000,3.00371432
1758686400000,3.00151134
1758700800000,2.99851274
1758715200000,2.99613428
1758729600000,2.99416137
1758744000000,2.99141431
1758758400000,2.98711705
1758772800000,2.98292708
1758787200000,2.97868848
1758801600000,2.97456145
1758816000000,2.96976852
1758830400000,2.96488857
1758844800000,2.96061993
1758859200000,2.95666718
1758873600000,2.95222569
1758888000000,2.94803715
1758902400000,2.94437146
1758916800000,2.9409399
1758931200000,2.93786001
1758945600000,2.93434
1758960000000,2.93133998
1758974400000,2.92829704
1758988800000,2.92558575
1759003200000,2.92267418
1759017600000,2.91915298
1759032000000,2.91555572
1759046400000,2.91162562
1759060800000,2.90838861
1759075200000,2.90568566
1759089600000,2.90330434
1759104000000,2.90123296
1759118400000,2.89929581
1759132800000,2.89676428
1759147200000,2.89402866
1759161600000,2.89104438
1759176000000,2.88799715
1759190400000,2.88424993
1759204800000,2.88083148
1759219200000,2.87710571
1759233600000,2.87359858
1759248000000,2.87097287
1759262400000,2.86823869
1759276800000,2.8652215
1759291200000,2.86298561
1759305600000,2.8623929
1759320000000,2.86170435
1759334400000,2.86118865
1759348800000,2.86033726
1759363200000,2.86010289
1759377600000,2.85983133
1759392000000,2.85980296
1759406400000,2.86005998
1759420800000,2.86138582
1759435200000,2.86198139
1759449600000,2.86263132
1759464000000,2.86341715
1759478400000,2.86422706
1759492800000,2.86564136
1759507200000,2.86752152
1759521600000,2.87089562
1759536000000,2.87387991
1759550400000,2.87616992
1759564800000,2.87844133
1759579200000,2.87985992
1759593600000,2.88117862
1759608000000,2.88268995
1759622400000,2.88484573
1759636800000,2.88754582
1759651200000,2.88998294
1759665600000,2.89268994
1759680000000,2.89470434
1759694400000,2.8960886
1759708800000,2.89750004
1759723200000,2.89799428
1759737600000,2.89827418
1759752000000,2.89979148
1759766400000,2.90197706
1759780800000,2.90408564
1759795200000,2.90653563
1759809600000,2.9085629
1759824000000,2.91156864
1759838400000,2.91358995
1759852800000,2.91496134
1759867200000,2.91634011
1759881600000,2.91803861
1759896000000,2.91978574
1759910400000,2.92099142
1759924800000,2.92216849
1759939200000,2.92396712
1759953600000,2.92538142
1759968000000,2.92633867
1759982400000,2.92681289
1759996800000,2.92734289
1760011200000,2.92731285
1760025600000,2.9274056
1760040000000,2.92761707
1760054400000,2.92813993
1760068800000,2.92803144
1760083200000,2.9279058
1760097600000,2.92610002
1760112000000,2.92341995
1760126400000,2.91607571
1760140800000,2.90951848
1760155200000,2.90263438
1760169600000,2.89662719
1760184000000,2.89089131
1760198400000,2.8842299
1760212800000,2.8771944
1760227200000,2.86998439
1760241600000,2.86372566
1760256000000,2.85705853
1760270400000,2.85193706
1760284800000,2.84805012
1760299200000,2.84339714
1760313600000,2.83777571
1760328000000,2.83319855
1760342400000,2.82767582
1760356800000,2.82250571
1760371200000,2.81753421
1760385600000,2.81230998
1760400000000,2.8064115
1760414400000,2.79868722
1760428800000,2.78955579
1760443200000,2.7818172
1760457600000,2.77413726
1760472000000,2.76654434
1760486400000,2.75868154
1760500800000,2.7506485
1760515200000,2.74289846
1760529600000,2.73421144
1760544000000,2.72536993
1760558400000,2.71667719
1760572800000,2.70848131
1760587200000,2.70074582
1760601600000,2.6936028
1760616000000,2.68482137
1760630400000,2.67508149
1760644800000,2.6645472
1760659200000,2.65505147
1760673600000,2.64398289
1760688000000,2.63438582
1760702400000,2.62482429
1760716800000,2.61508274
1760731200000,2.6053586
1760745600000,2.59595704
1760760000000,2.58627582
1760774400000,2.57703137
1760788800000,2.56787705
1760803200000,2.55902863
1760817600000,2.55026865
1760832000000,2.54167151
1760846400000,2.53400707
1760860800000,2.5271256
1760875200000,2.52068853
1760889600000,2.51429582
1760904000000,2.50763011
1760918400000,2.50130868
1760932800000,2.49566007
1760947200000,2.48920703
1760961600000,2.48324561
1760976000000,2.47866583
1760990400000,2.47406435
1761004800000,2.46873426
1761019200000,2.46336436
1761033600000,2.45826006
1761048000000,2.45426297
1761062400000,2.4496944
1761076800000,2.44424295
1761091200000,2.43855572
1761105600000,2.43381286
1761120000000,2.42981577
1761134400000,2.43020868
1761148800000,2.42992139
1761163200000,2.42925
1761177600000,2.42785001
1761192000000,2.42684579
1761206400000,2.42658997
1761220800000,2.42697144
1761235200000,2.42790008
1761249600000,2.42797422
1761264000000,2.42811275
1761278400000,2.42743278
1761292800000,2.42613149
1761307200000,2.42542577
1761321600000,2.42471004
1761336000000,2.4231329
1761350400000,2.42272139
1761364800000,2.42207718
1761379200000,2.42120862
1761393600000,2.42110562
1761408000000,2.42175579
1761422400000,2.42380857
1761436800000,2.4259572
1761451200000,2.42776704
1761465600000,2.43009853
1761480000000,2.43206716
1761494400000,2.43388009
1761508800000,2.43587279
1761523200000,2.43791294
1761537600000,2.44072294
1761552000000,2.44387579
1761566400000,2.44745708
1761580800000,2.45105147
1761595200000,2.4542501
1761609600000,2.45680857
1761624000000,2.46085143
1761638400000,2.46534276
1761652800000,2.46973276
1761667200000,2.47378564
1761681600000,2.47898865
1761696000000,2.48363996
1761710400000,2.48839283
1761724800000,2.49343419
1761739200000,2.49818707
1761753600000,2.50174427
1761768000000,2.50453997
1761782400000,2.50739861
1761796800000,2.51075721
1761811200000,2.51328421
1761825600000,2.51462579
1761840000000,2.51486707
1761854400000,2.51617002
1761868800000,2.51753712
1761883200000,2.51859713
1761897600000,2.5202415
1761912000000,2.5221386
1761926400000,2.52371144
1761940800000,2.5242672
1761955200000,2.52510285
1761969600000,2.5257256
1761984000000,2.52538991
1761998400000,2.52548718
1762012800000,2.52624702
1762027200000,2.52738142
1762041600000,2.5284586
1762056000000,2.52863002
1762070400000,2.52932286
1762084800000,2.5304358
1762099200000,2.5314014
1762113600000,2.53307295
1762128000000,2.53354287
1762142400000,2.53373146
1762156800000,2.53410435
1762171200000,2.5335815
1762185600000,2.53279996
1762200000000,2.53138852
1762214400000,2.53088856
1762228800000,2.5285356
1762243200000,2.5267415
1762257600000,2.52514291
1762272000000,2.52175999
1762286400000,2.51839423
1762300800000,2.51527143
1762315200000,2.51194286
1762329600000,2.50816703
1762344000000,2.50481868
1762358400000,2.50170708
1762372800000,2.4988656
1762387200000,2.49593711
1762401600000,2.49205136
1762416000000,2.4876914
1762430400000,2.48252296
1762444800000,2.47693849
1762459200000,2.47106862
1762473600000,2.46510434
1762488000000,2.45928431
1762502400000,2.45317864
1762516800000,2.44698715
1762531200000,2.44294858
1762545600000,2.43846011
1762560000000,2.43406439
1762574400000,2.42922139
1762588800000,2.42388153
1762603200000,2.41848421
1762617600000,2.41336703
1762632000000,2.4083457
1762646400000,2.40281296
1762660800000,2.39796138
1762675200000,2.39270997
1762689600000,2.38858294
1762704000000,2.3848772
1762718400000,2.38105583
1762732800000,2.37837005
1762747200000,2.37629294
1762761600000,2.37564421
1762776000000,2.37537432
1762790400000,2.37494707
1762804800000,2.37412
1762819200000,2.37391996
1762833600000,2.37383437
1762848000000,2.37490153
1762862400000,2.3748672
1762876800000,2.3740828
1762891200000,2.37288284
1762905600000,2.37124276
1762920000000,2.36909723
1762934400000,2.36758852
1762948800000,2.36557722
1762963200000,2.3630271
1762977600000,2.36133146
1762992000000,2.36109138
1763006400000,2.3608942
1763020800000,2.36074281
1763035200000,2.35971713
1763049600000,2.35697293
1763064000000,2.35393715
1763078400000,2.35070419
1763092800000,2.34795427
1763107200000,2.34482002
1763121600000,2.34176421
1763136000000,2.34009576
1763150400000,2.33767009
1763164800000,2.33614135
1763179200000,2.33554006
1763193600000,2.33459282
1763208000000,2.33381581
1763222400000,2.33238864
1763236800000,2.33229566
1763251200000,2.33185863
1763265600000,2.33162999
1763280000000,2.33256721
1763294400000,2.33230853
1763308800000,2.33201718
1763323200000,2.33157134
1763337600000,2.33187294
1763352000000,2.33170152
1763366400000,2.33099151
1763380800000,2.32907438
1763395200000,2.32575846
1763409600000,2.3234458
1763424000000,2.32151723
1763438400000,2.32048154
1763452800000,2.32009721
1763467200000,2.32011008
1763481600000,2.32010436
1763496000000,2.31987572
1763510400000,2.31984425
1763524800000,2.31920862
1763539200000,2.31604719
1763553600000,2.31275439
1763568000000,2.30873418
1763582400000,2.30569291
1763596800000,2.30338717
1763611200000,2.30174422
1763625600000,2.29951
1763640000000,2.29663849
1763654400000,2.29312277
1763668800000,2.28890133
1763683200000,2.2846899
1763697600000,2.27905154
1763712000000,2.27229857
1763726400000,2.26579714
1763740800000,2.25845861
1763755200000,2.25089002
1763769600000,2.2424171
1763784000000,2.2341671
1763798400000,2.22514582
1763812800000,2.21662855
1763827200000,2.20802426
1763841600000,2.20092869
1763856000000,2.19478846
1763870400000,2.1889286
1763884800000,2.18343282
1763899200000,2.17874432
1763913600000,2.17410994
1763928000000,2.16947579
1763942400000,2.16445136
1763956800000,2.16009283
1763971200000,2.15611148
1763985600000,2.15186715
1764000000000,2.14830709
1764014400000,2.14459705
1764028800000,2.14098573
1764043200000,2.13788152
1764057600000,2.13617849
1764072000000,2.13427424
1764086400000,2.13222575
1764100800000,2.13072705
1764115200000,2.12941003
1764129600000,2.12788296
1764144000000,2.12587142
1764158400000,2.12485433
1764172800000,2.12396717
1764187200000,2.12307572
1764201600000,2.12238717
1764216000000,2.12167287
1764230400000,2.12071276
1764244800000,2.12021852
1764259200000,2.11983991
1764273600000,2.11888433
1764288000000,2.11817431
1764302400000,2.1183157
1764316800000,2.11802292
1764331200000,2.1184628
1764345600000,2.11745858
1764360000000,2.11624002
1764374400000,2.11499858
1764388800000,2.11458564
1764403200000,2.11579275
1764417600000,2.11657286
1764432000000,2.11698294
1764446400000,2.11754417
1764460800000,2.11786151
1764475200000,2.11765146
1764489600000,2.11707282
1764504000000,2.11677432
1764518400000,2.11697865
1764532800000,2.11678863
1764547200000,2.11562848
1764561600000,2.11521006
1764576000000,2.11516571
1764590400000,2.11370707
1764604800000,2.11171293
1764619200000,2.11012149
1764633600000,2.10875726
1764648000000,2.10778427
1764662400000,2.10819721
1764676800000,2.11041284
1764691200000,2.1131928
1764705600000,2.11653566
1764720000000,2.12082291
1764734400000,2.12483144
1764748800000,2.1280942
1764763200000,2.13120866
1764777600000,2.13460422
1764792000000,2.1380899
1764806400000,2.14205575
1764820800000,2.14552712
1764835200000,2.14872146
1764849600000,2.1516099
1764864000000,2.15256429
1764878400000,2.15355706
1764892800000,2.15441418
1764907200000,2.15484285
1764921600000,2.15475726
1764936000000,2.15513992
1764950400000,2.15444136
1764964800000,2.15403152
1764979200000,2.15374565
1764993600000,2.15288424
1765008000000,2.14999008
1765022400000,2.14715576
1765036800000,2.14404726
1765051200000,2.14139867
1765065600000,2.13957715
1765080000000,2.13732147
1765094400000,2.1353457
1765108800000,2.13320279
1765123200000,2.1319344
1765137600000,2.12962008
1765152000000,2.12819862
1765166400000,2.12697005
1765180800000,2.12493992
1765195200000,2.12284136
1765209600000,2.12095714
1765224000000,2.11906576
1765238400000,2.11736155
1765252800000,2.11534858
1765267200000,2.11314011
1765281600000,2.11193991
1765296000000,2.11119294
1765310400000,2.10990143
1765324800000,2.1082871
1765339200000,2.10598421
1765353600000,2.10433292
1765368000000,2.10264993
1765382400000,2.10097289
1765396800000,2.09899569
1765411200000,2.09596276
1765425600000,2.09293866
1765440000000,2.09027863
1765454400000,2.08736706
1765468800000,2.08458424
1765483200000,2.08222866
1765497600000,2.0799942
1765512000000,2.07771993
1765526400000,2.07547569
1765540800000,2.07295418
1765555200000,2.07228422
1765569600000,2.07158709
1765584000000,2.07142282
1765598400000,2.07172704
1765612800000,2.07228279
1765627200000,2.0722928
1765641600000,2.07227278
1765656000000,2.07234859
1765670400000,2.07217002
1765684800000,2.07022715
1765699200000,2.06775141
1765713600000,2.06543279
1765728000000,2.06274581
1765742400000,2.05969429
1765756800000,2.05710292
1765771200000,2.05461001
1765785600000,2.05177569
1765800000000,2.04788995
1765814400000,2.04362154
1765828800000,2.03970003
1765843200000,2.03572011
1765857600000,2.03175998
1765872000000,2.02924275
1765886400000,2.02702284
1765900800000,2.02467275
1765915200000,2.0223372
1765929600000,2.0202899
1765944000000,2.01811433
1765958400000,2.01634288
1765972800000,2.01458001
1765987200000,2.01209569
1766001600000,2.00970292
1766016000000,2.00718856
1766030400000,2.00450134
1766044800000,2.00240135
1766059200000,2.00081992
1766073600000,1.99708283
1766088000000,1.9938972
1766102400000,1.99113572
1766116800000,1.98849571
1766131200000,1.98539281
1766145600000,1.98299861
1766160000000,1.9806571
1766174400000,1.97812569
1766188800000,1.97546005
1766203200000,1.97314429
1766217600000,1.97122717
1766232000000,1.96906996
1766246400000,1.96700287
1766260800000,1.96517003
1766275200000,1.96318281
1766289600000,1.96045709
1766304000000,1.95760858
1766318400000,1.95472574
1766332800000,1.95236433
1766347200000,1.95005
1766361600000,1.94789004
1766376000000,1.94597423
1766390400000,1.94407856
1766404800000,1.94254994
1766419200000,1.94116282
1766433600000,1.93970716
1766448000000,1.93806291
1766462400000,1.93640852
1766476800000,1.9348886
1766491200000,1.93271148
1766505600000,1.93058431
1766520000000,1.9282428
1766534400000,1.92566288
1766548800000,1.92389715
1766563200000,1.92198002
1766577600000,1.91992569
1766592000000,1.91763282
1766606400000,1.91525996
1766620800000,1.91292572
1766635200000,1.91070426
1766649600000,1.90841711
1766664000000,1.90642858
1766678400000,1.90427566
1766692800000,1.90161288
1766707200000,1.89966714
1766721600000,1.8978529
1766736000000,1.89618719
1766750400000,1.89418006
1766764800000,1.89205003
1766779200000,1.88989568
1766793600000,1.88795137
1766808000000,1.88685
1766822400000,1.88621283
1766836800000,1.88552141
1766851200000,1.88528287
1766865600000,1.88525283
1766880000000,1.88459432
1766894400000,1.88364005
1766908800000,1.88286853
1766923200000,1.88202143
1766937600000,1.88104713
1766952000000,1.88021863
1766966400000,1.88023996
1766980800000,1.8801043
1766995200000,1.88020575
1767009600000,1.88024426
1767024000000,1.88020861
1767038400000,1.88033998
1767052800000,1.88009143
1767067200000,1.87924147
1767081600000,1.88003719
1767096000000,1.88103569
1767110400000,1.88155568
1767124800000,1.88170147
1767139200000,1.88172567
1767153600000,1.88168287
1767168000000,1.88126719
1767182400000,1.88055289
1767196800000,1.87947714
1767211200000,1.8784529
1767225600000,1.87689567
1767240000000,1.87576711
1767254400000,1.87477291
1767268800000,1.87376714
1767283200000,1.87296712
1767297600000,1.87232006
1767312000000,1.87167716
1767326400000,1.87120855
1767340800000,1.87083006
1767355200000,1.8707757
1767369600000,1.87180424
1767384000000,1.8729471
1767398400000,1.87444711
1767412800000,1.87530005
1767427200000,1.87669003
1767441600000,1.87814283
1767456000000,1.87978148
1767470400000,1.88173854
1767484800000,1.88391709
1767499200000,1.88663995
1767513600000,1.88967288
1767528000000,1.89277852
1767542400000,1.89596283
1767556800000,1.89933288
1767571200000,1.90324569
1767585600000,1.90710568
1767600000000,1.91098428
1767614400000,1.91530716
1767628800000,1.92113709
1767643200000,1.92790139
1767657600000,1.93542719
1767672000000,1.94181716
1767686400000,1.94901288
1767700800000,1.95638573
1767715200000,1.96157432
1767729600000,1.96785283
1767744000000,1.97350001
1767758400000,1.97981858
1767772800000,1.98559284
1767787200000,1.9906143
1767801600000,1.99549568
1767816000000,2.00002861
1767830400000,2.00429153
1767844800000,2.00814867
1767859200000,2.01152277
1767873600000,2.0151329
1767888000000,2.01885867
1767902400000,2.02241707
1767916800000,2.0261786
1767931200000,2.02975154
1767945600000,2.03326297
1767960000000,2.03686428
1767974400000,2.03926706
1767988800000,2.0420444
1768003200000,2.04517293
1768017600000,2.04853439
1768032000000,2.05210137
1768046400000,2.05556011
1768060800000,2.05890012
1768075200000,2.06218863
1768089600000,2.06552291
1768104000000,2.06859565
1768118400000,2.07173705
1768132800000,2.07476425
1768147200000,2.07783008
1768161600000,2.08070564
1768176000000,2.08362293
1768190400000,2.0863986
1768204800000,2.08953428
1768219200000,2.09313154
1768233600000,2.09648848
1768248000000,2.09950709
1768262400000,2.10228848
1768276800000,2.10501432
1768291200000,2.1076858
1768305600000,2.11080861
1768320000000,2.11438847
1768334400000,2.11858153
1768348800000,2.12276292
1768363200000,2.12605143
1768377600000,2.12781143
1768392000000,2.12994576
1768406400000,2.1314528
1768420800000,2.13352704
1768435200000,2.13479567
1768449600000,2.13615417
1768464000000,2.13764715
1768478400000,2.13875437
1768492800000,2.13886714
1768507200000,2.13895845
1768521600000,2.13852859
1768536000000,2.13827848
1768550400000,2.13800144
1768564800000,2.13717294
1768579200000,2.13591862
1768593600000,2.13497853
1768608000000,2.13387275
1768622400000,2.13234568
1768636800000,2.12925148
1768651200000,2.12544703
1768665600000,2.12098432
1768680000000,2.1171701
1768694400000,2.11262298
1768708800000,2.10838723
1768723200000,2.10591149
1768737600000,2.10229421
1768752000000,2.09925008
1768766400000,2.09512424
1768780800000,2.09107852
1768795200000,2.0877614
1768809600000,2.08460855
1768824000000,2.08197999
1768838400000,2.08003283
1768852800000,2.07812572
1768867200000,2.07626724
1768881600000,2.07374001
1768896000000,2.07078862
1768910400000,2.06785703
1768924800000,2.0645299
1768939200000,2.0612371
1768953600000,2.05838132
1768968000000,2.05541849
1768982400000,2.05265713
1768996800000,2.05068707
1769011200000,2.04901147
1769025600000,2.04682708
1769040000000,2.04460859
1769054400000,2.04253864
1769068800000,2.04038286
1769083200000,2.03786135
1769097600000,2.03553438
1769112000000,2.03311992
1769126400000,2.03054285
1769140800000,2.02803564
1769155200000,2.02556562
1769169600000,2.02338862
1769184000000,2.02111292
1769198400000,2.01920009
1769212800000,2.01741719
1769227200000,2.01491714
1769241600000,2.01273417
1769256000000,2.01072574
1769270400000,2.00881577
1769284800000,2.00682712
1769299200000,2.00453568
1769313600000,2.00162864
1769328000000,1.99824142
1769342400000,1.99427569
1769356800000,1.98904574
1769371200000,1.98457289
1769385600000,1.98106003
1769400000000,1.97713423
1769414400000,1.97350144
1769428800000,1.97044861
1769443200000,1.96787
1769457600000,1.96504998
1769472000000,1.96216571
1769486400000,1.9593643
1769500800000,1.9568429
1769515200000,1.95419717
1769529600000,1.95194423
1769544000000,1.94969428
1769558400000,1.94735718
1769572800000,1.94569433
1769587200000,1.9440757
1769601600000,1.9417814
1769616000000,1.93982995
1769630400000,1.93772995
1769644800000,1.9350729
1769659200000,1.93227291
1769673600000,1.92938137
1769688000000,1.92562711
1769702400000,1.92177713
1769716800000,1.91827857
1769731200000,1.91389143
1769745600000,1.90971994
1769760000000,1.90566003
1769774400000,1.90234005
1769788800000,1.89954853
1769803200000,1.89628708
1769817600000,1.89302576
1769832000000,1.88927996
1769846400000,1.88483143
1769860800000,1.87981999
1769875200000,1.87440002
1769889600000,1.87008142
1769904000000,1.86633289
1769918400000,1.86264288
1769932800000,1.8590343
1769947200000,1.85483003
1769961600000,1.85050285
1769976000000,1.84594429
1769990400000,1.84153569
1770004800000,1.83613145
1770019200000,1.83110142
1770033600000,1.82674289
1770048000000,1.82214856
1770062400000,1.81745994
1770076800000,1.81274569
1770091200000,1.80850434
1770105600000,1.80379713
1770120000000,1.79943717
1770134400000,1.79465568
1770148800000,1.78987288
1770163200000,1.78538144
1770177600000,1.78086281
1770192000000,1.77613139
1770206400000,1.77076137
1770220800000,1.76549423
1770235200000,1.75968289
1770249600000,1.75292289
1770264000000,1.74606144
1770278400000,1.73819423
1770292800000,1.72937143
1770307200000,1.7195586
1770321600000,1.7098428
1770336000000,1.70081139
1770350400000,1.69230855
1770364800000,1.68588138
1770379200000,1.68127573
1770393600000,1.67537427
1770408000000,1.66948283
1770422400000,1.6635114
1770436800000,1.65619719
1770451200000,1.64884138
1770465600000,1.64179575
1770480000000,1.63495433
1770494400000,1.62814999
1770508800000,1.62140858
1770523200000,1.61465859
1770537600000,1.6081686
1770552000000,1.60137284
1770566400000,1.59492433
1770580800000,1.58799148
1770595200000,1.58099711
1770609600000,1.57411289
1770624000000,1.56659997
1770638400000,1.5599643
1770652800000,1.55392432
1770667200000,1.54751718
1770681600000,1.54128861
1770696000000,1.53587997
1770710400000,1.53043139
1770724800000,1.52471137
1770739200000,1.51976001
1770753600000,1.5146414
1770768000000,1.50942576
1770782400000,1.50382566
1770796800000,1.49821997
1770811200000,1.49278426
1770825600000,1.48756719
1770840000000,1.48257852
1770854400000,1.47791576
1770868800000,1.47430146
1770883200000,1.47171855
1770897600000,1.46784425
1770912000000,1.46353567
1770926400000,1.45931423
1770940800000,1.45525146
1770955200000,1.45180571
1770969600000,1.44849575
1770984000000,1.44583285
1770998400000,1.44340575
1771012800000,1.44094288
1771027200000,1.43801713
1771041600000,1.4348743
1771056000000,1.43266571
1771070400000,1.43051577
1771084800000,1.4288671
1771099200000,1.42732143
1771113600000,1.42623568
1771128000000,1.42667282
1771142400000,1.42640853
1771156800000,1.42561424
1771171200000,1.4235357
1771185600000,1.42167139
1771200000000,1.41980147
1771214400000,1.41862714
1771228800000,1.41761148
1771243200000,1.41707146
1771257600000,1.4175272
1771272000000,1.41831148
1771286400000,1.41998577
1771300800000,1.42250431
1771315200000,1.42592144
1771329600000,1.42938709
1771344000000,1.43246853
1771358400000,1.43506718
1771372800000,1.43665719
1771387200000,1.43628716
1771401600000,1.43642998
1771416000000,1.43653429
1771430400000,1.43581569
1771444800000,1.4359386
1771459200000,1.43645573
1771473600000,1.43676996
1771488000000,1.4364686
1771502400000,1.4361043
1771516800000,1.4360429
1771531200000,1.43584573
1771545600000,1.43527853
1771560000000,1.43498576
1771574400000,1.43435287
1771588800000,1.43432856
1771603200000,1.43392575
1771617600000,1.43397999
1771632000000,1.43444717
1771646400000,1.43422568
1771660800000,1.43410003
1771675200000,1.43428719
1771689600000,1.43440711
1771704000000,1.43452716
1771718400000,1.43475711
1771732800000,1.43496001
1771747200000,1.43527853
1771761600000,1.43518138
1771776000000,1.43493283
1771790400000,1.4353143
1771804800000,1.43477428
1771819200000,1.43501997
1771833600000,1.43527138
1771848000000,1.43528426
1771862400000,1.43502712
1771876800000,1.4345957
1771891200000,1.43359995
1771905600000,1.43290281
1771920000000,1.43245566
1771934400000,1.4322871
1771948800000,1.43215287
1771963200000,1.43207145
1771977600000,1.43209863
1771992000000,1.43155003
1772006400000,1.43115997
1772020800000,1.43164575
1772035200000,1.43236709
1772049600000,1.43253434
1772064000000,1.43211424
1772078400000,1.43162143
1772092800000,1.43075144
1772107200000,1.42949998
1772121600000,1.42778575
1772136000000,1.42426574
1772150400000,1.42205429
1772164800000,1.42053139
1772179200000,1.41951144
1772193600000,1.41782713
1772208000000,1.41624999
1772222400000,1.41474712
1772236800000,1.41291142
1772251200000,1.41046143
1772265600000,1.40785861
1772280000000,1.40552282
1772294400000,1.40368283
1772308800000,1.40230143
1772323200000,1.40181708
1772337600000,1.40096998
1772352000000,1.39940572
1772366400000,1.39804149
1772380800000,1.39629281
1772395200000,1.39436996
1772409600000,1.39304996
1772424000000,1.39119852
1772438400000,1.39017856
1772452800000,1.38987291
1772467200000,1.3894757
1772481600000,1.38886857
1772496000000,1.38835287
1772510400000,1.38787282
1772524800000,1.38701999
1772539200000,1.38641572
1772553600000,1.38569856
1772568000000,1.38486147
1772582400000,1.38410854
1772596800000,1.38334143
1772611200000,1.38299429
1772625600000,1.38347423
1772640000000,1.38391137
1772654400000,1.38390994
1772668800000,1.38356566
1772683200000,1.38303566
1772697600000,1.38293433
1772712000000,1.38274002
1772726400000,1.38256288
1772740800000,1.38231575
1772755200000,1.38206291
1772769600000,1.38227141
1772784000000,1.38238573
1772798400000,1.3818543
1772812800000,1.38216996
1772827200000,1.38205719
1772841600000,1.38161576
1772856000000,1.38156283
1772870400000,1.38173854
1772884800000,1.38181424
1772899200000,1.38207853
1772913600000,1.38250709
1772928000000,1.38272285
1772942400000,1.3828429
1772956800000,1.38286567
1772971200000,1.38282859
1772985600000,1.38263285
1773000000000,1.3822614
1773014400000,1.38178861
1773028800000,1.38035285
1773043200000,1.37868571
1773057600000,1.37763143
1773072000000,1.37664855
1773086400000,1.37563145
1773100800000,1.37474859
1773115200000,1.37426567
1773129600000,1.37403715
1773144000000,1.37444568
1773158400000,1.37412143
1773172800000,1.37368715
1773187200000,1.37363863
1773201600000,1.37394857
1773216000000,1.37426853
1773230400000,1.37464571
1773244800000,1.37514567
1773259200000,1.37631857
1773273600000,1.37746572
1773288000000,1.37821853
1773302400000,1.37870431
1773316800000,1.37874711
1773331200000,1.3781743
1773345600000,1.37798715
1773360000000,1.37851
1773374400000,1.37903714
1773388800000,1.37995148
1773403200000,1.38075995
1773417600000,1.38115144
1773432000000,1.3818928
1773446400000,1.38259292
1773460800000,1.38250291
1773475200000,1.38238144
1773489600000,1.3823843
1773504000000,1.3826257
1773518400000,1.38323283
1773532800000,1.38408148
1773547200000,1.38469863
1773561600000,1.38551569
1773576000000,1.38629997
1773590400000,1.38715577
1773604800000,1.38821423
1773619200000,1.38919139
1773633600000,1.38948858
1773648000000,1.38968146
1773662400000,1.39057004
1773676800000,1.39214432
1773691200000,1.39399862
1773705600000,1.39554
1773720000000,1.39716005
1773734400000,1.39856291
1773748800000,1.40013289
1773763200000,1.40195429
1773777600000,1.40353286
1773792000000,1.40559423
1773806400000,1.40793431
1773820800000,1.40973854
1773835200000,1.41084003
1773849600000,1.41202998
1773864000000,1.41342854
1773878400000,1.4149214
1773892800000,1.41640997
1773907200000,1.41795433
1773921600000,1.41902852
1773936000000,1.42040288
1773950400000,1.42165005
1773964800000,1.42301142
1773979200000,1.42456996
1773993600000,1.42589855
1774008000000,1.42729425
1774022400000,1.42851424
1774036800000,1.4300071
1774051200000,1.43137574
1774065600000,1.43256998
1774080000000,1.43356431
1774094400000,1.43463147
1774108800000,1.43551576
1774123200000,1.43581426
1774137600000,1.43618715
1774152000000,1.4357928
1774166400000,1.43587708
1774180800000,1.43596709
1774195200000,1.4360528
1774209600000,1.43614566
1774224000000,1.43626142
1774238400000,1.43612289
1774252800000,1.43643141
1774267200000,1.43709719
1774281600000,1.43797004
1774296000000,1.43876719
1774310400000,1.43914711
1774324800000,1.43989289
1774339200000,1.44052851
1774353600000,1.44075716
1774368000000,1.4404
1774382400000,1.44040287
1774396800000,1.44029856
1774411200000,1.44045854
1774425600000,1.44085288
1774440000000,1.44097424
1774454400000,1.44113719
1774468800000,1.44142854
1774483200000,1.44156146
1774497600000,1.44149852
1774512000000,1.44122434
1774526400000,1.44056714
1774540800000,1.43959713
1774555200000,1.43892717
1774569600000,1.43813288
1774584000000,1.43732429
1774598400000,1.43621433
1774612800000,1.43459284
1774627200000,1.43255138
1774641600000,1.4303
1774656000000,1.42825711
1774670400000,1.42608142
1774684800000,1.42337286
1774699200000,1.4206686
1774713600000,1.41782141
1774728000000,1.41500854
1774742400000,1.41256714
1774756800000,1.41000283
1774771200000,1.40722144
1774785600000,1.40446997
1774800000000,1.4013114
1774814400000,1.39856863
1774828800000,1.39660573
1774843200000,1.39543283
1774857600000,1.39401853
1774872000000,1.39231861
1774886400000,1.39015996
1774900800000,1.38820434
1774915200000,1.38631141
1774929600000,1.38470423
1774944000000,1.38285148
1774958400000,1.38096142
1774972800000,1.37941861
1774987200000,1.37779427
1775001600000,1.37635291
1775016000000,1.37519717
1775030400000,1.37403142
1775044800000,1.3727814
1775059200000,1.37141716
1775073600000,1.37004566
1775088000000,1.36818862
1775102400000,1.36646855
1775116800000,1.36450863
1775131200000,1.36295855
1775145600000,1.36140144
1775160000000,1.36020863
1775174400000,1.35922146
1775188800000,1.35816717
1775203200000,1.35724568
1775217600000,1.35629857
1775232000000,1.35538852
1775246400000,1.3546114
1775260800000,1.35324574
1775275200000,1.35159862
1775289600000,1.34985006
1775304000000,1.34814286
1775318400000,1.3467586
1775332800000,1.34510148
1775347200000,1.3435328
1775361600000,1.34206283
1775376000000,1.34079146
1775390400000,1.3390857
1775404800000,1.33747149
1775419200000,1.33613431
1775433600000,1.33484137
1775448000000,1.33394289
1775462400000,1.33305573
1775476800000,1.33213997
1775491200000,1.33128285
1775505600000,1.33035433
1775520000000,1.32958138
1775534400000,1.32889855
1775548800000,1.32835424
1775563200000,1.32744861
1775577600000,1.32673144
1775592000000,1.32701719
1775606400000,1.32751858
1775620800000,1.32815146
1775635200000,1.32891428
1775649600000,1.32932997
1775664000000,1.32968283
1775678400000,1.32971144
1775692800000,1.32958138
1775707200000,1.32927573
1775721600000,1.32905567
1775736000000,1.32932854
1775750400000,1.32957566
1775764800000,1.32971287
1775779200000,1.32975423
1775793600000,1.32992148
1775808000000,1.33025861
1775822400000,1.33054566
1775836800000,1.3307029
1775851200000,1.33066857
1775865600000,1.33067572
1775880000000,1.33068717
1775894400000,1.33100569
1775908800000,1.33131719
1775923200000,1.33196425
1775937600000,1.33246863
1775952000000,1.33268571
1775966400000,1.33288717
1775980800000,1.33271575
1775995200000,1.33247006
1776009600000,1.33221853
1776024000000,1.33176148
1776038400000,1.33134568
1776052800000,1.3308872
1776067200000,1.33053291
1776081600000,1.33034289
1776096000000,1.33092713
1776110400000,1.33176148
1776124800000,1.33272576
1776139200000,1.33370423
1776153600000,1.33457708
1776168000000,1.33535576
1776182400000,1.33590996
1776196800000,1.33652425
1776211200000,1.33705568
1776225600000,1.33753002
1776240000000,1.33818424
1776254400000,1.33897281
1776268800000,1.34017718
1776283200000,1.34126425
1776297600000,1.34261143
1776312000000,1.34394288
1776326400000,1.34525573
1776340800000,1.34688282
1776355200000,1.34904432
1776369600000,1.35125852
1776384000000,1.35314286
1776398400000,1.35515714
1776412800000,1.35725713
1776427200000,1.3595314
1776441600000,1.36165571
1776456000000,1.36353004
1776470400000,1.36522281
1776484800000,1.36698854
1776499200000,1.36827004
1776513600000,1.36991286
1776528000000,1.37148714
1776542400000,1.37319863
1776556800000,1.37495995
1776571200000,1.37670863
1776585600000,1.3783586
1776600000000,1.37910998
1776614400000,1.37978566
1776628800000,1.37998855
1776643200000,1.38045144
1776657600000,1.38131428
1776672000000,1.38222146
1776686400000,1.3835057
1776700800000,1.38491857
1776715200000,1.38624001
1776729600000,1.38758719
1776744000000,1.38882995
1776758400000,1.39002573
1776772800000,1.39129567
1776787200000,1.39233434
1776801600000,1.39370716
1776816000000,1.39515853
1776830400000,1.39668
1776844800000,1.39798427
1776859200000,1.39942002
1776873600000,1.40071285
1776888000000,1.40189576
1776902400000,1.40290284
1776916800000,1.40396857
1776931200000,1.40460861
1776945600000,1.40570998
1776960000000,1.40713
1776974400000,1.40869427
1776988800000,1.41009283
1777003200000,1.41164851
1777017600000,1.41318858
1777032000000,1.41495287
1777046400000,1.41658139
1777060800000,1.41812146
1777075200000,1.41970575
1777089600000,1.42111719
1777104000000,1.42222142
1777118400000,1.42293143
1777132800000,1.4236871
1777147200000,1.42448139
1777161600000,1.42518997
1777176000000,1.42596424
1777190400000,1.42696142
1777204800000,1.42792284
1777219200000,1.4289571
1777233600000,1.43008423
1777248000000,1.4312129
1777262400000,1.43179429
1777276800000,1.43198287
1777291200000,1.43192708
1777305600000,1.43173575
1777320000000,1.43165863
1777334400000,1.43141854
1777348800000,1.43089998
1777363200000,1.42971146
1777377600000,1.42860568
1777392000000,1.42791998
1777406400000,1.42711139
1777420800000,1.42627716
1777435200000,1.42494142
1777449600000,1.42362285
1777464000000,1.42199576
1777478400000,1.42035139
1777492800000,1.41885424
1777507200000,1.41802573
1777521600000,1.41715288
1777536000000,1.41632855
1777550400000,1.41542852
1777564800000,1.41458428
1777579200000,1.41384292
1777593600000,1.41308284
1777608000000,1.41227281
1777622400000,1.41171002
1777636800000,1.41173434
1777651200000,1.41149139
1777665600000,1.41106713
1777680000000,1.41064572
1777694400000,1.40997005
1777708800000,1.40933716
1777723200000,1.40889001
1777737600000,1.40847003
1777752000000,1.40781856
1777766400000,1.4070214
1777780800000,1.40635717
1777795200000,1.40608859
1777809600000,1.40554857
1777824000000,1.40486431
1777838400000,1.4039129
1777852800000,1.40332854
1777867200000,1.40267718
1777881600000,1.40200424
1777896000000,1.40156853
1777910400000,1.40131283
1777924800000,1.40089858
1777939200000,1.40075004
1777953600000,1.40039718
1777968000000,1.40008855
1777982400000,1.39970148
1777996800000,1.39944291
1778011200000,1.39916003
1778025600000,1.39892566
1778040000000,1.39868426
1778054400000,1.39885426
1778068800000,1.39880431
1778083200000,1.39867568
1778097600000,1.39855289
1778112000000,1.39818573
1778126400000,1.39810145
1778140800000,1.39794719
1778155200000,1.39746571
1778169600000,1.39699566
1778184000000,1.39639711
1778198400000,1.39575291
1778212800000,1.39510858
1778227200000,1.39455712
1778241600000,1.39408004
1778256000000,1.39374566
1778270400000,1.39380145
1778284800000,1.39402425
1778299200000,1.39453137
1778313600000,1.39494717
1778328000000,1.39514291
1778342400000,1.39558852
1778356800000,1.39598143
1778371200000,1.39648855
1778385600000,1.39712429
1778400000000,1.39770281
1778414400000,1.39860857
1778428800000,1.40000999
1778443200000,1.40117002
1778457600000,1.40193999
1778472000000,1.40319717
1778486400000,1.40468717
1778500800000,1.40634286
1778515200000,1.40785718
1778529600000,1.40932286
1778544000000,1.41061425
1778558400000,1.41195285
1778572800000,1.41307712
1778587200000,1.41387856
1778601600000,1.41479433
1778616000000,1.41568434
1778630400000,1.41674137
1778644800000,1.4176929
1778659200000,1.41847861
1778673600000,1.41886997
1778688000000,1.41934574
1778702400000,1.41993999
1778716800000,1.42046285
1778731200000,1.42102432
1778745600000,1.42156851
1778760000000,1.42269862
1778774400000,1.4246043
1778788800000,1.42602432
1778803200000,1.42736995
1778817600000,1.42842424
1778832000000,1.42946577
1778846400000,1.43014145
1778860800000,1.43043566
1778875200000,1.43076289
1778889600000,1.43135428
1778904000000,1.43160713
1778918400000,1.43178856
1778932800000,1.43211567
1778947200000,1.43226433
1778961600000,1.43235719
1778976000000,1.43241572
1778990400000,1.43251145
1779004800000,1.43264997
1779019200000,1.43265283
1779033600000,1.43265712
1779048000000,1.43223286
1779062400000,1.4314028
1779076800000,1.43078852
1779091200000,1.43026137
1779105600000,1.42957425
1779120000000,1.42932856
1779134400000,1.42890573
1779148800000,1.42853713
1779163200000,1.42851281
1779177600000,1.42831862
1779192000000,1.42804432
1779206400000,1.42764425
1779220800000,1.42732573
1779235200000,1.4268229
1779249600000,1.42640853
1779264000000,1.42564428
1779278400000,1.42501998
1779292800000,1.42421567
1779307200000,1.42340577
1779321600000,1.42286718
1779336000000,1.42232287
1779350400000,1.42146432
1779364800000,1.4206214
1779379200000,1.42008996
1779393600000,1.41943431
1779408000000,1.41870999
1779422400000,1.41758001
1779436800000,1.41578996
1779451200000,1.4140743
1779465600000,1.41250432
1779480000000,1.41086137
1779494400000,1.40919423
1779508800000,1.40672004
1779523200000,1.40450716
1779537600000,1.40248859
1779552000000,1.40087712
1779566400000,1.39938283
1779580800000,1.39812291
1779595200000,1.39720142
1779609600000,1.39612854
1779624000000,1.39486146
1779638400000,1.39339006
1779652800000,1.39179289
1779667200000,1.39033854
1779681600000,1.38956571
1779696000000,1.38868999
1779710400000,1.38771713
1779724800000,1.38678288
1779739200000,1.38560569
1779753600000,1.38428283
1779768000000,1.38239574
1779782400000,1.38004148
1779796800000,1.37803423
1779811200000,1.37578571
1779825600000,1.37378144
1779840000000,1.37177289
1779854400000,1.37030005
1779868800000,1.36880863
1779883200000,1.36741996
1779897600000,1.36592567
1779912000000,1.36436999
1779926400000,1.36248863
1779940800000,1.36075425
1779955200000,1.35892141
1779969600000,1.3574729
1779984000000,1.35610139
1779998400000,1.35462999
1780012800000,1.35305715
1780027200000,1.3516829
1780041600000,1.35010147
1780056000000,1.34897423
1780070400000,1.34794569
1780084800000,1.34713137
1780099200000,1.34655714
1780113600000,1.34607995
1780128000000,1.34540713
1780142400000,1.34472716
1780156800000,1.34421432
1780171200000,1.3435328
1780185600000,1.34314144
1780200000000,1.34268427
1780214400000,1.34246433
1780228800000,1.3420186
1780243200000,1.34159291
1780257600000,1.34108567
1780272000000,1.34059143
1780286400000,1.33958137
1780300800000,1.33859432
1780315200000,1.33738148
1780329600000,1.33617425
1780344000000,1.33504999
1780358400000,1.33397138
1780372800000,1.33263862
1780387200000,1.33094144
1780401600000,1.32877004
1780416000000,1.32661712
1780430400000,1.32442856
1780444800000,1.32208574
1780459200000,1.32051432
1780473600000,1.31905854
1780488000000,1.31749713
1780502400000,1.31554282
1780516800000,1.31395996
1780531200000,1.31231713
1780545600000,1.30991423
1780560000000,1.30718148
1780574400000,1.3044728
1780588800000,1.30182147
1780603200000,1.29909575
1780617600000,1.29579997
1780632000000,1.29277003
1780646400000,1.28948283
1780660800000,1.28590429
1780675200000,1.28235996
1780689600000,1.27862859
1780704000000,1.27474427
1780718400000,1.27093577
1780732800000,1.2670871
1780747200000,1.26345861
1780761600000,1.25975716
1780776000000,1.25622427
1780790400000,1.25288284
1780804800000,1.24991
1780819200000,1.24717283
1780833600000,1.24438715
1780848000000,1.24148715
1780862400000,1.23897004
1780876800000,1.23642862
1780891200000,1.23373568
1780905600000,1.23126566
1780920000000,1.22931433
1780934400000,1.22789574
1780948800000,1.22611141
1780963200000,1.22421145
1780977600000,1.22220004
1780992000000,1.21990573
1781006400000,1.21722424
1781020800000,1.21476567
1781035200000,1.21220577
1781049600000,1.20946002
1781064000000,1.20651853
1781078400000,1.2034229
1781092800000,1.20055139
1781107200000,1.19694567
1781121600000,1.19342852
1781136000000,1.1902771
1781150400000,1.18703568
1781164800000,1.18381715
1781179200000,1.18056428
1781193600000,1.17768717
1781208000000,1.17493427
1781222400000,1.17211139
1781236800000,1.16929996
1781251200000,1.16665852
1781265600000,1.16373861
1781280000000,1.16088712
1781294400000,1.15843999
1781308800000,1.15601289
1781323200000,1.15401006
1781337600000,1.15185285
1781352000000,1.14984143
1781366400000,1.14783001
1781380800000,1.14615285
1781395200000,1.14461994
1781409600000,1.14353859
1781424000000,1.14242435
1781438400000,1.14132571
1781452800000,1.14040148
1781467200000,1.13958144
1781481600000,1.13887286
1781496000000,1.13824427
1781510400000,1.1386528
1781524800000,1.13961434
1781539200000,1.1405586
1781553600000,1.14156568
1781568000000,1.14258862
1781582400000,1.14353716
1781596800000,1.14443576
1781611200000,1.14502144
1781625600000,1.14624572
1781640000000,1.14740288
1781654400000,1.14879429
1781668800000,1.15035713
1781683200000,1.15170002
1781697600000,1.15335286
1781712000000,1.15470576
1781726400000,1.15605426
1781740800000,1.15735567
1781755200000,1.15853715
1781769600000,1.15973568
1781784000000,1.16037571
1781798400000,1.16073859
1781812800000,1.16087854
1781827200000,1.16086137
1781841600000,1.16074145
1781856000000,1.16077995
1781870400000,1.16050994
1781884800000,1.16022146
1781899200000,1.16004717
1781913600000,1.15978861
1781928000000,1.15944862
1781942400000,1.15898573
1781956800000,1.15874004
1781971200000,1.15858853
1781985600000,1.15828288
1782000000000,1.1581986
1782014400000,1.15848577
1782028800000,1.15851855
1782043200000,1.15869284
1782057600000,1.15906572
1782072000000,1.15918005
1782086400000,1.15954852
1782100800000,1.15967429
1782115200000,1.16038716
1782129600000,1.16100001
1782144000000,1.16120148
1782158400000,1.16140282
1782172800000,1.16147566
1782187200000,1.16147006
1782201600000,1.16098285
1782216000000,1.16035712
1782230400000,1.15975285
1782244800000,1.15941572
1782259200000,1.15887856
1782273600000,1.15845287
1782288000000,1.15794432
1782302400000,1.15688574
1782316800000,1.15579712
1782331200000,1.15481997
1782345600000,1.15372288
1782360000000,1.15272856
1782374400000,1.15165138
1782388800000,1.14999855
1782403200000,1.14829719
1782417600000,1.14682996
1782432000000,1.14527142
1782446400000,1.14405715
1782460800000,1.14248288
1782475200000,1.14047289
1782489600000,1.13848424
1782504000000,1.1365943
1782518400000,1.13411283
1782532800000,1.13113999
1782547200000,1.12805426
1782561600000,1.12572575
1782576000000,1.12325716
1782590400000,1.1205771
1782604800000,1.11788857
1782619200000,1.11562431
1782633600000,1.11323285
1782648000000,1.11088002
1782662400000,1.10842717
1782676800000,1.10612714
1782691200000,1.10410142
1782705600000,1.10175717
1782720000000,1.09994566
1782734400000,1.09798574
1782748800000,1.09650862
1782763200000,1.0947957
1782777600000,1.09309149
1782792000000,1.09179568
1782806400000,1.09030139
1782820800000,1.08869576
1782835200000,1.08735716
1782849600000,1.08613575
1782864000000,1.08504713
1782878400000,1.08371997
1782892800000,1.08239281
1782907200000,1.08132148
1782921600000,1.08020425
1782936000000,1.07886004
1782950400000,1.07772577
1782964800000,1.07640433
1782979200000,1.07554853
1782993600000,1.07474566
1783008000000,1.07383001
1783022400000,1.07297862
1783036800000,1.07223713
1783051200000,1.07156575
1783065600000,1.07106137
1783080000000,1.07099855
1783094400000,1.0710243
1783108800000,1.07098711
1783123200000,1.07084715
1783137600000,1.07084715
1783152000000,1.07093573
1783166400000,1.07154858
1783180800000,1.0721314
1783195200000,1.07277286
1783209600000,1.0731914
1783224000000,1.07377577
1783238400000,1.07420433
1783252800000,1.07458711
1783267200000,1.07503426
1783281600000,1.0758729
1783296000000,1.0766114
1783310400000,1.07786429
1783324800000,1.07897282
1783339200000,1.0799886
1783353600000,1.0810914
1783368000000,1.08192575
1783382400000,1.08274138
1783396800000,1.0840528
1783411200000,1.08534861
1783425600000,1.08659148
1783440000000,1.08785141
1783454400000,1.08873856
1783468800000,1.08977854
1783483200000,1.09047854
1783497600000,1.09103429
1783512000000,1.09138858
1783526400000,1.09185147
1783540800000,1.09228861
1783555200000,1.09269428
1783569600000,1.09302139
1783584000000,1.09358144
1783598400000,1.09419
1783612800000,1.09487426
1783627200000,1.09547997
1783641600000,1.0962528
1783656000000,1.09701288
1783670400000,1.09798145
1783684800000,1.09877002
1783699200000,1.09954715
1783713600000,1.10034144
1783728000000,1.10111284
1783742400000,1.10194433
1783756800000,1.10241711
1783771200000,1.1031971
1783785600000,1.10420001
1783800000000,1.10490572
1783814400000,1.10577142
1783828800000,1.10659003
1783843200000,1.10732281
1783857600000,1.10820854
1783872000000,1.10891712
1783886400000,1.1095171
1783900800000,1.10999715
1783915200000,1.11026859
1783929600000,1.11049426
1783944000000,1.11077428
1783958400000,1.11076856
1783972800000,1.11089289
1783987200000,1.11063576
1784001600000,1.11028147
1784016000000,1.11009717
1784030400000,1.11033714
1784044800000,1.11069286
1784059200000,1.11082292
1784073600000,1.11073709
1784088000000,1.11050141
1784102400000,1.11016715
1784116800000,1.1100471
1784131200000,1.10964429
1784145600000,1.10926855
1784160000000,1.10888004
1784174400000,1.10793567
1784188800000,1.10708427
1784203200000,1.10647142
1784217600000,1.10588002
1784232000000,1.10512567
1784246400000,1.10456145
1784260800000,1.10380423
1784275200000,1.10308433
1784289600000,1.10202718
1784304000000,1.1012243
1784318400000,1.10040998
1784332800000,1.09976995
1784347200000,1.09897423
1784361600000,1.09810996
1784376000000,1.09727144
1784390400000,1.09676147
1784404800000,1.09627998
1784419200000,1.09584999
1784433600000,1.0953486
1784448000000,1.09498143
1784462400000,1.09477997
1784476800000,1.09476995
1784491200000,1.09482288
1784505600000,1.09501004
1784520000000,1.09524572
1784534400000,1.09545863
1784548800000,1.09577
1784563200000,1.09618568
1784577600000,1.09639001
1784592000000,1.09683144
1784606400000,1.09749138
1784620800000,1.09804571
1784635200000,1.09892142
1784649600000,1.09964001
1784664000000,1.10018432
1784678400000,1.10056853
1784692800000,1.10096145
1784707200000,1.10144281
1784721600000,1.10211003
1784736000000,1.10253286
1784750400000,1.10302424
1784764800000,1.10338426
1784779200000,1.10367572
1784793600000,1.10391998
1784808000000,1.1041472
1784822400000,1.10421288
1784836800000,1.10444713
1784851200000,1.10465717
1784865600000,1.10483003
1784880000000,1.10487998
1784894400000,1.10495424
1784908800000,1.10519576
1784923200000,1.10537004
1784937600000,1.10557425
1784952000000,1.10579145
1784966400000,1.10611141
1784980800000,1.10655856
1784995200000,1.10704994
1785009600000,1.10746431
1785024000000,1.10788286
1785038400000,1.10780001
1785052800000,1.10758853
1785067200000,1.10748434
1785081600000,1.10745859
1785096000000,1.10759139
1785110400000,1.10757565
1785124800000,1.10731006
1785139200000,1.10724711
1785153600000,1.10686004
1785168000000,1.10656428
1785182400000,1.10598862
1785196800000,1.1052686
1785211200000,1.1044271
1785225600000,1.10374713
1785240000000,1.10343719
1785254400000,1.10299146
1785268800000,1.10277998
1785283200000,1.10258996
1785297600000,1.10268998
1785312000000,1.1025914
1785326400000,1.10229433
1785340800000,1.10200286
1785355200000,1.10179281
1785369600000,1.10160708
1785384000000,1.10146856
1785398400000,1.1013329
1785412800000,1.10132289
1785427200000,1.10125005
1785441600000,1.10106719
1785456000000,1.10084856
1785470400000,1.10058713
1785484800000,1.10027003
1785499200000,1.0997386
1785513600000,1.09919429
1785528000000,1.09878719
1785542400000,1.09821284
1785556800000,1.09749138
1785571200000,1.09673142
1785585600000,1.09602571
1785600000000,1.09499574
1785614400000,1.09391284
1785628800000,1.09307146
1785643200000,1.09205568
1785657600000,1.09094858
1785672000000,1.09004426
1785686400000,1.08922863
1785700800000,1.08859861
1785715200000,1.08763289
1785729600000,1.08644426
1785744000000,1.08540428
1785758400000,1.08457577
1785772800000,1.08381569
1785787200000,1.08298719
1785801600000,1.08220005
1785816000000,1.08171856
1785830400000,1.08136284
1785844800000,1.08093143
1785859200000,1.08049142
1785873600000,1.07991576
1785888000000,1.07939577
1785902400000,1.0790571
1785916800000,1.07865572
1785931200000,1.07821286
1785945600000,1.07790565
1785960000000,1.0775429
1785974400000,1.07687998
1785988800000,1.07617855
1786003200000,1.07545996
1786017600000,1.07476425
1786032000000,1.07381141
1786046400000,1.07289863
1786060800000,1.0717628
1786075200000,1.07067573
1786089600000,1.0697
1786104000000,1.06848145
1786118400000,1.06728566
1786132800000,1.06604719
1786147200000,1.06507576
1786161600000,1.06434
1786176000000,1.0635643
1786190400000,1.06326854
1786204800000,1.06304717
1786219200000,1.06281567
1786233600000,1.06263852
1786248000000,1.06223714
1786262400000,1.06189144
1786276800000,1.0615257
1786291200000,1.06110716
1786305600000,1.06024575
1786320000000,1.05949283
1786334400000,1.05905569
1786348800000,1.05855429
1786363200000,1.05782855
1786377600000,1.05704284
1786392000000,1.05612004
1786406400000,1.05513287
1786420800000,1.0538857
1786435200000,1.05271852
1786449600000,1.05159569
1786464000000,1.05065286
1786478400000,1.04984713
1786492800000,1.0491029
1786507200000,1.04853427
1786521600000,1.04797566
1786536000000,1.04727566
1786550400000,1.04644144
1786564800000,1.04563427
1786579200000,1.04488146
1786593600000,1.04417288
1786608000000,1.04348433
1786622400000,1.04266286
1786636800000,1.04170144
1786651200000,1.04064286
1786665600000,1.03964138
1786680000000,1.0385586
1786694400000,1.03742146
1786708800000,1.03627288
1786723200000,1.03524005
1786737600000,1.03425574
1786752000000,1.03340137
1786766400000,1.03224289
1786780800000,1.03113139
1786795200000,1.03008282
1786809600000,1.02903569
1786824000000,1.02794433
1786838400000,1.0268414
1786852800000,1.02576852
1786867200000,1.02462149
1786881600000,1.02359426
1786896000000,1.02264285
1786910400000,1.02158856
1786924800000,1.02075434
1786939200000,1.01992714
1786953600000,1.01893139
1786968000000,1.01813996
1786982400000,1.01753998
1786996800000,1.0168786
1787011200000,1.01603568
1787025600000,1.0152843
1787040000000,1.01476717
1787054400000,1.01432288
1787068800000,1.01406145
1787083200000,1.0136857
1787097600000,1.01320291
1787112000000,1.01285863
1787126400000,1.0126071
1787140800000,1.01328003
1787155200000,1.01371717
1787169600000,1.0147357
1787184000000,1.01553571
1787198400000,1.01649141
1787212800000,1.01861143
1787227200000,1.02178144
1787241600000,1.02457857
1787256000000,1.02787423
1787270400000,1.03175569
1787284800000,1.03562713
1787299200000,1.04014146
1787313600000,1.04547715
1787328000000,1.05034852
1787342400000,1.05630863
1787356800000,1.06387138
1787371200000,1.07159424
1787385600000,1.07828283
1787400000000,1.08439577
1787414400000,1.09133852
1787428800000,1.09786856
1787443200000,1.1045357
1787457600000,1.11108005
1787472000000,1.11793149
1787486400000,1.12470281
1787500800000,1.13152575
1787515200000,1.13866997
1787529600000,1.14499569
1787544000000,1.15161574
1787558400000,1.15861714
1787572800000,1.16569567
1787587200000,1.17243719
1787601600000,1.17912567
1787616000000,1.1864028
1787630400000,1.19330001
1787644800000,1.20001853
1787659200000,1.20671856
1787673600000,1.21331286
1787688000000,1.21945
1787702400000,1.22569144
1787716800000,1.23177719
1787731200000,1.23766851
1787745600000,1.24300289
1787760000000,1.24834144
1787774400000,1.2543329
1787788800000,1.26010859
1787803200000,1.26595998
1787817600000,1.27197289
1787832000000,1.27858853
1787846400000,1.28508425
1787860800000,1.29152286
1787875200000,1.29767287
1787889600000,1.30365574
1787904000000,1.30963719
1787918400000,1.31549144
1787932800000,1.32086146
1787947200000,1.32629573
1787961600000,1.33170855
1787976000000,1.33707571
1787990400000,1.34253001
1788004800000,1.34809852
1788019200000,1.35390425
1788033600000,1.35961282
1788048000000,1.36523712
1788062400000,1.37077427
1788076800000,1.37633717
1788091200000,1.38199568
1788105600000,1.3878628
1788120000000,1.39291143
1788134400000,1.39788711
1788148800000,1.40223575
1788163200000,1.40656424
1788177600000,1.41037428
1788192000000,1.41456425
1788206400000,1.41838717
1788220800000,1.42118144
1788235200000,1.42287433
1788249600000,1.4250071
1788264000000,1.42657709
1788278400000,1.42723572
1788292800000,1.42776716
1788307200000,1.42767572
1788321600000,1.42684567
1788336000000,1.4261657
1788350400000,1.42448139
1788364800000,1.42134428
1788379200000,1.41830289
1788393600000,1.41656005
1788408000000,1.41549432
1788422400000,1.4136728
1788436800000,1.41371143
1788451200000,1.41366148
1788465600000,1.41350567
1788480000000,1.41281569
1788494400000,1.41205716
1788508800000,1.41137862
1788523200000,1.40963566
1788537600000,1.40868568
1788552000000,1.4075743
1788566400000,1.40613568
1788580800000,1.40475285
1788595200000,1.40362859
1788609600000,1.40263712
1788624000000,1.40124142
1788638400000,1.40019
1788652800000,1.39938426
1788667200000,1.39849997
1788681600000,1.39777434
1788696000000,1.39744139
1788710400000,1.39701712
1788724800000,1.39688718
1788739200000,1.39681149
1788753600000,1.39718425
