ts_ms,close_research_slow_delta
1542211200000,
1542225600000,
1542240000000,
1542254400000,
1542268800000,
1542283200000,
1542297600000,
1542312000000,
1542326400000,
1542340800000,
1542355200000,
1542369600000,
1542384000000,
1542398400000,
1542412800000,
1542427200000,
1542441600000,
1542456000000,5477.67041
1542470400000,5491.8418
1542484800000,5501.0752
1542499200000,5543.46045
1542513600000,5526.49512
1542528000000,5515.71387
1542542400000,5529.59766
1542556800000,5565.72656
1542571200000,5554.7749
1542585600000,5513.43848
1542600000000,5390.99023
1542614400000,5259.6748
1542628800000,5130.75635
1542643200000,4965.08594
1542657600000,4741.45605
1542672000000,4805.271
1542686400000,4569.09033
1542700800000,4326.62988
1542715200000,4713.60498
1542729600000,4484.18066
1542744000000,4355.37305
1542758400000,4440.16162
1542772800000,4477.56738
1542787200000,4495.54443
1542801600000,4512.41455
1542816000000,4407.33301
1542830400000,4534.11523
1542844800000,4521.97852
1542859200000,4514.68311
1542873600000,4451.34033
1542888000000,4448.75
1542902400000,4399.70361
1542916800000,4264.34082
1542931200000,4221.1958
1542945600000,4223.61084
1542960000000,4289.771
1542974400000,4268.62598
1542988800000,4230.13428
1543003200000,4289.27734
1543017600000,4303.2002
1543032000000,4263.80957
1543046400000,4261.75928
1543060800000,4231.06494
1543075200000,4134.3252
1543089600000,3785.37183
1543104000000,3643.7229
1543118400000,3708.82617
1543132800000,3776.13208
1543147200000,3729.19751
1543161600000,3790.42871
1543176000000,3931.2085
1543190400000,3975.50854
1543204800000,3962.55103
1543219200000,3924.91113
1543233600000,3678.93774
1543248000000,3774.4082
1543262400000,3724.87793
1543276800000,3680.10791
1543291200000,3734.87524
1543305600000,3648.81763
1543320000000,3663.06763
1543334400000,3714.55811
1543348800000,3768.95483
1543363200000,3837.43042
1543377600000,4015.60083
1543392000000,4003.97437
1543406400000,4178.95898
1543420800000,4260.46973
1543435200000,4216.10303
1543449600000,4136.479
1543464000000,4161.05273
1543478400000,4342.45459
1543492800000,4236.34326
1543507200000,4183.08643
1543521600000,4232.20264
1543536000000,4256.44092
1543550400000,4157.80273
1543564800000,3940.59766
1543579200000,3969.97827
1543593600000,3960.80518
1543608000000,3974.82422
1543622400000,3964.46533
1543636800000,3943.7041
1543651200000,4134.59961
1543665600000,4167.91992
1543680000000,4228.67334
1543694400000,4136.93115
1543708800000,4136.94873
1543723200000,4110.88623
1543737600000,4071.7771
1543752000000,4107.55273
1543766400000,4116.33057
1543780800000,4106.31201
1543795200000,3953.6355
1543809600000,3963.5874
1543824000000,3968.73267
1543838400000,3817.65991
1543852800000,3817.89771
1543867200000,3833.58008
1543881600000,3811.87866
1543896000000,3968.73389
1543910400000,3950.57837
1543924800000,3962.44897
1543939200000,3911.30591
1543953600000,3906.02295
1543968000000,3837.26001
1543982400000,3796.30688
1543996800000,3869.56104
1544011200000,3822.55591
1544025600000,3695.98291
1544040000000,3697.63037
1544054400000,3713.17236
1544068800000,3813.55469
1544083200000,3770.91138
1544097600000,3627.37622
1544112000000,3635.17114
1544126400000,3433.36987
1544140800000,3323.45142
1544155200000,3371.30542
1544169600000,3378.47778
1544184000000,3304.24805
1544198400000,3458.71582
1544212800000,3370.10913
1544227200000,3436.35352
1544241600000,3425.37378
1544256000000,3409.95239
1544270400000,3352.2605
1544284800000,3356.44019
1544299200000,3397.14233
1544313600000,3402.62354
1544328000000,3405.16846
1544342400000,3419.36133
1544356800000,3547.16016
1544371200000,3556.02612
1544385600000,3523.75244
1544400000000,3533.94458
1544414400000,3484.43408
1544428800000,3491.37402
1544443200000,3411.98413
1544457600000,3375.45825
1544472000000,3407.62598
1544486400000,3384.68799
1544500800000,3391.65161
1544515200000,3346.33911
1544529600000,3318.46997
1544544000000,3333.63696
1544558400000,3343.55078
1544572800000,3339.52295
1544587200000,3377.01978
1544601600000,3426.57935
1544616000000,3443.37549
1544630400000,3428.61133
1544644800000,3431.47559
1544659200000,3386.80957
1544673600000,3376.04858
1544688000000,3362.09497
1544702400000,3393.74414
1544716800000,3315.06665
1544731200000,3259.53638
1544745600000,3250.42993
1544760000000,3262.95581
1544774400000,3248.8374
1544788800000,3228.14526
1544803200000,3182.13306
1544817600000,3195.46558
1544832000000,3218.05298
1544846400000,3197.4397
1544860800000,3157.86987
1544875200000,3133.35767
1544889600000,3168.64282
1544904000000,3183.15161
1544918400000,3230.09204
1544932800000,3211.48413
1544947200000,3232.85889
1544961600000,3210.23267
1544976000000,3227.56128
1544990400000,3191.96387
1545004800000,3198.59497
1545019200000,3238.54102
1545033600000,3232.82593
1545048000000,3386.78784
1545062400000,3526.99731
1545076800000,3489.34937
1545091200000,3532.60498
1545105600000,3503.16846
1545120000000,3479.5022
1545134400000,3511.49463
1545148800000,3520.94629
1545163200000,3659.05884
1545177600000,3738.70459
1545192000000,3708.1853
1545206400000,3807.44653
1545220800000,3770.9248
1545235200000,3759.56689
1545249600000,3685.50342
1545264000000,3718.92773
1545278400000,3738.18286
1545292800000,4018.35303
1545307200000,4015.12305
1545321600000,4041.229
1545336000000,4069.62451
1545350400000,4042.4917
1545364800000,4010.41699
1545379200000,4020.52344
1545393600000,3965.50171
1545408000000,3821.48145
1545422400000,3843.65796
1545436800000,3825.61475
1545451200000,3838.56714
1545465600000,3877.64648
1545480000000,3825.73242
1545494400000,3885.74438
1545508800000,3978.80322
1545523200000,4004.80078
1545537600000,3972.2688
1545552000000,4013.33301
1545566400000,3927.42114
1545580800000,3956.19385
1545595200000,3947.72949
1545609600000,4168.72461
1545624000000,4187.62451
1545638400000,4132.96387
1545652800000,4062.3728
1545667200000,4030.91309
1545681600000,4035.66968
1545696000000,3741.32642
1545710400000,3773.80615
1545724800000,3763.59741
1545739200000,3724.47583
1545753600000,3735.43848
1545768000000,3777.68774
1545782400000,3831.33521
1545796800000,3773.76245
1545811200000,3749.3457
1545825600000,3736.44238
1545840000000,3797.58838
1545854400000,3804.40063
1545868800000,3737.12939
1545883200000,3743.18872
1545897600000,3746.77417
1545912000000,3736.97339
1545926400000,3603.45532
1545940800000,3590.30005
1545955200000,3600.69116
1545969600000,3598.31885
1545984000000,3625.46411
1545998400000,3820.58228
1546012800000,3876.42749
1546027200000,3882.93311
1546041600000,3884.8396
1546056000000,3908.00708
1546070400000,3867.99414
1546084800000,3871.27905
1546099200000,3840.38037
1546113600000,3708.64453
1546128000000,3733.45898
1546142400000,3755.15381
1546156800000,3825.41675
1546171200000,3799.47144
1546185600000,3807.47192
1546200000000,3830.45435
1546214400000,3785.10059
1546228800000,3782.40186
1546243200000,3741.7959
1546257600000,3769.33008
1546272000000,3681.70752
1546286400000,3691.99829
1546300800000,3687.68652
1546315200000,3702.51367
1546329600000,3699.55249
1546344000000,3678.09863
1546358400000,3699.83276
1546372800000,3819.41968
1546387200000,3795.11279
1546401600000,3790.78467
1546416000000,3805.72583
1546430400000,3814.49927
1546444800000,3840.39111
1546459200000,3885.35254
1546473600000,3868.54712
1546488000000,3847.521
1546502400000,3837.47485
1546516800000,3837.58105
1546531200000,3780.13208
1546545600000,3786.2688
1546560000000,3801.58569
1546574400000,3803.73682
1546588800000,3779.7644
1546603200000,3751.79907
1546617600000,3761.01416
1546632000000,3815.01123
1546646400000,3836.71338
1546660800000,3819.19922
1546675200000,3836.33789
1546689600000,3832.12524
1546704000000,3839.73193
1546718400000,3797.34204
1546732800000,3797.51318
1546747200000,3790.83325
1546761600000,3809.11011
1546776000000,3822.37231
1546790400000,4045.43042
1546804800000,4032.46069
1546819200000,4032.75195
1546833600000,4039.32422
1546848000000,4021.61768
1546862400000,4013.12524
1546876800000,4024.74585
1546891200000,4006.34375
1546905600000,3983.24609
1546920000000,3985.03833
1546934400000,4035.47485
1546948800000,4029.35938
1546963200000,4007.87915
1546977600000,3997.58032
1546992000000,4024.11768
1547006400000,4018.4502
1547020800000,4026.27051
1547035200000,3991.8877
1547049600000,4011.12622
1547064000000,4002.61157
1547078400000,4011.0647
1547092800000,3804.06372
1547107200000,3794.18066
1547121600000,3788.40869
1547136000000,3630.21118
1547150400000,3622.10571
1547164800000,3629.05786
1547179200000,3636.15576
1547193600000,3635.55078
1547208000000,3636.88062
1547222400000,3645.40259
1547236800000,3630.75269
1547251200000,3639.19116
1547265600000,3624.16309
1547280000000,3613.09424
1547294400000,3622.47949
1547308800000,3625.73315
1547323200000,3612.38501
1547337600000,3621.34717
1547352000000,3613.48096
1547366400000,3614.84985
1547380800000,3611.79004
1547395200000,3510.07104
1547409600000,3512.53955
1547424000000,3520.09985
1547438400000,3532.48047
1547452800000,3523.02734
1547467200000,3657.53442
1547481600000,3669.12378
1547496000000,3655.47827
1547510400000,3669.01465
1547524800000,3667.08472
1547539200000,3647.95679
1547553600000,3627.78442
1547568000000,3631.40894
1547582400000,3581.7395
1547596800000,3593.28882
1547611200000,3578.24023
1547625600000,3612.95044
1547640000000,3609.53052
1547654400000,3593.15039
1547668800000,3603.979
1547683200000,3583.83813
1547697600000,3591.38989
1547712000000,3593.36035
1547726400000,3607.59839
1547740800000,3622.66797
1547755200000,3635.86963
1547769600000,3624.52075
1547784000000,3622.78638
1547798400000,3612.56787
1547812800000,3624.51196
1547827200000,3600.15601
1547841600000,3608.02075
1547856000000,3619.70337
1547870400000,3613.23413
1547884800000,3715.98462
1547899200000,3703.46851
1547913600000,3700.30396
1547928000000,3687.8125
1547942400000,3695.74097
1547956800000,3689.51978
1547971200000,3592.33911
1547985600000,3521.42285
1548000000000,3519.94702
1548014400000,3532.87891
1548028800000,3535.43872
1548043200000,3528.68481
1548057600000,3550.01807
1548072000000,3536.50537
1548086400000,3534.79663
1548100800000,3530.02026
1548115200000,3536.29028
1548129600000,3521.04199
1548144000000,3530.36792
1548158400000,3576.03442
1548172800000,3572.87329
1548187200000,3575.13794
1548201600000,3582.73926
1548216000000,3565.41772
1548230400000,3574.75146
1548244800000,3552.27197
1548259200000,3537.8186
1548273600000,3552.33447
1548288000000,3532.85767
1548302400000,3543.88477
1548316800000,3556.16772
1548331200000,3552.62988
1548345600000,3572.57495
1548360000000,3567.12549
1548374400000,3567.85376
1548388800000,3561.75562
1548403200000,3537.71606
1548417600000,3559.6272
1548432000000,3545.49121
1548446400000,3558.0813
1548460800000,3569.44434
1548475200000,3614.5564
1548489600000,3585.10669
1548504000000,3552.26489
1548518400000,3557.85986
1548532800000,3556.56812
1548547200000,3557.91382
1548561600000,3547.8855
1548576000000,3535.43823
1548590400000,3538.92676
1548604800000,3546.75732
1548619200000,3528.71362
1548633600000,3473.8584
1548648000000,3442.12036
1548662400000,3414.1731
1548676800000,3418.09375
1548691200000,3411.40601
1548705600000,3426.25708
1548720000000,3407.3877
1548734400000,3359.41602
1548748800000,3375.2168
1548763200000,3400.4873
1548777600000,3400.13428
1548792000000,3391.99512
1548806400000,3403.02173
1548820800000,3409.98804
1548835200000,3413.16577
1548849600000,3438.26733
1548864000000,3431.46973
1548878400000,3432.28369
1548892800000,3450.52515
1548907200000,3448.60034
1548921600000,3409.67798
1548936000000,3416.15771
1548950400000,3415.10229
1548964800000,3411.14062
1548979200000,3395.86035
1548993600000,3384.58325
1549008000000,3418.26221
1549022400000,3427.11743
1549036800000,3436.89185
1549051200000,3435.16675
1549065600000,3436.54907
1549080000000,3425.21973
1549094400000,3439.19214
1549108800000,3425.6001
1549123200000,3433.87866
1549137600000,3462.47729
1549152000000,3438.83105
1549166400000,3424.16528
1549180800000,3424.7229
1549195200000,3421.12915
1549209600000,3404.60742
1549224000000,3414.32812
1549238400000,3411.46021
1549252800000,3415.04028
1549267200000,3399.74536
1549281600000,3409.27148
1549296000000,3415.2168
1549310400000,3407.76562
1549324800000,3410.30566
1549339200000,3413.14111
1549353600000,3419.07568
1549368000000,3416.62402
1549382400000,3420.40454
1549396800000,3425.67554
1549411200000,3379.63379
1549425600000,3380.59595
1549440000000,3370.19434
1549454400000,3366.56543
1549468800000,3361.58032
1549483200000,3364.4126
1549497600000,3369.31812
1549512000000,3366.62549
1549526400000,3367.35889
1549540800000,3364.69873
1549555200000,3357.75317
1549569600000,3357.30713
1549584000000,3360.771
1549598400000,3356.90063
1549612800000,3381.93799
1549627200000,3434.61621
1549641600000,3616.35596
1549656000000,3610.79053
1549670400000,3605.22827
1549684800000,3622.78247
1549699200000,3628.10986
1549713600000,3608.45483
1549728000000,3616.48413
1549742400000,3627.30176
1549756800000,3616.85693
1549771200000,3600.3335
1549785600000,3606.41064
1549800000000,3598.71094
1549814400000,3607.93311
1549828800000,3645.59644
1549843200000,3596.34497
1549857600000,3599.26294
1549872000000,3592.54541
1549886400000,3597.99658
1549900800000,3598.59058
1549915200000,3590.60449
1549929600000,3577.46509
1549944000000,3578.88477
1549958400000,3573.17383
1549972800000,3573.26318
1549987200000,3596.43311
1550001600000,3586.94507
1550016000000,3594.45483
1550030400000,3589.23315
1550044800000,3574.7168
1550059200000,3568.99414
1550073600000,3576.28638
1550088000000,3576.6001
1550102400000,3574.16138
1550116800000,3569.26953
1550131200000,3556.95825
1550145600000,3568.20581
1550160000000,3571.9043
1550174400000,3559.7627
1550188800000,3574.59082
1550203200000,3574.27148
1550217600000,3573.80127
1550232000000,3557.4314
1550246400000,3565.17456
1550260800000,3566.16577
1550275200000,3581.84741
1550289600000,3582.98462
1550304000000,3586.66064
1550318400000,3594.82349
1550332800000,3591.89111
1550347200000,3582.61328
1550361600000,3587.24609
1550376000000,3595.86694
1550390400000,3580.92065
1550404800000,3570.18091
1550419200000,3572.3479
1550433600000,3616.02881
1550448000000,3670.92432
1550462400000,3678.72656
1550476800000,3697.16162
1550491200000,3802.28198
1550505600000,3863.17993
1550520000000,3863.73877
1550534400000,3864.75513
1550548800000,3889.33984
1550563200000,3874.50146
1550577600000,3955.4624
1550592000000,3947.13843
1550606400000,3892.81445
1550620800000,3899.99048
1550635200000,3897.78418
1550649600000,3923.56494
1550664000000,3906.1582
1550678400000,3922.03345
1550692800000,3939.40259
1550707200000,3941.85181
1550721600000,3930.92578
1550736000000,3897.27686
1550750400000,3895.54224
1550764800000,3891.24902
1550779200000,3895.0498
1550793600000,3908.19214
1550808000000,3894.66479
1550822400000,3925.39746
1550836800000,3929.44507
1550851200000,3936.29346
1550865600000,3942.6748
1550880000000,3937.46387
1550894400000,3928.91211
1550908800000,3942.79126
1550923200000,3923.72656
1550937600000,4091.27441
1550952000000,4103.40723
1550966400000,4151.40869
1550980800000,4155.51367
1550995200000,4131.69482
1551009600000,3790.03125
1551024000000,3786.89917
1551038400000,3745.71045
1551052800000,3770.93848
1551067200000,3756.68823
1551081600000,3777.13647
1551096000000,3786.21777
1551110400000,3837.03516
1551124800000,3816.45166
1551139200000,3821.08179
1551153600000,3788.01392
1551168000000,3787.87061
1551182400000,3807.66602
1551196800000,3801.29785
1551211200000,3796.01538
1551225600000,3798.30933
1551240000000,3806.17578
1551254400000,3809.28784
1551268800000,3796.96191
1551283200000,3798.34595
1551297600000,3796.16431
1551312000000,3800.68018
1551326400000,3799.80078
1551340800000,3818.67554
1551355200000,3835.8501
1551369600000,3799.73438
1551384000000,3789.90576
1551398400000,3803.63477
1551412800000,3802.5813
1551427200000,3804.67407
1551441600000,3811.17188
1551456000000,3822.78833
1551470400000,3802.7124
1551484800000,3811.44971
1551499200000,3792.97754
1551513600000,3811.48169
1551528000000,3797.85132
1551542400000,3802.73877
1551556800000,3808.66504
1551571200000,3804.33325
1551585600000,3805.3645
1551600000000,3807.54175
1551614400000,3788.14771
1551628800000,3789.08228
1551643200000,3787.0127
1551657600000,3780.12793
1551672000000,3725.74927
1551686400000,3708.37817
1551700800000,3704.52612
1551715200000,3701.81299
1551729600000,3698.58667
1551744000000,3693.2207
1551758400000,3709.66016
1551772800000,3718.21899
1551787200000,3811.24902
1551801600000,3836.86621
1551816000000,3836.80981
1551830400000,3818.89355
1551844800000,3839.43457
1551859200000,3852.59277
1551873600000,3845.16455
1551888000000,3843.5437
1551902400000,3849.42456
1551916800000,3868.27954
1551931200000,3858.56787
1551945600000,3850.33472
1551960000000,3862.25269
1551974400000,3860.74585
1551988800000,3854.02759
1552003200000,3853.88867
1552017600000,3867.21216
1552032000000,3870.19263
1552046400000,3880.27148
1552060800000,3892.57422
1552075200000,3843.86279
1552089600000,3858.948
1552104000000,3892.43726
1552118400000,3890.2085
1552132800000,3915.50098
1552147200000,3906.56323
1552161600000,3915.28101
1552176000000,3900.91528
1552190400000,3886.03296
1552204800000,3892.58521
1552219200000,3888.16479
1552233600000,3880.94873
1552248000000,3897.51343
1552262400000,3907.41357
1552276800000,3864.91187
1552291200000,3857.51343
1552305600000,3839.70312
1552320000000,3838.74512
1552334400000,3845.74243
1552348800000,3808.88306
1552363200000,3822.35962
1552377600000,3856.75146
1552392000000,3844.47363
1552406400000,3848.59131
1552420800000,3856.56323
1552435200000,3867.33496
1552449600000,3859.34351
1552464000000,3841.85474
1552478400000,3851.04736
1552492800000,3851.18066
1552507200000,3848.70215
1552521600000,3850.39624
1552536000000,3838.29297
1552550400000,3842.62671
1552564800000,3851.15918
1552579200000,3846.29077
1552593600000,3853.04688
1552608000000,3857.6521
1552622400000,3852.85449
1552636800000,3879.57007
1552651200000,3891.45898
1552665600000,3894.48633
1552680000000,3896.31738
1552694400000,3951.12305
1552708800000,3995.18799
1552723200000,4001.25146
1552737600000,3976.33984
1552752000000,3979.05859
1552766400000,3989.7229
1552780800000,3954.96802
1552795200000,3957.83057
1552809600000,3966.80737
1552824000000,3969.33667
1552838400000,3967.74829
1552852800000,3962.12378
1552867200000,3983.00635
1552881600000,3955.46533
1552896000000,3958.35498
1552910400000,3964.95532
1552924800000,3958.20093
1552939200000,3967.6748
1552953600000,3970.3938
1552968000000,3958.50562
1552982400000,3966.59448
1552996800000,3975.45508
1553011200000,3988.14453
1553025600000,3993.49805
1553040000000,3976.0354
1553054400000,3987.80542
1553068800000,3992.77026
1553083200000,3991.90601
1553097600000,4005.72974
1553112000000,4026.58472
1553126400000,4026.33374
1553140800000,4030.76294
1553155200000,4033.25635
1553169600000,3971.48657
1553184000000,3978.96777
1553198400000,3977.21753
1553212800000,3970.70264
1553227200000,3966.05322
1553241600000,3978.34497
1553256000000,3980.3418
1553270400000,3984.65625
1553284800000,3980.91821
1553299200000,3994.03247
1553313600000,3988.96216
1553328000000,3977.23413
1553342400000,3977.06616
1553356800000,3971.83228
1553371200000,3978.55029
1553385600000,3971.32373
1553400000000,3961.45898
1553414400000,3971.75464
1553428800000,3967.24146
1553443200000,3959.86157
1553457600000,3966.43018
1553472000000,3969.33228
1553486400000,3962.87524
1553500800000,3969.26001
1553515200000,3946.13477
1553529600000,3900.8418
1553544000000,3909.15796
1553558400000,3909.74829
1553572800000,3898.71436
1553587200000,3893.88013
1553601600000,3909.90283
1553616000000,3909.33521
1553630400000,3911.44482
1553644800000,3970.50562
1553659200000,3971.89331
1553673600000,4009.74512
1553688000000,4010.97559
1553702400000,4003.5437
1553716800000,4025.82227
1553731200000,4005.93384
1553745600000,4013.37744
1553760000000,4001.6521
1553774400000,4013.76978
1553788800000,4008.53882
1553803200000,4008.45874
1553817600000,4022.03564
1553832000000,4031.12354
1553846400000,4090.46509
1553860800000,4074.03516
1553875200000,4074.33105
1553889600000,4087.56494
1553904000000,4090.25659
1553918400000,4087.13062
1553932800000,4080.65405
1553947200000,4067.65991
1553961600000,4076.51318
1553976000000,4088.11011
1553990400000,4082.41724
1554004800000,4077.88989
1554019200000,4095.47876
1554033600000,4081.31592
1554048000000,4091.65112
1554062400000,4092.10645
1554076800000,4129.0127
1554091200000,4116.26416
1554105600000,4106.80713
1554120000000,4133.38818
1554134400000,4124.88232
1554148800000,4132.61279
1554163200000,4174.98486
1554177600000,4684.45557
1554192000000,4773.24561
1554206400000,4741.47461
1554220800000,4764.08398
1554235200000,4905.22705
1554249600000,5051.22852
1554264000000,4963.37646
1554278400000,4971.49561
1554292800000,5008.76318
1554307200000,5136.42627
1554321600000,4983.51904
1554336000000,4968.66602
1554350400000,5038.24219
1554364800000,4990.87158
1554379200000,5005.79492
1554393600000,4840.58545
1554408000000,4912.85986
1554422400000,4900.81445
1554436800000,4935.1543
1554451200000,4997.83301
1554465600000,4985.86377
1554480000000,5014.02002
1554494400000,5039.52393
1554508800000,4998.91699
1554523200000,5001.78662
1554537600000,5002.64844
1554552000000,5118.44629
1554566400000,5153.97119
1554580800000,5033.18164
1554595200000,5128.14062
1554609600000,5134.56689
1554624000000,5110.95898
1554638400000,5119.86621
1554652800000,5128.78906
1554667200000,5188.57666
1554681600000,5253.15723
1554696000000,5249.9541
1554710400000,5143.71729
1554724800000,5236.55322
1554739200000,5199.52734
1554753600000,5285.3335
1554768000000,5240.41357
1554782400000,5220.35596
1554796800000,5211.22217
1554811200000,5208.40576
1554825600000,5212.74658
1554840000000,5187.78564
1554854400000,5218.9248
1554868800000,5245.8623
1554883200000,5238.27539
1554897600000,5282.47461
1554912000000,5398.30029
1554926400000,5315.10303
1554940800000,5201.0332
1554955200000,5205.3374
1554969600000,5055.55371
1554984000000,5038.50146
1554998400000,5074.53369
1555012800000,5042.84912
1555027200000,5022.51367
1555041600000,5035.1543
1555056000000,5071.85693
1555070400000,5068.99463
1555084800000,5053.7998
1555099200000,5075.26514
1555113600000,5101.76367
1555128000000,5086.33105
1555142400000,5060.43018
1555156800000,5085.90283
1555171200000,5081.06152
1555185600000,5065.72656
1555200000000,5054.1582
1555214400000,5064.97021
1555228800000,5064.43506
1555243200000,5072.98535
1555257600000,5084.90186
1555272000000,5155.69678
1555286400000,5157.14111
1555300800000,5155.40039
1555315200000,5133.12598
1555329600000,5153.21338
1555344000000,5013.50391
1555358400000,5032.50879
1555372800000,5050.17871
1555387200000,5066.24219
1555401600000,5066.73584
1555416000000,5080.39307
1555430400000,5186.87988
1555444800000,5199.96533
1555459200000,5223.89502
1555473600000,5216.04932
1555488000000,5247.4873
1555502400000,5206.85449
1555516800000,5239.62842
1555531200000,5228.70068
1555545600000,5272.08984
1555560000000,5264.64404
1555574400000,5236.97656
1555588800000,5250.47754
1555603200000,5291.61084
1555617600000,5276.91992
1555632000000,5227.43408
1555646400000,5246.15869
1555660800000,5259.3623
1555675200000,5278.46533
1555689600000,5297.47559
1555704000000,5286.69971
1555718400000,5303.88086
1555732800000,5328.1709
1555747200000,5308.25244
1555761600000,5316.09473
1555776000000,5317.92969
1555790400000,5319.0542
1555804800000,5334.64111
1555819200000,5317.12012
1555833600000,5262.84277
1555848000000,5282.01123
1555862400000,5259.30859
1555876800000,5294.12598
1555891200000,5258.67578
1555905600000,5275.97314
1555920000000,5309.05664
1555934400000,5305.16064
1555948800000,5377.73926
1555963200000,5380.19189
1555977600000,5422.68311
1555992000000,5532.56689
1556006400000,5546.83789
1556020800000,5557.06689
1556035200000,5584.11572
1556049600000,5532.69385
1556064000000,5576.33594
1556078400000,5470.83447
1556092800000,5435.71387
1556107200000,5461.4624
1556121600000,5428.96924
1556136000000,5439.86182
1556150400000,5437.75684
1556164800000,5423.28564
1556179200000,5465.61719
1556193600000,5456.4209
1556208000000,5481.39404
1556222400000,5129.3125
1556236800000,5205.5127
1556251200000,5168.58789
1556265600000,5154.33301
1556280000000,5134.59326
1556294400000,5076.91211
1556308800000,5147.96484
1556323200000,5135.31494
1556337600000,5166.32764
1556352000000,5160.37646
1556366400000,5151.34619
1556380800000,5193.90918
1556395200000,5162.53223
1556409600000,5164.25537
1556424000000,5175.35254
1556438400000,5205.81982
1556452800000,5188.94678
1556467200000,5140.32324
1556481600000,5154.48975
1556496000000,5171.66504
1556510400000,5154.2124
1556524800000,5148.97363
1556539200000,5142.50635
1556553600000,5145.75537
1556568000000,5140.75098
1556582400000,5144.72314
1556596800000,5144.93213
1556611200000,5206.16406
1556625600000,5247.59619
1556640000000,5228.18994
1556654400000,5261.97998
1556668800000,5311.58008
1556683200000,5306.71777
1556697600000,5310.41016
1556712000000,5288.20654
1556726400000,5298.52051
1556740800000,5315.87744
1556755200000,5333.05615
1556769600000,5332.11816
1556784000000,5357.83838
1556798400000,5392.88721
1556812800000,5389.55615
1556827200000,5386.89941
1556841600000,5462.77832
1556856000000,5579.32617
1556870400000,5694.20361
1556884800000,5708.9209
1556899200000,5669.62891
1556913600000,5660.05469
1556928000000,5738.52734
1556942400000,5736.48828
1556956800000,5722.66211
1556971200000,5554.87256
1556985600000,5602.7041
1557000000000,5774.69727
1557014400000,5748.73877
1557028800000,5702.93896
1557043200000,5711.04297
1557057600000,5706.08252
1557072000000,5694.91064
1557086400000,5715.03662
1557100800000,5622.10986
1557115200000,5587.76562
1557129600000,5640.29785
1557144000000,5648.27539
1557158400000,5727.31543
1557172800000,5681.81006
1557187200000,5886.7915
1557201600000,5873.2207
1557216000000,5880.51953
1557230400000,5858.6958
1557244800000,5840.32129
1557259200000,5740.95996
1557273600000,5777.74365
1557288000000,5821.67676
1557302400000,5840.71777
1557316800000,5885.67627
1557331200000,5897.42236
1557345600000,5933.66992
1557360000000,6031.88965
1557374400000,6051.8042
1557388800000,6028.95654
1557403200000,5992.11523
1557417600000,6054.73779
1557432000000,6138.94092
1557446400000,6267.35254
1557460800000,6308.61426
1557475200000,6284.91211
1557489600000,6308.75244
1557504000000,6369.479
1557518400000,6342.09277
1557532800000,6537.38086
1557547200000,6787.01221
1557561600000,6782.56543
1557576000000,6937.31934
1557590400000,6941.86621
1557604800000,7239.7207
1557619200000,7155.15283
1557633600000,7528.82227
1557648000000,7205.52295
1557662400000,6890.75098
1557676800000,7032.09229
1557691200000,6978.97949
1557705600000,7009.28223
1557720000000,7021.69287
1557734400000,7261.86816
1557748800000,7845.70459
1557763200000,7902.57764
1557777600000,7822.88867
1557792000000,7971.17725
1557806400000,8330.07715
1557820800000,8040.28174
1557835200000,7950.33887
1557849600000,7788.74658
1557864000000,7997.36182
1557878400000,8070.06348
1557892800000,7917.479
1557907200000,7979.26758
1557921600000,8021.39209
1557936000000,8204.81055
1557950400000,8208.15234
1557964800000,8252.14355
1557979200000,8009.57861
1557993600000,7867.54639
1558008000000,8026.09912
1558022400000,7840.52686
1558036800000,7886.19189
1558051200000,7297.43262
1558065600000,7284.71484
1558080000000,7168.32959
1558094400000,7088.26123
1558108800000,7141.13428
1558123200000,7348.33398
1558137600000,7375.11133
1558152000000,7322.60889
1558166400000,7317.73828
1558180800000,7353.09717
1558195200000,7239.70898
1558209600000,7258.41309
1558224000000,7945.13525
1558238400000,7978.36621
1558252800000,8035.72607
1558267200000,7994.9502
1558281600000,7960.58398
1558296000000,8205.71484
1558310400000,8066.80859
1558324800000,7915.53076
1558339200000,7870.7627
1558353600000,7838.94727
1558368000000,7814.07227
1558382400000,8010.229
1558396800000,7933.81299
1558411200000,7940.97949
1558425600000,7881.11621
1558440000000,7933.62256
1558454400000,8023.73877
1558468800000,7957.87793
1558483200000,7939.2373
1558497600000,7923.44385
1558512000000,7821.98926
1558526400000,7989.05322
1558540800000,7929.66602
1558555200000,7625.30811
1558569600000,7671.87061
1558584000000,7600.25244
1558598400000,7593.67773
1558612800000,7771.28857
1558627200000,7785.84424
1558641600000,7869.23096
1558656000000,7880.11035
1558670400000,7884.25488
1558684800000,8040.33545
1558699200000,8113.61426
1558713600000,8076.84229
1558728000000,8001.22021
1558742400000,8017.83301
1558756800000,8005.87305
1558771200000,8112.96484
1558785600000,8070.54004
1558800000000,8016.87598
1558814400000,8068.62646
1558828800000,8016.79443
1558843200000,8003.49365
1558857600000,7937.10986
1558872000000,8028.88867
1558886400000,8619.97363
1558900800000,8744.87109
1558915200000,8767.93945
1558929600000,8787.52344
1558944000000,8721.12793
1558958400000,8856.79785
1558972800000,8809.31543
1558987200000,8781.99609
1559001600000,8799.80762
1559016000000,8757.76074
1559030400000,8762.6875
1559044800000,8712.97266
1559059200000,8699.86719
1559073600000,8721.63379
1559088000000,8634.53027
1559102400000,8542.65527
1559116800000,8641.86035
1559131200000,8707.34961
1559145600000,8702.50879
1559160000000,8664.50391
1559174400000,8707.78613
1559188800000,8712.14648
1559203200000,8717.13184
1559217600000,8926.79004
1559232000000,8626.4668
1559246400000,8280.74609
1559260800000,8274.37012
1559275200000,8305.16504
1559289600000,8262.41504
1559304000000,8347.87988
1559318400000,8446.95508
1559332800000,8547.60645
1559347200000,8544.61719
1559361600000,8543.19238
1559376000000,8577.59863
1559390400000,8540.20215
1559404800000,8536.71777
1559419200000,8556.86914
1559433600000,8566.98926
1559448000000,8712.90723
1559462400000,8744.30664
1559476800000,8713.28125
1559491200000,8683.58594
1559505600000,8739.08594
1559520000000,8683.18848
1559534400000,8469.5127
1559548800000,8500.37012
1559563200000,8491.63086
1559577600000,8568.34863
1559592000000,8105.93555
1559606400000,7891.42285
1559620800000,7866.77344
1559635200000,7897.09521
1559649600000,7916.56299
1559664000000,7606.54395
1559678400000,7665.17139
1559692800000,7795.8374
1559707200000,7820.73193
1559721600000,7783.1499
1559736000000,7641.60791
1559750400000,7786.12988
1559764800000,7783.30566
1559779200000,7853.42285
1559793600000,7766.31006
1559808000000,7847.45117
1559822400000,7712.58545
1559836800000,7594.72607
1559851200000,7802.91455
1559865600000,7808.85254
1559880000000,7938.979
1559894400000,7917.4375
1559908800000,7940.71875
1559923200000,7968.12109
1559937600000,7996.88135
1559952000000,7953.40479
1559966400000,7941.47412
1559980800000,8009.76367
1559995200000,7942.22949
1560009600000,7835.2085
1560024000000,7928.22461
1560038400000,7890.64014
1560052800000,7914.00537
1560067200000,7876.79639
1560081600000,7742.27441
1560096000000,7745.17773
1560110400000,7633.53174
1560124800000,7660.31152
1560139200000,7715.13477
1560153600000,7938.57666
1560168000000,7939.23584
1560182400000,7975.90283
1560196800000,8017.34717
1560211200000,7965.91064
1560225600000,7945.40527
1560240000000,7794.24951
1560254400000,7786.29834
1560268800000,7892.26855
1560283200000,7914.06592
1560297600000,7989.62354
1560312000000,8004.01025
1560326400000,7998.59668
1560340800000,8193.91016
1560355200000,8168.24609
1560369600000,8175.0083
1560384000000,8124.38867
1560398400000,8131.13574
1560412800000,8128.80273
1560427200000,8189.31152
1560441600000,8236.64551
1560456000000,8231.73438
1560470400000,8209.14648
1560484800000,8260.48828
1560499200000,8268.67871
1560513600000,8407.19336
1560528000000,8402.35547
1560542400000,8690.06152
1560556800000,8651.99512
1560571200000,8706.31055
1560585600000,8685.02148
1560600000000,8799.76172
1560614400000,8864.73828
1560628800000,8856.22754
1560643200000,9017.61621
1560657600000,9346.59766
1560672000000,9144.36816
1560686400000,9237.90723
1560700800000,8933.50879
1560715200000,8979.04297
1560729600000,9171.59082
1560744000000,9161.08887
1560758400000,9316.88281
1560772800000,9201.24609
1560787200000,9315.77344
1560801600000,9349.17969
1560816000000,9275.03125
1560830400000,9133.52832
1560844800000,9186.74609
1560859200000,9090.4375
1560873600000,9076.49707
1560888000000,9084.43359
1560902400000,9144.31641
1560916800000,9187.12305
1560931200000,9140.0498
1560945600000,9097.56934
1560960000000,9145.9043
1560974400000,9284.75586
1560988800000,9348.75391
1561003200000,9279.81543
1561017600000,9281.62695
1561032000000,9387.53613
1561046400000,9523.68555
1561060800000,9531.60547
1561075200000,9753.0127
1561089600000,9758.95801
1561104000000,9834.46094
1561118400000,9815.89551
1561132800000,9901.25391
1561147200000,10267.2441
1561161600000,10630.9736
1561176000000,10687.9932
1561190400000,10879.0947
1561204800000,10815.5859
1561219200000,10670.8174
1561233600000,10698.1699
1561248000000,10762.6162
1561262400000,10713.9023
1561276800000,10603.0225
1561291200000,10740.4248
1561305600000,10971.2607
1561320000000,10849.7041
1561334400000,10647.4961
1561348800000,10776.8584
1561363200000,10880.2051
1561377600000,10917.5664
1561392000000,10906.6875
1561406400000,11046.9336
1561420800000,11143.5869
1561435200000,11359.6934
1561449600000,11390.5166
1561464000000,11355.2666
1561478400000,11366.915
1561492800000,11761.6006
1561507200000,12246.4541
1561521600000,12479.4863
1561536000000,12653.6074
1561550400000,12843.2803
1561564800000,13884.5801
1561579200000,12938.1758
1561593600000,12811.8252
1561608000000,12423.8652
1561622400000,12094.3018
1561636800000,11695.8447
1561651200000,10869.5635
1561665600000,11163.0664
1561680000000,11085.9814
1561694400000,11265.6182
1561708800000,12068.3115
1561723200000,11904.7275
1561737600000,12340.5859
1561752000000,12379.585
1561766400000,11488.4619
1561780800000,11829.2178
1561795200000,11943.4346
1561809600000,11893.0664
1561824000000,11868.3984
1561838400000,11873.2803
1561852800000,12141.9395
1561867200000,11710.3457
1561881600000,11515.1943
1561896000000,11050.1367
1561910400000,11224.2393
1561924800000,10769.5254
1561939200000,11084.6689
1561953600000,10912.6787
1561968000000,10977.7197
1561982400000,10341.9756
1561996800000,10199.2764
1562011200000,10575.6201
1562025600000,10309.8164
1562040000000,9842.79199
1562054400000,9988.51367
1562068800000,10600.6699
1562083200000,10761.0693
1562097600000,10839.0088
1562112000000,11319.0156
1562126400000,11263.4688
1562140800000,11209.0664
1562155200000,11457.9688
1562169600000,11280.6211
1562184000000,11983.1611
1562198400000,11908.6104
1562212800000,11715.2217
1562227200000,11752.7793
1562241600000,11784.7412
1562256000000,11881.7852
1562270400000,11151.3359
1562284800000,11131.0684
1562299200000,10966.7715
1562313600000,11203.0449
1562328000000,11261.6348
1562342400000,11137.0322
1562356800000,10994.6123
1562371200000,11529.9912
1562385600000,11470.6611
1562400000000,11426.6592
1562414400000,11634.4951
1562428800000,11525.3672
1562443200000,11237.3594
1562457600000,11148.4756
1562472000000,11198.9258
1562486400000,11344.1963
1562500800000,11246.332
1562515200000,11577.0674
1562529600000,11478.2529
1562544000000,11414.0576
1562558400000,11486.6816
1562572800000,11967.6543
1562587200000,11898.2539
1562601600000,12218.6445
1562616000000,12291.1436
1562630400000,12678.4854
1562644800000,12485.7275
1562659200000,12350.6406
1562673600000,12414.9375
1562688000000,12512.7949
1562702400000,12566.4287
1562716800000,12990.3721
1562731200000,12902.6934
1562745600000,13006.5215
1562760000000,12371.9844
1562774400000,12073.9561
1562788800000,12099.25
1562803200000,11704.2969
1562817600000,11615.4316
1562832000000,11601.6543
1562846400000,11546.2979
1562860800000,11594.959
1562875200000,11335.3389
1562889600000,11182.8193
1562904000000,11673.9141
1562918400000,11693.3193
1562932800000,11527.0537
1562947200000,11642.5332
1562961600000,11804.0225
1562976000000,11626.2012
1562990400000,11514.25
1563004800000,11301.6816
1563019200000,11413.5645
1563033600000,11183.6865
1563048000000,11371.3604
1563062400000,11292.7832
1563076800000,11138.3584
1563091200000,10682.1875
1563105600000,10432.7021
1563120000000,10486.7842
1563134400000,10193.6338
1563148800000,10245.6279
1563163200000,10330.3164
1563177600000,10299.3223
1563192000000,10556.3662
1563206400000,10848.3125
1563220800000,10854.625
1563235200000,10725.4619
1563249600000,10766.4932
1563264000000,10713.4229
1563278400000,10517.373
1563292800000,9680.61426
1563307200000,9426.05078
1563321600000,9419.23926
1563336000000,9578.28418
1563350400000,9180.35156
1563364800000,9732.53906
1563379200000,9746.50293
1563393600000,9691.36523
1563408000000,9738.3291
1563422400000,9809.3457
1563436800000,9767.83301
1563451200000,10451.9697
1563465600000,10525.6357
1563480000000,10642.2578
1563494400000,10604.2734
1563508800000,10643.9375
1563523200000,10296.1514
1563537600000,10406.0869
1563552000000,10401.8584
1563566400000,10521.4248
1563580800000,10526.1396
1563595200000,10594.5938
1563609600000,10591.002
1563624000000,10655.0117
1563638400000,10930.0352
1563652800000,10762.7539
1563667200000,10585.459
1563681600000,10604.8047
1563696000000,10570.3633
1563710400000,10448.8418
1563724800000,10413.3262
1563739200000,10585.7812
1563753600000,10616.3174
1563768000000,10598.1816
1563782400000,10562.3535
1563796800000,10231.9971
1563811200000,10142.0361
1563825600000,10322.9775
1563840000000,10233.9053
1563854400000,10023.3613
1563868800000,10011.5771
1563883200000,9945.81543
1563897600000,10135.7188
1563912000000,9845.87695
1563926400000,9635.19922
1563940800000,9690.45703
1563955200000,9705.47656
1563969600000,9895.86035
1563984000000,9650.80078
1563998400000,9769.21094
1564012800000,10117.7715
1564027200000,10068.8643
1564041600000,10096.9316
1564056000000,9992.61816
1564070400000,9867.77832
1564084800000,9875.93066
1564099200000,9709.34668
1564113600000,9769.57617
1564128000000,9800.79004
1564142400000,9792.47949
1564156800000,9859.83398
1564171200000,9844.875
1564185600000,10141.375
1564200000000,10082.4658
1564214400000,9491.04102
1564228800000,9428.40332
1564243200000,9402.34277
1564257600000,9465.26562
1564272000000,9459.87598
1564286400000,9477.96191
1564300800000,9518.7373
1564315200000,9501.36914
1564329600000,9529.19238
1564344000000,9531.71582
1564358400000,9627.01855
1564372800000,9595.85742
1564387200000,9455.60352
1564401600000,9511.70605
1564416000000,9469.80176
1564430400000,9503.45215
1564444800000,9424.9082
1564459200000,9499.02441
1564473600000,9535.52051
1564488000000,9702.34277
1564502400000,9603.75293
1564516800000,9592.56934
1564531200000,9684.33301
1564545600000,9742.42871
1564560000000,9761.47266
1564574400000,10046.5146
1564588800000,10000.7451
1564603200000,10086.6582
1564617600000,10009.0068
1564632000000,9977.69434
1564646400000,9978.06934
1564660800000,10024.9365
1564675200000,10284.1748
1564689600000,10410.166
1564704000000,10361.7822
1564718400000,10548.0977
1564732800000,10488.2822
1564747200000,10615.3447
1564761600000,10471.8496
1564776000000,10531.6416
1564790400000,10783.2539
1564804800000,10830.8242
1564819200000,10770.4316
1564833600000,10760.9727
1564848000000,10871.9482
1564862400000,10821.3096
1564876800000,10783.3262
1564891200000,10695.8018
1564905600000,10695.8457
1564920000000,10983.9395
1564934400000,10959.7266
1564948800000,10983.5352
1564963200000,11588.2148
1564977600000,11704.8496
1564992000000,11811.1719
1565006400000,11789.1211
1565020800000,11765.502
1565035200000,11817.1494
1565049600000,11684.6279
1565064000000,12213.7588
1565078400000,11785.7627
1565092800000,11720.9834
1565107200000,11707.5859
1565121600000,11472.1514
1565136000000,11628.3887
1565150400000,11529.1846
1565164800000,11744.8262
1565179200000,11666.2432
1565193600000,11772.0312
1565208000000,11989.6738
1565222400000,11963.1631
1565236800000,11918.9297
1565251200000,11826.8818
1565265600000,11695.0283
1565280000000,11575.2188
1565294400000,12023.1934
1565308800000,11882.6133
1565323200000,11856.1465
1565337600000,11702.582
1565352000000,11713.127
1565366400000,11804.5879
1565380800000,11873.999
1565395200000,11841.4707
1565409600000,11838.8076
1565424000000,11346.6133
1565438400000,11393.7402
1565452800000,11307.3828
1565467200000,11283.832
1565481600000,11376.7275
1565496000000,11349.292
1565510400000,11466.7178
1565524800000,11379.7188
1565539200000,11374.5225
1565553600000,11552.2871
1565568000000,11439.1436
1565582400000,11406.9424
1565596800000,11334.4092
1565611200000,11390.373
1565625600000,11444.2861
1565640000000,11398.0479
1565654400000,11395.8721
1565668800000,11350.2334
1565683200000,11252.8936
1565697600000,10922.0312
1565712000000,10904.54
1565726400000,10867.5967
1565740800000,10610.6846
1565755200000,10577.2529
1565769600000,10525.7754
1565784000000,10472.3232
1565798400000,10132.2686
1565812800000,10026.8545
1565827200000,9821.71973
1565841600000,9840.19141
1565856000000,10134.3838
1565870400000,10083.5117
1565884800000,10093.7412
1565899200000,10292.8115
1565913600000,10318.1572
1565928000000,9919.16895
1565942400000,10143.3135
1565956800000,10399.5752
1565971200000,10456.1689
1565985600000,10350.7695
1566000000000,10302.7744
1566014400000,10362.1943
1566028800000,10332.0605
1566043200000,10324.71
1566057600000,10159.3877
1566072000000,10207.4883
1566086400000,10117.2559
1566100800000,10132.4678
1566115200000,10412.124
1566129600000,10395.9619
1566144000000,10371.9863
1566158400000,10319.6289
1566172800000,10409.793
1566187200000,10721.7715
1566201600000,10697.916
1566216000000,10710.4697
1566230400000,10694.0059
1566244800000,10927.5
1566259200000,10800.0049
1566273600000,10824.9629
1566288000000,10719.7041
1566302400000,10733.1387
1566316800000,10741.7812
1566331200000,10777.2803
1566345600000,10295.8613
1566360000000,10115.4316
1566374400000,10157.3193
1566388800000,9972.27734
1566403200000,10094.6367
1566417600000,10127.7725
1566432000000,9864.92969
1566446400000,9966.78711
1566460800000,9962.75
1566475200000,10110.2891
1566489600000,10168.4102
1566504000000,10114.916
1566518400000,10149.915
1566532800000,10233.5234
1566547200000,10143.0254
1566561600000,10410.3408
1566576000000,10420.8262
1566590400000,10407.4473
1566604800000,10380.9834
1566619200000,10326.3535
1566633600000,10014.7559
1566648000000,9997.50293
1566662400000,10107.6377
1566676800000,10138.0986
1566691200000,10136.4551
1566705600000,10124.7207
1566720000000,10134.5361
1566734400000,10067.4658
1566748800000,10065.8125
1566763200000,10146.9424
1566777600000,10287.7002
1566792000000,10344.3682
1566806400000,10383.3682
1566820800000,10330.7295
1566835200000,10320.752
1566849600000,10370.9648
1566864000000,10181.8115
1566878400000,10172.249
1566892800000,10115.9707
1566907200000,10184.166
1566921600000,10159.4404
1566936000000,10180.585
1566950400000,10090.082
1566964800000,10161.665
1566979200000,10150.8193
1566993600000,10243.8389
1567008000000,9660.52637
1567022400000,9709.98145
1567036800000,9596.27832
1567051200000,9386.96387
1567065600000,9453.68359
1567080000000,9497.99609
1567094400000,9486.20312
1567108800000,9492.22949
1567123200000,9466.24121
1567137600000,9462.19434
1567152000000,9559.24414
1567166400000,9583.0127
1567180800000,9573.59863
1567195200000,9579.55176
1567209600000,9620.59277
1567224000000,9592.91895
1567238400000,9572.35059
1567252800000,9595.7002
1567267200000,9581.50781
1567281600000,9605.46875
1567296000000,9629.87793
1567310400000,9620.8252
1567324800000,9587.81152
1567339200000,9618.52246
1567353600000,9627.03223
1567368000000,9767.89062
1567382400000,9760.12598
1567396800000,9766.26562
1567411200000,9842.43555
1567425600000,9909.3457
1567440000000,10178.4512
1567454400000,10380.5586
1567468800000,10404.2402
1567483200000,10391.7627
1567497600000,10435.0195
1567512000000,10716.0391
1567526400000,10670.2783
1567540800000,10638.4609
1567555200000,10636.1992
1567569600000,10575.1592
1567584000000,10540.71
1567598400000,10429.8633
1567612800000,10724.6016
1567627200000,10585.376
1567641600000,10582.6133
1567656000000,10571.9629
1567670400000,10592.4961
1567684800000,10571.9482
1567699200000,10553.5879
1567713600000,10589.8477
1567728000000,10673.7607
1567742400000,10753.8818
1567756800000,10879.6084
1567771200000,10884.21
1567785600000,10392.125
1567800000000,10323.2334
1567814400000,10355.293
1567828800000,10390.1865
1567843200000,10428.7764
1567857600000,10479.0068
1567872000000,10500.8438
1567886400000,10494.0645
1567900800000,10561.7354
1567915200000,10545.3809
1567929600000,10418.5381
1567944000000,10407.3164
1567958400000,10349.4502
1567972800000,10388.3145
1567987200000,10301.5479
1568001600000,10134.3467
1568016000000,10417.7744
1568030400000,10312.2168
1568044800000,10289.2246
1568059200000,10305.4619
1568073600000,10295.21
1568088000000,10272.2891
1568102400000,10253.2764
1568116800000,10170.3994
1568131200000,9995.22266
1568145600000,10095.3486
1568160000000,10073.8535
1568174400000,10036.6377
1568188800000,10051.4229
1568203200000,9971.23633
1568217600000,10068.5918
1568232000000,10150.7549
1568246400000,10100.4697
1568260800000,10067.2168
1568275200000,10160.9844
1568289600000,10326.9551
1568304000000,10321.4932
1568318400000,10428.8301
1568332800000,10396.7881
1568347200000,10324.6182
1568361600000,10335.4824
1568376000000,10319.585
1568390400000,10219.5967
1568404800000,10366.6641
1568419200000,10317.2832
1568433600000,10340.9121
1568448000000,10311.6436
1568462400000,10377.0195
1568476800000,10387.2822
1568491200000,10365.6318
1568505600000,10333.6016
1568520000000,10336.2207
1568534400000,10330.3672
1568548800000,10318.3906
1568563200000,10308.7217
1568577600000,10308.582
1568592000000,10323.791
1568606400000,10313.8477
1568620800000,10284.8398
1568635200000,10135.2236
1568649600000,10135.3721
1568664000000,10269.0312
1568678400000,10250.5117
1568692800000,10212.9932
1568707200000,10174.8672
1568721600000,10211.3223
1568736000000,10263.3115
1568750400000,10187.2051
1568764800000,10223.8447
1568779200000,10221.9834
1568793600000,10167.4219
1568808000000,10186.8477
1568822400000,10183.8379
1568836800000,10165.9512
1568851200000,9817.05371
1568865600000,9885.92773
1568880000000,9864.72363
1568894400000,9882.50293
1568908800000,10107.7217
1568923200000,10270.2832
1568937600000,10224.8643
1568952000000,10153.5537
1568966400000,10171.9531
1568980800000,10174.0352
1568995200000,10154.5381
1569009600000,10179.7969
1569024000000,10136.291
1569038400000,10083.0107
1569052800000,10044.291
1569067200000,10039.4287
1569081600000,10005.5107
1569096000000,9971.40527
1569110400000,9870.09863
1569124800000,10020.4229
1569139200000,9997.68066
1569153600000,9980.70605
1569168000000,9980.7959
1569182400000,10019.7998
1569196800000,9963.73438
1569211200000,9887.63965
1569225600000,9906.19434
1569240000000,9857.37598
1569254400000,9789.05371
1569268800000,9687.57227
1569283200000,9705.05371
1569297600000,9740.19922
1569312000000,9710.17871
1569326400000,9490.60254
1569340800000,8379.06055
1569355200000,8534.65625
1569369600000,8599.33887
1569384000000,8346.43262
1569398400000,8324.43945
1569412800000,8291.55273
1569427200000,8352.68066
1569441600000,8439.70605
1569456000000,8373.92676
1569470400000,8388.21289
1569484800000,8397.95898
1569499200000,7920.83008
1569513600000,8116.66162
1569528000000,8044.67188
1569542400000,8011.12451
1569556800000,8040.60254
1569571200000,7978.59521
1569585600000,7996.62402
1569600000000,7999.00391
1569614400000,8186.94238
1569628800000,8186.75977
1569643200000,8223.18848
1569657600000,8148.67383
1569672000000,8092.70898
1569686400000,8163.04639
1569700800000,8210.41797
1569715200000,8139.19824
1569729600000,8102.89307
1569744000000,8092.37793
1569758400000,7971.88232
1569772800000,7959.58105
1569787200000,8053.39746
1569801600000,7979.9502
1569816000000,7790.75098
1569830400000,8037.44629
1569844800000,8284.86133
1569859200000,8277.50488
1569873600000,8293.71484
1569888000000,8425.88965
1569902400000,8423.3584
1569916800000,8376.75391
1569931200000,8391.6084
1569945600000,8315.33496
1569960000000,8320.49512
1569974400000,8274.95605
1569988800000,8223.03711
1570003200000,8286.97949
1570017600000,8240.5
1570032000000,8258.78906
1570046400000,8376.87305
1570060800000,8341.26562
1570075200000,8275.40137
1570089600000,8234.74512
1570104000000,8115.00098
1570118400000,8154.86133
1570132800000,8238.90527
1570147200000,8110.49805
1570161600000,8138.82178
1570176000000,8154.2168
1570190400000,8157.06836
1570204800000,8194.79199
1570219200000,8149.96484
1570233600000,8143.20752
1570248000000,8119.53271
1570262400000,8099.53857
1570276800000,8091.08105
1570291200000,8085.68848
1570305600000,8142.48633
1570320000000,8056.32031
1570334400000,7976.2583
1570348800000,7963.32861
1570363200000,8026.72705
1570377600000,7894.53809
1570392000000,7861.77246
1570406400000,7871.60938
1570420800000,7864.3335
1570435200000,7986.0791
1570449600000,8181.21143
1570464000000,8216.03809
1570478400000,8206.12988
1570492800000,8272.16797
1570507200000,8219.61816
1570521600000,8182.67773
1570536000000,8185.7168
1570550400000,8166.33154
1570564800000,8180.57275
1570579200000,8125.61377
1570593600000,8170.97266
1570608000000,8189.38818
1570622400000,8565.96875
1570636800000,8595.84961
1570651200000,8582.67871
1570665600000,8570.62207
1570680000000,8625.25977
1570694400000,8558.32129
1570708800000,8563.21875
1570723200000,8591.95312
1570737600000,8592.96387
1570752000000,8585.79492
1570766400000,8407.81543
1570780800000,8319.22949
1570795200000,8360.06055
1570809600000,8351.52832
1570824000000,8277.19531
1570838400000,8323.00781
1570852800000,8349.79004
1570867200000,8329.69336
1570881600000,8393.7627
1570896000000,8322.63477
1570910400000,8316.33105
1570924800000,8348.55176
1570939200000,8333.66797
1570953600000,8371
1570968000000,8423.00391
1570982400000,8446.08984
1570996800000,8289.78809
1571011200000,8304.24316
1571025600000,8316.48535
1571040000000,8298.66699
1571054400000,8263.90625
1571068800000,8342.89941
1571083200000,8357.64062
1571097600000,8321.26758
1571112000000,8296.83887
1571126400000,8305.48047
1571140800000,8327.21289
1571155200000,8182.16309
1571169600000,8165.77637
1571184000000,8171.354
1571198400000,8144.19434
1571212800000,8056.08838
1571227200000,7951.86768
1571241600000,7960.4751
1571256000000,8000.58496
1571270400000,7970.48193
1571284800000,7975.16846
1571299200000,8067.42383
1571313600000,8076.59961
1571328000000,8061.17188
1571342400000,8079.02979
1571356800000,8077.41162
1571371200000,7919.12744
1571385600000,7928.80469
1571400000000,7923.35596
1571414400000,7952.37012
1571428800000,7958.0083
1571443200000,7948.64062
1571457600000,7940.76416
1571472000000,7953.36572
1571486400000,7994.65967
1571500800000,7981.84229
1571515200000,7963.12256
1571529600000,7919.51172
1571544000000,7918.59619
1571558400000,7947.81885
1571572800000,8026.38867
1571587200000,8233.56348
1571601600000,8221.69141
1571616000000,8228.13965
1571630400000,8229.61426
1571644800000,8241.32324
1571659200000,8198.2959
1571673600000,8202.02441
1571688000000,8212.02344
1571702400000,8214.96387
1571716800000,8225.25195
1571731200000,8287.29199
1571745600000,8222.64453
1571760000000,8175.40918
1571774400000,8033.4248
1571788800000,7963.65137
1571803200000,7970.38477
1571817600000,7978.62891
1571832000000,7433.19971
1571846400000,7494.91846
1571860800000,7472.57812
1571875200000,7411.99609
1571889600000,7428.18164
1571904000000,7443.54004
1571918400000,7446.02832
1571932800000,7478.41064
1571947200000,7421.54297
1571961600000,7448.7373
1571976000000,7470.57812
1571990400000,7582.55811
1572004800000,8288.75195
1572019200000,8627.41992
1572033600000,8654.64941
1572048000000,9607.25488
1572062400000,9513.45508
1572076800000,9246.08301
1572091200000,9214.05273
1572105600000,9035.71777
1572120000000,9267.60352
1572134400000,9174.66504
1572148800000,9181.28418
1572163200000,9301.76855
1572177600000,9551.16016
1572192000000,9738.43359
1572206400000,9549.63672
1572220800000,9653.82227
1572235200000,9480.41602
1572249600000,9429.82715
1572264000000,9414.98047
1572278400000,9432.52441
1572292800000,9234.18945
1572307200000,9311.91895
1572321600000,9471.87012
1572336000000,9448.9541
1572350400000,9373.95508
1572364800000,9244.10645
1572379200000,9440.68848
1572393600000,9299.81055
1572408000000,9173.09082
1572422400000,9120.29688
1572436800000,9103.93066
1572451200000,9215.48535
1572465600000,9166.00293
1572480000000,9118.38965
1572494400000,9114.14648
1572508800000,9128.40527
1572523200000,9242.40723
1572537600000,9240.86426
1572552000000,9159.74707
1572566400000,9089.20215
1572580800000,9127.10352
1572595200000,9185.02637
1572609600000,9102.76074
1572624000000,9192.48047
1572638400000,9258.93652
1572652800000,9262.14453
1572667200000,9241.40918
1572681600000,9271.86426
1572696000000,9341.83398
1572710400000,9340.93848
1572724800000,9319.42383
1572739200000,9357.37305
1572753600000,9269.88184
1572768000000,9178.68262
1572782400000,9190.58887
1572796800000,9158.17578
1572811200000,9209.66211
1572825600000,9160.44238
1572840000000,9195.99512
1572854400000,9277.97461
1572868800000,9308.3125
1572883200000,9275.01074
1572897600000,9418.12598
1572912000000,9438.92285
1572926400000,9232.10156
1572940800000,9303.47656
1572955200000,9387.92285
1572969600000,9405.04492
1572984000000,9320.54297
1572998400000,9321.42969
1573012800000,9406.26953
1573027200000,9395.21973
1573041600000,9350.23633
1573056000000,9309.17383
1573070400000,9352.06152
1573084800000,9302.62891
1573099200000,9255.18945
1573113600000,9207.08496
1573128000000,9188.83301
1573142400000,9202.43164
1573156800000,9212.61621
1573171200000,9235.10352
1573185600000,9136.2793
1573200000000,9019.17871
1573214400000,8802.01465
1573228800000,8806.06055
1573243200000,8774.2959
1573257600000,8832.29199
1573272000000,8817.17578
1573286400000,8822.67578
1573300800000,8802.33789
1573315200000,8767.63672
1573329600000,8813.70215
1573344000000,8775.99414
1573358400000,8845.17871
1573372800000,8840.4248
1573387200000,8804.99902
1573401600000,9042.74316
1573416000000,9034.31152
1573430400000,9016.53516
1573444800000,8803.81543
1573459200000,8731.16797
1573473600000,8708.56348
1573488000000,8750.2002
1573502400000,8719.12891
1573516800000,8737.81445
1573531200000,8767.20801
1573545600000,8733.36133
1573560000000,8677.86719
1573574400000,8765.73535
1573588800000,8816.3584
1573603200000,8723.16895
1573617600000,8731.41113
1573632000000,8761.8916
1573646400000,8736.09277
1573660800000,8764.45508
1573675200000,8763.75977
1573689600000,8758.37402
1573704000000,8646.2334
1573718400000,8615.78516
1573732800000,8627.73242
1573747200000,8635.28809
1573761600000,8632.74609
1573776000000,8546.54395
1573790400000,8554.11719
1573804800000,8619.03809
1573819200000,8470.58594
1573833600000,8481.99121
1573848000000,8465.36719
1573862400000,8453.12109
1573876800000,8478.97852
1573891200000,8473.25293
1573905600000,8492.7334
1573920000000,8474.74316
1573934400000,8485.13867
1573948800000,8476.74316
1573963200000,8423.63574
1573977600000,8528.68555
1573992000000,8530.3584
1574006400000,8557.92969
1574020800000,8512.46973
1574035200000,8485.34082
1574049600000,8448.45312
1574064000000,8434.18945
1574078400000,8405.62305
1574092800000,8207.70215
1574107200000,8185.64941
1574121600000,8142.95166
1574136000000,8115.61475
1574150400000,8065.90576
1574164800000,8096.41699
1574179200000,8095.13916
1574193600000,8124.60693
1574208000000,8122.13281
1574222400000,8116.72412
1574236800000,8081.38818
1574251200000,8120.72559
1574265600000,8077.05664
1574280000000,8082.04688
1574294400000,8108.35254
1574308800000,8075.21387
1574323200000,7855.57617
1574337600000,7604.88525
1574352000000,7620.01172
1574366400000,7619.82129
1574380800000,7590.00781
1574395200000,7551.375
1574409600000,7099.04102
1574424000000,7118.26025
1574438400000,7302.68359
1574452800000,7270.86865
1574467200000,7281.19922
1574481600000,7187.75391
1574496000000,7181.57617
1574510400000,7300.35107
1574524800000,7292.16113
1574539200000,7318.46143
1574553600000,7219.59229
1574568000000,7188.83984
1574582400000,7212.85986
1574596800000,6996.80811
1574611200000,7039.39355
1574625600000,6907.16992
1574640000000,6680.04102
1574654400000,6683.08154
1574668800000,6877.70996
1574683200000,7245.77832
1574697600000,7196.86816
1574712000000,7118.9917
1574726400000,7232.56055
1574740800000,7174.68018
1574755200000,7171.80957
1574769600000,7094.13867
1574784000000,7078.16016
1574798400000,7159.36182
1574812800000,7074.99609
1574827200000,7061.97754
1574841600000,7153.25781
1574856000000,7312.87988
1574870400000,7570.42236
1574884800000,7524.16797
1574899200000,7506.28467
1574913600000,7510.06494
1574928000000,7490.65088
1574942400000,7617.81787
1574956800000,7624.25684
1574971200000,7431.34473
1574985600000,7500.46143
1575000000000,7524.22314
1575014400000,7525.72998
1575028800000,7816.83496
1575043200000,7723.80371
1575057600000,7755.04443
1575072000000,7751.46045
1575086400000,7759.19141
1575100800000,7669.30029
1575115200000,7556.14111
1575129600000,7513.44336
1575144000000,7557.9126
1575158400000,7296.60449
1575172800000,7284.05371
1575187200000,7321.14648
1575201600000,7306.63232
1575216000000,7350.14795
1575230400000,7398.40283
1575244800000,7362.35254
1575259200000,7252.39307
1575273600000,7297.86914
1575288000000,7312.45312
1575302400000,7279.28516
1575316800000,7301.22412
1575331200000,7353.85303
1575345600000,7294.94629
1575360000000,7269.41602
1575374400000,7338.4834
1575388800000,7329.03711
1575403200000,7292.81641
1575417600000,7155.45654
1575432000000,7138.54639
1575446400000,7206.92383
1575460800000,7464.85645
1575475200000,7478.38281
1575489600000,7197.93652
1575504000000,7219.69775
1575518400000,7310.39111
1575532800000,7368.22266
1575547200000,7332.60498
1575561600000,7379.87402
1575576000000,7389.20947
1575590400000,7374.39404
1575604800000,7368.77246
1575619200000,7345.4165
1575633600000,7371.07617
1575648000000,7444.44775
1575662400000,7536.80762
1575676800000,7543.26953
1575691200000,7533.5835
1575705600000,7536.19971
1575720000000,7523.21436
1575734400000,7525.83057
1575748800000,7505.55811
1575763200000,7415.89941
1575777600000,7452.94482
1575792000000,7529.34473
1575806400000,7556.42627
1575820800000,7524.99951
1575835200000,7518.66064
1575849600000,7520.78174
1575864000000,7477.19336
1575878400000,7478.86279
1575892800000,7423.23047
1575907200000,7377.05713
1575921600000,7340.09814
1575936000000,7372.45801
1575950400000,7341.97754
1575964800000,7338.56641
1575979200000,7236.89551
1575993600000,7229.71973
1576008000000,7222.31396
1576022400000,7205.62061
1576036800000,7210.70947
1576051200000,7222.87256
1576065600000,7165.49316
1576080000000,7189.96094
1576094400000,7197.27637
1576108800000,7152.0127
1576123200000,7135.75928
1576137600000,7184.00293
1576152000000,7175.06006
1576166400000,7191.23486
1576180800000,7183.70508
1576195200000,7210.01709
1576209600000,7221.35107
1576224000000,7212.37158
1576238400000,7242.74756
1576252800000,7249.47607
1576267200000,7243.40479
1576281600000,7252.06299
1576296000000,7254.27197
1576310400000,7186.93506
1576324800000,7060.23389
1576339200000,7078.77148
1576353600000,7061.16699
1576368000000,7045.58594
1576382400000,7135.41895
1576396800000,7099.20264
1576411200000,7103.67334
1576425600000,7103.58301
1576440000000,7109.55566
1576454400000,7063.39258
1576468800000,7056.93262
1576483200000,7073.35352
1576497600000,7075.51367
1576512000000,6898.98193
1576526400000,6882.25391
1576540800000,6880.02832
1576555200000,6863.57861
1576569600000,6930.97314
1576584000000,6689.59863
1576598400000,6613.18604
1576612800000,6618.42041
1576627200000,6680.11182
1576641600000,6611.2207
1576656000000,6607.33203
1576670400000,6815.59424
1576684800000,6948.38379
1576699200000,7273.90332
1576713600000,7159.52441
1576728000000,7087.08008
1576742400000,7147.78955
1576756800000,7140.6333
1576771200000,7173.89648
1576785600000,7147.16553
1576800000000,7125.02881
1576814400000,7138.78027
1576828800000,7138.72217
1576843200000,7149.06885
1576857600000,7186.09326
1576872000000,7186.59229
1576886400000,7164.94482
1576900800000,7135.04492
1576915200000,7150.67432
1576929600000,7135.48535
1576944000000,7145.77734
1576958400000,7140.36279
1576972800000,7136.04639
1576987200000,7183.42139
1577001600000,7158.2207
1577016000000,7178.92773
1577030400000,7396.73828
1577044800000,7497.88623
1577059200000,7588.56836
1577073600000,7503.18994
1577088000000,7557.85205
1577102400000,7589.43799
1577116800000,7435.7041
1577131200000,7316.49072
1577145600000,7316.38037
1577160000000,7258.2124
1577174400000,7366.49561
1577188800000,7270.37891
1577203200000,7240.80176
1577217600000,7256.14258
1577232000000,7231.21289
1577246400000,7246.81494
1577260800000,7210.3833
1577275200000,7181.52344
1577289600000,7230.62354
1577304000000,7195.12158
1577318400000,7176.91846
1577332800000,7197.62402
1577347200000,7179.76172
1577361600000,7224.49316
1577376000000,7292.73975
1577390400000,7195.36719
1577404800000,7212.79785
1577419200000,7166.78516
1577433600000,7106.5083
1577448000000,7223.30371
1577462400000,7202.11279
1577476800000,7239.37598
1577491200000,7275.72266
1577505600000,7287.94287
1577520000000,7286.47363
1577534400000,7292.62402
1577548800000,7330.41553
1577563200000,7300.41064
1577577600000,7294.76416
1577592000000,7307.41211
1577606400000,7330.58154
1577620800000,7379.46045
1577635200000,7459.44238
1577649600000,7382.75977
1577664000000,7340.1582
1577678400000,7366.37549
1577692800000,7298.87109
1577707200000,7241.42773
1577721600000,7214.79297
1577736000000,7220.47217
1577750400000,7216.01318
1577764800000,7226.3833
1577779200000,7223.74707
1577793600000,7177.62158
1577808000000,7157.6499
1577822400000,7170.43799
1577836800000,7199.56299
1577851200000,7184.9624
1577865600000,7177.37598
1577880000000,7209.29639
1577894400000,7208.79932
1577908800000,7180.19043
1577923200000,7103.33398
1577937600000,7084.36768
1577952000000,7121.62354
1577966400000,7108.81104
1577980800000,6965.80713
1577995200000,6950.68262
1578009600000,6937.58984
1578024000000,7181.20215
1578038400000,7314.68945
1578052800000,7300.82764
1578067200000,7327.34961
1578081600000,7338.37793
1578096000000,7328.32129
1578110400000,7341.8623
1578124800000,7323.69629
1578139200000,7304.56494
1578153600000,7324.33008
1578168000000,7345.08154
1578182400000,7463.74414
1578196800000,7457.55469
1578211200000,7421.1626
1578225600000,7460.49121
1578240000000,7437.64746
1578254400000,7352.65527
1578268800000,7538.53125
1578283200000,7502.67773
1578297600000,7530.57715
1578312000000,7515.63525
1578326400000,7537.59375
1578340800000,7756.37744
1578355200000,7892.89355
1578369600000,7873.4668
1578384000000,7888.13086
1578398400000,7771.51416
1578412800000,8080.67773
1578427200000,8152.25488
1578441600000,8298.24805
1578456000000,8297.07812
1578470400000,8334.87305
1578484800000,8304.21191
1578499200000,7967.95703
1578513600000,8054.22803
1578528000000,7952.94775
1578542400000,7945.10986
1578556800000,7874.20605
1578571200000,7899.25488
1578585600000,7917.46777
1578600000000,7813.54346
1578614400000,7801.62305
1578628800000,7740.37207
1578643200000,7829.54395
1578657600000,8058.60986
1578672000000,8063.56055
1578686400000,8195.18555
1578700800000,8164.09229
1578715200000,8074.83252
1578729600000,8041.95117
1578744000000,8093.54248
1578758400000,8151.56006
1578772800000,8025.76855
1578787200000,8080.21777
1578801600000,8093.84229
1578816000000,8102.8418
1578830400000,8148.4248
1578844800000,8123.67773
1578859200000,8183.86914
1578873600000,8099.00146
1578888000000,8068.0791
1578902400000,8072.98682
1578916800000,8075.95898
1578931200000,8107.62061
1578945600000,8103.8042
1578960000000,8462.94434
1578974400000,8505.22754
1578988800000,8524.92285
1579003200000,8697.90527
1579017600000,8782.7041
1579032000000,8826.10449
1579046400000,8728.68848
1579060800000,8618.33691
1579075200000,8729.94727
1579089600000,8755.56055
1579104000000,8761.93555
1579118400000,8813.0957
1579132800000,8636.80566
1579147200000,8668.48047
1579161600000,8718.85352
1579176000000,8706.6123
1579190400000,8692.37402
1579204800000,8718.63477
1579219200000,8778.05859
1579233600000,8929.8125
1579248000000,8894.14746
1579262400000,8841.39648
1579276800000,8871.40234
1579291200000,8902.50879
1579305600000,8924.32031
1579320000000,8845.89355
1579334400000,8865.03027
1579348800000,8901.74316
1579363200000,8901.53223
1579377600000,8916.58105
1579392000000,9144.0166
1579406400000,9074.07617
1579420800000,8677.84082
1579435200000,8641.53711
1579449600000,8656.22168
1579464000000,8700.32227
1579478400000,8655.97754
1579492800000,8646.91406
1579507200000,8610.41602
1579521600000,8665.58691
1579536000000,8657.58203
1579550400000,8635.87695
1579564800000,8657.55078
1579579200000,8625.06836
1579593600000,8645.63379
1579608000000,8637.31641
1579622400000,8516.07422
1579636800000,8724.87109
1579651200000,8704.08887
1579665600000,8713.92676
1579680000000,8648.63281
1579694400000,8638.41699
1579708800000,8651.84375
1579723200000,8664.03711
1579737600000,8570.39453
1579752000000,8557.48145
1579766400000,8402.01172
1579780800000,8341.76172
1579795200000,8348.28613
1579809600000,8395.57715
1579824000000,8310.08105
1579838400000,8327.27051
1579852800000,8387.55762
1579867200000,8486.68652
1579881600000,8487.20508
1579896000000,8425.76074
1579910400000,8290.68164
1579924800000,8300.90137
1579939200000,8303.46875
1579953600000,8320.52148
1579968000000,8345.06152
1579982400000,8324.61035
1579996800000,8344.56348
1580011200000,8366.60156
1580025600000,8455.54883
1580040000000,8427.96289
1580054400000,8545.33789
1580068800000,8593.04199
1580083200000,8640.84277
1580097600000,8641.24805
1580112000000,8709.42285
1580126400000,8755.5918
1580140800000,8913.42188
1580155200000,8893.39062
1580169600000,9096.12305
1580184000000,9038.02441
1580198400000,9067.48633
1580212800000,9014.63379
1580227200000,9001.16406
1580241600000,9398.3623
1580256000000,9344.49316
1580270400000,9362.50977
1580284800000,9288.50977
1580299200000,9281.3916
1580313600000,9385.51855
1580328000000,9290.82812
1580342400000,9258.90039
1580356800000,9374.6084
1580371200000,9332.32422
1580385600000,9370.65137
1580400000000,9494.14844
1580414400000,9506.59863
1580428800000,9426.53516
1580443200000,9354.48438
1580457600000,9320.35352
1580472000000,9322.31348
1580486400000,9291.83984
1580500800000,9345.66211
1580515200000,9418.07227
1580529600000,9413.02148
1580544000000,9339.87305
1580558400000,9327.85059
1580572800000,9351.75195
1580587200000,9378.7627
1580601600000,9260.41895
1580616000000,9366.77148
1580630400000,9422.38379
1580644800000,9453.81836
1580659200000,9442.80371
1580673600000,9333.97852
1580688000000,9379.65527
1580702400000,9364.16406
1580716800000,9333.63672
1580731200000,9268.07129
1580745600000,9312.13477
1580760000000,9282.62988
1580774400000,9279.63672
1580788800000,9270.95996
1580803200000,9179.41113
1580817600000,9192.46582
1580832000000,9162.87695
1580846400000,9170.41699
1580860800000,9211.93066
1580875200000,9246.15918
1580889600000,9401.6416
1580904000000,9479.13477
1580918400000,9666.16992
1580932800000,9620.92969
1580947200000,9628.74512
1580961600000,9626.47266
1580976000000,9699.50977
1580990400000,9791.47852
1581004800000,9732.66211
1581019200000,9751.9668
1581033600000,9770.83496
1581048000000,9793.64941
1581062400000,9798.82617
1581076800000,9794.26758
1581091200000,9769.63574
1581105600000,9810.95801
1581120000000,9712.84961
1581134400000,9757.375
1581148800000,9825.35547
1581163200000,9841.91504
1581177600000,9864.97949
1581192000000,9908.0293
1581206400000,10055.8633
1581220800000,10137.9053
1581235200000,10117.9014
1581249600000,10112.2217
1581264000000,10087.1035
1581278400000,10168.7373
1581292800000,10101.8701
1581307200000,9997.00488
1581321600000,9819.58691
1581336000000,9882.84863
1581350400000,9837.51562
1581364800000,9855.56543
1581379200000,9734.16797
1581393600000,9739.20312
1581408000000,9807.63281
1581422400000,10218.3623
1581436800000,10294.7715
1581451200000,10274.7393
1581465600000,10311.8936
1581480000000,10411.1582
1581494400000,10371.5986
1581508800000,10346.4951
1581523200000,10343.0596
1581537600000,10364.4004
1581552000000,10412.2168
1581566400000,10354.1455
1581580800000,10153.6777
1581595200000,10274.4482
1581609600000,10269.4805
1581624000000,10243.6641
1581638400000,10260.7451
1581652800000,10124.8311
1581667200000,10270.9551
1581681600000,10264.833
1581696000000,10360.2139
1581710400000,10372.0205
1581724800000,10285.2139
1581739200000,10239.1055
1581753600000,10243.168
1581768000000,9986.97949
1581782400000,9903.56445
1581796800000,9915.87891
1581811200000,10011.2334
1581825600000,9969.31152
1581840000000,9934.57129
1581854400000,9882.34863
1581868800000,9771.65137
1581883200000,9935.7832
1581897600000,9829.89355
1581912000000,9769.70898
1581926400000,9647.44434
1581940800000,9659.2998
1581955200000,9689.91992
1581969600000,9711.54785
1581984000000,9738.23242
1581998400000,9813.79297
1582012800000,9732.06543
1582027200000,9856.71973
1582041600000,10068.6562
1582056000000,10188.9414
1582070400000,10172.7197
1582084800000,10079.1143
1582099200000,10238.1465
1582113600000,10147.3193
1582128000000,10179.1865
1582142400000,9609.75488
1582156800000,9573.02051
1582171200000,9611.4043
1582185600000,9577.00195
1582200000000,9586.56641
1582214400000,9557.89355
1582228800000,9614.67188
1582243200000,9713.73926
1582257600000,9688.26562
1582272000000,9713.33301
1582286400000,9737.03906
1582300800000,9694.85156
1582315200000,9703.59277
1582329600000,9683.31641
1582344000000,9615.26758
1582358400000,9654.06543
1582372800000,9652.24902
1582387200000,9692.68457
1582401600000,9675.90527
1582416000000,9809.97754
1582430400000,9910.72656
1582444800000,9860.99219
1582459200000,9898.78613
1582473600000,9908.37305
1582488000000,9968.18066
1582502400000,9777.99121
1582516800000,9765.36719
1582531200000,9830.17578
1582545600000,9722.41797
1582560000000,9602.55859
1582574400000,9664.5625
1582588800000,9591.2002
1582603200000,9524.23926
1582617600000,9639.16211
1582632000000,9395.65723
1582646400000,9356.64062
1582660800000,9322.3623
1582675200000,9169.71582
1582689600000,9142.55078
1582704000000,9149.00488
1582718400000,8987.44922
1582732800000,8822.34082
1582747200000,8786.7207
1582761600000,8736.14941
1582776000000,8819.98438
1582790400000,8799.9248
1582804800000,8847.46484
1582819200000,8913.02441
1582833600000,8820.3457
1582848000000,8843.97461
1582862400000,8732.11914
1582876800000,8580.91699
1582891200000,8720.44629
1582905600000,8573.10645
1582920000000,8710.78223
1582934400000,8735.40918
1582948800000,8770.44043
1582963200000,8711.21094
1582977600000,8670.06348
1582992000000,8683.93555
1583006400000,8536.8584
1583020800000,8618.21777
1583035200000,8545.81152
1583049600000,8651.1123
1583064000000,8559.88965
1583078400000,8543.25098
1583092800000,8528.99902
1583107200000,8607.73535
1583121600000,8617.8418
1583136000000,8751.63086
1583150400000,8829.05176
1583164800000,8886.88184
1583179200000,8916.48535
1583193600000,8877.04688
1583208000000,8764.04492
1583222400000,8883.4834
1583236800000,8754.78516
1583251200000,8718.68555
1583265600000,8763.89551
1583280000000,8792.22559
1583294400000,8815.2832
1583308800000,8728.63672
1583323200000,8709.51367
1583337600000,8749.61426
1583352000000,8761.73438
1583366400000,8882.5791
1583380800000,8906.00977
1583395200000,9108.8916
1583409600000,9094.11035
1583424000000,9170.06641
1583438400000,9076.22461
1583452800000,9057.23047
1583467200000,9114.33887
1583481600000,9144.12695
1583496000000,9034.7207
1583510400000,9106.92383
1583524800000,9159.11914
1583539200000,9115.56543
1583553600000,9111.80371
1583568000000,9118.46191
1583582400000,9137.63867
1583596800000,8911.45898
1583611200000,8911.07227
1583625600000,8767.74707
1583640000000,8757.38965
1583654400000,8757.86914
1583668800000,8404.56543
1583683200000,8302.76172
1583697600000,8047.8042
1583712000000,8077.07568
1583726400000,7910.18506
1583740800000,7813.59717
1583755200000,7765.54395
1583769600000,7844.87842
1583784000000,7930.15137
1583798400000,7906.61035
1583812800000,7897.97461
1583827200000,8069.29834
1583841600000,7762.74854
1583856000000,7975.87988
1583870400000,7888.61133
1583884800000,7921.95752
1583899200000,7863.79688
1583913600000,7834.28809
1583928000000,7786.75781
1583942400000,7834.35205
1583956800000,7937.84961
1583971200000,7661.58301
1583985600000,7385.87061
1584000000000,5978.16016
1584014400000,6138.36328
1584028800000,6059.60938
1584043200000,4585.86865
1584057600000,5252.0459
1584072000000,5349.78027
1584086400000,5463.26807
1584100800000,5188.8916
1584115200000,5394.20215
1584129600000,5589.23682
1584144000000,5610.42334
1584158400000,5519.51074
1584172800000,5498.26025
1584187200000,5329.99902
1584201600000,5408.08691
1584216000000,5168.89941
1584230400000,5165.80371
1584244800000,5257.61865
1584259200000,5430.77393
1584273600000,5314.82666
1584288000000,5311.13184
1584302400000,5344.78076
1584316800000,5253.22705
1584331200000,4777.92676
1584345600000,4544.59717
1584360000000,5143.63672
1584374400000,4946.31055
1584388800000,5033.80371
1584403200000,5341.70459
1584417600000,5370.61621
1584432000000,5280.29053
1584446400000,5379.65039
1584460800000,5396.22314
1584475200000,5328.15674
1584489600000,5408.20557
1584504000000,5161.55322
1584518400000,5158.10498
1584532800000,5346.60303
1584547200000,5347.84961
1584561600000,5407.79199
1584576000000,5296.41748
1584590400000,5430.19531
1584604800000,5638.99414
1584619200000,5915.07959
1584633600000,6229.56348
1584648000000,6179.83252
1584662400000,6162.47412
1584676800000,6323.81689
1584691200000,6675.58545
1584705600000,6628.90527
1584720000000,6200.03906
1584734400000,6211.18213
1584748800000,6264.80469
1584763200000,6153.10791
1584777600000,6117.50439
1584792000000,6217.59033
1584806400000,6222.52783
1584820800000,6190.05225
1584835200000,6358.43945
1584849600000,6308.0957
1584864000000,6162.41211
1584878400000,6089.59473
1584892800000,5922.16553
1584907200000,5818.42432
1584921600000,5965.00195
1584936000000,5862.28711
1584950400000,5847.97803
1584964800000,6238.28125
1584979200000,6278.47998
1584993600000,6488.75293
1585008000000,6544.69922
1585022400000,6591.20459
1585036800000,6753.21191
1585051200000,6605.9873
1585065600000,6719.5
1585080000000,6763.78467
1585094400000,6570.78955
1585108800000,6693.13281
1585123200000,6531.31006
1585137600000,6628.05566
1585152000000,6624.5835
1585166400000,6685.1543
1585180800000,6746.45996
1585195200000,6601.31787
1585209600000,6613.25879
1585224000000,6625.17188
1585238400000,6670.73242
1585252800000,6758.40479
1585267200000,6809.49805
1585281600000,6717.05811
1585296000000,6633.29785
1585310400000,6636.78809
1585324800000,6666.82275
1585339200000,6365.15137
1585353600000,6113.58203
1585368000000,6192.86084
1585382400000,6236.54688
1585396800000,6221.78271
1585411200000,6219.47656
1585425600000,6247.20703
1585440000000,6216.95654
1585454400000,6156.6665
1585468800000,6142.8042
1585483200000,6135.02393
1585497600000,5908.30713
1585512000000,5870.47852
1585526400000,6002.61279
1585540800000,6252.54834
1585555200000,6368.23389
1585569600000,6347.34082
1585584000000,6375.06201
1585598400000,6399.71191
1585612800000,6445.24316
1585627200000,6443.1001
1585641600000,6398.27783
1585656000000,6456.99707
1585670400000,6471.22852
1585684800000,6423.85645
1585699200000,6377.73535
1585713600000,6337.27148
1585728000000,6298.51904
1585742400000,6240.12598
1585756800000,6213.28564
1585771200000,6664.77881
1585785600000,6622.46875
1585800000000,6658.08252
1585814400000,6703.90674
1585828800000,6810.48486
1585843200000,6800.62549
1585857600000,6798.13818
1585872000000,6784.65967
1585886400000,6934.21533
1585900800000,7015.86035
1585915200000,6714.98926
1585929600000,6778.94043
1585944000000,6744.31641
1585958400000,6700.95166
1585972800000,6741.15332
1585987200000,6697.83057
1586001600000,6738.06934
1586016000000,6750.44727
1586030400000,6868.42285
1586044800000,6804.396
1586059200000,6777.62842
1586073600000,6784.79395
1586088000000,6790.82275
1586102400000,6796.65625
1586116800000,6775.78564
1586131200000,6847.49316
1586145600000,7041.18115
1586160000000,7103.89209
1586174400000,7151.29883
1586188800000,7277.50195
1586203200000,7336.74072
1586217600000,7328.03369
1586232000000,7381.28662
1586246400000,7388.73438
1586260800000,7324.52686
1586275200000,7292.50049
1586289600000,7200.63867
1586304000000,7353.38232
1586318400000,7326.06299
1586332800000,7298.14844
1586347200000,7276.95508
1586361600000,7314.6543
1586376000000,7364.70459
1586390400000,7286.71777
1586404800000,7339.45898
1586419200000,7193.67725
1586433600000,7286.88184
1586448000000,7270.14795
1586462400000,7291.28369
1586476800000,7182.32422
1586491200000,6924.88281
1586505600000,6904.57373
1586520000000,6783.07129
1586534400000,6909.53174
1586548800000,6867.79541
1586563200000,6919.4082
1586577600000,6891.92236
1586592000000,6892.3833
1586606400000,6847.57764
1586620800000,6808.71973
1586635200000,6881.54883
1586649600000,6815.39258
1586664000000,6837.30371
1586678400000,6857.05811
1586692800000,7026.99414
1586707200000,7123.45947
1586721600000,6904.68555
1586736000000,6680.99658
1586750400000,6707.62695
1586764800000,6782.00342
1586779200000,6778.24463
1586793600000,6787.02588
1586808000000,6856.61035
1586822400000,6891.9707
1586836800000,6829.66992
1586851200000,6843.6709
1586865600000,6913.47461
1586880000000,6922.24365
1586894400000,6872.49365
1586908800000,6909.08594
1586923200000,6872.04883
1586937600000,6777.82471
1586952000000,6707.24707
1586966400000,6732.81641
1586980800000,6622.74951
1586995200000,6650.81006
1587009600000,6893.58691
1587024000000,7023.47607
1587038400000,7050.86963
1587052800000,7080.40967
1587067200000,7109.43408
1587081600000,7087.80029
1587096000000,7051.98291
1587110400000,7082.35449
1587124800000,7044.75439
1587139200000,7074.8374
1587153600000,7029.01514
1587168000000,7097.28125
1587182400000,7104.72363
1587196800000,7111.39697
1587211200000,7247.39648
1587225600000,7218.88037
1587240000000,7251.99561
1587254400000,7237.84277
1587268800000,7154.43262
1587283200000,7167.70508
1587297600000,7107.82031
1587312000000,7142.51855
1587326400000,7127.22705
1587340800000,7168.56641
1587355200000,7189.45996
1587369600000,6963.97754
1587384000000,7080.40527
1587398400000,6777.40527
1587412800000,6833.73486
1587427200000,6865.75879
1587441600000,6884.75635
1587456000000,6804.13086
1587470400000,6839.46875
1587484800000,6874.70264
1587499200000,6847.46533
1587513600000,6871.17529
1587528000000,6942.86035
1587542400000,6957.61328
1587556800000,7116.22803
1587571200000,7092.83154
1587585600000,7131.0083
1587600000000,7122.20264
1587614400000,7066.48291
1587628800000,7141.22363
1587643200000,7537.63428
1587657600000,7528.96094
1587672000000,7489.31299
1587686400000,7527.76904
1587700800000,7580.07373
1587715200000,7497.1084
1587729600000,7518.20312
1587744000000,7530.58496
1587758400000,7509.12012
1587772800000,7525.14307
1587787200000,7562.74902
1587801600000,7541.36914
1587816000000,7531.41846
1587830400000,7550.14258
1587844800000,7539.36035
1587859200000,7568.96582
1587873600000,7552.42871
1587888000000,7671.94336
1587902400000,7554.3374
1587916800000,7657.41699
1587931200000,7704.36963
1587945600000,7734.55127
1587960000000,7699.9585
1587974400000,7720.80029
1587988800000,7680.59326
1588003200000,7707.92725
1588017600000,7785.92432
1588032000000,7715.79248
1588046400000,7711.47412
1588060800000,7741.73389
1588075200000,7720.21582
1588089600000,7720.06836
1588104000000,7749.479
1588118400000,7820.34424
1588132800000,7951.75049
1588147200000,8141.88965
1588161600000,8371.31055
1588176000000,8724.44531
1588190400000,8785.78906
1588204800000,9303.7168
1588219200000,9191.29395
1588233600000,8858.07227
1588248000000,8793.56543
1588262400000,8859.03906
1588276800000,8631.72559
1588291200000,8681.5
1588305600000,8778.70703
1588320000000,9010.91406
1588334400000,8733.47949
1588348800000,8731.21289
1588363200000,8833.96875
1588377600000,8838.21875
1588392000000,8804.12109
1588406400000,8850.48535
1588420800000,8945.24512
1588435200000,8881.71875
1588449600000,8981.23926
1588464000000,9151.20605
1588478400000,8990.57227
1588492800000,9052.42676
1588507200000,8818.20703
1588521600000,8870.4043
1588536000000,8907.06641
1588550400000,8735.12012
1588564800000,8656.99805
1588579200000,8685.51758
1588593600000,8853.1123
1588608000000,8835.47363
1588622400000,8880.80566
1588636800000,8864.4668
1588651200000,9022.98633
1588665600000,8854.34082
1588680000000,8849.14648
1588694400000,8914.14648
1588708800000,9019.56641
1588723200000,8981.58789
1588737600000,9030.78418
1588752000000,9337.57812
1588766400000,9282.375
1588780800000,9254.41406
1588795200000,9153.99316
1588809600000,9303.10449
1588824000000,9323.44043
1588838400000,9284.92383
1588852800000,9529.21289
1588867200000,9876.68262
1588881600000,10004.9092
1588896000000,9944.62695
1588910400000,9835.07617
1588924800000,9916.68555
1588939200000,9958.89844
1588953600000,9968.10156
1588968000000,9815.15527
1588982400000,9879.89258
1588996800000,9613.64258
1589011200000,9651.71875
1589025600000,9702.25781
1589040000000,9758.96973
1589054400000,9552.06934
1589068800000,8630.77051
1589083200000,8821.51855
1589097600000,8742.23633
1589112000000,8658.45703
1589126400000,8505.125
1589140800000,8723.4834
1589155200000,8698.71777
1589169600000,8660.64941
1589184000000,8923.29004
1589198400000,8878.97168
1589212800000,8746.20703
1589227200000,8569.99902
1589241600000,8716.16113
1589256000000,8657.10645
1589270400000,8799.44727
1589284800000,8869.28809
1589299200000,8785.58594
1589313600000,8818.21387
1589328000000,8908.42578
1589342400000,8866.13086
1589356800000,9035.18848
1589371200000,9140.15332
1589385600000,9158.06055
1589400000000,9307.97754
1589414400000,9352.58887
1589428800000,9514.94141
1589443200000,9680.63672
1589457600000,9750.06445
1589472000000,9655.33594
1589486400000,9796.5
1589500800000,9479.53027
1589515200000,9670.58887
1589529600000,9592.48145
1589544000000,9477.11816
1589558400000,9335.06738
1589572800000,9311.89258
1589587200000,9409.6875
1589601600000,9384.99121
1589616000000,9409.50391
1589630400000,9374.93555
1589644800000,9326.28613
1589659200000,9377.40332
1589673600000,9536.59863
1589688000000,9536.97754
1589702400000,9523.84473
1589716800000,9823.66992
1589731200000,9772.99609
1589745600000,9674.29883
1589760000000,9870.52246
1589774400000,9780.52637
1589788800000,9625.56055
1589803200000,9664.97168
1589817600000,9695.7998
1589832000000,9725.88184
1589846400000,9528.98438
1589860800000,9569.33105
1589875200000,9748.62988
1589889600000,9677.36914
1589904000000,9642.3584
1589918400000,9781.83887
1589932800000,9720.27441
1589947200000,9758.83008
1589961600000,9722.00293
1589976000000,9396.66113
1589990400000,9528.42383
1590004800000,9509.0459
1590019200000,9473.38379
1590033600000,9445.93262
1590048000000,9374.57031
1590062400000,9077.55566
1590076800000,9057.8623
1590091200000,9059.46973
1590105600000,8979.29004
1590120000000,9067.51074
1590134400000,9156.53809
1590148800000,9208.50293
1590163200000,9168.13867
1590177600000,9163.73047
1590192000000,9281.07422
1590206400000,9253.45703
1590220800000,9172.03809
1590235200000,9191.72168
1590249600000,9182.45996
1590264000000,9170.96973
1590278400000,9194.28711
1590292800000,9258.75684
1590307200000,9116.03809
1590321600000,9051.99316
1590336000000,9018.38086
1590350400000,8711.18652
1590364800000,8781.21973
1590379200000,8859.14746
1590393600000,8741.08496
1590408000000,8775.44922
1590422400000,8926.78418
1590436800000,8889.05469
1590451200000,8895.11621
1590465600000,8952.83887
1590480000000,8858.7041
1590494400000,8716.52734
1590508800000,8791.63379
1590523200000,8835.47754
1590537600000,8821.4248
1590552000000,8840.4873
1590566400000,9144.04297
1590580800000,9137.97266
1590595200000,9142.76562
1590609600000,9201.29688
1590624000000,9164.93066
1590638400000,9144.90332
1590652800000,9259.95312
1590667200000,9494.58691
1590681600000,9447.64355
1590696000000,9577.60352
1590710400000,9522.42969
1590724800000,9519.01074
1590739200000,9399.17969
1590753600000,9407.3623
1590768000000,9404.86133
1590782400000,9422.62598
1590796800000,9391.95605
1590811200000,9525.43848
1590825600000,9553.86816
1590840000000,9538.5332
1590854400000,9541.97852
1590868800000,9700.74121
1590883200000,9585.22461
1590897600000,9562.76074
1590912000000,9592.94043
1590926400000,9482.99512
1590940800000,9512.95312
1590955200000,9446.29688
1590969600000,9549.5459
1590984000000,9564.83398
1590998400000,9511.57812
1591012800000,9543.37109
1591027200000,9573.56445
1591041600000,10230.3076
1591056000000,10104.6406
1591070400000,10123.5557
1591084800000,10109.0469
1591099200000,9456.01562
1591113600000,9508.10645
1591128000000,9527.49902
1591142400000,9484.59277
1591156800000,9505.88281
1591171200000,9616.77441
1591185600000,9554.65625
1591200000000,9578.61035
1591214400000,9661.90625
1591228800000,9670.06445
1591243200000,9647.20801
1591257600000,9623.61328
1591272000000,9831.01855
1591286400000,9817.8877
1591300800000,9792.9375
1591315200000,9796.62988
1591329600000,9778.75977
1591344000000,9692.9375
1591358400000,9711.62891
1591372800000,9724.05566
1591387200000,9616.46094
1591401600000,9628.54395
1591416000000,9603.25684
1591430400000,9684.99609
1591444800000,9651.42969
1591459200000,9659.75586
1591473600000,9669.32617
1591488000000,9682.30469
1591502400000,9655.68164
1591516800000,9573.28516
1591531200000,9495.65039
1591545600000,9777.99219
1591560000000,9751.57129
1591574400000,9726.52539
1591588800000,9733.96973
1591603200000,9747.19336
1591617600000,9702.75684
1591632000000,9694.48438
1591646400000,9787.74902
1591660800000,9682.64746
1591675200000,9684.89258
1591689600000,9727.96973
1591704000000,9721.12598
1591718400000,9732.40625
1591732800000,9781.67969
1591747200000,9756.3252
1591761600000,9752.71973
1591776000000,9730.12891
1591790400000,9759.50293
1591804800000,9852.57129
1591819200000,9885.1084
1591833600000,9895.27832
1591848000000,9797.99316
1591862400000,9788.99805
1591876800000,9518.48145
1591891200000,9280.83105
1591905600000,9271.62207
1591920000000,9346.2666
1591934400000,9419.73828
1591948800000,9487.69629
1591963200000,9411.91211
1591977600000,9425.91602
1591992000000,9459.15039
1592006400000,9405.36133
1592020800000,9435.9043
1592035200000,9400.74512
1592049600000,9431.09277
1592064000000,9400.40723
1592078400000,9472.44141
1592092800000,9430.10742
1592107200000,9405.49805
1592121600000,9426.32324
1592136000000,9411.75488
1592150400000,9389.76172
1592164800000,9333.00391
1592179200000,9154.56738
1592193600000,9105.19531
1592208000000,9105.42676
1592222400000,9285.84473
1592236800000,9405.73926
1592251200000,9414.62012
1592265600000,9562.37598
1592280000000,9501.20215
1592294400000,9506.28613
1592308800000,9447.5332
1592323200000,9499.69141
1592337600000,9520.39258
1592352000000,9450.625
1592366400000,9508.0166
1592380800000,9475.63672
1592395200000,9384.47461
1592409600000,9297.16699
1592424000000,9452.75
1592438400000,9420.45703
1592452800000,9423.78516
1592467200000,9425.49609
1592481600000,9375.95801
1592496000000,9388.75
1592510400000,9376.00488
1592524800000,9262.25586
1592539200000,9286.89355
1592553600000,9377.33008
1592568000000,9372.12109
1592582400000,9297.41406
1592596800000,9298.71289
1592611200000,9321.01172
1592625600000,9293.00293
1592640000000,9321.13184
1592654400000,9250.93066
1592668800000,9278.92188
1592683200000,9354.65137
1592697600000,9364.67871
1592712000000,9358.28027
1592726400000,9355.06348
1592740800000,9364.57715
1592755200000,9338.72168
1592769600000,9286.16113
1592784000000,9369.70215
1592798400000,9412.62305
1592812800000,9450.01172
1592827200000,9489.37598
1592841600000,9563.04395
1592856000000,9688.4873
1592870400000,9655.60254
1592884800000,9665.51953
1592899200000,9636.74805
1592913600000,9690.0166
1592928000000,9649.65527
1592942400000,9626.28809
1592956800000,9651.2627
1592971200000,9507.16992
1592985600000,9318.64551
1593000000000,9247.26953
1593014400000,9294.50879
1593028800000,9286.3125
1593043200000,9079.09668
1593057600000,9159.48438
1593072000000,9247.45312
1593086400000,9224.87793
1593100800000,9276.75
1593115200000,9236.91406
1593129600000,9237.10059
1593144000000,9126.51465
1593158400000,9173.61914
1593172800000,9138.7002
1593187200000,9156.85938
1593201600000,9148.22559
1593216000000,9151.05664
1593230400000,9166.13086
1593244800000,9151.76758
1593259200000,9123.5
1593273600000,8924.30566
1593288000000,8999.18164
1593302400000,8963.0957
1593316800000,9013.66406
1593331200000,9036.88184
1593345600000,9144.58203
1593360000000,9105.01855
1593374400000,9110.00098
1593388800000,9090.25684
1593403200000,9081.08398
1593417600000,9082.64941
1593432000000,9117.53711
1593446400000,9152.30371
1593460800000,9180.54102
1593475200000,9160.82227
1593489600000,9138.12207
1593504000000,9147.15137
1593518400000,9164.36328
1593532800000,9132.71094
1593547200000,9131.05762
1593561600000,9135.51562
1593576000000,9134.88965
1593590400000,9153.95605
1593604800000,9267.19238
1593619200000,9241.88086
1593633600000,9231.74707
1593648000000,9240.02246
1593662400000,9211.66309
1593676800000,9198.2627
1593691200000,9047.05176
1593705600000,9051.97266
1593720000000,9088.2998
1593734400000,9087.95801
1593748800000,9098.76855
1593763200000,9091.1709
1593777600000,9094.70801
1593792000000,9081.21973
1593806400000,9058.25977
1593820800000,9078.78418
1593835200000,9072.95605
1593849600000,9057.70312
1593864000000,9058.84277
1593878400000,9126.78516
1593892800000,9136.6748
1593907200000,9123.40723
1593921600000,9066.60254
1593936000000,9038.69727
1593950400000,9029.77344
1593964800000,9032.08594
1593979200000,9076.36914
1593993600000,9086.04102
1594008000000,9190.65332
1594022400000,9221.9043
1594036800000,9294.09766
1594051200000,9290.72461
1594065600000,9342.9248
1594080000000,9299.13184
1594094400000,9262.88379
1594108800000,9275.2168
1594123200000,9274.29199
1594137600000,9235.42871
1594152000000,9252.6543
1594166400000,9303.05957
1594180800000,9280.30176
1594195200000,9304.6377
1594209600000,9411.0752
1594224000000,9431.09082
1594238400000,9432.83887
1594252800000,9389.46191
1594267200000,9404.99219
1594281600000,9399.31641
1594296000000,9216.2334
1594310400000,9225.33691
1594324800000,9239.99414
1594339200000,9215.21289
1594353600000,9148.40527
1594368000000,9159.99121
1594382400000,9238.52148
1594396800000,9224.5166
1594411200000,9280.66211
1594425600000,9261.81934
1594440000000,9266.27441
1594454400000,9205.18262
1594468800000,9223.72656
1594483200000,9205.97754
1594497600000,9230.35547
1594512000000,9271.12891
1594526400000,9251.75879
1594540800000,9248.45215
1594555200000,9221.49805
1594569600000,9220.29688
1594584000000,9299.99023
1594598400000,9273.45996
1594612800000,9267.20605
1594627200000,9309.39355
1594641600000,9287.27051
1594656000000,9229.80957
1594670400000,9238.45605
1594684800000,9215.83594
1594699200000,9177.33105
1594713600000,9232.70215
1594728000000,9221.27246
1594742400000,9264.68262
1594756800000,9253.68066
1594771200000,9233.59473
1594785600000,9229.62793
1594800000000,9215.16113
1594814400000,9198.51562
1594828800000,9175.21875
1594843200000,9190.70508
1594857600000,9189.07422
1594872000000,9115.94629
1594886400000,9075.60449
1594900800000,9116.2207
1594915200000,9116.24609
1594929600000,9126.8291
1594944000000,9109.43164
1594958400000,9102.36621
1594972800000,9132.24609
1594987200000,9139.98535
1595001600000,9153.87695
1595016000000,9150.92383
1595030400000,9136.23633
1595044800000,9135.64551
1595059200000,9160.66797
1595073600000,9167.83984
1595088000000,9161.6748
1595102400000,9171.80762
1595116800000,9152.70801
1595131200000,9152.75879
1595145600000,9126.62891
1595160000000,9127.53809
1595174400000,9161.81445
1595188800000,9205.28711
1595203200000,9186.39941
1595217600000,9180.29004
1595232000000,9156.30566
1595246400000,9175.55566
1595260800000,9160.375
1595275200000,9160.47656
1595289600000,9175.83984
1595304000000,9311.45801
1595318400000,9335.92969
1595332800000,9329.90723
1595347200000,9358.20703
1595361600000,9391.52051
1595376000000,9366.32617
1595390400000,9314.70312
1595404800000,9350.83398
1595419200000,9342.89062
1595433600000,9364.78711
1595448000000,9530.22266
1595462400000,9504.20508
1595476800000,9507.51562
1595491200000,9516.67969
1595505600000,9528.55176
1595520000000,9600.72656
1595534400000,9604.77246
1595548800000,9567.35742
1595563200000,9519.81836
1595577600000,9543.24609
1595592000000,9556.04102
1595606400000,9587.08594
1595620800000,9546.88379
1595635200000,9585.2373
1595649600000,9576.60156
1595664000000,9585.12988
1595678400000,9599.29297
1595692800000,9680.24512
1595707200000,9705.53711
1595721600000,9690.36133
1595736000000,9724.68652
1595750400000,9989.17285
1595764800000,9966.71094
1595779200000,9875.15137
1595793600000,9939.80859
1595808000000,10287.1465
1595822400000,10174.3477
1595836800000,10278.8643
1595851200000,10316.2881
1595865600000,10813.207
1595880000000,11059.2871
1595894400000,10999.2021
1595908800000,10906.1299
1595923200000,11004.9453
1595937600000,11177.5566
1595952000000,11015.9932
1595966400000,10939.1641
1595980800000,11002.0049
1595995200000,11038.5498
1596009600000,11118.8232
1596024000000,11178.3545
1596038400000,11217.8633
1596052800000,11115.8232
1596067200000,11006.0879
1596081600000,10964.5215
1596096000000,10948.8184
1596110400000,11027.0732
1596124800000,11132.8486
1596139200000,11113.4834
1596153600000,10991.5801
1596168000000,11155.8848
1596182400000,11238.2451
1596196800000,11368.8779
1596211200000,11330.8496
1596225600000,11359.8682
1596240000000,11383.7773
1596254400000,11682.2734
1596268800000,11671.7432
1596283200000,11651.3877
1596297600000,11803.626
1596312000000,11829.7412
1596326400000,12030.666
1596340800000,11336.5117
1596355200000,11122.5195
1596369600000,11104.3184
1596384000000,11205.9053
1596398400000,11070.2393
1596412800000,11139.375
1596427200000,11209.7656
1596441600000,11236.8008
1596456000000,11385.5381
1596470400000,11418.4326
1596484800000,11237.2705
1596499200000,11266.9355
1596513600000,11300.8672
1596528000000,11127.2305
1596542400000,11215.9873
1596556800000,11231.6797
1596571200000,11192.2246
1596585600000,11240.1553
1596600000000,11282.7773
1596614400000,11448.3271
1596628800000,11672.3008
1596643200000,11663.5078
1596657600000,11757.6885
1596672000000,11666.3535
1596686400000,11648.4922
1596700800000,11704.7246
1596715200000,11852.7734
1596729600000,11876.2764
1596744000000,11770.7695
1596758400000,11839.5029
1596772800000,11798.9502
1596787200000,11767.5771
1596801600000,11651.7803
1596816000000,11507.1572
1596830400000,11606.2119
1596844800000,11555.4102
1596859200000,11599.1328
1596873600000,11785.6758
1596888000000,11752.9941
1596902400000,11722.6748
1596916800000,11778.335
1596931200000,11752.7676
1596945600000,11712.4824
1596960000000,11697.9707
1596974400000,11582.5361
1596988800000,11639.7842
1597003200000,11692.1113
1597017600000,12043.7217
1597032000000,11989.7324
1597046400000,11745.3457
1597060800000,11938.6738
1597075200000,11884.9014
1597089600000,11902.4453
1597104000000,11845.3408
1597118400000,11765.2305
1597132800000,11753.627
1597147200000,11494.3945
1597161600000,11395.251
1597176000000,11389.1436
1597190400000,11385.0312
1597204800000,11448.9229
1597219200000,11462.6211
1597233600000,11583.5703
1597248000000,11579.2969
1597262400000,11566.251
1597276800000,11584.9824
1597291200000,11533.2871
1597305600000,11566.4033
1597320000000,11508.2461
1597334400000,11526.4434
1597348800000,11802.4375
1597363200000,11750.3809
1597377600000,11724.7959
1597392000000,11786.6055
1597406400000,11754.7637
1597420800000,11823.6875
1597435200000,11774.1367
1597449600000,11908.0176
1597464000000,11905.1855
1597478400000,11861.5781
1597492800000,11864.5449
1597507200000,11853.2373
1597521600000,11863.5518
1597536000000,11939.207
1597550400000,11877.5957
1597564800000,11766.3984
1597579200000,11876.1992
1597593600000,11830.9785
1597608000000,11921.2676
1597622400000,11858.7314
1597636800000,11823.498
1597651200000,11922.8721
1597665600000,12436.0264
1597680000000,12345.4502
1597694400000,12300.0293
1597708800000,12320.332
1597723200000,12271.5811
1597737600000,12185.7822
1597752000000,11950.8975
1597766400000,11998.8594
1597780800000,11960.8262
1597795200000,11855.1914
1597809600000,11827.6982
1597824000000,11850.3125
1597838400000,11738.4121
1597852800000,11668.8799
1597867200000,11769.9727
1597881600000,11709.7842
1597896000000,11708.4658
1597910400000,11820.2793
1597924800000,11863.7891
1597939200000,11857.8818
1597953600000,11864.2803
1597968000000,11873.8447
1597982400000,11840.9053
1597996800000,11731.9697
1598011200000,11738.9814
1598025600000,11692.1289
1598040000000,11535.9131
1598054400000,11476.3066
1598068800000,11581.9014
1598083200000,11562.3828
1598097600000,11584.1055
1598112000000,11590.6055
1598126400000,11670.8857
1598140800000,11609.0928
1598155200000,11621.3896
1598169600000,11539.3701
1598184000000,11654.9502
1598198400000,11686.5898
1598212800000,11653.2285
1598227200000,11678.9619
1598241600000,11756.4697
1598256000000,11793.0801
1598270400000,11765.8037
1598284800000,11754.2949
1598299200000,11762.3613
1598313600000,11676.3398
1598328000000,11587.377
1598342400000,11626.0078
1598356800000,11431.6074
1598371200000,11294.8779
1598385600000,11329.5449
1598400000000,11365.2617
1598414400000,11347.8389
1598428800000,11382.3018
1598443200000,11485.2969
1598457600000,11468.3848
1598472000000,11467.3359
1598486400000,11393.291
1598500800000,11410.9863
1598515200000,11324.9707
1598529600000,11337.1279
1598544000000,11253.5068
1598558400000,11332.6953
1598572800000,11382.334
1598587200000,11382.4131
1598601600000,11475.9805
1598616000000,11535.502
1598630400000,11512.1201
1598644800000,11529.0117
1598659200000,11510.7764
1598673600000,11572.251
1598688000000,11456.5088
1598702400000,11505.8223
1598716800000,11531.7158
1598731200000,11475.1064
1598745600000,11617.3135
1598760000000,11599.3311
1598774400000,11609.2871
1598788800000,11623.5068
1598803200000,11646.543
1598817600000,11717.8643
1598832000000,11686.6084
1598846400000,11631.2871
1598860800000,11693.874
1598875200000,11748.7803
1598889600000,11740.8047
1598904000000,11661.5684
1598918400000,11706.1885
1598932800000,11930.7988
1598947200000,11886.9893
1598961600000,12054.4277
1598976000000,11980.5566
1598990400000,11938.3887
1599004800000,11859.707
1599019200000,11748.3838
1599033600000,11420.8594
1599048000000,11339.8662
1599062400000,11409.9609
1599076800000,11400.0771
1599091200000,11368.1465
1599105600000,11414.5391
1599120000000,11228.124
1599134400000,10676.5547
1599148800000,10690.7217
1599163200000,10154.1787
1599177600000,10270.6504
1599192000000,10304.8916
1599206400000,10431.9814
1599220800000,10428.7383
1599235200000,10575.2139
1599249600000,10453.8457
1599264000000,10406.1289
1599278400000,10407.6406
1599292800000,10225.4951
1599307200000,10275.3975
1599321600000,9952.24805
1599336000000,10155.7568
1599350400000,10172.3379
1599364800000,10227.7178
1599379200000,10260.6172
1599393600000,10172.5332
1599408000000,10255.127
1599422400000,10251.5742
1599436800000,10200.8369
1599451200000,10116.2969
1599465600000,10029.5127
1599480000000,10145.1064
1599494400000,10146.7793
1599508800000,10366.7695
1599523200000,10302.4854
1599537600000,10267.4385
1599552000000,9981.57227
1599566400000,10094.1748
1599580800000,9987.22656
1599595200000,10123.4707
1599609600000,10028.0117
1599624000000,10182.5879
1599638400000,10218.5605
1599652800000,10246.2812
1599667200000,10282.8037
1599681600000,10220.5127
1599696000000,10375.9033
1599710400000,10271.207
1599724800000,10298.5439
1599739200000,10422.0156
1599753600000,10277.5527
1599768000000,10339.6426
1599782400000,10218.6748
1599796800000,10257.2285
1599811200000,10261.4512
1599825600000,10316.6025
1599840000000,10324.5361
1599854400000,10390.126
1599868800000,10348.6592
1599883200000,10342.3789
1599897600000,10341.374
1599912000000,10357.3438
1599926400000,10457.9971
1599940800000,10438.3994
1599955200000,10550.4521
1599969600000,10544.375
1599984000000,10323.3857
1599998400000,10287.2568
1600012800000,10304.2363
1600027200000,10321.3574
1600041600000,10347.2041
1600056000000,10399.0146
1600070400000,10461.7881
1600084800000,10695.5176
1600099200000,10670.6348
1600113600000,10671.79
1600128000000,10749.6406
1600142400000,10735.4043
1600156800000,10822.8086
1600171200000,10785.3193
1600185600000,10774.2539
1600200000000,10782.2471
1600214400000,10773.4375
1600228800000,10912.6367
1600243200000,10898.6885
1600257600000,11003.1572
1600272000000,10984.3379
1600286400000,10948.0488
1600300800000,10875.0537
1600315200000,10891.5801
1600329600000,10885.5693
1600344000000,10839.6953
1600358400000,10914.5244
1600372800000,10936.4707
1600387200000,10921.5801
1600401600000,10953.9336
1600416000000,10975.915
1600430400000,10899.5938
1600444800000,10866.2598
1600459200000,10927.7422
1600473600000,10975.542
1600488000000,10900.7676
1600502400000,11133.2061
1600516800000,11088.9854
1600531200000,11055.5254
1600545600000,11079.2012
1600560000000,10948.6543
1600574400000,10958.624
1600588800000,10953.0908
1600603200000,10831.0029
1600617600000,10863.4658
1600632000000,10915.6543
1600646400000,10957.6338
1600660800000,10895.8232
1600675200000,10630.9053
1600689600000,10419.0986
1600704000000,10494.5527
1600718400000,10403.5078
1600732800000,10441.9092
1600747200000,10370.7734
1600761600000,10442.875
1600776000000,10443.7236
1600790400000,10483.0928
1600804800000,10522.8018
1600819200000,10473.0459
1600833600000,10425.123
1600848000000,10471.373
1600862400000,10447.4961
1600876800000,10287.9893
1600891200000,10234.2031
1600905600000,10295.2998
1600920000000,10333.6328
1600934400000,10395.5605
1600948800000,10539.8105
1600963200000,10643.6279
1600977600000,10728.3711
1600992000000,10663.4805
1601006400000,10684.3408
1601020800000,10634.0557
1601035200000,10647.9678
1601049600000,10718.0801
1601064000000,10684.2832
1601078400000,10708.127
1601092800000,10710.291
1601107200000,10709.0742
1601121600000,10721.2451
1601136000000,10721.2627
1601150400000,10727.1094
1601164800000,10783.0625
1601179200000,10673.959
1601193600000,10629.2656
1601208000000,10754.6758
1601222400000,10731.8027
1601236800000,10771.2725
1601251200000,10888.5645
1601265600000,10855.9736
1601280000000,10879.4307
1601294400000,10899.6924
1601308800000,10864.8545
1601323200000,10696.1055
1601337600000,10690.5635
1601352000000,10726.0684
1601366400000,10750.5303
1601380800000,10722.1279
1601395200000,10739.1074
1601409600000,10837.0068
1601424000000,10741.2598
1601438400000,10699.1572
1601452800000,10681.4062
1601467200000,10773.1416
1601481600000,10707.6729
1601496000000,10771.2764
1601510400000,10797.5488
1601524800000,10821.4922
1601539200000,10905.79
1601553600000,10722.0967
1601568000000,10612.0596
1601582400000,10616.1504
1601596800000,10643.1299
1601611200000,10491.1338
1601625600000,10439.3965
1601640000000,10520.2354
1601654400000,10511.9111
1601668800000,10565.4385
1601683200000,10553.0889
1601697600000,10527.4736
1601712000000,10540.4277
1601726400000,10545.0312
1601740800000,10579.5596
1601755200000,10542.2559
1601769600000,10547.2441
1601784000000,10611.8643
1601798400000,10597.3555
1601812800000,10592.6445
1601827200000,10673.2588
1601841600000,10670.9463
1601856000000,10671.292
1601870400000,10688.5957
1601884800000,10669.7695
1601899200000,10717.7969
1601913600000,10727.4795
1601928000000,10782.2129
1601942400000,10767.9229
1601956800000,10716.8779
1601971200000,10695.7861
1601985600000,10733.7891
1602000000000,10572.0469
1602014400000,10599.7266
1602028800000,10580.5283
1602043200000,10617.1963
1602057600000,10605.5
1602072000000,10626.7236
1602086400000,10649.3916
1602100800000,10665.4707
1602115200000,10641.1289
1602129600000,10591.0352
1602144000000,10610.3604
1602158400000,10890.5684
1602172800000,10877.2656
1602187200000,10917.3447
1602201600000,10896.1982
1602216000000,10898.7627
1602230400000,11052.9678
1602244800000,11086.0576
1602259200000,11040.2393
1602273600000,11060.9082
1602288000000,11413.2314
1602302400000,11388.2881
1602316800000,11329.2686
1602331200000,11357.1406
1602345600000,11364.8721
1602360000000,11306.4004
1602374400000,11338.2373
1602388800000,11362.0205
1602403200000,11376.084
1602417600000,11407.084
1602432000000,11340.6826
1602446400000,11371.8936
1602460800000,11392.9678
1602475200000,11378.6172
1602489600000,11256.0381
1602504000000,11559.248
1602518400000,11554.9053
1602532800000,11537.3545
1602547200000,11468.4248
1602561600000,11463.9375
1602576000000,11497.5146
1602590400000,11391.2422
1602604800000,11395.0537
1602619200000,11422.0801
1602633600000,11395.542
1602648000000,11416.6611
1602662400000,11373.4092
1602676800000,11322.0889
1602691200000,11347.8906
1602705600000,11422.3691
1602720000000,11376.2891
1602734400000,11400.3818
1602748800000,11312.0195
1602763200000,11408.4932
1602777600000,11515.5391
1602792000000,11501.5098
1602806400000,11505.7588
1602820800000,11319.2188
1602835200000,11376.1846
1602849600000,11336.5254
1602864000000,11320.3213
1602878400000,11323.0078
1602892800000,11360.2461
1602907200000,11347.3213
1602921600000,11343.459
1602936000000,11335.1719
1602950400000,11338.248
1602964800000,11357.5078
1602979200000,11371.2861
1602993600000,11452.9834
1603008000000,11424.1943
1603022400000,11452.3818
1603036800000,11441.3115
1603051200000,11509.3623
1603065600000,11426.124
1603080000000,11467.9678
1603094400000,11485.4375
1603108800000,11802.5801
1603123200000,11695.2266
1603137600000,11749.417
1603152000000,11748.9512
1603166400000,11739.624
1603180800000,11773.832
1603195200000,11929.6836
1603209600000,11925.1367
1603224000000,11921.7734
1603238400000,12199.1543
1603252800000,12208.9473
1603267200000,12338.9512
1603281600000,12742.832
1603296000000,12702.8564
1603310400000,12813.8037
1603324800000,12744.6865
1603339200000,12771.0938
1603353600000,12977.082
1603368000000,12946.5908
1603382400000,13094.5879
1603396800000,13006.9678
1603411200000,12981.833
1603425600000,12903.166
1603440000000,12982.1064
1603454400000,12942.4141
1603468800000,12926.0469
1603483200000,12939.041
1603497600000,12981.291
1603512000000,12942.4385
1603526400000,13009.8467
1603540800000,13125.1855
1603555200000,13129.667
1603569600000,13124.5439
1603584000000,13314.5254
1603598400000,13046.4844
1603612800000,12975.5371
1603627200000,12966.3174
1603641600000,13055.708
1603656000000,13041.2402
1603670400000,13098.8184
1603684800000,13042.6816
1603699200000,13151.5205
1603713600000,12993.1748
1603728000000,13012.2275
1603742400000,13070.832
1603756800000,13089.1152
1603771200000,13150.5498
1603785600000,13453.166
1603800000000,13611.2744
1603814400000,13660.293
1603828800000,13648.7949
1603843200000,13790.5068
1603857600000,13674.7129
1603872000000,13336.1201
1603886400000,13235.3174
1603900800000,13177.582
1603915200000,13273.1729
1603929600000,13280.8486
1603944000000,13142.4336
1603958400000,13068.4844
1603972800000,13448.8623
1603987200000,13505.1221
1604001600000,13465.2637
1604016000000,13450.248
1604030400000,13227.4814
1604044800000,13365.9697
1604059200000,13559.3906
1604073600000,13546.3018
1604088000000,13565.1436
1604102400000,13503.8369
1604116800000,13592.7783
1604131200000,13951.4912
1604145600000,13865.3027
1604160000000,13794.2031
1604174400000,13810.0439
1604188800000,13710.7256
1604203200000,13813.2598
1604217600000,13717.6885
1604232000000,13820.79
1604246400000,13797.1377
1604260800000,13764.2891
1604275200000,13712.6104
1604289600000,13745.8398
1604304000000,13422.0215
1604318400000,13498.2168
1604332800000,13564.292
1604347200000,13564.585
1604361600000,13405.5273
1604376000000,13451.7158
1604390400000,13538.0693
1604404800000,13714.4639
1604419200000,13721.543
1604433600000,14039.6855
1604448000000,13915.6455
1604462400000,13612.2012
1604476800000,13735.0918
1604491200000,13917.6914
1604505600000,14116.1816
1604520000000,14154.5889
1604534400000,14321.582
1604548800000,14494.5732
1604563200000,14727.627
1604577600000,15106.71
1604592000000,15139.6318
1604606400000,15606.918
1604620800000,15476.5117
1604635200000,15760.7695
1604649600000,15608.8818
1604664000000,15432.6309
1604678400000,15464.3516
1604692800000,15609.5254
1604707200000,15583.499
1604721600000,15475.3662
1604736000000,15543.6426
1604750400000,15361.9014
1604764800000,14681.1553
1604779200000,14848.3506
1604793600000,14998.3135
1604808000000,14949.1475
1604822400000,15198.6992
1604836800000,15369.708
1604851200000,15373.3652
1604865600000,15507.1943
1604880000000,15470.0596
1604894400000,15325.957
1604908800000,15828.8271
1604923200000,15007.6875
1604937600000,15374.376
1604952000000,15336.5303
1604966400000,15353.6777
1604980800000,15298.4893
1604995200000,15293.2852
1605009600000,15183.1895
1605024000000,15328.8213
1605038400000,15317.8721
1605052800000,15424.333
1605067200000,15419.3799
1605081600000,15601.9922
1605096000000,15696.125
1605110400000,15834.1875
1605124800000,15715.2578
1605139200000,15665.9014
1605153600000,15896.6904
1605168000000,15779.6504
1605182400000,16163.7842
1605196800000,16090.6523
1605211200000,16312.7139
1605225600000,16464.8281
1605240000000,16285.9229
1605254400000,16241.5967
1605268800000,16121.5469
1605283200000,16312.4443
1605297600000,16352.7314
1605312000000,16208.5234
1605326400000,16108.7695
1605340800000,15937.125
1605355200000,15960.8975
1605369600000,15901.4463
1605384000000,16084.6924
1605398400000,15930.9141
1605412800000,16034.4297
1605427200000,15968.749
1605441600000,16040.5605
1605456000000,15872.6768
1605470400000,15972.5176
1605484800000,16030.1543
1605499200000,16269.3701
1605513600000,16259.4863
1605528000000,16451.543
1605542400000,16787.5645
1605556800000,16716.3086
1605571200000,16593.7734
1605585600000,16772.7012
1605600000000,17014.4766
1605614400000,17327.5801
1605628800000,17697.418
1605643200000,17678.0098
1605657600000,18077.2422
1605672000000,18099.9902
1605686400000,18272.291
1605700800000,17894.084
1605715200000,17679.0898
1605729600000,17800.4824
1605744000000,17928.7812
1605758400000,17671.1016
1605772800000,17779.6055
1605787200000,18085.7598
1605801600000,17987.8418
1605816000000,17835.7266
1605830400000,17978.4199
1605844800000,18247.2637
1605859200000,18305.1719
1605873600000,18680.3906
1605888000000,18650.9961
1605902400000,18686.123
1605916800000,18682.2188
1605931200000,18699.834
1605945600000,18561.6211
1605960000000,18829.6855
1605974400000,18721.4941
1605988800000,18726.8105
1606003200000,18589.7832
1606017600000,18533.1777
1606032000000,17926.4648
1606046400000,18333.4785
1606060800000,18623.6953
1606075200000,18460.1133
1606089600000,18412.8691
1606104000000,18482.1035
1606118400000,18622.5527
1606132800000,18311.0801
1606147200000,18472.9512
1606161600000,18394.9297
1606176000000,18389.0625
1606190400000,18391.6074
1606204800000,19095.7559
1606219200000,19370.0527
1606233600000,19196.041
1606248000000,19182.9492
1606262400000,18841.834
1606276800000,19005.9355
1606291200000,19334.6562
1606305600000,19142.3809
1606320000000,19024.168
1606334400000,18735.7402
1606348800000,17944.2188
1606363200000,17645.9668
1606377600000,17119.1816
1606392000000,16912.3301
1606406400000,16550.1367
1606420800000,17165.2754
1606435200000,17087.459
1606449600000,17093.5
1606464000000,16789.7207
1606478400000,16512.3125
1606492800000,16814.4844
1606507200000,17144.6191
1606521600000,17006.3086
1606536000000,17015.6348
1606550400000,17172.0605
1606564800000,17525.5859
1606579200000,17828.6621
1606593600000,17726.1387
1606608000000,17889.2949
1606622400000,17842.5469
1606636800000,18101.7051
1606651200000,18125.3828
1606665600000,18053.0977
1606680000000,18200.1074
1606694400000,18607.8086
1606708800000,18640.666
1606723200000,18626.0742
1606737600000,19343.2578
1606752000000,19279.4258
1606766400000,19730.9316
1606780800000,19456.3027
1606795200000,19541.9863
1606809600000,19463.9766
1606824000000,19287.6797
1606838400000,19082.4648
1606852800000,18777.832
1606867200000,18623.4023
1606881600000,19150.2344
1606896000000,19140.2969
1606910400000,18901.8828
1606924800000,19119.4727
1606939200000,19227.3984
1606953600000,19112.668
1606968000000,19231.6289
1606982400000,19438.6152
1606996800000,19571.6992
1607011200000,19448.3125
1607025600000,19450.3457
1607040000000,19192.0352
1607054400000,19325.7168
1607068800000,18833.5293
1607083200000,18967.5918
1607097600000,19056.3555
1607112000000,18662.3887
1607126400000,18821.7109
1607140800000,18920.1348
1607155200000,19021.1211
1607169600000,19116.5684
1607184000000,19123.668
1607198400000,19159.0957
1607212800000,19199.416
1607227200000,19243.125
1607241600000,19099.2246
1607256000000,19135.2109
1607270400000,19160.3223
1607284800000,19397.9844
1607299200000,19294.8965
1607313600000,19397.7871
1607328000000,19124.0059
1607342400000,19229.9785
1607356800000,18969.0547
1607371200000,19194.4062
1607385600000,19183.4316
1607400000000,19170.7832
1607414400000,18771.416
1607428800000,18816.3809
1607443200000,18789.9805
1607457600000,18313.7363
1607472000000,18289.7988
1607486400000,17917.3574
1607500800000,18244.1934
1607515200000,18343.2051
1607529600000,18241.0195
1607544000000,18538.7539
1607558400000,18404.457
1607572800000,18333.8184
1607587200000,18191.1523
1607601600000,18137.123
1607616000000,18396.8535
1607630400000,18244.9746
1607644800000,17973.252
1607659200000,17797.5156
1607673600000,17639.7773
1607688000000,18101.7754
1607702400000,17962.623
1607716800000,18020.9062
1607731200000,18275.4648
1607745600000,18382.4531
1607760000000,18503.6016
1607774400000,18398.2559
1607788800000,18793.0117
1607803200000,18801.2793
1607817600000,18783.6211
1607832000000,19253.0625
1607846400000,19326.7637
1607860800000,19223.0859
1607875200000,19196.4043
1607889600000,19178.9258
1607904000000,19268.4023
1607918400000,19158.2988
1607932800000,19111.6152
1607947200000,19203.998
1607961600000,19174.1562
1607976000000,19269.4258
1607990400000,19497.043
1608004800000,19183.6895
1608019200000,19312.5
1608033600000,19417.3398
1608048000000,19548.9727
1608062400000,19435.6699
1608076800000,19370.5977
1608091200000,19438.4629
1608105600000,19766.9766
1608120000000,20688.5469
1608134400000,20770.8379
1608148800000,21385.6172
1608163200000,21792.6152
1608177600000,22492.8906
1608192000000,22777.0176
1608206400000,23357.1875
1608220800000,22924.2539
1608235200000,22831.6934
1608249600000,22836.2324
1608264000000,23104.6094
1608278400000,22892.0371
1608292800000,22577.1895
1608307200000,22783.127
1608321600000,23141.1504
1608336000000,23150.9766
1608350400000,22883.4316
1608364800000,22926.7188
1608379200000,23611.3496
1608393600000,23858.3984
1608408000000,23868.5117
1608422400000,23395.6699
1608436800000,23660.4395
1608451200000,23597.375
1608465600000,23913.1504
1608480000000,23978.2617
1608494400000,23482.5781
1608508800000,23970.418
1608523200000,23993.5352
1608537600000,22654.1133
1608552000000,23119.5527
1608566400000,22835.668
1608580800000,22729.2246
1608595200000,22845.9492
1608609600000,22665.1172
1608624000000,23147.8184
1608638400000,23366.4844
1608652800000,23416.5859
1608667200000,23822.5957
1608681600000,23694.0488
1608696000000,23579.8242
1608710400000,23092.0527
1608724800000,23475.3359
1608739200000,23562.4082
1608753600000,23243.0918
1608768000000,22882.1836
1608782400000,23178.2168
1608796800000,23229.498
1608811200000,23258.8223
1608825600000,23314.3691
1608840000000,23735.209
1608854400000,23489.1992
1608868800000,23666.6738
1608883200000,24603.2812
1608897600000,24022.3203
1608912000000,24458.252
1608926400000,24722.2891
1608940800000,24931.3184
1608955200000,24792.4023
1608969600000,24862.9316
1608984000000,25634.4434
1608998400000,25948.5137
1609012800000,26521.1074
1609027200000,26577.5801
1609041600000,27608.6777
1609056000000,27606.8145
1609070400000,27357.3516
1609084800000,27091.9297
1609099200000,26235.4121
1609113600000,27252.6328
1609128000000,26979.7305
1609142400000,26873.1406
1609156800000,26927.3516
1609171200000,26995.0996
1609185600000,27013.1406
1609200000000,26433.9004
1609214400000,26418.1484
1609228800000,26865.7246
1609243200000,26599.2832
1609257600000,26941.1016
1609272000000,27384.2852
1609286400000,28095.8574
1609300800000,28408.3145
1609315200000,27832.752
1609329600000,28148.2285
1609344000000,28791.9961
1609358400000,28889.6504
1609372800000,29036.1113
1609387200000,29203.6562
1609401600000,28923.3086
1609416000000,28800.2344
1609430400000,28910.2812
1609444800000,28955.1992
1609459200000,29344.0176
1609473600000,29157.9141
1609488000000,29411.332
1609502400000,29280.1895
1609516800000,29082.2676
1609531200000,29395.4551
1609545600000,29423.5586
1609560000000,29847.5918
1609574400000,29838.6836
1609588800000,31811.9609
1609603200000,33128.9219
1609617600000,32213.3125
1609632000000,32677.5137
1609646400000,34526.4414
1609660800000,34435.2969
1609675200000,33571.375
1609689600000,32810.5391
1609704000000,33096.7852
1609718400000,33603.0703
1609732800000,32226.4707
1609747200000,30756.3926
1609761600000,31720.4258
1609776000000,31711.7715
1609790400000,32048.1797
1609804800000,31222.6094
1609819200000,30847.8223
1609833600000,31833.5273
1609848000000,32156.2383
1609862400000,33816.9648
1609876800000,34084.5195
1609891200000,34220.9102
1609905600000,34833.1367
1609920000000,35085.1602
1609934400000,34707.8945
1609948800000,35000.7852
1609963200000,36884.8008
1609977600000,37585.5703
1609992000000,36948.7383
1610006400000,37989.9648
1610020800000,39124.6406
1610035200000,39120.9102
1610049600000,39498.6641
1610064000000,38388.1875
1610078400000,38952.543
1610092800000,41449.1523
1610107200000,40920.3711
1610121600000,40443.6016
1610136000000,40616.6523
1610150400000,40192.9375
1610164800000,39601.7148
1610179200000,40632.1172
1610193600000,40660.5664
1610208000000,40798.0234
1610222400000,40301.0898
1610236800000,40552.2578
1610251200000,41131.1094
1610265600000,39159.8867
1610280000000,39715.8477
1610294400000,37443.5039
1610308800000,38223.125
1610323200000,35438.9766
1610337600000,34374.1641
1610352000000,34177.6562
1610366400000,31524.8574
1610380800000,32270.0547
1610395200000,35321.0508
1610409600000,35011.207
1610424000000,36457.2539
1610438400000,35423.1719
1610452800000,33824.9023
1610467200000,34714.0312
1610481600000,34038.5859
1610496000000,33770.8164
1610510400000,35002.793
1610524800000,34383.8125
1610539200000,34669.1602
1610553600000,36010.0469
1610568000000,37417.7617
1610582400000,37099.5898
1610596800000,38275.043
1610611200000,38420.9961
1610625600000,39501.9297
1610640000000,39947.2734
1610654400000,39144.293
1610668800000,38733.1055
1610683200000,38424.0625
1610697600000,38126.7031
1610712000000,35493.7578
1610726400000,35132.1641
1610740800000,36738.7656
1610755200000,36520.8164
1610769600000,36624.2383
1610784000000,37739.0195
1610798400000,37547.043
1610812800000,36392.4609
1610827200000,35936.2227
1610841600000,36242.3906
1610856000000,34766.6602
1610870400000,35273.6055
1610884800000,35751.2969
1610899200000,35648.9141
1610913600000,35878.3867
1610928000000,35096.9883
1610942400000,36112.4102
1610956800000,36481.6914
1610971200000,36463.4609
1610985600000,35983.3086
1611000000000,36660.6367
1611014400000,36585.2617
1611028800000,37259.0352
1611043200000,37411.5742
1611057600000,37406.9297
1611072000000,36327.2852
1611086400000,35846.5586
1611100800000,35016.6016
1611115200000,35650.0156
1611129600000,34411.1484
1611144000000,34204.4141
1611158400000,35230.5547
1611172800000,35535.2695
1611187200000,34616.5938
1611201600000,34631.957
1611216000000,32165.5801
1611230400000,31388.2539
1611244800000,32470.8652
1611259200000,30821.1758
1611273600000,30957.5645
1611288000000,30848.1055
1611302400000,31737.8555
1611316800000,32490.6309
1611331200000,33623.9727
1611345600000,32997.9141
1611360000000,32400.8125
1611374400000,32971.7891
1611388800000,31683.668
1611403200000,31901.8652
1611417600000,32368.0176
1611432000000,32086.6113
1611446400000,32505.1816
1611460800000,32840.9102
1611475200000,32899.3516
1611489600000,31996.3867
1611504000000,31319.6855
1611518400000,32291.1602
1611532800000,33609.0547
1611547200000,33396.3398
1611561600000,33208.3672
1611576000000,34501.0703
1611590400000,33420.7773
1611604800000,32242.3633
1611619200000,31517.1543
1611633600000,31637.2949
1611648000000,31814.9629
1611662400000,31758.4824
1611676800000,32226.6895
1611691200000,32506.4531
1611705600000,31833.6953
1611720000000,31794.3105
1611734400000,30643.4922
1611748800000,30363.6035
1611763200000,30751.4785
1611777600000,30387.543
1611792000000,31485.8184
1611806400000,31228.3789
1611820800000,31471.1445
1611835200000,31963.7578
1611849600000,32624.3027
1611864000000,33455.3047
1611878400000,33831.8086
1611892800000,32351.2754
1611907200000,37190.7031
1611921600000,37238.3242
1611936000000,34286.1562
1611950400000,34225.4102
1611964800000,33264.2812
1611979200000,34073.3984
1611993600000,33704.3359
1612008000000,34277.25
1612022400000,34340.1953
1612036800000,34329.1797
1612051200000,33972.5781
1612065600000,33638.2617
1612080000000,33615.2852
1612094400000,32904.957
1612108800000,32850.9531
1612123200000,33137.2891
1612137600000,33630.9297
1612152000000,33857.3594
1612166400000,34237.6953
1612180800000,33181.1484
1612195200000,33867.6758
1612209600000,33534.1914
1612224000000,33586.168
1612238400000,34284.6055
1612252800000,34787.375
1612267200000,34738.6328
1612281600000,35806.1719
1612296000000,35523.4805
1612310400000,36476.7656
1612324800000,36375.543
1612339200000,36049.7109
1612353600000,36953.7773
1612368000000,36894.6562
1612382400000,37709.918
1612396800000,37589.8359
1612411200000,37932.125
1612425600000,37387.7383
1612440000000,36620.6406
1612454400000,37547.9375
1612468800000,37019.0391
1612483200000,37419.4805
1612497600000,37757.5977
1612512000000,37782.0898
1612526400000,38013.8984
1612540800000,37636.2695
1612555200000,38391.8203
1612569600000,39473.0234
1612584000000,39435.3867
1612598400000,40269.7031
1612612800000,40917.6484
1612627200000,40302.6211
1612641600000,39312.2148
1612656000000,38917.0469
1612670400000,39083.625
1612684800000,39191.9844
1612699200000,38016.4961
1612713600000,38141.5312
1612728000000,38871.1328
1612742400000,38101.4492
1612756800000,39297.332
1612771200000,39515.5625
1612785600000,44155.3242
1612800000000,43146.3086
1612814400000,46546.25
1612828800000,46726.0195
1612843200000,47647.4102
1612857600000,46509.4805
1612872000000,46813.3633
1612886400000,47161.1445
1612900800000,46510.793
1612915200000,46365.3008
1612929600000,46726.7148
1612944000000,46719.457
1612958400000,44371.1797
1612972800000,45321.8555
1612987200000,44892.0664
1613001600000,45579.1875
1613016000000,44740.8008
1613030400000,46174.8008
1613044800000,48156.1914
1613059200000,47922.6602
1613073600000,48101.2578
1613088000000,47716.4805
1613102400000,47426.6367
1613116800000,47751.4102
1613131200000,47087.0156
1613145600000,47405.5078
1613160000000,47455.8359
1613174400000,48017.1719
1613188800000,47090.6758
1613203200000,46627.6992
1613217600000,47143.1367
1613232000000,46971.4453
1613246400000,47254.4805
1613260800000,47446.0078
1613275200000,48923.7695
1613289600000,49231.8555
1613304000000,48649.2344
1613318400000,48828.8203
1613332800000,48696.1133
1613347200000,47158.7578
1613361600000,47235.3828
1613376000000,47914.6445
1613390400000,48011.2773
1613404800000,48817.4219
1613419200000,47993.8164
1613433600000,49674.2344
1613448000000,49200.332
1613462400000,48989.2852
1613476800000,48967.125
1613491200000,48613.8984
1613505600000,49234.7383
1613520000000,49758.2539
1613534400000,51246.1992
1613548800000,51396.6914
1613563200000,51195.6953
1613577600000,52233.0156
1613592000000,52187.3477
1613606400000,52173.8047
1613620800000,51998.7773
1613635200000,51446.9375
1613649600000,51572.1641
1613664000000,51801.6328
1613678400000,51613.4922
1613692800000,51240.0273
1613707200000,51720.8867
1613721600000,52812.1953
1613736000000,53882.8594
1613750400000,54947.2227
1613764800000,55846.4023
1613779200000,55831.9961
1613793600000,55334.4414
1613808000000,56442.1094
1613822400000,56241.2188
1613836800000,57073.6367
1613851200000,55971.1641
1613865600000,56594.2188
1613880000000,56129.8594
1613894400000,57462.3828
1613908800000,57451.1953
1613923200000,58192.082
1613937600000,57453.2812
1613952000000,55956.2305
1613966400000,56602.5898
1613980800000,54605.168
1613995200000,53282.0586
1614009600000,53580.5078
1614024000000,54056.0352
1614038400000,51951.9258
1614052800000,49674.6484
1614067200000,46439.2031
1614081600000,48615.2109
1614096000000,45505.4688
1614110400000,48905.3828
1614124800000,50876.7812
1614139200000,50094.9102
1614153600000,50400.4805
1614168000000,49901.2148
1614182400000,49029.8398
1614196800000,49743.8398
1614211200000,50305.3086
1614225600000,50520.3477
1614240000000,50413.75
1614254400000,50898.7656
1614268800000,49514.0547
1614283200000,47102.6641
1614297600000,47403.8516
1614312000000,45022.1758
1614326400000,46435.0508
1614340800000,47672.4531
1614355200000,46985.1953
1614369600000,46358.1484
1614384000000,47439.7773
1614398400000,47181.4219
1614412800000,47330.1602
1614427200000,46552.3867
1614441600000,47459.8203
1614456000000,46167.9258
1614470400000,44641.5352
1614484800000,44456.0156
1614499200000,45353.1953
1614513600000,43431.0391
1614528000000,44473.3125
1614542400000,45238.6484
1614556800000,46370.3555
1614571200000,46346.9453
1614585600000,47844.6328
1614600000000,49263.5859
1614614400000,48347.3008
1614628800000,49686.7773
1614643200000,49039.7188
1614657600000,48389.8516
1614672000000,48904.1602
1614686400000,48736.5117
1614700800000,47473.4023
1614715200000,48511.6445
1614729600000,48750.5938
1614744000000,49825.5039
1614758400000,51776.8398
1614772800000,50836.625
1614787200000,50904.3828
1614801600000,50354.3008
1614816000000,49575.0312
1614830400000,49716.4102
1614844800000,49377.0742
1614859200000,49494.1797
1614873600000,48010.2305
1614888000000,48396.5195
1614902400000,47308.7734
1614916800000,47407.2266
1614931200000,47511.6836
1614945600000,47914.8047
1614960000000,49370.9375
1614974400000,48790.1875
1614988800000,48654.2383
1615003200000,48861.4141
1615017600000,48186.1523
1615032000000,47239.5156
1615046400000,48415.6094
1615060800000,48931.9219
1615075200000,49596.207
1615089600000,50154.1289
1615104000000,50767.125
1615118400000,50617.0742
1615132800000,50426.3906
1615147200000,50989.875
1615161600000,50664.8438
1615176000000,49790.4258
1615190400000,50581.4062
1615204800000,51158.1289
1615219200000,51419.6641
1615233600000,52525.9766
1615248000000,54011.6992
1615262400000,53568.7539
1615276800000,54338.5195
1615291200000,54150.7578
1615305600000,54192.0781
1615320000000,54967.0195
1615334400000,53562.1328
1615348800000,54314.6523
1615363200000,54981.7383
1615377600000,56491.4961
1615392000000,56788.7461
1615406400000,55852.3398
1615420800000,56005.2891
1615435200000,54934.9688
1615449600000,56357.8867
1615464000000,56306.6797
1615478400000,56931.0234
1615492800000,57816.3711
1615507200000,57180.2422
1615521600000,56671.6406
1615536000000,56540.4219
1615550400000,57050.6914
1615564800000,56960.2773
1615579200000,57216.082
1615593600000,56706.668
1615608000000,57395.8086
1615622400000,60054.9922
1615636800000,59747.4062
1615651200000,60956.3867
1615665600000,61166.4102
1615680000000,61410.9297
1615694400000,60408.6875
1615708800000,60435.3398
1615723200000,59660.9648
1615737600000,59959.4336
1615752000000,58993.6836
1615766400000,60550.0156
1615780800000,57897.6133
1615795200000,56107.6562
1615809600000,56105.9297
1615824000000,56656.8555
1615838400000,55682.8203
1615852800000,54304.3516
1615867200000,55262.1445
1615881600000,55499.0156
1615896000000,55859.3711
1615910400000,55776.1133
1615924800000,57026.9062
1615939200000,55523.668
1615953600000,55794.5977
1615968000000,54817.5
1615982400000,54988.5352
1615996800000,57913.6406
1616011200000,58993.6133
1616025600000,58763.2969
1616040000000,58444.6719
1616054400000,58246.7344
1616068800000,59684.5586
1616083200000,57293.1641
1616097600000,57645.3672
1616112000000,57797.9727
1616126400000,57798.3281
1616140800000,58854.3086
1616155200000,59057.7383
1616169600000,58909.5234
1616184000000,58051.5742
1616198400000,58473.1719
1616212800000,58499.3477
1616227200000,59328.4297
1616241600000,59299.6719
1616256000000,59346.6367
1616270400000,58121.1602
1616284800000,57853.1172
1616299200000,57056.6758
1616313600000,56267.8047
1616328000000,57232.6797
1616342400000,57575.5078
1616356800000,57427.4883
1616371200000,57639.1328
1616385600000,57669.7578
1616400000000,57789.6836
1616414400000,57075.7852
1616428800000,55507.6914
1616443200000,54061.9062
1616457600000,54678.6992
1616472000000,54178.0156
1616486400000,54217.9805
1616500800000,55246.4727
1616515200000,55048.6406
1616529600000,54406.2852
1616544000000,54384.3984
1616558400000,55509.2773
1616572800000,56611.0039
1616587200000,56322.0586
1616601600000,54802.0703
1616616000000,52208.043
1616630400000,52132.5273
1616644800000,52223.1016
1616659200000,52148.4531
1616673600000,50961.1992
1616688000000,52175.1406
1616702400000,51334.5547
1616716800000,52413.043
1616731200000,53590.2461
1616745600000,52753.9141
1616760000000,53304.6641
1616774400000,53793.4141
1616788800000,55109.25
1616803200000,54823.6797
1616817600000,55004.7148
1616832000000,54491.1523
1616846400000,55019.7852
1616860800000,55886.7227
1616875200000,55864.3281
1616889600000,56078.3672
1616904000000,56186.5273
1616918400000,55839.3398
1616932800000,56399.6758
1616947200000,55252.5234
1616961600000,55790.6484
1616976000000,55393.0352
1616990400000,55963.7617
1617004800000,57866.8438
1617019200000,57737.7695
1617033600000,57718.4219
1617048000000,57632.0938
1617062400000,57225.8867
1617076800000,58186.7344
1617091200000,59400.3438
1617105600000,58606.293
1617120000000,59160.1211
1617134400000,58735.8438
1617148800000,58698.8906
1617163200000,58201.4453
1617177600000,58101.6289
1617192000000,59376.3359
1617206400000,58664.8516
1617220800000,58821.3242
1617235200000,59200.8672
1617249600000,58804.625
1617264000000,58617.3984
1617278400000,59032.2188
1617292800000,59009.2227
1617307200000,58787.9023
1617321600000,59959.3711
1617336000000,59445.8438
1617350400000,59638.7812
1617364800000,59451.7422
1617379200000,58915.2969
1617393600000,59028.4023
1617408000000,59338.0469
1617422400000,59393.3086
1617436800000,59374.6562
1617451200000,58761.5391
1617465600000,58634.0938
1617480000000,57067.5391
1617494400000,57612.6875
1617508800000,57701.5
1617523200000,57328.3711
1617537600000,57964.1289
1617552000000,58047.6562
1617566400000,58252.6445
1617580800000,57569.0156
1617595200000,57296.4492
1617609600000,57810.3984
1617624000000,59056.7383
1617638400000,59115.4219
1617652800000,59289.6914
1617667200000,58707.293
1617681600000,58552.3906
1617696000000,58605.1445
1617710400000,57868.4688
1617724800000,58306.6562
1617739200000,57988.2148
1617753600000,58019.4453
1617768000000,57894.1836
1617782400000,56353
1617796800000,56501.5742
1617811200000,56166.3711
1617825600000,55930.1094
1617840000000,56537.8594
1617854400000,57041.9922
1617868800000,56503.3398
1617883200000,57771.543
1617897600000,57762.7578
1617912000000,58122.0312
1617926400000,58026.9102
1617940800000,58086.7188
1617955200000,58515.4727
1617969600000,58240.1289
1617984000000,58396.3438
1617998400000,58130.9648
1618012800000,59247.0625
1618027200000,60597.5078
1618041600000,60601.043
1618056000000,60284.1797
1618070400000,59513.2656
1618084800000,59727.7969
1618099200000,60351.3125
1618113600000,59750.1367
1618128000000,59776.5508
1618142400000,59695.125
1618156800000,59713.1641
1618171200000,60015.4141
1618185600000,60373.7305
1618200000000,60833.7109
1618214400000,60322.5469
1618228800000,60049.4648
1618243200000,60089.4219
1618257600000,59888.6641
1618272000000,60596.1094
1618286400000,61080.0352
1618300800000,63004.4375
1618315200000,63380.5078
1618329600000,63115.7188
1618344000000,63554.4375
1618358400000,63859.0039
1618372800000,64364.8398
1618387200000,64667.0898
1618401600000,63138.4531
1618416000000,62220.0586
1618430400000,63025.4023
1618444800000,63158.6992
1618459200000,62882.4883
1618473600000,62433.207
1618488000000,62810.1445
1618502400000,63500.5195
1618516800000,63323.832
1618531200000,63064.4102
1618545600000,61535.5352
1618560000000,60957.6523
1618574400000,61694.5977
1618588800000,61858.957
1618603200000,61473.1719
1618617600000,62478.6758
1618632000000,62215.6797
1618646400000,61014.8242
1618660800000,60412.1758
1618675200000,60815.0703
1618689600000,60170.7266
1618704000000,55367.3516
1618718400000,56280.4883
1618732800000,53456.3203
1618747200000,55616.582
1618761600000,55813.6445
1618776000000,56246
1618790400000,57103.7539
1618804800000,57399.6094
1618819200000,57204.5
1618833600000,54657.8359
1618848000000,55973.7734
1618862400000,55700.3203
1618876800000,54534.3867
1618891200000,54464.9531
1618905600000,56395.7227
1618920000000,55398.1836
1618934400000,56667.8789
1618948800000,56512.5234
1618963200000,55283.8477
1618977600000,55366.4609
1618992000000,54625.1172
1619006400000,56190.8477
1619020800000,55503.3086
1619035200000,53846.2695
1619049600000,53560.4297
1619064000000,54231.5117
1619078400000,54935.1133
1619092800000,54707.6094
1619107200000,52944.7227
1619121600000,51718.0039
1619136000000,50274.9336
1619150400000,47962.4922
1619164800000,50057.0664
1619179200000,49827.0312
1619193600000,50861.9531
1619208000000,51122.8242
1619222400000,50177.5547
1619236800000,49907.3008
1619251200000,49097.9258
1619265600000,50245.6641
1619280000000,50718.1836
1619294400000,50113.6055
1619308800000,49694.4258
1619323200000,49628.2266
1619337600000,49560.1289
1619352000000,50263.7969
1619366400000,49384.3984
1619380800000,49074.2109
1619395200000,52376.7578
1619409600000,52894.4414
1619424000000,53663.625
1619438400000,53647.4805
1619452800000,54072.0898
1619467200000,54020.1094
1619481600000,53518.5703
1619496000000,54578.6367
1619510400000,55186.2734
1619524800000,55017.1445
1619539200000,54809.0781
1619553600000,55040.0039
1619568000000,54856.0898
1619582400000,54314.9375
1619596800000,54885.7812
1619611200000,54356.1133
1619625600000,55474.9102
1619640000000,54873.8203
1619654400000,54316.7617
1619668800000,54474.3516
1619683200000,54376.6602
1619697600000,53765.3438
1619712000000,52903.4062
1619726400000,53570.1602
1619740800000,53739.8711
1619755200000,54372.7539
1619769600000,54287.9844
1619784000000,57194.7266
1619798400000,57095.3242
1619812800000,57758.3047
1619827200000,58274.3555
1619841600000,57772.4414
1619856000000,57922.5508
1619870400000,57425.9844
1619884800000,57850.5078
1619899200000,57890.1445
1619913600000,56553.7773
1619928000000,56737.0742
1619942400000,57172.3164
1619956800000,56665.6016
1619971200000,56964.8438
1619985600000,56655.9609
1620000000000,58037.1016
1620014400000,58886.418
1620028800000,58754.9805
1620043200000,57685.3125
1620057600000,57625.2422
1620072000000,57181.9414
1620086400000,55492.0391
1620100800000,55991.3047
1620115200000,56202.2891
1620129600000,53856.6211
1620144000000,54601.6484
1620158400000,53267.8047
1620172800000,54850.7188
1620187200000,54903.6836
1620201600000,55157.5273
1620216000000,57636.7773
1620230400000,57221.5508
1620244800000,57526.5977
1620259200000,56933.8164
1620273600000,56925.6406
1620288000000,58091.3359
1620302400000,57219.3945
1620316800000,56221.0273
1620331200000,56388.4688
1620345600000,55812.8086
1620360000000,55882.5312
1620374400000,56477.1953
1620388800000,57591.3867
1620403200000,57696.3555
1620417600000,57428.043
1620432000000,58239.0664
1620446400000,58615.6445
1620460800000,58643.5234
1620475200000,57651.7227
1620489600000,59192.8164
1620504000000,59024.2461
1620518400000,58706.1211
1620532800000,58005.1719
1620547200000,58004.2891
1620561600000,57468.2344
1620576000000,57371.8867
1620590400000,58294.9258
1620604800000,59524.1094
1620619200000,58472.2812
1620633600000,58188.3359
1620648000000,58452.4766
1620662400000,55802.1836
1620676800000,55924.3398
1620691200000,55252.7773
1620705600000,55864.3789
1620720000000,55295.9648
1620734400000,56134.2852
1620748800000,56687.5352
1620763200000,56784.5117
1620777600000,57840.8281
1620792000000,57213.6055
1620806400000,56544.0039
1620820800000,55521.5859
1620835200000,54521.7656
1620849600000,49543.4609
1620864000000,50453.6875
1620878400000,50911.9961
1620892800000,49797.9492
1620907200000,49759.5977
1620921600000,48582.7656
1620936000000,49707.832
1620950400000,49207.7305
1620964800000,50085.2812
1620979200000,50634.9219
1620993600000,51307.875
1621008000000,50179.7266
1621022400000,49909.457
1621036800000,49692.3203
1621051200000,48517.7891
1621065600000,48981.5742
1621080000000,49013.2617
1621094400000,48174.4727
1621108800000,46797.7617
1621123200000,48441.5977
1621137600000,49403.5234
1621152000000,49053.5898
1621166400000,47814.7812
1621180800000,45590.0117
1621195200000,46423.6406
1621209600000,42887.8555
1621224000000,45194.4883
1621238400000,45795.6641
1621252800000,43371.8164
1621267200000,44188.0391
1621281600000,43559.7734
1621296000000,44817.3398
1621310400000,45162.9414
1621324800000,45347.2266
1621339200000,42984.9258
1621353600000,43284.9414
1621368000000,42873.5391
1621382400000,40614.1953
1621396800000,40354.2891
1621411200000,38677.0508
1621425600000,37262.1211
1621440000000,39482.6797
1621454400000,36805.7617
1621468800000,38373.9805
1621483200000,39997.9102
1621497600000,40469.2031
1621512000000,41461.1055
1621526400000,40160.0508
1621540800000,40622.043
1621555200000,40727.4805
1621569600000,39890.1562
1621584000000,41171.1094
1621598400000,36811.3203
1621612800000,36066.5117
1621627200000,37303.1055
1621641600000,36968.2695
1621656000000,36341.7578
1621670400000,38176.0078
1621684800000,38180.7539
1621699200000,37301.0781
1621713600000,37463.5898
1621728000000,37444.1133
1621742400000,35929.2734
1621756800000,35420.9453
1621771200000,33337.5977
1621785600000,33086.3125
1621800000000,34706.3008
1621814400000,35300.2695
1621828800000,36665.7383
1621843200000,37625.1094
1621857600000,37578.0312
1621872000000,39612.5391
1621886400000,38840.7383
1621900800000,38363.793
1621915200000,39007.3672
1621929600000,36577.2812
1621944000000,38312.6289
1621958400000,37317.9961
1621972800000,38365.8828
1621987200000,39558.1797
1622001600000,40506.6562
1622016000000,39893.1367
1622030400000,38791.75
1622044800000,38498.0312
1622059200000,39261.3203
1622073600000,37640.4258
1622088000000,38300.2461
1622102400000,39743.4961
1622116800000,39711.0586
1622131200000,38812.5938
1622145600000,38514.1484
1622160000000,38274.9375
1622174400000,36983.3906
1622188800000,35393.2422
1622203200000,36756.8711
1622217600000,35779.2656
1622232000000,35669.6328
1622246400000,36466.9453
1622260800000,36191.2266
1622275200000,35400.0703
1622289600000,34436.3906
1622304000000,34055.9609
1622318400000,34598.9805
1622332800000,34776.0547
1622347200000,35997.9688
1622361600000,36357.3984
1622376000000,35523.4922
1622390400000,36101.168
1622404800000,35661.9453
1622419200000,34516.8281
1622433600000,35865.4727
1622448000000,36831.8203
1622462400000,36995.4414
1622476800000,36861.5312
1622491200000,37252.8672
1622505600000,36713.1211
1622520000000,36844.1484
1622534400000,36603.7617
1622548800000,36221.5078
1622563200000,35942.7969
1622577600000,36674.2383
1622592000000,36476.9062
1622606400000,37222.3125
1622620800000,37188.4727
1622635200000,38015.9336
1622649600000,37855.9062
1622664000000,37543.6602
1622678400000,37621.6016
1622692800000,38600.6875
1622707200000,38778.0234
1622721600000,38535.457
1622736000000,38602.8008
1622750400000,39225.3711
1622764800000,37949.4102
1622779200000,36629.9648
1622793600000,36580.3203
1622808000000,36973.0195
1622822400000,36813.9531
1622836800000,36845.7656
1622851200000,37410.25
1622865600000,37599.9102
1622880000000,35865.4766
1622894400000,36319.3008
1622908800000,35764.3711
1622923200000,35509.3633
1622937600000,35985.2266
1622952000000,36156.1758
1622966400000,35878.8242
1622980800000,36180.7695
1622995200000,35746.7656
1623009600000,35786.5156
1623024000000,36385.5625
1623038400000,36163.1367
1623052800000,36368.6328
1623067200000,36035.418
1623081600000,35625.418
1623096000000,33539.0547
1623110400000,32813.5703
1623124800000,32972.4336
1623139200000,33099.9727
1623153600000,31731.3125
1623168000000,32848.9688
1623182400000,33387.5078
1623196800000,32849.5664
1623211200000,34175.8164
1623225600000,34968.1719
1623240000000,36342.0078
1623254400000,36295.2422
1623268800000,37395.1875
1623283200000,36962.9531
1623297600000,36987.3086
1623312000000,37834.6523
1623326400000,36931.7656
1623340800000,36689.8281
1623355200000,36692.6016
1623369600000,36773.8633
1623384000000,37154.5898
1623398400000,37381.1523
1623412800000,36818.8672
1623427200000,37259.1875
1623441600000,37330.4805
1623456000000,35574.6992
1623470400000,35254.75
1623484800000,35584.5703
1623499200000,35379.2305
1623513600000,35732.1758
1623528000000,35539.457
1623542400000,34857.0469
1623556800000,35263.3164
1623571200000,35895.6953
1623585600000,36047.293
1623600000000,37645.5977
1623614400000,39025.6875
1623628800000,38979.7031
1623643200000,39579.2422
1623657600000,39197.4531
1623672000000,40689.4023
1623686400000,39729.7461
1623700800000,40519.0938
1623715200000,40434.2383
1623729600000,40384.8359
1623744000000,39834.8633
1623758400000,40070.75
1623772800000,39936.0078
1623787200000,40126.1484
1623801600000,40029.8438
1623816000000,40125.7617
1623830400000,39076.8203
1623844800000,38793.2695
1623859200000,38642.3711
1623873600000,38325.5
1623888000000,38817.3398
1623902400000,39219.3672
1623916800000,39153.7305
1623931200000,38998.6445
1623945600000,37692.2344
1623960000000,38053.9219
1623974400000,37911.2695
1623988800000,37699.7656
1624003200000,37796.043
1624017600000,36373.832
1624032000000,35318.9805
1624046400000,35793.2266
1624060800000,35065.1914
1624075200000,35779.2969
1624089600000,35939.918
1624104000000,36130.7266
1624118400000,35926.8711
1624132800000,35483.2266
1624147200000,35525.1602
1624161600000,35617.3984
1624176000000,33852.1328
1624190400000,34407.9141
1624204800000,35448.2656
1624219200000,35589.7656
1624233600000,34645.9297
1624248000000,32976.8594
1624262400000,32507.8027
1624276800000,32675.5156
1624291200000,32547.7461
1624305600000,31611.3516
1624320000000,32977.1094
1624334400000,32642.9336
1624348800000,31210.1211
1624363200000,31655.748
1624377600000,32422.4512
1624392000000,32515.377
1624406400000,33960.9844
1624420800000,33994.7227
1624435200000,33898.1328
1624449600000,33497.4414
1624464000000,32867.6914
1624478400000,33675.6836
1624492800000,32589.8438
1624507200000,32833.6016
1624521600000,33846.8164
1624536000000,33863.8125
1624550400000,34804.5781
1624564800000,34639.0625
1624579200000,35028.3672
1624593600000,34271.9141
1624608000000,33272.0352
1624622400000,32554.0254
1624636800000,32191.3633
1624651200000,31563.8477
1624665600000,31951.1035
1624680000000,30698.8867
1624694400000,31767.4023
1624708800000,31534.7539
1624723200000,31572.2793
1624737600000,32271.1543
1624752000000,33096.5703
1624766400000,33231.3945
1624780800000,33247.9844
1624795200000,33200.3203
1624809600000,32806.5625
1624824000000,34710.2305
1624838400000,34410.3555
1624852800000,35027.8242
1624867200000,34101.9336
1624881600000,34999.6406
1624896000000,34432.4883
1624910400000,34479.1523
1624924800000,34571.0273
1624939200000,34842.1992
1624953600000,35565.4453
1624968000000,36237.5117
1624982400000,36397.2969
1624996800000,35929.5625
1625011200000,35098.9297
1625025600000,35228.4102
1625040000000,34847.4922
1625054400000,34172.375
1625068800000,34742.2773
1625083200000,35026.625
1625097600000,34111.6875
1625112000000,33338.1406
1625126400000,33702.8633
1625140800000,33431.2188
1625155200000,33075.3594
1625169600000,33512.0742
1625184000000,32883.332
1625198400000,33362.2773
1625212800000,33005.2695
1625227200000,33682.6289
1625241600000,33295.8477
1625256000000,33772.8281
1625270400000,33529.2461
1625284800000,34497.0039
1625299200000,34574.0781
1625313600000,34607.8984
1625328000000,34740.9258
1625342400000,34690.2617
1625356800000,34661.4453
1625371200000,35558.4648
1625385600000,35490.5547
1625400000000,35485.9727
1625414400000,35556.0938
1625428800000,35293.9961
1625443200000,34348.9688
1625457600000,34251.4648
1625472000000,33352.8477
1625486400000,33597.9258
1625500800000,34109.332
1625515200000,33688.9844
1625529600000,33898.1914
1625544000000,34859.0781
1625558400000,34049.2227
1625572800000,34032.9922
1625587200000,34004.9766
1625601600000,34212.4453
1625616000000,34459.0977
1625630400000,34738.1289
1625644800000,34832.0273
1625659200000,34529.0078
1625673600000,34615.582
1625688000000,33842.1133
1625702400000,33294.5117
1625716800000,32493.7188
1625731200000,32709.5898
1625745600000,32895.7578
1625760000000,32986.9727
1625774400000,32861.2188
1625788800000,32934.6445
1625803200000,32868.7422
1625817600000,32760.7344
1625832000000,33532.043
1625846400000,33429.7227
1625860800000,33795.3984
1625875200000,33792.9492
1625889600000,33753.2383
1625904000000,33787.5586
1625918400000,33855.2109
1625932800000,33381.8633
1625947200000,33499.8984
1625961600000,33430.5625
1625976000000,33475.9531
1625990400000,33796.3164
1626004800000,33945.2227
1626019200000,33868.4766
1626033600000,34240.8984
1626048000000,34425.3438
1626062400000,34268.4297
1626076800000,33520.875
1626091200000,33356.418
1626105600000,32803.9922
1626120000000,33095.2539
1626134400000,33070.6172
1626148800000,33162.4375
1626163200000,33026.1719
1626177600000,32773.6445
1626192000000,32287.4434
1626206400000,32715.7734
1626220800000,31802.5586
1626235200000,31900.752
1626249600000,32431.668
1626264000000,32785.2656
1626278400000,32705.6035
1626292800000,32793.8555
1626307200000,32633.0664
1626321600000,32471.9141
1626336000000,31886.8691
1626350400000,31667.3828
1626364800000,31526.6621
1626379200000,31863.1777
1626393600000,31911.2363
1626408000000,31781.3027
1626422400000,31095.4453
1626436800000,32088.4141
1626451200000,31904.0527
1626465600000,31379.9609
1626480000000,31301.5059
1626494400000,31490.4902
1626508800000,31385.2031
1626523200000,31775.6309
1626537600000,31828.7812
1626552000000,31494.2246
1626566400000,32144.2441
1626580800000,31688.1973
1626595200000,31793.9629
1626609600000,31361.3203
1626624000000,31641.8828
1626638400000,31772.7773
1626652800000,31552.0781
1626667200000,31600.0801
1626681600000,31256.4688
1626696000000,30649.1113
1626710400000,30720.9531
1626724800000,30812.6094
1626739200000,29591.9082
1626753600000,29821.625
1626768000000,29690.9473
1626782400000,29904.0273
1626796800000,29759.5898
1626811200000,29774.6855
1626825600000,29831.9805
1626840000000,30800.8086
1626854400000,31523.3594
1626868800000,31899.582
1626883200000,31628.5117
1626897600000,32101.168
1626912000000,31929.0254
1626926400000,32115.7988
1626940800000,31908.123
1626955200000,32498.6113
1626969600000,32367.7852
1626984000000,32276.2715
1626998400000,32579.5938
1627012800000,32474.5195
1627027200000,32292.0215
1627041600000,32295.4551
1627056000000,32244.7031
1627070400000,33630.0078
1627084800000,33650.9688
1627099200000,33806.3164
1627113600000,33853.9766
1627128000000,33869.4844
1627142400000,33870.3516
1627156800000,34245.957
1627171200000,34165.5977
1627185600000,34702.2773
1627200000000,34378.0391
1627214400000,34194.6211
1627228800000,34351.4531
1627243200000,35403.6094
1627257600000,38307.5586
1627272000000,38182.1016
1627286400000,38482.4414
1627300800000,38568.7422
1627315200000,39341.0938
1627329600000,37234.9805
1627344000000,36824.668
1627358400000,37130.7383
1627372800000,38047.1406
1627387200000,38221.7656
1627401600000,37780.1211
1627416000000,39496.168
1627430400000,39845.0195
1627444800000,39894.625
1627459200000,40757.5508
1627473600000,39671.6055
1627488000000,40390.2227
1627502400000,40011.2266
1627516800000,39608.1328
1627531200000,39919.0859
1627545600000,39771.9727
1627560000000,39933.6406
1627574400000,39646
1627588800000,40017.8789
1627603200000,39970.8164
1627617600000,39725.2656
1627632000000,38658.1016
1627646400000,39065.4531
1627660800000,39900.3047
1627675200000,42239.0977
1627689600000,41833.1797
1627704000000,41550.2617
1627718400000,41617.7461
1627732800000,41555.8359
1627747200000,41300.8477
1627761600000,41447.668
1627776000000,42454.25
1627790400000,41692.2812
1627804800000,41609.3008
1627819200000,41290.4805
1627833600000,41262.7539
1627848000000,39837.7031
1627862400000,39782.8828
1627876800000,40094.9609
1627891200000,39515.1367
1627905600000,39683.0312
1627920000000,39170.5703
1627934400000,39138.2812
1627948800000,38634.4023
1627963200000,38563.3633
1627977600000,38466.0156
1627992000000,38163.0742
1628006400000,37999.7891
1628020800000,38190.2227
1628035200000,37941.1484
1628049600000,37799.625
1628064000000,38129.4062
1628078400000,39277.9727
1628092800000,39726.3086
1628107200000,39731.8594
1628121600000,39444.7305
1628136000000,38871.4336
1628150400000,37994.7891
1628164800000,38738.2695
1628179200000,40721.2852
1628193600000,40872.6641
1628208000000,40249.3633
1628222400000,40737.4961
1628236800000,40500.4375
1628251200000,42217.2266
1628265600000,42923.2344
1628280000000,42854.7695
1628294400000,43686.1641
1628308800000,43225.4961
1628323200000,43823.4883
1628337600000,43376.8867
1628352000000,43996.6211
1628366400000,44600.1406
1628380800000,44344.6016
1628395200000,44821.8359
1628409600000,44472.2383
1628424000000,43997.8984
1628438400000,43748.793
1628452800000,43823.0352
1628467200000,43511.5664
1628481600000,43821.6406
1628496000000,45954.2578
1628510400000,45909.9219
1628524800000,45996.9844
1628539200000,46297.0938
1628553600000,45720.957
1628568000000,46004.5977
1628582400000,45390.0469
1628596800000,45157.7617
1628611200000,45509
1628625600000,45597.7852
1628640000000,45601.0625
1628654400000,46387.6523
1628668800000,45964.4141
1628683200000,46416.4844
1628697600000,46485.9922
1628712000000,45502.3477
1628726400000,45915.7969
1628740800000,45241.9609
1628755200000,44765.8047
1628769600000,44192.1992
1628784000000,44417.5039
1628798400000,44389.3086
1628812800000,45210.0508
1628827200000,46078.1992
1628841600000,46155.9609
1628856000000,46396.7852
1628870400000,46450.6875
1628884800000,47831.707
1628899200000,47583.125
1628913600000,47650.1211
1628928000000,46560.3984
1628942400000,46927.1953
1628956800000,47056.0352
1628971200000,47074.3555
1628985600000,46899.2891
1629000000000,45796.9375
1629014400000,45945.0586
1629028800000,46193.707
1629043200000,46331.9258
1629057600000,47022.4844
1629072000000,47420.7539
1629086400000,47331.0039
1629100800000,47539.8555
1629115200000,46336.8281
1629129600000,46114.6133
1629144000000,45907.2109
1629158400000,46418.0938
1629172800000,45922.8906
1629187200000,46872.168
1629201600000,45744.6484
1629216000000,45494.7891
1629230400000,44675.1133
1629244800000,45054.6289
1629259200000,44983.7266
1629273600000,44746.0586
1629288000000,45814.1211
1629302400000,44899.0078
1629316800000,44688.918
1629331200000,44043.7188
1629345600000,44772.1602
1629360000000,44212.3398
1629374400000,45809.3984
1629388800000,46697.3125
1629403200000,46791.043
1629417600000,47089.2031
1629432000000,46837.4609
1629446400000,46995.8125
1629460800000,48752.9453
1629475200000,48702.4336
1629489600000,49337.3516
1629504000000,48857.6445
1629518400000,49036.7266
1629532800000,48562.0078
1629547200000,49239.4609
1629561600000,48992.9688
1629576000000,48841.0312
1629590400000,48841.6836
1629604800000,49256.1172
1629619200000,49181.4258
1629633600000,48547.0625
1629648000000,48695.5391
1629662400000,49303.375
1629676800000,50334.7773
1629691200000,50223.5352
1629705600000,50449.0312
1629720000000,49568.5273
1629734400000,49285.9961
1629748800000,49549.7812
1629763200000,49352.375
1629777600000,49838.3164
1629792000000,49459.707
1629806400000,48345.1953
1629820800000,48268.5781
1629835200000,47705.1641
1629849600000,47998.1172
1629864000000,48172.3789
1629878400000,47587.5039
1629892800000,48801.0039
1629907200000,48653.9414
1629921600000,49006.0625
1629936000000,47914.2656
1629950400000,46902.3906
1629964800000,46854.8828
1629979200000,46767.7734
1629993600000,46937.6992
1630008000000,46854.793
1630022400000,46809.7344
1630036800000,47489.9453
1630051200000,47449.8711
1630065600000,48209.9258
1630080000000,48320.4688
1630094400000,49086.8672
1630108800000,48940.7305
1630123200000,48986.4141
1630137600000,48752.8008
1630152000000,48863.4414
1630166400000,48702.7109
1630180800000,48936.0508
1630195200000,48256.0117
1630209600000,48515.957
1630224000000,48202.8516
1630238400000,48508.125
1630252800000,48818.9883
1630267200000,48812.8789
1630281600000,47970.6094
1630296000000,47968.1641
1630310400000,47947.7148
1630324800000,48079.4883
1630339200000,48636.7383
1630353600000,46995.332
1630368000000,47160.8125
1630382400000,47794.8477
1630396800000,48046.8594
1630411200000,47461.1562
1630425600000,47375.5977
1630440000000,47179.4648
1630454400000,47097.0156
1630468800000,47222.2539
1630483200000,47778.5547
1630497600000,47541.1367
1630512000000,48221.8203
1630526400000,48888.1016
1630540800000,49646.5312
1630555200000,49914.3203
1630569600000,50149.2188
1630584000000,49606.1602
1630598400000,49394.0039
1630612800000,49333.2148
1630627200000,49515.5117
1630641600000,49369.3281
1630656000000,50242.7695
1630670400000,50629.9336
1630684800000,50562.625
1630699200000,50037.7227
1630713600000,50304.3711
1630728000000,50251.7969
1630742400000,49961.2773
1630756800000,49903.2383
1630771200000,50041.5391
1630785600000,49966.1406
1630800000000,49739.4766
1630814400000,49934.1719
1630828800000,50269.0586
1630843200000,50234.6484
1630857600000,50735.6875
1630872000000,51829.707
1630886400000,51651.9688
1630900800000,51829.8047
1630915200000,51444.5977
1630929600000,51646.1094
1630944000000,51810.5781
1630958400000,52713.5156
1630972800000,52712.5625
1630987200000,52417.1367
1631001600000,50983.0664
1631016000000,46699.2734
1631030400000,46732.043
1631044800000,46855.7461
1631059200000,46463
1631073600000,45097.0234
1631088000000,46407.4141
1631102400000,46054.3867
1631116800000,46429.0117
1631131200000,46064
1631145600000,45991.1641
1631160000000,46304.2305
1631174400000,46309.707
1631188800000,46987.1875
1631203200000,46571.3594
1631217600000,46372.2539
1631232000000,46699.207
1631246400000,46146.0195
1631260800000,46323.0859
1631275200000,45433.25
1631289600000,45617.5391
1631304000000,44831.9648
1631318400000,45188.5977
1631332800000,45030.9922
1631347200000,45562.375
1631361600000,45572.0195
1631376000000,45350.2344
1631390400000,45149.9414
1631404800000,45314.8398
1631419200000,45378.082
1631433600000,46041.6836
1631448000000,45892.2695
1631462400000,45886.043
1631476800000,46034.4141
1631491200000,44609.9258
1631505600000,44478.1953
1631520000000,44873.6953
1631534400000,44344.9648
1631548800000,44759.5977
1631563200000,44970.4023
1631577600000,45186.8672
1631592000000,45732.1211
1631606400000,45976.1289
1631620800000,46730.3359
1631635200000,46466.1211
1631649600000,47106.2695
1631664000000,47071.4922
1631678400000,47177.2617
1631692800000,47523.0078
1631707200000,48282.2227
1631721600000,48059.9648
1631736000000,48120.6914
1631750400000,47608.5625
1631764800000,48351.3047
1631779200000,47922.625
1631793600000,48023.6406
1631808000000,47441.6055
1631822400000,47779.4727
1631836800000,47895.4141
1631851200000,47720.9141
1631865600000,47407.5664
1631880000000,47484.6211
1631894400000,47464.0273
1631908800000,47264.1602
1631923200000,47920.0703
1631937600000,48629.4805
1631952000000,48367.7852
1631966400000,48388.582
1631980800000,48222.3672
1631995200000,48293.9805
1632009600000,47819.6992
1632024000000,48123.3047
1632038400000,47324.1523
1632052800000,47683.6484
1632067200000,47385.8203
1632081600000,47268.1172
1632096000000,45572.8672
1632110400000,44823.1289
1632124800000,43738.75
1632139200000,43827.9766
1632153600000,43861.5156
1632168000000,43000.1406
1632182400000,42656.4102
1632196800000,43236.707
1632211200000,43262.9531
1632225600000,43086.8359
1632240000000,42002.2383
1632254400000,40714.207
1632268800000,42035.0117
1632283200000,42514.1016
1632297600000,41924.6289
1632312000000,43188.832
1632326400000,43372.2734
1632340800000,43546.4727
1632355200000,44066.4766
1632369600000,44257.957
1632384000000,43649.7383
1632398400000,43769.1367
1632412800000,44779.7422
1632427200000,44863.6953
1632441600000,44308.4062
1632456000000,44800.1133
1632470400000,41557.2031
1632484800000,41956.8984
1632499200000,42382.0977
1632513600000,42834.2148
1632528000000,42638.9414
1632542400000,42384.8125
1632556800000,42511.9766
1632571200000,42691.1836
1632585600000,42662.2969
1632600000000,42662.1055
1632614400000,42227.5664
1632628800000,41261.4297
1632643200000,43097.1719
1632657600000,43348.1406
1632672000000,43267.8945
1632686400000,43189.8516
1632700800000,44044.9609
1632715200000,43710.6523
1632729600000,43794.2617
1632744000000,43305.9922
1632758400000,43064.2383
1632772800000,42138.5742
1632787200000,42562.5664
1632801600000,41766.6211
1632816000000,42091.5547
1632830400000,41444.5547
1632844800000,41571.9922
1632859200000,41011.0273
1632873600000,42186.4492
1632888000000,42442.2148
1632902400000,42367.2852
1632916800000,41644.2148
1632931200000,41186.2812
1632945600000,41494.707
1632960000000,43597.8203
1632974400000,43299.0781
1632988800000,43056.5508
1633003200000,43123.1445
1633017600000,43533.5664
1633032000000,43798.4375
1633046400000,43608.625
1633060800000,44797.6602
1633075200000,47496.2773
1633089600000,47344.6367
1633104000000,48038.7812
1633118400000,48131.1289
1633132800000,47564.3945
1633147200000,47729.8828
1633161600000,47690.0977
1633176000000,47844.2031
1633190400000,48248.8477
1633204800000,47671.6953
1633219200000,47930.4922
1633233600000,47923.082
1633248000000,48018.9336
1633262400000,47865.4688
1633276800000,48816.7422
1633291200000,48209.1797
1633305600000,47503.3516
1633320000000,47858.293
1633334400000,47632.2422
1633348800000,47799.5625
1633363200000,49375.332
1633377600000,49231.1016
1633392000000,49305.3672
1633406400000,49514.9844
1633420800000,49893.3438
1633435200000,49779.4375
1633449600000,51196.1289
1633464000000,51475.4414
1633478400000,51547.8828
1633492800000,51440.043
1633507200000,51342.3359
1633521600000,55041.7812
1633536000000,55095.2656
1633550400000,55322.1758
1633564800000,54867.0039
1633579200000,54841.1328
1633593600000,54371.0234
1633608000000,53954.8008
1633622400000,54036.582
1633636800000,53802.6914
1633651200000,53845.6523
1633665600000,54830.6992
1633680000000,55327.1719
1633694400000,54371.6406
1633708800000,54717.6328
1633723200000,53958.1641
1633737600000,54622.0586
1633752000000,54943.5859
1633766400000,54889.8984
1633780800000,55033.8516
1633795200000,54688.1094
1633809600000,54965.8594
1633824000000,55122.7969
1633838400000,55715.4062
1633852800000,55200.4219
1633867200000,55419.7773
1633881600000,55511.2578
1633896000000,54727.6641
1633910400000,56588.8945
1633924800000,56849.1914
1633939200000,56456.6289
1633953600000,57491.2305
1633968000000,57513.6055
1633982400000,57517.8242
1633996800000,56732.1328
1634011200000,57386.957
1634025600000,57276.8242
1634040000000,56338.4766
1634054400000,55330.6484
1634068800000,56009.2578
1634083200000,56260.3945
1634097600000,54659.8359
1634112000000,55199.1719
1634126400000,56189.7461
1634140800000,57278.5117
1634155200000,57404.5117
1634169600000,58141.8555
1634184000000,57422.875
1634198400000,57666.6719
1634212800000,57354.043
1634227200000,57900.3867
1634241600000,57365.0938
1634256000000,59481.6211
1634270400000,59293.5312
1634284800000,59538.3906
1634299200000,60072.4023
1634313600000,61513.293
1634328000000,61692.9453
1634342400000,61692.1602
1634356800000,61754.75
1634371200000,61700.6133
1634385600000,61002.3633
1634400000000,60887.7891
1634414400000,60921.0469
1634428800000,61193.7891
1634443200000,60362.1484
1634457600000,61031.3672
1634472000000,60791.6133
1634486400000,60519.7305
1634500800000,61573.9648
1634515200000,62139.7617
1634529600000,61897.7148
1634544000000,60969.5508
1634558400000,62034.5273
1634572800000,61464.7422
1634587200000,62076.418
1634601600000,62609.5195
1634616000000,62333.2891
1634630400000,62207.25
1634644800000,62451.1602
1634659200000,64264.0664
1634673600000,64302.6562
1634688000000,63908.3516
1634702400000,64100.8828
1634716800000,63871.6797
1634731200000,66981.6484
1634745600000,66438.4219
1634760000000,66036.7344
1634774400000,65204.6055
1634788800000,65153.2461
1634803200000,64880.3633
1634817600000,63048.6445
1634832000000,62844.3867
1634846400000,62199.8359
1634860800000,63250.9258
1634875200000,63420.75
1634889600000,63397.668
1634904000000,60698.6445
1634918400000,61065.207
1634932800000,60747.1016
1634947200000,61270.0625
1634961600000,60940.3242
1634976000000,61588.4844
1634990400000,61516.7383
1635004800000,61090.9844
1635019200000,61348.7695
1635033600000,61294.25
1635048000000,60772.0117
1635062400000,60339.418
1635076800000,59915.5547
1635091200000,60700.332
1635105600000,60923.9453
1635120000000,62117.4219
1635134400000,62645.582
1635148800000,62776.418
1635163200000,63656.582
1635177600000,62750.418
1635192000000,63139.9375
1635206400000,62824.3398
1635220800000,62495.3438
1635235200000,62846.8164
1635249600000,62618.625
1635264000000,62102.6211
1635278400000,60260.9805
1635292800000,60771.1172
1635307200000,59941.1836
1635321600000,58642.8672
1635336000000,58879.5352
1635350400000,59137.5
1635364800000,58476.168
1635379200000,58880.6875
1635393600000,59029.4648
1635408000000,60991.125
1635422400000,61195.3281
1635436800000,61402.3359
1635451200000,60700.2188
1635465600000,61724.1406
1635480000000,60567.2852
1635494400000,60969.5312
1635508800000,62405.1016
1635523200000,62619.0273
1635537600000,62336.4023
1635552000000,61751.5273
1635566400000,61627.1094
1635580800000,61638.4727
1635595200000,61395.2969
1635609600000,61779.1797
1635624000000,61935.3555
1635638400000,61797.6719
1635652800000,61443.9883
1635667200000,60513.0625
1635681600000,60553.5742
1635696000000,60786.418
1635710400000,61418.9258
1635724800000,59971.3555
1635739200000,62296.6445
1635753600000,61917.6992
1635768000000,61621.9922
1635782400000,61489.6875
1635796800000,60912.5977
1635811200000,61135.4883
1635825600000,61610.6484
1635840000000,63073.2344
1635854400000,64125.1992
1635868800000,63675.3477
1635883200000,63289.4844
1635897600000,63275.5625
1635912000000,63432.6758
1635926400000,63219.8281
1635940800000,62237.7344
1635955200000,62871.6836
1635969600000,62954.9297
1635984000000,62533.5469
1635998400000,61937.7969
1636012800000,61523.3828
1636027200000,61118.1719
1636041600000,61261.3477
1636056000000,61465.3398
1636070400000,62278.8086
1636084800000,62192.457
1636099200000,61315.7422
1636113600000,60847.9492
1636128000000,61174.7539
1636142400000,61060.3281
1636156800000,61198.8672
1636171200000,60835.2461
1636185600000,60428.4492
1636200000000,60722.3594
1636214400000,61245.7227
1636228800000,61530.3867
1636243200000,62235.4766
1636257600000,61834.9375
1636272000000,62017.8047
1636286400000,62054.6445
1636300800000,62420.3477
1636315200000,63337.1328
1636329600000,65281.0742
1636344000000,66008.7734
1636358400000,66114.375
1636372800000,66483.6172
1636387200000,65907.0703
1636401600000,67623.1953
1636416000000,68583.7656
1636430400000,67971.5391
1636444800000,67715.7891
1636459200000,66850.0469
1636473600000,66902.6016
1636488000000,66971.7266
1636502400000,66579.4531
1636516800000,66507.25
1636531200000,66613.6484
1636545600000,68435.5391
1636560000000,66744.2344
1636574400000,64912.3711
1636588800000,64781.5469
1636603200000,65236.2656
1636617600000,65284.2422
1636632000000,64842.8672
1636646400000,65193.4961
1636660800000,64853.2852
1636675200000,64879.3789
1636689600000,64543.3477
1636704000000,63807.6211
1636718400000,63198.7656
1636732800000,63929.5781
1636747200000,64167.0117
1636761600000,63802.6758
1636776000000,64070.418
1636790400000,63616.9961
1636804800000,64706.9688
1636819200000,63954.8086
1636833600000,64412.7539
1636848000000,64680.9258
1636862400000,64662.3477
1636876800000,64473.4141
1636891200000,64104.4531
1636905600000,64175.7031
1636920000000,65557.7422
1636934400000,65776.3516
1636948800000,65621.0312
1636963200000,65808.0859
1636977600000,64354.5
1636992000000,64246.2734
1637006400000,63614.0977
1637020800000,60915.25
1637035200000,60815.1172
1637049600000,60609.4609
1637064000000,60705.0469
1637078400000,60273.4883
1637092800000,60124.9336
1637107200000,59062.9844
1637121600000,59773.1211
1637136000000,60778.6172
1637150400000,59681.4766
1637164800000,60216.9414
1637179200000,60369.875
1637193600000,59915.5
1637208000000,59820.5039
1637222400000,59248.7852
1637236800000,58117.1016
1637251200000,57964.6328
1637265600000,56928.9141
1637280000000,55935.8242
1637294400000,56032.3242
1637308800000,57032.1445
1637323200000,57894.4766
1637337600000,58089.8086
1637352000000,58111.7578
1637366400000,58573.2891
1637380800000,58431.0508
1637395200000,58658.9805
1637409600000,57676.625
1637424000000,59488.1328
1637438400000,59720.3047
1637452800000,58739.8164
1637467200000,59036.4102
1637481600000,58763.9062
1637496000000,59264.332
1637510400000,59358.2422
1637524800000,58660.2344
1637539200000,57449.082
1637553600000,57337.4766
1637568000000,57211.1523
1637582400000,58229.7656
1637596800000,55986.6914
1637611200000,56283.2812
1637625600000,56970.3828
1637640000000,56074.5938
1637654400000,56136.6445
1637668800000,56896.957
1637683200000,57810.2852
1637697600000,57578.8594
1637712000000,56403.5977
1637726400000,56552.1289
1637740800000,56678.4062
1637755200000,56761.6875
1637769600000,56888.1914
1637784000000,57212.6641
1637798400000,57797.9688
1637812800000,57673.1016
1637827200000,58072.4609
1637841600000,59108.1992
1637856000000,58942.3633
1637870400000,58997.707
1637884800000,57992.6914
1637899200000,57038.3672
1637913600000,53758.2188
1637928000000,54380.4648
1637942400000,54368.8203
1637956800000,53794.2812
1637971200000,54414.7109
1637985600000,54439.1406
1638000000000,54636.9336
1638014400000,54936.168
1638028800000,54972.1328
1638043200000,54762.543
1638057600000,54160.9297
1638072000000,54559.832
1638086400000,54540.4648
1638100800000,54345.2578
1638115200000,54665.8945
1638129600000,57329.2305
1638144000000,57400.6992
1638158400000,57553.4883
1638172800000,56962.7422
1638187200000,57139.0078
1638201600000,57947.25
1638216000000,57833.4531
1638230400000,57139.7695
1638244800000,56538.3203
1638259200000,57643.1953
1638273600000,57255.1953
1638288000000,57693.8008
1638302400000,56980.8555
1638316800000,57431.4531
1638331200000,57233.8203
1638345600000,57204.1328
1638360000000,58711.082
1638374400000,57519.5
1638388800000,57220.582
1638403200000,56377.7891
1638417600000,56860.832
1638432000000,56401.6016
1638446400000,56545.0469
1638460800000,56672.7891
1638475200000,56530.6953
1638489600000,56358.4414
1638504000000,56798.5508
1638518400000,57064.0234
1638532800000,56025.1992
1638547200000,53896.0547
1638561600000,53641.0938
1638576000000,52055.8477
1638590400000,47289.3711
1638604800000,46585.8359
1638619200000,48314.0117
1638633600000,49313.0664
1638648000000,49201.3477
1638662400000,49209.3203
1638676800000,49359.7852
1638691200000,49308.2461
1638705600000,48019.5078
1638720000000,48937.8672
1638734400000,49430.332
1638748800000,49065.0117
1638763200000,48446.668
1638777600000,48636.2305
1638792000000,48989.9922
1638806400000,49138.9258
1638820800000,50471.5312
1638835200000,50963.9219
1638849600000,50961.7734
1638864000000,51506.0508
1638878400000,51772.4688
1638892800000,50911.2812
1638907200000,50629.3789
1638921600000,50166.7773
1638936000000,50525.1211
1638950400000,49219.4297
1638964800000,50670.4805
1638979200000,50465.6953
1638993600000,50477.293
1639008000000,49527.0977
1639022400000,50026.6211
1639036800000,49202.0898
1639051200000,48479.9688
1639065600000,47641.75
1639080000000,47569.4102
1639094400000,48396.2227
1639108800000,47699.6133
1639123200000,48706.7422
1639137600000,47972.9766
1639152000000,48128.0508
1639166400000,47150.8281
1639180800000,48309.1484
1639195200000,48070.8867
1639209600000,48228.543
1639224000000,48762.4141
1639238400000,48397.7266
1639252800000,49378.5547
1639267200000,49311.832
1639281600000,49297.1641
1639296000000,49148.0391
1639310400000,49623.3008
1639324800000,50236.4766
1639339200000,50092.5156
1639353600000,48864.6406
1639368000000,48757.6758
1639382400000,48839.0586
1639396800000,47248.7109
1639411200000,46699.3516
1639425600000,46684.5898
1639440000000,46941.6055
1639454400000,46983.5898
1639468800000,47604.1602
1639483200000,46830.5586
1639497600000,46857.1133
1639512000000,48368.9844
1639526400000,48248.1641
1639540800000,48205.3555
1639555200000,48150.5469
1639569600000,46603.2266
1639584000000,48683.8984
1639598400000,48867.4023
1639612800000,48837.0039
1639627200000,48738.9727
1639641600000,49198.3438
1639656000000,48576.3477
1639670400000,47873.1836
1639684800000,47628.1719
1639699200000,47793.1719
1639713600000,47006.7656
1639728000000,47110.9453
1639742400000,46492.6367
1639756800000,46741.6953
1639771200000,46137.6953
1639785600000,46314.8711
1639800000000,46371.9492
1639814400000,47065.5547
1639828800000,46857.6484
1639843200000,46632.3984
1639857600000,46840.9023
1639872000000,47726.75
1639886400000,47547.2188
1639900800000,47159.0352
1639915200000,47214.9922
1639929600000,46663.5273
1639944000000,46654.418
1639958400000,46678.4961
1639972800000,46433.1719
1639987200000,46069.1953
1640001600000,45972.5547
1640016000000,46606.625
1640030400000,46889.0195
1640044800000,47960.4688
1640059200000,48580.6953
1640073600000,48862.6484
1640088000000,48428.5977
1640102400000,48635.5625
1640116800000,48906.5273
1640131200000,49254.5547
1640145600000,49225.1875
1640160000000,48995.3711
1640174400000,48896.6211
1640188800000,48917.4258
1640203200000,48608.3516
1640217600000,48520.3086
1640232000000,48137.5742
1640246400000,48373.6562
1640260800000,48829.5859
1640275200000,51092.3398
1640289600000,50821.3945
1640304000000,51034.1953
1640318400000,50992.4453
1640332800000,51003.3203
1640347200000,50954.9219
1640361600000,51142.8125
1640376000000,50807.5586
1640390400000,50851.2031
1640404800000,50921.918
1640419200000,50675.0469
1640433600000,50701.5742
1640448000000,50942.4805
1640462400000,50426.4375
1640476800000,49687.1797
1640491200000,49939.4688
1640505600000,49760.8516
1640520000000,50062.9648
1640534400000,50354.8711
1640548800000,50772.2539
1640563200000,51016.7227
1640577600000,50725.2344
1640592000000,50771.9961
1640606400000,51471.5625
1640620800000,51234.8164
1640635200000,50707.8398
1640649600000,49810.6992
1640664000000,49224.1562
1640678400000,49206.3359
1640692800000,48952.8477
1640707200000,47689.4531
1640721600000,47530.1953
1640736000000,47981.5938
1640750400000,47568.1992
1640764800000,47740.1875
1640779200000,47974.6328
1640793600000,47144.5938
1640808000000,46434.0703
1640822400000,46502.2617
1640836800000,46968.0117
1640851200000,47503.75
1640865600000,47128.9141
1640880000000,47552.8594
1640894400000,47100.9727
1640908800000,47194.25
1640923200000,47167.8281
1640937600000,47977.3242
1640952000000,47958.7305
1640966400000,45689.3242
1640980800000,46198.6328
1640995200000,46808.8203
1641009600000,47181.6406
1641024000000,46741.6992
1641038400000,47182.2578
1641052800000,47317.4102
1641067200000,47721.3633
1641081600000,47317.6289
1641096000000,47171.3711
1641110400000,47217.3125
1641124800000,47321.9023
1641139200000,46916.7109
1641153600000,47300.0547
1641168000000,46790.375
1641182400000,47048.793
1641196800000,47369.0352
1641211200000,46669.1016
1641225600000,46369.2773
1641240000000,46438.5781
1641254400000,46326.8438
1641268800000,46520.7656
1641283200000,46698.8008
1641297600000,46906.1602
1641312000000,46013.7734
1641326400000,45831.9844
1641340800000,46420.9648
1641355200000,46382.2578
1641369600000,46245.707
1641384000000,46607.6016
1641398400000,44661.9727
1641412800000,43414.4766
1641427200000,42830.6758
1641441600000,43217.3008
1641456000000,42852.8633
1641470400000,42961.2148
1641484800000,43399.5078
1641499200000,43091.043
1641513600000,41782.3945
1641528000000,41691.6172
1641542400000,42228.1172
1641556800000,41316.9961
1641571200000,41736.4609
1641585600000,41548.207
1641600000000,41781.5586
1641614400000,41894.0781
1641628800000,41950.0703
1641643200000,41593.625
1641657600000,40831.8984
1641672000000,41684.0195
1641686400000,41822.3281
1641700800000,41793.5117
1641715200000,41832.4688
1641729600000,41610.4922
1641744000000,42686.2031
1641758400000,41840.0273
1641772800000,41948.6172
1641787200000,42044.043
1641801600000,41556.6094
1641816000000,40973.3008
1641830400000,41281.4883
1641844800000,41800.4844
1641859200000,42236.8008
1641873600000,42197.0352
1641888000000,41814.9219
1641902400000,41733.5
1641916800000,42957.6914
1641931200000,42706.8477
1641945600000,42610.4141
1641960000000,42561.2812
1641974400000,42915.9023
1641988800000,43558.3555
1642003200000,43725.7578
1642017600000,43881.457
1642032000000,43506.2695
1642046400000,43695.6484
1642060800000,43643.7656
1642075200000,43197.0703
1642089600000,42703.9258
1642104000000,42577.1367
1642118400000,42655.4375
1642132800000,42632.6992
1642147200000,42011.9883
1642161600000,43097.6992
1642176000000,43101.6055
1642190400000,43054.5508
1642204800000,42914.7461
1642219200000,43072.6445
1642233600000,43007.2617
1642248000000,43387.6758
1642262400000,43500.8711
1642276800000,43070.1406
1642291200000,42989.5078
1642305600000,43202
1642320000000,42985.4688
1642334400000,43229.0039
1642348800000,42825.3164
1642363200000,43056.2266
1642377600000,42658.0586
1642392000000,42682.043
1642406400000,42664.1914
1642420800000,42483.7734
1642435200000,42242.9453
1642449600000,42200.5391
1642464000000,42038.4141
1642478400000,42050.7773
1642492800000,41873.3828
1642507200000,41604.2852
1642521600000,41714.0039
1642536000000,42361.418
1642550400000,41695.6953
1642564800000,41259.0508
1642579200000,42031.0352
1642593600000,41998.2773
1642608000000,41877.2656
1642622400000,41677.3711
1642636800000,41950.3867
1642651200000,42063.3672
1642665600000,42147.6562
1642680000000,43298.6094
1642694400000,42897.0312
1642708800000,40674.5508
1642723200000,38450.8438
1642737600000,39118.9961
1642752000000,38881.2188
1642766400000,38841.3984
1642780800000,37957.5898
1642795200000,36453.3945
1642809600000,36323.9648
1642824000000,35388.0859
1642838400000,35403.8984
1642852800000,34840.2656
1642867200000,34511.1992
1642881600000,35065.7969
1642896000000,35063.8125
1642910400000,35571.7422
1642924800000,35680.832
1642939200000,35301.4141
1642953600000,34785.957
1642968000000,36266.625
1642982400000,35326.6211
1642996800000,34879.0508
1643011200000,33695.332
1643025600000,34242.7266
1643040000000,36086.3828
1643054400000,36663.2383
1643068800000,36426.6875
1643083200000,36071.5078
1643097600000,36400.3984
1643112000000,36545.6602
1643126400000,37085.8789
1643140800000,36955.3633
1643155200000,37398.2266
1643169600000,37342.5039
1643184000000,38072.1719
1643198400000,38003.3164
1643212800000,37560.9375
1643227200000,36811.4062
1643241600000,35743.9766
1643256000000,36169.1055
1643270400000,36698.3711
1643284800000,36655.1914
1643299200000,36220.3203
1643313600000,37165.8008
1643328000000,37338.8125
1643342400000,36806.1445
1643356800000,36432.8633
1643371200000,37195.8789
1643385600000,37205.0039
1643400000000,37713.9062
1643414400000,37698.332
1643428800000,37849.4883
1643443200000,37725.1055
1643457600000,37556.1328
1643472000000,37862.6328
1643486400000,38178.3477
1643500800000,37930.7188
1643515200000,38233.2305
1643529600000,38113.5859
1643544000000,37970.2227
1643558400000,37518.3594
1643572800000,37914.5078
1643587200000,37029.4297
1643601600000,37101.3867
1643616000000,37287.0703
1643630400000,37705.0938
1643644800000,38424.7305
1643659200000,38463.8008
1643673600000,38596.3945
1643688000000,38437.7344
1643702400000,38440.832
1643716800000,38640.0391
1643731200000,38387.5703
1643745600000,38719.4258
1643760000000,38559.3945
1643774400000,38271.5352
1643788800000,38501.7969
1643803200000,37436.2227
1643817600000,37575.7539
1643832000000,36912.7148
1643846400000,36835.6875
1643860800000,37020.4258
1643875200000,36775.6211
1643889600000,36902.793
1643904000000,36546.7812
1643918400000,37296.6797
1643932800000,37303.7734
1643947200000,37867.9883
1643961600000,37815.0625
1643976000000,39493.5078
1643990400000,40733.5664
1644004800000,41532.7969
1644019200000,41463.668
1644033600000,41408.9883
1644048000000,41470.4375
1644062400000,41780.6836
1644076800000,41544.0586
1644091200000,41401.8164
1644105600000,41456.1758
1644120000000,41644.1797
1644134400000,41513.707
1644148800000,41505.8594
1644163200000,41730.2031
1644177600000,42376.1484
1644192000000,42816.832
1644206400000,42744.8125
1644220800000,42729.7734
1644235200000,43853.75
1644249600000,44260.8164
1644264000000,43855.4805
1644278400000,44187.7578
1644292800000,44883.3008
1644307200000,43999.1484
1644321600000,43483.1719
1644336000000,43043.6758
1644350400000,44057.3789
1644364800000,43346.1328
1644379200000,43821.5859
1644393600000,43745.5156
1644408000000,43875.4648
1644422400000,44486.1797
1644436800000,44394.2695
1644451200000,43793.1758
1644465600000,44125.1641
1644480000000,44845.2773
1644494400000,44964.418
1644508800000,44375.3164
1644523200000,43498.5039
1644537600000,43342.6758
1644552000000,43345.5508
1644566400000,43361.8516
1644580800000,43689.3945
1644595200000,42758.707
1644609600000,42387.2109
1644624000000,42297.9688
1644638400000,42129.1055
1644652800000,42402.5898
1644667200000,42120.6562
1644681600000,42653.2148
1644696000000,42205.0898
1644710400000,42224.7188
1644724800000,42430.9219
1644739200000,42478.9141
1644753600000,42576.0859
1644768000000,42051.2227
1644782400000,42052.418
1644796800000,41919.7852
1644811200000,42309.5664
1644825600000,42115.3086
1644840000000,42593.2227
1644854400000,42126.3945
1644868800000,42533.4805
1644883200000,43571.7734
1644897600000,43691.1602
1644912000000,44257.9062
1644926400000,44219.9258
1644940800000,43985.8242
1644955200000,44560.2656
1644969600000,43982.0273
1644984000000,44195.8672
1644998400000,44184.9102
1645012800000,43597.8359
1645027200000,44237.5078
1645041600000,43889.2656
1645056000000,43584.4688
1645070400000,43935.2852
1645084800000,43174.9961
1645099200000,41909.543
1645113600000,41207.4844
1645128000000,40530.5781
1645142400000,40681.9023
1645156800000,40669.082
1645171200000,40193.3047
1645185600000,39846.4258
1645200000000,40216.4062
1645214400000,40000.9766
1645228800000,40137.8242
1645243200000,40267.2734
1645257600000,39846.793
1645272000000,39977.7773
1645286400000,39973.3398
1645300800000,40099.2852
1645315200000,39798.6836
1645329600000,38783.3516
1645344000000,38327.7578
1645358400000,38344.8594
1645372800000,38392.4023
1645387200000,38377.1602
1645401600000,38921.2266
1645416000000,39301.1719
1645430400000,37592.957
1645444800000,38827.6172
1645459200000,38123.3477
1645473600000,37018.8359
1645488000000,36588.8203
1645502400000,36773.3086
1645516800000,37510.2188
1645531200000,37767.8594
1645545600000,38049.1602
1645560000000,38223.4492
1645574400000,37739.8008
1645588800000,38155.3633
1645603200000,38773.1641
1645617600000,38524.2109
1645632000000,37624.0703
1645646400000,37257.0273
1645660800000,34947.4453
1645675200000,35295.332
1645689600000,35438.1523
1645704000000,35918.707
1645718400000,37312.332
1645732800000,38334.2695
1645747200000,38924.6328
1645761600000,38496.4336
1645776000000,38760.4297
1645790400000,39409.3008
1645804800000,38702.9844
1645819200000,39203.5547
1645833600000,39408.332
1645848000000,39202.7305
1645862400000,38950.7852
1645876800000,39219.5742
1645891200000,39262.4688
1645905600000,39111.7734
1645920000000,38603.8047
1645934400000,38797.8789
1645948800000,39499.1758
1645963200000,39365.6367
1645977600000,37590.6406
1645992000000,37704.5938
1646006400000,37776.9648
1646020800000,38347.3789
1646035200000,38334.7188
1646049600000,40835.2734
1646064000000,41313.6836
1646078400000,43171.9453
1646092800000,43152.1719
1646107200000,43477.0195
1646121600000,43597.5938
1646136000000,43645.9688
1646150400000,43721.2227
1646164800000,44420.5352
1646179200000,44349.8594
1646193600000,43977.3789
1646208000000,44108.0078
1646222400000,44111.2305
1646236800000,43701.9961
1646251200000,43931.75
1646265600000,43336.0938
1646280000000,43463.1094
1646294400000,43385.3594
1646308800000,42547.5391
1646323200000,42215.3711
1646337600000,42467.7852
1646352000000,41464.1094
1646366400000,41421.6758
1646380800000,41654.6523
1646395200000,40687.707
1646409600000,39755.4062
1646424000000,39105.2578
1646438400000,39046.4453
1646452800000,39019.1836
1646467200000,39118.707
1646481600000,39164.4141
1646496000000,39418.7305
1646510400000,39380.75
1646524800000,39279.707
1646539200000,39393.7695
1646553600000,38337.6211
1646568000000,38839.5547
1646582400000,38683
1646596800000,38394.207
1646611200000,37873.6055
1646625600000,37874.2344
1646640000000,38329.8438
1646654400000,39078.1836
1646668800000,37287.668
1646683200000,37984.1445
1646697600000,38669.2734
1646712000000,38540.5742
1646726400000,38963.6602
1646740800000,38653.375
1646755200000,38746.3203
1646769600000,38740.0117
1646784000000,41189.0781
1646798400000,41776.9336
1646812800000,42143.3672
1646827200000,42506.0117
1646841600000,42202.918
1646856000000,41936.3164
1646870400000,40778.5859
1646884800000,39211.8789
1646899200000,39084.2578
1646913600000,39163.3047
1646928000000,39434.832
1646942400000,39422.6289
1646956800000,38722.8594
1646971200000,39095.0078
1646985600000,39900.9297
1647000000000,39055.293
1647014400000,38770.4297
1647028800000,38710.6133
1647043200000,39084.6602
1647057600000,39088.0586
1647072000000,39063.4922
1647086400000,39036.6328
1647100800000,39006.7344
1647115200000,38784.8516
1647129600000,39171.3086
1647144000000,39079.5273
1647158400000,38721.0312
1647172800000,38935.6211
1647187200000,38851.6055
1647201600000,37757.1211
1647216000000,38148.3672
1647230400000,39083.3359
1647244800000,38885.7266
1647259200000,38922.2344
1647273600000,38800.8828
1647288000000,39652.043
1647302400000,38746.4961
1647316800000,38392.0352
1647331200000,38652.4492
1647345600000,39004.0039
1647360000000,39718.0625
1647374400000,39280.2773
1647388800000,39146.3008
1647403200000,39555.6133
1647417600000,40528.8672
1647432000000,40600.3008
1647446400000,40874.8672
1647460800000,41121.707
1647475200000,41014.3086
1647489600000,40735.5664
1647504000000,40743.5781
1647518400000,40791.4922
1647532800000,40849.1602
1647547200000,40907.9922
1647561600000,40523.0781
1647576000000,40569.582
1647590400000,40396.1445
1647604800000,40928.1758
1647619200000,42035.8281
1647633600000,41762.2734
1647648000000,41794.7188
1647662400000,41618.6523
1647676800000,41723.5117
1647691200000,41935.957
1647705600000,42039.7383
1647720000000,42213.543
1647734400000,41940.8359
1647748800000,41861.1172
1647763200000,41602.1328
1647777600000,41354.2969
1647792000000,41391.6445
1647806400000,41269.3203
1647820800000,40828.2109
1647835200000,41111.3984
1647849600000,41244.5586
1647864000000,41217.4805
1647878400000,41186.6562
1647892800000,40995.4297
1647907200000,42245.7812
1647921600000,42219.7422
1647936000000,42963.9766
1647950400000,42580.1133
1647964800000,42270.9922
1647979200000,42360.3555
1647993600000,42072.6406
1648008000000,42104.9805
1648022400000,42049.0664
1648036800000,42612.5
1648051200000,42213.1758
1648065600000,42882.6328
1648080000000,42703.6758
1648094400000,43075.9727
1648108800000,42939.9219
1648123200000,44003.7422
1648137600000,43911.3633
1648152000000,43989.4766
1648166400000,43982.3281
1648180800000,43926.1953
1648195200000,44587.2031
1648209600000,44339.0781
1648224000000,44447.4609
1648238400000,44311.4648
1648252800000,44400.7617
1648267200000,44516.1953
1648281600000,44338.543
1648296000000,44204.6875
1648310400000,44363.4336
1648324800000,44529.1406
1648339200000,44712.6055
1648353600000,44746.0977
1648368000000,44564.1445
1648382400000,44864.6211
1648396800000,44829.0234
1648411200000,46814.3555
1648425600000,47046.2188
1648440000000,46995.7578
1648454400000,47266.6055
1648468800000,47421.2031
1648483200000,47961.668
1648497600000,47142.8867
1648512000000,47344.1875
1648526400000,47352.3867
1648540800000,47902.4375
1648555200000,47439.3164
1648569600000,47720.6914
1648584000000,47453.6719
1648598400000,47434.3008
1648612800000,47382.2266
1648627200000,47319.7188
1648641600000,47166.5117
1648656000000,47060.3359
1648670400000,47049.5508
1648684800000,47076.0508
1648699200000,47153.082
1648713600000,47142.1016
1648728000000,46449.5117
1648742400000,45595.8516
1648756800000,45517.5352
1648771200000,44582.3203
1648785600000,45023.4609
1648800000000,45060.5078
1648814400000,46527.5859
1648828800000,46355.5664
1648843200000,46278.0352
1648857600000,46591.3359
1648872000000,46603.6875
1648886400000,46551.6367
1648900800000,46292.2891
1648915200000,46124.0273
1648929600000,45804.0625
1648944000000,45950.7539
1648958400000,46354.7773
1648972800000,46248.4883
1648987200000,46389.5664
1649001600000,46402.2969
1649016000000,46400.832
1649030400000,45997.5273
1649044800000,46164.6758
1649059200000,46145.7695
1649073600000,45614.2031
1649088000000,45928.3398
1649102400000,46580.7422
1649116800000,46623.0508
1649131200000,46705.4766
1649145600000,46682.6289
1649160000000,45749.25
1649174400000,46037.2148
1649188800000,45490.1016
1649203200000,45200.0898
1649217600000,45251.207
1649232000000,44804.0781
1649246400000,44160.3203
1649260800000,43747.4805
1649275200000,43161.168
1649289600000,43293.7578
1649304000000,43435.0664
1649318400000,43731.8555
1649332800000,43320.6094
1649347200000,43361.6797
1649361600000,43423.4453
1649376000000,43586.9609
1649390400000,43752.7227
1649404800000,43284.0664
1649419200000,43654.9961
1649433600000,42718.082
1649448000000,42246.6094
1649462400000,42376.4883
1649476800000,42466.3672
1649491200000,42421.957
1649505600000,42229.6289
1649520000000,42514.4609
1649534400000,42747.5664
1649548800000,42763.9648
1649563200000,42620.6562
1649577600000,42701.4492
1649592000000,42744.2695
1649606400000,43227.4219
1649620800000,42147.9727
1649635200000,42119.332
1649649600000,42310.6172
1649664000000,41047.3984
1649678400000,40572.7227
1649692800000,39970.2578
1649707200000,39513.5703
1649721600000,39710.6445
1649736000000,40156.4844
1649750400000,40345.957
1649764800000,40166.8789
1649779200000,39289.7812
1649793600000,40069.8711
1649808000000,40060.4805
1649822400000,40111.5195
1649836800000,39703.8008
1649851200000,41136.1992
1649865600000,41037.6992
1649880000000,41129.9102
1649894400000,41308.4414
1649908800000,41263.8125
1649923200000,40914.7969
1649937600000,39961.0547
1649952000000,39764.3789
1649966400000,39927.0195
1649980800000,40182.7773
1649995200000,40223.1367
1650009600000,40214.3281
1650024000000,40407.5117
1650038400000,40298.0859
1650052800000,40538.4453
1650067200000,40428.2617
1650081600000,40388.0234
1650096000000,40405.0469
1650110400000,40062.1094
1650124800000,40213.0625
1650139200000,40367.2734
1650153600000,40224.9414
1650168000000,40266.5664
1650182400000,40448.8281
1650196800000,40444.1602
1650211200000,40370.8672
1650225600000,39673.9883
1650240000000,39808.5391
1650254400000,38917.2422
1650268800000,38981.7812
1650283200000,39250.9805
1650297600000,40659.4961
1650312000000,40782.043
1650326400000,40679.7344
1650340800000,40664.6602
1650355200000,40674.5234
1650369600000,41448.3359
1650384000000,41410.4375
1650398400000,41473.7695
1650412800000,41380.0664
1650427200000,41326.1953
1650441600000,42081.8672
1650456000000,41257.5391
1650470400000,41192
1650484800000,41354.4414
1650499200000,41684.0156
1650513600000,41843.6875
1650528000000,42441.0039
1650542400000,42137.2852
1650556800000,41218.7344
1650571200000,40476.3867
1650585600000,40488.7344
1650600000000,40698.4805
1650614400000,40566.043
1650628800000,39418.7773
1650643200000,39493.3047
1650657600000,39692.5039
1650672000000,39453.457
1650686400000,39579.1953
1650700800000,39592.5
1650715200000,39780.4375
1650729600000,39749.125
1650744000000,39434.2891
1650758400000,39765.4961
1650772800000,39734.0039
1650787200000,39593.9492
1650801600000,39635.9375
1650816000000,39680.0469
1650830400000,39441.5547
1650844800000,39239.6289
1650859200000,38436.5391
1650873600000,38827.0781
1650888000000,38977.3789
1650902400000,40204.9023
1650916800000,40407.6445
1650931200000,40527.6094
1650945600000,40588.7578
1650960000000,40468.5156
1650974400000,38541.9375
1650988800000,38252.2812
1651003200000,38099.0234
1651017600000,38323.9961
1651032000000,39094.4062
1651046400000,38995.3516
1651060800000,38996.3516
1651075200000,38840.3047
1651089600000,39206.5391
1651104000000,39334.543
1651118400000,39371.8789
1651132800000,39665.6836
1651147200000,39434.6836
1651161600000,39966.3164
1651176000000,39727.5391
1651190400000,39511.9492
1651204800000,39596.125
1651219200000,38741.7969
1651233600000,38993.793
1651248000000,38314.25
1651262400000,38577.8789
1651276800000,38639.7109
1651291200000,38621.6484
1651305600000,38570.9805
1651320000000,38455.1797
1651334400000,38459.5977
1651348800000,37618.2266
1651363200000,38029.5938
1651377600000,37950.3789
1651392000000,37929.6211
1651406400000,38484.9805
1651420800000,37785.6836
1651435200000,38455.2891
1651449600000,38659.3789
1651464000000,38862.6562
1651478400000,38519.8203
1651492800000,38681.9414
1651507200000,38536.2812
1651521600000,38512.543
1651536000000,38503.7188
1651550400000,38538.457
1651564800000,38543.8359
1651579200000,38324.4141
1651593600000,37710.2031
1651608000000,37711.7227
1651622400000,37990.3633
1651636800000,38662.8633
1651651200000,38989.5469
1651665600000,38975.3633
1651680000000,39835.8125
1651694400000,39673.0234
1651708800000,39714.3047
1651723200000,39576.5625
1651737600000,39497.6289
1651752000000,36881.625
1651766400000,36277.9102
1651780800000,36519.9844
1651795200000,36442.2578
1651809600000,36362.3281
1651824000000,35765.9609
1651838400000,35980.3477
1651852800000,35974.6953
1651867200000,35990.9453
1651881600000,35787.4062
1651896000000,35886.8438
1651910400000,36021.1719
1651924800000,35921.4805
1651939200000,35851.7422
1651953600000,35439.1758
1651968000000,34471.9492
1651982400000,34597.4844
1651996800000,34763.3008
1652011200000,34341.6484
1652025600000,34573.0352
1652040000000,34015.7617
1652054400000,33553.707
1652068800000,33508.6562
1652083200000,33101.1367
1652097600000,32340.3594
1652112000000,30917.6738
1652126400000,30063.5684
1652140800000,30634.3848
1652155200000,31605.248
1652169600000,31604.6543
1652184000000,31297.2578
1652198400000,31313.4473
1652212800000,31004.9668
1652227200000,31183.1914
1652241600000,30600.7559
1652256000000,31499.7168
1652270400000,30923.6289
1652284800000,29307.5547
1652299200000,28967.9922
1652313600000,28252.666
1652328000000,27651.834
1652342400000,28197.5254
1652356800000,28873.5801
1652371200000,28536.4707
1652385600000,28928.1582
1652400000000,30459.8613
1652414400000,30092.5742
1652428800000,30593.1445
1652443200000,30279.7363
1652457600000,30014.5723
1652472000000,29223.2363
1652486400000,29509.8145
1652500800000,29357.5703
1652515200000,28994.2637
1652529600000,28747.5117
1652544000000,29274.0996
1652558400000,30020.8516
1652572800000,29666.207
1652587200000,29764.0508
1652601600000,30192.4141
1652616000000,29950.7266
1652630400000,30403.752
1652644800000,31270.8555
1652659200000,30258.9531
1652673600000,29555.7988
1652688000000,29912.9648
1652702400000,29632.3535
1652716800000,29516.0176
1652731200000,29823.5449
1652745600000,30302.6172
1652760000000,30353.2129
1652774400000,30270.3359
1652788800000,30110.6328
1652803200000,30045.9785
1652817600000,30396.5645
1652832000000,29784.5723
1652846400000,29850.1309
1652860800000,29782.0195
1652875200000,28931.5273
1652889600000,29221.125
1652904000000,28657.8887
1652918400000,29142.5254
1652932800000,29145.6523
1652947200000,29454
1652961600000,30354.4961
1652976000000,29919.9453
1652990400000,30277.5645
1653004800000,30133.9062
1653019200000,30223.6797
1653033600000,30382.2148
1653048000000,29090.8496
1653062400000,29242.6113
1653076800000,29155.3633
1653091200000,29203.5273
1653105600000,29374.3789
1653120000000,29234.6074
1653134400000,29492.7422
1653148800000,29412.7227
1653163200000,29389.334
1653177600000,29306.2539
1653192000000,29381.0625
1653206400000,29849.2676
1653220800000,29795.1855
1653235200000,29882.166
1653249600000,30251.2637
1653264000000,30116.7715
1653278400000,30396.4922
1653292800000,30350.3945
1653307200000,30340.1777
1653321600000,29044.1094
1653336000000,29056.2461
1653350400000,29259.1074
1653364800000,29360.293
1653379200000,29256.8145
1653393600000,29355.3379
1653408000000,29354.9062
1653422400000,29619.8945
1653436800000,30153.8574
1653451200000,29652.0059
1653465600000,29348.4375
1653480000000,29588.8672
1653494400000,29544.9102
1653508800000,29499.2559
1653523200000,29802.3535
1653537600000,29689.2793
1653552000000,28962.4023
1653566400000,29348.4902
1653580800000,29344.3828
1653595200000,29155.3711
1653609600000,28976.6328
1653624000000,28940.7754
1653638400000,28870.2578
1653652800000,28804.2793
1653667200000,28832.9102
1653681600000,28581.3125
1653696000000,28780.4863
1653710400000,28840.7539
1653724800000,28782.8555
1653739200000,28941.6406
1653753600000,28988.2285
1653768000000,28989.3945
1653782400000,28940.5039
1653796800000,28967.6113
1653811200000,29172.7969
1653825600000,29168.459
1653840000000,29078.5527
1653854400000,29422.0371
1653868800000,30308.002
1653883200000,30593.6953
1653897600000,30618.9668
1653912000000,30608.6133
1653926400000,30612.5625
1653940800000,31702.709
1653955200000,31732.5059
1653969600000,31540.7656
1653984000000,31725.7344
1653998400000,32028.0996
1654012800000,31591.4121
1654027200000,31758.8555
1654041600000,31594.7949
1654056000000,31446.7969
1654070400000,31579.791
1654084800000,30697.8633
1654099200000,30080.8711
1654113600000,29766.9922
1654128000000,29693.9062
1654142400000,29924.5742
1654156800000,30128.9102
1654171200000,30169.4668
1654185600000,30255.7695
1654200000000,30413.4883
1654214400000,30489.791
1654228800000,30415.1855
1654243200000,29718.9141
1654257600000,29457.332
1654272000000,29538.373
1654286400000,29669.6172
1654300800000,29515.2832
1654315200000,29655.3672
1654329600000,29630.3633
1654344000000,29817.3887
1654358400000,29604.4668
1654372800000,29833.2891
1654387200000,29719.7324
1654401600000,29610.1934
1654416000000,29690.6582
1654430400000,29937.2793
1654444800000,30022.1113
1654459200000,29871.7363
1654473600000,31213.6816
1654488000000,31246.6445
1654502400000,31357.7402
1654516800000,31501.584
1654531200000,31446.1152
1654545600000,31342.7988
1654560000000,29529.6055
1654574400000,29550.0781
1654588800000,29495.4414
1654603200000,29864.7051
1654617600000,31030.4902
1654632000000,31089.6328
1654646400000,29983.4922
1654660800000,30533.5684
1654675200000,30382.7344
1654689600000,30443.5371
1654704000000,30102.9375
1654718400000,30163.2227
1654732800000,30257.0742
1654747200000,30457.1289
1654761600000,30259.1602
1654776000000,30274.459
1654790400000,29974.4902
1654804800000,30070.2227
1654819200000,30079.2402
1654833600000,30011.3066
1654848000000,29985.4004
1654862400000,29424.4238
1654876800000,28935.7969
1654891200000,29041.998
1654905600000,29230.3359
1654920000000,29281.8184
1654934400000,28692.1406
1654948800000,28365.3086
1654963200000,28555.9238
1654977600000,28379.3262
1654992000000,27503.1094
1655006400000,27603.207
1655020800000,27418.084
1655035200000,28038.6797
1655049600000,27376.5859
1655064000000,26524.9102
1655078400000,25461.168
1655092800000,24754.2109
1655107200000,23653.4824
1655121600000,23220.707
1655136000000,23152.4297
1655150400000,22433.4355
1655164800000,22070.8398
1655179200000,22838.4688
1655193600000,21942.8594
1655208000000,22640.5703
1655222400000,22147.002
1655236800000,22090.6406
1655251200000,21410.9941
1655265600000,20679.1406
1655280000000,21124.9316
1655294400000,21380.2031
1655308800000,21584.7012
1655323200000,22547.2207
1655337600000,22164.8613
1655352000000,21723.8945
1655366400000,21011.1875
1655380800000,21038.3691
1655395200000,20841.4004
1655409600000,20355.5078
1655424000000,20327.6484
1655438400000,21048.5898
1655452800000,20941.0312
1655467200000,20624.6367
1655481600000,20480.6699
1655496000000,20431.0547
1655510400000,20414.4395
1655524800000,19212.4355
1655539200000,19207.3398
1655553600000,18912.2891
1655568000000,18021.752
1655582400000,18939.8555
1655596800000,18268.4844
1655611200000,18262.7344
1655625600000,19643.9375
1655640000000,19784.416
1655654400000,20081.5508
1655668800000,20532.0039
1655683200000,19940.4316
1655697600000,20046.4824
1655712000000,20764.25
1655726400000,20790.6582
1655740800000,20041.5469
1655755200000,20540.6289
1655769600000,20576.1055
1655784000000,21082.6543
1655798400000,20926.5371
1655812800000,21357.9883
1655827200000,20856.4844
1655841600000,20695.4785
1655856000000,20289.8496
1655870400000,20065.3633
1655884800000,20473.502
1655899200000,20048.0449
1655913600000,20084.2715
1655928000000,19963.5176
1655942400000,20177.4199
1655956800000,20422.627
1655971200000,20607.5625
1655985600000,20320.5078
1656000000000,20881.9043
1656014400000,21080.4375
1656028800000,21040.9922
1656043200000,20874.2812
1656057600000,21140.4434
1656072000000,20863.5527
1656086400000,21218.957
1656100800000,21208.5
1656115200000,21270.9727
1656129600000,21486.4727
1656144000000,21309.918
1656158400000,20941.5898
1656172800000,21186.8359
1656187200000,21470.6602
1656201600000,21403.6016
1656216000000,21369.3965
1656230400000,21683.2109
1656244800000,21306.5371
1656259200000,21267.0469
1656273600000,21026.2227
1656288000000,21146.877
1656302400000,21339.6602
1656316800000,21279.7031
1656331200000,20732.3086
1656345600000,20827.7539
1656360000000,20711.9785
1656374400000,20701.0684
1656388800000,20853.6074
1656403200000,20962.3125
1656417600000,20572.4902
1656432000000,20219.6621
1656446400000,20253.6328
1656460800000,20250.4199
1656475200000,20052.707
1656489600000,20071.7871
1656504000000,20040.9414
1656518400000,20186.1406
1656532800000,20081.916
1656547200000,20036.0273
1656561600000,19404.3613
1656576000000,19071.373
1656590400000,19118.1523
1656604800000,18891.9023
1656619200000,19909.3535
1656633600000,19680.3262
1656648000000,19536.7051
1656662400000,19154.6562
1656676800000,19260.9648
1656691200000,19352.2695
1656705600000,19244.7051
1656720000000,19098.0137
1656734400000,19091.1309
1656748800000,19157.6426
1656763200000,19191.7246
1656777600000,19233.3398
1656792000000,19211.5
1656806400000,19230.6016
1656820800000,19102.7969
1656835200000,19059.9375
1656849600000,19016.9062
1656864000000,19459.248
1656878400000,19276.834
1656892800000,19068.4414
1656907200000,19097.0332
1656921600000,19769.2266
1656936000000,19760.8848
1656950400000,19795.8945
1656964800000,20196.125
1656979200000,20272.6953
1656993600000,20179.2715
1657008000000,19492.4551
1657022400000,19490.8438
1657036800000,20375.3887
1657051200000,20139.3184
1657065600000,19912.5918
1657080000000,20133.6719
1657094400000,20071.6309
1657108800000,20110.6426
1657123200000,20297.7246
1657137600000,20530.2773
1657152000000,20449.5703
1657166400000,20409.8086
1657180800000,20478.0352
1657195200000,20861.5918
1657209600000,21793.7363
1657224000000,21597.5273
1657238400000,22107.0371
1657252800000,21780.2734
1657267200000,21557.1953
1657281600000,21931.8691
1657296000000,21792.0273
1657310400000,21571.9727
1657324800000,21591.0742
1657339200000,21627.084
1657353600000,21421.1133
1657368000000,21535.6543
1657382400000,21601.9941
1657396800000,21571.3809
1657411200000,21276.4863
1657425600000,21315.5684
1657440000000,21282.5879
1657454400000,20880.6172
1657468800000,20900.207
1657483200000,20839.3516
1657497600000,20524.5586
1657512000000,20418.2559
1657526400000,20450.584
1657540800000,20406.5137
1657555200000,20478.7441
1657569600000,19935.3965
1657584000000,19914.7422
1657598400000,19712.8242
1657612800000,19749.5449
1657627200000,19852.3574
1657641600000,19364.0938
1657656000000,19302.2402
1657670400000,19443.8789
1657684800000,19677.5312
1657699200000,19807.6641
1657713600000,19429.082
1657728000000,19622.2285
1657742400000,20203.9727
1657756800000,20193.5664
1657771200000,19963.541
1657785600000,19714.3008
1657800000000,20363.0293
1657814400000,20580.1309
1657828800000,20559.8809
1657843200000,20585.9902
1657857600000,20804.9258
1657872000000,20747.2305
1657886400000,20780.666
1657900800000,21146.4629
1657915200000,20822.9512
1657929600000,20721.8242
1657944000000,20539.3301
1657958400000,20598.0488
1657972800000,20924.502
1657987200000,21171.0625
1658001600000,21183.875
1658016000000,21313.6016
1658030400000,21449.6777
1658044800000,21438.3438
1658059200000,21157.9648
1658073600000,21019.7109
1658088000000,20784.8281
1658102400000,21271.4082
1658116800000,22234.0684
1658131200000,22115.6367
1658145600000,22662.4707
1658160000000,21617.7852
1658174400000,22427.084
1658188800000,21894.8184
1658203200000,21754.7461
1658217600000,21964.0039
1658232000000,23123.3633
1658246400000,23378.3184
1658260800000,23387.4512
1658275200000,23429.8555
1658289600000,23376.6621
1658304000000,23725.3203
1658318400000,24165.4355
1658332800000,23652.2344
1658347200000,23221.4883
1658361600000,22778.207
1658376000000,22928.1445
1658390400000,22604.4883
1658404800000,22635.625
1658419200000,23190.7148
1658433600000,23137.2031
1658448000000,22900.3555
1658462400000,23107.5098
1658476800000,23605.625
1658491200000,23279.5781
1658505600000,22577.0684
1658520000000,22678.8477
1658534400000,22795.4043
1658548800000,22767.2695
1658563200000,22230.7285
1658577600000,22214.7461
1658592000000,22271.8594
1658606400000,22431.4707
1658620800000,22325.8809
1658635200000,22687.8652
1658649600000,22644.3926
1658664000000,22847.4297
1658678400000,22697.0508
1658692800000,22567.0234
1658707200000,21866.6367
1658721600000,21959.7695
1658736000000,21932.6895
1658750400000,21890.2422
1658764800000,21883.3203
1658779200000,21303.6055
1658793600000,21129.5332
1658808000000,21050.7676
1658822400000,21082.0957
1658836800000,20737.1914
1658851200000,20902.5605
1658865600000,21234.3672
1658880000000,21065.8945
1658894400000,21335.416
1658908800000,21193.5664
1658923200000,21525.7148
1658937600000,22762.25
1658952000000,22941.5117
1658966400000,23128.0781
1658980800000,22928.0645
1658995200000,23108.5215
1659009600000,23738.2598
1659024000000,23787.4473
1659038400000,23834.9199
1659052800000,23905.5449
1659067200000,23939.5762
1659081600000,23720.8301
1659096000000,24015.0273
1659110400000,23904.9414
1659124800000,23770.2891
1659139200000,23805.1465
1659153600000,23880.0098
1659168000000,23948.2324
1659182400000,24516.7617
1659196800000,23917.3945
1659211200000,23648.7715
1659225600000,23744.9531
1659240000000,23710.332
1659254400000,23793.8301
1659268800000,23772.4121
1659283200000,23840.3496
1659297600000,23304.2734
1659312000000,23376.6719
1659326400000,23327.8457
1659340800000,23221.4844
1659355200000,23321.7148
1659369600000,22956.0977
1659384000000,23258.3496
1659398400000,22852.7285
1659412800000,22884.3125
1659427200000,22877.9707
1659441600000,22969.5938
1659456000000,22931.5645
1659470400000,22971.6836
1659484800000,22855.1836
1659499200000,22980.832
1659513600000,23404.5234
1659528000000,23352.6426
1659542400000,23455.0664
1659556800000,22818.5469
1659571200000,23087.8145
1659585600000,22947.8281
1659600000000,22879.3633
1659614400000,22918.9102
1659628800000,22441.6934
1659643200000,22612.0273
1659657600000,23161.8535
1659672000000,23172.6758
1659686400000,23394.7578
1659700800000,22981.2031
1659715200000,22927.5703
1659729600000,23303.1738
1659744000000,23162.502
1659758400000,23189.5527
1659772800000,23151.918
1659787200000,23202.2695
1659801600000,23185.5508
1659816000000,22950.9512
1659830400000,22989.9805
1659844800000,23007.7129
1659859200000,23030.8418
1659873600000,23008.832
1659888000000,23142.7559
1659902400000,23164.7715
1659916800000,23294.4238
1659931200000,23805.6816
1659945600000,24153.2246
1659960000000,23987.0664
1659974400000,23922.6934
1659988800000,23810.9473
1660003200000,23822.1797
1660017600000,23863.7363
1660032000000,23258.7793
1660046400000,23072.543
1660060800000,23067.3574
1660075200000,23140.0371
1660089600000,22858.666
1660104000000,22961.7051
1660118400000,23115.0684
1660132800000,23987.4492
1660147200000,23624.7969
1660161600000,23947.1074
1660176000000,24317.4375
1660190400000,24429.5879
1660204800000,24555.1289
1660219200000,24350.582
1660233600000,24230.3438
1660248000000,23941.6758
1660262400000,24015.3066
1660276800000,23959.8359
1660291200000,23660.8301
1660305600000,23974.418
1660320000000,24174.0195
1660334400000,24388.1133
1660348800000,24796.7129
1660363200000,24569.3184
1660377600000,24435.2461
1660392000000,24510.1035
1660406400000,24394.3262
1660420800000,24421.7871
1660435200000,24564.3574
1660449600000,24870.543
1660464000000,24549.5918
1660478400000,24509.6582
1660492800000,24281.248
1660507200000,24299.2227
1660521600000,24858.8555
1660536000000,24015.5664
1660550400000,24037.082
1660564800000,24221.1836
1660579200000,23964.1738
1660593600000,24076.1523
1660608000000,24079.6172
1660622400000,24064.4297
1660636800000,24020.8359
1660651200000,23892.1406
1660665600000,23926.2949
1660680000000,23847.5391
1660694400000,23987.0898
1660708800000,23771.8105
1660723200000,23724.5977
1660737600000,23379.2734
1660752000000,23253.4492
1660766400000,23321.4766
1660780800000,23416.5117
1660795200000,23387.0605
1660809600000,23516.4297
1660824000000,23439.9316
1660838400000,23334.4844
1660852800000,23185.2715
1660867200000,22763.9395
1660881600000,21899.5137
1660896000000,21455.9688
1660910400000,21432.291
1660924800000,21312.2188
1660939200000,20813.6465
1660953600000,21128.3184
1660968000000,21288.7715
1660982400000,21216.6094
1660996800000,21287.8027
1661011200000,20980.5605
1661025600000,21126.0938
1661040000000,21194.1016
1661054400000,21235.7754
1661068800000,21505.75
1661083200000,21407.3145
1661097600000,21496.9434
1661112000000,21508.1523
1661126400000,21405.7559
1661140800000,21088.6426
1661155200000,21239.8027
1661169600000,21388.8887
1661184000000,21040.5957
1661198400000,21381.3125
1661212800000,21225.4863
1661227200000,21295.0957
1661241600000,21440.707
1661256000000,21460.2031
1661270400000,21504.4043
1661284800000,21511.9395
1661299200000,21251.9707
1661313600000,21300.373
1661328000000,21434.6953
1661342400000,21603.8691
1661356800000,21692.1133
1661371200000,21354.0566
1661385600000,21454.6699
1661400000000,21726.7988
1661414400000,21713.1797
1661428800000,21555.3457
1661443200000,21593.6191
1661457600000,21553.877
1661472000000,21546.1074
1661486400000,21444.3633
1661500800000,21185.1328
1661515200000,20771.6172
1661529600000,20635.3398
1661544000000,20232.4121
1661558400000,20196.9922
1661572800000,20254.1406
1661587200000,20197.1895
1661601600000,19969.9961
1661616000000,20012.1445
1661630400000,20026.707
1661644800000,19978.502
1661659200000,20040.6348
1661673600000,20017.9609
1661688000000,20011.2754
1661702400000,19957.0059
1661716800000,19552.8594
1661731200000,19857.1484
1661745600000,19882.4941
1661760000000,19806.4766
1661774400000,20241.4727
1661788800000,20086.4336
1661803200000,20271.3066
1661817600000,20259.6172
1661832000000,20421.5508
1661846400000,20394.4727
1661860800000,19749.3887
1661875200000,19945.6309
1661889600000,19806.1875
1661904000000,20387.4648
1661918400000,20240.582
1661932800000,20300.375
1661947200000,20136.1445
1661961600000,20215.1445
1661976000000,20042.6699
1661990400000,20011.2734
1662004800000,19881.1855
1662019200000,20069.9883
1662033600000,19771.1992
1662048000000,19865.0723
1662062400000,20122.1953
1662076800000,20150.5684
1662091200000,20098.7441
1662105600000,20077.3652
1662120000000,20347.9746
1662134400000,19905.834
1662148800000,19942.3613
1662163200000,19893.8223
1662177600000,19812.1113
1662192000000,19792.5391
1662206400000,19755.4668
1662220800000,19703.8125
1662235200000,19820.3926
1662249600000,19756.6602
1662264000000,19622.3652
1662278400000,19836.3145
1662292800000,19783.2363
1662307200000,19871.1914
1662321600000,19993.8125
1662336000000,19878.5078
1662350400000,19742.2324
1662364800000,19690.418
1662379200000,19843.5234
1662393600000,19701.5645
1662408000000,19783.1758
1662422400000,19775.0098
1662436800000,19896.7949
1662451200000,19907.5977
1662465600000,19812.6113
1662480000000,18821.2422
1662494400000,18783.5098
1662508800000,18742.0703
1662523200000,18795.1016
1662537600000,18724.793
1662552000000,18858.4473
1662566400000,18982.2363
1662580800000,19279.8828
1662595200000,19206.6289
1662609600000,19157.959
1662624000000,19297.6113
1662638400000,19237.5488
1662652800000,19338.1484
1662667200000,19307.8027
1662681600000,19932.3906
1662696000000,20618.7969
1662710400000,20926.4883
1662724800000,21254.9844
1662739200000,21281.5273
1662753600000,21360.3184
1662768000000,21301.3457
1662782400000,21272.7168
1662796800000,21283.8906
1662811200000,21222.498
1662825600000,21573.8633
1662840000000,21640.1816
1662854400000,21539.6641
1662868800000,21605.7266
1662883200000,21604.9609
1662897600000,21636.6035
1662912000000,21619.1309
1662926400000,21826.6582
1662940800000,21653.7676
1662955200000,22190.1641
1662969600000,22300.75
1662984000000,22105.0723
1662998400000,22420.6836
1663012800000,22394.8516
1663027200000,22231.3633
1663041600000,22270.4102
1663056000000,22529.9434
1663070400000,20832.1582
1663084800000,20287.1484
1663099200000,20170.1719
1663113600000,20311.2656
1663128000000,20238.2012
1663142400000,20218.418
1663156800000,20169.0039
1663171200000,19939.1133
1663185600000,20219.5605
1663200000000,20018.6797
1663214400000,20196.6016
1663228800000,20135.3652
1663243200000,19725.2305
1663257600000,19773.1094
1663272000000,19695.1445
1663286400000,19736.6133
1663300800000,19731.9844
1663315200000,19858.041
1663329600000,19649.4707
1663344000000,19611.1387
1663358400000,19786.1387
1663372800000,19867.8223
1663387200000,19830.373
1663401600000,19800.7109
1663416000000,19949.9824
1663430400000,19994.3105
1663444800000,20107.5176
1663459200000,19989.0352
1663473600000,20037.9766
1663488000000,19918.625
1663502400000,19797.5742
1663516800000,19716.2129
1663531200000,19409.7324
1663545600000,18771.1387
1663560000000,18460.4707
1663574400000,18673.1992
1663588800000,19071.3555
1663603200000,19500.4551
1663617600000,19523.0117
1663632000000,19354.9199
1663646400000,19355.3535
1663660800000,19210.3164
1663675200000,19224.7285
1663689600000,18988.0684
1663704000000,18870.8477
1663718400000,19017.166
1663732800000,18939.7578
1663747200000,19156.25
1663761600000,19184.8262
1663776000000,18991.1855
1663790400000,18452.4297
1663804800000,18681.2305
1663819200000,18923.0879
1663833600000,19215.7832
1663848000000,18975.623
1663862400000,19295.0254
1663876800000,19394.4297
1663891200000,19376.1289
1663905600000,19217.1387
1663920000000,18851.8398
1663934400000,18711.4609
1663948800000,18803.1953
1663963200000,19277.9648
1663977600000,19114.7109
1663992000000,18981.6816
1664006400000,19046.8516
1664020800000,19113.9121
1664035200000,19096.248
1664049600000,18916.3926
1664064000000,19041.8867
1664078400000,19089.9004
1664092800000,19108.0098
1664107200000,18983.9844
1664121600000,18912.918
1664136000000,18807.3906
1664150400000,18860.8242
1664164800000,18906.2832
1664179200000,18866.8164
1664193600000,19106.4434
1664208000000,19194.6328
1664222400000,19218.5605
1664236800000,20085.1543
1664251200000,20169.5996
1664265600000,20216.625
1664280000000,19881.9316
1664294400000,19077.8184
1664308800000,19077.0176
1664323200000,18742.7656
1664337600000,18780.4141
1664352000000,18945.2363
1664366400000,19476.8496
1664380800000,19526.4023
1664395200000,19405.8711
1664409600000,19494.0488
1664424000000,19355.2578
1664438400000,19454.8301
1664452800000,19282.5312
1664467200000,19394.8145
1664481600000,19579.7656
1664496000000,19387.9727
1664510400000,19561.1191
1664524800000,19430.2852
1664539200000,19742.4258
1664553600000,19468.5195
1664568000000,19411.4141
1664582400000,19408.3926
1664596800000,19307.6406
1664611200000,19301.3047
1664625600000,19323.5781
1664640000000,19257.9004
1664654400000,19300.9414
1664668800000,19302.123
1664683200000,19272.8633
1664697600000,19188.1348
1664712000000,19139.1309
1664726400000,19247.9824
1664740800000,19046.1094
1664755200000,19160.7285
1664769600000,19188.7715
1664784000000,19240.6328
1664798400000,19326.0332
1664812800000,19534.1914
1664827200000,19621.5547
1664841600000,19593.9512
1664856000000,19954.2617
1664870400000,19928.4297
1664884800000,20086.9648
1664899200000,20217.5449
1664913600000,20332.5273
1664928000000,20185.2793
1664942400000,20218.3281
1664956800000,20027.0879
1664971200000,20002.6836
1664985600000,20113.457
1665000000000,20154.9746
1665014400000,20345.2363
1665028800000,20215.5273
1665043200000,20237.7129
1665057600000,20009.1211
1665072000000,20007.2734
1665086400000,19958.5586
1665100800000,19980.3184
1665115200000,19926.0391
1665129600000,19996.0527
1665144000000,19574.4336
1665158400000,19455.6641
1665172800000,19525.1387
1665187200000,19494.7695
1665201600000,19490.8457
1665216000000,19532.6289
1665230400000,19480.9434
1665244800000,19453.7031
1665259200000,19412.7754
1665273600000,19358.8066
1665288000000,19401.6738
1665302400000,19458.627
1665316800000,19529.2598
1665331200000,19457.6094
1665345600000,19435.5254
1665360000000,19441.2324
1665374400000,19404.7539
1665388800000,19326.0449
1665403200000,19265.4277
1665417600000,19205.625
1665432000000,19123.4316
1665446400000,19034.0332
1665460800000,19069.8262
1665475200000,19143.0234
1665489600000,19135.2246
1665504000000,18980.5586
1665518400000,19051.7402
1665532800000,19036.3379
1665547200000,19095.4883
1665561600000,19105.9824
1665576000000,19132.6172
1665590400000,19129.1992
1665604800000,19146.9316
1665619200000,19076.4414
1665633600000,19002.5703
1665648000000,18743.5938
1665662400000,18943.1973
1665676800000,19355.1426
1665691200000,19361.0039
1665705600000,19796.3848
1665720000000,19634.9082
1665734400000,19586.6016
1665748800000,19355.9023
1665763200000,19166.9629
1665777600000,19171.8105
1665792000000,19199.3574
1665806400000,19165.4414
1665820800000,19158.5742
1665835200000,19124.793
1665849600000,19088.3789
1665864000000,19060.6309
1665878400000,19111.4277
1665892800000,19124.7871
1665907200000,19135.2734
1665921600000,19147.3867
1665936000000,19363.7539
1665950400000,19250.2969
1665964800000,19181.0391
1665979200000,19293.8066
1665993600000,19444.5488
1666008000000,19522.6426
1666022400000,19509.4922
1666036800000,19535.1113
1666051200000,19540.4258
1666065600000,19659.7559
1666080000000,19556.6094
1666094400000,19366.7891
1666108800000,19217.6758
1666123200000,19323.0664
1666137600000,19277.502
1666152000000,19212.8359
1666166400000,19194.1348
1666180800000,19262.4492
1666195200000,19224.6719
1666209600000,19119.3457
1666224000000,19033.543
1666238400000,19131.2422
1666252800000,19195.709
1666267200000,19240.8945
1666281600000,19064.6055
1666296000000,19041.0039
1666310400000,19039.2832
1666324800000,19016.1191
1666339200000,18934.8848
1666353600000,19151.3965
1666368000000,19174.7441
1666382400000,19150.0527
1666396800000,19144.6641
1666411200000,19159.2656
1666425600000,19166.7324
1666440000000,19225.9141
1666454400000,19179.6582
1666468800000,19194.5059
1666483200000,19194.6934
1666497600000,19155.6094
1666512000000,19145.6582
1666526400000,19183.6445
1666540800000,19483.4062
1666555200000,19552.834
1666569600000,19384.6094
1666584000000,19321.7305
1666598400000,19418.1641
1666612800000,19301.3906
1666627200000,19330.1523
1666641600000,19323.6914
1666656000000,19333.4824
1666670400000,19298.1641
1666684800000,19292.1426
1666699200000,19734.9062
1666713600000,20259.9023
1666728000000,20070.666
1666742400000,20245.6562
1666756800000,20344.4453
1666771200000,20597.3984
1666785600000,20835.9629
1666800000000,20758.5547
1666814400000,20765.1914
1666828800000,20746.3789
1666843200000,20707.3906
1666857600000,20617.3496
1666872000000,20554.0215
1666886400000,20621.9082
1666900800000,20298.3418
1666915200000,20287.4824
1666929600000,20084.2305
1666944000000,20171.4102
1666958400000,20468.168
1666972800000,20601.4238
1666987200000,20587.0605
1667001600000,20745.5547
1667016000000,20765.4219
1667030400000,20691.7441
1667044800000,20925.6875
1667059200000,20837.0137
1667073600000,20814.2988
1667088000000,20774.5645
1667102400000,20843.7598
1667116800000,20772.0156
1667131200000,20680.7129
1667145600000,20645.3223
1667160000000,20622.582
1667174400000,20518.2344
1667188800000,20545.8535
1667203200000,20720.3691
1667217600000,20391.9609
1667232000000,20358.1934
1667246400000,20486.7969
1667260800000,20467.9473
1667275200000,20578.748
1667289600000,20506.7461
1667304000000,20435.9355
1667318400000,20441.2305
1667332800000,20468.3926
1667347200000,20506.9473
1667361600000,20417.7871
1667376000000,20420.166
1667390400000,20401.5449
1667404800000,20244.4004
1667419200000,20144.0918
1667433600000,20297.5449
1667448000000,20288.9883
1667462400000,20115.3945
1667476800000,20241.0957
1667491200000,20245.4395
1667505600000,20199.4434
1667520000000,20308.7012
1667534400000,20597.0684
1667548800000,20540.332
1667563200000,20824.8965
1667577600000,21093.7188
1667592000000,21136.1133
1667606400000,21431.2461
1667620800000,21374.9961
1667635200000,21392.1719
1667649600000,21293.3301
1667664000000,21322.7539
1667678400000,21296.7754
1667692800000,21230.2871
1667707200000,21193.6035
1667721600000,21243.1934
1667736000000,21234.7578
1667750400000,21192.9219
1667764800000,20908.752
1667779200000,20909.6055
1667793600000,20628.9727
1667808000000,20723.2383
1667822400000,20759.75
1667836800000,20827.6426
1667851200000,20586.6152
1667865600000,20145.334
1667880000000,19791.5469
1667894400000,19698.8398
1667908800000,19521.3086
1667923200000,18258.9941
1667937600000,18537.5879
1667952000000,18296.918
1667966400000,18213.1562
1667980800000,17780.0137
1667995200000,17088.4961
1668009600000,16739.7305
1668024000000,15868.1934
1668038400000,16286.3936
1668052800000,16660.748
1668067200000,16196.2705
1668081600000,17508.6035
1668096000000,17385.1582
1668110400000,17549.2012
1668124800000,16988.6172
1668139200000,17357.8555
1668153600000,17286.1953
1668168000000,16826.9531
1668182400000,16785.5117
1668196800000,16998.3555
1668211200000,16848.0879
1668225600000,16758.7441
1668240000000,16810.4395
1668254400000,16884.1016
1668268800000,16843.4844
1668283200000,16773.0195
1668297600000,16869.8066
1668312000000,16726.7637
1668326400000,16619.4414
1668340800000,16538.4023
1668355200000,16525.3516
1668369600000,16301.8721
1668384000000,16100.3281
1668398400000,16765.9512
1668412800000,16694.3281
1668427200000,16554.707
1668441600000,16220.0518
1668456000000,16575.4004
1668470400000,16765.6055
1668484800000,16801.8613
1668499200000,16757.4297
1668513600000,16949.3574
1668528000000,16823.8535
1668542400000,16860.8418
1668556800000,16942.4824
1668571200000,16816.084
1668585600000,16692.666
1668600000000,16412.9316
1668614400000,16534.0605
1668628800000,16635.9062
1668643200000,16500.5703
1668657600000,16585.3594
1668672000000,16578.7305
1668686400000,16509.8613
1668700800000,16602.1875
1668715200000,16671.9727
1668729600000,16824.5801
1668744000000,16721.9277
1668758400000,16728.0371
1668772800000,16671.9883
1668787200000,16641.3184
1668801600000,16675.4727
1668816000000,16601.2109
1668830400000,16586.5703
1668844800000,16650.6074
1668859200000,16620.6641
1668873600000,16600.7617
1668888000000,16674.5234
1668902400000,16653.4629
1668916800000,16689.1348
1668931200000,16502.873
1668945600000,16563.5645
1668960000000,16569.543
1668974400000,16272.334
1668988800000,16057.1182
1669003200000,16008.0645
1669017600000,16058.1787
1669032000000,16094.7139
1669046400000,15696.6914
1669060800000,15745.8535
1669075200000,15814.9209
1669089600000,15741.0967
1669104000000,15734.4443
1669118400000,16196.7217
1669132800000,16131.3447
1669147200000,16187.166
1669161600000,16543.7266
1669176000000,16540.623
1669190400000,16550.168
1669204800000,16408.1992
1669219200000,16450.7422
1669233600000,16580.0703
1669248000000,16686.3613
1669262400000,16589.0801
1669276800000,16554.791
1669291200000,16544.8984
1669305600000,16555.9668
1669320000000,16575.2676
1669334400000,16479.0996
1669348800000,16446.2324
1669363200000,16512.0352
1669377600000,16484.9727
1669392000000,16500.7324
1669406400000,16500.1934
1669420800000,16592.3008
1669435200000,16557.2656
1669449600000,16554.2988
1669464000000,16490.6289
1669478400000,16472.2734
1669492800000,16442.3262
1669507200000,16518.8438
1669521600000,16554.2871
1669536000000,16541.9551
1669550400000,16555.8262
1669564800000,16548.7363
1669579200000,16415.6328
1669593600000,16170.7334
1669608000000,16208.1064
1669622400000,16205.9014
1669636800000,16147.333
1669651200000,16211.5928
1669665600000,16203.7441
1669680000000,16263.4141
1669694400000,16435.5254
1669708800000,16466.8477
1669723200000,16369.3975
1669737600000,16406.7949
1669752000000,16426.4746
1669766400000,16828.5938
1669780800000,16868.3828
1669795200000,16864.3477
1669809600000,16856.5449
1669824000000,17046.1309
1669838400000,17145.7734
1669852800000,17128.373
1669867200000,17063.7129
1669881600000,17101.6152
1669896000000,16978.4355
1669910400000,16957.2734
1669924800000,16968.4883
1669939200000,16894.3145
1669953600000,16950.0684
1669968000000,16985.2051
1669982400000,16936.7344
1669996800000,16993.2031
1670011200000,17089.3594
1670025600000,17020.3848
1670040000000,16964.5078
1670054400000,16946.7754
1670068800000,16951.5508
1670083200000,16945.418
1670097600000,16885.4453
1670112000000,16955.0957
1670126400000,16984.8809
1670140800000,16936.1504
1670155200000,17019.4746
1670169600000,17076.0664
1670184000000,17094.5117
1670198400000,17188.1758
1670212800000,17293.291
1670227200000,17295.6094
1670241600000,17074.7344
1670256000000,16921.3379
1670270400000,16973.9219
1670284800000,16992.3457
1670299200000,16997.4844
1670313600000,16983.2266
1670328000000,16978.2695
1670342400000,16974.502
1670356800000,17080.9082
1670371200000,17013.8516
1670385600000,16766.0078
1670400000000,16799.1328
1670414400000,16840.6562
1670428800000,16811.3184
1670443200000,16825.666
1670457600000,16830.4941
1670472000000,16810.4668
1670486400000,16843.8965
1670500800000,16911.3125
1670515200000,17236.0762
1670529600000,17209.5859
1670544000000,17185.3672
1670558400000,17204.5234
1670572800000,17230.5078
1670587200000,17174.8281
1670601600000,17146.7344
1670616000000,17125.668
1670630400000,17141.8926
1670644800000,17145.1035
1670659200000,17158.2598
1670673600000,17197.7578
1670688000000,17156.6719
1670702400000,17120.0996
1670716800000,17145.3281
1670731200000,17171.3047
1670745600000,17156.6465
1670760000000,17152.9297
1670774400000,17168.1895
1670788800000,17085.1016
1670803200000,16913.4844
1670817600000,16922.625
1670832000000,16984.1777
1670846400000,16996.1543
1670860800000,17036.748
1670875200000,17194.1699
1670889600000,17131.8184
1670904000000,17149.6582
1670918400000,17439.8047
1670932800000,17740.9883
1670947200000,17732.5508
1670961600000,17766.8301
1670976000000,17785.3594
1670990400000,17811.4453
1671004800000,17813.1562
1671019200000,18035.2129
1671033600000,17791.4805
1671048000000,17808.3262
1671062400000,17734.3613
1671076800000,17697.8906
1671091200000,17733.6074
1671105600000,17430.4922
1671120000000,17447.1504
1671134400000,17363.7109
1671148800000,17409.5449
1671163200000,17488.0996
1671177600000,17019.0625
1671192000000,16970.7578
1671206400000,16872.7148
1671220800000,16624.7246
1671235200000,16670.1152
1671249600000,16748.123
1671264000000,16701.877
1671278400000,16693.1738
1671292800000,16687.9629
1671307200000,16775.5273
1671321600000,16732.3809
1671336000000,16737.7227
1671350400000,16695.7891
1671364800000,16675.5762
1671379200000,16738.8008
1671393600000,16731.918
1671408000000,16672.9688
1671422400000,16719.2852
1671436800000,16722.6191
1671451200000,16663.7168
1671465600000,16554.7188
1671480000000,16433.1152
1671494400000,16716.8926
1671508800000,16794.7168
1671523200000,16798.8203
1671537600000,16901.7012
1671552000000,16896.0547
1671566400000,16889.2637
1671580800000,16834.7676
1671595200000,16813.041
1671609600000,16874.7461
1671624000000,16853.625
1671638400000,16757.5352
1671652800000,16830.7539
1671667200000,16839.1758
1671681600000,16824.1504
1671696000000,16830.4922
1671710400000,16641.7012
1671724800000,16665.8359
1671739200000,16817.75
1671753600000,16826.9766
1671768000000,16837.373
1671782400000,16835.6777
1671796800000,16827.6133
1671811200000,16844.9004
1671825600000,16784.7754
1671840000000,16834.8281
1671854400000,16837.1836
1671868800000,16825.4844
1671883200000,16828.1953
1671897600000,16837.4629
1671912000000,16831.8594
1671926400000,16831.9004
1671940800000,16815.3184
1671955200000,16816.0977
1671969600000,16796.3926
1671984000000,16787.1035
1671998400000,16823.4785
1672012800000,16883.3672
1672027200000,16845.6777
1672041600000,16857.459
1672056000000,16811.2891
1672070400000,16843.7734
1672084800000,16917.2266
1672099200000,16865.6953
1672113600000,16861.7539
1672128000000,16826.5938
1672142400000,16792.2266
1672156800000,16677.1465
1672171200000,16702.1777
1672185600000,16651.2305
1672200000000,16647.1309
1672214400000,16675.0254
1672228800000,16571.1797
1672243200000,16589.3926
1672257600000,16539.5879
1672272000000,16550.6777
1672286400000,16552.4004
1672300800000,16587.709
1672315200000,16598.3477
1672329600000,16592.0781
1672344000000,16621.4336
1672358400000,16584.5723
1672372800000,16465.7754
1672387200000,16491.9551
1672401600000,16544.0449
1672416000000,16521.1738
1672430400000,16601.4082
1672444800000,16548.1504
1672459200000,16553.9102
1672473600000,16566.9297
1672488000000,16573.5918
1672502400000,16554.9297
1672516800000,16530.5898
1672531200000,16526.5449
1672545600000,16519.6406
1672560000000,16541.6992
1672574400000,16545.8438
1672588800000,16579.4746
1672603200000,16598.3203
1672617600000,16649.4746
1672632000000,16702.4336
1672646400000,16719.2578
1672660800000,16718.0117
1672675200000,16721.1621
1672689600000,16664.8477
1672704000000,16688.2227
1672718400000,16714.3027
1672732800000,16703.5273
1672747200000,16669.3496
1672761600000,16639.7793
1672776000000,16661.3359
1672790400000,16845.8633
1672804800000,16859.5977
1672819200000,16830.041
1672833600000,16848.3203
1672848000000,16836.2344
1672862400000,16858.1934
1672876800000,16813.6719
1672891200000,16806.375
1672905600000,16827.8164
1672920000000,16835.8145
1672934400000,16851.9727
1672948800000,16821.8203
1672963200000,16819.7754
1672977600000,16783.6973
1672992000000,16732.6738
1673006400000,16830.791
1673020800000,16920.4551
1673035200000,16933.4492
1673049600000,16939.6465
1673064000000,16928.7461
1673078400000,16917.1895
1673092800000,16933.75
1673107200000,16937.4609
1673121600000,16934.9805
1673136000000,16929.3613
1673150400000,16941.543
1673164800000,16925.9707
1673179200000,16986.3906
1673193600000,16924.8809
1673208000000,17116.4434
1673222400000,17194.4492
1673236800000,17189.4766
1673251200000,17232.3086
1673265600000,17260.6113
1673280000000,17284.2168
1673294400000,17178.9863
1673308800000,17200.4434
1673323200000,17199.332
1673337600000,17246.5527
1673352000000,17310.3457
1673366400000,17416.7598
1673380800000,17439.0703
1673395200000,17416.748
1673409600000,17435.0273
1673424000000,17430.998
1673438400000,17330.1895
1673452800000,17542.9355
1673467200000,17934.9863
1673481600000,18214.9746
1673496000000,18127.9766
1673510400000,18197.375
1673524800000,18088.9531
1673539200000,18878.0547
1673553600000,18836.5195
1673568000000,18870.1074
1673582400000,18817.4102
1673596800000,18913.4102
1673611200000,19253.4219
1673625600000,19355.2383
1673640000000,19926.418
1673654400000,20981.3184
1673668800000,20909.332
1673683200000,20743.2168
1673697600000,20800.8262
1673712000000,20802.0879
1673726400000,20954.1172
1673740800000,20737.5938
1673755200000,20748.0684
1673769600000,20746.8691
1673784000000,20924.9492
1673798400000,20854.8418
1673812800000,20879.7383
1673827200000,21081.1055
1673841600000,21111.1426
1673856000000,20837.2109
1673870400000,20994.6641
1673884800000,21317.4922
1673899200000,21195.8477
1673913600000,21126.8457
1673928000000,21142.5449
1673942400000,21224.7891
1673956800000,21177.1113
1673971200000,21330.3672
1673985600000,21127.791
1674000000000,21259.8926
1674014400000,21300.9688
1674028800000,21202.6621
1674043200000,21039.8574
1674057600000,20897.0957
1674072000000,20678.4121
1674086400000,20743.3965
1674100800000,20806.2969
1674115200000,20734.4727
1674129600000,20865.8359
1674144000000,21088.0684
1674158400000,21065.1309
1674172800000,21079.2773
1674187200000,20953.168
1674201600000,20961.8281
1674216000000,21138.252
1674230400000,21488.127
1674244800000,22639.7988
1674259200000,22547.9004
1674273600000,22643.7344
1674288000000,22903.4746
1674302400000,22997.8203
1674316800000,23281.9258
1674331200000,22791.6387
1674345600000,22757.1621
1674360000000,22895.7988
1674374400000,22801.5566
1674388800000,22790.8652
1674403200000,22727.002
1674417600000,22714.8242
1674432000000,22655.8398
1674446400000,22705.918
1674460800000,22922.5684
1674475200000,22857.1973
1674489600000,22797.1992
1674504000000,22930.5996
1674518400000,23081.4766
1674532800000,23052.6406
1674547200000,22923.6016
1674561600000,22935.4062
1674576000000,23025.3828
1674590400000,22647.5234
1674604800000,22653.5508
1674619200000,22733
1674633600000,22611.9629
1674648000000,22604.5938
1674662400000,22764.7344
1674676800000,23055.1484
1674691200000,23128.0586
1674705600000,22971.0137
1674720000000,22993.207
1674734400000,22961.1191
1674748800000,23069.7695
1674763200000,23008.7305
1674777600000,22775.0449
1674792000000,23074.3379
1674806400000,22967.168
1674820800000,22930.3164
1674835200000,23250.9453
1674849600000,23080.584
1674864000000,23113.957
1674878400000,22996.7383
1674892800000,22986.0605
1674907200000,23006.1348
1674921600000,23043.0137
1674936000000,23021.1953
1674950400000,23193.6367
1674964800000,23197.9844
1674979200000,23438.1016
1674993600000,23528.6855
1675008000000,23901.4746
1675022400000,23744.7461
1675036800000,23707.9062
1675051200000,23655.3848
1675065600000,23094.3984
1675080000000,23191.0723
1675094400000,22803.127
1675108800000,22834.1172
1675123200000,22833.9609
1675137600000,22982.2305
1675152000000,22871.4297
1675166400000,23122.1816
1675180800000,23177.1855
1675195200000,23136.1855
1675209600000,23137.4355
1675224000000,23084.9082
1675238400000,23089.4883
1675252800000,22998.9414
1675267200000,23381.6562
1675281600000,23729.3145
1675296000000,23870.0391
1675310400000,23799.6426
1675324800000,23833.3398
1675339200000,23864.4531
1675353600000,23840.9082
1675368000000,23506.0059
1675382400000,23585.5254
1675396800000,23461.9824
1675411200000,23548.7559
1675425600000,23618.3184
1675440000000,23328.4277
1675454400000,23446.1504
1675468800000,23358.0898
1675483200000,23325.9961
1675497600000,23371.6211
1675512000000,23418.2793
1675526400000,23443.2227
1675540800000,23324.5625
1675555200000,23350.7598
1675569600000,23386.584
1675584000000,23368.9336
1675598400000,23113.1641
1675612800000,22907.9082
1675627200000,22949.0801
1675641600000,22903.5391
1675656000000,22889.3633
1675670400000,22889.9805
1675684800000,23044.0098
1675699200000,23026.6035
1675713600000,22753.8457
1675728000000,22873.625
1675742400000,22903.4707
1675756800000,22965.752
1675771200000,22906.7656
1675785600000,23097.5371
1675800000000,23241.832
1675814400000,23247.5664
1675828800000,23237.4355
1675843200000,23165.7012
1675857600000,22878.2031
1675872000000,22884.418
1675886400000,22971.5312
1675900800000,22513.1465
1675915200000,22671.6895
1675929600000,22686.3242
1675944000000,22599.9668
1675958400000,22041.9629
1675972800000,21803.1484
1675987200000,21827.6445
1676001600000,21917.9941
1676016000000,21734.8516
1676030400000,21656.0273
1676044800000,21780.6152
1676059200000,21632.502
1676073600000,21676.5586
1676088000000,21693.4629
1676102400000,21687.7344
1676116800000,21709.9824
1676131200000,21661.5391
1676145600000,21840.7461
1676160000000,21768.7031
1676174400000,21786.5781
1676188800000,21873.5605
1676203200000,21933.0586
1676217600000,22000.377
1676232000000,21779.5469
1676246400000,21806.541
1676260800000,21888.3105
1676275200000,21620.4902
1676289600000,21587.6582
1676304000000,21629.2168
1676318400000,21772.0195
1676332800000,21698.0098
1676347200000,21764.2031
1676361600000,21802.3184
1676376000000,22056.4102
1676390400000,22222.7383
1676404800000,22196.1289
1676419200000,22108.5176
1676433600000,22112.5996
1676448000000,22436.6367
1676462400000,22796.543
1676476800000,23308.375
1676491200000,24340.0391
1676505600000,24736.7969
1676520000000,24623.0742
1676534400000,24606.1836
1676548800000,25100.9219
1676563200000,24900.1465
1676577600000,23536.4551
1676592000000,23858.6914
1676606400000,23657.8027
1676620800000,23799.7637
1676635200000,24136.2148
1676649600000,24536.5547
1676664000000,24586.4531
1676678400000,24627.9863
1676692800000,24520.3926
1676707200000,24528.0117
1676721600000,24671.0977
1676736000000,24611.8496
1676750400000,24647.2285
1676764800000,24678.1348
1676779200000,24593.4219
1676793600000,24686.6035
1676808000000,24932.5859
1676822400000,24521.1934
1676836800000,24286.752
1676851200000,24433.0781
1676865600000,24520.7539
1676880000000,24894.7578
1676894400000,24965.7617
1676908800000,24901.3047
1676923200000,24868.998
1676937600000,24944.9004
1676952000000,25009.998
1676966400000,24588.7715
1676980800000,24575.793
1676995200000,24623.8203
1677009600000,24470.4668
1677024000000,24209.2402
1677038400000,24067
1677052800000,24181.7734
1677067200000,23735.0039
1677081600000,23804.9668
1677096000000,24194.9434
1677110400000,24457.625
1677124800000,24380.2754
1677139200000,23793.1641
1677153600000,23964.7461
1677168000000,23997
1677182400000,23952.3867
1677196800000,23958.4805
1677211200000,23852.8613
1677225600000,23902.6973
1677240000000,23356.7578
1677254400000,23183.8535
1677268800000,23196.1719
1677283200000,23084.1504
1677297600000,23126.4492
1677312000000,22995.6992
1677326400000,23011.0215
1677340800000,22991.5684
1677355200000,23156.9844
1677369600000,23212.5391
1677384000000,23145.9043
1677398400000,23243.2266
1677412800000,23246.8105
1677427200000,23495.0859
1677441600000,23550.1738
1677456000000,23541.7969
1677470400000,23418.8594
1677484800000,23429.2773
1677499200000,23549.7773
1677513600000,23282.6602
1677528000000,23485.0859
1677542400000,23449.3652
1677556800000,23218.7363
1677571200000,23393.1074
1677585600000,23509.6133
1677600000000,23253.2812
1677614400000,23136.0176
1677628800000,23446.2637
1677643200000,23713.0156
1677657600000,23728.4844
1677672000000,23712.5508
1677686400000,23360.1387
1677700800000,23641.0762
1677715200000,23499.0078
1677729600000,23390.2344
1677744000000,23415.7168
1677758400000,23360.541
1677772800000,23465.2793
1677787200000,23461.5137
1677801600000,22320.7637
1677816000000,22363.8535
1677830400000,22353.3594
1677844800000,22326.2598
1677859200000,22354.3379
1677873600000,22349.3184
1677888000000,22349.7246
1677902400000,22357.4219
1677916800000,22346.9629
1677931200000,22310.2129
1677945600000,22248.7246
1677960000000,22345.1328
1677974400000,22377.875
1677988800000,22374.9844
1678003200000,22384.8633
1678017600000,22420.2422
1678032000000,22392.0332
1678046400000,22420.6172
1678060800000,22369.877
1678075200000,22377.3945
1678089600000,22375.9824
1678104000000,22539.9238
1678118400000,22378.8965
1678132800000,22391.623
1678147200000,22452.9375
1678161600000,22415.1699
1678176000000,22341.9785
1678190400000,22319.9238
1678204800000,22126.7188
1678219200000,22189.2676
1678233600000,22141
1678248000000,21955.0078
1678262400000,22063.6836
1678276800000,22131.8301
1678291200000,21980.5938
1678305600000,21685.1855
1678320000000,21756.7539
1678334400000,21676.2422
1678348800000,21652.5195
1678363200000,21633.4062
1678377600000,20844.6484
1678392000000,20357.1758
1678406400000,20040.0879
1678420800000,19942.4062
1678435200000,19759.002
1678449600000,19993.5195
1678464000000,20010.6621
1678478400000,20189.7715
1678492800000,20523.8457
1678507200000,19947.4551
1678521600000,20176.6875
1678536000000,20204.8242
1678550400000,20366.5879
1678564800000,20601.2168
1678579200000,20511.4238
1678593600000,20520.1992
1678608000000,20558.6426
1678622400000,20544.2305
1678636800000,20958.5391
1678651200000,22158.3984
1678665600000,22315.3281
1678680000000,22547.416
1678694400000,22152.1484
1678708800000,24068.75
1678723200000,24379.9609
1678737600000,24171.2715
1678752000000,24473.1562
1678766400000,24375.6504
1678780800000,24836.2676
1678795200000,25991.7402
1678809600000,25124.1387
1678824000000,24744.418
1678838400000,24811.8047
1678852800000,24988.9902
1678867200000,24865.5312
1678881600000,24519.1523
1678896000000,24424.9238
1678910400000,24368.1367
1678924800000,24335.2949
1678939200000,24673.3262
1678953600000,24879.9629
1678968000000,24928.1719
1678982400000,25027.9316
1678996800000,25055.459
1679011200000,25842.4043
1679025600000,26127.5703
1679040000000,26985.5781
1679054400000,26460.1719
1679068800000,26901.9336
1679083200000,27461.0391
1679097600000,27380.5527
1679112000000,27419.3652
1679126400000,27524.6367
1679140800000,27309.0195
1679155200000,27435.7949
1679169600000,26991.0684
1679184000000,27278.9707
1679198400000,27053.998
1679212800000,27249.8281
1679227200000,27636.0566
1679241600000,28333.7129
1679256000000,28046.8848
1679270400000,27361.709
1679284800000,28270.0371
1679299200000,28275.9473
1679313600000,27758.3809
1679328000000,27859.3926
1679342400000,27807.1367
1679356800000,27859.2871
1679371200000,27584.8379
1679385600000,28104.9297
1679400000000,28099.625
1679414400000,28202.5098
1679428800000,28168.3887
1679443200000,28224.1602
1679457600000,28142.502
1679472000000,28190.1074
1679486400000,28671.998
1679500800000,26704.9785
1679515200000,27304.4961
1679529600000,27415.4355
1679544000000,27708.4336
1679558400000,27654.3164
1679572800000,28653.6914
1679587200000,28411.1387
1679601600000,28330.2461
1679616000000,28256.0527
1679630400000,28301.9648
1679644800000,27612.8535
1679659200000,28028.0586
1679673600000,27835.4336
1679688000000,27468.5273
1679702400000,27610.9551
1679716800000,27514.5938
1679731200000,27473.4551
1679745600000,27668.6309
1679760000000,27200.6348
1679774400000,27479.2051
1679788800000,27544.793
1679803200000,27518.541
1679817600000,27882.1328
1679832000000,27822.2266
1679846400000,27837.0469
1679860800000,27984.0078
1679875200000,27895.7305
1679889600000,27811.3145
1679904000000,27896.0488
1679918400000,26904.8926
1679932800000,26967.5
1679947200000,27118.5645
1679961600000,26968.8301
1679976000000,26943.8262
1679990400000,27046.0449
1680004800000,26987.209
1680019200000,27413.7812
1680033600000,27252.3984
1680048000000,27354.459
1680062400000,28094.5234
1680076800000,28346.1094
1680091200000,28435.4141
1680105600000,28419.3047
1680120000000,28338.4082
1680134400000,28482.0996
1680148800000,28728.9141
1680163200000,28646.9746
1680177600000,28302.7148
1680192000000,27991.248
1680206400000,28032.8398
1680220800000,28173.9121
1680235200000,27740.5332
1680249600000,27935.1133
1680264000000,28491.1641
1680278400000,28465.1992
1680292800000,28462.8848
1680307200000,28536.8066
1680321600000,28443.3535
1680336000000,28380.3066
1680350400000,28414.457
1680364800000,28392.4434
1680379200000,28437.1504
1680393600000,28471.1172
1680408000000,28408.0664
1680422400000,28348.9824
1680436800000,28136.2129
1680451200000,27962.4902
1680465600000,28179.8652
1680480000000,27755.3945
1680494400000,27954.291
1680508800000,28244.1973
1680523200000,28031.6328
1680537600000,28071.0508
1680552000000,27800.9492
1680566400000,27848.6016
1680580800000,28018.0352
1680595200000,28279.8887
1680609600000,28014.1777
1680624000000,28193.8047
1680638400000,28169.8594
1680652800000,28544.1016
1680667200000,28521.5117
1680681600000,28555.6133
1680696000000,28021.4219
1680710400000,28242.7637
1680724800000,28167.4746
1680739200000,28132.2461
1680753600000,27907.207
1680768000000,27942.9199
1680782400000,28090.5371
1680796800000,28011.1133
1680811200000,28035.6973
1680825600000,28041.3242
1680840000000,27837.8652
1680854400000,27835.5898
1680868800000,27942.0254
1680883200000,27894.3203
1680897600000,27904.1914
1680912000000,28029.416
1680926400000,28082.4414
1680940800000,28014.3105
1680955200000,28024.0898
1680969600000,27921.3418
1680984000000,27943.7715
1680998400000,28041.0918
1681012800000,27903.5547
1681027200000,27933.9512
1681041600000,27902.6348
1681056000000,28143.8691
1681070400000,28314.5605
1681084800000,28276.1953
1681099200000,28284.2637
1681113600000,28313.6816
1681128000000,28443.2871
1681142400000,29184.2246
1681156800000,29650.9902
1681171200000,30123.7578
1681185600000,30128.373
1681200000000,30080.0391
1681214400000,30219.2891
1681228800000,30147.7266
1681243200000,30226.3672
1681257600000,29954.6035
1681272000000,30019.377
1681286400000,30037.5273
1681300800000,29976.377
1681315200000,29807.7422
1681329600000,29908.2031
1681344000000,30099.3652
1681358400000,30078.5273
1681372800000,30188.0312
1681387200000,30464.7656
1681401600000,30356.9336
1681416000000,30395.3496
1681430400000,30732.6387
1681444800000,30773.5566
1681459200000,30831.5156
1681473600000,30265.5234
1681488000000,30338.7344
1681502400000,30469.6621
1681516800000,30391.9316
1681531200000,30461.9316
1681545600000,30423.6641
1681560000000,30346.291
1681574400000,30379.9844
1681588800000,30322.7246
1681603200000,30278.4023
1681617600000,30384.668
1681632000000,30258.0234
1681646400000,30355.5469
1681660800000,30325.4414
1681675200000,30313.0645
1681689600000,29974.2852
1681704000000,29857.9121
1681718400000,29581.3203
1681732800000,29380.2578
1681747200000,29473.0527
1681761600000,29430.2676
1681776000000,29449.791
1681790400000,29768.6777
1681804800000,30384.6035
1681819200000,30185.5742
1681833600000,30228.1172
1681848000000,30387.4023
1681862400000,30213.2246
1681876800000,30085.0371
1681891200000,29322.1758
1681905600000,29270.8965
1681920000000,29234.0176
1681934400000,28803.7539
1681948800000,28870.9258
1681963200000,28876.6973
1681977600000,28612.9629
1681992000000,28514.9492
1682006400000,28102.4277
1682020800000,28248.3906
1682035200000,28329.7246
1682049600000,28159.4727
1682064000000,28062.2734
1682078400000,28050.1035
1682092800000,27273.332
1682107200000,27251.5039
1682121600000,27326.1758
1682136000000,27270.4316
1682150400000,27291.1426
1682164800000,27470.4102
1682179200000,27606.8164
1682193600000,27786.2949
1682208000000,27556.0371
1682222400000,27715.002
1682236800000,27642.1797
1682251200000,27470.877
1682265600000,27459.916
1682280000000,27572.7969
1682294400000,27771.4277
1682308800000,27442.9258
1682323200000,27537.748
1682337600000,27259.7734
1682352000000,27372.1348
1682366400000,27494.4082
1682380800000,27340.2695
1682395200000,27263.8047
1682409600000,27377.3047
1682424000000,27332.1602
1682438400000,27595.7246
1682452800000,28272.3828
1682467200000,28288.9961
1682481600000,28368.0527
1682496000000,28936.9492
1682510400000,29812.5059
1682524800000,27876.6367
1682539200000,28423.9258
1682553600000,28879.1641
1682568000000,28889.8926
1682582400000,28937.0137
1682596800000,29141.1895
1682611200000,29665.2871
1682625600000,29472.3164
1682640000000,29423.168
1682654400000,29478.957
1682668800000,29243.752
1682683200000,29157.9473
1682697600000,29331.9473
1682712000000,29318.8242
1682726400000,29346.7734
1682740800000,29358.3965
1682755200000,29332.0117
1682769600000,29281.002
1682784000000,29247.3066
1682798400000,29233.2363
1682812800000,29179.8086
1682827200000,29279.8633
1682841600000,29207.9023
1682856000000,29664.6133
1682870400000,29360.8418
1682884800000,29237.6133
1682899200000,28565.4648
1682913600000,28636.916
1682928000000,28523.5762
1682942400000,28177.1777
1682956800000,27843.5137
1682971200000,28069.2441
1682985600000,28041.25
1683000000000,28054.3105
1683014400000,28087.2383
1683028800000,28532.7852
1683043200000,28683.9355
1683057600000,28660.8535
1683072000000,28527.6094
1683086400000,28648.7148
1683100800000,28542.3086
1683115200000,28317.3652
1683129600000,28329.1328
1683144000000,29032.6875
1683158400000,29090.4023
1683172800000,29051.2988
1683187200000,29153.9316
1683201600000,28879.8945
1683216000000,28903.4316
1683230400000,28833.5488
1683244800000,29191.5684
1683259200000,29056.8145
1683273600000,29148.1836
1683288000000,29379.666
1683302400000,29581.0117
1683316800000,29517.6816
1683331200000,29385.7461
1683345600000,29390.7852
1683360000000,29300.5488
1683374400000,28616.2793
1683388800000,28877.4199
1683403200000,28900.3984
1683417600000,28835.3516
1683432000000,28932.5078
1683446400000,28860.7012
1683460800000,28964.459
1683475200000,28937.4141
1683489600000,28460.1797
1683504000000,28218.3203
1683518400000,28009.0879
1683532800000,27951.541
1683547200000,27903.9609
1683561600000,27348.6465
1683576000000,27663.5176
1683590400000,27627.4512
1683604800000,27664.4141
1683619200000,27675.2168
1683633600000,27404.8457
1683648000000,27704.9297
1683662400000,27627.916
1683676800000,27678.166
1683691200000,27551.1777
1683705600000,27672.1094
1683720000000,28141.8691
1683734400000,27684.8965
1683748800000,27595.0352
1683763200000,27454
1683777600000,27453.7129
1683792000000,27405.9961
1683806400000,27180.4434
1683820800000,26843.4883
1683835200000,26976.4863
1683849600000,26585.9004
1683864000000,26304.8398
1683878400000,26352.6465
1683892800000,26319.1465
1683907200000,26449.375
1683921600000,26783.3594
1683936000000,26799.1133
1683950400000,26773.5781
1683964800000,26814.6719
1683979200000,26819.2598
1683993600000,26845.3281
1684008000000,26770.2578
1684022400000,26866.2324
1684036800000,26850.1465
1684051200000,26808.9336
1684065600000,27072.5918
1684080000000,26879.7344
1684094400000,26908.0684
1684108800000,27228.002
1684123200000,27386.9766
1684137600000,27327.9082
1684152000000,27391.8945
1684166400000,27420.4121
1684180800000,27163.5566
1684195200000,27134.3379
1684209600000,27247.9551
1684224000000,27058.5469
1684238400000,27036.4629
1684252800000,26936.5273
1684267200000,27028.5859
1684281600000,27050.1309
1684296000000,26848.6504
1684310400000,26636.9609
1684324800000,26801.25
1684339200000,27370.3457
1684353600000,27377.5527
1684368000000,27336.9316
1684382400000,27388.4961
1684396800000,27391.0371
1684411200000,27079.7344
1684425600000,26744.1484
1684440000000,26822.9062
1684454400000,26851.4766
1684468800000,26860.8027
1684483200000,26859.0859
1684497600000,26876.1992
1684512000000,26838.2031
1684526400000,26870.2559
1684540800000,26859.5781
1684555200000,26854.2578
1684569600000,26870.4297
1684584000000,26940.6895
1684598400000,27056.9473
1684612800000,27099.625
1684627200000,27172.3027
1684641600000,27059.3906
1684656000000,26824.5742
1684670400000,26909.2988
1684684800000,26908.873
1684699200000,26749.6504
1684713600000,26654.8809
1684728000000,26844.084
1684742400000,26816.0039
1684756800000,26859.8457
1684771200000,26858.7168
1684785600000,26845.5918
1684800000000,27371.748
1684814400000,27287.8809
1684828800000,27341.7266
1684843200000,27317.1699
1684857600000,27189.7969
1684872000000,27216.9785
1684886400000,26784.8574
1684900800000,26685.3691
1684915200000,26743.9277
1684929600000,26309.709
1684944000000,26248.7383
1684958400000,26321.0508
1684972800000,26171.3594
1684987200000,26125.7812
1685001600000,26291.0352
1685016000000,26209.6875
1685030400000,26454.5332
1685044800000,26460.6582
1685059200000,26432.8262
1685073600000,26496.4688
1685088000000,26455.4316
1685102400000,26745.4648
1685116800000,26757.0938
1685131200000,26701.3398
1685145600000,26753.0273
1685160000000,26712.6602
1685174400000,26699.6602
1685188800000,26685.4023
1685203200000,26725.3145
1685217600000,26848.0566
1685232000000,27172.6934
1685246400000,27205.9961
1685260800000,27148.0996
1685275200000,27270.7305
1685289600000,27531.6738
1685304000000,28070.7305
1685318400000,27958.3379
1685332800000,27908.3672
1685347200000,27910.8008
1685361600000,27634.3496
1685376000000,27643.0684
1685390400000,27744.3457
1685404800000,27840.0352
1685419200000,27733.0352
1685433600000,28034.7695
1685448000000,27687.7988
1685462400000,27859.2012
1685476800000,27707.1738
1685491200000,27660.7227
1685505600000,27175.209
1685520000000,27106.1621
1685534400000,26909.4766
1685548800000,26999.2891
1685563200000,27209.0371
1685577600000,26761.0527
1685592000000,26799.5977
1685606400000,26893.6133
1685620800000,26885.416
1685635200000,26849.9805
1685649600000,26809.0742
1685664000000,26997.1543
1685678400000,27041.9805
1685692800000,27123.4023
1685707200000,27106.4688
1685721600000,27239.5977
1685736000000,27238.4023
1685750400000,27142.7793
1685764800000,27175.7285
1685779200000,27134.1934
1685793600000,27287.8848
1685808000000,27089.0195
1685822400000,27067.7539
1685836800000,27065.5508
1685851200000,27141.2559
1685865600000,27190.9043
1685880000000,27181.9844
1685894400000,27209.1328
1685908800000,27114.1797
1685923200000,26841.7461
1685937600000,26824.2852
1685952000000,26776.8379
1685966400000,25992.5684
1685980800000,25629.1172
1685995200000,25724.8965
1686009600000,25724.9102
1686024000000,25716.7129
1686038400000,25687.0938
1686052800000,26061.7051
1686067200000,27066.7207
1686081600000,27216.3574
1686096000000,26905.5273
1686110400000,26802.6973
1686124800000,26899.8633
1686139200000,26349.377
1686153600000,26480.3438
1686168000000,26335.6875
1686182400000,26335.4395
1686196800000,26445.4902
1686211200000,26430.7988
1686225600000,26714.3457
1686240000000,26531.873
1686254400000,26492.5488
1686268800000,26470.1934
1686283200000,26490.7559
1686297600000,26606.0332
1686312000000,26471.4629
1686326400000,26402.1953
1686340800000,26471.0176
1686355200000,26323.627
1686369600000,25648.6035
1686384000000,25729.4746
1686398400000,25641.1992
1686412800000,25745.0879
1686427200000,25838.4473
1686441600000,25729.1797
1686456000000,25741.1445
1686470400000,25801.8926
1686484800000,25757.0449
1686499200000,26026.8125
1686513600000,25928.7852
1686528000000,25785.5723
1686542400000,25800.7852
1686556800000,25974.125
1686571200000,25825.2695
1686585600000,25817.9688
1686600000000,25895.959
1686614400000,26052.5391
1686628800000,26055.9414
1686643200000,26172.1211
1686657600000,25753.293
1686672000000,25899.8594
1686686400000,25927.7773
1686700800000,25968.3164
1686715200000,25897.4922
1686729600000,25963.5332
1686744000000,25974.8633
1686758400000,25853.4609
1686772800000,25122.8379
1686787200000,25061.7578
1686801600000,24936.0449
1686816000000,24970.3906
1686830400000,24931.7949
1686844800000,25439.1816
1686859200000,25577.0254
1686873600000,25547.0566
1686888000000,25506.4492
1686902400000,25452.0645
1686916800000,25834.0352
1686931200000,26366.9727
1686945600000,26337.2812
1686960000000,26248.4375
1686974400000,26589.3496
1686988800000,26500.4141
1687003200000,26409.8906
1687017600000,26472.3125
1687032000000,26519.1953
1687046400000,26532.2715
1687060800000,26583.2949
1687075200000,26498.5996
1687089600000,26543.8516
1687104000000,26634.5176
1687118400000,26332.9707
1687132800000,26395.2812
1687147200000,26428.6621
1687161600000,26429.1543
1687176000000,26424.7441
1687190400000,26657.4277
1687204800000,26827.1973
1687219200000,26878.2773
1687233600000,26827.166
1687248000000,26883.0059
1687262400000,27064.5645
1687276800000,27970.4902
1687291200000,28307.6113
1687305600000,28704.6543
1687320000000,28861.1855
1687334400000,28924.8867
1687348800000,29844.9961
1687363200000,30112.5117
1687377600000,30000.6895
1687392000000,30290.5
1687406400000,30101.998
1687420800000,29933.916
1687435200000,29858.9219
1687449600000,30222.8086
1687464000000,29887.0664
1687478400000,30000.0605
1687492800000,29935.4531
1687507200000,30144.0293
1687521600000,31234.377
1687536000000,30879.7734
1687550400000,30691.1562
1687564800000,30729.0449
1687579200000,30581.5879
1687593600000,30695.0078
1687608000000,30411.0156
1687622400000,30626.248
1687636800000,30543.1816
1687651200000,30745.9922
1687665600000,30726.9316
1687680000000,30719.4219
1687694400000,30593.7207
1687708800000,30437.2891
1687723200000,30477.0176
1687737600000,30293.4297
1687752000000,30402.5352
1687766400000,30315.457
1687780800000,30413.3711
1687795200000,30241.9668
1687809600000,30259.6289
1687824000000,30356.5605
1687838400000,30399.3105
1687852800000,30720.7793
1687867200000,30486.1855
1687881600000,30636.5371
1687896000000,30697.8262
1687910400000,30458.7793
1687924800000,30195.293
1687939200000,30314.2617
1687953600000,30409.8926
1687968000000,30094.1758
1687982400000,30067.2734
1687996800000,30151.791
1688011200000,30332
1688025600000,30672.9863
1688040000000,30479.2871
1688054400000,30579.1074
1688068800000,30457.9414
1688083200000,30742.9766
1688097600000,30759.0332
1688112000000,30900.1465
1688126400000,30055.4551
1688140800000,30364.6211
1688155200000,30463.9277
1688169600000,30385.9395
1688184000000,30448.9785
1688198400000,30518.6016
1688212800000,30564.8457
1688227200000,30613.4023
1688241600000,30590.0566
1688256000000,30515.0293
1688270400000,30504.957
1688284800000,30532.998
1688299200000,30492.2461
1688313600000,30542.6445
1688328000000,30618.6445
1688342400000,30754.4609
1688356800000,30668.5312
1688371200000,30628.7812
1688385600000,31069.3906
1688400000000,31265.6172
1688414400000,31163.3633
1688428800000,31192.3613
1688443200000,30907.7988
1688457600000,31069.3223
1688472000000,30983.8828
1688486400000,30701.7285
1688500800000,30772.3613
1688515200000,30877.5664
1688529600000,30778.4023
1688544000000,30407.9453
1688558400000,30358.6934
1688572800000,30434.0137
1688587200000,30504.3359
1688601600000,30494.0762
1688616000000,30794.5117
1688630400000,30831.4434
1688644800000,30402.5039
1688659200000,30298.5801
1688673600000,29889.2793
1688688000000,30131.9023
1688702400000,30003.8867
1688716800000,30101.6074
1688731200000,30382.0918
1688745600000,30219.9355
1688760000000,30327.9824
1688774400000,30274.125
1688788800000,30192.1328
1688803200000,30198.916
1688817600000,30210.9004
1688832000000,30103.1895
1688846400000,30271.0312
1688860800000,30281.5508
1688875200000,30254.9297
1688889600000,30259.6094
1688904000000,30335.8242
1688918400000,30236.6719
1688932800000,30162.9863
1688947200000,30158.4336
1688961600000,30105.9102
1688976000000,30234.291
1688990400000,30299.8691
1689004800000,30826.8418
1689019200000,30415.0801
1689033600000,30475.9551
1689048000000,30528.0215
1689062400000,30405.2871
1689076800000,30596.6523
1689091200000,30584.6719
1689105600000,30621.6758
1689120000000,30588.7051
1689134400000,30738.2266
1689148800000,30775.7363
1689163200000,30516.8789
1689177600000,30277.9746
1689192000000,30384.7051
1689206400000,30300.3926
1689220800000,30357.5117
1689235200000,30542.2695
1689249600000,30911.1445
1689264000000,31618.7715
1689278400000,31469.0449
1689292800000,31465.4961
1689307200000,31110.1855
1689321600000,31230.0645
1689336000000,31259.3379
1689350400000,30120.0977
1689364800000,30320.0566
1689379200000,30296.3359
1689393600000,30334.1016
1689408000000,30308.4648
1689422400000,30299.9004
1689436800000,30327.9727
1689451200000,30283.1211
1689465600000,30187.7031
1689480000000,30264.709
1689494400000,30303.0488
1689508800000,30374.2266
1689523200000,30257.4062
1689537600000,30231.9824
1689552000000,30309.3379
1689566400000,30279.6406
1689580800000,30158.5293
1689595200000,30182.0801
1689609600000,29887.7129
1689624000000,30135.7148
1689638400000,30065.0781
1689652800000,29947.0898
1689667200000,29874.5605
1689681600000,29901.6309
1689696000000,29702.2148
1689710400000,29859.168
1689724800000,30056.3691
1689739200000,29982.5137
1689753600000,30004.7617
1689768000000,29940.043
1689782400000,30030.3242
1689796800000,29893.877
1689811200000,29944.1172
1689825600000,30192.4863
1689840000000,30271.3906
1689854400000,29794.9043
1689868800000,29750.959
1689883200000,29800.6953
1689897600000,29876.4434
1689912000000,29761.0879
1689926400000,29775.4551
1689940800000,29861.8086
1689955200000,29863.7891
1689969600000,29886.166
1689984000000,29896.5547
1689998400000,29929.1328
1690012800000,29879.0859
1690027200000,29894.4727
1690041600000,29830.3301
1690056000000,29780.8223
1690070400000,29833.6172
1690084800000,29902.5176
1690099200000,29875.7773
1690113600000,29886.541
1690128000000,30077.6816
1690142400000,30063.5234
1690156800000,29699.9727
1690171200000,29815.3516
1690185600000,29265.2988
1690200000000,29101.9473
1690214400000,29121.377
1690228800000,29171.875
1690243200000,29104.9023
1690257600000,29132.7227
1690272000000,29116.1484
1690286400000,29173.7305
1690300800000,29184.4805
1690315200000,29216.7695
1690329600000,29229.5254
1690344000000,29203.998
1690358400000,29159.5977
1690372800000,29307.9512
1690387200000,29388.8008
1690401600000,29331.5977
1690416000000,29390.5117
1690430400000,29400.2246
1690444800000,29492.3594
1690459200000,29272.1328
1690473600000,29139.3301
1690488000000,29212.6641
1690502400000,29235.8926
1690516800000,29118.2559
1690531200000,29190.7383
1690545600000,29368.5195
1690560000000,29301.5
1690574400000,29309.1387
1690588800000,29359.0801
1690603200000,29284.3008
1690617600000,29262.2266
1690632000000,29289.4785
1690646400000,29324.2168
1690660800000,29342.5469
1690675200000,29299.832
1690689600000,29283.2988
1690704000000,29295.3809
1690718400000,29336.6387
1690732800000,29190.6348
1690747200000,29265.2812
1690761600000,29399.2676
1690776000000,29364.084
1690790400000,29389.7656
1690804800000,29233.6309
1690819200000,29153.6992
1690833600000,29215.8965
1690848000000,28822.4941
1690862400000,28926.4551
1690876800000,28852.4082
1690891200000,28951.1699
1690905600000,29265.9121
1690920000000,29695.0176
1690934400000,29623.6016
1690948800000,29572.3438
1690963200000,29561.6953
1690977600000,29327.459
1690992000000,29154.4355
1691006400000,29184.4355
1691020800000,29165.4668
1691035200000,29021.1992
1691049600000,29132.6816
1691064000000,29245.748
1691078400000,29276.0371
1691092800000,29185.418
1691107200000,29159.002
1691121600000,29207.2285
1691136000000,29160.75
1691150400000,29253.1934
1691164800000,29011.1211
1691179200000,29089.0078
1691193600000,29056.6289
1691208000000,29019.709
1691222400000,29024.6973
1691236800000,29018.4004
1691251200000,29043.5625
1691265600000,29052.9531
1691280000000,29039.0957
1691294400000,29072.8691
1691308800000,29053.8828
1691323200000,28991.7441
1691337600000,29069.7285
1691352000000,29063.498
1691366400000,29126.5469
1691380800000,29058.6523
1691395200000,29044.3184
1691409600000,28843.9727
1691424000000,29140.6387
1691438400000,29188.6875
1691452800000,29172.1309
1691467200000,29167.7285
1691481600000,29411.1816
1691496000000,29512.4082
1691510400000,29857.0547
1691524800000,29758.5117
1691539200000,29699.543
1691553600000,29812.8359
1691568000000,29885.5391
1691582400000,29747.3145
1691596800000,29401.5781
1691611200000,29576.9668
1691625600000,29576.1953
1691640000000,29495.2148
1691654400000,29491.4512
1691668800000,29446.5254
1691683200000,29423.4102
1691697600000,29442.0938
1691712000000,29388.7695
1691726400000,29390.9473
1691740800000,29427.6211
1691755200000,29368.8027
1691769600000,29370.8047
1691784000000,29410.6641
1691798400000,29381.7559
1691812800000,29402.8711
1691827200000,29415.3477
1691841600000,29427.0762
1691856000000,29402.0801
1691870400000,29415.9922
1691884800000,29401.625
1691899200000,29391.2949
1691913600000,29360.4473
1691928000000,29349.3613
1691942400000,29417.0449
1691956800000,29285.9336
1691971200000,29364.5234
1691985600000,29394.8848
1692000000000,29379.4824
1692014400000,29576.0508
1692028800000,29330.291
1692043200000,29413.5098
1692057600000,29376.2754
1692072000000,29375.1602
1692086400000,29332.4375
1692100800000,29299.8008
1692115200000,29165.0117
1692129600000,29178.3789
1692144000000,29206.6152
1692158400000,29184.8125
1692172800000,29143.8438
1692187200000,29087.9414
1692201600000,29096.3516
1692216000000,28711.4492
1692230400000,28642.5352
1692244800000,28604.5586
1692259200000,28520.7969
1692273600000,27898.8379
1692288000000,27859.1699
1692302400000,26639.9199
1692316800000,26382.582
1692331200000,26396.3047
1692345600000,26476.4492
1692360000000,25979.3184
1692374400000,26039.2812
1692388800000,26029.8652
1692403200000,25941.9219
1692417600000,25898.6973
1692432000000,25883.7051
1692446400000,26192.8594
1692460800000,26096.6191
1692475200000,26080.6523
1692489600000,26081.8867
1692504000000,26072.5996
1692518400000,26159.2031
1692532800000,26096.002
1692547200000,26123.5176
1692561600000,26181.4199
1692576000000,26079.2344
1692590400000,26002.6328
1692604800000,26014.8672
1692619200000,25925.7832
1692633600000,26080.5449
1692648000000,26105.8301
1692662400000,26036.8594
1692676800000,26081.8848
1692691200000,26039.2031
1692705600000,25915.6914
1692720000000,25765.0781
1692734400000,26024.8457
1692748800000,25978.2012
1692763200000,26035.2051
1692777600000,25905.8125
1692792000000,26126.8477
1692806400000,26603.7109
1692820800000,26412.8535
1692835200000,26422.3477
1692849600000,26457.5859
1692864000000,26425.0137
1692878400000,25981.1074
1692892800000,26014.0371
1692907200000,26156.7227
1692921600000,26086.7559
1692936000000,25950.2402
1692950400000,26080.8223
1692964800000,25909.1641
1692979200000,25945.6074
1692993600000,26031.5566
1693008000000,26060.7988
1693022400000,26027.0625
1693036800000,26023.0566
1693051200000,26031.291
1693065600000,26021.5605
1693080000000,25999.293
1693094400000,25999.8926
1693108800000,26017.9531
1693123200000,26041.2324
1693137600000,26093.2871
1693152000000,26101.957
1693166400000,26074.4336
1693180800000,25986.9922
1693195200000,25912.3535
1693209600000,25971.4863
1693224000000,26071.3652
1693238400000,25967.918
1693252800000,26092.543
1693267200000,26052.7812
1693281600000,25977.2363
1693296000000,25955.8184
1693310400000,27401.1797
1693324800000,27799.873
1693339200000,27696.1348
1693353600000,27380.8105
1693368000000,27432.6895
1693382400000,27335.9668
1693396800000,27195.9902
1693411200000,27163.5059
1693425600000,27290.8555
1693440000000,27201.9531
1693454400000,27241.3965
1693468800000,27296.2793
1693483200000,26910.1348
1693497600000,26144.6504
1693512000000,25922.9941
1693526400000,26062.6309
1693540800000,25973.2734
1693555200000,26019.8809
1693569600000,25788.666
1693584000000,25624.0078
1693598400000,25781.5
1693612800000,25781.334
1693627200000,25773.127
1693641600000,25790.3691
1693656000000,25880.4238
1693670400000,25819.3105
1693684800000,25848.1465
1693699200000,25844.1406
1693713600000,25929.6523
1693728000000,25918.0898
1693742400000,25864.5645
1693756800000,25993.4375
1693771200000,25949.2988
1693785600000,25969.0078
1693800000000,25939.5605
1693814400000,25869.4062
1693828800000,25797.9883
1693843200000,25869.9258
1693857600000,25801.9102
1693872000000,25661.1074
1693886400000,25707.5078
1693900800000,25751.9141
1693915200000,25732.1348
1693929600000,25663.7754
1693944000000,25762.2441
1693958400000,25754.127
1693972800000,25699.0391
1693987200000,25712.1328
1694001600000,25567.9336
1694016000000,25659.291
1694030400000,25736.5898
1694044800000,25808.4082
1694059200000,25743.8398
1694073600000,25681.2246
1694088000000,25761.0664
1694102400000,25851.0176
1694116800000,26230.123
1694131200000,26229.0977
1694145600000,26238.0293
1694160000000,25816.5723
1694174400000,25836.2891
1694188800000,25879.8145
1694203200000,25890.4941
1694217600000,25855.2168
1694232000000,25864.6328
1694246400000,25846.1309
1694260800000,25873.6875
1694275200000,25860.543
1694289600000,25880.8848
1694304000000,25842.0762
1694318400000,25832.0371
1694332800000,25782.8516
1694347200000,25757.0879
1694361600000,25785.2051
1694376000000,25820.8809
1694390400000,25714.5195
1694404800000,25796.3086
1694419200000,25585.5938
1694433600000,25092.8047
1694448000000,25004.7285
1694462400000,25145.2461
1694476800000,25771.0195
1694491200000,25789.3398
1694505600000,26068.7656
1694520000000,26188.9121
1694534400000,26041.6191
1694548800000,25832.2578
1694563200000,25873.1914
1694577600000,25862.2344
1694592000000,26176.2324
1694606400000,26221.2539
1694620800000,26126.1992
1694635200000,26215.0469
1694649600000,26261.0078
1694664000000,26330.4199
1694678400000,26432.3262
1694692800000,26683.0332
1694707200000,26667.3105
1694721600000,26516.623
1694736000000,26605.623
1694750400000,26566.9199
1694764800000,26421.7402
1694779200000,26314.6699
1694793600000,26387.9219
1694808000000,26590.2539
1694822400000,26617.7344
1694836800000,26488.6504
1694851200000,26524.6309
1694865600000,26506.6152
1694880000000,26533.6191
1694894400000,26556.1992
1694908800000,26521.5078
1694923200000,26489.8398
1694937600000,26564.1309
1694952000000,26538.5215
1694966400000,26504.1113
1694980800000,26523.7832
1694995200000,26648.582
1695009600000,26703.2715
1695024000000,27178.5117
1695038400000,27254.832
1695052800000,26812.5391
1695067200000,26759.7285
1695081600000,26818.623
1695096000000,26839.8496
1695110400000,27227.1855
1695124800000,27408.1523
1695139200000,27178.6562
1695153600000,27195.0801
1695168000000,27116.082
1695182400000,27097.5254
1695196800000,27089.7188
1695211200000,27173.0234
1695225600000,26919.4023
1695240000000,27107.0605
1695254400000,27028.7051
1695268800000,26982.125
1695283200000,26716.0156
1695297600000,26568.3496
1695312000000,26584.668
1695326400000,26558.7227
1695340800000,26611.8047
1695355200000,26652.4727
1695369600000,26634.4629
1695384000000,26623.7949
1695398400000,26529.3984
1695412800000,26567.584
1695427200000,26520.5098
1695441600000,26569.082
1695456000000,26567.7285
1695470400000,26568.6445
1695484800000,26610.6895
1695499200000,26571.7949
1695513600000,26563.4609
1695528000000,26558.8672
1695542400000,26592.9023
1695556800000,26570.7051
1695571200000,26447.3008
1695585600000,26243.7559
1695600000000,26149.7383
1695614400000,26183.627
1695628800000,26060.6758
1695643200000,26228.4961
1695657600000,26316.2949
1695672000000,26282.5547
1695686400000,26343.7344
1695700800000,26258.0625
1695715200000,26264.9883
1695729600000,26116.4648
1695744000000,26232.4863
1695758400000,26206.9727
1695772800000,26259.5391
1695787200000,26225.3477
1695801600000,26733.7676
1695816000000,26274.6543
1695830400000,26243.8945
1695844800000,26349.5762
1695859200000,26352.1328
1695873600000,26424.5547
1695888000000,26450.3379
1695902400000,26992.8906
1695916800000,27089.1133
1695931200000,27010.3887
1695945600000,26953.1992
1695960000000,27174.2793
1695974400000,26962.2617
1695988800000,26878.875
1696003200000,26921.0449
1696017600000,26904.2266
1696032000000,26906.8066
1696046400000,26922.4863
1696060800000,26932.709
1696075200000,26988.1523
1696089600000,27015.0176
1696104000000,26960.0605
1696118400000,27036.2676
1696132800000,27098.8594
1696147200000,27180.5527
1696161600000,27143.6758
1696176000000,27095.3223
1696190400000,27984.5625
1696204800000,28113.3457
1696219200000,28301.7578
1696233600000,28198.457
1696248000000,28031.166
1696262400000,27963.1641
1696276800000,27492.9082
1696291200000,27595.4336
1696305600000,27535.1074
1696320000000,27553.1133
1696334400000,27330.377
1696348800000,27266.8672
1696363200000,27412.7344
1696377600000,27410.7168
1696392000000,27439.4121
1696406400000,27571.5078
1696420800000,27394.8594
1696435200000,27609.2266
1696449600000,27767.7168
1696464000000,27643.6621
1696478400000,27594.6016
1696492800000,27720.2598
1696507200000,27550.7227
1696521600000,27467.0039
1696536000000,27409.6328
1696550400000,27555.8926
1696564800000,27629.8789
1696579200000,27749.2363
1696593600000,27935.7285
1696608000000,27951.3184
1696622400000,27938.5859
1696636800000,27907.043
1696651200000,27891.8828
1696665600000,27945.1543
1696680000000,27939.7676
1696694400000,27866.7656
1696708800000,27954.791
1696723200000,28060.0918
1696737600000,27918.6934
1696752000000,27810.793
1696766400000,27904.2832
1696780800000,27902.9473
1696795200000,27919.1309
1696809600000,27917.3105
1696824000000,27820.498
1696838400000,27475.5703
1696852800000,27455.2188
1696867200000,27617.5078
1696881600000,27588.4551
1696896000000,27629.1348
1696910400000,27645.9473
1696924800000,27505.9531
1696939200000,27399.7656
1696953600000,27393.5586
1696968000000,27381.3828
1696982400000,26998.6035
1696996800000,27011.291
1697011200000,27181.668
1697025600000,26767.2246
1697040000000,26752.0547
1697054400000,26863.3926
1697068800000,26837.5918
1697083200000,26794.3242
1697097600000,26825.9766
1697112000000,26658.0859
1697126400000,26700.5156
1697140800000,26751.6387
1697155200000,26768.0469
1697169600000,26853.791
1697184000000,26808.6816
1697198400000,26692.1895
1697212800000,26770.3008
1697227200000,26854.3594
1697241600000,26921.0762
1697256000000,26865.2188
1697270400000,26863.6973
1697284800000,26929.6465
1697299200000,26855.9629
1697313600000,26842.6172
1697328000000,26870.7246
1697342400000,26869.166
1697356800000,26847.3535
1697371200000,26887.4824
1697385600000,27041.9707
1697400000000,27153.8691
1697414400000,27227.7891
1697428800000,27829.9551
1697443200000,27752.5762
1697457600000,28059.9707
1697472000000,28470.3359
1697486400000,28503.332
1697500800000,28278.6543
1697515200000,28426.9688
1697529600000,28425.5938
1697544000000,28468.6445
1697558400000,28520.5586
1697572800000,28405.3262
1697587200000,28520.8828
1697601600000,28497.0078
1697616000000,28353.8711
1697630400000,28251.9609
1697644800000,28237.7715
1697659200000,28312.9297
1697673600000,28251.4004
1697688000000,28320.5449
1697702400000,28434.7148
1697716800000,28665.5684
1697731200000,28744.7207
1697745600000,28710.8359
1697760000000,29233.3047
1697774400000,29236.8027
1697788800000,29844.7598
1697803200000,29553.1074
1697817600000,29559.5957
1697832000000,29670.6016
1697846400000,29605.2949
1697860800000,29693.4238
1697875200000,29795.916
1697889600000,29924.6074
1697904000000,30139.1992
1697918400000,29910.5664
1697932800000,29917.0801
1697947200000,29822.5762
1697961600000,29918.584
1697976000000,29833.1992
1697990400000,29843.9316
1698004800000,29990.5527
1698019200000,30737.1855
1698033600000,30507.7734
1698048000000,30649.6621
1698062400000,30883.5957
1698076800000,31359.1719
1698091200000,33101.5078
1698105600000,34065.5742
1698120000000,34026.2578
1698134400000,34563.6016
1698148800000,33686.3281
1698163200000,33811.8672
1698177600000,33936.0508
1698192000000,34022.9492
1698206400000,33868.5508
1698220800000,34221.0859
1698235200000,34872.1914
1698249600000,34769.3867
1698264000000,34523.4805
1698278400000,34828.4375
1698292800000,34675.7344
1698307200000,34136.6875
1698321600000,34071.6094
1698336000000,34066.2383
1698350400000,34185.957
1698364800000,34138.4141
1698379200000,33974.8828
1698393600000,34075.8789
1698408000000,34024.4297
1698422400000,33718.3516
1698436800000,33924.7812
1698451200000,34098.1758
1698465600000,34075.9023
1698480000000,34206.2617
1698494400000,34219.4727
1698508800000,34148.4102
1698523200000,34116.7812
1698537600000,34007.2695
1698552000000,34115.0078
1698566400000,34285.207
1698580800000,34486.6719
1698595200000,34606.25
1698609600000,34555.8086
1698624000000,34307.3242
1698638400000,34244.0039
1698652800000,34645.0508
1698667200000,34680.9414
1698681600000,34471.2969
1698696000000,34518.4414
1698710400000,34229.0977
1698724800000,34178.5469
1698739200000,34531.9258
1698753600000,34307.7148
1698768000000,34575.1836
1698782400000,34688.957
1698796800000,34460
1698811200000,34477.5469
1698825600000,34446.9336
1698840000000,34325.6328
1698854400000,34596.8047
1698868800000,35458.4062
1698883200000,35621.3555
1698897600000,35340.9883
1698912000000,35427.793
1698926400000,34664.1797
1698940800000,35027.793
1698955200000,34979.8984
1698969600000,34714
1698984000000,34497.7773
1698998400000,34288.0039
1699012800000,34785.5195
1699027200000,34549.0664
1699041600000,34734.1641
1699056000000,34725.7969
1699070400000,34796.7734
1699084800000,34738.5312
1699099200000,34734.5
1699113600000,34764.6875
1699128000000,35088.9102
1699142400000,35313.7266
1699156800000,35193.8359
1699171200000,35121.332
1699185600000,34932.3945
1699200000000,35040.2812
1699214400000,35052.1289
1699228800000,35024.9414
1699243200000,34949.293
1699257600000,35289.9961
1699272000000,35103.875
1699286400000,35086.3555
1699300800000,35081.3008
1699315200000,34945.4141
1699329600000,34971.043
1699344000000,34663.0156
1699358400000,34758.8984
1699372800000,35487.5781
1699387200000,35421.0664
1699401600000,35299.4883
1699416000000,35258.9102
1699430400000,35362.6875
1699444800000,35242.2266
1699459200000,35651.8086
1699473600000,35639.1211
1699488000000,36462.5078
1699502400000,36584.668
1699516800000,36854.7344
1699531200000,37144.5391
1699545600000,36431.2539
1699560000000,36742.4727
1699574400000,36788.082
1699588800000,36491.1406
1699603200000,37112.5703
1699617600000,37104.2773
1699632000000,37286.7969
1699646400000,37339.3008
1699660800000,37087.0195
1699675200000,37056.3281
1699689600000,37032.6641
1699704000000,37096.5898
1699718400000,37193.9219
1699732800000,37173.9219
1699747200000,37033.4648
1699761600000,37167.1797
1699776000000,37091.6953
1699790400000,37199.3164
1699804800000,37143.1055
1699819200000,37109.2539
1699833600000,36971.2695
1699848000000,37013.8789
1699862400000,36859.0625
1699876800000,36895.3555
1699891200000,36886.7812
1699905600000,36494.75
1699920000000,36491.1094
1699934400000,36730.1523
1699948800000,36309.75
1699963200000,36187.9648
1699977600000,35332.0742
1699992000000,35564.5156
1700006400000,35408.8594
1700020800000,35600.0352
1700035200000,36265.7148
1700049600000,36427.7656
1700064000000,37521.0078
1700078400000,37891.2578
1700092800000,37485.7422
1700107200000,37466.6953
1700121600000,37284.1914
1700136000000,36439.6914
1700150400000,35955.1992
1700164800000,36190.2422
1700179200000,36499.8477
1700193600000,36251.1211
1700208000000,36408.9727
1700222400000,36069.5039
1700236800000,36341.418
1700251200000,36628.4062
1700265600000,36396.0898
1700280000000,36435.1055
1700294400000,36427.3164
1700308800000,36678.1953
1700323200000,36693.7891
1700337600000,36597.7656
1700352000000,36551.2109
1700366400000,36634.8086
1700380800000,36482.6992
1700395200000,36590.2734
1700409600000,36969.1523
1700424000000,37374.4062
1700438400000,37144.0977
1700452800000,37270.625
1700467200000,37180.0898
1700481600000,37497.5898
1700496000000,37593.7461
1700510400000,37475.0039
1700524800000,37491.4023
1700539200000,37303.7656
1700553600000,37178.793
1700568000000,36998.6289
1700582400000,36987.7422
1700596800000,35730.8398
1700611200000,36397.1953
1700625600000,36460.8086
1700640000000,36475.1875
1700654400000,36481.5508
1700668800000,37291.9492
1700683200000,37424.5352
1700697600000,37315.6562
1700712000000,37384.3008
1700726400000,37380.3516
1700740800000,36952.2305
1700755200000,37289.8477
1700769600000,37297.7852
1700784000000,37321.6641
1700798400000,37531.2773
1700812800000,37763.2383
1700827200000,38245.9727
1700841600000,37795.457
1700856000000,37762.2422
1700870400000,37834.8203
1700884800000,37836.8633
1700899200000,37688.1953
1700913600000,37735.7539
1700928000000,37853.125
1700942400000,37815.875
1700956800000,37778.9492
1700971200000,37820.832
1700985600000,37707.5586
1701000000000,37462.7461
1701014400000,37405.4609
1701028800000,37461.4453
1701043200000,37329.9883
1701057600000,37296.3164
1701072000000,37036.7266
1701086400000,36757.3594
1701100800000,36884.2773
1701115200000,37253.1016
1701129600000,37129.7656
1701144000000,37103.2734
1701158400000,37256.7539
1701172800000,37517.4375
1701187200000,38126.8438
1701201600000,37814.5078
1701216000000,37947.8125
1701230400000,38108.9336
1701244800000,38110.0312
1701259200000,37834.3711
1701273600000,37876.9023
1701288000000,37857.5742
1701302400000,38051.6758
1701316800000,37796
1701331200000,37891.7109
1701345600000,37616.9883
1701360000000,37761.3945
1701374400000,37728.2812
1701388800000,38044.625
1701403200000,38249.9844
1701417600000,38613.4609
1701432000000,38434.0781
1701446400000,38788.6523
1701460800000,38707.1016
1701475200000,38807.1367
1701489600000,38725.457
1701504000000,38761.582
1701518400000,38831.6758
1701532800000,39461.293
1701547200000,39478.4219
1701561600000,39410.4727
1701576000000,39509.2422
1701590400000,39511.7891
1701604800000,39797.9805
1701619200000,39601.4922
1701633600000,40026.3594
1701648000000,40749.043
1701662400000,41483.6055
1701676800000,41626.0391
1701691200000,41296.5781
1701705600000,42028.0352
1701720000000,42005.4023
1701734400000,41855.3789
1701748800000,41565.2656
1701763200000,41763.0859
1701777600000,42272.3359
1701792000000,43826.957
1701806400000,44098.1797
1701820800000,43767.2109
1701835200000,43698.457
1701849600000,43867.9727
1701864000000,43806.9766
1701878400000,44008.2266
1701892800000,43781.9336
1701907200000,43950.2148
1701921600000,43914.3164
1701936000000,43211.0469
1701950400000,43700.4961
1701964800000,43251.4492
1701979200000,43319.5586
1701993600000,43409.1797
1702008000000,43196.0703
1702022400000,43709.5898
1702036800000,43783.1484
1702051200000,43978.9531
1702065600000,44196.5156
1702080000000,44176.3711
1702094400000,44231.3086
1702108800000,43862.3398
1702123200000,44096.3281
1702137600000,43979.2422
1702152000000,43754.7109
1702166400000,43880.5352
1702180800000,44005.2422
1702195200000,43791.2656
1702209600000,43951.5547
1702224000000,43831.9023
1702238400000,43841.4688
1702252800000,42362.6133
1702267200000,42156.4336
1702281600000,42381.2148
1702296000000,41822.9922
1702310400000,40768.2031
1702324800000,41246.6328
1702339200000,41759.7578
1702353600000,41918.2812
1702368000000,41598.5195
1702382400000,41380.3281
1702396800000,41145.5938
1702411200000,41499.0781
1702425600000,40853.1875
1702440000000,41103.9688
1702454400000,41008.8555
1702468800000,41940.457
1702483200000,42743.6445
1702497600000,42887.4922
1702512000000,42747.2148
1702526400000,42930.5938
1702540800000,43293.9453
1702555200000,42478.4023
1702569600000,43132.082
1702584000000,43050.9102
1702598400000,42820.7344
1702612800000,42747.8633
1702627200000,42806.8711
1702641600000,41920.582
1702656000000,42122.5664
1702670400000,41972.25
1702684800000,42358.2656
1702699200000,42232.9609
1702713600000,42334.0781
1702728000000,42611.4766
1702742400000,42362.0391
1702756800000,42278.7773
1702771200000,41922.7305
1702785600000,41897.3164
1702800000000,41957.1719
1702814400000,41797.9492
1702828800000,42092.793
1702843200000,41354.9648
1702857600000,41068.7109
1702872000000,41125.4688
1702886400000,41105.6602
1702900800000,41260.3125
1702915200000,41716.1367
1702929600000,42674.7305
1702944000000,43104.3633
1702958400000,43055.5977
1702972800000,43006.2227
1702987200000,42509.4492
1703001600000,42355.875
1703016000000,42294.875
1703030400000,42444.2852
1703044800000,42938.1328
1703059200000,42886.1328
1703073600000,44064.7383
1703088000000,43765.2188
1703102400000,43697.7773
1703116800000,43691.3945
1703131200000,43801.0312
1703145600000,43980.125
1703160000000,43849.3711
1703174400000,43632.5117
1703188800000,43907.5547
1703203200000,44056.7266
1703217600000,43644.8555
1703232000000,43799.2617
1703246400000,43697.8867
1703260800000,43699.9492
1703275200000,44045.0703
1703289600000,43588.6641
1703304000000,43606.1016
1703318400000,43596.1719
1703332800000,43796.9453
1703347200000,43740.4023
1703361600000,43736.3633
1703376000000,43881.0898
1703390400000,43692.6055
1703404800000,43690.0977
1703419200000,43734.1211
1703433600000,43677.1914
1703448000000,43042.3945
1703462400000,43193.5469
1703476800000,43252.1445
1703491200000,43211.6562
1703505600000,43671.5977
1703520000000,43499.2227
1703534400000,43617.2344
1703548800000,43493.8203
1703563200000,42803.957
1703577600000,42712.625
1703592000000,42427.4297
1703606400000,42138.168
1703620800000,42551.3086
1703635200000,42265.2539
1703649600000,42498.6797
1703664000000,43070.5312
1703678400000,43013.6602
1703692800000,43189.2969
1703707200000,43467.5938
1703721600000,43471.3008
1703736000000,43092.8164
1703750400000,43131.9141
1703764800000,42496.4414
1703779200000,42657.3711
1703793600000,42623.2305
1703808000000,42746.457
1703822400000,42341.7578
1703836800000,42934.3633
1703851200000,42327.6445
1703865600000,42150.4062
1703880000000,42093.8672
1703894400000,42015.6367
1703908800000,41987.1172
1703923200000,41910.7109
1703937600000,42397.9141
1703952000000,42387.3555
1703966400000,42177.0781
1703980800000,42210.3945
1703995200000,42554.2461
1704009600000,42540.2852
1704024000000,42476.8672
1704038400000,42629.0078
1704052800000,42303.4258
1704067200000,42369.0898
1704081600000,42550.3516
1704096000000,42721.2812
1704110400000,42818.6445
1704124800000,43575.2695
1704139200000,44243.25
1704153600000,45461.3867
1704168000000,45573.2891
1704182400000,45523.2266
1704196800000,45259.9219
1704211200000,45097.6172
1704225600000,45018.7734
1704240000000,45332.1797
1704254400000,45057.8984
1704268800000,43747.4727
1704283200000,43012.1133
1704297600000,42617.4141
1704312000000,42856.8516
1704326400000,43123.0156
1704340800000,42776.5
1704355200000,43214.3086
1704369600000,44076.1055
1704384000000,43973.4297
1704398400000,44143.0938
1704412800000,43490.1016
1704427200000,43795.7578
1704441600000,43781.3164
1704456000000,43514.9961
1704470400000,43606.6484
1704484800000,44158.168
1704499200000,43945.5703
1704513600000,43673.9492
1704528000000,43665.418
1704542400000,43865.2773
1704556800000,43899.5898
1704571200000,43966.2656
1704585600000,43932.7461
1704600000000,44085.6797
1704614400000,44065.0859
1704628800000,44046.5234
1704643200000,44245.207
1704657600000,43926.0898
1704672000000,43513.1562
1704686400000,43958.3164
1704700800000,44633.0195
1704715200000,44969.207
1704729600000,47003.7617
1704744000000,46966.2461
1704758400000,46926.0898
1704772800000,46834.4141
1704787200000,46625.8359
1704801600000,46859.6172
1704816000000,46881.5586
1704830400000,46122.8555
1704844800000,46127.8516
1704859200000,45772.5391
1704873600000,45530.6484
1704888000000,45568.5117
1704902400000,46503.2422
1704916800000,46674.7422
1704931200000,46508.2031
1704945600000,46119.1406
1704960000000,47077.3555
1704974400000,46795.2461
1704988800000,46692.3711
1705003200000,46353.5586
1705017600000,45995.2266
1705032000000,46020.2031
1705046400000,45959.5234
1705060800000,44473.7891
1705075200000,43440.4688
1705089600000,42757.8242
1705104000000,42590.4258
1705118400000,43084.3281
1705132800000,42607.5703
1705147200000,43127.8555
1705161600000,42751.6016
1705176000000,42827.9688
1705190400000,42669.7695
1705204800000,42983.25
1705219200000,42800.4805
1705233600000,42875.8203
1705248000000,42629.7383
1705262400000,41677.3477
1705276800000,42513.3047
1705291200000,42671.1016
1705305600000,42661.5742
1705320000000,42245.0273
1705334400000,42939.5078
1705348800000,42475.7266
1705363200000,42860.3125
1705377600000,42726.7852
1705392000000,42833.6562
1705406400000,43203.6758
1705420800000,43125.0625
1705435200000,43099.5469
1705449600000,42803.9336
1705464000000,42613.3242
1705478400000,42630.1523
1705492800000,42431.8047
1705507200000,42564.9531
1705521600000,42717.75
1705536000000,42516.8672
1705550400000,42852.8398
1705564800000,42487.1758
1705579200000,42561.4414
1705593600000,40969.9766
1705608000000,41268.4961
1705622400000,40999.0391
1705636800000,41223.1289
1705651200000,41423.6211
1705665600000,40859.9883
1705680000000,41765.8828
1705694400000,41610.7734
1705708800000,41593.3047
1705723200000,41611.4492
1705737600000,41544.2227
1705752000000,41531.2188
1705766400000,41589.9805
1705780800000,41645.4492
1705795200000,41645.8984
1705809600000,41611.3711
1705824000000,41695.6328
1705838400000,41654.3672
1705852800000,41723.2148
1705867200000,41580.6211
1705881600000,41192.9492
1705896000000,41029.6875
1705910400000,40792.332
1705924800000,40751.9297
1705939200000,39777.7422
1705953600000,39515.8125
1705968000000,39959.4297
1705982400000,39743.9727
1705996800000,38802.0273
1706011200000,39165.5977
1706025600000,39096.1484
1706040000000,39862.9922
1706054400000,39571.0273
1706068800000,39928.2461
1706083200000,40179.2148
1706097600000,40017.9023
1706112000000,39771.3828
1706126400000,40061.1094
1706140800000,39984.8281
1706155200000,40091.4531
1706169600000,40145.5117
1706184000000,39762.832
1706198400000,39934.9414
1706212800000,39923.7539
1706227200000,40020.0938
1706241600000,39943.3867
1706256000000,41243.6719
1706270400000,41360.3633
1706284800000,42030.1133
1706299200000,41789.0977
1706313600000,41787.4727
1706328000000,41685.4219
1706342400000,41733.9336
1706356800000,41788.2305
1706371200000,41882.793
1706385600000,42095.2031
1706400000000,42197.043
1706414400000,42361.332
1706428800000,42455.7734
1706443200000,42231.4531
1706457600000,41777.1602
1706472000000,42018.3828
1706486400000,42308.8516
1706500800000,42027.4844
1706515200000,42230.7148
1706529600000,42622.9219
1706544000000,42972.4844
1706558400000,43283.4453
1706572800000,43494.3789
1706587200000,43335.1641
1706601600000,43504.5625
1706616000000,43349.2539
1706630400000,43519.0508
1706644800000,42928.3789
1706659200000,42899.4141
1706673600000,43031.9062
1706688000000,42617.4492
1706702400000,43355.2891
1706716800000,43317.5742
1706731200000,42540.9336
1706745600000,41950.6094
1706760000000,42135.5859
1706774400000,42024.75
1706788800000,42460.6719
1706803200000,43186.9062
1706817600000,43048.6016
1706832000000,42997.2422
1706846400000,43067.0664
1706860800000,43109.8125
1706875200000,43199.7109
1706889600000,43016.9609
1706904000000,43161.4883
1706918400000,43141.9727
1706932800000,43024.1836
1706947200000,42954.2617
1706961600000,43083.9219
1706976000000,43025.6016
1706990400000,42983.957
1707004800000,42984.6797
1707019200000,42801.6406
1707033600000,43031.2344
1707048000000,42896.2383
1707062400000,42591.9023
1707076800000,42545.3203
1707091200000,42660.3789
1707105600000,43019.8086
1707120000000,43166.1133
1707134400000,42583.8398
1707148800000,42711.5859
1707163200000,42648.8633
1707177600000,42793.5664
1707192000000,42825.168
1707206400000,42780.6055
1707220800000,43195.4102
1707235200000,43243.8398
1707249600000,43059.9727
1707264000000,42755.293
1707278400000,42852.8906
1707292800000,42888.1836
1707307200000,43010.1758
1707321600000,43585.0586
1707336000000,44322.0391
1707350400000,44501.3906
1707364800000,44479.3906
1707379200000,44675.5742
1707393600000,45405.3047
1707408000000,45274.625
1707422400000,45275.2227
1707436800000,46018.9258
1707451200000,46180.1172
1707465600000,47153.2539
1707480000000,47150.3828
1707494400000,47520.7422
1707508800000,47144.7578
1707523200000,47392.3086
1707537600000,47173.1992
1707552000000,47199.4883
1707566400000,47360.0586
1707580800000,47541.707
1707595200000,47751.8438
1707609600000,48548.875
1707624000000,48220
1707638400000,48446.9961
1707652800000,48173.0938
1707667200000,48293.0703
1707681600000,48332.4062
1707696000000,48170.2461
1707710400000,48232.8477
1707724800000,47892.793
1707739200000,49929.0312
1707753600000,49535.168
1707768000000,49940.6016
1707782400000,49817.3711
1707796800000,50030.0156
1707811200000,50019.2891
1707825600000,48745.3359
1707840000000,49061.3945
1707854400000,49739.2109
1707868800000,49562.2031
1707883200000,49888.2852
1707897600000,51590.8867
1707912000000,51630.1641
1707926400000,51706.3125
1707940800000,51848.6133
1707955200000,52409.8438
1707969600000,51835.4336
1707984000000,52410.6914
1707998400000,51991.1836
1708012800000,52077.0391
1708027200000,51965.9648
1708041600000,52351.0039
1708056000000,51808.8945
1708070400000,52265.4102
1708084800000,51938.4844
1708099200000,51774.3789
1708113600000,52161.4219
1708128000000,52000.793
1708142400000,51928.4727
1708156800000,51727.3047
1708171200000,51018.3203
1708185600000,51428.6523
1708200000000,51701.4414
1708214400000,51505.0234
1708228800000,51695.2656
1708243200000,51877.0234
1708257600000,51799.125
1708272000000,51779.8438
1708286400000,52167.0469
1708300800000,52042.3359
1708315200000,52419.9336
1708329600000,52365.625
1708344000000,52128.2773
1708358400000,51786.293
1708372800000,51736.2266
1708387200000,51574.7266
1708401600000,51844.2188
1708416000000,52314.0156
1708430400000,51699.6719
1708444800000,52136.2656
1708459200000,52325.5508
1708473600000,52038.9297
1708488000000,51590.0078
1708502400000,50982.2969
1708516800000,51162.1797
1708531200000,51092.0469
1708545600000,51902.1484
1708560000000,51620.5234
1708574400000,51842.9609
1708588800000,51635.0781
1708603200000,51611.0977
1708617600000,51528.7695
1708632000000,51304.375
1708646400000,51121.5195
1708660800000,50952.832
1708675200000,51247.832
1708689600000,50940.3516
1708704000000,51106.3086
1708718400000,50748.3125
1708732800000,50859.9297
1708747200000,51097.043
1708761600000,51156.2812
1708776000000,51138.4961
1708790400000,51604.3438
1708804800000,51597.707
1708819200000,51672.7305
1708833600000,51769.1719
1708848000000,51693.6484
1708862400000,51537.0977
1708876800000,51703.5938
1708891200000,51770.1797
1708905600000,51569.5664
1708920000000,51309.2578
1708934400000,51103.3516
1708948800000,52888.457
1708963200000,54567.9766
1708977600000,54527.4648
1708992000000,55812.2695
1709006400000,56119.2344
1709020800000,56611.5625
1709035200000,56803.5234
1709049600000,57413.3008
1709064000000,57106.7656
1709078400000,56998.9688
1709092800000,58363.0938
1709107200000,59038.5742
1709121600000,61052.8789
1709136000000,61034.8633
1709150400000,62541.75
1709164800000,61649.4414
1709179200000,62763.1484
1709193600000,63036.6328
1709208000000,62834.7656
1709222400000,61718.8633
1709236800000,61267.75
1709251200000,61213.2461
1709265600000,61520.4609
1709280000000,61975.1484
1709294400000,61355.8438
1709308800000,62308.9453
1709323200000,62470.3281
1709337600000,62417.6445
1709352000000,62119.9219
1709366400000,61982.582
1709380800000,61886.7461
1709395200000,62228.6289
1709409600000,62102.1484
1709424000000,62029.6016
1709438400000,61684.0781
1709452800000,61937.4883
1709467200000,62248.4688
1709481600000,62818.4023
1709496000000,63202.7812
1709510400000,63562.3711
1709524800000,64170.1133
1709539200000,65375.8164
1709553600000,66590.3359
1709568000000,67530.6328
1709582400000,68396.6406
1709596800000,68298.1562
1709611200000,66297.2188
1709625600000,66789.1328
1709640000000,66857.6562
1709654400000,61555.1289
1709668800000,63845.5898
1709683200000,63401.2148
1709697600000,66782.7734
1709712000000,67434.375
1709726400000,66550.5
1709740800000,66873.7891
1709755200000,66156.8281
1709769600000,65936.9688
1709784000000,66483.6406
1709798400000,67022.0547
1709812800000,67368.3516
1709827200000,67620.6953
1709841600000,66978.9453
1709856000000,67265.4688
1709870400000,67414.0547
1709884800000,67882.7656
1709899200000,67762.9062
1709913600000,69044.3906
1709928000000,68308.6406
1709942400000,68436.2031
1709956800000,68474.3672
1709971200000,68500.2188
1709985600000,68477.9609
1710000000000,68404.2266
1710014400000,68493.5938
1710028800000,69333.4844
1710043200000,69526.4453
1710057600000,69777.6875
1710072000000,69357.7109
1710086400000,69564.1328
1710100800000,69109.1406
1710115200000,68695.9922
1710129600000,71162.4844
1710144000000,71627.3203
1710158400000,72073.9531
1710172800000,72091.3438
1710187200000,72190.8125
1710201600000,71716.0156
1710216000000,72214.7656
1710230400000,72149.1328
1710244800000,71776.3125
1710259200000,71418.8125
1710273600000,71515.8672
1710288000000,72149.7422
1710302400000,72992.5703
1710316800000,73196.9609
1710331200000,72757.9141
1710345600000,73504.0938
1710360000000,73153.1797
1710374400000,73381.1016
1710388800000,73328.0703
1710403200000,73011.5234
1710417600000,70923.375
1710432000000,69498.2656
1710446400000,71454.3516
1710460800000,68222.3359
1710475200000,68462.3047
1710489600000,67766.2656
1710504000000,68181.5312
1710518400000,69006.9453
1710532800000,69551.2109
1710547200000,69247.9688
1710561600000,69455.1094
1710576000000,68267.8125
1710590400000,68428.0391
1710604800000,66939.375
1710619200000,65315.3086
1710633600000,66581.6641
1710648000000,65639.7109
1710662400000,66955.7266
1710676800000,67957.6484
1710691200000,68539.8047
1710705600000,68384.3281
1710720000000,67967.9844
1710734400000,68215.4141
1710748800000,68251.125
1710763200000,67503.7266
1710777600000,66938.0078
1710792000000,67614.7188
1710806400000,65916.4297
1710820800000,64693.9727
1710835200000,63085.3594
1710849600000,64041.0859
1710864000000,64407.5
1710878400000,61922.793
1710892800000,61850.2109
1710907200000,62956.3516
1710921600000,63377.7773
1710936000000,63621.2812
1710950400000,65819.4062
1710964800000,67875.2109
1710979200000,66655.2812
1710993600000,66995.3125
1711008000000,67064.1641
1711022400000,66596.2109
1711036800000,65272.9141
1711051200000,65522.1211
1711065600000,66019.6875
1711080000000,66217.5781
1711094400000,64261.6641
1711108800000,63906.3438
1711123200000,63909.1406
1711137600000,63832.5273
1711152000000,63612.9062
1711166400000,64638.3555
1711180800000,64684.168
1711195200000,65147.4453
1711209600000,64901.4688
1711224000000,64002.6562
1711238400000,64017.0312
1711252800000,64648.1367
1711267200000,65395.5
1711281600000,65700.9375
1711296000000,65888
1711310400000,67268.6406
1711324800000,67420.5
1711339200000,66894.2266
1711353600000,66881.6641
1711368000000,69877.2734
1711382400000,71073.8125
1711396800000,69935.3594
1711411200000,70490.9141
1711425600000,70577.4219
1711440000000,70750.1406
1711454400000,70321.2891
1711468800000,69516.7734
1711483200000,70063.6797
1711497600000,70439.0781
1711512000000,69791.2344
1711526400000,70319.2109
1711540800000,68894.7891
1711555200000,68663.6875
1711569600000,69523.5078
1711584000000,69311.8906
1711598400000,70430.6484
1711612800000,70697.7422
1711627200000,71324.3984
1711641600000,70849.8516
1711656000000,70866.7188
1711670400000,70515.0156
1711684800000,69889.8672
1711699200000,70234.2031
1711713600000,69244.5312
1711728000000,69774.4219
1711742400000,69934.2812
1711756800000,69884.6719
1711771200000,69945.6484
1711785600000,70287.6719
1711800000000,70106.0859
1711814400000,69983.0938
1711828800000,69679.8047
1711843200000,69978.9141
1711857600000,70385.4297
1711872000000,70454.3359
1711886400000,70463.6719
1711900800000,71153.9375
1711915200000,71399.0312
1711929600000,70664.3672
1711944000000,69670.1953
1711958400000,69554.5938
1711972800000,68272.1875
1711987200000,69723.7422
1712001600000,69738.3984
1712016000000,66728.5781
1712030400000,66496.8359
1712044800000,65638.375
1712059200000,64886.5742
1712073600000,65915.2578
1712088000000,65454.3164
1712102400000,66240.7344
1712116800000,66174.3594
1712131200000,66097.9141
1712145600000,65840.1172
1712160000000,65805.0781
1712174400000,65943.5547
1712188800000,65625.2266
1712203200000,66043.3828
1712217600000,66336.4219
1712232000000,67615.1016
1712246400000,68485.1328
1712260800000,68476.0312
1712275200000,67847.9141
1712289600000,66904.2891
1712304000000,66481.1172
1712318400000,68212.8203
1712332800000,67362.3984
1712347200000,67822.6797
1712361600000,67782.4297
1712376000000,68005.7734
1712390400000,67667.9219
1712404800000,68095.4062
1712419200000,68251.5312
1712433600000,68892.9297
1712448000000,69399.8984
1712462400000,69379.7891
1712476800000,69385.1016
1712491200000,69576.6484
1712505600000,69061.8359
1712520000000,69365.6328
1712534400000,69457.8125
1712548800000,70739.4688
1712563200000,72441.3594
1712577600000,71808.5859
1712592000000,71790.75
1712606400000,71680.4531
1712620800000,71331.0938
1712635200000,70401.7891
1712649600000,70802.5859
1712664000000,69281.5703
1712678400000,69002.875
1712692800000,69120.4219
1712707200000,69188.0859
1712721600000,69346.6016
1712736000000,69096.0312
1712750400000,68636.3359
1712764800000,70050.6016
1712779200000,70625.7734
1712793600000,70844.2109
1712808000000,70742.6797
1712822400000,69992.4688
1712836800000,69983.9297
1712851200000,70455.9453
1712865600000,69983.6875
1712880000000,70989.8359
1712894400000,70792.0859
1712908800000,70886.5234
1712923200000,69304.3984
1712937600000,66823.7812
1712952000000,67131.2422
1712966400000,67148.1406
1712980800000,67442.3984
1712995200000,67342.8203
1713009600000,67678.4375
1713024000000,64780.6953
1713038400000,63972.3008
1713052800000,63464.6992
1713067200000,64478.6758
1713081600000,64192.2266
1713096000000,64172.793
1713110400000,64153.8711
1713124800000,65700.7188
1713139200000,65179.5117
1713153600000,66286.6875
1713168000000,65887.1953
1713182400000,64585.8516
1713196800000,63299.75
1713211200000,63438.7617
1713225600000,62997.8281
1713240000000,63524.9961
1713254400000,63076.4102
1713268800000,61772.9375
1713283200000,62736.9844
1713297600000,63792.2773
1713312000000,63843.1133
1713326400000,63282.6562
1713340800000,62570.2773
1713355200000,60275.9844
1713369600000,60982.168
1713384000000,61255.5859
1713398400000,61962.5664
1713412800000,61164.5547
1713427200000,62584.5117
1713441600000,63496.4766
1713456000000,63479.9766
1713470400000,63472.5938
1713484800000,61775.1445
1713499200000,64553.4453
1713513600000,64871.5391
1713528000000,64441.1094
1713542400000,64298.5156
1713556800000,63806.7148
1713571200000,63945.3164
1713585600000,63955.0625
1713600000000,63696.7461
1713614400000,64817.0039
1713628800000,64870.9336
1713643200000,64936.3281
1713657600000,65185.3438
1713672000000,65130.0781
1713686400000,65226.4961
1713700800000,65023.0352
1713715200000,64531.2578
1713729600000,64936.9805
1713744000000,65701.2422
1713758400000,65987.3047
1713772800000,65890.0938
1713787200000,65993.5234
1713801600000,66511
1713816000000,66819.5781
1713830400000,66425.7734
1713844800000,66113.9766
1713859200000,66041.8438
1713873600000,66406.9297
1713888000000,66453.6953
1713902400000,66406.1328
1713916800000,66614.4922
1713931200000,66610.1406
1713945600000,66560.6875
1713960000000,64569.3477
1713974400000,63919.2734
1713988800000,64243.3477
1714003200000,64241.2578
1714017600000,63971.9648
1714032000000,63821.0078
1714046400000,64102.8398
1714060800000,64703.4062
1714075200000,64446.8086
1714089600000,64358.7656
1714104000000,64243.9102
1714118400000,64221.207
1714132800000,63441.7227
1714147200000,63699.1797
1714161600000,63714.5391
1714176000000,63050.5742
1714190400000,62930.5469
1714204800000,62816.9062
1714219200000,62910.0625
1714233600000,63289.7539
1714248000000,63386.4766
1714262400000,63991.7422
1714276800000,63865.2656
1714291200000,63443.3359
1714305600000,63495.8555
1714320000000,63710.3203
1714334400000,63062.5859
1714348800000,62237.5938
1714363200000,62389.8867
1714377600000,62230.4531
1714392000000,63022.1328
1714406400000,62945.6094
1714420800000,63795.6172
1714435200000,63590.9062
1714449600000,63111.2422
1714464000000,61190.7383
1714478400000,60738.7422
1714492800000,59217.1719
1714507200000,60636.0859
1714521600000,60159.0391
1714536000000,57415.5508
1714550400000,57839.207
1714564800000,56806.957
1714579200000,56866.7773
1714593600000,58229.6172
1714608000000,57358.1602
1714622400000,57600.7812
1714636800000,58520.0195
1714651200000,59237.1523
1714665600000,59337.9961
1714680000000,59028.9336
1714694400000,59702.457
1714708800000,59166.082
1714723200000,59274.8438
1714737600000,61682.0195
1714752000000,62076.5391
1714766400000,62877.7188
1714780800000,62688.8203
1714795200000,62972.4766
1714809600000,63872.3594
1714824000000,63611.0781
1714838400000,63910.0625
1714852800000,63877.3281
1714867200000,63227.4219
1714881600000,63744.4844
1714896000000,63860.207
1714910400000,64429.0625
1714924800000,63863.0312
1714939200000,64003.4727
1714953600000,63844.3594
1714968000000,64532.9531
1714982400000,64215.1914
1714996800000,63627.4258
1715011200000,63194.375
1715025600000,63131.5547
1715040000000,63193.6758
1715054400000,63656.8086
1715068800000,63454.7852
1715083200000,63702.793
1715097600000,63037.0781
1715112000000,62303.8828
1715126400000,62875.3867
1715140800000,62187.9844
1715155200000,62207.9727
1715169600000,62245.5117
1715184000000,62150.5742
1715198400000,61135.082
1715212800000,61623.0156
1715227200000,61210.1992
1715241600000,61016.6758
1715256000000,62142.2969
1715270400000,62435.0703
1715284800000,63038.1289
1715299200000,62874.6836
1715313600000,63053.5156
1715328000000,63265.4844
1715342400000,60897.293
1715356800000,60658.1758
1715371200000,60767.4023
1715385600000,60691.2422
1715400000000,60983.8789
1715414400000,60650.9336
1715428800000,61138.7227
1715443200000,61109.7383
1715457600000,60786.8164
1715472000000,60887.5312
1715486400000,60771.7695
1715500800000,61099.7109
1715515200000,61379.5547
1715529600000,61371.7656
1715544000000,61426.8047
1715558400000,61114.4648
1715572800000,62300.8477
1715587200000,62698.5
1715601600000,62971.1602
1715616000000,63145.332
1715630400000,62906.4414
1715644800000,62434.543
1715659200000,61979.6055
1715673600000,61752.8164
1715688000000,61729.9727
1715702400000,61550.4648
1715716800000,61526.2891
1715731200000,61912.0781
1715745600000,62159.9727
1715760000000,62432.875
1715774400000,64696.6797
1715788800000,66022.9219
1715803200000,66207.7344
1715817600000,65990.4688
1715832000000,66147.9922
1715846400000,66527.2031
1715860800000,65832.6328
1715875200000,65162.6914
1715889600000,65226.0547
1715904000000,65575.5
1715918400000,66402.1406
1715932800000,66224.9297
1715947200000,67195.5781
1715961600000,67047.1484
1715976000000,67016.6016
1715990400000,66946.4766
1716004800000,66869.25
1716019200000,67192.4766
1716033600000,66805.3984
1716048000000,66904.3281
1716062400000,66896.5312
1716076800000,67134.6953
1716091200000,67323.9609
1716105600000,67320.4375
1716120000000,66895.3594
1716134400000,66016.1016
1716148800000,66253.7422
1716163200000,66651.6094
1716177600000,66803.8438
1716192000000,66990.6016
1716206400000,67414.1875
1716220800000,70066.5156
1716235200000,71460.7656
1716249600000,71287.6484
1716264000000,70906.7344
1716278400000,71159.7656
1716292800000,69887.8047
1716307200000,69291.5156
1716321600000,70187.8047
1716336000000,69994.6406
1716350400000,69745.2031
1716364800000,69766.1719
1716379200000,70481.3203
1716393600000,69665.9609
1716408000000,69190.2266
1716422400000,69462.9688
1716436800000,69742.5234
1716451200000,70006.7266
1716465600000,68077.4609
1716480000000,67185.1484
1716494400000,67995.8438
1716508800000,67883.4062
1716523200000,67165.625
1716537600000,67357.0234
1716552000000,68330.0781
1716566400000,69133.6797
1716580800000,68578.3359
1716595200000,68790.6562
1716609600000,68768.8125
1716624000000,69131.8203
1716638400000,68975.1641
1716652800000,69205.0703
1716667200000,69324.5859
1716681600000,69117.8047
1716696000000,69364.1953
1716710400000,69151.1719
1716724800000,68864.4609
1716739200000,68899
1716753600000,68505.0859
1716768000000,68900.8359
1716782400000,68664.2344
1716796800000,68440.6797
1716811200000,70387.2266
1716825600000,69269.1641
1716840000000,69435.5547
1716854400000,68062.0312
1716868800000,67680.0469
1716883200000,68372.2031
1716897600000,68358.0312
1716912000000,68420.6328
1716926400000,68385.4531
1716940800000,68821.7109
1716955200000,67905.6875
1716969600000,67741.4688
1716984000000,67388.4922
1716998400000,67252.4766
1717012800000,67603.9062
1717027200000,68106.0234
1717041600000,67579.6016
1717056000000,67786.6406
1717070400000,68544.5234
1717084800000,68692.7422
1717099200000,68373.3828
1717113600000,68520.1562
1717128000000,68171.1562
1717142400000,68333.6406
1717156800000,67188.25
1717171200000,67620.2344
1717185600000,67502.0703
1717200000000,67697.2188
1717214400000,67603.4219
1717228800000,67659.3984
1717243200000,67675.5078
1717257600000,67747.9219
1717272000000,67753.1094
1717286400000,67767.6094
1717300800000,67692.7422
1717315200000,68252.1562
1717329600000,68149.7266
1717344000000,67743.2578
1717358400000,67760.7891
1717372800000,68418.3672
1717387200000,68915.75
1717401600000,69122.6719
1717416000000,69655.0938
1717430400000,69251.4141
1717444800000,68842.9219
1717459200000,69202.7656
1717473600000,69035.4453
1717488000000,68970.375
1717502400000,70489.9141
1717516800000,70487.6719
1717531200000,70583.1719
1717545600000,71006.3984
1717560000000,71252.4062
1717574400000,71004.4375
1717588800000,71628.0391
1717603200000,71343.4688
1717617600000,71143.125
1717632000000,71113.0703
1717646400000,71083.7812
1717660800000,71227.3828
1717675200000,71344.875
1717689600000,70506.0547
1717704000000,70820.8906
1717718400000,71036.0234
1717732800000,71124.8906
1717747200000,71730.1797
1717761600000,71126.75
1717776000000,69266.8281
1717790400000,69354.3359
1717804800000,69434.1797
1717819200000,69588.3281
1717833600000,69413.625
1717848000000,69445.2891
1717862400000,69489.1875
1717876800000,69340.1875
1717891200000,69289.4922
1717905600000,69343.8984
1717920000000,69419.9844
1717934400000,69534.1797
1717948800000,69740.3516
1717963200000,69680.0703
1717977600000,69639.4141
1717992000000,69346.5
1718006400000,69514.6406
1718020800000,70071.9453
1718035200000,69510.7109
1718049600000,69528.1875
1718064000000,68451.0625
1718078400000,67562.9297
1718092800000,66872.7734
1718107200000,66245.8047
1718121600000,67404.8594
1718136000000,67339.7344
1718150400000,67418.4844
1718164800000,67470.1328
1718179200000,67774.7578
1718193600000,69736.3516
1718208000000,67557.0938
1718222400000,68249.7969
1718236800000,67476.4531
1718251200000,67730.3125
1718265600000,67739.8281
1718280000000,66481.6562
1718294400000,66591.9531
1718308800000,66769.5
1718323200000,66732.3125
1718337600000,66902.5938
1718352000000,67011.2422
1718366400000,66379.5703
1718380800000,65510.7031
1718395200000,66001.9688
1718409600000,66217.9062
1718424000000,66006.7188
1718438400000,66268.4297
1718452800000,66263.6094
1718467200000,66107.5625
1718481600000,66162.2031
1718496000000,66077.4297
1718510400000,66198.0156
1718524800000,66424.7578
1718539200000,66638.6328
1718553600000,66478.25
1718568000000,66610.1406
1718582400000,66152.2344
1718596800000,66100.8203
1718611200000,65758.0781
1718625600000,65327.6719
1718640000000,66629.0312
1718654400000,66474.375
1718668800000,65473.4844
1718683200000,65650.3125
1718697600000,65347.5977
1718712000000,64660.3008
1718726400000,64389.5078
1718740800000,65107.4648
1718755200000,65357.9727
1718769600000,65288.582
1718784000000,65169.6758
1718798400000,64896.8242
1718812800000,64859.2422
1718827200000,64951.9688
1718841600000,65176.6641
1718856000000,65831.9531
1718870400000,66177.6953
1718884800000,64811.1562
1718899200000,65029.5117
1718913600000,64862.1602
1718928000000,64467.2812
1718942400000,64114.4219
1718956800000,63722.3672
1718971200000,63714.8242
1718985600000,64230.7188
1719000000000,64120.1094
1719014400000,64295.8438
1719028800000,64488.2539
1719043200000,64253.2344
1719057600000,64288.3281
1719072000000,64284.6523
1719086400000,64255.4727
1719100800000,64424.7109
1719115200000,64389.3555
1719129600000,64327.0391
1719144000000,64079.6133
1719158400000,64115.2109
1719172800000,63150.4805
1719187200000,62806.7461
1719201600000,62407.4258
1719216000000,61264.3438
1719230400000,60812.5078
1719244800000,59299.5039
1719259200000,60231.8828
1719273600000,61252.7227
1719288000000,60622.332
1719302400000,61153.8438
1719316800000,61759.7148
1719331200000,61937.1836
1719345600000,61769.6875
1719360000000,61888.0391
1719374400000,61689.0156
1719388800000,61432.7617
1719403200000,61461.5078
1719417600000,60946.2852
1719432000000,60816.4648
1719446400000,60984.375
1719460800000,60750.7109
1719475200000,61143.2617
1719489600000,61511.5352
1719504000000,61406.2695
1719518400000,61638.5117
1719532800000,61778.8906
1719547200000,61281.3164
1719561600000,61627.3438
1719576000000,60985.4648
1719590400000,60005.1484
1719604800000,60322.2812
1719619200000,60657.9297
1719633600000,60980.3203
1719648000000,61026.4062
1719662400000,61026.6836
1719676800000,60975.5273
1719691200000,60903.9492
1719705600000,60828.2344
1719720000000,61440.8711
1719734400000,61465.0117
1719748800000,61641
1719763200000,61978.8906
1719777600000,62702.1992
1719792000000,63363.8047
1719806400000,63211.3867
1719820800000,62617.9688
1719835200000,63079.8203
1719849600000,63193.2305
1719864000000,62848.9883
1719878400000,63062.125
1719892800000,62573.5312
1719907200000,62764.8516
1719921600000,61874.25
1719936000000,61870.6484
1719950400000,62052.0859
1719964800000,60879.8086
1719979200000,60802.9961
1719993600000,60343.7969
1720008000000,60099.8438
1720022400000,59605.1914
1720036800000,60127.3125
1720051200000,59040.9492
1720065600000,58179.2383
1720080000000,57711.6367
1720094400000,58063.5625
1720108800000,58224.6016
1720123200000,57011.2539
1720137600000,55169.0156
1720152000000,54390.2461
1720166400000,55465.1445
1720180800000,56642.2656
1720195200000,56431.9531
1720209600000,56605.8438
1720224000000,56414.6523
1720238400000,56606.3359
1720252800000,56726.9258
1720267200000,57300.5312
1720281600000,57841.6797
1720296000000,58203.6445
1720310400000,57947.3672
1720324800000,57356.6094
1720339200000,57461.6953
1720353600000,56818.4961
1720368000000,57130.7031
1720382400000,55860.9922
1720396800000,55148.6953
1720411200000,55849.6094
1720425600000,57143.5117
1720440000000,55722.832
1720454400000,56463.8008
1720468800000,56709.9102
1720483200000,57153.5625
1720497600000,57091.2383
1720512000000,57424.5234
1720526400000,57463.3398
1720540800000,57852.8516
1720555200000,58015.1992
1720569600000,58179.9102
1720584000000,58979.1016
1720598400000,58474.9492
1720612800000,57671.9297
1720627200000,57370.332
1720641600000,57720.4609
1720656000000,57535.8242
1720670400000,58182.9844
1720684800000,58756.5938
1720699200000,57374.5977
1720713600000,57371.7188
1720728000000,57319.1172
1720742400000,56898.1289
1720756800000,57095.0508
1720771200000,57200.1094
1720785600000,58183.4844
1720800000000,57578.7109
1720814400000,57880.7539
1720828800000,57808.1016
1720843200000,58155.5195
1720857600000,58545.8086
1720872000000,58831.4023
1720886400000,58613.5977
1720900800000,59230.5859
1720915200000,59492.1953
1720929600000,60072.7266
1720944000000,60123.1211
1720958400000,60093.3359
1720972800000,59917.332
1720987200000,60768.5938
1721001600000,62657.7578
1721016000000,62860.7383
1721030400000,62466.6602
1721044800000,63041.125
1721059200000,63381.9375
1721073600000,64751.9805
1721088000000,64760.2109
1721102400000,62938.1367
1721116800000,63779.3164
1721131200000,64895.4727
1721145600000,65188.625
1721160000000,65051.2266
1721174400000,65723.7969
1721188800000,65256.5312
1721203200000,64721.6445
1721217600000,64735.4062
1721232000000,64579.4688
1721246400000,64077.9219
1721260800000,64853.0078
1721275200000,64654.1328
1721289600000,64724.0195
1721304000000,63516.8281
1721318400000,63531.7031
1721332800000,63969.3086
1721347200000,64312.1523
1721361600000,63689.9297
1721376000000,64087.0195
1721390400000,65818.0312
1721404800000,67177.9609
1721419200000,66666.7891
1721433600000,66624.1797
1721448000000,66592.1094
1721462400000,66506.9844
1721476800000,66839.2891
1721491200000,67240.5234
1721505600000,67135.6406
1721520000000,67199.5938
1721534400000,66690.1328
1721548800000,66887.8359
1721563200000,67175.3359
1721577600000,67438.9062
1721592000000,68191.9219
1721606400000,67899.7266
1721620800000,67260.1562
1721635200000,67530.4609
1721649600000,67081.8359
1721664000000,68222
1721678400000,67535.7734
1721692800000,67480.375
1721707200000,66598.3125
1721721600000,66677.9375
1721736000000,66592.5156
1721750400000,65550.6328
1721764800000,65955.6641
1721779200000,66065.6016
1721793600000,66082.4375
1721808000000,66388.6719
1721822400000,66179.625
1721836800000,65665.1484
1721851200000,65358.4023
1721865600000,64078.0039
1721880000000,64118.8828
1721894400000,64103.6055
1721908800000,64788.2656
1721923200000,64707.6211
1721937600000,65801.1094
1721952000000,67035.3516
1721966400000,66895.5625
1721980800000,67306.6875
1721995200000,67540.5859
1722009600000,67979.7969
1722024000000,67909.4141
1722038400000,67802.7969
1722052800000,68066.0781
1722067200000,68252.3984
1722081600000,68928.6172
1722096000000,68311.2031
1722110400000,67896.6094
1722124800000,67942.3672
1722139200000,67532.3359
1722153600000,67833.9766
1722168000000,67664.7109
1722182400000,68134.4062
1722196800000,68270.4062
1722211200000,69403.6719
1722225600000,69552.2344
1722240000000,69599.0078
1722254400000,68087.1328
1722268800000,67290.5
1722283200000,66776.7734
1722297600000,66615.6094
1722312000000,66966.4297
1722326400000,66586.1641
1722340800000,66229.1328
1722355200000,65909.4375
1722369600000,66195.5078
1722384000000,66034.5703
1722398400000,66194.2656
1722412800000,66096.0547
1722427200000,66355.1328
1722441600000,65266.5
1722456000000,64613.0195
1722470400000,63886.7734
1722484800000,64296.9023
1722499200000,64649.8164
1722513600000,62832.0352
1722528000000,63374.8984
1722542400000,65301.8594
1722556800000,64537.7539
1722571200000,64083.2383
1722585600000,64596.9297
1722600000000,63331.1055
1722614400000,62557.9102
1722628800000,61383.9453
1722643200000,61807.4297
1722657600000,61587.1562
1722672000000,61862.5664
1722686400000,60833.3984
1722700800000,60184.8672
1722715200000,60674.7891
1722729600000,60679.4492
1722744000000,60322.1914
1722758400000,60866.9453
1722772800000,59013.8477
1722787200000,59194.8828
1722801600000,58125.0781
1722816000000,53861.1641
1722830400000,52647.2031
1722844800000,51336.5625
1722859200000,54327.6445
1722873600000,53467.6719
1722888000000,54009.2812
1722902400000,55659.3008
1722916800000,56036.6992
1722931200000,55229.8242
1722945600000,56390.1133
1722960000000,56757.6367
1722974400000,56028.1758
1722988800000,56868.6133
1723003200000,56935.0195
1723017600000,56974.6523
1723032000000,56089.5156
1723046400000,54740.6875
1723060800000,55131.5664
1723075200000,57058.4258
1723089600000,57184.168
1723104000000,57316.6562
1723118400000,59440.8633
1723132800000,59421.5742
1723147200000,61666.9219
1723161600000,61358.7305
1723176000000,60854.582
1723190400000,60657.2852
1723204800000,59799.2383
1723219200000,60675.2383
1723233600000,60845.1719
1723248000000,60435.9453
1723262400000,60854.4805
1723276800000,60931.582
1723291200000,60521.1875
1723305600000,61020.9805
1723320000000,60906.3555
1723334400000,61069.1992
1723348800000,61237.6914
1723363200000,60664.4141
1723377600000,60128.4844
1723392000000,59626.9102
1723406400000,58710.2617
1723420800000,58485.3867
1723435200000,58661.7852
1723449600000,59839.1445
1723464000000,60215.4453
1723478400000,59022.9609
1723492800000,59342.0664
1723507200000,59042.4648
1723521600000,59232.9609
1723536000000,58816.5586
1723550400000,59460.8672
1723564800000,60822.0977
1723579200000,60575.7891
1723593600000,60956.6523
1723608000000,60917.5
1723622400000,61280.6875
1723636800000,59433.7891
1723651200000,58917.1484
1723665600000,58677.8047
1723680000000,58407.4023
1723694400000,58034.1172
1723708800000,58739.3164
1723723200000,59653.2383
1723737600000,57004.5117
1723752000000,57510.3164
1723766400000,57874.6562
1723780800000,58447.543
1723795200000,58397.1875
1723809600000,58054.0547
1723824000000,59658.1055
1723838400000,58880.9609
1723852800000,59159.3281
1723867200000,59239.293
1723881600000,59129.5742
1723896000000,59359.5977
1723910400000,59443.0625
1723924800000,59481.7461
1723939200000,59310.1953
1723953600000,59551.7578
1723968000000,59999.2422
1723982400000,59829.8086
1723996800000,59686.3945
1724011200000,58396.5078
1724025600000,58736.4766
1724040000000,58497.6016
1724054400000,58367.9102
1724068800000,58528.375
1724083200000,58943.4453
1724097600000,59428.1992
1724112000000,60618.4062
1724126400000,60935.1211
1724140800000,60519.4492
1724155200000,58815.7383
1724169600000,59505.2695
1724184000000,58999.9844
1724198400000,59303.2969
1724212800000,59714.957
1724227200000,59348.7383
1724241600000,59507.5703
1724256000000,61567.0078
1724270400000,61138.7109
1724284800000,60542.543
1724299200000,61000.2109
1724313600000,61333.5195
1724328000000,60410.3086
1724342400000,60292.9102
1724356800000,60378.8203
1724371200000,60572.6406
1724385600000,61041.3359
1724400000000,60699.4844
1724414400000,61514.6836
1724428800000,63603.9805
1724443200000,64057.4727
1724457600000,63854.8125
1724472000000,64321.9531
1724486400000,63927.6953
1724500800000,63982.5156
1724515200000,64207.7656
1724529600000,64179.668
1724544000000,64100.043
1724558400000,63863.7852
1724572800000,63873.668
1724587200000,64142.293
1724601600000,64198.7695
1724616000000,64227.2266
1724630400000,64107.9023
1724644800000,63615.3203
1724659200000,63866.1328
1724673600000,63552.918
1724688000000,63339.0195
1724702400000,62824.2578
1724716800000,62968.8125
1724731200000,62889.7266
1724745600000,62417.4766
1724760000000,61736.6094
1724774400000,62117.6523
1724788800000,59385.7578
1724803200000,59626.3281
1724817600000,58596.8086
1724832000000,59932.9062
1724846400000,59000.6055
1724860800000,58887.4297
1724875200000,59007.6484
1724889600000,59139.4023
1724904000000,59566.4531
1724918400000,60015.5
1724932800000,60762.957
1724947200000,59244.707
1724961600000,59330.2812
1724976000000,59017.7891
1724990400000,59256.1602
1725004800000,59385.5078
1725019200000,58071.3203
1725033600000,58675.3047
1725048000000,59095.0703
1725062400000,59203.4062
1725076800000,59070.3906
1725091200000,59087.9492
1725105600000,58998.457
1725120000000,58849.0391
1725134400000,58954.207
1725148800000,58504.6602
1725163200000,58476.8594
1725177600000,58225.8906
1725192000000,58208.2656
1725206400000,58478.4531
1725220800000,57278.7656
1725235200000,57727.3672
1725249600000,57523.5859
1725264000000,58399.8828
1725278400000,58538.293
1725292800000,58416.6758
1725307200000,59119.6484
1725321600000,59085.7109
1725336000000,59080.3672
1725350400000,59042.7852
1725364800000,57697.8281
1725379200000,58008.6602
1725393600000,57450.4102
1725408000000,56623.4883
1725422400000,56735.2109
1725436800000,56548.6914
1725451200000,58102.2852
1725465600000,58021.4219
1725480000000,57933.7734
1725494400000,57102.5391
1725508800000,57143.6914
1725523200000,56689.5117
1725537600000,55921.4805
1725552000000,56038.1875
1725566400000,56154.1797
1725580800000,56552.1211
1725595200000,55752.8594
1725609600000,55971.5
1725624000000,53990.3867
1725638400000,53465.2383
1725652800000,53934.4609
1725667200000,53779.7969
1725681600000,54272.9805
1725696000000,54308.4492
1725710400000,54758.7266
1725724800000,54402.6289
1725739200000,54125.3008
1725753600000,54377.4102
1725768000000,54416.5195
1725782400000,54540.4844
1725796800000,53655.918
1725811200000,54320.1719
1725825600000,54857.4531
1725840000000,55090.2148
1725854400000,54943.0312
1725868800000,55258.7422
1725883200000,55364.6133
1725897600000,57084.4922
1725912000000,57012.2266
1725926400000,56493.7773
1725940800000,57203.9727
1725955200000,57207.7148
1725969600000,56556.625
1725984000000,57932.8555
1725998400000,57631.7812
1726012800000,56782.5
1726027200000,56692.0234
1726041600000,56788.375
1726056000000,56678.332
1726070400000,57567.5117
1726084800000,57322.5039
1726099200000,58216.3359
1726113600000,58140.668
1726128000000,58038.25
1726142400000,57484.9336
1726156800000,58376.1992
1726171200000,58116.1836
1726185600000,57825.7617
1726200000000,58096.1016
1726214400000,57859.0508
1726228800000,59648.5234
1726243200000,59728.0391
1726257600000,60519.543
1726272000000,60329.832
1726286400000,60139.6328
1726300800000,59713.8164
1726315200000,59864.8359
1726329600000,59807.3711
1726344000000,59991.4844
1726358400000,60159.4141
1726372800000,60181.6562
1726387200000,60001.8906
1726401600000,60339.8945
1726416000000,59864.5586
1726430400000,59112.5234
1726444800000,58556.6133
1726459200000,58885.3945
1726473600000,58646.3398
1726488000000,57842.3164
1726502400000,57914.6562
1726516800000,58186.4062
1726531200000,58031.6602
1726545600000,58675.6094
1726560000000,59064.9062
1726574400000,61127.8828
1726588800000,59953.1211
1726603200000,60299.6797
1726617600000,60492.8945
1726632000000,60413.6992
1726646400000,59818.0859
1726660800000,59408.0469
1726675200000,60038.8164
1726689600000,61745.9492
1726704000000,62101.8203
1726718400000,62092.3594
1726732800000,62645.1602
1726747200000,63132.9961
1726761600000,63241.3125
1726776000000,62954.6719
1726790400000,63721.7031
1726804800000,63512.1055
1726819200000,63441.3438
1726833600000,63118.707
1726848000000,62806.082
1726862400000,63215.4531
1726876800000,62874.9805
1726891200000,63059.9297
1726905600000,63076.7617
1726920000000,63151.3398
1726934400000,63185.1797
1726948800000,63335.8047
1726963200000,63101.6328
1726977600000,62921.5781
1726992000000,62764.7344
1727006400000,62638.6875
1727020800000,63139.4883
1727035200000,63551.4531
1727049600000,64324.8828
1727064000000,63517.8164
1727078400000,63409.543
1727092800000,63600.4648
1727107200000,63277.6914
1727121600000,63306.1602
1727136000000,63099.1055
1727150400000,63527.7695
1727164800000,63446.7344
1727179200000,63119.7891
1727193600000,64290.1445
1727208000000,64251.4453
1727222400000,64449.4688
1727236800000,63824.3438
1727251200000,63820.1914
1727265600000,63485.5859
1727280000000,63168.5508
1727294400000,63116.7305
1727308800000,63482.4062
1727323200000,63828.4648
1727337600000,64374.5352
1727352000000,65211.8906
1727366400000,64698.3398
1727380800000,65164.9453
1727395200000,65360.6094
1727409600000,65472.1602
1727424000000,65443.4336
1727438400000,65982.1094
1727452800000,65642.5156
1727467200000,65760.0703
1727481600000,66065.0781
1727496000000,65814.6953
1727510400000,65792.1172
1727524800000,65612.3203
1727539200000,65716.7109
1727553600000,65846.1562
1727568000000,65791.0312
1727582400000,65456.8203
1727596800000,65690.8125
1727611200000,65730.8281
1727625600000,65938.5547
1727640000000,65593.0938
1727654400000,64554.3438
1727668800000,64548.707
1727683200000,63826.4297
1727697600000,63532.6211
1727712000000,63450.3164
1727726400000,63282.9453
1727740800000,63680.9297
1727755200000,64013.543
1727769600000,63711.6289
1727784000000,62590.3398
1727798400000,61706.6484
1727812800000,60774.9336
1727827200000,61705.2422
1727841600000,61701.1055
1727856000000,61123.8008
1727870400000,61854.9062
1727884800000,60163.1484
1727899200000,60608.2617
1727913600000,61438.0586
1727928000000,60877.2656
1727942400000,60722.9023
1727956800000,60611.4141
1727971200000,61019.2148
1727985600000,60721.5391
1728000000000,60930.6797
1728014400000,61414.9492
1728028800000,61420.3438
1728043200000,61846.7109
1728057600000,62331.332
1728072000000,62062.1484
1728086400000,61840.0938
1728100800000,62046.8125
1728115200000,62148.6875
1728129600000,62131.0938
1728144000000,61822.8203
1728158400000,62025.8945
1728172800000,61846.4961
1728187200000,61921.6016
1728201600000,62072.2344
1728216000000,62688.8086
1728230400000,62597.5312
1728244800000,62796.4492
1728259200000,63492.5977
1728273600000,63504.1484
1728288000000,63117.8008
1728302400000,63624.3906
1728316800000,63340.7773
1728331200000,62175.6836
1728345600000,62595.8164
1728360000000,62274.4883
1728374400000,62581.0898
1728388800000,62228.6367
1728403200000,62194.2227
1728417600000,62097.0938
1728432000000,62331.0039
1728446400000,62221.8086
1728460800000,62138.7969
1728475200000,62256.2031
1728489600000,60960.0195
1728504000000,60564.6406
1728518400000,60792.1172
1728532800000,60807.793
1728547200000,61169.1562
1728561600000,60699.0859
1728576000000,59644.0859
1728590400000,60254.2578
1728604800000,60532.3242
1728619200000,60606.625
1728633600000,61112.8086
1728648000000,62219.6406
1728662400000,63053.0742
1728676800000,62489.7031
1728691200000,62519.8633
1728705600000,62718.2461
1728720000000,62894.0234
1728734400000,63119.0352
1728748800000,62963.1289
1728763200000,63158.043
1728777600000,62678.4922
1728792000000,62809.4844
1728806400000,62521.125
1728820800000,62173.4922
1728835200000,62700.6289
1728849600000,62826.6094
1728864000000,64271.7578
1728878400000,64577.4375
1728892800000,64856.8164
1728907200000,65857.8125
1728921600000,65895.8359
1728936000000,66072.0938
1728950400000,65379.6641
1728964800000,65634.2266
1728979200000,65393.4766
1728993600000,65981.8125
1729008000000,66950.7109
1729022400000,67071.0469
1729036800000,67085.7109
1729051200000,66942.9766
1729065600000,67868.6953
1729080000000,67734.8281
1729094400000,67699.3203
1729108800000,67579.8828
1729123200000,67555.3984
1729137600000,67252.3125
1729152000000,66840.6797
1729166400000,67566.2188
1729180800000,66804.2344
1729195200000,67387.3047
1729209600000,67513.3516
1729224000000,67929.2969
1729238400000,67679.7969
1729252800000,68729.8906
1729267200000,68588.9219
1729281600000,68410.1172
1729296000000,68441.25
1729310400000,68336.1406
1729324800000,68056.6562
1729339200000,68210.7812
1729353600000,68167.0156
1729368000000,68371.125
1729382400000,68186.0234
1729396800000,68363.7188
1729411200000,68425.1484
1729425600000,68622.5156
1729440000000,68495.3984
1729454400000,69030.3359
1729468800000,68933.1172
1729483200000,68488.875
1729497600000,68238.4297
1729512000000,67324.5312
1729526400000,67760.1719
1729540800000,67352.7969
1729555200000,67360.5391
1729569600000,67349.4141
1729584000000,67257.3438
1729598400000,67244.9453
1729612800000,67457.75
1729627200000,67395.6875
1729641600000,67036.7188
1729656000000,66796.8203
1729670400000,66370.5156
1729684800000,66173.0547
1729699200000,66416.5312
1729713600000,66618.8125
1729728000000,67171.8047
1729742400000,67075.3047
1729756800000,67252.6719
1729771200000,67648.3047
1729785600000,68258.125
1729800000000,68172.4609
1729814400000,67974.7969
1729828800000,67502.3359
1729843200000,68088.6094
1729857600000,67680.8203
1729872000000,66752.7422
1729886400000,66589.9844
1729900800000,66812.2656
1729915200000,66933.0234
1729929600000,67066.9688
1729944000000,66810.8594
1729958400000,67103.0938
1729972800000,67018.0078
1729987200000,67189.7734
1730001600000,67104.9453
1730016000000,67031.9297
1730030400000,67722.6406
1730044800000,67757.125
1730059200000,67951.5234
1730073600000,67646.7422
1730088000000,68355.7578
1730102400000,68720.4375
1730116800000,68429.7891
1730131200000,69594.4141
1730145600000,69933.3281
1730160000000,70906.2109
1730174400000,70988.5938
1730188800000,71431.1406
1730203200000,72389.6328
1730217600000,72513.6172
1730232000000,72744
1730246400000,72232.1797
1730260800000,72234.8047
1730275200000,71987.2812
1730289600000,72062.5781
1730304000000,71831.2812
1730318400000,72357.4297
1730332800000,72350.6172
1730347200000,72399.3125
1730361600000,72218.4922
1730376000000,70612.2734
1730390400000,70054
1730404800000,70239.2891
1730419200000,69295.8828
1730433600000,69202.4766
1730448000000,69967.9766
1730462400000,69374.5469
1730476800000,69239.6562
1730491200000,69477.4688
1730505600000,69575.6406
1730520000000,69788.0625
1730534400000,69579.0312
1730548800000,69364.5391
1730563200000,69484.8047
1730577600000,69345.6172
1730592000000,68349.2188
1730606400000,68343.2266
1730620800000,68326.3125
1730635200000,68065.2266
1730649600000,68653.8594
1730664000000,68738.9375
1730678400000,68991.1406
1730692800000,68543.5078
1730707200000,68726.5547
1730721600000,68596.6328
1730736000000,67797.5
1730750400000,67791.3516
1730764800000,68180.9766
1730779200000,68844.8281
1730793600000,68776.5547
1730808000000,69582.6797
1730822400000,68937.2578
1730836800000,69334.25
1730851200000,74372.6719
1730865600000,73428.7344
1730880000000,74332.1172
1730894400000,74344.9844
1730908800000,75893.7578
1730923200000,75640.7812
1730937600000,75101.6562
1730952000000,74829.6953
1730966400000,74794.1406
1730980800000,76135.2734
1730995200000,76582.6484
1731009600000,75904.8594
1731024000000,75953.8047
1731038400000,76258.8672
1731052800000,76013.2734
1731067200000,76495.6719
1731081600000,76975.4375
1731096000000,76522.625
1731110400000,76356.7891
1731124800000,76561.5781
1731139200000,76515.8281
1731153600000,76324.4922
1731168000000,76228.6719
1731182400000,76687.0781
1731196800000,77238.8828
1731211200000,78858.2422
1731225600000,79985.5469
1731240000000,79785.2812
1731254400000,79837.0156
1731268800000,80470.9922
1731283200000,81718.2031
1731297600000,81233.9688
1731312000000,82244.7188
1731326400000,84207.4688
1731340800000,86318.7578
1731355200000,88849.3359
1731369600000,88283.5312
1731384000000,89199.6797
1731398400000,87324.0547
1731412800000,86729.8125
1731427200000,88872.2266
1731441600000,88054.6484
1731456000000,87269.8672
1731470400000,87503.6016
1731484800000,87819.375
1731499200000,92786.8984
1731513600000,90309.1953
1731528000000,90523.3281
1731542400000,90074.1016
1731556800000,90916.3828
1731571200000,91607.5312
1731585600000,87984.5703
1731600000000,89527.9062
1731614400000,87353.1406
1731628800000,88260.1797
1731643200000,87711.5234
1731657600000,89808.5
1731672000000,88465.1797
1731686400000,90411.5625
1731700800000,91101.8281
1731715200000,91334.7578
1731729600000,91227.4453
1731744000000,91263.9219
1731758400000,90602.0078
1731772800000,91224.7578
1731787200000,90669.0859
1731801600000,90350.6406
1731816000000,90593.9688
1731830400000,90772.9531
1731844800000,90337.2188
1731859200000,90126.8672
1731873600000,89910.9688
1731888000000,90746.4688
1731902400000,91802.1719
1731916800000,90374.3594
1731931200000,92458.5547
1731945600000,90747.5859
1731960000000,90594.2344
1731974400000,91556.1094
1731988800000,91754.2656
1732003200000,91786.0156
1732017600000,92537.7422
1732032000000,93382.4766
1732046400000,92481.2031
1732060800000,92204.1719
1732075200000,93000.6094
1732089600000,93613.1484
1732104000000,94875.2031
1732118400000,94130.7734
1732132800000,94395.7344
1732147200000,95959.4609
1732161600000,97055.9609
1732176000000,98065.4531
1732190400000,96766.2578
1732204800000,97979.6719
1732219200000,98519.5391
1732233600000,99019.5234
1732248000000,99394.8125
1732262400000,99043.0469
1732276800000,98822.9688
1732291200000,99235.8516
1732305600000,99024.0859
1732320000000,98829.5781
1732334400000,98723.2891
1732348800000,98571.6797
1732363200000,98638.5859
1732377600000,97670.9453
1732392000000,97822.75
1732406400000,98381.8203
1732420800000,98576.8281
1732435200000,97442.1172
1732449600000,96048
1732464000000,96457.4688
1732478400000,98071.9688
1732492800000,98070.6172
1732507200000,98234.7188
1732521600000,98382.9531
1732536000000,96081.5703
1732550400000,94735.2812
1732564800000,93043.9688
1732579200000,94554.5
1732593600000,93820.4219
1732608000000,92399.4688
1732622400000,92857.4844
1732636800000,91757.7344
1732651200000,91951.8906
1732665600000,92639.9062
1732680000000,93630.0547
1732694400000,93412.7188
1732708800000,95670.5781
1732723200000,96772.4844
1732737600000,95983.8906
1732752000000,95589.4375
1732766400000,95413.5625
1732780800000,95563.6328
1732795200000,95100.8047
1732809600000,95215.3359
1732824000000,95732.1719
1732838400000,96684.3828
1732852800000,95730.8828
1732867200000,97348.4297
1732881600000,98208.8906
1732896000000,97480.4531
1732910400000,97573.1875
1732924800000,96748.2891
1732939200000,96906.6719
1732953600000,96366.8125
1732968000000,96762.0781
1732982400000,97133.6953
1732996800000,96547.3828
1733011200000,96436.7969
1733025600000,96605.0859
1733040000000,97245.125
1733054400000,97163.6016
1733068800000,97286.6875
1733083200000,97348.3125
1733097600000,96614.0938
1733112000000,96123.0391
1733126400000,95199.125
1733140800000,97174.2578
1733155200000,95903.9922
1733169600000,95929.4844
1733184000000,96179.3516
1733198400000,95636.4766
1733212800000,95084.5391
1733227200000,95791.9531
1733241600000,95546.8828
1733256000000,96000.8438
1733270400000,95920.125
1733284800000,96748.3203
1733299200000,96361.7656
1733313600000,95926.0781
1733328000000,97422.3594
1733342400000,98817.8047
1733356800000,103206.734
1733371200000,102411.859
1733385600000,102810.695
1733400000000,101486.773
1733414400000,99192.6875
1733428800000,97117.4609
1733443200000,97857.0781
1733457600000,98294.0625
1733472000000,98180.2422
1733486400000,99470.0703
1733500800000,101671.391
1733515200000,99942.5391
1733529600000,99496.6406
1733544000000,99630.6953
1733558400000,99826.1719
1733572800000,99910.0156
1733587200000,100261.219
1733601600000,100019.852
1733616000000,100099.844
1733630400000,99818.8125
1733644800000,99847.3594
1733659200000,100056.109
1733673600000,100279.195
1733688000000,101285.578
1733702400000,99246.9922
1733716800000,99695.125
1733731200000,98151.7344
1733745600000,97814.1484
1733760000000,97088.4062
1733774400000,97397.8359
1733788800000,97014.9141
1733803200000,97237.4297
1733817600000,97821.7969
1733832000000,95731.7344
1733846400000,95926.3125
1733860800000,96673.0078
1733875200000,97465.5
1733889600000,97379.5547
1733904000000,98388.7656
1733918400000,100477.781
1733932800000,101238.25
1733947200000,101203.672
1733961600000,101139.328
1733976000000,100565.477
1733990400000,100433.195
1734004800000,101888.977
1734019200000,99522.6328
1734033600000,100056.57
1734048000000,99784.0938
1734062400000,100159.594
1734076800000,100399.492
1734091200000,99890.0078
1734105600000,101480.18
1734120000000,101461.594
1734134400000,102149.664
1734148800000,101882.18
1734163200000,101636.688
1734177600000,101662.609
1734192000000,101358.25
1734206400000,101436.047
1734220800000,101722.523
1734235200000,101723.281
1734249600000,102663.133
1734264000000,102726.594
1734278400000,103302.094
1734292800000,104531.133
1734307200000,104597.164
1734321600000,105017.617
1734336000000,103791.812
1734350400000,106406.586
1734364800000,106681.859
1734379200000,106144.336
1734393600000,106943.773
1734408000000,106895.672
1734422400000,106869.336
1734436800000,106513.773
1734451200000,106539.602
1734465600000,106174.18
1734480000000,104765.352
1734494400000,104281.961
1734508800000,105046.766
1734523200000,104436.875
1734537600000,102788.305
1734552000000,100163.594
1734566400000,101147.305
1734580800000,101620.914
1734595200000,102425.719
1734609600000,100624.398
1734624000000,97131.3047
1734638400000,97373.8359
1734652800000,97019.875
1734667200000,97712.6094
1734681600000,92611.3125
1734696000000,96920.125
1734710400000,97036.7578
1734724800000,97727.7031
1734739200000,97404.3906
1734753600000,98944.3125
1734768000000,98206.2344
1734782400000,97448.6484
1734796800000,97187.0859
1734811200000,97187.9141
1734825600000,96898.0312
1734840000000,96108.5781
1734854400000,97023.2031
1734868800000,95272.6484
1734883200000,94703.875
1734897600000,95083.1406
1734912000000,95904.1094
1734926400000,95293.7578
1734940800000,95822.5156
1734955200000,93102.5
1734969600000,92907
1734984000000,94762
1734998400000,94242.3359
1735012800000,94079.8438
1735027200000,94260.4062
1735041600000,98230.8047
1735056000000,97517.0312
1735070400000,98604.6953
1735084800000,97924.6641
1735099200000,98004.6797
1735113600000,97812.5781
1735128000000,98440.4141
1735142400000,98925.9219
1735156800000,99358.125
1735171200000,98904.6875
1735185600000,97626.3359
1735200000000,95579.5234
1735214400000,95928.1875
1735228800000,95986.5312
1735243200000,95643.3281
1735257600000,96325.1875
1735272000000,94971.1172
1735286400000,96843.7578
1735300800000,94446.7656
1735315200000,94604.7031
1735329600000,94162.5938
1735344000000,94423.3281
1735358400000,94192.8438
1735372800000,94590.6484
1735387200000,94260.5312
1735401600000,94845.1641
1735416000000,95130.3438
1735430400000,95008.5938
1735444800000,95103.9922
1735459200000,94851.4766
1735473600000,94324.7344
1735488000000,93406.9219
1735502400000,93549.5938
1735516800000,93529.1719
1735531200000,93535.1484
1735545600000,93762.3359
1735560000000,91920.3906
1735574400000,94300.9844
1735588800000,92611.1406
1735603200000,92345.3906
1735617600000,92720.0781
1735632000000,94109.0859
1735646400000,95294.9531
1735660800000,94021.6953
1735675200000,93372.6328
1735689600000,93646.9766
1735704000000,93491.7109
1735718400000,93268.1406
1735732800000,94262.7969
1735747200000,94470.7031
1735761600000,94410.9688
1735776000000,94859.9375
1735790400000,95729.8125
1735804800000,96666.3047
1735819200000,96390.7812
1735833600000,97266.5078
1735848000000,96920.75
1735862400000,97000.9766
1735876800000,96243.0938
1735891200000,96696.4609
1735905600000,97475.8359
1735920000000,98557.9688
1735934400000,98141.8281
1735948800000,98165.5469
1735963200000,98248.9141
1735977600000,97875.9141
1735992000000,97657.5781
1736006400000,98162.75
1736020800000,98202.5938
1736035200000,98159.6094
1736049600000,98242.3906
1736064000000,97612.6328
1736078400000,98001.0547
1736092800000,98033.6484
1736107200000,98329.75
1736121600000,99003.7031
1736136000000,99291.7109
1736150400000,99237.6719
1736164800000,102141.094
1736179200000,101823.273
1736193600000,102252.078
1736208000000,101707.031
1736222400000,101667.555
1736236800000,100841.195
1736251200000,97903.1484
1736265600000,96397.6094
1736280000000,96923.875
1736294400000,96493.1172
1736308800000,95576.1875
1736323200000,95064.3594
1736337600000,95432.9375
1736352000000,94199.2344
1736366400000,95018.8203
1736380800000,93940.9297
1736395200000,93127.8125
1736409600000,93386.5391
1736424000000,94194.0078
1736438400000,91848.6641
1736452800000,92505.9453
1736467200000,93659.6172
1736481600000,94451.7891
1736496000000,95051.1484
1736510400000,93686.0156
1736524800000,95291.9453
1736539200000,94678.6875
1736553600000,94161.5781
1736568000000,94183.9297
1736582400000,94559
1736596800000,94333.6797
1736611200000,94164.9766
1736625600000,94532.8984
1736640000000,94554.5156
1736654400000,94257.3047
1736668800000,94181.6562
1736683200000,95001.3828
1736697600000,94576.2188
1736712000000,94473.2969
1736726400000,94211.6797
1736740800000,93491.25
1736755200000,90740.4375
1736769600000,92073.8438
1736784000000,92245.0234
1736798400000,94475.1641
1736812800000,94813.6875
1736827200000,94806.5547
1736841600000,96494.1328
1736856000000,96419.7812
1736870400000,96472.6953
1736884800000,96479.5625
1736899200000,97244.2969
1736913600000,97244.375
1736928000000,96701.75
1736942400000,98950.8359
1736956800000,99822.9297
1736971200000,100481.438
1736985600000,99416.9609
1737000000000,99767.4609
1737014400000,99139.4922
1737028800000,99271.3281
1737043200000,100382.836
1737057600000,99948.4453
1737072000000,101031.328
1737086400000,101424.789
1737100800000,102220.938
1737115200000,104012.688
1737129600000,105877.398
1737144000000,104100.93
1737158400000,103571.453
1737172800000,102772.102
1737187200000,103534.617
1737201600000,104525.68
1737216000000,104327.133
1737230400000,104466.781
1737244800000,104914.266
1737259200000,105078.211
1737273600000,104227.758
1737288000000,104856.453
1737302400000,106166.195
1737316800000,101295.398
1737331200000,101868.461
1737345600000,107094.055
1737360000000,108201.203
1737374400000,104857
1737388800000,103639.938
1737403200000,102189.422
1737417600000,102869.219
1737432000000,101882.969
1737446400000,103706.078
1737460800000,103896.523
1737475200000,107037.188
1737489600000,106156.75
1737504000000,105603.977
1737518400000,105068.516
1737532800000,105110.078
1737547200000,104176.039
1737561600000,104604.531
1737576000000,103650.141
1737590400000,102371.953
1737604800000,102637.57
1737619200000,101889.789
1737633600000,105233.219
1737648000000,103771.109
1737662400000,103878.711
1737676800000,103847.492
1737691200000,105011.133
1737705600000,105398.336
1737720000000,105852.805
1737734400000,105772.211
1737748800000,104816.031
1737763200000,105156.086
1737777600000,104349.648
1737792000000,104620.352
1737806400000,104838.969
1737820800000,104987.055
1737835200000,104687.484
1737849600000,105014.75
1737864000000,104939.625
1737878400000,104765.953
1737892800000,104926.188
1737907200000,105046.781
1737921600000,102510.133
1737936000000,101325.984
1737950400000,98952.5625
1737964800000,98686.5781
1737979200000,101089.445
1737993600000,99620.1094
1738008000000,102014.938
1738022400000,102584.836
1738036800000,102752.625
1738051200000,102710.141
1738065600000,102724.328
1738080000000,102363.07
1738094400000,101261.539
1738108800000,101971.367
1738123200000,102669.227
1738137600000,102528.922
1738152000000,101908.586
1738166400000,103534.125
1738180800000,103712.656
1738195200000,105192.719
1738209600000,105117.938
1738224000000,105302.445
1738238400000,105547.578
1738252800000,105677.742
1738267200000,104695.664
1738281600000,104279.844
1738296000000,104164.266
1738310400000,104709.578
1738324800000,105415.016
1738339200000,102243.391
1738353600000,102366.18
1738368000000,102170.672
1738382400000,102090.172
1738396800000,101975.078
1738411200000,102029.664
1738425600000,101640.234
1738440000000,100582.703
1738454400000,99144.125
1738468800000,99565.8516
1738483200000,98795.1094
1738497600000,99293.5234
1738512000000,98204.9141
1738526400000,97634.6094
1738540800000,94036.1484
1738555200000,95350.0938
1738569600000,95119.6641
1738584000000,98919.8125
1738598400000,101976.328
1738612800000,101366.344
1738627200000,100666.25
1738641600000,98483.6875
1738656000000,99014.8906
1738670400000,99385.1719
1738684800000,98875.0156
1738699200000,97735.7891
1738713600000,98056.7812
1738728000000,97850.9609
1738742400000,98215.25
1738756800000,98109.3203
1738771200000,97348.5391
1738785600000,96573.4844
1738800000000,97334.5312
1738814400000,98185.7109
1738828800000,98869.7578
1738843200000,97307.6953
1738857600000,95969.1016
1738872000000,96528.7344
1738886400000,97423.7188
1738900800000,96726.0703
1738915200000,97732.4453
1738929600000,98279.0625
1738944000000,96879.0547
1738958400000,96468.0938
1738972800000,96677.0312
1738987200000,96164.3438
1739001600000,96077.4531
1739016000000,95785.7031
1739030400000,96532.0469
1739044800000,96437.5859
1739059200000,97287.0391
1739073600000,97027.9844
1739088000000,96548.6875
1739102400000,96473.4688
1739116800000,96044.7812
1739131200000,96453.4531
1739145600000,96777.0625
1739160000000,97397.4141
1739174400000,97645.3594
1739188800000,97204.6719
1739203200000,97355.6875
1739217600000,97418.5625
1739232000000,97600.5391
1739246400000,98234.875
1739260800000,98112.4062
1739275200000,96978
1739289600000,94997.7578
1739304000000,95739.0156
1739318400000,95242.7031
1739332800000,96016.625
1739347200000,96048.9062
1739361600000,95767.1406
1739376000000,97167.3906
1739390400000,97832.7344
1739404800000,97467.5078
1739419200000,96029.4062
1739433600000,95901.8594
1739448000000,95964.3906
1739462400000,95606.7578
1739476800000,96582.3047
1739491200000,97117.3594
1739505600000,96913.6406
1739520000000,96848.0312
1739534400000,96883.0391
1739548800000,97923.3125
1739563200000,97467.3594
1739577600000,97638.5625
1739592000000,97335.1719
1739606400000,97595.8438
1739620800000,97610.1797
1739635200000,97492.2188
1739649600000,97554.6641
1739664000000,97517.3281
1739678400000,97212.5547
1739692800000,97295.4453
1739707200000,96881.7891
1739721600000,97038.1016
1739736000000,96082.8594
1739750400000,96182.4766
1739764800000,96052.4453
1739779200000,96042
1739793600000,95629.125
1739808000000,95506.5938
1739822400000,95758.2969
1739836800000,96166.6797
1739851200000,95409.6875
1739865600000,95583.1953
1739880000000,95500.3438
1739894400000,94022.9766
1739908800000,95575.7734
1739923200000,95650.3047
1739937600000,95631.8516
1739952000000,96386.1484
1739966400000,95891.25
1739980800000,96163.9375
1739995200000,96609.4141
1740009600000,97035.4609
1740024000000,96864.2969
1740038400000,97182.6797
1740052800000,96869.8281
1740067200000,98409.3516
1740081600000,98298.0469
1740096000000,98150.4766
1740110400000,98170.8594
1740124800000,98615.5078
1740139200000,98086.9766
1740153600000,95290.7734
1740168000000,96229.0312
1740182400000,96367.7344
1740196800000,96350.9922
1740211200000,96639.0078
1740225600000,96660.2734
1740240000000,96662.2422
1740254400000,96580.6719
1740268800000,96464.0547
1740283200000,96544.2969
1740297600000,96159.2344
1740312000000,95487.6875
1740326400000,95808.7734
1740340800000,96318.3828
1740355200000,95477.8047
1740369600000,95901.125
1740384000000,95877.4219
1740398400000,94370.0703
1740412800000,93996.0938
1740427200000,91554.6641
1740441600000,92183.9375
1740456000000,89308.8594
1740470400000,89254.2578
1740484800000,87203.8984
1740499200000,87909.1094
1740513600000,88622.9453
1740528000000,88829.6953
1740542400000,88677.5469
1740556800000,88577.2812
1740571200000,87490.7891
1740585600000,83787.5625
1740600000000,84153.6484
1740614400000,85157.9609
1740628800000,86193.5312
1740643200000,86612.5703
1740657600000,85462.8047
1740672000000,84030.5
1740686400000,84669.0625
1740700800000,80352.8438
1740715200000,79087.2734
1740729600000,80412.3594
1740744000000,83977.4219
1740758400000,84400.8516
1740772800000,84265.0859
1740787200000,85256.5156
1740801600000,84643.0703
1740816000000,84547.0469
1740830400000,84717.4609
1740844800000,85386.4688
1740859200000,85977.0938
1740873600000,85762.1016
1740888000000,86170.4297
1740902400000,86015.9375
1740916800000,87360.7656
1740931200000,93491.0625
1740945600000,94228.9062
1740960000000,92662.5312
1740974400000,92316.2891
1740988800000,92685.9219
1741003200000,89981.1641
1741017600000,85453.2734
1741032000000,86115.4062
1741046400000,83911.5547
1741060800000,83079.0234
1741075200000,83871.8203
1741089600000,82875.4297
1741104000000,88149.1016
1741118400000,87202.2188
1741132800000,86775.8438
1741147200000,87543.4688
1741161600000,89782.9766
1741176000000,88273.4922
1741190400000,89683.0625
1741204800000,90547.1641
1741219200000,91553.5859
1741233600000,91289.9375
1741248000000,91287.0703
1741262400000,90773.3984
1741276800000,88496.5703
1741291200000,89881.7578
1741305600000,86902.8828
1741320000000,88311.6172
1741334400000,88920.875
1741348800000,88398.6328
1741363200000,87753.5625
1741377600000,86720.0781
1741392000000,85851.8594
1741406400000,86127.4062
1741420800000,85888.1719
1741435200000,86317.8203
1741449600000,86158.3359
1741464000000,86163.0938
1741478400000,86070.2891
1741492800000,85929.7969
1741507200000,84966.5469
1741521600000,83013.5078
1741536000000,82542.7656
1741550400000,80685.5469
1741564800000,81989.0781
1741579200000,82248.6953
1741593600000,83524.0625
1741608000000,79961.1406
1741622400000,78979.2812
1741636800000,78540.1875
1741651200000,79467.5
1741665600000,80362.4609
1741680000000,81657.8438
1741694400000,81145.8594
1741708800000,83057.7734
1741723200000,82872.7969
1741737600000,82050.2188
1741752000000,82355.25
1741766400000,82951.2266
1741780800000,81648.3828
1741795200000,82867.6406
1741809600000,83616.5156
1741824000000,83528.5312
1741838400000,83107.7891
1741852800000,82896.0391
1741867200000,80977.4375
1741881600000,80119.7812
1741896000000,81042.9688
1741910400000,81836.2422
1741924800000,82116.8594
1741939200000,83224.2891
1741953600000,84684.0938
1741968000000,84526.375
1741982400000,83946.7109
1741996800000,84451.5469
1742011200000,83804.3828
1742025600000,84067.1406
1742040000000,84294.1719
1742054400000,84247.8672
1742068800000,84314.8359
1742083200000,84287.6406
1742097600000,84229.8906
1742112000000,82364.2109
1742126400000,83274.4062
1742140800000,83060.4609
1742155200000,82519.6406
1742169600000,83634.3672
1742184000000,83489.1562
1742198400000,83465.4219
1742212800000,83476.5156
1742227200000,84425.7656
1742241600000,83953.8516
1742256000000,83096.9375
1742270400000,83125.0469
1742284800000,82540.8281
1742299200000,81554.6562
1742313600000,82252.875
1742328000000,82658.7031
1742342400000,82978.4766
1742356800000,83148.2266
1742371200000,83837.2656
1742385600000,84698.3438
1742400000000,85415.5312
1742414400000,86815.4141
1742428800000,85873.8438
1742443200000,85784.1641
1742457600000,85443.8359
1742472000000,84637.0078
1742486400000,84098.8203
1742500800000,84141.8828
1742515200000,84360.4531
1742529600000,83852.0859
1742544000000,83970.3906
1742558400000,83488.1875
1742572800000,83882
1742587200000,84027.7109
1742601600000,84176.1016
1742616000000,84205.4453
1742630400000,84172.7266
1742644800000,84045.0391
1742659200000,84125.25
1742673600000,83795.875
1742688000000,84179.9844
1742702400000,84232.6719
1742716800000,84644.0391
1742731200000,85130.9453
1742745600000,84963.0547
1742760000000,86034.5156
1742774400000,86492.8516
1742788800000,86850.2578
1742803200000,87655.2891
1742817600000,88300.6484
1742832000000,88202.2656
1742846400000,87482.5078
1742860800000,86491.4453
1742875200000,86422.7109
1742889600000,87357.4609
1742904000000,87742.3672
1742918400000,88088.4297
1742932800000,87404.4219
1742947200000,87144.0547
1742961600000,88125.5
1742976000000,87957.6484
1742990400000,86704.0156
1743004800000,86526.0234
1743019200000,86881.0547
1743033600000,87647.5078
1743048000000,87368.4375
1743062400000,86921.6797
1743076800000,86928.3516
1743091200000,87020.9375
1743105600000,87177.6094
1743120000000,86741.9688
1743134400000,85140.7188
1743148800000,85194.4766
1743163200000,83973.2031
1743177600000,83720.4844
1743192000000,84346.8516
1743206400000,84089.4375
1743220800000,83661.2109
1743235200000,82212.1953
1743249600000,82345.7969
1743264000000,82700.875
1743278400000,82580.0781
1743292800000,83032
1743307200000,83011.8125
1743321600000,83044.5078
1743336000000,82670.7031
1743350400000,82490.9297
1743364800000,82340.3594
1743379200000,81476.7578
1743393600000,81892.1641
1743408000000,82170.2578
1743422400000,83367.3281
1743436800000,82400.8516
1743451200000,82498.0703
1743465600000,82926.2578
1743480000000,83419.1953
1743494400000,83886.0938
1743508800000,85239.9297
1743523200000,84925.0938
1743537600000,85121.7969
1743552000000,84521.2422
1743566400000,84388.8047
1743580800000,84526.8594
1743595200000,86713.3594
1743609600000,86866.375
1743624000000,82463.6797
1743638400000,83436.9375
1743652800000,83425.1719
1743667200000,83046.9531
1743681600000,81973.9688
1743696000000,81922.6172
1743710400000,83135.5781
1743724800000,82746.5781
1743739200000,83962.1328
1743753600000,82624.2734
1743768000000,82785.1016
1743782400000,83948.5859
1743796800000,83819.1484
1743811200000,83565.7656
1743825600000,83455.1562
1743840000000,83403.9375
1743854400000,82555.7656
1743868800000,82795.6328
1743883200000,83461.5312
1743897600000,83262.4766
1743912000000,82951.6484
1743926400000,82771.6328
1743940800000,82489.625
1743955200000,79545.6562
1743969600000,78329.0938
1743984000000,77635.3125
1743998400000,75031.75
1744012800000,76618.4922
1744027200000,78400.7109
1744041600000,78025.9688
1744056000000,79091.6328
1744070400000,79834.5078
1744084800000,79436.4297
1744099200000,79934.0469
1744113600000,78430.3828
1744128000000,76773.6953
1744142400000,76236.75
1744156800000,74967.6953
1744171200000,77613.5781
1744185600000,76160.0469
1744200000000,77173.7109
1744214400000,82263.4688
1744228800000,82555.1797
1744243200000,81707.8516
1744257600000,81538.8125
1744272000000,81808.2812
1744286400000,78678.25
1744300800000,79566.1406
1744315200000,79522.4375
1744329600000,80762.5312
1744344000000,81183.8203
1744358400000,82054.7109
1744372800000,82430.7344
1744387200000,83793.375
1744401600000,83343
1744416000000,82904.1094
1744430400000,83656.1094
1744444800000,83462.0625
1744459200000,84946.1094
1744473600000,84881.5
1744488000000,85226.2422
1744502400000,85366.2109
1744516800000,84371.3984
1744531200000,84469.7266
1744545600000,83786.8672
1744560000000,83933.1406
1744574400000,83692.8438
1744588800000,84503.1953
1744603200000,84529.6719
1744617600000,84877.6484
1744632000000,84057.6797
1744646400000,84858.3906
1744660800000,84539.2656
1744675200000,85340.3906
1744689600000,85706.4688
1744704000000,85544.8594
1744718400000,84879.8047
1744732800000,83957.0781
1744747200000,83612.5547
1744761600000,83649.625
1744776000000,83318.6094
1744790400000,84000.2266
1744804800000,84802.5547
1744819200000,84292.0625
1744833600000,84003.2266
1744848000000,83963.9688
1744862400000,84639.1172
1744876800000,84513.4766
1744891200000,84488.1562
1744905600000,84804.625
1744920000000,84910.625
1744934400000,84797.0391
1744948800000,84614.5469
1744963200000,84630.9609
1744977600000,84323.5859
1744992000000,84511.3125
1745006400000,84416.8203
1745020800000,84830.5625
1745035200000,85172.3281
1745049600000,85187.3203
1745064000000,85133.4375
1745078400000,85047.6562
1745092800000,85028.8984
1745107200000,85116.0703
1745121600000,84741.75
1745136000000,84083
1745150400000,84318.7344
1745164800000,84606.3047
1745179200000,85136.4531
1745193600000,87155.7734
1745208000000,87400.5781
1745222400000,86944.5
1745236800000,88036.2656
1745251200000,87382.4531
1745265600000,87469.4609
1745280000000,88138.5469
1745294400000,88450.1641
1745308800000,88586.2031
1745323200000,90943.3672
1745337600000,91425.8594
1745352000000,93458.5156
1745366400000,93147.8203
1745380800000,94113.1172
1745395200000,93458.5625
1745409600000,93174.2969
1745424000000,93470.1328
1745438400000,93684.4453
1745452800000,92639.4297
1745467200000,92183.2266
1745481600000,92583.7578
1745496000000,93203.2891
1745510400000,93541.125
1745524800000,93982.1484
1745539200000,93300.9219
1745553600000,93782.5625
1745568000000,94620.8203
1745582400000,95108.5078
1745596800000,95321.4531
1745611200000,94676.1797
1745625600000,94758.1484
1745640000000,94573.4922
1745654400000,94147.8125
1745668800000,94384.4844
1745683200000,94310.6328
1745697600000,94611.2812
1745712000000,94168.6797
1745726400000,94049.3359
1745740800000,93904.5703
1745755200000,93899.1328
1745769600000,94418.9141
1745784000000,93723.5234
1745798400000,93837.2734
1745812800000,94692.0625
1745827200000,95321.8828
1745841600000,93824.9062
1745856000000,94773.9062
1745870400000,94979.5625
1745884800000,94630.5234
1745899200000,94899.8828
1745913600000,95123.3984
1745928000000,94828.75
1745942400000,95283.0859
1745956800000,94240.9453
1745971200000,95009.9766
1745985600000,94606.1797
1746000000000,95158.0781
1746014400000,93988.75
1746028800000,94119.2812
1746043200000,94136.0625
1746057600000,94739.7734
1746072000000,94996.0938
1746086400000,96148.2109
1746100800000,96869.1953
1746115200000,96510.5391
1746129600000,96474.1797
1746144000000,97100.0625
1746158400000,96357.7188
1746172800000,96935.5234
1746187200000,97312.5781
1746201600000,96913.6562
1746216000000,96880.6406
1746230400000,96328.8516
1746244800000,96316.6875
1746259200000,95931.1328
1746273600000,96388.0859
1746288000000,96336.2188
1746302400000,95855.8594
1746316800000,95696.1406
1746331200000,95846.8906
1746345600000,95367.9688
1746360000000,95426.6797
1746374400000,95545.4219
1746388800000,94245.9062
1746403200000,94020.6094
1746417600000,94728.5859
1746432000000,94011.6875
1746446400000,93721.1016
1746460800000,94292.0234
1746475200000,94687.4297
1746489600000,94396.4609
1746504000000,94345.3359
1746518400000,93771.9141
1746532800000,94506.7344
1746547200000,94919.4844
1746561600000,96778.3438
1746576000000,96453.8125
1746590400000,96939.4219
1746604800000,96988.0547
1746619200000,96907.3828
1746633600000,96136.4453
1746648000000,97006.875
1746662400000,99098.5234
1746676800000,99217.4062
1746691200000,99389.4453
1746705600000,100730.016
1746720000000,101264.25
1746734400000,103227.641
1746748800000,102416.68
1746763200000,103606.938
1746777600000,102908.914
1746792000000,102854.328
1746806400000,103151.586
1746820800000,102936.422
1746835200000,103192.102
1746849600000,103705.828
1746864000000,103399.969
1746878400000,103115.227
1746892800000,103144.055
1746907200000,104770.289
1746921600000,103976.43
1746936000000,103374.258
1746950400000,104630.414
1746964800000,104121.383
1746979200000,104439.25
1746993600000,104116.773
1747008000000,104118
1747022400000,104474.664
1747036800000,103735.164
1747051200000,102484.438
1747065600000,101822.898
1747080000000,102776.234
1747094400000,101704.742
1747108800000,102623.125
1747123200000,103698.305
1747137600000,103668.781
1747152000000,104787.836
1747166400000,104099.828
1747180800000,103531.594
1747195200000,103678.023
1747209600000,103922.445
1747224000000,103480.281
1747238400000,103295.633
1747252800000,103483.172
1747267200000,102718.703
1747281600000,101769.82
1747296000000,102364.234
1747310400000,103235.211
1747324800000,103118.234
1747339200000,103747.555
1747353600000,104001.297
1747368000000,103683.641
1747382400000,103648.594
1747396800000,104160.461
1747411200000,104017.672
1747425600000,103449.242
1747440000000,103477.391
1747454400000,103419.555
1747468800000,102978.25
1747483200000,102943.516
1747497600000,103154.25
1747512000000,103117.812
1747526400000,103271.766
1747540800000,103898.82
1747555200000,103784.648
1747569600000,105486.281
1747584000000,103889.602
1747598400000,106448.367
1747612800000,103579.695
1747627200000,103219.844
1747641600000,102943.953
1747656000000,104770.547
1747670400000,105499.875
1747684800000,105561.078
1747699200000,105728.344
1747713600000,105013.867
1747728000000,105197.062
1747742400000,105322.078
1747756800000,107030.539
1747771200000,106832.562
1747785600000,106841.055
1747800000000,106510.625
1747814400000,106540.234
1747828800000,108997.242
1747843200000,108623.547
1747857600000,109640.578
1747872000000,111758.25
1747886400000,111038.664
1747900800000,110958.07
1747915200000,111277.695
1747929600000,111167.547
1747944000000,111687.32
1747958400000,111077.414
1747972800000,110723.336
1747987200000,109071.07
1748001600000,108934.633
1748016000000,108704.703
1748030400000,107295.117
1748044800000,108337.742
1748059200000,107587.93
1748073600000,109178.633
1748088000000,108932.578
1748102400000,108947.914
1748116800000,107756.375
1748131200000,108106.609
1748145600000,107648.211
1748160000000,107255.297
1748174400000,106971.797
1748188800000,107706.07
1748203200000,108992.797
1748217600000,109633.016
1748232000000,110109.055
1748246400000,109776.32
1748260800000,109991.875
1748275200000,109134.383
1748289600000,109443.07
1748304000000,108890.617
1748318400000,109513.227
1748332800000,109586.852
1748347200000,110135.43
1748361600000,109873.398
1748376000000,108946.297
1748390400000,108893.055
1748404800000,108827.438
1748419200000,108881.922
1748433600000,107115.688
1748448000000,106923.867
1748462400000,107772.945
1748476800000,108036.594
1748491200000,107863.438
1748505600000,108761.438
1748520000000,107001.742
1748534400000,105693.969
1748548800000,105531.461
1748563200000,105998.352
1748577600000,105028.609
1748592000000,105864.922
1748606400000,105507.719
1748620800000,104599.219
1748635200000,103997.953
1748649600000,103658.133
1748664000000,103751.617
1748678400000,103494.492
1748692800000,104553.414
1748707200000,104707.188
1748721600000,104614.211
1748736000000,104374.43
1748750400000,104282.789
1748764800000,104087.508
1748779200000,104706.523
1748793600000,105123.055
1748808000000,105635.406
1748822400000,104826.5
1748836800000,105384.047
1748851200000,104043.797
1748865600000,104438.227
1748880000000,104422.016
1748894400000,105855.312
1748908800000,105505.219
1748923200000,105187.297
1748937600000,105318.508
1748952000000,106617.711
1748966400000,106247.219
1748980800000,105412.031
1748995200000,105544.445
1749009600000,105330.32
1749024000000,105125.18
1749038400000,105280.461
1749052800000,104919.172
1749067200000,104694.344
1749081600000,105032.836
1749096000000,104533.109
1749110400000,104834.727
1749124800000,104542.102
1749139200000,101876.531
1749153600000,101514.117
1749168000000,102517.703
1749182400000,103147.922
1749196800000,103943.977
1749211200000,105100.711
1749225600000,104229.664
1749240000000,104323.375
1749254400000,104901.383
1749268800000,104902.805
1749283200000,105155.57
1749297600000,105566.664
1749312000000,105722.266
1749326400000,105577.383
1749340800000,105492.344
1749355200000,105428.352
1749369600000,105695.266
1749384000000,105971.531
1749398400000,106281.695
1749412800000,105740.477
1749427200000,105649.273
1749441600000,105578.273
1749456000000,107767.648
1749470400000,107646.062
1749484800000,108586.047
1749499200000,110249.055
1749513600000,109551.586
1749528000000,109218.422
1749542400000,109550.578
1749556800000,109017.797
1749571200000,109515.359
1749585600000,110229.312
1749600000000,109685.938
1749614400000,109427.844
1749628800000,109217.453
1749643200000,109724.336
1749657600000,108736.516
1749672000000,108630.273
1749686400000,107846.984
1749700800000,107595.031
1749715200000,106872.492
1749729600000,106991.961
1749744000000,106787.539
1749758400000,105646.484
1749772800000,104320.453
1749787200000,104893.672
1749801600000,105025.719
1749816000000,105432.742
1749830400000,105105.562
1749844800000,106064.891
1749859200000,105242.18
1749873600000,105071
1749888000000,105082.422
1749902400000,104838.844
1749916800000,104650.914
1749931200000,105400.648
1749945600000,105481.25
1749960000000,105433.195
1749974400000,104964.242
1749988800000,105557.305
1750003200000,105273.016
1750017600000,105556.172
1750032000000,105894.43
1750046400000,107031.414
1750060800000,106868.523
1750075200000,107420.203
1750089600000,108639.164
1750104000000,106787.398
1750118400000,107581.188
1750132800000,106753.695
1750147200000,105617.141
1750161600000,104223.977
1750176000000,104657.195
1750190400000,104529.891
1750204800000,105145.977
1750219200000,104949.016
1750233600000,104821.258
1750248000000,104781.648
1750262400000,103782.086
1750276800000,104861.172
1750291200000,105069.641
1750305600000,104618.031
1750320000000,104755.195
1750334400000,104077.773
1750348800000,104244.758
1750363200000,104634.555
1750377600000,104585.539
1750392000000,105793.867
1750406400000,105950.359
1750420800000,104184.844
1750435200000,103305.844
1750449600000,103261.445
1750464000000,103470.797
1750478400000,103439.367
1750492800000,103848.352
1750507200000,103556.039
1750521600000,102222.109
1750536000000,102099.148
1750550400000,102352.727
1750564800000,102415.195
1750579200000,102691.594
1750593600000,98900.0781
1750608000000,98874.5078
1750622400000,100945.336
1750636800000,101129.953
1750651200000,101923.062
1750665600000,101265.039
1750680000000,101435.68
1750694400000,103169.82
1750708800000,105368.508
1750723200000,104948.305
1750737600000,104982.898
1750752000000,105190.531
1750766400000,105257.594
1750780800000,105643.578
1750795200000,106078.734
1750809600000,106252.383
1750824000000,106622.812
1750838400000,107194.547
1750852800000,107038.352
1750867200000,107755.594
1750881600000,107344.805
1750896000000,107871.586
1750910400000,107836.586
1750924800000,107337.617
1750939200000,107290.133
1750953600000,107513.195
1750968000000,106970.891
1750982400000,107464.43
1750996800000,106883.242
1751011200000,106989.234
1751025600000,107310.82
1751040000000,106796.453
1751054400000,107054.359
1751068800000,107286.922
1751083200000,107500.773
1751097600000,107379.961
1751112000000,107463.305
1751126400000,107221.289
1751140800000,107300.594
1751155200000,107214.289
1751169600000,107392.414
1751184000000,108475.773
1751198400000,107760.836
1751212800000,107407.211
1751227200000,108337.328
1751241600000,108506.406
1751256000000,107606.766
1751270400000,107652.43
1751284800000,107567.297
1751299200000,107722.094
1751313600000,107119.609
1751328000000,107183.312
1751342400000,107141.531
1751356800000,106585.617
1751371200000,105947.07
1751385600000,105368.562
1751400000000,105650.812
1751414400000,106164.422
1751428800000,107053.195
1751443200000,107453.586
1751457600000,108753.391
1751472000000,109696.617
1751486400000,108841.742
1751500800000,108653.008
1751515200000,109291.898
1751529600000,109583.938
1751544000000,109111.625
1751558400000,109796.945
1751572800000,109574.234
1751587200000,109233.734
1751601600000,108709.68
1751616000000,108885.297
1751630400000,107598.781
1751644800000,107487.031
1751659200000,107975.758
1751673600000,108150.594
1751688000000,108030.672
1751702400000,108098.867
1751716800000,108041.898
1751731200000,108135.578
1751745600000,108185.695
1751760000000,108028.688
1751774400000,108022.32
1751788800000,108072.281
1751803200000,108877.789
1751817600000,108500.336
1751832000000,109178.656
1751846400000,109378.836
1751860800000,109027.641
1751875200000,108625.492
1751889600000,108283.953
1751904000000,108016.477
1751918400000,108223.609
1751932800000,107853.555
1751947200000,108439.68
1751961600000,108724.141
1751976000000,108230.734
1751990400000,108749.32
1752004800000,108903.586
1752019200000,108332.25
1752033600000,108680.312
1752048000000,109033.805
1752062400000,109031.781
1752076800000,111731.359
1752091200000,111248.188
1752105600000,111056.727
1752120000000,111249.953
1752134400000,111037.852
1752148800000,111413.398
1752163200000,113319.156
1752177600000,115984.922
1752192000000,116840.523
1752206400000,117613.969
1752220800000,117873.609
1752235200000,116952.312
1752249600000,118114.672
1752264000000,117549.5
1752278400000,117764.031
1752292800000,117722.023
1752307200000,117822.133
1752321600000,117128.086
1752336000000,117562.531
1752350400000,117431.43
1752364800000,117772.109
1752379200000,117988.562
1752393600000,118102.008
1752408000000,118724.75
1752422400000,118968.234
1752436800000,119064.766
1752451200000,120771.906
1752465600000,122754.961
1752480000000,121504.672
1752494400000,119916.586
1752508800000,119991.938
1752523200000,119913.32
1752537600000,117251.141
1752552000000,116837.344
1752566400000,117184.281
1752580800000,116449.242
1752595200000,116468.289
1752609600000,117791.43
1752624000000,117538.148
1752638400000,118237.812
1752652800000,118802.188
1752667200000,119121.445
1752681600000,119306.328
1752696000000,118699.477
1752710400000,118144.438
1752724800000,118359.305
1752739200000,118038.648
1752753600000,118949.195
1752768000000,119017.289
1752782400000,119239.656
1752796800000,120309.375
1752811200000,119428.43
1752825600000,119258.859
1752840000000,117924.07
1752854400000,117433.633
1752868800000,118008.18
1752883200000,118410.797
1752897600000,118262.422
1752912000000,118409.539
1752926400000,118138.82
1752940800000,118062.992
1752955200000,117905.711
1752969600000,118032.703
1752984000000,118107.398
1752998400000,117985.367
1753012800000,118764.906
1753027200000,118249.711
1753041600000,117351.578
1753056000000,118481.68
1753070400000,119409.516
1753084800000,118123.594
1753099200000,118424.484
1753113600000,116849.242
1753128000000,117443.547
1753142400000,117271.391
1753156800000,118055.047
1753171200000,119247.578
1753185600000,118996.703
1753200000000,119371.82
1753214400000,120096.773
1753228800000,118715.781
1753243200000,118440.367
1753257600000,118616.93
1753272000000,118653.898
1753286400000,118463.898
1753300800000,118804.375
1753315200000,118576.117
1753329600000,118472.555
1753344000000,118667.016
1753358400000,119175.875
1753372800000,118992.258
1753387200000,118381.781
1753401600000,115468.281
1753416000000,115357.68
1753430400000,116606.398
1753444800000,115798.391
1753459200000,116770.312
1753473600000,117690.922
1753488000000,117558.742
1753502400000,117388.602
1753516800000,117843.234
1753531200000,118202.672
1753545600000,118285.883
1753560000000,117950.109
1753574400000,118232.289
1753588800000,118168.227
1753603200000,118113.578
1753617600000,118636.906
1753632000000,119014.164
1753646400000,119478.109
1753660800000,119313.375
1753675200000,118910.383
1753689600000,118835.938
1753704000000,118226.773
1753718400000,118100.609
1753732800000,118076.234
1753747200000,118765.281
1753761600000,118888.555
1753776000000,118600.211
1753790400000,117390.195
1753804800000,117500.68
1753819200000,117901.203
1753833600000,118117.781
1753848000000,118076.984
1753862400000,117501.078
1753876800000,117948.93
1753891200000,116873.523
1753905600000,117796.258
1753920000000,118405.453
1753934400000,118622.891
1753948800000,118306.82
1753963200000,118247.953
1753977600000,116760.211
1753992000000,115722.844
1754006400000,115625.922
1754020800000,115031.344
1754035200000,115262.328
1754049600000,115258.773
1754064000000,113240.977
1754078400000,113226.969
1754092800000,113832.742
1754107200000,113918.812
1754121600000,113723.703
1754136000000,112792.172
1754150400000,112176.32
1754164800000,112502.953
1754179200000,113522.703
1754193600000,113630.125
1754208000000,113795.992
1754222400000,113896.891
1754236800000,114253.305
1754251200000,114162.125
1754265600000,114550.602
1754280000000,114632.453
1754294400000,114443.391
1754308800000,114788.664
1754323200000,114729.516
1754337600000,115018.367
1754352000000,114220
1754366400000,113938.594
1754380800000,114790.438
1754395200000,112894.273
1754409600000,113587.531
1754424000000,114097.781
1754438400000,113486.734
1754452800000,114188.453
1754467200000,114175.68
1754481600000,115362.188
1754496000000,115230.453
1754510400000,114984.164
1754524800000,114532.633
1754539200000,114767.711
1754553600000,116461.648
1754568000000,116668.656
1754582400000,117441.523
1754596800000,117462.414
1754611200000,116740.398
1754625600000,116828.75
1754640000000,116912.211
1754654400000,116211.852
1754668800000,116425.328
1754683200000,116648.086
1754697600000,116362.492
1754712000000,116735.773
1754726400000,117088.164
1754740800000,116860.062
1754755200000,116567.672
1754769600000,116502.016
1754784000000,118514.656
1754798400000,117787.227
1754812800000,118302.664
1754827200000,118786.328
1754841600000,118664.742
1754856000000,119278.438
1754870400000,121698.125
1754884800000,121487.383
1754899200000,120527.453
1754913600000,120304.773
1754928000000,119103.719
1754942400000,118715.32
1754956800000,118868.93
1754971200000,118988
1754985600000,118495.344
1755000000000,119904.492
1755014400000,119638.375
1755028800000,120111.375
1755043200000,119477.383
1755057600000,119578.945
1755072000000,120557.703
1755086400000,120911.961
1755100800000,122718.328
1755115200000,123348.516
1755129600000,123405.734
1755144000000,121798.055
1755158400000,121017.266
1755172800000,118346.578
1755187200000,118001.023
1755201600000,118360.43
1755216000000,119055.031
1755230400000,119022.148
1755244800000,119044.766
1755259200000,117295.672
1755273600000,116962.562
1755288000000,117377.805
1755302400000,117471.133
1755316800000,117644.391
1755331200000,117424.672
1755345600000,117696
1755360000000,117688.117
1755374400000,117400.625
1755388800000,117705.734
1755403200000,118031.609
1755417600000,118317.641
1755432000000,118258.867
1755446400000,117607.945
1755460800000,117440.539
1755475200000,115369.484
1755489600000,115254.273
1755504000000,114976.875
1755518400000,116136.18
1755532800000,116311.531
1755547200000,116212.234
1755561600000,114802.289
1755576000000,114966.672
1755590400000,115513.672
1755604800000,113750.5
1755619200000,113084.195
1755633600000,112822.711
1755648000000,113495.797
1755662400000,113470.023
1755676800000,113647.594
1755691200000,113302.375
1755705600000,114243.336
1755720000000,114221.312
1755734400000,113910.367
1755748800000,113845.703
1755763200000,113108.781
1755777600000,112768.758
1755792000000,112154.531
1755806400000,112455.844
1755820800000,112893.469
1755835200000,113062.5
1755849600000,112281.133
1755864000000,116295.445
1755878400000,116589.609
1755892800000,116869.359
1755907200000,115502.406
1755921600000,115738.125
1755936000000,115239.398
1755950400000,114808.438
1755964800000,115116.828
1755979200000,115402.594
1755993600000,115040.156
1756008000000,114900.648
1756022400000,114759.422
1756036800000,114468
1756051200000,112620.234
1756065600000,113513.359
1756080000000,112921.469
1756094400000,111497.938
1756108800000,111182.188
1756123200000,112167.688
1756137600000,110684.602
1756152000000,110087.578
1756166400000,109854.164
1756180800000,110264.93
1756195200000,109850.977
1756209600000,109656.062
1756224000000,111090.352
1756238400000,111737.914
1756252800000,111412.219
1756267200000,110706.891
1756281600000,111308.117
1756296000000,112004.477
1756310400000,112049.727
1756324800000,111208.109
1756339200000,111959.852
1756353600000,113093.211
1756368000000,112882.852
1756382400000,112649.203
1756396800000,111859.633
1756411200000,112527.578
1756425600000,111675.719
1756440000000,109986.953
1756454400000,110073
1756468800000,108370.109
1756483200000,108195.266
1756497600000,108363.148
1756512000000,108393.109
1756526400000,108451.055
1756540800000,108643.32
1756555200000,108830.359
1756569600000,108788.992
1756584000000,108767.383
1756598400000,109176.18
1756612800000,108675.781
1756627200000,108367.57
1756641600000,108774.922
1756656000000,108888.75
1756670400000,108216.445
1756684800000,107630.289
1756699200000,109389.453
1756713600000,108740.805
1756728000000,108770.969
1756742400000,109215.664
1756756800000,109191.148
1756771200000,110290.719
1756785600000,110203.891
1756800000000,109695.906
1756814400000,110801.812
1756828800000,110760.289
1756843200000,111188.148
1756857600000,111006.914
1756872000000,111062.578
1756886400000,111405.578
1756900800000,112197.547
1756915200000,112179.734
1756929600000,111692.68
1756944000000,111155.43
1756958400000,110428.547
1756972800000,110815.438
1756987200000,109481.367
1757001600000,109755.93
1757016000000,110671.898
1757030400000,111264.711
1757044800000,112913.734
1757059200000,112309.602
1757073600000,110673.859
1757088000000,111576.445
1757102400000,110643.609
1757116800000,111045.219
1757131200000,110789.234
1757145600000,110752.031
1757160000000,110351.422
1757174400000,110009.805
1757188800000,110167.367
1757203200000,110625.812
1757217600000,110737.203
1757232000000,111256.281
1757246400000,111281.695
1757260800000,111218.039
1757275200000,111090.211
1757289600000,111004.234
1757304000000,111224.898
1757318400000,112000.367
1757332800000,112588.289
1757347200000,112061.766
1757361600000,112030.227
1757376000000,111664.383
1757390400000,112968.523
1757404800000,112407.68
1757419200000,110880.148
1757433600000,111297.805
1757448000000,111509.539
1757462400000,111514.305
1757476800000,112500.258
1757491200000,112267.695
1757505600000,113825.648
1757520000000,113541.266
1757534400000,113933.969
1757548800000,114372.43
1757563200000,114074.539
1757577600000,114018.773
1757592000000,114156.117
1757606400000,114404.227
1757620800000,115474.422
1757635200000,115190.797
1757649600000,115093.828
1757664000000,114915.523
1757678400000,115095.141
1757692800000,116664.484
1757707200000,116049.953
1757721600000,115975.281
1757736000000,115802.109
1757750400000,115989.094
1757764800000,115801.547
1757779200000,115827.57
1757793600000,115925.711
1757808000000,115683.844
1757822400000,115812.648
1757836800000,115816.273
1757851200000,115254.133
1757865600000,115662.086
1757880000000,115302.266
1757894400000,115442.203
1757908800000,115823.086
1757923200000,115083.109
1757937600000,114870.617
1757952000000,115316.594
1757966400000,115365.227
1757980800000,115308.914
1757995200000,115829.18
1758009600000,115268.297
1758024000000,115889.109
1758038400000,116770.258
1758052800000,116763.625
1758067200000,116357.547
1758081600000,117189.086
1758096000000,116267.367
1758110400000,115886.453
1758124800000,115651.422
1758139200000,116430.555
1758153600000,117583.609
1758168000000,117071.453
1758182400000,117055.578
1758196800000,117585.281
1758211200000,117468.328
1758225600000,117092.008
1758240000000,116988.75
1758254400000,116911.93
1758268800000,116403.961
1758283200000,115884.633
1758297600000,115143.43
1758312000000,115644.234
1758326400000,115461.68
1758340800000,115973.609
1758355200000,115912.922
1758369600000,116004.359
1758384000000,115725.156
1758398400000,115692.578
1758412800000,115688.898
1758427200000,115830.922
1758441600000,115630.766
1758456000000,115548.469
1758470400000,115516.789
1758484800000,115252.57
1758499200000,114667.125
1758513600000,112546.695
1758528000000,112908.453
1758542400000,112867.555
1758556800000,112151.57
1758571200000,112676.516
1758585600000,112371.188
1758600000000,113111.992
1758614400000,112993.516
1758628800000,112877.641
1758643200000,111656.844
1758657600000,111980.141
1758672000000,111688.609
1758686400000,112561.492
1758700800000,113018.031
1758715200000,113318.328
1758729600000,113415.148
1758744000000,113316.828
1758758400000,112537.055
1758772800000,111769.383
1758787200000,111357.188
1758801600000,111592.086
1758816000000,109347.469
1758830400000,108998.57
1758844800000,109589.719
1758859200000,109324.039
1758873600000,109146.391
1758888000000,109041.859
1758902400000,109187.453
1758916800000,109657.875
1758931200000,109570.594
1758945600000,109411.367
1758960000000,109316.891
1758974400000,109403.844
1758988800000,109418.547
1759003200000,109632.242
1759017600000,109447.633
1759032000000,109504.219
1759046400000,109388.086
1759060800000,110013.109
1759075200000,110322.094
1759089600000,112154.734
1759104000000,111860.117
1759118400000,111854.734
1759132800000,112119.102
1759147200000,113810.031
1759161600000,114238.805
1759176000000,114316.234
1759190400000,114392.789
1759204800000,113751.07
1759219200000,113089.953
1759233600000,113121.789
1759248000000,114344.352
1759262400000,114020.891
1759276800000,114176.859
1759291200000,114526.148
1759305600000,116781.203
1759320000000,117435.664
1759334400000,117422.172
1759348800000,118616.344
1759363200000,118732.492
1759377600000,118531.391
1759392000000,118805.391
1759406400000,119937.82
1759420800000,120857.719
1759435200000,120546.227
1759449600000,120254.164
1759464000000,119676.305
1759478400000,120402.109
1759492800000,122305.305
1759507200000,122687.211
1759521600000,122270.289
1759536000000,122290.812
1759550400000,122364.023
1759564800000,122018.227
1759579200000,121827.016
1759593600000,122005.039
1759608000000,122397.477
1759622400000,123784.914
1759636800000,124717.539
1759651200000,123490.68
1759665600000,122850.008
1759680000000,122649.766
1759694400000,123522.594
1759708800000,123890.258
1759723200000,123402.891
1759737600000,124219.406
1759752000000,125022.391
1759766400000,125395.391
1759780800000,124660.039
1759795200000,124331.828
1759809600000,123720.633
1759824000000,124488.273
1759838400000,121914.234
1759852800000,121674.945
1759867200000,121357.625
1759881600000,121405.375
1759896000000,121619.633
1759910400000,122872.133
1759924800000,122176.398
1759939200000,123414.117
1759953600000,123282.375
1759968000000,122030.469
1759982400000,121891.461
1759996800000,122727.617
1760011200000,121165.898
1760025600000,121005.398
1760040000000,121673.359
1760054400000,121068.523
1760068800000,120940.891
1760083200000,121550.922
1760097600000,119037.789
1760112000000,116650.703
1760126400000,113008.328
1760140800000,112414.469
1760155200000,110415.562
1760169600000,112325.07
1760184000000,111850.055
1760198400000,111242
1760212800000,110726.055
1760227200000,110733.859
1760241600000,111590.016
1760256000000,111851.531
1760270400000,113229.68
1760284800000,114367.828
1760299200000,115002.102
1760313600000,114870.641
1760328000000,115419.945
1760342400000,114222.617
1760356800000,114385.289
1760371200000,115850.602
1760385600000,115209.836
1760400000000,113525.023
1760414400000,111741.359
1760428800000,111338.219
1760443200000,112930.719
1760457600000,112595.648
1760472000000,113046.391
1760486400000,112035.234
1760500800000,112598.672
1760515200000,111951.727
1760529600000,110834.984
1760544000000,111253.859
1760558400000,110760.945
1760572800000,111337.164
1760587200000,110569.93
1760601600000,111409.242
1760616000000,108540.25
1760630400000,108216.5
1760644800000,108163.586
1760659200000,109160.266
1760673600000,105579.766
1760688000000,105624.539
1760702400000,106762.578
1760716800000,106443.172
1760731200000,106423.164
1760745600000,107068.523
1760760000000,106701.047
1760774400000,107212.359
1760788800000,106938.672
1760803200000,107063.414
1760817600000,107168.156
1760832000000,107248.539
1760846400000,106758.945
1760860800000,107760.492
1760875200000,108465.266
1760889600000,108910.562
1760904000000,108633.297
1760918400000,110125.289
1760932800000,111168.641
1760947200000,111007.039
1760961600000,111116.812
1760976000000,110805.461
1760990400000,110515.609
1761004800000,109056.266
1761019200000,108077.578
1761033600000,108587.516
1761048000000,113402.43
1761062400000,111777.586
1761076800000,108306.414
1761091200000,108223.188
1761105600000,108332.219
1761120000000,107547.789
1761134400000,108386.57
1761148800000,107825.461
1761163200000,107542.039
1761177600000,108351.188
1761192000000,109256.5
1761206400000,109234.703
1761220800000,109886.977
1761235200000,110191.602
1761249600000,110045.922
1761264000000,110440.945
1761278400000,111055.164
1761292800000,111066.492
1761307200000,110010.523
1761321600000,110578.18
1761336000000,110987.141
1761350400000,110988.102
1761364800000,111465.742
1761379200000,111542.07
1761393600000,111353.57
1761408000000,111596.406
1761422400000,111615.898
1761436800000,111230.453
1761451200000,111695.109
1761465600000,113246.844
1761480000000,113660.102
1761494400000,113554.062
1761508800000,114506.344
1761523200000,114941.695
1761537600000,115493.312
1761552000000,115314.266
1761566400000,114901.445
1761580800000,114911.766
1761595200000,114067.156
1761609600000,113857.945
1761624000000,114137.773
1761638400000,114318.562
1761652800000,114597.742
1761667200000,113646.633
1761681600000,112886.742
1761696000000,112494.172
1761710400000,113538.273
1761724800000,113111
1761739200000,111481.242
1761753600000,110622.484
1761768000000,109992.32
1761782400000,110711.211
1761796800000,111325.922
1761811200000,109683.289
1761825600000,107688.797
1761840000000,106484.672
1761854400000,108252.727
1761868800000,109164.203
1761883200000,109371.711
1761897600000,110372.812
1761912000000,110101.938
1761926400000,109742.789
1761940800000,109521.211
1761955200000,110124.328
1761969600000,109961.477
1761984000000,110037.406
1761998400000,110210.555
1762012800000,110223.664
1762027200000,110016.75
1762041600000,109967.414
1762056000000,110806.625
1762070400000,111115.609
1762084800000,110043.703
1762099200000,110110.969
1762113600000,110491.812
1762128000000,107907
1762142400000,107434.289
1762156800000,107765.492
1762171200000,105690.297
1762185600000,107019.547
1762200000000,106511.891
1762214400000,107078.227
1762228800000,104416.812
1762243200000,104508.719
1762257600000,103125
1762272000000,100461.617
1762286400000,101419.812
1762300800000,102093.797
1762315200000,101933.734
1762329600000,102030.148
1762344000000,103661.914
1762358400000,103946.312
1762372800000,103817.758
1762387200000,103582.797
1762401600000,103130.25
1762416000000,103167.812
1762430400000,101917.688
1762444800000,101301.695
1762459200000,101239.648
1762473600000,101820.359
1762488000000,101926.906
1762502400000,100308.766
1762516800000,100687.359
1762531200000,103307.047
1762545600000,103245.109
1762560000000,102485.578
1762574400000,102262.781
1762588800000,101775.211
1762603200000,101636.57
1762617600000,101914.617
1762632000000,102248.266
1762646400000,101587.609
1762660800000,101873.852
1762675200000,102186.164
1762689600000,103693
1762704000000,104733.008
1762718400000,104647.523
1762732800000,105971.266
1762747200000,106416.758
1762761600000,106124.297
1762776000000,105005.25
1762790400000,105748.18
1762804800000,105939.062
1762819200000,106387.023
1762833600000,104718.727
1762848000000,105264.914
1762862400000,103423.305
1762876800000,103073.336
1762891200000,102978.68
1762905600000,103237.625
1762920000000,103051.438
1762934400000,104967.68
1762948800000,102121.656
1762963200000,101236.953
1762977600000,101588.062
1762992000000,102072.961
1763006400000,103390.859
1763020800000,102864.719
1763035200000,101315.961
1763049600000,98586.3203
1763064000000,99582.6953
1763078400000,99062.6875
1763092800000,97020.5156
1763107200000,96089.5547
1763121600000,96680.5859
1763136000000,95673.1641
1763150400000,94458.1406
1763164800000,96295.1016
1763179200000,96233.8828
1763193600000,95564.7109
1763208000000,96175.4453
1763222400000,95905.9609
1763236800000,95494.7891
1763251200000,95717.4609
1763265600000,95982.4922
1763280000000,95532.7188
1763294400000,94484.1953
1763308800000,93930.0781
1763323200000,94161.1172
1763337600000,95390.375
1763352000000,95516.2578
1763366400000,95468.75
1763380800000,93834.2969
1763395200000,91566.0469
1763409600000,92064.2422
1763424000000,90695.0469
1763438400000,90363.4062
1763452800000,91390.9062
1763467200000,92797.8828
1763481600000,93081.8438
1763496000000,92874.4453
1763510400000,91785.2188
1763524800000,91757.2266
1763539200000,91311.8984
1763553600000,89847.5547
1763568000000,88745.1328
1763582400000,91426.125
1763596800000,92339.8125
1763611200000,92185.7969
1763625600000,91806.4609
1763640000000,89740.3281
1763654400000,86783.3828
1763668800000,86493.2891
1763683200000,85697.2031
1763697600000,83870.9922
1763712000000,82180.0781
1763726400000,82816.8281
1763740800000,84094.8984
1763755200000,85030.4922
1763769600000,84331.3594
1763784000000,84478.9141
1763798400000,84001.75
1763812800000,84184.7578
1763827200000,84528.4609
1763841600000,84640.8359
1763856000000,86211.7109
1763870400000,85701.6016
1763884800000,86241.3125
1763899200000,87005.6484
1763913600000,87242.1172
1763928000000,86774.0703
1763942400000,87384.0703
1763956800000,86964.0625
1763971200000,86176.3906
1763985600000,86539.0234
1764000000000,88249.0156
1764014400000,88226.5703
1764028800000,87755.6484
1764043200000,87345.2109
1764057600000,87311.5312
1764072000000,86904.1328
1764086400000,86807.8516
1764100800000,87291.5234
1764115200000,87047.6641
1764129600000,87874.5078
1764144000000,87025.2422
1764158400000,86914.5391
1764172800000,89904.8281
1764187200000,90434.8984
1764201600000,91020.9844
1764216000000,91361.6797
1764230400000,91329.5156
1764244800000,90888.7578
1764259200000,91489.5312
1764273600000,91293.5781
1764288000000,91156
1764302400000,90869.3438
1764316800000,91390.8281
1764331200000,92324.9453
1764345600000,91125.9453
1764360000000,90870.6484
1764374400000,90663.9609
1764388800000,90543.0234
1764403200000,90658.2578
1764417600000,91055.1875
1764432000000,90639.4766
1764446400000,90791.375
1764460800000,90893.3906
1764475200000,90953.2422
1764489600000,91017.3281
1764504000000,91406.8438
1764518400000,91438.0156
1764532800000,90332.0781
1764547200000,86328.5078
1764561600000,86510.0938
1764576000000,86108.2578
1764590400000,84617.3281
1764604800000,84981.9141
1764619200000,86265.4688
1764633600000,86919.4766
1764648000000,86971.0781
1764662400000,87339.5547
1764676800000,90804.0781
1764691200000,91872
1764705600000,91279.2969
1764720000000,92591.5781
1764734400000,92985.4688
1764748800000,92982.1953
1764763200000,92357.1016
1764777600000,93004.5234
1764792000000,93412.0469
1764806400000,93507.5391
1764820800000,93382.2188
1764835200000,92911.9531
1764849600000,92962.7891
1764864000000,91953.5859
1764878400000,92057.3281
1764892800000,92144.6406
1764907200000,92241.2344
1764921600000,91329.6875
1764936000000,90433.5156
1764950400000,89627.4609
1764964800000,89313.0312
1764979200000,89648.3672
1764993600000,89566.5703
1765008000000,89587.8828
1765022400000,89722.0781
1765036800000,89381.1797
1765051200000,89207.1328
1765065600000,89688.2109
1765080000000,89353.1641
1765094400000,89125.3203
1765108800000,89526.5391
1765123200000,91387.7578
1765137600000,90360.9062
1765152000000,91051.7578
1765166400000,91532.5078
1765180800000,91924.3906
1765195200000,89932.3281
1765209600000,90082.2422
1765224000000,90616.1719
1765238400000,90366.8984
1765252800000,90459.2109
1765267200000,90351.3594
1765281600000,92672.0781
1765296000000,93767.9219
1765310400000,92659.3594
1765324800000,92392.7969
1765339200000,92756.4922
1765353600000,92097.4219
1765368000000,92022.0156
1765382400000,92921.4297
1765396800000,91996.7031
1765411200000,89868.8906
1765425600000,90245.9297
1765440000000,90222.875
1765454400000,89843.3359
1765468800000,90798.7188
1765483200000,92501.1094
1765497600000,92261.9531
1765512000000,92404.9531
1765526400000,92388.5703
1765540800000,89907.5625
1765555200000,90198.9375
1765569600000,90233.7344
1765584000000,90301.2422
1765598400000,90296.1953
1765612800000,90315.3125
1765627200000,90068.4688
1765641600000,90170.8828
1765656000000,90225.5703
1765670400000,90253.5859
1765684800000,90225.8359
1765699200000,89342.0547
1765713600000,88993.375
1765728000000,88619.6562
1765742400000,88124.0234
1765756800000,89242.5781
1765771200000,89717.2812
1765785600000,89621.8828
1765800000000,86989.125
1765814400000,86112.6328
1765828800000,86383.3359
1765843200000,85806.7969
1765857600000,85950.1094
1765872000000,87199.0078
1765886400000,87919.5625
1765900800000,87530.2812
1765915200000,87804.4219
1765929600000,87150.75
1765944000000,86985.5547
1765958400000,86915.7109
1765972800000,87179.6719
1765987200000,85968.2812
1766001600000,86172.2656
1766016000000,86538.0625
1766030400000,86761.7266
1766044800000,87197.0078
1766059200000,88436.3516
1766073600000,84413.6172
1766088000000,85428.2891
1766102400000,86812.5078
1766116800000,87853.9766
1766131200000,88108.3594
1766145600000,87878.7188
1766160000000,87747.3516
1766174400000,88046.2109
1766188800000,88131.6875
1766203200000,88200.9375
1766217600000,88205.125
1766232000000,88091.8359
1766246400000,88154.2266
1766260800000,88291.5156
1766275200000,88015.9141
1766289600000,88110.3047
1766304000000,88532.7344
1766318400000,88006.8516
1766332800000,88425.5938
1766347200000,88592.9531
1766361600000,88708.4688
1766376000000,89109.0391
1766390400000,89870.8594
1766404800000,89656.1797
1766419200000,87993.4609
1766433600000,88542.4141
1766448000000,88078.9453
1766462400000,87472.1484
1766476800000,87764.9141
1766491200000,87365.7891
1766505600000,87675.9453
1766520000000,87395.5078
1766534400000,87262.9141
1766548800000,86818.5547
1766563200000,87122.5625
1766577600000,86953.3672
1766592000000,87467.0078
1766606400000,87583.8516
1766620800000,87744.7031
1766635200000,87753.1875
1766649600000,87436.1328
1766664000000,88270.5
1766678400000,88063.0625
1766692800000,87139.2031
1766707200000,88717.9297
1766721600000,88376.2578
1766736000000,88437.5781
1766750400000,87048.2891
1766764800000,87380.2578
1766779200000,87268.7656
1766793600000,87419.1484
1766808000000,87460.2031
1766822400000,87377.6797
1766836800000,87474.6953
1766851200000,87479.9922
1766865600000,87785.375
1766880000000,87656.3672
1766894400000,87641.5469
1766908800000,87778.8828
1766923200000,87744.5547
1766937600000,87431.0469
1766952000000,87849.4766
1766966400000,90023.1328
1766980800000,89515.3281
1766995200000,87424.625
1767009600000,87569.8828
1767024000000,87256.1328
1767038400000,87127.2344
1767052800000,87249.6172
1767067200000,87349.6172
1767081600000,87766.1016
1767096000000,88889.5703
1767110400000,88109.1562
1767124800000,88384.6484
1767139200000,88327.6094
1767153600000,88476.0391
1767168000000,88876.7734
1767182400000,87816.8828
1767196800000,87401.3906
1767211200000,87503.8984
1767225600000,87705.4141
1767240000000,87481.7109
1767254400000,87867.8047
1767268800000,87884.2656
1767283200000,88245.5156
1767297600000,88695.125
1767312000000,88822.2266
1767326400000,88720.3672
1767340800000,89386.3281
1767355200000,89303.0391
1767369600000,89817.2266
1767384000000,89916.3203
1767398400000,90254.1719
1767412800000,89512.4453
1767427200000,89671.2422
1767441600000,89887.2422
1767456000000,90042.4375
1767470400000,90563.6562
1767484800000,91149.9844
1767499200000,91449.9375
1767513600000,91231.25
1767528000000,91260.4531
1767542400000,91084.9609
1767556800000,91463.4219
1767571200000,92799.3203
1767585600000,92448.1484
1767600000000,93050.2969
1767614400000,93868.5391
1767628800000,94232.4531
1767643200000,93829.3359
1767657600000,93714.0703
1767672000000,93194.5859
1767686400000,93783.5781
1767700800000,93570.0234
1767715200000,92033.3281
1767729600000,93671.6797
1767744000000,92737.5156
1767758400000,92770.3594
1767772800000,91992.5078
1767787200000,91238.4297
1767801600000,91078.7109
1767816000000,91257.9688
1767830400000,90665.2578
1767844800000,90375.2109
1767859200000,90088.3125
1767873600000,90635.125
1767888000000,90819.4453
1767902400000,90967.5703
1767916800000,91098.6719
1767931200000,90623.3203
1767945600000,90318.1953
1767960000000,91044.2266
1767974400000,90192.6406
1767988800000,90488.8125
1768003200000,90489.9688
1768017600000,90522.0078
1768032000000,90591.6562
1768046400000,90523.8594
1768060800000,90484.5
1768075200000,90362.4453
1768089600000,90595.8359
1768104000000,90569.5078
1768118400000,90614.3828
1768132800000,90726.4531
1768147200000,90539.3906
1768161600000,90861.8203
1768176000000,91664.0312
1768190400000,91262.9531
1768204800000,90482.7109
1768219200000,91536.3672
1768233600000,91746.9219
1768248000000,91163.9766
1768262400000,91296.0469
1768276800000,91854.7188
1768291200000,91885
1768305600000,93360.9609
1768320000000,94137.2109
1768334400000,95345.8359
1768348800000,95641.8438
1768363200000,95163.875
1768377600000,94742.9062
1768392000000,96694.3359
1768406400000,97205.3594
1768420800000,96903.8516
1768435200000,95930.3125
1768449600000,96580.9297
1768464000000,96532.1094
1768478400000,96642.2891
1768492800000,95446.2188
1768507200000,95524.0391
1768521600000,95260.8984
1768536000000,95597.4688
1768550400000,95358.6875
1768564800000,94512.1875
1768579200000,94921.0156
1768593600000,95467.9375
1768608000000,95269.4766
1768622400000,95019.2266
1768636800000,95236.0938
1768651200000,95506.3906
1768665600000,95230.2578
1768680000000,95083.75
1768694400000,95116.3281
1768708800000,95000.7578
1768723200000,95082.0234
1768737600000,95026.8359
1768752000000,95296.6562
1768766400000,93598.4219
1768780800000,92622.3672
1768795200000,92763.8281
1768809600000,93104.9766
1768824000000,92975.6016
1768838400000,93023.6328
1768852800000,92522.8594
1768867200000,92331.3906
1768881600000,91053.8594
1768896000000,91109.3594
1768910400000,90558.8828
1768924800000,89590.5078
1768939200000,88278.8984
1768953600000,89287.875
1768968000000,89107.3828
1768982400000,88670.0781
1768996800000,90163.6016
1769011200000,90243.9609
1769025600000,89332.7969
1769040000000,89766
1769054400000,89695.4375
1769068800000,89831.8594
1769083200000,88903.3516
1769097600000,89680.3359
1769112000000,89440.9844
1769126400000,89812.125
1769140800000,89419.5
1769155200000,89075.8281
1769169600000,89590.1484
1769184000000,89847.3359
1769198400000,89452.7656
1769212800000,89616.9766
1769227200000,89449.9062
1769241600000,89439.4375
1769256000000,89116.8594
1769270400000,89152.6094
1769284800000,89058.9453
1769299200000,88788.5625
1769313600000,88510.6328
1769328000000,88428.6875
1769342400000,88313.3516
1769356800000,86383.2969
1769371200000,86552.9141
1769385600000,87141.5938
1769400000000,87867.1641
1769414400000,87735.1406
1769428800000,87518.9688
1769443200000,87898.5391
1769457600000,88221.6172
1769472000000,88645.0312
1769486400000,88196.1328
1769500800000,87850.9062
1769515200000,87888.9453
1769529600000,88254.4844
1769544000000,89088.4531
1769558400000,88961.9219
1769572800000,88988.875
1769587200000,89937.6797
1769601600000,89324.5078
1769616000000,89299.5781
1769630400000,89150.7812
1769644800000,87894.8906
1769659200000,88185.2656
1769673600000,87659.4453
1769688000000,84759.1562
1769702400000,83845.4375
1769716800000,84475.8203
1769731200000,82511.9531
1769745600000,82655.7344
1769760000000,82953.7344
1769774400000,82719.8594
1769788800000,84104.9922
1769803200000,84102.8984
1769817600000,83862.8125
1769832000000,83395.0469
1769846400000,82845.7031
1769860800000,81148.5859
1769875200000,77619.9297
1769889600000,78644.8203
1769904000000,78759.7344
1769918400000,78236.8047
1769932800000,78646.2188
1769947200000,77481.625
1769961600000,77077.9297
1769976000000,76870.4219
1769990400000,76180.2969
1770004800000,76519.4922
1770019200000,77631.1172
1770033600000,78757.8203
1770048000000,78231.5859
1770062400000,78646.9609
1770076800000,78643.8359
1770091200000,78682.4766
1770105600000,77984.4922
1770120000000,78047.625
1770134400000,74814.4609
1770148800000,75631.7578
1770163200000,76570.3047
1770177600000,76363.4062
1770192000000,75891.0078
1770206400000,73998.7812
1770220800000,73741.7734
1770235200000,72967.9844
1770249600000,71058.1406
1770264000000,70564.4297
1770278400000,70167.5
1770292800000,67349.0547
1770307200000,65100.4805
1770321600000,62776.0039
1770336000000,64070.1367
1770350400000,64716.1602
1770364800000,66494.7266
1770379200000,68545.3438
1770393600000,70612.0391
1770408000000,70476.0156
1770422400000,70831.7891
1770436800000,68030.7266
1770451200000,67891.4141
1770465600000,69040.3984
1770480000000,69292.3828
1770494400000,69212.9531
1770508800000,69014.1875
1770523200000,69620.4375
1770537600000,70893.5703
1770552000000,71107.8828
1770566400000,71328.9531
1770580800000,70245.7812
1770595200000,71220.9062
1770609600000,70326.2422
1770624000000,68821.7578
1770638400000,69489.7188
1770652800000,70842.2266
1770667200000,70071.5703
1770681600000,69423.5859
1770696000000,68822.6641
1770710400000,68449.2109
1770724800000,69217.4453
1770739200000,68996.9062
1770753600000,68742.6094
1770768000000,68094.5625
1770782400000,66954.9922
1770796800000,66996.5547
1770811200000,66442.4375
1770825600000,67513.0781
1770840000000,66998.1719
1770854400000,67490.3906
1770868800000,67136.3438
1770883200000,68005.6875
1770897600000,67067.5391
1770912000000,65707.6016
1770926400000,66174.1016
1770940800000,66465.1484
1770955200000,66120.1562
1770969600000,67077.6484
1770984000000,68594.5625
1770998400000,68844.0859
1771012800000,68763.2969
1771027200000,68891.2578
1771041600000,69155.6797
1771056000000,70438.3906
1771070400000,69725.8984
1771084800000,69801.7422
1771099200000,69745.7109
1771113600000,69891.5469
1771128000000,70752.9688
1771142400000,70226.1172
1771156800000,69028.1094
1771171200000,68224.75
1771185600000,68747.0781
1771200000000,68351.6094
1771214400000,68516.2031
1771228800000,68790.1797
1771243200000,67471.3906
1771257600000,67843.2891
1771272000000,68826.6094
1771286400000,68401.6797
1771300800000,68311.4375
1771315200000,67782.1094
1771329600000,67316.6406
1771344000000,67727.2188
1771358400000,67428.4531
1771372800000,67560.6094
1771387200000,68045.4609
1771401600000,67297.5156
1771416000000,67642.4531
1771430400000,66100.75
1771444800000,66392.7109
1771459200000,66927.6484
1771473600000,67153.8594
1771488000000,66430.0781
1771502400000,66356.1016
1771516800000,66992.8594
1771531200000,66946.2266
1771545600000,67310.0938
1771560000000,67762.9609
1771574400000,67274.125
1771588800000,67533.7188
1771603200000,67595.8125
1771617600000,67970.0156
1771632000000,67614.7891
1771646400000,67798.0234
1771660800000,68035.6641
1771675200000,68562.3672
1771689600000,68485.7812
1771704000000,67930.8047
1771718400000,67993.9297
1771732800000,67957.6797
1771747200000,68165.0234
1771761600000,67641.6484
1771776000000,67370.0312
1771790400000,67580.0312
1771804800000,64888.2227
1771819200000,65906.6484
1771833600000,66147.5859
1771848000000,65614.1641
1771862400000,64247.0742
1771876800000,64620.9727
1771891200000,63508.707
1771905600000,63150.8984
1771920000000,63176.2969
1771934400000,63939.0703
1771948800000,64380.6172
1771963200000,64029.5117
1771977600000,65356.0156
1771992000000,64992.9453
1772006400000,65387.125
1772020800000,67371.0625
1772035200000,68999.1016
1772049600000,67943.7891
1772064000000,68186.2188
1772078400000,67803.1562
1772092800000,68002.2656
1772107200000,67352.7656
1772121600000,67550.0312
1772136000000,67441.2812
1772150400000,67564.6641
1772164800000,67649.5312
1772179200000,66093.5703
1772193600000,66071.0547
1772208000000,65349.8047
1772222400000,65839.6953
1772236800000,65754.0312
1772251200000,63772.1719
1772265600000,63808.5039
1772280000000,64805.1328
1772294400000,66321.8594
1772308800000,66948.5859
1772323200000,67457.9609
1772337600000,67115.0469
1772352000000,66429.8984
1772366400000,66798.4375
1772380800000,65925.5078
1772395200000,65730.6797
1772409600000,66780.2969
1772424000000,65964.4531
1772438400000,66328.2891
1772452800000,69072.1328
1772467200000,68923.9609
1772481600000,68784.9609
1772496000000,68331.6641
1772510400000,68133.8984
1772524800000,66987.6719
1772539200000,67676.7891
1772553600000,68396.6016
1772568000000,68296.2344
1772582400000,67695.2109
1772596800000,69454.3203
1772611200000,71081.5781
1772625600000,73362.9844
1772640000000,73601.0547
1772654400000,72660.0234
1772668800000,72481.1172
1772683200000,72039.6953
1772697600000,72900.1094
1772712000000,71628.8125
1772726400000,70886.3984
1772740800000,70843.0234
1772755200000,71040.1641
1772769600000,71028.2031
1772784000000,70188.3672
1772798400000,68459.8438
1772812800000,68091.3359
1772827200000,68067.9297
1772841600000,68060.6562
1772856000000,67804.4531
1772870400000,67971.3984
1772884800000,67848.2188
1772899200000,67039.0938
1772913600000,67231.8672
1772928000000,66967.4062
1772942400000,67268.9922
1772956800000,67485.8828
1772971200000,67183.0625
1772985600000,67303.4844
1773000000000,65936.8438
1773014400000,67171.0547
1773028800000,67495.6406
1773043200000,67717.4844
1773057600000,68844.0312
1773072000000,68965.1953
1773086400000,68402.6562
1773100800000,69393.6328
1773115200000,70370.6172
1773129600000,70559.1172
1773144000000,71321.9922
1773158400000,70026.7266
1773172800000,69928.25
1773187200000,69510.1641
1773201600000,69620.4609
1773216000000,69148.1562
1773230400000,70192.7734
1773244800000,70623.5234
1773259200000,70159.2734
1773273600000,69423.0156
1773288000000,69795.0078
1773302400000,70404.625
1773316800000,70306.8516
1773331200000,70403.0312
1773345600000,70499.7344
1773360000000,71372.8047
1773374400000,71593.3906
1773388800000,72204.7266
1773403200000,71812.5234
1773417600000,71150.1484
1773432000000,70920.2891
1773446400000,71057.3516
1773460800000,70570.7578
1773475200000,70713.3203
1773489600000,70573.9766
1773504000000,70673.75
1773518400000,71171.8125
1773532800000,71324.8672
1773547200000,71431.9688
1773561600000,71823.1328
1773576000000,71457.4453
1773590400000,71523.3516
1773604800000,72793.3984
1773619200000,73536.8672
1773633600000,73416.9609
1773648000000,73517.8828
1773662400000,73245.4375
1773676800000,73922
1773691200000,74856.4062
1773705600000,74424.9609
1773720000000,74232.9609
1773734400000,74012.1172
1773748800000,73909.3594
1773763200000,74501.5156
1773777600000,73889.2109
1773792000000,74446.9688
1773806400000,73867.1875
1773820800000,72926.1641
1773835200000,71458.6094
1773849600000,71003.5703
1773864000000,71215.1016
1773878400000,71183.0469
1773892800000,70146.9141
1773907200000,69923.7969
1773921600000,69375.2891
1773936000000,70237.1875
1773950400000,69882.6562
1773964800000,70684.7344
1773979200000,70803.25
1773993600000,70418.3359
1774008000000,69830.4688
1774022400000,70127.1875
1774036800000,70472.2578
1774051200000,70622.8438
1774065600000,70667.3047
1774080000000,70599.9062
1774094400000,70578.1172
1774108800000,70351.0234
1774123200000,68881.2422
1774137600000,69300.8516
1774152000000,68865.3594
1774166400000,68170.7969
1774180800000,68818.4688
1774195200000,68160.8125
1774209600000,67819.5469
1774224000000,68040.125
1774238400000,68286.9375
1774252800000,70066.7969
1774267200000,70081.1406
1774281600000,70621.9922
1774296000000,70848.3672
1774310400000,70465
1774324800000,71250
1774339200000,71100.8281
1774353600000,69817.6562
1774368000000,69299.8984
1774382400000,70494.7188
1774396800000,70654.9453
1774411200000,70869.2734
1774425600000,71637.6953
1774440000000,70778.2031
1774454400000,70826.5547
1774468800000,71282.5
1774483200000,70852.25
1774497600000,70022.5
1774512000000,69212.1953
1774526400000,69022.9375
1774540800000,68444.75
1774555200000,68749.3438
1774569600000,68694.0938
1774584000000,68448.9375
1774598400000,66636.4844
1774612800000,66054.6016
1774627200000,65976.5
1774641600000,66324.5547
1774656000000,66161.5625
1774670400000,66476.9766
1774684800000,66269.5078
1774699200000,66938.8906
1774713600000,66826.625
1774728000000,66297.6328
1774742400000,66828.5312
1774756800000,66583.8281
1774771200000,66724.2734
1774785600000,66447.9922
1774800000000,66286.4375
1774814400000,65932.9297
1774828800000,67077.1953
1774843200000,67541.0156
1774857600000,67586.7812
1774872000000,67560.0547
1774886400000,66483.3438
1774900800000,66719.2031
1774915200000,67617.6172
1774929600000,67293.0312
1774944000000,66602.4375
1774958400000,66660.4688
1774972800000,67755.5
1774987200000,68193.0469
1775001600000,68084.1406
1775016000000,68633.0703
1775030400000,68652.9297
1775044800000,68875.3906
1775059200000,68115.6641
1775073600000,68065.2656
1775088000000,66538.9062
1775102400000,66878.5938
1775116800000,66174.5312
1775131200000,66812.3828
1775145600000,66926.375
1775160000000,66874.3047
1775174400000,66551.9219
1775188800000,67013.9141
1775203200000,66982.875
1775217600000,66805.6797
1775232000000,66835.9844
1775246400000,66922.3828
1775260800000,66799.8906
1775275200000,66975.5859
1775289600000,67129.8906
1775304000000,67344.7266
1775318400000,67257.4141
1775332800000,67252.1562
1775347200000,67101.625
1775361600000,66771.3047
1775376000000,66959.1172
1775390400000,67255.4766
1775404800000,67297.4141
1775419200000,68950.4688
1775433600000,69058.25
1775448000000,69054.1719
1775462400000,69574.2109
1775476800000,69920.1562
1775491200000,69676.3125
1775505600000,68827.7188
1775520000000,68760.3984
1775534400000,68575.5
1775548800000,68297.4922
1775563200000,68122.0156
1775577600000,68969.4297
1775592000000,71889.2031
1775606400000,71246.8203
1775620800000,71608.7109
1775635200000,71644.0625
1775649600000,71279.2031
1775664000000,71303.8672
1775678400000,71050.7344
1775692800000,70971.8672
1775707200000,70941.4297
1775721600000,71117.7812
1775736000000,72111.7188
1775750400000,72072.1719
1775764800000,71762.1484
1775779200000,71849.9297
1775793600000,71460.8516
1775808000000,72100.4375
1775822400000,72437.9062
1775836800000,73230.3281
1775851200000,72959.1641
1775865600000,72868.3906
1775880000000,72760.8672
1775894400000,72909.7344
1775908800000,72854.0156
1775923200000,73676.5781
1775937600000,73038.2266
1775952000000,71600.6172
1775966400000,71682.5312
1775980800000,71461.8594
1775995200000,70881.9375
1776009600000,71084.1953
1776024000000,70714.6484
1776038400000,70963.7266
1776052800000,70796.4766
1776067200000,70897.8125
1776081600000,71850.9453
1776096000000,73322.9922
1776110400000,74408.2969
1776124800000,74442.2891
1776139200000,74553.3047
1776153600000,74375.2656
1776168000000,75330.4844
1776182400000,74201.3984
1776196800000,74139.1953
1776211200000,74340.3281
1776225600000,73722.1797
1776240000000,74189.5781
1776254400000,73826.875
1776268800000,74974.1641
1776283200000,74791.7344
1776297600000,74868.2891
1776312000000,74682.0312
1776326400000,74545.1328
1776340800000,74672.5703
1776355200000,75321.1562
1776369600000,75149.0469
1776384000000,74585.2812
1776398400000,75055.5938
1776412800000,75572.1641
1776427200000,77778.5312
1776441600000,77381.3984
1776456000000,77077.2422
1776470400000,76991.6484
1776484800000,76989.5547
1776499200000,76031.3359
1776513600000,76160.7656
1776528000000,75655.2344
1776542400000,75691.1953
1776556800000,75513.2188
1776571200000,75261.2969
1776585600000,75599.9922
1776600000000,75826.5938
1776614400000,74952.1094
1776628800000,73791.2109
1776643200000,74621.8516
1776657600000,74802.4844
1776672000000,75184.375
1776686400000,75711.3828
1776700800000,76277.8047
1776715200000,75845.2734
1776729600000,75713.8516
1776744000000,76105.4609
1776758400000,76442.1094
1776772800000,75825.9219
1776787200000,74987.9688
1776801600000,76315.1406
1776816000000,77496.7344
1776830400000,77996.5703
1776844800000,78263.7969
1776859200000,79271.4219
1776873600000,78819.7969
1776888000000,78171.5312
1776902400000,77727.6406
1776916800000,78045.8672
1776931200000,77684.6641
1776945600000,78358.7734
1776960000000,77696.25
1776974400000,78226.2031
1776988800000,77726.8203
1777003200000,77660.2891
1777017600000,78228.1172
1777032000000,78040.3828
1777046400000,77619.9531
1777060800000,77426.0625
1777075200000,77653.4609
1777089600000,77470.9531
1777104000000,77655.2188
1777118400000,77331.5938
1777132800000,77316.9219
1777147200000,77608.4062
1777161600000,77379.3906
1777176000000,78086.6875
1777190400000,78079.4453
1777204800000,78020.5
1777219200000,78210.7578
1777233600000,78627.1719
1777248000000,79081.5234
1777262400000,77577.0781
1777276800000,77811.3438
1777291200000,76763.8125
1777305600000,76837.5156
1777320000000,77329.1797
1777334400000,76779.2266
1777348800000,76826.0234
1777363200000,76181.8125
1777377600000,76016.3828
1777392000000,76289.3359
1777406400000,76291.7578
1777420800000,76935.9922
1777435200000,77010.9453
1777449600000,77548.75
1777464000000,75884.6562
1777478400000,75498.5938
1777492800000,75722.875
1777507200000,75859.1953
1777521600000,76093.6172
1777536000000,75984.4375
1777550400000,76401.6719
1777564800000,76338.4531
1777579200000,76255.3281
1777593600000,77058.0703
1777608000000,77088.9766
1777622400000,77408.9297
1777636800000,78394.8281
1777651200000,78304.9922
1777665600000,78192.9453
1777680000000,78367
1777694400000,78182.9688
1777708800000,78109.4297
1777723200000,78442.0781
1777737600000,78430.3984
1777752000000,78647.2969
1777766400000,78159.2891
1777780800000,78318.2812
1777795200000,78619.9453
1777809600000,78618.6484
1777824000000,78720.7422
1777838400000,78523.8125
1777852800000,80273.5781
1777867200000,79647.4141
1777881600000,78738.6953
1777896000000,79982.4453
1777910400000,79995.9297
1777924800000,79814.7109
1777939200000,80844.4844
1777953600000,80841.2344
1777968000000,80970.8594
1777982400000,81476.9609
1777996800000,81557.3047
1778011200000,80856.8984
1778025600000,81531.5391
1778040000000,81338.8125
1778054400000,82478.4219
1778068800000,81653.8047
1778083200000,81412.8125
1778097600000,81393.625
1778112000000,80797.875
1778126400000,81478.7578
1778140800000,80830.1719
1778155200000,79871.0625
1778169600000,80084.3906
1778184000000,79968.9766
1778198400000,79524.5938
1778212800000,79640.7891
1778227200000,80182.1328
1778241600000,80082.8438
1778256000000,80135.5312
1778270400000,80155.3516
1778284800000,80340.4531
1778299200000,80185.7734
1778313600000,80309.4766
1778328000000,80482.3672
1778342400000,80890.4922
1778356800000,80632.0625
1778371200000,80727.75
1778385600000,80681.4844
1778400000000,80782.7656
1778414400000,81367.7969
1778428800000,81386.3203
1778443200000,82173.6406
1778457600000,80684.2578
1778472000000,80698.5781
1778486400000,81147.9531
1778500800000,81376.0469
1778515200000,81914.6172
1778529600000,81686.25
1778544000000,81007.6797
1778558400000,80800.4297
1778572800000,80717.8828
1778587200000,80268.4688
1778601600000,80767.9922
1778616000000,80447.25
1778630400000,81192.7109
1778644800000,80964.0781
1778659200000,80446.8594
1778673600000,78765.7188
1778688000000,79574.8828
1778702400000,79253.8203
1778716800000,78970.2422
1778731200000,79671.25
1778745600000,79184.0547
1778760000000,81236.7891
1778774400000,81370.5078
1778788800000,81035.8672
1778803200000,81012.0391
1778817600000,80775.8906
1778832000000,80580.3906
1778846400000,79088.7969
1778860800000,79067.3281
1778875200000,79021.5078
1778889600000,79026.8047
1778904000000,78306.5625
1778918400000,78011.8281
1778932800000,78159.1172
1778947200000,78193.5859
1778961600000,78065.1172
1778976000000,77953.8125
1778990400000,78110.25
1779004800000,78338.2422
1779019200000,77973.2969
1779033600000,78355.5234
1779048000000,77381.8281
1779062400000,76864.6797
1779076800000,76991.9062
1779091200000,77200.5938
1779105600000,76346.7266
1779120000000,76835.875
1779134400000,76915.9844
1779148800000,76693.4141
1779163200000,77142.1875
1779177600000,76612.7344
1779192000000,76433.4297
1779206400000,76726.5391
1779220800000,76744.0312
1779235200000,76619.8594
1779249600000,77179.5
1779264000000,77270.6172
1779278400000,77356.6016
1779292800000,77573.2969
1779307200000,77452.9609
1779321600000,77979.5234
1779336000000,77774.5156
1779350400000,77088.0469
1779364800000,77150.6797
1779379200000,77586.2734
1779393600000,77524.5859
1779408000000,77667.8516
1779422400000,77296.2188
1779436800000,77320.5703
1779451200000,76677.6797
1779465600000,75754.4609
1779480000000,75425.7188
1779494400000,75525.1797
1779508800000,74485.4062
1779523200000,74682.8047
1779537600000,75403.0703
1779552000000,75850.6016
1779566400000,76608.7188
1779580800000,76595.9141
1779595200000,76661.1016
1779609600000,77162.9922
1779624000000,76253.8359
1779638400000,76650.4297
1779652800000,76932.0625
1779667200000,76904.1562
1779681600000,77276.6562
1779696000000,77250.4766
1779710400000,77522.6641
1779724800000,77346.3047
1779739200000,77214.5547
1779753600000,76565.1328
1779768000000,76616.4922
1779782400000,77087.0781
1779796800000,76376.1094
1779811200000,75886.2422
1779825600000,75791.6797
1779840000000,75519.0547
1779854400000,75825.1953
1779868800000,75619.3438
1779883200000,75178.8281
1779897600000,74919.0391
1779912000000,74320.6094
1779926400000,73133.6406
1779940800000,73361.0234
1779955200000,73379.5391
1779969600000,72808.9297
1779984000000,73292.3594
1779998400000,73509.2188
1780012800000,73176.7656
1780027200000,73414.9297
1780041600000,73362.3984
1780056000000,73665.1016
1780070400000,73409.3516
1780084800000,73348.1875
1780099200000,73405.2891
1780113600000,73432.7344
1780128000000,73475.6172
1780142400000,73793.7344
1780156800000,73881.0234
1780171200000,73739.9844
1780185600000,74009.5781
1780200000000,73742.4609
1780214400000,73816.6172
1780228800000,73523.0156
1780243200000,73435.7656
1780257600000,73553.5312
1780272000000,73635.1641
1780286400000,72693.9375
1780300800000,72386.3984
1780315200000,70994.7031
1780329600000,71484.4766
1780344000000,71295.6484
1780358400000,70831.8594
1780372800000,69989.4609
1780387200000,69352.9844
1780401600000,67155.3828
1780416000000,67171.2969
1780430400000,66632.3438
1780444800000,65733.8906
1780459200000,67099.5391
1780473600000,66942.7656
1780488000000,65954.4688
1780502400000,65357.3281
1780516800000,64025.875
1780531200000,64271.4727
1780545600000,63517.707
1780560000000,62448.1953
1780574400000,63799.7539
1780588800000,63523.6484
1780603200000,63779.4453
1780617600000,62616.5508
1780632000000,63019.3008
1780646400000,61885.2031
1780660800000,60370.2344
1780675200000,60262.6992
1780689600000,60991.5625
1780704000000,60641.7812
1780718400000,60930.8281
1780732800000,60747.7578
1780747200000,60718.9609
1780761600000,60537.5547
1780776000000,60847.8438
1780790400000,61641.7188
1780804800000,62344.5391
1780819200000,62576.5664
1780833600000,62039.1211
1780848000000,61275.543
1780862400000,63278.5
1780876800000,63071.2344
1780891200000,63206.5977
1780905600000,63399.0312
1780920000000,63724.2461
1780934400000,63324.082
1780948800000,63027.6719
1780963200000,62826.9297
1780977600000,63140.8516
1780992000000,62654.1523
1781006400000,61068.4922
1781020800000,62038.25
1781035200000,61664.8359
1781049600000,61469.7773
1781064000000,61600.6914
1781078400000,60953.3438
1781092800000,62558.9023
1781107200000,61862.3164
1781121600000,61427.6758
1781136000000,62592.8281
1781150400000,62623.5977
1781164800000,62998.25
1781179200000,62660.5547
1781193600000,63500.6445
1781208000000,63531.6367
1781222400000,63413.6719
1781236800000,62980.8828
1781251200000,63656.6562
1781265600000,63530.4922
1781280000000,63520.7852
1781294400000,63512.8984
1781308800000,63462.8203
1781323200000,63788.9023
1781337600000,63898.7734
1781352000000,64237.5
1781366400000,64236.9023
1781380800000,64386.9805
1781395200000,64486.3047
1781409600000,64372.6719
1781424000000,64496.7969
1781438400000,63959.0234
1781452800000,63743.5898
1781467200000,65680.3516
1781481600000,65857.3594
1781496000000,65608.375
1781510400000,66165.8828
1781524800000,67223.0938
1781539200000,66553.2109
1781553600000,66260.7656
1781568000000,66093.1016
1781582400000,66318.1328
1781596800000,66414.6797
1781611200000,65781.1406
1781625600000,65600.0625
1781640000000,65586.9219
1781654400000,65761.5312
1781668800000,65450.7031
1781683200000,64721.793
1781697600000,65677.2734
1781712000000,64222.5078
1781726400000,64410.3242
1781740800000,64196.8867
1781755200000,64409.2852
1781769600000,63889.5
1781784000000,62268.5234
1781798400000,62859.1992
1781812800000,62859.8281
1781827200000,62681.0352
1781841600000,62530.625
1781856000000,62542.3867
1781870400000,63128.2617
1781884800000,62921.8672
1781899200000,63456.2188
1781913600000,63373.8398
1781928000000,63549.9375
1781942400000,63589.6953
1781956800000,64066.1328
1781971200000,63840.9297
1781985600000,64186.3047
1782000000000,64328.5781
1782014400000,64094.1055
1782028800000,64060.6016
1782043200000,64111.9609
1782057600000,64090.5312
1782072000000,63204.3633
1782086400000,63863.4766
1782100800000,64107.4062
1782115200000,64554.4414
1782129600000,64731.8867
1782144000000,64387.9102
1782158400000,63922.168
1782172800000,63943.5352
1782187200000,62772.2852
1782201600000,62406.2969
1782216000000,62383.7305
1782230400000,62278.7852
1782244800000,62624.6992
1782259200000,62619.0625
1782273600000,62536.3672
1782288000000,62801.5625
1782302400000,60154.8633
1782316800000,59844.9102
1782331200000,60952.6953
1782345600000,60750.332
1782360000000,61782.7188
1782374400000,61160.5117
1782388800000,59438.9805
1782403200000,59208.4883
1782417600000,59673.9023
1782432000000,59912.8047
1782446400000,60412.4336
1782460800000,59299.7344
1782475200000,60210.1328
1782489600000,59636.1602
1782504000000,59976.9531
1782518400000,60197.6953
1782532800000,60418.3828
1782547200000,60247.6797
1782561600000,60716.3984
1782576000000,60044.3281
1782590400000,59903.2617
1782604800000,60093.2305
1782619200000,60108.1016
1782633600000,60219.4492
1782648000000,59768.668
1782662400000,59374.4688
1782676800000,59454.7266
1782691200000,59922.5742
1782705600000,59924.6133
1782720000000,59862.4023
1782734400000,59708.1797
1782748800000,60327.2227
1782763200000,60143.6719
1782777600000,59499.3125
1782792000000,59420.5156
1782806400000,59066.7891
1782820800000,58255.5156
1782835200000,58705.8828
1782849600000,58515.1406
1782864000000,59075.1641
1782878400000,58644.8164
1782892800000,58508.8984
1782907200000,60057.2422
1782921600000,59930.2578
1782936000000,59924.8242
1782950400000,60978.6406
1782964800000,60051.6523
1782979200000,61259.457
1782993600000,61518.7344
1783008000000,61371.6797
1783022400000,61464.5703
1783036800000,61333.7852
1783051200000,61664.6992
1783065600000,61928.207
1783080000000,61823.7695
1783094400000,62130.6094
1783108800000,62492.8906
1783123200000,62554.1562
1783137600000,62492.3594
1783152000000,62391.1562
1783166400000,62854.8242
1783180800000,63208.4336
1783195200000,63050.957
1783209600000,62679.8828
1783224000000,62941.0586
1783238400000,62568.3047
1783252800000,62653.6719
1783267200000,62695.2617
1783281600000,63559.7344
1783296000000,63203.9492
1783310400000,63000.1289
1783324800000,62402.3945
1783339200000,63469.8867
1783353600000,63645.4141
1783368000000,63968.543
1783382400000,63112.5703
1783396800000,62999.9766
1783411200000,63320.3359
1783425600000,63840.2188
1783440000000,63753.0742
1783454400000,63291.4336
1783468800000,62672.6406
1783483200000,62808.0586
1783497600000,62218.9922
1783512000000,61621.8984
1783526400000,62202.8594
1783540800000,62208.1523
1783555200000,61885.6094
1783569600000,62927.6328
1783584000000,62692.9648
1783598400000,62777.6992
1783612800000,63158.1484
1783627200000,63167.2109
1783641600000,63860.457
1783656000000,63917.7188
1783670400000,64339.5938
1783684800000,63974.0312
1783699200000,63858.3438
1783713600000,64098.8086
1783728000000,64074.9805
1783742400000,64085.6719
1783756800000,64128.7227
1783771200000,64097.6914
1783785600000,64215.6836
1783800000000,63746.5039
1783814400000,64149.9297
1783828800000,63808.2734
1783843200000,63934.8633
1783857600000,64106.3789
1783872000000,64163.7383
1783886400000,63711.043
1783900800000,62736.0859
1783915200000,62940.2656
1783929600000,62824.8828
1783944000000,62537.8828
1783958400000,62199.2891
1783972800000,62238.8789
1783987200000,62481.9688
1784001600000,62442.4609
1784016000000,62736.9531
1784030400000,64672.082
1784044800000,64496.6758
1784059200000,64958.8984
1784073600000,64726.7617
1784088000000,64482.3516
1784102400000,64652.582
1784116800000,65334.6133
1784131200000,64884.8945
1784145600000,64684.1758
1784160000000,64545.6758
1784174400000,64152.9844
1784188800000,64174.6953
1784203200000,64629.5703
1784217600000,64187.707
1784232000000,63761.6914
1784246400000,63489.5469
1784260800000,62730.3516
1784275200000,63207.6758
1784289600000,63380.7383
1784304000000,64080.5391
1784318400000,63860.8438
1784332800000,63912.4141
1784347200000,63940.9688
1784361600000,63981.9805
1784376000000,64047.3906
1784390400000,64482.0508
1784404800000,64763.0547
1784419200000,64635.6445
1784433600000,64634.5938
1784448000000,64392.4141
1784462400000,64489.8594
