ts_ms,close_research_slow_delta
1542211200000,
1542225600000,
1542240000000,
1542254400000,
1542268800000,
1542283200000,
1542297600000,
1542312000000,
1542326400000,
1542340800000,
1542355200000,
1542369600000,
1542384000000,
1542398400000,
1542412800000,5416.73877
1542427200000,5454.50928
1542441600000,5438.87891
1542456000000,5429.25
1542470400000,5441.53369
1542484800000,5450.60449
1542499200000,5490.63086
1542513600000,5474.51953
1542528000000,5464.24512
1542542400000,5475.92383
1542556800000,5510.19873
1542571200000,5500.57031
1542585600000,5462.23975
1542600000000,5346.16992
1542614400000,5220.59521
1542628800000,5097.00928
1542643200000,4938.42822
1542657600000,4720.46338
1542672000000,4782.32227
1542686400000,4550.69873
1542700800000,4311.85303
1542715200000,4683.1377
1542729600000,4458.24072
1542744000000,4331.97266
1542758400000,4407.62207
1542772800000,4445.44385
1542787200000,4463.60645
1542801600000,4478.86475
1542816000000,4374.94238
1542830400000,4497.45117
1542844800000,4485.2998
1542859200000,4478.9917
1542873600000,4414.97314
1542888000000,4412.54932
1542902400000,4364.60352
1542916800000,4232.49463
1542931200000,4190.13623
1542945600000,4192.93604
1542960000000,4257.30859
1542974400000,4237.01367
1542988800000,4199.33936
1543003200000,4254.14014
1543017600000,4267.61377
1543032000000,4229.76807
1543046400000,4226.41797
1543060800000,4196.30908
1543075200000,4102.74268
1543089600000,3760.03345
1543104000000,3620.47803
1543118400000,3683.72144
1543132800000,3750.92944
1543147200000,3705.57031
1543161600000,3762.50732
1543176000000,3896.05493
1543190400000,3939.09619
1543204800000,3925.16064
1543219200000,3885.78833
1543233600000,3644.40967
1543248000000,3736.38477
1543262400000,3688.42236
1543276800000,3647.23364
1543291200000,3698.01099
1543305600000,3614.37524
1543320000000,3628.43604
1543334400000,3676.68481
1543348800000,3729.73975
1543363200000,3795.22778
1543377600000,3966.48779
1543392000000,3954.1626
1543406400000,4123.104
1543420800000,4199.89697
1543435200000,4157.47217
1543449600000,4078.54077
1543464000000,4101.55469
1543478400000,4279.33594
1543492800000,4178.5708
1543507200000,4126.81348
1543521600000,4172.44336
1543536000000,4197.89404
1543550400000,4103.72119
1543564800000,3892.23682
1543579200000,3920.3291
1543593600000,3913.13647
1543608000000,3929.70923
1543622400000,3919.22461
1543636800000,3899.24878
1543651200000,4083.00879
1543665600000,4115.48389
1543680000000,4174.76855
1543694400000,4083.302
1543708800000,4082.82983
1543723200000,4056.92676
1543737600000,4021.13306
1543752000000,4055.4873
1543766400000,4064.41821
1543780800000,4055.56836
1543795200000,3908.3938
1543809600000,3917.68042
1543824000000,3922.76611
1543838400000,3779.87354
1543852800000,3779.87354
1543867200000,3794.50659
1543881600000,3776.00952
1543896000000,3924.5752
1543910400000,3906.74194
1543924800000,3918.35669
1543939200000,3865.49292
1543953600000,3860.81104
1543968000000,3794.63672
1543982400000,3756.41333
1543996800000,3825.4939
1544011200000,3781.8042
1544025600000,3660.36182
1544040000000,3659.88501
1544054400000,3675.32129
1544068800000,3772.02588
1544083200000,3731.11938
1544097600000,3591.94995
1544112000000,3596.53955
1544126400000,3400.729
1544140800000,3295.30396
1544155200000,3340.45605
1544169600000,3349.66235
1544184000000,3278.04785
1544198400000,3423.60327
1544212800000,3336.9895
1544227200000,3401.1084
1544241600000,3386.72485
1544256000000,3372.84644
1544270400000,3315.39014
1544284800000,3319.54517
1544299200000,3358.27344
1544313600000,3364.2605
1544328000000,3366.55054
1544342400000,3378.85767
1544356800000,3499.74121
1544371200000,3508.12915
1544385600000,3477.11499
1544400000000,3483.57495
1544414400000,3436.4314
1544428800000,3443.73682
1544443200000,3368.0271
1544457600000,3334.30615
1544472000000,3364.11499
1544486400000,3344.09082
1544500800000,3351.26123
1544515200000,3307.13232
1544529600000,3281.00049
1544544000000,3294.67212
1544558400000,3304.78442
1544572800000,3301.56909
1544587200000,3335.23169
1544601600000,3380.52246
1544616000000,3396.19556
1544630400000,3381.06567
1544644800000,3381.94922
1544659200000,3340.12378
1544673600000,3330.71143
1544688000000,3317.73389
1544702400000,3347.8562
1544716800000,3274.91187
1544731200000,3222.84302
1544745600000,3212.64624
1544760000000,3226.27881
1544774400000,3214.35571
1544788800000,3195.08179
1544803200000,3150.67822
1544817600000,3162.75244
1544832000000,3183.24048
1544846400000,3164.99756
1544860800000,3126.86157
1544875200000,3102.31348
1544889600000,3133.92627
1544904000000,3147.81641
1544918400000,3190.58984
1544932800000,3171.37866
1544947200000,3189.89331
1544961600000,3166.78735
1544976000000,3183.0625
1544990400000,3149.28491
1545004800000,3156.07202
1545019200000,3191.18579
1545033600000,3187.2627
1545048000000,3329.9353
1545062400000,3462.67773
1545076800000,3428.31079
1545091200000,3464.75049
1545105600000,3435.18335
1545120000000,3414.81714
1545134400000,3444.73438
1545148800000,3455.02197
1545163200000,3588.99341
1545177600000,3665.8479
1545192000000,3637.57764
1545206400000,3731.83325
1545220800000,3697.12256
1545235200000,3687.77808
1545249600000,3617.84326
1545264000000,3651.40601
1545278400000,3670.32666
1545292800000,3945.90259
1545307200000,3942.27515
1545321600000,3967.51367
1545336000000,3991.77588
1545350400000,3966.75024
1545364800000,3936.76465
1545379200000,3946.34644
1545393600000,3896.25562
1545408000000,3761.70923
1545422400000,3782.82031
1545436800000,3767.59985
1545451200000,3783.9104
1545465600000,3820.76001
1545480000000,3772.29688
1545494400000,3829.1438
1545508800000,3917.66943
1545523200000,3944.19946
1545537600000,3912.44995
1545552000000,3950.16846
1545566400000,3868.96289
1545580800000,3897.53125
1545595200000,3888.85669
1545609600000,4104.63672
1545624000000,4122.40527
1545638400000,4071.24878
1545652800000,4000.75537
1545667200000,3970.64453
1545681600000,3976.75781
1545696000000,3695.73486
1545710400000,3727.56274
1545724800000,3717.5498
1545739200000,3685.16235
1545753600000,3694.87817
1545768000000,3735.11328
1545782400000,3786.66748
1545796800000,3731.16504
1545811200000,3706.65039
1545825600000,3692.99487
1545840000000,3751.92993
1545854400000,3758.85254
1545868800000,3694.8833
1545883200000,3698.99585
1545897600000,3702.17529
1545912000000,3694.30347
1545926400000,3566.36206
1545940800000,3553.57568
1545955200000,3563.37646
1545969600000,3563.81885
1545984000000,3588.96802
1545998400000,3772.12354
1546012800000,3825.60132
1546027200000,3830.76709
1546041600000,3827.14209
1546056000000,3848.12256
1546070400000,3810.74927
1546084800000,3813.97949
1546099200000,3784.76392
1546113600000,3661.68286
1546128000000,3684.8562
1546142400000,3706.22534
1546156800000,3775.93335
1546171200000,3750.77026
1546185600000,3757.64111
1546200000000,3777.29639
1546214400000,3735.57178
1546228800000,3732.84644
1546243200000,3694.18384
1546257600000,3721.06226
1546272000000,3638.46924
1546286400000,3649.17847
1546300800000,3644.12183
1546315200000,3660.01074
1546329600000,3656.83618
1546344000000,3636.91772
1546358400000,3656.00903
1546372800000,3767.09497
1546387200000,3745.25635
1546401600000,3740.36255
1546416000000,3750.27246
1546430400000,3759.25391
1546444800000,3783.53613
1546459200000,3825.33008
1546473600000,3809.89502
1546488000000,3790.09937
1546502400000,3779.75439
1546516800000,3780.63794
1546531200000,3729.49585
1546545600000,3735.56079
1546560000000,3749.39502
1546574400000,3753.70654
1546588800000,3731.854
1546603200000,3705.79199
1546617600000,3713.74902
1546632000000,3763.38794
1546646400000,3784.43213
1546660800000,3768.34692
1546675200000,3781.40186
1546689600000,3776.80811
1546704000000,3784.54297
1546718400000,3746.42773
1546732800000,3746.84741
1546747200000,3740.54297
1546761600000,3758.7583
1546776000000,3770.46484
1546790400000,3979.83447
1546804800000,3967.14062
1546819200000,3966.7207
1546833600000,3966.30688
1546848000000,3951.4939
1546862400000,3944.09619
1546876800000,3955.04443
1546891200000,3940.0249
1546905600000,3920.33423
1546920000000,3921.65942
1546934400000,3969.44946
1546948800000,3965.41211
1546963200000,3946.79712
1546977600000,3936.19043
1546992000000,3960.76489
1547006400000,3957.14795
1547020800000,3965.00195
1547035200000,3934.42798
1547049600000,3952.02686
1547064000000,3944.33667
1547078400000,3954.12231
1547092800000,3763.21802
1547107200000,3754.37891
1547121600000,3748.34888
1547136000000,3604.35181
1547150400000,3596.6958
1547164800000,3603.02246
1547179200000,3611.81909
1547193600000,3611.34766
1547208000000,3612.16431
1547222400000,3619.02661
1547236800000,3605.10596
1547251200000,3612.23804
1547265600000,3597.51611
1547280000000,3587.38916
1547294400000,3594.67651
1547308800000,3597.71606
1547323200000,3585.54395
1547337600000,3592.21802
1547352000000,3584.65869
1547366400000,3586.09375
1547380800000,3582.58813
1547395200000,3487.37183
1547409600000,3489.21216
1547424000000,3495.38745
1547438400000,3507.81323
1547452800000,3498.79443
1547467200000,3614.99072
1547481600000,3624.18457
1547496000000,3612.22925
1547510400000,3616.53467
1547524800000,3614.43823
1547539200000,3598.09961
1547553600000,3579.88818
1547568000000,3583.16504
1547582400000,3539.31763
1547596800000,3550.25415
1547611200000,3536.3855
1547625600000,3568.6687
1547640000000,3564.84546
1547654400000,3550.83691
1547668800000,3558.10547
1547683200000,3540.35986
1547697600000,3547.50684
1547712000000,3548.68652
1547726400000,3561.65503
1547740800000,3574.01074
1547755200000,3585.29565
1547769600000,3574.71704
1547784000000,3572.36963
1547798400000,3562.99902
1547812800000,3573.75317
1547827200000,3553.33789
1547841600000,3560.56177
1547856000000,3569.36377
1547870400000,3565.54028
1547884800000,3655.51538
1547899200000,3644.26953
1547913600000,3641.9519
1547928000000,3626.45312
1547942400000,3634.49268
1547956800000,3629.51099
1547971200000,3545.47046
1547985600000,3479.26074
1548000000000,3478.35229
1548014400000,3494.60693
1548028800000,3499.0769
1548043200000,3492.90674
1548057600000,3510.16113
1548072000000,3497.59277
1548086400000,3496.29688
1548100800000,3490.72192
1548115200000,3496.46362
1548129600000,3482.9231
1548144000000,3490.82568
1548158400000,3529.06714
1548172800000,3527.04272
1548187200000,3528.23975
1548201600000,3531.78516
1548216000000,3517.29565
1548230400000,3524.9939
1548244800000,3505.60083
1548259200000,3494.25122
1548273600000,3505.49756
1548288000000,3490.17407
1548302400000,3499.90527
1548316800000,3509.00073
1548331200000,3507.06372
1548345600000,3522.62988
1548360000000,3517.3772
1548374400000,3518.125
1548388800000,3511.89697
1548403200000,3492.52539
1548417600000,3510.00659
1548432000000,3498.87085
1548446400000,3510.76904
1548460800000,3518.33984
1548475200000,3558.04028
1548489600000,3532.58887
1548504000000,3503.63428
1548518400000,3505.61987
1548532800000,3506.79297
1548547200000,3509.87598
1548561600000,3501.27637
1548576000000,3490.60791
1548590400000,3493.15601
1548604800000,3500.04858
1548619200000,3485.74878
1548633600000,3437.23145
1548648000000,3407.40991
1548662400000,3382.76807
1548676800000,3388.5127
1548691200000,3383.62817
1548705600000,3396.03931
1548720000000,3378.17554
1548734400000,3333.87573
1548748800000,3345.18994
1548763200000,3366.63721
1548777600000,3367.77905
1548792000000,3359.17505
1548806400000,3366.20239
1548820800000,3371.74316
1548835200000,3374.67212
1548849600000,3394.50488
1548864000000,3388.1521
1548878400000,3388.52344
1548892800000,3401.58032
1548907200000,3400.45312
1548921600000,3367.55762
1548936000000,3371.55322
1548950400000,3370.75977
1548964800000,3369.97974
1548979200000,3356.63477
1548993600000,3347.00952
1549008000000,3373.26636
1549022400000,3381.48682
1549036800000,3390.18506
1549051200000,3385.76709
1549065600000,3386.13354
1549080000000,3376.34424
1549094400000,3387.84302
1549108800000,3376.93359
1549123200000,3384.47998
1549137600000,3406.77466
1549152000000,3388.92651
1549166400000,3375.97583
1549180800000,3374.44336
1549195200000,3373.31445
1549209600000,3360.7981
1549224000000,3368.42749
1549238400000,3366.19507
1549252800000,3369.91895
1549267200000,3356.66333
1549281600000,3364.00952
1549296000000,3368.06958
1549310400000,3363.46045
1549324800000,3364.42627
1549339200000,3365.99316
1549353600000,3370.6875
1549368000000,3368.79834
1549382400000,3371.20679
1549396800000,3374.21411
1549411200000,3339.19922
1549425600000,3339.49438
1549440000000,3330.29712
1549454400000,3331.396
1549468800000,3327.23511
1549483200000,3329.53442
1549497600000,3332.3501
1549512000000,3330.61157
1549526400000,3330.61157
1549540800000,3327.94653
1549555200000,3322.87109
1549569600000,3322.53271
1549584000000,3324.25928
1549598400000,3322.07324
1549612800000,3336.34668
1549627200000,3377.10815
1549641600000,3547.64111
1549656000000,3538.71802
1549670400000,3529.79272
1549684800000,3540.98828
1549699200000,3547.04736
1549713600000,3532.15723
1549728000000,3539.44092
1549742400000,3549.45239
1549756800000,3542.72803
1549771200000,3529.44141
1549785600000,3534.68408
1549800000000,3529.36108
1549814400000,3539.24072
1549828800000,3573.47363
1549843200000,3533.89624
1549857600000,3536.02979
1549872000000,3529.10986
1549886400000,3537.88599
1549900800000,3538.30151
1549915200000,3532.42285
1549929600000,3521.28101
1549944000000,3522.45581
1549958400000,3518.44409
1549972800000,3519.5708
1549987200000,3538.75562
1550001600000,3531.77954
1550016000000,3537.93555
1550030400000,3532.45532
1550044800000,3521.93042
1550059200000,3516.91772
1550073600000,3523.31445
1550088000000,3524.73047
1550102400000,3523.4021
1550116800000,3519.1228
1550131200000,3509.60474
1550145600000,3518.01929
1550160000000,3521.33594
1550174400000,3513.39282
1550188800000,3523.2915
1550203200000,3522.65063
1550217600000,3523.29663
1550232000000,3510.08569
1550246400000,3515.67432
1550260800000,3516.29419
1550275200000,3529.62842
1550289600000,3529.62842
1550304000000,3532.27588
1550318400000,3536.59863
1550332800000,3534.80176
1550347200000,3528.61597
1550361600000,3531.33691
1550376000000,3537.90283
1550390400000,3529.37793
1550404800000,3521.37939
1550419200000,3521.94629
1550433600000,3556.9646
1550448000000,3606.65259
1550462400000,3613.62598
1550476800000,3625.44971
1550491200000,3721.49829
1550505600000,3780.16553
1550520000000,3780.16553
1550534400000,3778.76343
1550548800000,3801.6853
1550563200000,3790.17017
1550577600000,3868.65063
1550592000000,3861.60083
1550606400000,3817.61377
1550620800000,3823.12231
1550635200000,3821.95312
1550649600000,3850.30884
1550664000000,3835.59692
1550678400000,3850.55347
1550692800000,3866.01636
1550707200000,3869.65283
1550721600000,3860.33081
1550736000000,3831.84668
1550750400000,3830.27905
1550764800000,3827.57788
1550779200000,3833.49609
1550793600000,3845.35547
1550808000000,3834.57227
1550822400000,3861.68848
1550836800000,3864.69043
1550851200000,3871.95215
1550865600000,3876.21265
1550880000000,3872.08179
1550894400000,3865.18872
1550908800000,3877.08667
1550923200000,3862.76123
1550937600000,4018.51221
1550952000000,4029.30859
1550966400000,4077.48682
1550980800000,4075.55273
1550995200000,4055.39258
1551009600000,3738.58081
1551024000000,3735.75049
1551038400000,3698.02368
1551052800000,3733.396
1551067200000,3719.81494
1551081600000,3739.43335
1551096000000,3746.54907
1551110400000,3793.92041
1551124800000,3773.78857
1551139200000,3777.79468
1551153600000,3744.96216
1551168000000,3745.40039
1551182400000,3763.29248
1551196800000,3758.35547
1551211200000,3753.44629
1551225600000,3754.7207
1551240000000,3761.88281
1551254400000,3764.80957
1551268800000,3753.6062
1551283200000,3754.42041
1551297600000,3752.30225
1551312000000,3756.64722
1551326400000,3755.823
1551340800000,3771.82886
1551355200000,3786.19775
1551369600000,3755.02612
1551384000000,3745.04639
1551398400000,3755.60205
1551412800000,3756.77002
1551427200000,3759.06836
1551441600000,3763.61768
1551456000000,3773.13501
1551470400000,3756.20532
1551484800000,3762.96729
1551499200000,3746.56787
1551513600000,3763.15088
1551528000000,3751.02148
1551542400000,3756.28467
1551556800000,3759.64624
1551571200000,3757.02124
1551585600000,3757.37817
1551600000000,3758.77124
1551614400000,3743.46436
1551628800000,3744.125
1551643200000,3742.30957
1551657600000,3738.34814
1551672000000,3691.87305
1551686400000,3676.44434
1551700800000,3673.42651
1551715200000,3674.31226
1551729600000,3672.20435
1551744000000,3667.58887
1551758400000,3678.29297
1551772800000,3684.36157
1551787200000,3761.33594
1551801600000,3781.8916
1551816000000,3780.79126
1551830400000,3759.51611
1551844800000,3776.69507
1551859200000,3788.56909
1551873600000,3784.51001
1551888000000,3782.32642
1551902400000,3786.84253
1551916800000,3803.84888
1551931200000,3796.53003
1551945600000,3789.84644
1551960000000,3799.10693
1551974400000,3798.76733
1551988800000,3794.42944
1552003200000,3793.77295
1552017600000,3804.90332
1552032000000,3808.00708
1552046400000,3816.58789
1552060800000,3826.12573
1552075200000,3789.0957
1552089600000,3800.93188
1552104000000,3828.93726
1552118400000,3832.22095
1552132800000,3853.43481
1552147200000,3844.6272
1552161600000,3852.06421
1552176000000,3839.68042
1552190400000,3828.72632
1552204800000,3833.81958
1552219200000,3831.6748
1552233600000,3827.07275
1552248000000,3840.35986
1552262400000,3848.91553
1552276800000,3815.30835
1552291200000,3807.90015
1552305600000,3792.02466
1552320000000,3794.5437
1552334400000,3800.6272
1552348800000,3770.17383
1552363200000,3780.62256
1552377600000,3808.38135
1552392000000,3800.09448
1552406400000,3802.39624
1552420800000,3806.57104
1552435200000,3816.09912
1552449600000,3809.42651
1552464000000,3794.63525
1552478400000,3801.24072
1552492800000,3801.96851
1552507200000,3801.24194
1552521600000,3801.92969
1552536000000,3792.34741
1552550400000,3795.62231
1552564800000,3801.90747
1552579200000,3799.21997
1552593600000,3803.76294
1552608000000,3806.36353
1552622400000,3803.28369
1552636800000,3822.97314
1552651200000,3832.24023
1552665600000,3835.24268
1552680000000,3834.42505
1552694400000,3880.60962
1552708800000,3920.80664
1552723200000,3926.67969
1552737600000,3905.62891
1552752000000,3906.48242
1552766400000,3915.84814
1552780800000,3892.03296
1552795200000,3894.47388
1552809600000,3901.77002
1552824000000,3907.04297
1552838400000,3905.71875
1552852800000,3901.1416
1552867200000,3918.56177
1552881600000,3897.61499
1552896000000,3900.70679
1552910400000,3904.92798
1552924800000,3902.21777
1552939200000,3909.73096
1552953600000,3911.60913
1552968000000,3903.23486
1552982400000,3909.01465
1552996800000,3915.97388
1553011200000,3927.66846
1553025600000,3931.50854
1553040000000,3918.58032
1553054400000,3927.08472
1553068800000,3930.81909
1553083200000,3932.2981
1553097600000,3942.77368
1553112000000,3960.07373
1553126400000,3959.79932
1553140800000,3962.56274
1553155200000,3963.34302
1553169600000,3918.25903
1553184000000,3923.96582
1553198400000,3922.49585
1553212800000,3923.86694
1553227200000,3919.62549
1553241600000,3929.03076
1553256000000,3930.39209
1553270400000,3934.09424
1553284800000,3930.28516
1553299200000,3939.98975
1553313600000,3935.98022
1553328000000,3927.98779
1553342400000,3926.68823
1553356800000,3923.47705
1553371200000,3929.13867
1553385600000,3924.15942
1553400000000,3917.35425
1553414400000,3923.40283
1553428800000,3920.88403
1553443200000,3916.43896
1553457600000,3919.69312
1553472000000,3921.88086
1553486400000,3918.06445
1553500800000,3921.4729
1553515200000,3904.2854
1553529600000,3867.08984
1553544000000,3871.94702
1553558400000,3874.53027
1553572800000,3868.2334
1553587200000,3863.0874
1553601600000,3873.23901
1553616000000,3873.23901
1553630400000,3874.92163
1553644800000,3918.2561
1553659200000,3919.4187
1553673600000,3951.65674
1553688000000,3947.68311
1553702400000,3942.0498
1553716800000,3959.12354
1553731200000,3944.48462
1553745600000,3951.68213
1553760000000,3941.57935
1553774400000,3953.79419
1553788800000,3949.29858
1553803200000,3950.45557
1553817600000,3960.90137
1553832000000,3969.16919
1553846400000,4021.85107
1553860800000,4008.50684
1553875200000,4008.16235
1553889600000,4017.04565
1553904000000,4021.2771
1553918400000,4019.05444
1553932800000,4014.00781
1553947200000,4004.25684
1553961600000,4012.09351
1553976000000,4022.83789
1553990400000,4020.00854
1554004800000,4016.26318
1554019200000,4030.27368
1554033600000,4020.45654
1554048000000,4029.7168
1554062400000,4029.09302
1554076800000,4062.49512
1554091200000,4052.50952
1554105600000,4045.51392
1554120000000,4066.15918
1554134400000,4061.15576
1554148800000,4068.85303
1554163200000,4105.11279
1554177600000,4602.02344
1554192000000,4689.58936
1554206400000,4658.5376
1554220800000,4674.27539
1554235200000,4813.77051
1554249600000,4960.22314
1554264000000,4878.40527
1554278400000,4885.75732
1554292800000,4922.0127
1554307200000,5051.18457
1554321600000,4907.31445
1554336000000,4893.01074
1554350400000,4960.41162
1554364800000,4919.9292
1554379200000,4934.896
1554393600000,4777.16748
1554408000000,4848.50879
1554422400000,4836.83984
1554436800000,4874.13135
1554451200000,4934.00732
1554465600000,4922.93066
1554480000000,4949.69189
1554494400000,4973.57861
1554508800000,4935.68262
1554523200000,4938.05225
1554537600000,4938.52393
1554552000000,5051.52148
1554566400000,5085.96533
1554580800000,4972.56982
1554595200000,5062.44385
1554609600000,5068.16602
1554624000000,5049.44629
1554638400000,5056.54248
1554652800000,5065.0332
1554667200000,5123.17676
1554681600000,5185.51416
1554696000000,5182.396
1554710400000,5082.32861
1554724800000,5170.67432
1554739200000,5135.97803
1554753600000,5222.3291
1554768000000,5178.41504
1554782400000,5160.54639
1554796800000,5150.49512
1554811200000,5149.13184
1554825600000,5153.78564
1554840000000,5130.85254
1554854400000,5160.40576
1554868800000,5185.87305
1554883200000,5179.67822
1554897600000,5220.82959
1554912000000,5331.27344
1554926400000,5254.4873
1554940800000,5145.92969
1554955200000,5147.78516
1554969600000,5007.64893
1554984000000,4994.43408
1554998400000,5028.38623
1555012800000,5001.1958
1555027200000,4981.97559
1555041600000,4992.84961
1555056000000,5027.7666
1555070400000,5025.45996
1555084800000,5010.74902
1555099200000,5029.56201
1555113600000,5054.25146
1555128000000,5040.24268
1555142400000,5015.35205
1555156800000,5037.95947
1555171200000,5033.92676
1555185600000,5020.53223
1555200000000,5008.93457
1555214400000,5018.83789
1555228800000,5018.83789
1555243200000,5026.89111
1555257600000,5037.04297
1555272000000,5101.42773
1555286400000,5102.31445
1555300800000,5100.24316
1555315200000,5077.80615
1555329600000,5095.95557
1555344000000,4968.25439
1555358400000,4986.83252
1555372800000,5001.99121
1555387200000,5021.98145
1555401600000,5021.54053
1555416000000,5033.17041
1555430400000,5130.62207
1555444800000,5142.93604
1555459200000,5164.85498
1555473600000,5154.26953
1555488000000,5183.39795
1555502400000,5146.41846
1555516800000,5177.6543
1555531200000,5166.99951
1555545600000,5209.68848
1555560000000,5202.08691
1555574400000,5177.92969
1555588800000,5189.12158
1555603200000,5227.91992
1555617600000,5216.18945
1555632000000,5171.42432
1555646400000,5187.396
1555660800000,5200.27637
1555675200000,5220.3208
1555689600000,5237.32324
1555704000000,5227.37451
1555718400000,5242.46338
1555732800000,5264.33496
1555747200000,5247.63232
1555761600000,5254.24756
1555776000000,5255.12402
1555790400000,5257.29443
1555804800000,5271.17041
1555819200000,5256.48389
1555833600000,5209.32324
1555848000000,5225.70361
1555862400000,5206.90967
1555876800000,5241.20068
1555891200000,5208.73047
1555905600000,5225.32959
1555920000000,5253.37109
1555934400000,5251.7124
1555948800000,5317.54688
1555963200000,5318.44629
1555977600000,5358.26172
1555992000000,5460.24756
1556006400000,5473.96045
1556020800000,5482.46289
1556035200000,5506.09521
1556049600000,5461.04248
1556064000000,5502.47021
1556078400000,5406.59814
1556092800000,5377.18359
1556107200000,5400.35791
1556121600000,5375.00537
1556136000000,5386.26904
1556150400000,5383.62842
1556164800000,5371.3623
1556179200000,5410.12012
1556193600000,5401.89111
1556208000000,5425.54395
1556222400000,5090.55762
1556236800000,5162.42871
1556251200000,5125.80811
1556265600000,5121.05566
1556280000000,5099.7085
1556294400000,5044.54395
1556308800000,5110.9502
1556323200000,5099.15283
1556337600000,5129.02686
1556352000000,5121.07959
1556366400000,5112.69141
1556380800000,5151.25488
1556395200000,5121.67578
1556409600000,5123.45801
1556424000000,5132.31299
1556438400000,5161.13525
1556452800000,5145.29834
1556467200000,5099.28223
1556481600000,5111.10449
1556496000000,5127.29346
1556510400000,5112.41992
1556524800000,5107.0249
1556539200000,5100.3125
1556553600000,5103.68555
1556568000000,5099.27686
1556582400000,5102.98193
1556596800000,5102.98193
1556611200000,5157.26904
1556625600000,5194.771
1556640000000,5177.55225
1556654400000,5205.20947
1556668800000,5249.51123
1556683200000,5246.20605
1556697600000,5248.43945
1556712000000,5227.63135
1556726400000,5237.26758
1556740800000,5253.07227
1556755200000,5270.29932
1556769600000,5269.12158
1556784000000,5292.08789
1556798400000,5323.96143
1556812800000,5321.29102
1556827200000,5318.28564
1556841600000,5388.2959
1556856000000,5500.76953
1556870400000,5613.396
1556884800000,5625.55762
1556899200000,5589.15576
1556913600000,5579.56104
1556928000000,5655.63965
1556942400000,5656.12012
1556956800000,5644.54736
1556971200000,5490.7583
1556985600000,5536.23291
1557000000000,5702.63867
1557014400000,5685.47412
1557028800000,5641.5498
1557043200000,5646.26709
1557057600000,5642.22119
1557072000000,5633.28174
1557086400000,5652.37695
1557100800000,5566.05078
1557115200000,5534.0791
1557129600000,5583.27002
1557144000000,5593.87646
1557158400000,5670.02441
1557172800000,5626.20068
1557187200000,5823.25049
1557201600000,5808.68652
1557216000000,5817.25928
1557230400000,5793.33838
1557244800000,5776.6499
1557259200000,5683.13867
1557273600000,5719.06885
1557288000000,5761.68066
1557302400000,5782.79199
1557316800000,5825.09717
1557331200000,5835.44775
1557345600000,5869.80078
1557360000000,5963.76611
1557374400000,5982.86035
1557388800000,5961.17041
1557403200000,5925.61084
1557417600000,5985.57324
1557432000000,6067.99365
1557446400000,6194.66895
1557460800000,6233.91602
1557475200000,6210.72998
1557489600000,6232.42676
1557504000000,6291.35352
1557518400000,6267.0083
1557532800000,6458.06934
1557547200000,6703.88965
1557561600000,6700.70459
1557576000000,6852.02783
1557590400000,6854.98877
1557604800000,7150.86621
1557619200000,7069.98633
1557633600000,7440.95605
1557648000000,7127.93555
1557662400000,6823.23975
1557676800000,6961.23291
1557691200000,6914.87305
1557705600000,6948.58643
1557720000000,6959.81152
1557734400000,7196.97705
1557748800000,7774.70068
1557763200000,7831.04443
1557777600000,7751.64355
1557792000000,7895.73291
1557806400000,8251.77734
1557820800000,7969.48877
1557835200000,7880.75
1557849600000,7721.01709
1557864000000,7930.57422
1557878400000,8003.44092
1557892800000,7855.4541
1557907200000,7915.37695
1557921600000,7956.6167
1557936000000,8139.38477
1557950400000,8142.3335
1557964800000,8185.54785
1557979200000,7947.62061
1557993600000,7808.47266
1558008000000,7964.34521
1558022400000,7785.20068
1558036800000,7831.54736
1558051200000,7250.64355
1558065600000,7239.8457
1558080000000,7124.53613
1558094400000,7049.92773
1558108800000,7101.74805
1558123200000,7305.53809
1558137600000,7332.26221
1558152000000,7280.07422
1558166400000,7273.25293
1558180800000,7307.55371
1558195200000,7196.70068
1558209600000,7214.99268
1558224000000,7888.95947
1558238400000,7922.7998
1558252800000,7979.1709
1558267200000,7933.31006
1558281600000,7899.55127
1558296000000,8140.81445
1558310400000,8005.73535
1558324800000,7858.14404
1558339200000,7812.60254
1558353600000,7783.07715
1558368000000,7760.35986
1558382400000,7953.29004
1558396800000,7879.01611
1558411200000,7886.29834
1558425600000,7826.13916
1558440000000,7878.38428
1558454400000,7966.51465
1558468800000,7903.27246
1558483200000,7884.5957
1558497600000,7868.34668
1558512000000,7770.73975
1558526400000,7933.75488
1558540800000,7876.34473
1558555200000,7580.66455
1558569600000,7623.86621
1558584000000,7554.60205
1558598400000,7551.69727
1558612800000,7723.73291
1558627200000,7738.63477
1558641600000,7819.89014
1558656000000,7828.06348
1558670400000,7831.8999
1558684800000,7982.896
1558699200000,8054.40625
1558713600000,8018.92676
1558728000000,7944.05664
1558742400000,7959.40576
1558756800000,7948.5459
1558771200000,8053.95117
1558785600000,8013.02686
1558800000000,7961.67334
1558814400000,8010.33057
1558828800000,7961.41064
1558843200000,7949.65479
1558857600000,7885.16016
1558872000000,7974.57617
1558886400000,8553.5752
1558900800000,8678.27344
1558915200000,8699.39453
1558929600000,8712.64551
1558944000000,8648.15625
1558958400000,8781.78711
1558972800000,8736.09082
1558987200000,8711.14453
1559001600000,8727.70898
1559016000000,8688.37402
1559030400000,8693.70605
1559044800000,8646.12793
1559059200000,8634.47461
1559073600000,8655.60645
1559088000000,8573.71973
1559102400000,8485.93945
1559116800000,8581.6875
1559131200000,8647.26953
1559145600000,8644.4668
1559160000000,8606.69922
1559174400000,8647.62793
1559188800000,8651.90723
1559203200000,8657.59473
1559217600000,8860.5
1559232000000,8572.30762
1559246400000,8234.83398
1559260800000,8225.6084
1559275200000,8261.30371
1559289600000,8223.58105
1559304000000,8306.24805
1559318400000,8401.66797
1559332800000,8499.90039
1559347200000,8495.60156
1559361600000,8492.74414
1559376000000,8524.69531
1559390400000,8488.70703
1559404800000,8485.39844
1559419200000,8504.30176
1559433600000,8514.6748
1559448000000,8655.62012
1559462400000,8685.72168
1559476800000,8656.01855
1559491200000,8625.37695
1559505600000,8678.47949
1559520000000,8626.08398
1559534400000,8421.41309
1559548800000,8450.0918
1559563200000,8442.97656
1559577600000,8520.45801
1559592000000,8069.39844
1559606400000,7858.24463
1559620800000,7832.27783
1559635200000,7867.18457
1559649600000,7887.43457
1559664000000,7581.90918
1559678400000,7637.69873
1559692800000,7763.44727
1559707200000,7789.60498
1559721600000,7751.64941
1559736000000,7610.27148
1559750400000,7749.49512
1559764800000,7747.06689
1559779200000,7816.04004
1559793600000,7728.42529
1559808000000,7806.91992
1559822400000,7673.79688
1559836800000,7559.10352
1559851200000,7759.66309
1559865600000,7766.854
1559880000000,7894.5415
1559894400000,7870.47559
1559908800000,7893.00977
1559923200000,7917.90527
1559937600000,7946.11914
1559952000000,7903.72412
1559966400000,7891.82715
1559980800000,7957.41064
1559995200000,7892.9126
1560009600000,7789.45264
1560024000000,7878.08496
1560038400000,7842.8335
1560052800000,7866.96826
1560067200000,7829.47412
1560081600000,7699.65723
1560096000000,7702.00098
1560110400000,7594.06982
1560124800000,7621.5918
1560139200000,7673.90527
1560153600000,7890.7998
1560168000000,7890.7998
1560182400000,7925.11377
1560196800000,7961.34033
1560211200000,7912.03174
1560225600000,7891.8291
1560240000000,7745.58887
1560254400000,7738.92627
1560268800000,7841.13477
1560283200000,7864.78662
1560297600000,7937.79688
1560312000000,7949.66602
1560326400000,7944.07764
1560340800000,8132.02686
1560355200000,8107.40381
1560369600000,8114.10303
1560384000000,8063.19287
1560398400000,8070.31104
1560412800000,8068.01172
1560427200000,8127.62842
1560441600000,8173.24707
1560456000000,8168.71338
1560470400000,8146.56641
1560484800000,8195.21191
1560499200000,8203.25
1560513600000,8338.14551
1560528000000,8332.77734
1560542400000,8614.43359
1560556800000,8576.63184
1560571200000,8630.20996
1560585600000,8607.49707
1560600000000,8721.41699
1560614400000,8784.9248
1560628800000,8777.67969
1560643200000,8935.76562
1560657600000,9261.21777
1560672000000,9068.28516
1560686400000,9159.48633
1560700800000,8863.74414
1560715200000,8912.91309
1560729600000,9101.75977
1560744000000,9096.50977
1560758400000,9249.56152
1560772800000,9135.99609
1560787200000,9248.83008
1560801600000,9280.59863
1560816000000,9210.59082
1560830400000,9072.41504
1560844800000,9124.33594
1560859200000,9031.9043
1560873600000,9020.4082
1560888000000,9027.63574
1560902400000,9087.35352
1560916800000,9129.27734
1560931200000,9083.78516
1560945600000,9042.06055
1560960000000,9088.48926
1560974400000,9224.55371
1560988800000,9287.82227
1561003200000,9220.93457
1561017600000,9220.93457
1561032000000,9323.42969
1561046400000,9457.99023
1561060800000,9465.75098
1561075200000,9681.9668
1561089600000,9686.36426
1561104000000,9760.63477
1561118400000,9741.15332
1561132800000,9825.125
1561147200000,10186.3662
1561161600000,10548.0752
1561176000000,10604.1035
1561190400000,10792.1514
1561204800000,10729.833
1561219200000,10590.0566
1561233600000,10616.6602
1561248000000,10681.6807
1561262400000,10637.2646
1561276800000,10530.2285
1561291200000,10665.4551
1561305600000,10894.5459
1561320000000,10778.8418
1561334400000,10581.4434
1561348800000,10707.6211
1561363200000,10811.4561
1561377600000,10851.1416
1561392000000,10839.6846
1561406400000,10977.2559
1561420800000,11072.4014
1561435200000,11286.2646
1561449600000,11315.8047
1561464000000,11281.2002
1561478400000,11291.5088
1561492800000,11682.1064
1561507200000,12164.5605
1561521600000,12396.4678
1561536000000,12567.9297
1561550400000,12755.4023
1561564800000,13793.707
1561579200000,12862.457
1561593600000,12737.377
1561608000000,12352.8018
1561622400000,12034.3643
1561636800000,11640.4102
1561651200000,10822.4932
1561665600000,11115.0635
1561680000000,11040.3535
1561694400000,11221.3467
1561708800000,12016.499
1561723200000,11854.5361
1561737600000,12286.6055
1561752000000,12322.2529
1561766400000,11438.9219
1561780800000,11775.7588
1561795200000,11889.0557
1561809600000,11842.6211
1561824000000,11816.9531
1561838400000,11821.3955
1561852800000,12087.9414
1561867200000,11660.4893
1561881600000,11466.9775
1561896000000,11004.3496
1561910400000,11178.7061
1561924800000,10728.0547
1561939200000,11041.8564
1561953600000,10870.2412
1561968000000,10936.2139
1561982400000,10303.2832
1561996800000,10162.0703
1562011200000,10534.0732
1562025600000,10272.2314
1562040000000,9808.44531
1562054400000,9950.61523
1562068800000,10557.7393
1562083200000,10718.1523
1562097600000,10794.6416
1562112000000,11267.7881
1562126400000,11212.0576
1562140800000,11157.8408
1562155200000,11402.6943
1562169600000,11227.4209
1562184000000,11924.8242
1562198400000,11850.0244
1562212800000,11659.5879
1562227200000,11694.1631
1562241600000,11726.2471
1562256000000,11823.4434
1562270400000,11100.6699
1562284800000,11080.4512
1562299200000,10917.2588
1562313600000,11154.8037
1562328000000,11212.8564
1562342400000,11090.3564
1562356800000,10948.1416
1562371200000,11477.3291
1562385600000,11419.3418
1562400000000,11376.6191
1562414400000,11579.3135
1562428800000,11471.9414
1562443200000,11187.6973
1562457600000,11098.7422
1562472000000,11149.2188
1562486400000,11294.2861
1562500800000,11198.2393
1562515200000,11524.4199
1562529600000,11426.0459
1562544000000,11363.4111
1562558400000,11432.9648
1562572800000,11909.0078
1562587200000,11841.1719
1562601600000,12157.8994
1562616000000,12226.9404
1562630400000,12611.6279
1562644800000,12420.5811
1562659200000,12287.3613
1562673600000,12349.4414
1562688000000,12447.9668
1562702400000,12502.1475
1562716800000,12922.0576
1562731200000,12835.5449
1562745600000,12938.2119
1562760000000,12312.0107
1562774400000,12018.4121
1562788800000,12042.9619
1562803200000,11657.4004
1562817600000,11571.2061
1562832000000,11557.4238
1562846400000,11504.7939
1562860800000,11553.083
1562875200000,11296.4385
1562889600000,11145.751
1562904000000,11628.8242
1562918400000,11649.3975
1562932800000,11485.9111
1562947200000,11595.9238
1562961600000,11754.9658
1562976000000,11580.5156
1562990400000,11469.1748
1563004800000,11258.0107
1563019200000,11369.208
1563033600000,11142.7354
1563048000000,11328.5918
1563062400000,11250.0586
1563076800000,11098.8086
1563091200000,10645.6553
1563105600000,10398.667
1563120000000,10452.6611
1563134400000,10164.0576
1563148800000,10216.0488
1563163200000,10298.6094
1563177600000,10269.0234
1563192000000,10520.6475
1563206400000,10807.0479
1563220800000,10813.3984
1563235200000,10683.5332
1563249600000,10721.5273
1563264000000,10669.167
1563278400000,10476.6533
1563292800000,9647.37012
1563307200000,9394.81836
1563321600000,9389.37012
1563336000000,9549.22363
1563350400000,9154.87305
1563364800000,9698.4873
1563379200000,9710.73145
1563393600000,9657.46973
1563408000000,9699.47363
1563422400000,9769.26855
1563436800000,9728.46777
1563451200000,10402.8818
1563465600000,10475.1748
1563480000000,10590.7402
1563494400000,10548.7012
1563508800000,10587.4873
1563523200000,10244.1934
1563537600000,10352.9629
1563552000000,10348.5615
1563566400000,10468.9668
1563580800000,10472.8809
1563595200000,10540.3428
1563609600000,10535.9727
1563624000000,10598.917
1563638400000,10869.4473
1563652800000,10705.7354
1563667200000,10531.293
1563681600000,10548.3623
1563696000000,10516.3271
1563710400000,10398.8174
1563724800000,10363.8398
1563739200000,10533.1719
1563753600000,10564.2695
1563768000000,10546.8848
1563782400000,10510.2324
1563796800000,10186.2598
1563811200000,10097.9932
1563825600000,10275.166
1563840000000,10190.9766
1563854400000,9984.57812
1563868800000,9970.89648
1563883200000,9906.92383
1563897600000,10093.7354
1563912000000,9808.52734
1563926400000,9601.02051
1563940800000,9652.60449
1563955200000,9669.45605
1563969600000,9856.60254
1563984000000,9614.50684
1563998400000,9730.08984
1564012800000,10069.915
1564027200000,10023.5996
1564041600000,10049.8848
1564056000000,9944.27148
1564070400000,9821.93359
1564084800000,9829.67773
1564099200000,9666.81055
1564113600000,9726.66113
1564128000000,9757.04883
1564142400000,9750.24805
1564156800000,9815.16406
1564171200000,9800.1748
1564185600000,10089.874
1564200000000,10031.5605
1564214400000,9450.79688
1564228800000,9385.58398
1564243200000,9360.58984
1564257600000,9427.09473
1564272000000,9422.21094
1564286400000,9439.97461
1564300800000,9478.80664
1564315200000,9461.81836
1564329600000,9488.55078
1564344000000,9490.45508
1564358400000,9582.875
1564372800000,9552.12402
1564387200000,9415.2666
1564401600000,9467.99316
1564416000000,9427.53027
1564430400000,9461.62402
1564444800000,9384.21777
1564459200000,9456.10156
1564473600000,9490.68652
1564488000000,9653.24414
1564502400000,9556.3623
1564516800000,9544.89355
1564531200000,9631.24316
1564545600000,9689.14648
1564560000000,9707.81152
1564574400000,9984.78809
1564588800000,9939.88184
1564603200000,10023.7861
1564617600000,9945.80762
1564632000000,9916.46582
1564646400000,9915.99414
1564660800000,9963.11621
1564675200000,10217.4912
1564689600000,10341.4932
1564704000000,10294.4619
1564718400000,10475.2842
1564732800000,10416.8398
1564747200000,10542.9961
1564761600000,10403.334
1564776000000,10463.2656
1564790400000,10710.2578
1564804800000,10759.8057
1564819200000,10701.0596
1564833600000,10690.1758
1564848000000,10799.1514
1564862400000,10751.4873
1564876800000,10715.1553
1564891200000,10630.0566
1564905600000,10631.0244
1564920000000,10914.4727
1564934400000,10892.7354
1564948800000,10916.1299
1564963200000,11511.1172
1564977600000,11627.2842
1564992000000,11732.6465
1565006400000,11707.9795
1565020800000,11684.7891
1565035200000,11735.5947
1565049600000,11608.3643
1565064000000,12133.0664
1565078400000,11715.3828
1565092800000,11654.3154
1565107200000,11638.8242
1565121600000,11413.3369
1565136000000,11567.9814
1565150400000,11470.877
1565164800000,11685.8174
1565179200000,11607.71
1565193600000,11712.9717
1565208000000,11926.3398
1565222400000,11901.1992
1565236800000,11857.2588
1565251200000,11765.9863
1565265600000,11637.2852
1565280000000,11520.416
1565294400000,11962.5664
1565308800000,11826.125
1565323200000,11801.3574
1565337600000,11647.3115
1565352000000,11659.0068
1565366400000,11749.1201
1565380800000,11818.8096
1565395200000,11786.918
1565409600000,11783.542
1565424000000,11300.1504
1565438400000,11346.6406
1565452800000,11261.6914
1565467200000,11243.1455
1565481600000,11333.3232
1565496000000,11307.0674
1565510400000,11421.7998
1565524800000,11335.4814
1565539200000,11330.6338
1565553600000,11502.6602
1565568000000,11392.9121
1565582400000,11361.46
1565596800000,11288.3877
1565611200000,11344.0303
1565625600000,11396.8184
1565640000000,11352.5322
1565654400000,11349.6475
1565668800000,11304.5176
1565683200000,11210.2129
1565697600000,10885.7422
1565712000000,10869.1377
1565726400000,10834.002
1565740800000,10583.7949
1565755200000,10550.8955
1565769600000,10500.3281
1565784000000,10449.2637
1565798400000,10112.7021
1565812800000,10008.3916
1565827200000,9804.92383
1565841600000,9824.27539
1565856000000,10109.042
1565870400000,10059.459
1565884800000,10068.999
1565899200000,10257.4766
1565913600000,10282.4297
1565928000000,9889.00684
1565942400000,10104.916
1565956800000,10355.6553
1565971200000,10414.0117
1565985600000,10307.7246
1566000000000,10257.9785
1566014400000,10315.5957
1566028800000,10286.9053
1566043200000,10280.1074
1566057600000,10117.2598
1566072000000,10164.3711
1566086400000,10075.876
1566100800000,10092.1621
1566115200000,10364.2432
1566129600000,10349.2617
1566144000000,10325.6201
1566158400000,10271.1309
1566172800000,10359.1416
1566187200000,10664.9336
1566201600000,10642.3789
1566216000000,10653.5488
1566230400000,10634.4512
1566244800000,10863.8799
1566259200000,10740.0635
1566273600000,10764.8408
1566288000000,10660.4912
1566302400000,10675.4805
1566316800000,10683.6846
1566331200000,10719.832
1566345600000,10250.0645
1566360000000,10072.4795
1566374400000,10112.7891
1566388800000,9936.39746
1566403200000,10056.8896
1566417600000,10088.6055
1566432000000,9831.18555
1566446400000,9928.75
1566460800000,9924.35742
1566475200000,10070.0527
1566489600000,10125.4795
1566504000000,10073.1064
1566518400000,10105.2979
1566532800000,10186.0508
1566547200000,10098.1836
1566561600000,10358.8203
1566576000000,10368.0283
1566590400000,10356.0254
1566604800000,10327.2715
1566619200000,10274.0898
1566633600000,9969.79492
1566648000000,9953.28027
1566662400000,10061.0039
1566676800000,10094.0889
1566691200000,10092.6436
1566705600000,10079.668
1566720000000,10088.6982
1566734400000,10023.541
1566748800000,10022.1045
1566763200000,10100.0244
1566777600000,10237.1426
1566792000000,10292.209
1566806400000,10328.6279
1566820800000,10275.8301
1566835200000,10265.4629
1566849600000,10313.5234
1566864000000,10132.2656
1566878400000,10123.2109
1566892800000,10067.9355
1566907200000,10136.7656
1566921600000,10113.0312
1566936000000,10134.1895
1566950400000,10045.5117
1566964800000,10114.5264
1566979200000,10103.6475
1566993600000,10194.5283
1567008000000,9624.10742
1567022400000,9672.0918
1567036800000,9558.3623
1567051200000,9358.99707
1567065600000,9422.64062
1567080000000,9466.34961
1567094400000,9456.10547
1567108800000,9460.8291
1567123200000,9434.57227
1567137600000,9430.6875
1567152000000,9523.56152
1567166400000,9546.60938
1567180800000,9537.48242
1567195200000,9541.21582
1567209600000,9579.8877
1567224000000,9553.23926
1567238400000,9533.26855
1567252800000,9554.49023
1567267200000,9541.26172
1567281600000,9564.1748
1567296000000,9586.62402
1567310400000,9578.23926
1567324800000,9546.10938
1567339200000,9574.19043
1567353600000,9582.33691
1567368000000,9716.28223
1567382400000,9708.06738
1567396800000,9713.63379
1567411200000,9782.59082
1567425600000,9847.10352
1567440000000,10108.9863
1567454400000,10306.2676
1567468800000,10328.3232
1567483200000,10313.2744
1567497600000,10354.3271
1567512000000,10631.9395
1567526400000,10589.1104
1567540800000,10558.7109
1567555200000,10555.0381
1567569600000,10498.5889
1567584000000,10466.8389
1567598400000,10361.627
1567612800000,10651.8945
1567627200000,10518.9678
1567641600000,10518.9678
1567656000000,10505.7822
1567670400000,10528.4551
1567684800000,10508.8125
1567699200000,10491.5479
1567713600000,10526.498
1567728000000,10608.5928
1567742400000,10687.1934
1567756800000,10809.8223
1567771200000,10813.2227
1567785600000,10338.0684
1567800000000,10269.5225
1567814400000,10300.6006
1567828800000,10343.1299
1567843200000,10381.3525
1567857600000,10429.6211
1567872000000,10450.1621
1567886400000,10443.0469
1567900800000,10507.8281
1567915200000,10491.8057
1567929600000,10369.6602
1567944000000,10357.7773
1567958400000,10302.1562
1567972800000,10341.6025
1567987200000,10257.9199
1568001600000,10096.1943
1568016000000,10368.9258
1568030400000,10267.5693
1568044800000,10247.3701
1568059200000,10258.3115
1568073600000,10249.7002
1568088000000,10227.7354
1568102400000,10209.1406
1568116800000,10128.8975
1568131200000,9958.40527
1568145600000,10054.6865
1568160000000,10034.958
1568174400000,10000.8184
1568188800000,10012.9561
1568203200000,9935.16602
1568217600000,10028.5928
1568232000000,10107.2207
1568246400000,10059.5762
1568260800000,10025.2432
1568275200000,10113.6738
1568289600000,10274.9424
1568304000000,10270.2217
1568318400000,10372.6631
1568332800000,10339.3066
1568347200000,10270.0771
1568361600000,10279.1113
1568376000000,10264.5605
1568390400000,10169.8672
1568404800000,10311.6035
1568419200000,10264.4121
1568433600000,10289.1025
1568448000000,10258.5342
1568462400000,10322.4707
1568476800000,10331.9502
1568491200000,10311.9277
1568505600000,10280.2734
1568520000000,10282.6113
1568534400000,10277.5293
1568548800000,10266.9463
1568563200000,10257.7754
1568577600000,10257.7754
1568592000000,10272.3184
1568606400000,10263.3174
1568620800000,10236.2939
1568635200000,10093.9883
1568649600000,10094.4336
1568664000000,10220.3867
1568678400000,10206.5244
1568692800000,10170.9121
1568707200000,10130.4883
1568721600000,10164.9902
1568736000000,10214.8467
1568750400000,10143.6035
1568764800000,10177.0254
1568779200000,10173.7959
1568793600000,10123.8691
1568808000000,10141.0684
1568822400000,10138.3086
1568836800000,10122.7227
1568851200000,9785.23047
1568865600000,9850.0918
1568880000000,9829.89258
1568894400000,9852.23828
1568908800000,10064.7578
1568923200000,10222.2412
1568937600000,10177.832
1568952000000,10103.918
1568966400000,10119.0996
1568980800000,10121.9375
1568995200000,10104.5322
1569009600000,10128.4893
1569024000000,10086.8115
1569038400000,10036.0645
1569052800000,9998.36328
1569067200000,9994.59668
1569081600000,9963.0957
1569096000000,9931.07812
1569110400000,9833.39258
1569124800000,9976.36426
1569139200000,9955.12109
1569153600000,9940.50977
1569168000000,9936.75
1569182400000,9974.02051
1569196800000,9920.71094
1569211200000,9847.66797
1569225600000,9864.10254
1569240000000,9818.33984
1569254400000,9753.8291
1569268800000,9654.81934
1569283200000,9672
1569297600000,9705.92773
1569312000000,9678.35645
1569326400000,9463.80957
1569340800000,8360.60938
1569355200000,8511.82617
1569369600000,8577.3252
1569384000000,8330.90723
1569398400000,8306.64355
1569412800000,8272.98535
1569427200000,8332.9502
1569441600000,8417.26172
1569456000000,8352.2666
1569470400000,8365.08984
1569484800000,8373.1377
1569499200000,7900.75684
1569513600000,8090.57471
1569528000000,8019.1543
1569542400000,7988.13037
1569556800000,8013.88281
1569571200000,7952.93945
1569585600000,7970.50195
1569600000000,7972.39453
1569614400000,8154.26709
1569628800000,8153.78076
1569643200000,8188.95996
1569657600000,8112.78906
1569672000000,8057.90674
1569686400000,8125.09961
1569700800000,8171.54297
1569715200000,8102.50146
1569729600000,8065.77832
1569744000000,8054.67627
1569758400000,7937.64795
1569772800000,7926.02148
1569787200000,8015.86865
1569801600000,7945.49854
1569816000000,7760.2749
1569830400000,7996.20703
1569844800000,8238.08203
1569859200000,8232.78906
1569873600000,8244.35059
1569888000000,8370.25
1569902400000,8367.86426
1569916800000,8322.61133
1569931200000,8335.57422
1569945600000,8261.87012
1569960000000,8267.5957
1569974400000,8223.44434
1569988800000,8174.48096
1570003200000,8236.03418
1570017600000,8191.94287
1570032000000,8210.34668
1570046400000,8323.1543
1570060800000,8289.73828
1570075200000,8226.05078
1570089600000,8184.89111
1570104000000,8069.74072
1570118400000,8109.13525
1570132800000,8190.60693
1570147200000,8068.23486
1570161600000,8094.59961
1570176000000,8107.75732
1570190400000,8112.43994
1570204800000,8147.97559
1570219200000,8104.65186
1570233600000,8098.0625
1570248000000,8074.57373
1570262400000,8056.26709
1570276800000,8048.30518
1570291200000,8043.63867
1570305600000,8097.22559
1570320000000,8015.26562
1570334400000,7938.41309
1570348800000,7924.21143
1570363200000,7985.44727
1570377600000,7859.52783
1570392000000,7828.0293
1570406400000,7835.27588
1570420800000,7830.52881
1570435200000,7945.26562
1570449600000,8131.91016
1570464000000,8165.64307
1570478400000,8152.65479
1570492800000,8212.41309
1570507200000,8161.99658
1570521600000,8127.18701
1570536000000,8129.06348
1570550400000,8111.99121
1570564800000,8126.40479
1570579200000,8074.40527
1570593600000,8117.90918
1570608000000,8135.06934
1570622400000,8501.3125
1570636800000,8529.45801
1570651200000,8516.60645
1570665600000,8499.67969
1570680000000,8552.73633
1570694400000,8490.06934
1570708800000,8495.33691
1570723200000,8522.5957
1570737600000,8525.46094
1570752000000,8518.72168
1570766400000,8350.54297
1570780800000,8265.64844
1570795200000,8304.90332
1570809600000,8301.62793
1570824000000,8232.23535
1570838400000,8274.92676
1570852800000,8300.49707
1570867200000,8282.81641
1570881600000,8342.71484
1570896000000,8274.40234
1570910400000,8268.80957
1570924800000,8297.87012
1570939200000,8285.40625
1570953600000,8320.80957
1570968000000,8369.38281
1570982400000,8391.67578
1570996800000,8242.67383
1571011200000,8255.11133
1571025600000,8266.13281
1571040000000,8253.1748
1571054400000,8219.83203
1571068800000,8293.83008
1571083200000,8308.09668
1571097600000,8274.63379
1571112000000,8249.3457
1571126400000,8257.03809
1571140800000,8278.27148
1571155200000,8141.33545
1571169600000,8125.36768
1571184000000,8129.8335
1571198400000,8107.41797
1571212800000,8023.13281
1571227200000,7921.93701
1571241600000,7930.34277
1571256000000,7968.88818
1571270400000,7941.3833
1571284800000,7945.34766
1571299200000,8029.16016
1571313600000,8038.18213
1571328000000,8023.36377
1571342400000,8036.75
1571356800000,8034.91748
1571371200000,7884.24609
1571385600000,7892.66406
1571400000000,7887.48535
1571414400000,7917.35693
1571428800000,7922.18896
1571443200000,7913.40674
1571457600000,7904.64941
1571472000000,7915.78662
1571486400000,7953.38525
1571500800000,7941.67578
1571515200000,7923.65381
1571529600000,7880.9209
1571544000000,7880.46436
1571558400000,7907.11084
1571572800000,7980.08691
1571587200000,8176.65332
1571601600000,8164.18506
1571616000000,8167.00635
1571630400000,8163.49756
1571644800000,8175.15479
1571659200000,8135.89404
1571673600000,8139.57031
1571688000000,8148.7251
1571702400000,8153.28516
1571716800000,8162.82617
1571731200000,8221.10254
1571745600000,8162.71777
1571760000000,8119.05322
1571774400000,7983.87744
1571788800000,7920.17139
1571803200000,7928.20752
1571817600000,7939.76367
1571832000000,7408.77051
1571846400000,7466.96289
1571860800000,7444.49805
1571875200000,7391.25879
1571889600000,7405.00781
1571904000000,7419.61865
1571918400000,7422.34424
1571932800000,7452.23926
1571947200000,7396.24805
1571961600000,7421.55615
1571976000000,7440.97314
1571990400000,7546.92236
1572004800000,8232.81348
1572019200000,8566.7334
1572033600000,8590.37012
1572048000000,9527.07715
1572062400000,9433.59863
1572076800000,9172.11914
1572091200000,9137.73633
1572105600000,8964.25098
1572120000000,9196.93066
1572134400000,9106.23242
1572148800000,9114.60254
1572163200000,9232.7373
1572177600000,9480.71191
1572192000000,9666.4043
1572206400000,9481.14844
1572220800000,9583.17773
1572235200000,9412.65234
1572249600000,9365.12988
1572264000000,9350.11816
1572278400000,9369.22656
1572292800000,9175.69922
1572307200000,9252.37402
1572321600000,9409.83789
1572336000000,9389.56055
1572350400000,9315.74023
1572364800000,9187.65625
1572379200000,9381.12695
1572393600000,9244.17188
1572408000000,9121.43066
1572422400000,9068.0166
1572436800000,9053.46387
1572451200000,9163.88574
1572465600000,9116.02637
1572480000000,9069.63379
1572494400000,9064.3252
1572508800000,9078.74219
1572523200000,9190.35449
1572537600000,9188.91895
1572552000000,9109.98145
1572566400000,9039.96191
1572580800000,9076.72852
1572595200000,9134.06055
1572609600000,9055.24316
1572624000000,9141.66895
1572638400000,9205.36914
1572652800000,9209.67773
1572667200000,9188.39551
1572681600000,9216.96191
1572696000000,9284.67969
1572710400000,9284.21191
1572724800000,9263.23438
1572739200000,9298.79785
1572753600000,9215.35645
1572768000000,9128.28125
1572782400000,9139.06348
1572796800000,9109.88477
1572811200000,9160.76758
1572825600000,9113.38965
1572840000000,9147.87012
1572854400000,9225.19238
1572868800000,9255.32812
1572883200000,9222.90332
1572897600000,9359.06934
1572912000000,9378.59668
1572926400000,9181.70898
1572940800000,9247.99805
1572955200000,9329.36523
1572969600000,9350.34375
1572984000000,9268.12598
1572998400000,9267.65527
1573012800000,9349.15234
1573027200000,9340.28418
1573041600000,9297.36426
1573056000000,9256.67285
1573070400000,9297.96875
1573084800000,9251.75
1573099200000,9207.23926
1573113600000,9160.22168
1573128000000,9143.75
1573142400000,9157.53516
1573156800000,9168.07129
1573171200000,9189.56152
1573185600000,9094.87305
1573200000000,8981.6084
1573214400000,8769.10449
1573228800000,8775.05371
1573243200000,8745.99609
1573257600000,8802.98145
1573272000000,8788.08301
1573286400000,8793.52441
1573300800000,8771.99609
1573315200000,8738.49414
1573329600000,8781.13281
1573344000000,8744.97949
1573358400000,8810.03125
1573372800000,8803.90625
1573387200000,8770.47656
1573401600000,8993.76172
1573416000000,8985.84082
1573430400000,8969.58105
1573444800000,8759.20898
1573459200000,8688.84277
1573473600000,8667.27051
1573488000000,8710.80859
1573502400000,8681.73047
1573516800000,8699.71387
1573531200000,8726.43262
1573545600000,8694.31543
1573560000000,8640.31445
1573574400000,8722.63965
1573588800000,8771.38965
1573603200000,8682.82227
1573617600000,8688.37207
1573632000000,8716.06445
1573646400000,8693.09961
1573660800000,8719.73828
1573675200000,8718.34375
1573689600000,8713.7207
1573704000000,8605.93652
1573718400000,8576.7002
1573732800000,8587.91797
1573747200000,8597.30078
1573761600000,8595.43945
1573776000000,8512.5498
1573790400000,8519.15332
1573804800000,8579.05469
1573819200000,8438.30762
1573833600000,8448.62793
1573848000000,8430.15625
1573862400000,8421.16992
1573876800000,8444.5625
1573891200000,8439.41504
1573905600000,8457.36914
1573920000000,8439.29297
1573934400000,8448.8291
1573948800000,8440.09961
1573963200000,8390.19824
1573977600000,8485.88672
1573992000000,8487.67578
1574006400000,8514.48828
1574020800000,8467.79688
1574035200000,8442.19824
1574049600000,8406.34766
1574064000000,8394.36621
1574078400000,8368.06836
1574092800000,8178.45459
1574107200000,8157.31445
1574121600000,8116.42334
1574136000000,8093.29932
1574150400000,8045.03223
1574164800000,8073.17383
1574179200000,8072.21631
1574193600000,8099.35303
1574208000000,8095.57178
1574222400000,8090.38965
1574236800000,8055.01709
1574251200000,8090.24902
1574265600000,8048.56006
1574280000000,8053.6582
1574294400000,8075.30615
1574308800000,8044.70117
1574323200000,7831.88721
1574337600000,7583.9624
1574352000000,7598.73584
1574366400000,7601.85107
1574380800000,7574.48486
1574395200000,7535.86035
1574409600000,7087.47461
1574424000000,7105.7666
1574438400000,7280.91162
1574452800000,7251.58105
1574467200000,7260.86377
1574481600000,7164.17285
1574496000000,7158.30908
1574510400000,7270.9165
1574524800000,7263.65625
1574539200000,7288.69434
1574553600000,7189.19385
1574568000000,7159.17529
1574582400000,7181.27295
1574596800000,6970.61816
1574611200000,7011.35547
1574625600000,6880.78271
1574640000000,6658.74121
1574654400000,6660.60107
1574668800000,6847.91309
1574683200000,7206.57666
1574697600000,7158.70557
1574712000000,7078.38818
1574726400000,7183.75732
1574740800000,7127.74658
1574755200000,7125.81738
1574769600000,7048.67383
1574784000000,7033.72607
1574798400000,7112.40332
1574812800000,7031.16211
1574827200000,7018.65869
1574841600000,7105.67676
1574856000000,7261.80127
1574870400000,7513.92627
1574884800000,7467.68066
1574899200000,7448.1543
1574913600000,7449.12061
1574928000000,7431.13281
1574942400000,7555.6084
1574956800000,7561.89111
1574971200000,7376.16699
1574985600000,7441.99219
1575000000000,7465.06104
1575014400000,7469.85742
1575028800000,7753.49707
1575043200000,7663.47168
1575057600000,7693.99121
1575072000000,7687.37793
1575086400000,7696.54541
1575100800000,7609.8916
1575115200000,7500.80127
1575129600000,7459.375
1575144000000,7504.12891
1575158400000,7252.11523
1575172800000,7240.53662
1575187200000,7275.56738
1575201600000,7265.01221
1575216000000,7306.97949
1575230400000,7352.77539
1575244800000,7318.07031
1575259200000,7210.65869
1575273600000,7253.38379
1575288000000,7267.9292
1575302400000,7237.51416
1575316800000,7257.55566
1575331200000,7307.48828
1575345600000,7251.35303
1575360000000,7226.30322
1575374400000,7290.9375
1575388800000,7282.96387
1575403200000,7248.75244
1575417600000,7114.80762
1575432000000,7098.60254
1575446400000,7164.02344
1575460800000,7414.37695
1575475200000,7427.75098
1575489600000,7154.83252
1575504000000,7170.96973
1575518400000,7258.42383
1575532800000,7319
1575547200000,7284.28516
1575561600000,7328.5459
1575576000000,7336.62891
1575590400000,7322.96777
1575604800000,7316.86328
1575619200000,7294.37793
1575633600000,7319.19678
1575648000000,7389.70605
1575662400000,7479.30078
1575676800000,7485.00537
1575691200000,7474.45703
1575705600000,7475.3999
1575720000000,7463.14893
1575734400000,7465.94922
1575748800000,7447.07373
1575763200000,7363.34619
1575777600000,7398.28418
1575792000000,7471.60742
1575806400000,7500.125
1575820800000,7469.7832
1575835200000,7462.08887
1575849600000,7463.47021
1575864000000,7423.86279
1575878400000,7425.67773
1575892800000,7373.66211
1575907200000,7331.53418
1575921600000,7296.47266
1575936000000,7328.03662
1575950400000,7300.46729
1575964800000,7298.17188
1575979200000,7200.22363
1575993600000,7194.12695
1576008000000,7187.11475
1576022400000,7173.58545
1576036800000,7178.25586
1576051200000,7189.23193
1576065600000,7135.06494
1576080000000,7156.63916
1576094400000,7162.56152
1576108800000,7121.10352
1576123200000,7104.41699
1576137600000,7147.07031
1576152000000,7139.78271
1576166400000,7154.62207
1576180800000,7145.18506
1576195200000,7168.83447
1576209600000,7178.1748
1576224000000,7170.29932
1576238400000,7196.07715
1576252800000,7201.60254
1576267200000,7196.51318
1576281600000,7202.76611
1576296000000,7204.41895
1576310400000,7144.31885
1576324800000,7024.96777
1576339200000,7041.2334
1576353600000,7027.81934
1576368000000,7016.72607
1576382400000,7095.99023
1576396800000,7062.42725
1576411200000,7066.74609
1576425600000,7062.23926
1576440000000,7068.59473
1576454400000,7025.4248
1576468800000,7019.53662
1576483200000,7033.65527
1576497600000,7036.96582
1576512000000,6869.98291
1576526400000,6852.9165
1576540800000,6850.55029
1576555200000,6839.21924
1576569600000,6899.33594
1576584000000,6666.34619
1576598400000,6591.77637
1576612800000,6593.09717
1576627200000,6653.68115
1576641600000,6587.43896
1576656000000,6583.59326
1576670400000,6776.46436
1576684800000,6904.59082
1576699200000,7221.30371
1576713600000,7105.03809
1576728000000,7032.33154
1576742400000,7087.17285
1576756800000,7082.4375
1576771200000,7116.02148
1576785600000,7089.66943
1576800000000,7068.52344
1576814400000,7081.36182
1576828800000,7081.83545
1576843200000,7092.22949
1576857600000,7127.64111
1576872000000,7128.11279
1576886400000,7107.56445
1576900800000,7078.77588
1576915200000,7093.63623
1576929600000,7080.02051
1576944000000,7090.60791
1576958400000,7085.2251
1576972800000,7081.65967
1576987200000,7125.87256
1577001600000,7102.88721
1577016000000,7122.44385
1577030400000,7329.5874
1577044800000,7429.0459
1577059200000,7517.14795
1577073600000,7433.15771
1577088000000,7485.10107
1577102400000,7514.9624
1577116800000,7372.76953
1577131200000,7258.07324
1577145600000,7257.60303
1577160000000,7205.90674
1577174400000,7312.56006
1577188800000,7220.24023
1577203200000,7192.81152
1577217600000,7205.48779
1577232000000,7183.37842
1577246400000,7198.75684
1577260800000,7163.6377
1577275200000,7136.44824
1577289600000,7182.62695
1577304000000,7149.50293
1577318400000,7132.70361
1577332800000,7150.99854
1577347200000,7134.78809
1577361600000,7177.18262
1577376000000,7241.21826
1577390400000,7149.39062
1577404800000,7164.57617
1577419200000,7119.07373
1577433600000,7063.91504
1577448000000,7173.98779
1577462400000,7154.91211
1577476800000,7191.54346
1577491200000,7223.15625
1577505600000,7235.23975
1577520000000,7232.96387
1577534400000,7238.02734
1577548800000,7273.48682
1577563200000,7245.6958
1577577600000,7240.32031
1577592000000,7251.22266
1577606400000,7273.94092
1577620800000,7320.20117
1577635200000,7396.05029
1577649600000,7324.7207
1577664000000,7283.67529
1577678400000,7306.67725
1577692800000,7246.3335
1577707200000,7193.45898
1577721600000,7167.55615
1577736000000,7174.75049
1577750400000,7171.99854
1577764800000,7182.20605
1577779200000,7179.4917
1577793600000,7136.36279
1577808000000,7117.15576
1577822400000,7128.80615
1577836800000,7156.55225
1577851200000,7143.54346
1577865600000,7135.93408
1577880000000,7163.44141
1577894400000,7163.44141
1577908800000,7137.50635
1577923200000,7064.44336
1577937600000,7046.54443
1577952000000,7080.87646
1577966400000,7071.37598
1577980800000,6935.96631
1577995200000,6919.42432
1578009600000,6907.14502
1578024000000,7136.57275
1578038400000,7264.99365
1578052800000,7252.12842
1578067200000,7269.12061
1578081600000,7277.12744
1578096000000,7268.09277
1578110400000,7280.70752
1578124800000,7263.71582
1578139200000,7246.28809
1578153600000,7264.69775
1578168000000,7284.95996
1578182400000,7399.021
1578196800000,7392.86182
1578211200000,7358.94775
1578225600000,7393.99463
1578240000000,7373.30371
1578254400000,7295.91357
1578268800000,7473.08789
1578283200000,7440.33691
1578297600000,7470.14502
1578312000000,7452.49365
1578326400000,7474.61816
1578340800000,7686.27734
1578355200000,7820.67432
1578369600000,7802.01758
1578384000000,7813.16943
1578398400000,7702.2168
1578412800000,8005.55029
1578427200000,8075.93408
1578441600000,8223.46191
1578456000000,8219.28516
1578470400000,8256.05371
1578484800000,8226.09766
1578499200000,7903.65674
1578513600000,7987.7373
1578528000000,7890.43994
1578542400000,7889.48584
1578556800000,7819.85596
1578571200000,7845.7041
1578585600000,7863.38916
1578600000000,7763.98633
1578614400000,7752.07373
1578628800000,7692.50537
1578643200000,7780.11865
1578657600000,8002.90332
1578672000000,8008.68652
1578686400000,8135.6748
1578700800000,8102.68018
1578715200000,8016.68408
1578729600000,7983.52881
1578744000000,8034.30811
1578758400000,8092.36426
1578772800000,7971.83447
1578787200000,8023.96191
1578801600000,8036.39111
1578816000000,8047.36035
1578830400000,8090.73633
1578844800000,8066.92383
1578859200000,8124.96729
1578873600000,8043.24072
1578888000000,8014.16113
1578902400000,8017.92773
1578916800000,8022.61719
1578931200000,8053.52295
1578945600000,8049.83984
1578960000000,8397.94922
1578974400000,8438.70703
1578988800000,8458.10938
1579003200000,8622.66602
1579017600000,8705.81836
1579032000000,8748.42285
1579046400000,8654.73242
1579060800000,8548.82812
1579075200000,8657.76465
1579089600000,8685.41406
1579104000000,8694.13477
1579118400000,8743.0498
1579132800000,8574.33008
1579147200000,8605.07617
1579161600000,8653.61133
1579176000000,8645.66797
1579190400000,8631.69824
1579204800000,8656.51562
1579219200000,8714.34473
1579233600000,8862.63574
1579248000000,8828.45801
1579262400000,8777.53418
1579276800000,8804.84375
1579291200000,8835.98438
1579305600000,8858.49609
1579320000000,8784.02441
1579334400000,8802.0752
1579348800000,8837.22461
1579363200000,8839.12207
1579377600000,8853.31738
1579392000000,9073.77441
1579406400000,9007.85059
1579420800000,8626.34082
1579435200000,8587.88672
1579449600000,8604.0166
1579464000000,8653.80762
1579478400000,8611.32031
1579492800000,8602.25879
1579507200000,8566.05469
1579521600000,8619.58008
1579536000000,8612.00391
1579550400000,8591.68652
1579564800000,8611.23242
1579579200000,8580.20703
1579593600000,8600.08789
1579608000000,8591.68164
1579622400000,8475.93066
1579636800000,8674.70117
1579651200000,8654.94727
1579665600000,8666.71094
1579680000000,8599.60059
1579694400000,8590.19824
1579708800000,8602.74121
1579723200000,8615.71191
1579737600000,8526.38086
1579752000000,8513.68555
1579766400000,8363.24609
1579780800000,8306.66699
1579795200000,8313.04395
1579809600000,8359.97656
1579824000000,8277.91016
1579838400000,8293.85547
1579852800000,8349.14844
1579867200000,8444.46973
1579881600000,8444.46973
1579896000000,8383.93066
1579910400000,8251.01367
1579924800000,8260.6748
1579939200000,8264.33691
1579953600000,8282.57715
1579968000000,8305.35938
1579982400000,8285.66797
1579996800000,8303.7666
1580011200000,8323.66406
1580025600000,8407.81445
1580040000000,8381.15527
1580054400000,8492.17676
1580068800000,8535.44043
1580083200000,8582.18262
1580097600000,8579.92188
1580112000000,8644.70898
1580126400000,8688.45801
1580140800000,8842.1875
1580155200000,8822.38086
1580169600000,9020.3252
1580184000000,8963.76172
1580198400000,8993.33984
1580212800000,8941.72656
1580227200000,8930.75488
1580241600000,9320.42773
1580256000000,9270.70508
1580270400000,9288.78418
1580284800000,9214.95508
1580299200000,9209.37988
1580313600000,9311.33887
1580328000000,9222.93848
1580342400000,9192.5791
1580356800000,9304.66504
1580371200000,9266.41211
1580385600000,9304.53418
1580400000000,9424.10938
1580414400000,9437.20801
1580428800000,9360.64062
1580443200000,9290.56445
1580457600000,9257.76855
1580472000000,9261.58203
1580486400000,9234.08496
1580500800000,9286.75391
1580515200000,9356.79883
1580529600000,9352.64746
1580544000000,9282.37207
1580558400000,9269.84961
1580572800000,9292.90234
1580587200000,9320.66113
1580601600000,9208.60742
1580616000000,9310.21777
1580630400000,9363.31152
1580644800000,9396.56348
1580659200000,9384.12891
1580673600000,9279.74707
1580688000000,9323.02832
1580702400000,9308.62012
1580716800000,9282.15723
1580731200000,9218.74219
1580745600000,9261.02344
1580760000000,9233.54688
1580774400000,9232.15332
1580788800000,9222.90137
1580803200000,9136.2793
1580817600000,9148.55078
1580832000000,9120.5332
1580846400000,9129.53223
1580860800000,9167.84375
1580875200000,9200.50977
1580889600000,9347.95703
1580904000000,9421.24902
1580918400000,9602.01855
1580932800000,9555.74609
1580947200000,9561.98535
1580961600000,9557.4375
1580976000000,9629.77441
1580990400000,9719.42188
1581004800000,9664.42383
1581019200000,9682.17383
1581033600000,9699.4248
1581048000000,9723.37109
1581062400000,9728.15332
1581076800000,9723.72754
1581091200000,9700.77734
1581105600000,9740.52637
1581120000000,9649.77734
1581134400000,9693.4043
1581148800000,9758.09277
1581163200000,9777.52246
1581177600000,9798.8418
1581192000000,9839.18164
1581206400000,9982.61426
1581220800000,10062.5557
1581235200000,10043.3857
1581249600000,10036.2803
1581264000000,10012.3652
1581278400000,10092.5957
1581292800000,10030.8906
1581307200000,9933.37891
1581321600000,9762.85547
1581336000000,9825.93652
1581350400000,9785.42578
1581364800000,9806.55078
1581379200000,9688.43848
1581393600000,9694.03613
1581408000000,9758.94922
1581422400000,10160.0254
1581436800000,10234.8506
1581451200000,10214.165
1581465600000,10244.707
1581480000000,10341.3262
1581494400000,10303.9609
1581508800000,10279.6924
1581523200000,10275.5049
1581537600000,10297.1621
1581552000000,10344.3408
1581566400000,10289.4414
1581580800000,10097.1973
1581595200000,10213.6855
1581609600000,10210.3838
1581624000000,10189.6885
1581638400000,10204.4199
1581652800000,10073.877
1581667200000,10215.5537
1581681600000,10209.4189
1581696000000,10304.5176
1581710400000,10313.6133
1581724800000,10230.5605
1581739200000,10184.834
1581753600000,10188.6162
1581768000000,9942.5
1581782400000,9862.02832
1581796800000,9873.75293
1581811200000,9969.19922
1581825600000,9929.46387
1581840000000,9895.46582
1581854400000,9842.74512
1581868800000,9735.41797
1581883200000,9893.31738
1581897600000,9790.92578
1581912000000,9733.5459
1581926400000,9610.65137
1581940800000,9623.3252
1581955200000,9653.30664
1581969600000,9675.2959
1581984000000,9700.52246
1581998400000,9772.18652
1582012800000,9692.49121
1582027200000,9811.68066
1582041600000,10015.6543
1582056000000,10134.3145
1582070400000,10116.3418
1582084800000,10022.999
1582099200000,10176.7529
1582113600000,10089.3008
1582128000000,10122.0576
1582142400000,9564.01758
1582156800000,9529.36328
1582171200000,9566.26953
1582185600000,9539.02344
1582200000000,9548.5625
1582214400000,9519.94922
1582228800000,9575.04102
1582243200000,9670.7793
1582257600000,9646.24609
1582272000000,9669.53906
1582286400000,9690.89648
1582300800000,9650.30176
1582315200000,9658.31934
1582329600000,9638.34473
1582344000000,9573.10645
1582358400000,9610.01465
1582372800000,9608.5918
1582387200000,9648.16113
1582401600000,9631.23047
1582416000000,9759.52344
1582430400000,9855.83984
1582444800000,9808.70703
1582459200000,9842.38086
1582473600000,9849.95996
1582488000000,9908.75
1582502400000,9726.35449
1582516800000,9714.06348
1582531200000,9775.27832
1582545600000,9675.60938
1582560000000,9559.73926
1582574400000,9617.96582
1582588800000,9548.70996
1582603200000,9485.45801
1582617600000,9594.45117
1582632000000,9358.18262
1582646400000,9320.88086
1582660800000,9285.04004
1582675200000,9138.33008
1582689600000,9112.03223
1582704000000,9118.55469
1582718400000,8961.17578
1582732800000,8798.55566
1582747200000,8763.2168
1582761600000,8714.62402
1582776000000,8795.50977
1582790400000,8775.99219
1582804800000,8821.51758
1582819200000,8882.08203
1582833600000,8791.53027
1582848000000,8812.94238
1582862400000,8701.93945
1582876800000,8554.28125
1582891200000,8687.28125
1582905600000,8543.75879
1582920000000,8677.62695
1582934400000,8698.50781
1582948800000,8733.58008
1582963200000,8673.26074
1582977600000,8632.69727
1582992000000,8645.38574
1583006400000,8502.33594
1583020800000,8580.85059
1583035200000,8509.81934
1583049600000,8612.67383
1583064000000,8522.01855
1583078400000,8506.57324
1583092800000,8490.6709
1583107200000,8567.22363
1583121600000,8577.09766
1583136000000,8706.06348
1583150400000,8779.37793
1583164800000,8835.24316
1583179200000,8861.51953
1583193600000,8822.51758
1583208000000,8712.87891
1583222400000,8827.96973
1583236800000,8704.37402
1583251200000,8671.43652
1583265600000,8713.15527
1583280000000,8742.5498
1583294400000,8765.28613
1583308800000,8681.06543
1583323200000,8662.0918
1583337600000,8700.12891
1583352000000,8713.26855
1583366400000,8829.8291
1583380800000,8851.65918
1583395200000,9048.44336
1583409600000,9032.1582
1583424000000,9105.85742
1583438400000,9013.61816
1583452800000,8995.85059
1583467200000,9050.37402
1583481600000,9081.49805
1583496000000,8977.51172
1583510400000,9046.64355
1583524800000,9096.85547
1583539200000,9057.70703
1583553600000,9053.05371
1583568000000,9058.74023
1583582400000,9078.12305
1583596800000,8861.92969
1583611200000,8861.45605
1583625600000,8722.36426
1583640000000,8717.10059
1583654400000,8717.5625
1583668800000,8374.5625
1583683200000,8274.38477
1583697600000,8022.47559
1583712000000,8054.28906
1583726400000,7889.93994
1583740800000,7795.7666
1583755200000,7747.4209
1583769600000,7824.07568
1583784000000,7906.22119
1583798400000,7883.25146
1583812800000,7872.99951
1583827200000,8035.61523
1583841600000,7734.49707
1583856000000,7941.13916
1583870400000,7851.94922
1583884800000,7886.86914
1583899200000,7826.53027
1583913600000,7798.31348
1583928000000,7751.14209
1583942400000,7797.58643
1583956800000,7897.86279
1583971200000,7627.3916
1583985600000,7354.69922
1584000000000,5954.34326
1584014400000,6113.98193
1584028800000,6037.52686
1584043200000,4572.94922
1584057600000,5228.61963
1584072000000,5325.36816
1584086400000,5439.75342
1584100800000,5162.29346
1584115200000,5364.47461
1584129600000,5556.46436
1584144000000,5578.06299
1584158400000,5486.50635
1584172800000,5464.24561
1584187200000,5297.06006
1584201600000,5374.2666
1584216000000,5136.94434
1584230400000,5134.47168
1584244800000,5224.12305
1584259200000,5395.2666
1584273600000,5280.45166
1584288000000,5276.01855
1584302400000,5307.6084
1584316800000,5217.63281
1584331200000,4746.79834
1584345600000,4514.8999
1584360000000,5104.54297
1584374400000,4911.22949
1584388800000,4998.31104
1584403200000,5297.15674
1584417600000,5326.57812
1584432000000,5236.68311
1584446400000,5332.60742
1584460800000,5348.74805
1584475200000,5282.15381
1584489600000,5360.22461
1584504000000,5116.9082
1584518400000,5113.96826
1584532800000,5298.53369
1584547200000,5301.45703
1584561600000,5360.34473
1584576000000,5249.28613
1584590400000,5380.54346
1584604800000,5585.32764
1584619200000,5858.52441
1584633600000,6168.23438
1584648000000,6117.82568
1584662400000,6098.94678
1584676800000,6256.68506
1584691200000,6605.58105
1584705600000,6560.1626
1584720000000,6138.80225
1584734400000,6148.12695
1584748800000,6201.57715
1584763200000,6096.12598
1584777600000,6061.14062
1584792000000,6159.34863
1584806400000,6165.20947
1584820800000,6133.79785
1584835200000,6298.66699
1584849600000,6249.49658
1584864000000,6107.53369
1584878400000,6034.95166
1584892800000,5871.49365
1584907200000,5771.30664
1584921600000,5915.45752
1584936000000,5816.35547
1584950400000,5803.24072
1584964800000,6184.30127
1584979200000,6224.79492
1584993600000,6432
1585008000000,6483.39941
1585022400000,6528.9082
1585036800000,6687.13525
1585051200000,6543.36133
1585065600000,6654.9082
1585080000000,6697.48975
1585094400000,6511.22949
1585108800000,6630.80566
1585123200000,6472.42041
1585137600000,6569.896
1585152000000,6565.55566
1585166400000,6626.88379
1585180800000,6686.27588
1585195200000,6545.00879
1585209600000,6556.16064
1585224000000,6567.2915
1585238400000,6613.70557
1585252800000,6699.37451
1585267200000,6749.28613
1585281600000,6659.37939
1585296000000,6577.26758
1585310400000,6580.15039
1585324800000,6610.84814
1585339200000,6318.72168
1585353600000,6071.89697
1585368000000,6148.43018
1585382400000,6194.86182
1585396800000,6182.74561
1585411200000,6179.36035
1585425600000,6205.48291
1585440000000,6176.11572
1585454400000,6117.35986
1585468800000,6103.39551
1585483200000,6096.1875
1585497600000,5875.28174
1585512000000,5838.33057
1585526400000,5965.0249
1585540800000,6209.42627
1585555200000,6322.53223
1585569600000,6299.54688
1585584000000,6322.61279
1585598400000,6345.16748
1585612800000,6389.77637
1585627200000,6387.41357
1585641600000,6344.00098
1585656000000,6400.26855
1585670400000,6414.09863
1585684800000,6369.5708
1585699200000,6324.47461
1585713600000,6285.4126
1585728000000,6249.12842
1585742400000,6193.85254
1585756800000,6168.76953
1585771200000,6606.46484
1585785600000,6566.75879
1585800000000,6602.01807
1585814400000,6639.68604
1585828800000,6744.71289
1585843200000,6734.89355
1585857600000,6732.1001
1585872000000,6718.19141
1585886400000,6864.53906
1585900800000,6944.68115
1585915200000,6656.15967
1585929600000,6716.86035
1585944000000,6682.63037
1585958400000,6646.51514
1585972800000,6684.82031
1585987200000,6643.62256
1586001600000,6683.22266
1586016000000,6694.66211
1586030400000,6809.89209
1586044800000,6747.91064
1586059200000,6722.04688
1586073600000,6727.27393
1586088000000,6734.37842
1586102400000,6740.51562
1586116800000,6720.63135
1586131200000,6789.35791
1586145600000,6977.05859
1586160000000,7038.80713
1586174400000,7083.75439
1586188800000,7204.56494
1586203200000,7262.03027
1586217600000,7253.35498
1586232000000,7304.4248
1586246400000,7311.2334
1586260800000,7251.43652
1586275200000,7220.92627
1586289600000,7134.14941
1586304000000,7284.5835
1586318400000,7259.61426
1586332800000,7235.59521
1586347200000,7213.44873
1586361600000,7250.57764
1586376000000,7299.70996
1586390400000,7226.60205
1586404800000,7276.95459
1586419200000,7137.24121
1586433600000,7229.24805
1586448000000,7212.39795
1586462400000,7236.0918
1586476800000,7130.2207
1586491200000,6881.04688
1586505600000,6860.8125
1586520000000,6744.43408
1586534400000,6869.64258
1586548800000,6829.19873
1586563200000,6880.15869
1586577600000,6850.91016
1586592000000,6851.84912
1586606400000,6807.39111
1586620800000,6770.06885
1586635200000,6839.49463
1586649600000,6776.06885
1586664000000,6797.47998
1586678400000,6814.66943
1586692800000,6978.55127
1586707200000,7071.3584
1586721600000,6859.72656
1586736000000,6638.0415
1586750400000,6662.23828
1586764800000,6737.7373
1586779200000,6736.77588
1586793600000,6744.81592
1586808000000,6810.56885
1586822400000,6844.6875
1586836800000,6784.32666
1586851200000,6796.58154
1586865600000,6863.11182
1586880000000,6872.55713
1586894400000,6824.56201
1586908800000,6858.36963
1586923200000,6822.7041
1586937600000,6733.03662
1586952000000,6664.11084
1586966400000,6689.15381
1586980800000,6584.28418
1586995200000,6612.0415
1587009600000,6844.41406
1587024000000,6972.2124
1587038400000,6998.1499
1587052800000,7022.14355
1587067200000,7048.51416
1587081600000,7027.55078
1587096000000,6993.09229
1587110400000,7022.07764
1587124800000,6986.81396
1587139200000,7016.60352
1587153600000,6972.62305
1587168000000,7039.1582
1587182400000,7045.77539
1587196800000,7053.31348
1587211200000,7183.34814
1587225600000,7156.41602
1587240000000,7188.2998
1587254400000,7172.87646
1587268800000,7095.21436
1587283200000,7107.41504
1587297600000,7051.33789
1587312000000,7086.77002
1587326400000,7072.0957
1587340800000,7113.03662
1587355200000,7132.14941
1587369600000,6918.02881
1587384000000,7028.25195
1587398400000,6733.86475
1587412800000,6793.23389
1587427200000,6821.52783
1587441600000,6844.1333
1587456000000,6764.62695
1587470400000,6797.93359
1587484800000,6831.24219
1587499200000,6806.02246
1587513600000,6827.9585
1587528000000,6895.82227
1587542400000,6910.36182
1587556800000,7062.64258
1587571200000,7038.81641
1587585600000,7075.38623
1587600000000,7064.25
1587614400000,7011.76514
1587628800000,7083.05713
1587643200000,7470.15283
1587657600000,7463.14795
1587672000000,7423.99561
1587686400000,7456.96045
1587700800000,7508.37012
1587715200000,7430.32129
1587729600000,7450.57031
1587744000000,7462.12402
1587758400000,7443.68164
1587772800000,7458.99951
1587787200000,7495.37109
1587801600000,7475.78906
1587816000000,7466.25439
1587830400000,7483.79834
1587844800000,7474.36963
1587859200000,7503.15283
1587873600000,7487.58496
1587888000000,7603.2002
1587902400000,7492.66504
1587916800000,7592.83643
1587931200000,7636.30908
1587945600000,7669.31836
1587960000000,7635.2124
1587974400000,7654.70996
1587988800000,7616.59814
1588003200000,7643.99414
1588017600000,7718.98242
1588032000000,7654.4751
1588046400000,7649.91699
1588060800000,7677.68359
1588075200000,7659.62256
1588089600000,7659.62256
1588104000000,7687.12012
1588118400000,7755.65527
1588132800000,7882.87402
1588147200000,8068.28955
1588161600000,8293.08789
1588176000000,8641.20898
1588190400000,8700.15723
1588204800000,9214.23926
1588219200000,9104.5918
1588233600000,8781.375
1588248000000,8717.43652
1588262400000,8784.20996
1588276800000,8567.55176
1588291200000,8617.43652
1588305600000,8712.83105
1588320000000,8944.79297
1588334400000,8673.37402
1588348800000,8670.46875
1588363200000,8770.2002
1588377600000,8777.53125
1588392000000,8744.33301
1588406400000,8789.1582
1588420800000,8882.26562
1588435200000,8820.99023
1588449600000,8918.37402
1588464000000,9084.88477
1588478400000,8929.70703
1588492800000,8989.6543
1588507200000,8760.00586
1588521600000,8813.42188
1588536000000,8848.85449
1588550400000,8683.86523
1588564800000,8606.91504
1588579200000,8634.40625
1588593600000,8800.20117
1588608000000,8783.83691
1588622400000,8827.82422
1588636800000,8810.10156
1588651200000,8965.2959
1588665600000,8800.8457
1588680000000,8796.04004
1588694400000,8857.7373
1588708800000,8963.04492
1588723200000,8926.30566
1588737600000,8973.58887
1588752000000,9273.28027
1588766400000,9220.42969
1588780800000,9192.83105
1588795200000,9092.75879
1588809600000,9239.74414
1588824000000,9260.15332
1588838400000,9224.53027
1588852800000,9462.88184
1588867200000,9805.70215
1588881600000,9933.25781
1588896000000,9872.76172
1588910400000,9764.42969
1588924800000,9844.31348
1588939200000,9886.95801
1588953600000,9897.7334
1588968000000,9749.28027
1588982400000,9812.63477
1588996800000,9553.66113
1589011200000,9593.43555
1589025600000,9642.40723
1589040000000,9701.57031
1589054400000,9499.64355
1589068800000,8591.21973
1589083200000,8777.62695
1589097600000,8701.85352
1589112000000,8625.59277
1589126400000,8472.00098
1589140800000,8686.30469
1589155200000,8662.24512
1589169600000,8625.44922
1589184000000,8880.67383
1589198400000,8837.16016
1589212800000,8706.57129
1589227200000,8530.16992
1589241600000,8673.64258
1589256000000,8616.3916
1589270400000,8757.01074
1589284800000,8824.00781
1589299200000,8742.14941
1589313600000,8772.65234
1589328000000,8860.28516
1589342400000,8819.54102
1589356800000,8984.71777
1589371200000,9086.74512
1589385600000,9104.72363
1589400000000,9250.15039
1589414400000,9293.0127
1589428800000,9452.54785
1589443200000,9614.56152
1589457600000,9682.70605
1589472000000,9589.55371
1589486400000,9727.56152
1589500800000,9418.29688
1589515200000,9607.81934
1589529600000,9530.50586
1589544000000,9421.65234
1589558400000,9281.02051
1589572800000,9259.18359
1589587200000,9356.21582
1589601600000,9333.49414
1589616000000,9357.69629
1589630400000,9323.02344
1589644800000,9275.85156
1589659200000,9325.40527
1589673600000,9481.31738
1589688000000,9482.28418
1589702400000,9468.94043
1589716800000,9760.82812
1589731200000,9711.77246
1589745600000,9616.33691
1589760000000,9805.89453
1589774400000,9719.35254
1589788800000,9570.01953
1589803200000,9606.81055
1589817600000,9638.25195
1589832000000,9669.66602
1589846400000,9477.7627
1589860800000,9516.74609
1589875200000,9691.55469
1589889600000,9624.86914
1589904000000,9590.32129
1589918400000,9724.57227
1589932800000,9665.69336
1589947200000,9703.81055
1589961600000,9666.58105
1589976000000,9350.17773
1589990400000,9478.08105
1590004800000,9459.7168
1590019200000,9428.82812
1590033600000,9400.37988
1590048000000,9330.92773
1590062400000,9039.99512
1590076800000,9020.9668
1590091200000,9023.33691
1590105600000,8947.36621
1590120000000,9032.5
1590134400000,9118.4502
1590148800000,9169.37695
1590163200000,9128.41699
1590177600000,9122.6416
1590192000000,9235.09961
1590206400000,9208.78906
1590220800000,9129.75586
1590235200000,9146.76367
1590249600000,9138.16797
1590264000000,9128.16602
1590278400000,9150.12695
1590292800000,9211.93848
1590307200000,9074.28125
1590321600000,9011.60547
1590336000000,8977.58105
1590350400000,8679.33984
1590364800000,8747.26562
1590379200000,8822.52539
1590393600000,8710.09375
1590408000000,8741.6123
1590422400000,8885.87891
1590436800000,8850.25781
1590451200000,8855.46191
1590465600000,8908.39551
1590480000000,8817.37012
1590494400000,8678.54297
1590508800000,8749.79688
1590523200000,8793.30371
1590537600000,8781.31836
1590552000000,8798.25781
1590566400000,9091.43359
1590580800000,9085.7373
1590595200000,9090.05566
1590609600000,9142.32422
1590624000000,9107.52734
1590638400000,9088.2666
1590652800000,9199.18555
1590667200000,9429.28711
1590681600000,9384.69629
1590696000000,9510.49512
1590710400000,9455.0752
1590724800000,9452.72949
1590739200000,9336.53418
1590753600000,9345.66309
1590768000000,9343.31445
1590782400000,9362.91309
1590796800000,9333.53223
1590811200000,9463.12988
1590825600000,9490.5166
1590840000000,9476.63281
1590854400000,9478.06543
1590868800000,9632.24023
1590883200000,9522.80664
1590897600000,9501.34668
1590912000000,9528.5625
1590926400000,9426.29102
1590940800000,9455.70508
1590955200000,9391.45312
1590969600000,9493.42969
1590984000000,9507.70703
1590998400000,9458.1875
1591012800000,9487.04297
1591027200000,9515.90039
1591041600000,10160.6104
1591056000000,10038.9658
1591070400000,10057.0674
1591084800000,10036.75
1591099200000,9402.51172
1591113600000,9453.38574
1591128000000,9472.74609
1591142400000,9438.79004
1591156800000,9459.0332
1591171200000,9567.06836
1591185600000,9506.75879
1591200000000,9529.86328
1591214400000,9609.78613
1591228800000,9618.45117
1591243200000,9595.9873
1591257600000,9572.12598
1591272000000,9774.00781
1591286400000,9761.65039
1591300800000,9737.93848
1591315200000,9738.89746
1591329600000,9721.92969
1591344000000,9639.75195
1591358400000,9657.78516
1591372800000,9670.09766
1591387200000,9568.13477
1591401600000,9579.41895
1591416000000,9554.86914
1591430400000,9635.12109
1591444800000,9602.70801
1591459200000,9611.13574
1591473600000,9618.60059
1591488000000,9631.62109
1591502400000,9606.18066
1591516800000,9527.45508
1591531200000,9452.57324
1591545600000,9723.65625
1591560000000,9700.16797
1591574400000,9677.64941
1591588800000,9679.06641
1591603200000,9692.24805
1591617600000,9650.41895
1591632000000,9642.51855
1591646400000,9731.49512
1591660800000,9632.36035
1591675200000,9634.69629
1591689600000,9673.9043
1591704000000,9669.73926
1591718400000,9680.41602
1591732800000,9726.44238
1591747200000,9702.71582
1591761600000,9699.0752
1591776000000,9676.83008
1591790400000,9705.22461
1591804800000,9793.78809
1591819200000,9825.65625
1591833600000,9834.55957
1591848000000,9741.76758
1591862400000,9732.64941
1591876800000,9473.50293
1591891200000,9244.75977
1591905600000,9236.0166
1591920000000,9312.30273
1591934400000,9384.97559
1591948800000,9450.10645
1591963200000,9374.54004
1591977600000,9386.22461
1591992000000,9416.55664
1592006400000,9365.62305
1592020800000,9394.43652
1592035200000,9359.79102
1592049600000,9389.40234
1592064000000,9359.15918
1592078400000,9428.11426
1592092800000,9386.72363
1592107200000,9363.65234
1592121600000,9381.58398
1592136000000,9368.48828
1592150400000,9347.93848
1592164800000,9293.0957
1592179200000,9120.69043
1592193600000,9073.02539
1592208000000,9074.37695
1592222400000,9247.22656
1592236800000,9362.74316
1592251200000,9371.23633
1592265600000,9508.85449
1592280000000,9447.85059
1592294400000,9452.59668
1592308800000,9393.95312
1592323200000,9445.42383
1592337600000,9465.27344
1592352000000,9399.82812
1592366400000,9453.97461
1592380800000,9422.68457
1592395200000,9336.75098
1592409600000,9251.47559
1592424000000,9401.43457
1592438400000,9372.12109
1592452800000,9376.83203
1592467200000,9375.42383
1592481600000,9328.49414
1592496000000,9340.58203
1592510400000,9328.43652
1592524800000,9220.26172
1592539200000,9243.26172
1592553600000,9329.42773
1592568000000,9326.625
1592582400000,9254.50391
1592596800000,9253.56543
1592611200000,9274.6582
1592625600000,9249.51172
1592640000000,9275.95996
1592654400000,9208.4502
1592668800000,9235.27734
1592683200000,9305.91504
1592697600000,9316.98633
1592712000000,9310.11719
1592726400000,9305.10547
1592740800000,9313.71875
1592755200000,9289.78125
1592769600000,9240.58789
1592784000000,9318.3252
1592798400000,9359.65137
1592812800000,9396.62207
1592827200000,9431.4541
1592841600000,9500.78418
1592856000000,9621.08594
1592870400000,9589.76172
1592884800000,9597.84277
1592899200000,9569.3291
1592913600000,9621.81152
1592928000000,9584.30762
1592942400000,9563.69238
1592956800000,9586.59863
1592971200000,9452.81641
1592985600000,9272.62793
1593000000000,9202.9082
1593014400000,9251.8418
1593028800000,9247.56445
1593043200000,9047.19727
1593057600000,9122.29395
1593072000000,9206.42383
1593086400000,9187.33008
1593100800000,9235.04297
1593115200000,9194.66602
1593129600000,9195.13086
1593144000000,9087.08691
1593158400000,9132.52344
1593172800000,9098.73145
1593187200000,9117.66504
1593201600000,9108.2002
1593216000000,9111.40137
1593230400000,9125.05664
1593244800000,9111.50293
1593259200000,9084.40039
1593273600000,8891.47559
1593288000000,8962.04883
1593302400000,8927.6875
1593316800000,8978.46875
1593331200000,8998.19336
1593345600000,9100.93359
1593360000000,9061.52539
1593374400000,9065.69531
1593388800000,9044.2041
1593403200000,9036.27832
1593417600000,9037.64258
1593432000000,9070.81445
1593446400000,9103.68945
1593460800000,9130.26562
1593475200000,9110.78027
1593489600000,9088.55371
1593504000000,9096.2207
1593518400000,9112.87109
1593532800000,9084.18555
1593547200000,9082.39355
1593561600000,9085.91699
1593576000000,9086.35352
1593590400000,9103.76074
1593604800000,9208.99316
1593619200000,9185.99609
1593633600000,9176.00293
1593648000000,9180.05957
1593662400000,9155.48535
1593676800000,9143.79102
1593691200000,9002.71484
1593705600000,9008.4043
1593720000000,9042.19141
1593734400000,9046.58887
1593748800000,9056.21094
1593763200000,9047.70312
1593777600000,9050.71289
1593792000000,9037.87012
1593806400000,9016.9834
1593820800000,9035.06641
1593835200000,9030.2373
1593849600000,9017.09375
1593864000000,9017.09375
1593878400000,9077.59473
1593892800000,9087.11816
1593907200000,9075.31543
1593921600000,9020.40234
1593936000000,8994.20898
1593950400000,8986.63477
1593964800000,8991.15918
1593979200000,9031.31738
1593993600000,9040.25879
1594008000000,9136.12012
1594022400000,9163.03027
1594036800000,9231.05078
1594051200000,9224.29297
1594065600000,9273.30371
1594080000000,9232.44531
1594094400000,9199.94336
1594108800000,9210.45508
1594123200000,9211.82031
1594137600000,9178.22949
1594152000000,9193.91699
1594166400000,9241
1594180800000,9222.13574
1594195200000,9244.3291
1594209600000,9343.72461
1594224000000,9363.9082
1594238400000,9364.84473
1594252800000,9323.61035
1594267200000,9337.88477
1594281600000,9332.79297
1594296000000,9165.81055
1594310400000,9173.89551
1594324800000,9187.77441
1594339200000,9170.9502
1594353600000,9107.61133
1594368000000,9117.74902
1594382400000,9191.0127
1594396800000,9179.66113
1594411200000,9231.73438
1594425600000,9211.47168
1594440000000,9215.98438
1594454400000,9157.28418
1594468800000,9175.15039
1594483200000,9158.41895
1594497600000,9182.84863
1594512000000,9220.03711
1594526400000,9202.69629
1594540800000,9198.70508
1594555200000,9172.53027
1594569600000,9172.08691
1594584000000,9245.67578
1594598400000,9222.41211
1594612800000,9216.70605
1594627200000,9252.85645
1594641600000,9233.72461
1594656000000,9181.13574
1594670400000,9187.72461
1594684800000,9167.73242
1594699200000,9134.12988
1594713600000,9184.33203
1594728000000,9174.54883
1594742400000,9215.67871
1594756800000,9203.37207
1594771200000,9185.33398
1594785600000,9180.06152
1594800000000,9167.35645
1594814400000,9152.88086
1594828800000,9131.71777
1594843200000,9145.97266
1594857600000,9145.10254
1594872000000,9078.55664
1594886400000,9039.78418
1594900800000,9075.76367
1594915200000,9078.29395
1594929600000,9088.77246
1594944000000,9070.55957
1594958400000,9063.89258
1594972800000,9089.5127
1594987200000,9097.0166
1595001600000,9109.52246
1595016000000,9105.2832
1595030400000,9091.72656
1595044800000,9090.45898
1595059200000,9112.28711
1595073600000,9119.24414
1595088000000,9113.9834
1595102400000,9121.21094
1595116800000,9104.36914
1595131200000,9104.75977
1595145600000,9081.59668
1595160000000,9083.4834
1595174400000,9112.20215
1595188800000,9151.95898
1595203200000,9135.68262
1595217600000,9128.07227
1595232000000,9104.87695
1595246400000,9122.84863
1595260800000,9110.19629
1595275200000,9111.80762
1595289600000,9123.86816
1595304000000,9248.56934
1595318400000,9271.5957
1595332800000,9265.58887
1595347200000,9286.68945
1595361600000,9317.65723
1595376000000,9296.56738
1595390400000,9250.7998
1595404800000,9283.66016
1595419200000,9278.23926
1595433600000,9301.66016
1595448000000,9458.33008
1595462400000,9435.35352
1595476800000,9437.70801
1595491200000,9442.86816
1595505600000,9455.50879
1595520000000,9524.8877
1595534400000,9528.68555
1595548800000,9495.58105
1595563200000,9451.8418
1595577600000,9473.92383
1595592000000,9488.2041
1595606400000,9520.09863
1595620800000,9483.5752
1595635200000,9519.41504
1595649600000,9510.90332
1595664000000,9520.96387
1595678400000,9533.29492
1595692800000,9610.6377
1595707200000,9634.57617
1595721600000,9620.87695
1595736000000,9651.69824
1595750400000,9908.59473
1595764800000,9889.00879
1595779200000,9804.15332
1595793600000,9863.51953
1595808000000,10205.4482
1595822400000,10102.1963
1595836800000,10204.1133
1595851200000,10237.8115
1595865600000,10732.3193
1595880000000,10975.9736
1595894400000,10917.9189
1595908800000,10825.71
1595923200000,10922.8105
1595937600000,11095.0879
1595952000000,10940.6904
1595966400000,10865.8037
1595980800000,10927.1025
1595995200000,10965.8398
1596009600000,11046.2725
1596024000000,11104.666
1596038400000,11143.4297
1596052800000,11044.7412
1596067200000,10938.4287
1596081600000,10897.9951
1596096000000,10884.6963
1596110400000,10963.1484
1596124800000,11067.54
1596139200000,11049.1465
1596153600000,10930.8877
1596168000000,11090.6934
1596182400000,11171.8828
1596196800000,11302.5225
1596211200000,11264.2422
1596225600000,11291.9854
1596240000000,11314.3564
1596254400000,11609.0645
1596268800000,11598.7148
1596283200000,11579.0195
1596297600000,11726.9424
1596312000000,11752.9404
1596326400000,11952.0186
1596340800000,11276.4766
1596355200000,11065.998
1596369600000,11046.9727
1596384000000,11156.1924
1596398400000,11024.7158
1596412800000,11092.5957
1596427200000,11160.4893
1596441600000,11188.1172
1596456000000,11333.209
1596470400000,11364.7881
1596484800000,11187.4297
1596499200000,11215.0166
1596513600000,11247.8916
1596528000000,11080.1221
1596542400000,11166.4775
1596556800000,11181.4307
1596571200000,11144.7949
1596585600000,11190.4443
1596600000000,11231.7637
1596614400000,11393.7764
1596628800000,11612.8477
1596643200000,11603.7871
1596657600000,11694.3428
1596672000000,11603.9072
1596686400000,11586.7627
1596700800000,11641.0176
1596715200000,11787.7285
1596729600000,11811.0908
1596744000000,11708.8262
1596758400000,11774.7363
1596772800000,11735.4424
1596787200000,11707.0576
1596801600000,11594.5762
1596816000000,11454.915
1596830400000,11551.6943
1596844800000,11504.3066
1596859200000,11548.8135
1596873600000,11729.2236
1596888000000,11698.291
1596902400000,11668.3398
1596916800000,11720.2285
1596931200000,11696.0947
1596945600000,11657.7861
1596960000000,11643.1416
1596974400000,11532.2031
1596988800000,11588.1406
1597003200000,11638.9746
1597017600000,11983.8691
1597032000000,11930.8379
1597046400000,11693.0127
1597060800000,11877.8896
1597075200000,11826.543
1597089600000,11847.3477
1597104000000,11789.9121
1597118400000,11712.7324
1597132800000,11701.2285
1597147200000,11449.0967
1597161600000,11352.9854
1597176000000,11347.1592
1597190400000,11346.1904
1597204800000,11408.7549
1597219200000,11422.0225
1597233600000,11538.9023
1597248000000,11533.6455
1597262400000,11520.7764
1597276800000,11536.8486
1597291200000,11487.0068
1597305600000,11518.9863
1597320000000,11462.5889
1597334400000,11480.8359
1597348800000,11746.7988
1597363200000,11697.7324
1597377600000,11672.7227
1597392000000,11728.1162
1597406400000,11698.5244
1597420800000,11765.7842
1597435200000,11717.5254
1597449600000,11848.0771
1597464000000,11844.3398
1597478400000,11803.7607
1597492800000,11804.7119
1597507200000,11794.0527
1597521600000,11804.915
1597536000000,11877.832
1597550400000,11819.8408
1597564800000,11713.6104
1597579200000,11817.9307
1597593600000,11776.2773
1597608000000,11865.9111
1597622400000,11804.126
1597636800000,11771.2705
1597651200000,11865.5283
1597665600000,12369.2061
1597680000000,12282.6211
1597694400000,12237.1172
1597708800000,12251.7031
1597723200000,12206.3652
1597737600000,12124.4639
1597752000000,11896.3945
1597766400000,11943.9424
1597780800000,11908.4424
1597795200000,11808.9678
1597809600000,11781.5381
1597824000000,11803.8799
1597838400000,11696.2061
1597852800000,11628.6787
1597867200000,11725.7969
1597881600000,11668.5576
1597896000000,11668.0771
1597910400000,11774.1367
1597924800000,11816.9238
1597939200000,11811.2217
1597953600000,11815.4766
1597968000000,11823.958
1597982400000,11792.4385
1597996800000,11687.3857
1598011200000,11693.9033
1598025600000,11649.3242
1598040000000,11499.627
1598054400000,11441.3242
1598068800000,11542.5273
1598083200000,11525.7764
1598097600000,11547.1406
1598112000000,11550.8447
1598126400000,11627.4346
1598140800000,11567.4199
1598155200000,11579.0137
1598169600000,11498.0439
1598184000000,11609.2695
1598198400000,11639.2842
1598212800000,11608.7295
1598227200000,11630.6553
1598241600000,11704.1934
1598256000000,11739.9707
1598270400000,11713.5674
1598284800000,11701.0771
1598299200000,11708.0557
1598313600000,11627.0869
1598328000000,11542.208
1598342400000,11578.5781
1598356800000,11392.9082
1598371200000,11261.3428
1598385600000,11293.2139
1598400000000,11330.1943
1598414400000,11314.8594
1598428800000,11346.6191
1598443200000,11443.5859
1598457600000,11427.5127
1598472000000,11425.627
1598486400000,11351.959
1598500800000,11368.9717
1598515200000,11286.041
1598529600000,11298.8447
1598544000000,11217.4932
1598558400000,11293.625
1598572800000,11340.3457
1598587200000,11341.7334
1598601600000,11428.5684
1598616000000,11484.3516
1598630400000,11462.0928
1598644800000,11476.1035
1598659200000,11457.6807
1598673600000,11516.8447
1598688000000,11406.6309
1598702400000,11454.1484
1598716800000,11477.4912
1598731200000,11426.4492
1598745600000,11561.5889
1598760000000,11543.9854
1598774400000,11554.8125
1598788800000,11565.6104
1598803200000,11588.1143
1598817600000,11656.4053
1598832000000,11626.9346
1598846400000,11574.4756
1598860800000,11633.0273
1598875200000,11686.7773
1598889600000,11680.8887
1598904000000,11605.2334
1598918400000,11646.8428
1598932800000,11864.2852
1598947200000,11825.2012
1598961600000,11987.626
1598976000000,11913.9561
1598990400000,11874.8672
1599004800000,11797.7461
1599019200000,11692.6074
1599033600000,11374.9463
1599048000000,11297.3447
1599062400000,11366.9912
1599076800000,11361.6768
1599091200000,11331.2861
1599105600000,11374.6084
1599120000000,11192.5488
1599134400000,10648.9492
1599148800000,10661.7744
1599163200000,10131.5859
1599177600000,10248.4014
1599192000000,10281.4492
1599206400000,10407.0322
1599220800000,10402.1162
1599235200000,10544.0908
1599249600000,10422.5703
1599264000000,10375.502
1599278400000,10375.0127
1599292800000,10196.0547
1599307200000,10244.6953
1599321600000,9925.25586
1599336000000,10124.3252
1599350400000,10139.709
1599364800000,10195.4092
1599379200000,10224.6768
1599393600000,10137.8096
1599408000000,10217.291
1599422400000,10213.4004
1599436800000,10164.3203
1599451200000,10080.1836
1599465600000,9994.9375
1599480000000,10107.1406
1599494400000,10109.5205
1599508800000,10323.7471
1599523200000,10259.0957
1599537600000,10224.8369
1599552000000,9941.46387
1599566400000,10051.6201
1599580800000,9947.01562
1599595200000,10082.376
1599609600000,9987.15625
1599624000000,10138.7783
1599638400000,10172.0586
1599652800000,10200.001
1599667200000,10233.6895
1599681600000,10172.5967
1599696000000,10323.71
1599710400000,10221.3115
1599724800000,10248.7295
1599739200000,10367.2568
1599753600000,10227.9697
1599768000000,10288.1582
1599782400000,10168.7793
1599796800000,10208.1562
1599811200000,10211.5117
1599825600000,10266.5869
1599840000000,10273.7646
1599854400000,10337.3906
1599868800000,10296.5645
1599883200000,10290.4023
1599897600000,10288.5137
1599912000000,10304.5957
1599926400000,10401.8936
1599940800000,10383.2119
1599955200000,10491.4512
1599969600000,10484.0186
1599984000000,10272.3682
1599998400000,10235.7197
1600012800000,10252.2266
1600027200000,10272.9395
1600041600000,10298.332
1600056000000,10347.7705
1600070400000,10407.8047
1600084800000,10634.3838
1600099200000,10609.6758
1600113600000,10609.6758
1600128000000,10682.3047
1600142400000,10669.3906
1600156800000,10754.6035
1600171200000,10718.2607
1600185600000,10708.1533
1600200000000,10714.8438
1600214400000,10707.5742
1600228800000,10843.0625
1600243200000,10829.9072
1600257600000,10932.0469
1600272000000,10912.5752
1600286400000,10879.0537
1600300800000,10809.208
1600315200000,10825.8145
1600329600000,10821.2627
1600344000000,10780.2939
1600358400000,10851.8887
1600372800000,10873.1738
1600387200000,10860.5342
1600401600000,10890.1904
1600416000000,10910.9189
1600430400000,10840.3164
1600444800000,10808.4697
1600459200000,10866.6445
1600473600000,10914.9424
1600488000000,10845.7734
1600502400000,11068.7627
1600516800000,11025.8984
1600531200000,10996.3496
1600545600000,11015.3672
1600560000000,10892.3604
1600574400000,10902.7227
1600588800000,10897.1406
1600603200000,10783.3701
1600617600000,10814.1201
1600632000000,10864.1035
1600646400000,10906.7715
1600660800000,10847.0879
1600675200000,10589.8203
1600689600000,10381.5664
1600704000000,10455.2461
1600718400000,10370.3418
1600732800000,10409.2949
1600747200000,10338.0645
1600761600000,10407.9678
1600776000000,10407.9678
1600790400000,10446.3438
1600804800000,10482.873
1600819200000,10434.6045
1600833600000,10387.2139
1600848000000,10430.4912
1600862400000,10408.0928
1600876800000,10253.6816
1600891200000,10200.0996
1600905600000,10258.4922
1600920000000,10297.0791
1600934400000,10356.7822
1600948800000,10493.9248
1600963200000,10593.4629
1600977600000,10674.3955
1600992000000,10609.3652
1601006400000,10627.9844
1601020800000,10578.5625
1601035200000,10593.2695
1601049600000,10660.7236
1601064000000,10629.4121
1601078400000,10652.1514
1601092800000,10653.0967
1601107200000,10652.6357
1601121600000,10663.8857
1601136000000,10663.8857
1601150400000,10669.4619
1601164800000,10722.5742
1601179200000,10620.2637
1601193600000,10577.7588
1601208000000,10696.1006
1601222400000,10677.6709
1601236800000,10716.5771
1601251200000,10826.7939
1601265600000,10796.5908
1601280000000,10818.3691
1601294400000,10835.8711
1601308800000,10804.1533
1601323200000,10643.6846
1601337600000,10638.0615
1601352000000,10672.8574
1601366400000,10700.2734
1601380800000,10673.4453
1601395200000,10688.6797
1601409600000,10781.293
1601424000000,10691.2227
1601438400000,10650.6514
1601452800000,10631.5117
1601467200000,10721.1475
1601481600000,10659.6709
1601496000000,10720.8408
1601510400000,10743.7949
1601524800000,10768.1475
1601539200000,10847.71
1601553600000,10672.084
1601568000000,10565.3252
1601582400000,10567.6592
1601596800000,10597.4736
1601611200000,10452.2266
1601625600000,10401.8496
1601640000000,10478.1797
1601654400000,10472.459
1601668800000,10524.165
1601683200000,10510.4473
1601697600000,10485.8818
1601712000000,10496.9492
1601726400000,10501.541
1601740800000,10534.5605
1601755200000,10498.7188
1601769600000,10503.2725
1601784000000,10563.1543
1601798400000,10550.2842
1601812800000,10545.7051
1601827200000,10619.9316
1601841600000,10618.123
1601856000000,10618.5811
1601870400000,10632.7178
1601884800000,10615.4326
1601899200000,10660.4717
1601913600000,10669.1562
1601928000000,10721.5703
1601942400000,10707.2412
1601956800000,10660.29
1601971200000,10639.4268
1601985600000,10675.6094
1602000000000,10525.9307
1602014400000,10552.6074
1602028800000,10533.1934
1602043200000,10572.0176
1602057600000,10560.1084
1602072000000,10580.3643
1602086400000,10600.1943
1602100800000,10615.5215
1602115200000,10592.252
1602129600000,10544.7988
1602144000000,10562.1016
1602158400000,10829.457
1602172800000,10818.5967
1602187200000,10856.6367
1602201600000,10830.5508
1602216000000,10833.3838
1602230400000,10982.04
1602244800000,11015.2246
1602259200000,10972.6025
1602273600000,10990.2637
1602288000000,11334.9199
1602302400000,11312.9658
1602316800000,11257.0684
1602331200000,11280.8428
1602345600000,11289.0811
1602360000000,11235.7695
1602374400000,11266.5557
1602388800000,11289.6426
1602403200000,11305.0215
1602417600000,11334.8086
1602432000000,11272.6895
1602446400000,11302.7012
1602460800000,11322.7109
1602475200000,11311.541
1602489600000,11196.3164
1602504000000,11489.9541
1602518400000,11486.2578
1602532800000,11473.3779
1602547200000,11403.7285
1602561600000,11399.5703
1602576000000,11432.4219
1602590400000,11333.4561
1602604800000,11337.2305
1602619200000,11362.6611
1602633600000,11340.083
1602648000000,11360.2139
1602662400000,11318.8896
1602676800000,11270.8486
1602691200000,11294.8867
1602705600000,11366.998
1602720000000,11324.7168
1602734400000,11347.0332
1602748800000,11261.5557
1602763200000,11354.6963
1602777600000,11457.1494
1602792000000,11446.0859
1602806400000,11447.9727
1602820800000,11268.3057
1602835200000,11323.1396
1602849600000,11285.0498
1602864000000,11273.7705
1602878400000,11275.1621
1602892800000,11311.2891
1602907200000,11299.2354
1602921600000,11295.541
1602936000000,11286.8047
1602950400000,11289.9795
1602964800000,11308.0635
1602979200000,11321.1621
1602993600000,11397.9297
1603008000000,11370.6465
1603022400000,11396.8086
1603036800000,11384.3633
1603051200000,11449.7344
1603065600000,11371.6797
1603080000000,11411.7666
1603094400000,11426.5469
1603108800000,11735.9209
1603123200000,11633.4473
1603137600000,11685.7969
1603152000000,11680.2734
1603166400000,11674.3203
1603180800000,11706.7939
1603195200000,11858.8252
1603209600000,11854.7314
1603224000000,11851.1152
1603238400000,12121.2861
1603252800000,12131.0713
1603267200000,12259.4707
1603281600000,12657.2832
1603296000000,12619.1416
1603310400000,12728.3828
1603324800000,12660.8428
1603339200000,12687.9238
1603353600000,12891.6279
1603368000000,12864.1172
1603382400000,13010.6875
1603396800000,12926.0303
1603411200000,12902.6162
1603425600000,12826.6836
1603440000000,12906.3496
1603454400000,12868.8584
1603468800000,12854.8242
1603483200000,12866.9736
1603497600000,12909.2314
1603512000000,12872.6396
1603526400000,12938.5127
1603540800000,13051.2871
1603555200000,13056.6426
1603569600000,13051.1436
1603584000000,13236.8633
1603598400000,12980.5947
1603612800000,12912.2559
1603627200000,12901.8164
1603641600000,12994.7178
1603656000000,12981.9775
1603670400000,13038.2734
1603684800000,12983.2617
1603699200000,13089.5381
1603713600000,12936.2979
1603728000000,12955.9453
1603742400000,13011.5342
1603756800000,13032.1416
1603771200000,13091.5957
1603785600000,13387.0312
1603800000000,13542.4648
1603814400000,13589.9736
1603828800000,13575.915
1603843200000,13714.4854
1603857600000,13603.1123
1603872000000,13275.2764
1603886400000,13175.9365
1603900800000,13121.8584
1603915200000,13220.2949
1603929600000,13228.9814
1603944000000,13094.6582
1603958400000,13021.2461
1603972800000,13393.0674
1603987200000,13450.0244
1604001600000,13412.0391
1604016000000,13393.3125
1604030400000,13175.4697
1604044800000,13311.4473
1604059200000,13501.4844
1604073600000,13491.375
1604088000000,13508.3789
1604102400000,13446.9941
1604116800000,13534.21
1604131200000,13886.8525
1604145600000,13803.9033
1604160000000,13733.8203
1604174400000,13746.4844
1604188800000,13651.0811
1604203200000,13752.5986
1604217600000,13659.5508
1604232000000,13761.9502
1604246400000,13738.0127
1604260800000,13707.417
1604275200000,13656.2822
1604289600000,13689.0332
1604304000000,13373.9805
1604318400000,13448.9326
1604332800000,13512.9102
1604347200000,13517.2354
1604361600000,13361.0156
1604376000000,13405.0576
1604390400000,13488.9434
1604404800000,13662.9082
1604419200000,13669.1885
1604433600000,13980.001
1604448000000,13857.3438
1604462400000,13560.791
1604476800000,13678.2773
1604491200000,13859.418
1604505600000,14058.3369
1604520000000,14095.043
1604534400000,14258.165
1604548800000,14427.5557
1604563200000,14657.9238
1604577600000,15032.7949
1604592000000,15064.4521
1604606400000,15527.6768
1604620800000,15398.8291
1604635200000,15681.2617
1604649600000,15531.3242
1604664000000,15360.2227
1604678400000,15390.8174
1604692800000,15536.4014
1604707200000,15512.7207
1604721600000,15406.917
1604736000000,15473.8311
1604750400000,15296.4258
1604764800000,14627.8828
1604779200000,14792.3828
1604793600000,14942.3652
1604808000000,14899.3242
1604822400000,15144.4795
1604836800000,15312.4893
1604851200000,15316.4199
1604865600000,15447.0625
1604880000000,15409.668
1604894400000,15268.2891
1604908800000,15764.543
1604923200000,14955.2314
1604937600000,15319.418
1604952000000,15279.1338
1604966400000,15301.7646
1604980800000,15245.3877
1604995200000,15240.4902
1605009600000,15131.834
1605024000000,15275.8516
1605038400000,15265.1064
1605052800000,15370.832
1605067200000,15364.9912
1605081600000,15545.082
1605096000000,15637.208
1605110400000,15773.5527
1605124800000,15655.8555
1605139200000,15606.9131
1605153600000,15833.625
1605168000000,15720.3057
1605182400000,16100.2646
1605196800000,16027.082
1605211200000,16247.9473
1605225600000,16396.248
1605240000000,16221.8496
1605254400000,16177.2363
1605268800000,16058.8877
1605283200000,16249.1836
1605297600000,16289.4326
1605312000000,16149.459
1605326400000,16050.4912
1605340800000,15881.8076
1605355200000,15906.6523
1605369600000,15849.3311
1605384000000,16030.8838
1605398400000,15879.8945
1605412800000,15982.1201
1605427200000,15916.1328
1605441600000,15988.0752
1605456000000,15822.6504
1605470400000,15921.1855
1605484800000,15977.0381
1605499200000,16213.7598
1605513600000,16203.1426
1605528000000,16391.6641
1605542400000,16721.4512
1605556800000,16652.0684
1605571200000,16530.9844
1605585600000,16705.5527
1605600000000,16945.498
1605614400000,17257.2246
1605628800000,17623.3086
1605643200000,17603.0293
1605657600000,17998.4531
1605672000000,18019.7812
1605686400000,18191.4043
1605700800000,17820.2031
1605715200000,17609.0508
1605729600000,17728.8535
1605744000000,17860.0488
1605758400000,17608.8574
1605772800000,17715.6699
1605787200000,18018.3281
1605801600000,17924.3828
1605816000000,17774.3496
1605830400000,17914.0879
1605844800000,18181.1719
1605859200000,18239.8652
1605873600000,18611.2617
1605888000000,18581.1641
1605902400000,18615.7344
1605916800000,18610.416
1605931200000,18628.166
1605945600000,18493.0996
1605960000000,18758.4746
1605974400000,18652.6484
1605988800000,18659.5312
1606003200000,18524.3223
1606017600000,18470.1816
1606032000000,17873.9258
1606046400000,18276.7559
1606060800000,18564.2676
1606075200000,18408.2656
1606089600000,18358.8652
1606104000000,18425.5781
1606118400000,18565.4238
1606132800000,18259.1016
1606147200000,18418.4336
1606161600000,18340.7109
1606176000000,18337.293
1606190400000,18338.7578
1606204800000,19034.9766
1606219200000,19306.9531
1606233600000,19135.8828
1606248000000,19118.8262
1606262400000,18781.9531
1606276800000,18945.6875
1606291200000,19271.2949
1606305600000,19084.5977
1606320000000,18967.1914
1606334400000,18681.0176
1606348800000,17898.7559
1606363200000,17603.5898
1606377600000,17082.0645
1606392000000,16880.2441
1606406400000,16520.9961
1606420800000,17130.3867
1606435200000,17053.6211
1606449600000,17060.5
1606464000000,16755.0508
1606478400000,16479.5605
1606492800000,16777.9531
1606507200000,17105.4082
1606521600000,16968.9883
1606536000000,16976.3574
1606550400000,17129.0879
1606564800000,17479.248
1606579200000,17779.3438
1606593600000,17677.0039
1606608000000,17836.6348
1606622400000,17788.9863
1606636800000,18046.1191
1606651200000,18068.7852
1606665600000,17997.7793
1606680000000,18141.9434
1606694400000,18545.709
1606708800000,18578.7773
1606723200000,18563.6641
1606737600000,19273.4844
1606752000000,19210.5586
1606766400000,19659.459
1606780800000,19386.3887
1606795200000,19472.0176
1606809600000,19393.8867
1606824000000,19222.4297
1606838400000,19019.9141
1606852800000,18719.8828
1606867200000,18568.6387
1606881600000,19091.6191
1606896000000,19083.7715
1606910400000,18849.2891
1606924800000,19062.0391
1606939200000,19168.9648
1606953600000,19057.291
1606968000000,19173.9258
1606982400000,19378.3066
1606996800000,19510.8926
1607011200000,19388.8633
1607025600000,19389.8457
1607040000000,19135
1607054400000,19268.0117
1607068800000,18782.4316
1607083200000,18916.7773
1607097600000,19003.5801
1607112000000,18617.5957
1607126400000,18773.9102
1607140800000,18870.4844
1607155200000,18972.457
1607169600000,19065.6152
1607184000000,19071.9844
1607198400000,19106.2441
1607212800000,19145.3633
1607227200000,19188.3613
1607241600000,19046.916
1607256000000,19081.9941
1607270400000,19106.3262
1607284800000,19341.3672
1607299200000,19240.1836
1607313600000,19341.1895
1607328000000,19070.8867
1607342400000,19176.1211
1607356800000,18918.8574
1607371200000,19143.1074
1607385600000,19131.416
1607400000000,19121.2051
1607414400000,18726.3574
1607428800000,18770.5566
1607443200000,18744.6484
1607457600000,18277.5664
1607472000000,18253.4512
1607486400000,17884.7188
1607500800000,18208.1445
1607515200000,18305.5684
1607529600000,18206.2773
1607544000000,18495.9023
1607558400000,18362.4375
1607572800000,18293.2344
1607587200000,18149.8613
1607601600000,18097.3105
1607616000000,18352.7969
1607630400000,18203.7832
1607644800000,17935.5684
1607659200000,17759.3418
1607673600000,17604.1152
1607688000000,18059.8945
1607702400000,17923.2129
1607716800000,17981.3359
1607731200000,18228.2871
1607745600000,18334.5703
1607760000000,18453.6406
1607774400000,18348.0547
1607788800000,18737.1074
1607803200000,18744.4785
1607817600000,18727.916
1607832000000,19189.7969
1607846400000,19262.7695
1607860800000,19161.1758
1607875200000,19132.5098
1607889600000,19115.0449
1607904000000,19204.3828
1607918400000,19096.9082
1607932800000,19051.3887
1607947200000,19141.875
1607961600000,19113.875
1607976000000,19208.166
1607990400000,19432.0039
1608004800000,19125.9453
1608019200000,19252.1641
1608033600000,19354.0215
1608048000000,19487.3613
1608062400000,19375.6719
1608076800000,19311.3145
1608091200000,19377.252
1608105600000,19702.5996
1608120000000,20617.4531
1608134400000,20698.7656
1608148800000,21308.4492
1608163200000,21710.3008
1608177600000,22408.4375
1608192000000,22690.502
1608206400000,23268.8633
1608220800000,22841.1992
1608235200000,22749.584
1608249600000,22753.5605
1608264000000,23024.0273
1608278400000,22815.1934
1608292800000,22504.627
1608307200000,22708.9102
1608321600000,23066.6465
1608336000000,23078.5586
1608350400000,22814.207
1608364800000,22856.3027
1608379200000,23537.1074
1608393600000,23784.9043
1608408000000,23794.8359
1608422400000,23326.6133
1608436800000,23589.2207
1608451200000,23526.9609
1608465600000,23844.0664
1608480000000,23908.0059
1608494400000,23419.1953
1608508800000,23902.8223
1608523200000,23925.6094
1608537600000,22602.0332
1608552000000,23062.4805
1608566400000,22780.6133
1608580800000,22681.207
1608595200000,22795.3262
1608609600000,22616.9609
1608624000000,23096.1602
1608638400000,23312.7773
1608652800000,23363.2188
1608667200000,23764.4492
1608681600000,23636.4238
1608696000000,23523.1895
1608710400000,23038.6094
1608724800000,23419.4336
1608739200000,23506.416
1608753600000,23192.3828
1608768000000,22832.9824
1608782400000,23126.0645
1608796800000,23178.375
1608811200000,23208.9512
1608825600000,23262.668
1608840000000,23679.5039
1608854400000,23436.0488
1608868800000,23611.6875
1608883200000,24539.8457
1608897600000,23966.0078
1608912000000,24398.4453
1608926400000,24657.7129
1608940800000,24868.4609
1608955200000,24729.6504
1608969600000,24799.0078
1608984000000,25565.791
1608998400000,25879.1895
1609012800000,26449.3301
1609027200000,26503.5312
1609041600000,27530.7227
1609056000000,27527.7734
1609070400000,27281.084
1609084800000,27017.0117
1609099200000,26168.5078
1609113600000,27182.4844
1609128000000,26913.2031
1609142400000,26811.4258
1609156800000,26863.041
1609171200000,26931.502
1609185600000,26949.8496
1609200000000,26375.7422
1609214400000,26359.9473
1609228800000,26804.5215
1609243200000,26543.0918
1609257600000,26882.752
1609272000000,27321.877
1609286400000,28031.166
1609300800000,28341.1992
1609315200000,27769.6348
1609329600000,28081.8516
1609344000000,28722.1875
1609358400000,28822.084
1609372800000,28967.1855
1609387200000,29132.6543
1609401600000,28855.0078
1609416000000,28732.8906
1609430400000,28841.998
1609444800000,28888.1074
1609459200000,29275.4434
1609473600000,29091.2422
1609488000000,29343.1055
1609502400000,29212.5156
1609516800000,29018.0449
1609531200000,29328.4688
1609545600000,29357.1914
1609560000000,29779.8164
1609574400000,29770.0195
1609588800000,31735.5742
1609603200000,33048.5859
1609617600000,32140.9609
1609632000000,32600.1133
1609646400000,34443.9102
1609660800000,34357.3555
1609675200000,33498.7344
1609689600000,32740.5195
1609704000000,33026.2031
1609718400000,33533.9414
1609732800000,32166.9316
1609747200000,30702.3809
1609761600000,31662.2148
1609776000000,31657.2441
1609790400000,31995.418
1609804800000,31171.543
1609819200000,30798.2129
1609833600000,31779.498
1609848000000,32102.7598
1609862400000,33759.1133
1609876800000,34024.0508
1609891200000,34159.4961
1609905600000,34767.5234
1609920000000,35018.5312
1609934400000,34643.1797
1609948800000,34934.375
1609963200000,36813.4297
1609977600000,37513.8828
1609992000000,36880.0859
1610006400000,37916.832
1610020800000,39048.8008
1610035200000,39046.8164
1610049600000,39422.8242
1610064000000,38317.3633
1610078400000,38880.4492
1610092800000,41372.2852
1610107200000,40848.9766
1610121600000,40373.7578
1610136000000,40544.2422
1610150400000,40123.7891
1610164800000,39536.4062
1610179200000,40564.0977
1610193600000,40593.4922
1610208000000,40731.9727
1610222400000,40236.3672
1610236800000,40486.7617
1610251200000,41063.7969
1610265600000,39103.0273
1610280000000,39656.8086
1610294400000,37391.3086
1610308800000,38172.9023
1610323200000,35394.7383
1610337600000,34335.8047
1610352000000,34138.3633
1610366400000,31493.3086
1610380800000,32236.9688
1610395200000,35279.5195
1610409600000,34972.4297
1610424000000,36413.7305
1610438400000,35377.5391
1610452800000,33782.6367
1610467200000,34667.8242
1610481600000,33994.7969
1610496000000,33729.0859
1610510400000,34956.6992
1610524800000,34339.7383
1610539200000,34624.5664
1610553600000,35960.3398
1610568000000,37365.5234
1610582400000,37047.8359
1610596800000,38218.9727
1610611200000,38363.0117
1610625600000,39442.125
1610640000000,39885.3008
1610654400000,39084.8945
1610668800000,38673.9375
1610683200000,38365.4922
1610697600000,38070.5039
1610712000000,35445.7109
1610726400000,35085.4844
1610740800000,36687.8047
1610755200000,36474.1641
1610769600000,36577.6992
1610784000000,37686.8672
1610798400000,37495.7891
1610812800000,36344.5859
1610827200000,35888.0352
1610841600000,36193.4648
1610856000000,34723.5703
1610870400000,35229.3555
1610884800000,35704.8516
1610899200000,35604.8125
1610913600000,35832.5156
1610928000000,35052.8125
1610942400000,36064.543
1610956800000,36432.0938
1610971200000,36415.1875
1610985600000,35934.9648
1611000000000,36609
1611014400000,36533.9727
1611028800000,37206.0742
1611043200000,37356.7266
1611057600000,37352.2617
1611072000000,36276.4258
1611086400000,35797.4023
1611100800000,34970.5625
1611115200000,35603.4648
1611129600000,34369.8477
1611144000000,34165.3047
1611158400000,35185.1289
1611172800000,35490.6562
1611187200000,34575.5898
1611201600000,34588.4961
1611216000000,32128.3965
1611230400000,31354.3516
1611244800000,32432.0898
1611259200000,30789.4219
1611273600000,30926.0449
1611288000000,30814.4062
1611302400000,31701.9863
1611316800000,32451.4375
1611331200000,33580.8281
1611345600000,32954.7305
1611360000000,32357.873
1611374400000,32924.6992
1611388800000,31641.2383
1611403200000,31859.4668
1611417600000,32322.7559
1611432000000,32044.0703
1611446400000,32460.5117
1611460800000,32793.9844
1611475200000,32852.6172
1611489600000,31952.1719
1611504000000,31277.0391
1611518400000,32244.1016
1611532800000,33558.8359
1611547200000,33348.0625
1611561600000,33158.6992
1611576000000,34444.5469
1611590400000,33368.9023
1611604800000,32194.7891
1611619200000,31469.5117
1611633600000,31591.2871
1611648000000,31770.1758
1611662400000,31714.9609
1611676800000,32180.8574
1611691200000,32459.0371
1611705600000,31789.0508
1611720000000,31748.7871
1611734400000,30601.5137
1611748800000,30323.8613
1611763200000,30709.7227
1611777600000,30349.1445
1611792000000,31442.3184
1611806400000,31184.8613
1611820800000,31427.0801
1611835200000,31914.5918
1611849600000,32572.7676
1611864000000,33399.9922
1611878400000,33774.0156
1611892800000,32299.0918
1611907200000,37124.6055
1611921600000,37171.4844
1611936000000,34232.5586
1611950400000,34165.8398
1611964800000,33207.332
1611979200000,34019.25
1611993600000,33651.3398
1612008000000,34224.082
1612022400000,34285.832
1612036800000,34275.3867
1612051200000,33919.3086
1612065600000,33586.1172
1612080000000,33563.2461
1612094400000,32856.1836
1612108800000,32802.9766
1612123200000,33088.1133
1612137600000,33580.9688
1612152000000,33806.5547
1612166400000,34184.7031
1612180800000,33131.9141
1612195200000,33815.082
1612209600000,33482.2812
1612224000000,33536.418
1612238400000,34230.3945
1612252800000,34731.9102
1612267200000,34683.3125
1612281600000,35745.4102
1612296000000,35463.3555
1612310400000,36413.6133
1612324800000,36311.0391
1612339200000,35987.9922
1612353600000,36887.4492
1612368000000,36829.0039
1612382400000,37642.7422
1612396800000,37521.9609
1612411200000,37863.3828
1612425600000,37321.4531
1612440000000,36559.3828
1612454400000,37482.6914
1612468800000,36958.5781
1612483200000,37359.8203
1612497600000,37694.9883
1612512000000,37720.8438
1612526400000,37951.0156
1612540800000,37575.3008
1612555200000,38327.8125
1612569600000,39405.0859
1612584000000,39368.957
1612598400000,40199.418
1612612800000,40844.0352
1612627200000,40233.3242
1612641600000,39247.5664
1612656000000,38853.6797
1612670400000,39021.6953
1612684800000,39132.5234
1612699200000,37964.1641
1612713600000,38088.293
1612728000000,38814.4219
1612742400000,38051.5156
1612756800000,39242.2852
1612771200000,39458.1133
1612785600000,44088.9922
1612800000000,43081.707
1612814400000,46476.3594
1612828800000,46650.5547
1612843200000,47572.9375
1612857600000,46436.8086
1612872000000,46740.1445
1612886400000,47086.8711
1612900800000,46441.1836
1612915200000,46296.0469
1612929600000,46656.5078
1612944000000,46650.5508
1612958400000,44311.5859
1612972800000,45259.5742
1612987200000,44831.25
1613001600000,45521.1484
1613016000000,44684.4766
1613030400000,46115.6562
1613044800000,48092.2266
1613059200000,47860.9531
1613073600000,48037.4297
1613088000000,47652.168
1613102400000,47363.8594
1613116800000,47687.6602
1613131200000,47026.7109
1613145600000,47344.8828
1613160000000,47394.6641
1613174400000,47955.7227
1613188800000,47032.9102
1613203200000,46571.7617
1613217600000,47084.6328
1613232000000,46915.7461
1613246400000,47198.707
1613260800000,47388.6562
1613275200000,48862.0508
1613289600000,49168.7734
1613304000000,48588.8594
1613318400000,48765.5117
1613332800000,48633.1133
1613347200000,47104.6289
1613361600000,47180.6602
1613376000000,47857.5508
1613390400000,47957.457
1613404800000,48760.4297
1613419200000,47939.4961
1613433600000,49614.1602
1613448000000,49140.9258
1613462400000,48932.8555
1613476800000,48908.0312
1613491200000,48557.6211
1613505600000,49176.5664
1613520000000,49698.293
1613534400000,51182.7148
1613548800000,51331.6367
1613563200000,51130.8828
1613577600000,52163.2617
1613592000000,52117.6758
1613606400000,52104.8008
1613620800000,51929.5898
1613635200000,51381.4961
1613649600000,51506.293
1613664000000,51735.4844
1613678400000,51550.4727
1613692800000,51179.375
1613707200000,51657.6523
1613721600000,52745.5586
1613736000000,53814.4531
1613750400000,54875.3164
1613764800000,55770.7734
1613779200000,55754.9375
1613793600000,55259.6406
1613808000000,56364.0938
1613822400000,56164.5977
1613836800000,56997.0508
1613851200000,55900.0859
1613865600000,56522.2578
1613880000000,56059.6289
1613894400000,57392.2383
1613908800000,57380.3398
1613923200000,58120.8711
1613937600000,57384.5781
1613952000000,55894.5352
1613966400000,56538.1445
1613980800000,54550.0781
1613995200000,53234.2109
1614009600000,53530.668
1614024000000,54008.1836
1614038400000,51911.4844
1614052800000,49638.1094
1614067200000,46406.2891
1614081600000,48578.6211
1614096000000,45475.0117
1614110400000,48869.4336
1614124800000,50833.9688
1614139200000,50055.2383
1614153600000,50356.3789
1614168000000,49856.1172
1614182400000,48986.7656
1614196800000,49698.8984
1614211200000,50259.5391
1614225600000,50474.8047
1614240000000,50367.6484
1614254400000,50850.832
1614268800000,49468.9648
1614283200000,47062.1367
1614297600000,47361.8867
1614312000000,44985.4961
1614326400000,46396.793
1614340800000,47630.7461
1614355200000,46946.5781
1614369600000,46318.7422
1614384000000,47396.0742
1614398400000,47138.8398
1614412800000,47287.7266
1614427200000,46510.2305
1614441600000,47415.3008
1614456000000,46126.0039
1614470400000,44603.3359
1614484800000,44416.8438
1614499200000,45312.5938
1614513600000,43395.457
1614528000000,44434.7773
1614542400000,45196.5352
1614556800000,46327.0234
1614571200000,46302.1094
1614585600000,47794.9336
1614600000000,49209.2812
1614614400000,48295.5078
1614628800000,49630.2695
1614643200000,48983.4414
1614657600000,48336.5625
1614672000000,48848.2461
1614686400000,48681.9766
1614700800000,47423.2695
1614715200000,48458.1758
1614729600000,48696.7617
1614744000000,49770.7773
1614758400000,51716.7031
1614772800000,50779.1367
1614787200000,50845.4219
1614801600000,50295.1016
1614816000000,49519.7344
1614830400000,49660.6562
1614844800000,49323.3164
1614859200000,49441.2695
1614873600000,47961.8477
1614888000000,48347.375
1614902400000,47262.5938
1614916800000,47363.0352
1614931200000,47466.4258
1614945600000,47869.5117
1614960000000,49320.3477
1614974400000,48741.4883
1614988800000,48605.2266
1615003200000,48809.0898
1615017600000,48137.4414
1615032000000,47194.2773
1615046400000,48365.418
1615060800000,48881.207
1615075200000,49544.9023
1615089600000,50098.8008
1615104000000,50709.0859
1615118400000,50558.6211
1615132800000,50367.9805
1615147200000,50928.7031
1615161600000,50605.6523
1615176000000,49735.7578
1615190400000,50522.9258
1615204800000,51098.5352
1615219200000,51361.2539
1615233600000,52462.8594
1615248000000,53944.1289
1615262400000,53503.0117
1615276800000,54269.4141
1615291200000,54080.9062
1615305600000,54123.2461
1615320000000,54895.4648
1615334400000,53498.3008
1615348800000,54248.7031
1615363200000,54913.1797
1615377600000,56423.293
1615392000000,56718.9414
1615406400000,55786.2031
1615420800000,55937.1602
1615435200000,54871.3438
1615449600000,56292.8594
1615464000000,56241.6953
1615478400000,56866.918
1615492800000,57748.4688
1615507200000,57115.4258
1615521600000,56608.3359
1615536000000,56476.7266
1615550400000,56987.0039
1615564800000,56898.168
1615579200000,57153.4805
1615593600000,56646.0117
1615608000000,57333.0898
1615622400000,59985.457
1615636800000,59680.7266
1615651200000,60886.2461
1615665600000,61092.6914
1615680000000,61337.5195
1615694400000,60339.3047
1615708800000,60365.7109
1615723200000,59594.918
1615737600000,59895.1016
1615752000000,58933.7617
1615766400000,60487.4648
1615780800000,57843.9414
1615795200000,56060.7344
1615809600000,56056.75
1615824000000,56610.5039
1615838400000,55641.2031
1615852800000,54265.8086
1615867200000,55219.4336
1615881600000,55456.75
1615896000000,55817.418
1615910400000,55732.7773
1615924800000,56978.9766
1615939200000,55479.4219
1615953600000,55749.5703
1615968000000,54772.9727
1615982400000,54945.5312
1615996800000,57861.5
1616011200000,58940.3164
1616025600000,58710.4219
1616040000000,58388.5117
1616054400000,58190.0195
1616068800000,59624.5938
1616083200000,57241.0039
1616097600000,57592.6211
1616112000000,57743.0078
1616126400000,57746.9922
1616140800000,58799.5469
1616155200000,59002.2266
1616169600000,58854.5625
1616184000000,57998.2734
1616198400000,58418.2383
1616212800000,58444.6055
1616227200000,59272.5586
1616241600000,59243.25
1616256000000,59290.0117
1616270400000,58068.5352
1616284800000,57801.6094
1616299200000,57008.043
1616313600000,56224.4414
1616328000000,57185.6445
1616342400000,57528.5625
1616356800000,57382.4102
1616371200000,57591.0391
1616385600000,57620.832
1616400000000,57740.4648
1616414400000,57029.3906
1616428800000,55466.9062
1616443200000,54024.6797
1616457600000,54639.9883
1616472000000,54143.457
1616486400000,54185.125
1616500800000,55206.9023
1616515200000,55010.3828
1616529600000,54369.9844
1616544000000,54345.6016
1616558400000,55465.2148
1616572800000,56563.5
1616587200000,56275.7734
1616601600000,54758.4297
1616616000000,52168.6289
1616630400000,52093.8594
1616644800000,52186.7305
1616659200000,52115.4844
1616673600000,50930.957
1616688000000,52139.1484
1616702400000,51300.6445
1616716800000,52376.082
1616731200000,53546.3867
1616745600000,52713.3867
1616760000000,53260.0742
1616774400000,53745.1328
1616788800000,55058.1445
1616803200000,54772.6094
1616817600000,54952.2812
1616832000000,54438.5977
1616846400000,54965.9609
1616860800000,55829.9453
1616875200000,55808.5781
1616889600000,56021.0586
1616904000000,56127.5273
1616918400000,55782.1055
1616932800000,56340.0898
1616947200000,55198.1016
1616961600000,55735.0547
1616976000000,55338.1953
1616990400000,55909.3906
1617004800000,57805.5898
1617019200000,57678.0039
1617033600000,57657.6602
1617048000000,57568.875
1617062400000,57165.1641
1617076800000,58122.8672
1617091200000,59333.4141
1617105600000,58544.5391
1617120000000,59095.2344
1617134400000,58671.4492
1617148800000,58636.7148
1617163200000,58141.0703
1617177600000,58042.832
1617192000000,59313.2188
1617206400000,58606.6289
1617220800000,58762.8086
1617235200000,59138.8203
1617249600000,58746.5039
1617264000000,58560.0078
1617278400000,58972.4805
1617292800000,58950.6758
1617307200000,58731.2109
1617321600000,59897.0898
1617336000000,59386.7109
1617350400000,59579.5508
1617364800000,59391.3125
1617379200000,58859.5938
1617393600000,58971.7578
1617408000000,59280.4492
1617422400000,59337.0195
1617436800000,59318.2266
1617451200000,58708.5703
1617465600000,58581.8008
1617480000000,57023.3359
1617494400000,57567.1289
1617508800000,57655.8047
1617523200000,57288.4453
1617537600000,57918.5117
1617552000000,58001.2656
1617566400000,58205.8828
1617580800000,57524.0586
1617595200000,57252.6133
1617609600000,57762.582
1617624000000,59004.2812
1617638400000,59063.375
1617652800000,59235.1523
1617667200000,58653.1602
1617681600000,58499.043
1617696000000,58551.0859
1617710400000,57820.5664
1617724800000,58256.5117
1617739200000,57939.7305
1617753600000,57972.9023
1617768000000,57847.0586
1617782400000,56314.2266
1617796800000,56461.6211
1617811200000,56128.1719
1617825600000,55896.5625
1617840000000,56499.1992
1617854400000,57000.6484
1617868800000,56465.0859
1617883200000,57723.832
1617897600000,57713.4141
1617912000000,58072.1758
1617926400000,57974.0664
1617940800000,58033.5742
1617955200000,58459.0938
1617969600000,58185.9492
1617984000000,58341.1094
1617998400000,58076.4844
1618012800000,59187.6406
1618027200000,60532.6367
1618041600000,60537.1172
1618056000000,60219.6758
1618070400000,59451.4336
1618084800000,59665.0117
1618099200000,60287.1094
1618113600000,59692.3438
1618128000000,59718.168
1618142400000,59635.9883
1618156800000,59655.832
1618171200000,59956.4062
1618185600000,60313.1797
1618200000000,60770.9648
1618214400000,60263.0508
1618228800000,59991.0703
1618243200000,60029.7344
1618257600000,59832.543
1618272000000,60536.8984
1618286400000,61018.3438
1618300800000,62936.8516
1618315200000,63309.9258
1618329600000,63045.9922
1618344000000,63480.1641
1618358400000,63783.4375
1618372800000,64289.0117
1618387200000,64589.9297
1618401600000,63071.8008
1618416000000,62157.6914
1618430400000,62959.6406
1618444800000,63097.8945
1618459200000,62825.6523
1618473600000,62377.2617
1618488000000,62752.3281
1618502400000,63440.7109
1618516800000,63266.2539
1618531200000,63007.5586
1618545600000,61484.8125
1618560000000,60909.707
1618574400000,61643.8516
1618588800000,61811.1875
1618603200000,61428.2227
1618617600000,62427.375
1618632000000,62165.2227
1618646400000,60970.1953
1618660800000,60367.4062
1618675200000,60768.9336
1618689600000,60129.3711
1618704000000,55337.4648
1618718400000,56245.9023
1618732800000,53426.832
1618747200000,55585.2109
1618761600000,55779.8359
1618776000000,56212.832
1618790400000,57064.4766
1618804800000,57359.1602
1618819200000,57163.8359
1618833600000,54620.9844
1618848000000,55932.4805
1618862400000,55659.7969
1618876800000,54498.6445
1618891200000,54427.3438
1618905600000,56352.4688
1618920000000,55358.1953
1618934400000,56624.4805
1618948800000,56466.5391
1618963200000,55241.7344
1618977600000,55322.3672
1618992000000,54582.8867
1619006400000,56145.2812
1619020800000,55459.2891
1619035200000,53806.6992
1619049600000,53519.0703
1619064000000,54188.8203
1619078400000,54892.0391
1619092800000,54665.3984
1619107200000,52905.4844
1619121600000,51680.0469
1619136000000,50239.6992
1619150400000,47932.4609
1619164800000,50021.75
1619179200000,49793.293
1619193600000,50826.8203
1619208000000,51083.7266
1619222400000,50140.4531
1619236800000,49869.2227
1619251200000,49061
1619265600000,50205.9492
1619280000000,50677.2812
1619294400000,50074.8203
1619308800000,49654.7305
1619323200000,49587.9609
1619337600000,49520.707
1619352000000,50222.125
1619366400000,49345.1523
1619380800000,49035.8438
1619395200000,52326.3945
1619409600000,52843.9766
1619424000000,53611.7227
1619438400000,53590.332
1619452800000,54013.2461
1619467200000,53960.5547
1619481600000,53461.043
1619496000000,54517.6602
1619510400000,55123.875
1619524800000,54956.4766
1619539200000,54747.8984
1619553600000,54977.3828
1619568000000,54794.7461
1619582400000,54256.7109
1619596800000,54825.2305
1619611200000,54298.5859
1619625600000,55414.9375
1619640000000,54815.6914
1619654400000,54262.3711
1619668800000,54417.4922
1619683200000,54321.6719
1619697600000,53714.4062
1619712000000,52855.7031
1619726400000,53519.6484
1619740800000,53690.0195
1619755200000,54321.9648
1619769600000,54236.1016
1619784000000,57133.1953
1619798400000,57032.9375
1619812800000,57694.5156
1619827200000,58204.7578
1619841600000,57705.7617
1619856000000,57854.6719
1619870400000,57360.2148
1619884800000,57784.7891
1619899200000,57824.1094
1619913600000,56496.043
1619928000000,56678.0078
1619942400000,57111.5625
1619956800000,56610.8516
1619971200000,56908.5469
1619985600000,56600.4453
1620000000000,57977.6523
1620014400000,58823.8047
1620028800000,58693.8867
1620043200000,57627.0898
1620057600000,57566.0273
1620072000000,57125.2148
1620086400000,55444.7031
1620100800000,55941.9492
1620115200000,56153.082
1620129600000,53818.0664
1620144000000,54558.8945
1620158400000,53228
1620172800000,54808.7148
1620187200000,54859.9531
1620201600000,55114.5859
1620216000000,57583.543
1620230400000,57169.6055
1620244800000,57473.375
1620259200000,56878.9883
1620273600000,56871.5273
1620288000000,58033.3789
1620302400000,57165.6758
1620316800000,56170.6094
1620331200000,56335.7852
1620345600000,55763.6055
1620360000000,55834.7031
1620374400000,56426.8672
1620388800000,57538.2656
1620403200000,57642.7695
1620417600000,57374.5
1620432000000,58180.9609
1620446400000,58556.1992
1620460800000,58584.5625
1620475200000,57596.1328
1620489600000,59131.6484
1620504000000,58963.8008
1620518400000,58649.4961
1620532800000,57949.1641
1620547200000,57948.668
1620561600000,57415.707
1620576000000,57321.3281
1620590400000,58240.4414
1620604800000,59466.5391
1620619200000,58419.668
1620633600000,58134.9531
1620648000000,58395.9609
1620662400000,55757.2188
1620676800000,55879.4688
1620691200000,55209.2969
1620705600000,55822.8594
1620720000000,55255.8672
1620734400000,56091.6484
1620748800000,56641.4648
1620763200000,56738.8984
1620777600000,57789.6289
1620792000000,57163.7812
1620806400000,56496.4141
1620820800000,55475.3789
1620835200000,54479.5781
1620849600000,49511.293
1620864000000,50419.9453
1620878400000,50878.0664
1620892800000,49770.1406
1620907200000,49730.2305
1620921600000,48554.3672
1620936000000,49676.1367
1620950400000,49176.918
1620964800000,50052.2148
1620979200000,50597.9023
1620993600000,51269.043
1621008000000,50141.8906
1621022400000,49871.2734
1621036800000,49653.5078
1621051200000,48482.7539
1621065600000,48944.9922
1621080000000,48976.7969
1621094400000,48141.1719
1621108800000,46766.2812
1621123200000,48403.5898
1621137600000,49363.2344
1621152000000,49015.5508
1621166400000,47776.4375
1621180800000,45554.2656
1621195200000,46385.4727
1621209600000,42856.5039
1621224000000,45158.7383
1621238400000,45756.9609
1621252800000,43339.4492
1621267200000,44150.3594
1621281600000,43522.2812
1621296000000,44778.4688
1621310400000,45122.1836
1621324800000,45306.4688
1621339200000,42946.75
1621353600000,43245.5117
1621368000000,42834.582
1621382400000,40580.832
1621396800000,40320.8828
1621411200000,38646.2266
1621425600000,37234.6953
1621440000000,39448.9219
1621454400000,36776.5117
1621468800000,38341.6328
1621483200000,39958.6562
1621497600000,40430.6211
1621512000000,41418.4453
1621526400000,40117.8086
1621540800000,40578.2539
1621555200000,40682.3906
1621569600000,39847.7812
1621584000000,41125.0859
1621598400000,36772.3477
1621612800000,36029.3125
1621627200000,37261.4062
1621641600000,36930.6523
1621656000000,36305.5859
1621670400000,38133.9258
1621684800000,38138.9102
1621699200000,37261.3242
1621713600000,37421.1914
1621728000000,37401.75
1621742400000,35890.6523
1621756800000,35383.0234
1621771200000,33303.0391
1621785600000,33053.5859
1621800000000,34668.9297
1621814400000,35262.8438
1621828800000,36624.8008
1621843200000,37579.2578
1621857600000,37531.4336
1621872000000,39559.418
1621886400000,38788.4688
1621900800000,38312.8203
1621915200000,38952.5156
1621929600000,36529.3086
1621944000000,38261.2031
1621958400000,37268.0039
1621972800000,38316.457
1621987200000,39504.2383
1622001600000,40451.9727
1622016000000,39838.8711
1622030400000,38738.9883
1622044800000,38445.0586
1622059200000,39207.3359
1622073600000,37591.7656
1622088000000,38250.3008
1622102400000,39689.3242
1622116800000,39658.9453
1622131200000,38762.082
1622145600000,38462.7734
1622160000000,38224.2539
1622174400000,36937.2539
1622188800000,35350.9961
1622203200000,36710.8633
1622217600000,35737.0469
1622232000000,35629.3984
1622246400000,36422.207
1622260800000,36148.2266
1622275200000,35359.1133
1622289600000,34396.375
1622304000000,34017.1055
1622318400000,34559.0508
1622332800000,34736.5391
1622347200000,35954.5156
1622361600000,36311.7422
1622376000000,35480.0117
1622390400000,36053.5234
1622404800000,35615.0742
1622419200000,34474.4922
1622433600000,35817.4375
1622448000000,36781.543
1622462400000,36946.3125
1622476800000,36810.5273
1622491200000,37199.1367
1622505600000,36661.1797
1622520000000,36791.9766
1622534400000,36551.9219
1622548800000,36172.207
1622563200000,35894.3672
1622577600000,36623.1406
1622592000000,36427.4258
1622606400000,37170.3047
1622620800000,37135.0625
1622635200000,37959.7305
1622649600000,37799.0234
1622664000000,37488.5391
1622678400000,37564.5352
1622692800000,38540.0898
1622707200000,38717.6094
1622721600000,38476.4023
1622736000000,38541.4922
1622750400000,39161.2188
1622764800000,37893.6289
1622779200000,36579.8828
1622793600000,36529.1836
1622808000000,36923.6914
1622822400000,36768.2461
1622836800000,36799.9844
1622851200000,37360.4414
1622865600000,37549.4766
1622880000000,35822.9102
1622894400000,36272.8438
1622908800000,35719.5898
1622923200000,35469.5
1622937600000,35941.5234
1622952000000,36112.6094
1622966400000,35836.9766
1622980800000,36135.8359
1622995200000,35703.4062
1623009600000,35743.5195
1623024000000,36338.0234
1623038400000,36117.8164
1623052800000,36321.9141
1623067200000,35988.7773
1623081600000,35581.5703
1623096000000,33502.5781
1623110400000,32779.9883
1623124800000,32938.875
1623139200000,33069.5039
1623153600000,31705.4238
1623168000000,32815.7773
1623182400000,33351.0273
1623196800000,32816.6211
1623211200000,34133.2305
1623225600000,34921.0352
1623240000000,36291.1445
1623254400000,36241.4609
1623268800000,37336.5938
1623283200000,36904.0039
1623297600000,36928.3906
1623312000000,37771.5586
1623326400000,36873.793
1623340800000,36632.875
1623355200000,36634.3672
1623369600000,36717.3828
1623384000000,37097.1445
1623398400000,37322.8281
1623412800000,36763.4805
1623427200000,37201.2148
1623441600000,37271.7656
1623456000000,35526.0742
1623470400000,35206.4609
1623484800000,35534.4805
1623499200000,35334.2695
1623513600000,35685.9805
1623528000000,35493.3516
1623542400000,34814.4102
1623556800000,35217.4336
1623571200000,35846.9414
1623585600000,35999.2891
1623600000000,37589.7305
1623614400000,38964.0039
1623628800000,38917.8945
1623643200000,39512.457
1623657600000,39130.8633
1623672000000,40619.1094
1623686400000,39663.6953
1623700800000,40452.1445
1623715200000,40365.8203
1623729600000,40319.207
1623744000000,39771.2344
1623758400000,40006.5664
1623772800000,39872.7266
1623787200000,40063.6758
1623801600000,39967.6016
1623816000000,40063.5117
1623830400000,39020.6406
1623844800000,38738.9102
1623859200000,38588.625
1623873600000,38276.6406
1623888000000,38766.4219
1623902400000,39166.7266
1623916800000,39102.3359
1623931200000,38946.8555
1623945600000,37646.4375
1623960000000,38006.1016
1623974400000,37864.6602
1623988800000,37657.7266
1624003200000,37752.2266
1624017600000,36336.6602
1624032000000,35285.6719
1624046400000,35756.4023
1624060800000,35033.7383
1624075200000,35745.0703
1624089600000,35903.1602
1624104000000,36093.918
1624118400000,35888.6836
1624132800000,35446.3359
1624147200000,35487.4023
1624161600000,35579.375
1624176000000,33821.2344
1624190400000,34373.1445
1624204800000,35407.168
1624219200000,35551.0312
1624233600000,34608.9336
1624248000000,32941.7461
1624262400000,32473.4395
1624276800000,32641.9844
1624291200000,32516.9844
1624305600000,31583.4961
1624320000000,32941.3047
1624334400000,32608.2871
1624348800000,31180.3594
1624363200000,31620.0488
1624377600000,32383.6426
1624392000000,32477.9902
1624406400000,33916.4961
1624420800000,33948.3164
1624435200000,33851.8906
1624449600000,33449.8164
1624464000000,32822.3945
1624478400000,33626.9453
1624492800000,32545.8477
1624507200000,32789.6992
1624521600000,33796.8945
1624536000000,33815.7812
1624550400000,34752.4297
1624564800000,34585.5742
1624579200000,34973.3867
1624593600000,34218.668
1624608000000,33223.1875
1624622400000,32506.9629
1624636800000,32147.2578
1624651200000,31523.7266
1624665600000,31910.2734
1624680000000,30662.416
1624694400000,31726.9316
1624708800000,31494.0332
1624723200000,31533.2539
1624737600000,32226.3945
1624752000000,33048.7461
1624766400000,33182.9414
1624780800000,33197.8477
1624795200000,33148.7109
1624809600000,32756.6328
1624824000000,34652.5352
1624838400000,34354.2773
1624852800000,34970.6016
1624867200000,34045.332
1624881600000,34940.6914
1624896000000,34375.0586
1624910400000,34423.793
1624924800000,34513.7695
1624939200000,34785.1523
1624953600000,35505.6289
1624968000000,36175.3047
1624982400000,36334.0469
1624996800000,35867.8125
1625011200000,35040.5898
1625025600000,35169.2773
1625040000000,34791.7891
1625054400000,34122.2148
1625068800000,34689.1133
1625083200000,34973.1602
1625097600000,34064.2734
1625112000000,33292.5391
1625126400000,33654.7422
1625140800000,33386.4297
1625155200000,33033.6133
1625169600000,33466.9609
1625184000000,32841.4336
1625198400000,33318.4453
1625212800000,32961.7695
1625227200000,33636.8164
1625241600000,33250.4844
1625256000000,33725.7578
1625270400000,33481.5508
1625284800000,34445.5
1625299200000,34520.9922
1625313600000,34555.2461
1625328000000,34685.2734
1625342400000,34634.7812
1625356800000,34606.0898
1625371200000,35498.168
1625385600000,35430.9453
1625400000000,35426.5
1625414400000,35493.9531
1625428800000,35234.4297
1625443200000,34296.4062
1625457600000,34199.3438
1625472000000,33306.9688
1625486400000,33553.6836
1625500800000,34061.8398
1625515200000,33646.4297
1625529600000,33853.2539
1625544000000,34806.5703
1625558400000,34002.5977
1625572800000,33985.7344
1625587200000,33955.0039
1625601600000,34163.4297
1625616000000,34408.5273
1625630400000,34685.8945
1625644800000,34778.5156
1625659200000,34477.0469
1625673600000,34562.1367
1625688000000,33793.8594
1625702400000,33250.582
1625716800000,32453.291
1625731200000,32670.1328
1625745600000,32856.3594
1625760000000,32948.7109
1625774400000,32822.793
1625788800000,32894.7969
1625803200000,32828.9336
1625817600000,32721.9961
1625832000000,33485.9219
1625846400000,33384.5977
1625860800000,33747.6914
1625875200000,33741.7695
1625889600000,33702.8125
1625904000000,33735.3672
1625918400000,33802.3984
1625932800000,33333.9062
1625947200000,33450.5625
1625961600000,33381.582
1625976000000,33428.7617
1625990400000,33745.0117
1626004800000,33892.7539
1626019200000,33816.6914
1626033600000,34183.707
1626048000000,34365.7812
1626062400000,34211.4844
1626076800000,33470.3359
1626091200000,33306.5352
1626105600000,32759.4648
1626120000000,33051.5977
1626134400000,33027.8828
1626148800000,33120.7773
1626163200000,32984.1133
1626177600000,32733.8125
1626192000000,32250.6094
1626206400000,32674.4355
1626220800000,31767.9883
1626235200000,31866.8652
1626249600000,32389.9375
1626264000000,32743.2832
1626278400000,32663.6738
1626292800000,32748.5098
1626307200000,32587.4844
1626321600000,32427.916
1626336000000,31846.6172
1626350400000,31629.1348
1626364800000,31489.9023
1626379200000,31824.6484
1626393600000,31872.8438
1626408000000,31744.3086
1626422400000,31060.9863
1626436800000,32044.0898
1626451200000,31861.4668
1626465600000,31342.8691
1626480000000,31260.1035
1626494400000,31447.9395
1626508800000,31344.9785
1626523200000,31731.9941
1626537600000,31783.7852
1626552000000,31452.1523
1626566400000,32094.7266
1626580800000,31641.877
1626595200000,31748.043
1626609600000,31315.6855
1626624000000,31595.5273
1626638400000,31724.875
1626652800000,31507.4199
1626667200000,31553.7656
1626681600000,31212.2812
1626696000000,30609.752
1626710400000,30680.623
1626724800000,30772.6094
1626739200000,29560.4785
1626753600000,29787.498
1626768000000,29656.9492
1626782400000,29871.0605
1626796800000,29726.2676
1626811200000,29741.5078
1626825600000,29797.0039
1626840000000,30756.6914
1626854400000,31474.0859
1626868800000,31847.748
1626883200000,31574.2285
1626897600000,32041.5879
1626912000000,31869.8223
1626926400000,32056.627
1626940800000,31849.459
1626955200000,32437.1582
1626969600000,32306.9844
1626984000000,32217.2734
1626998400000,32516.9414
1627012800000,32413.543
1627027200000,32233.3379
1627041600000,32235.8105
1627056000000,32186.1504
1627070400000,33563.8555
1627084800000,33584.7109
1627099200000,33739.6016
1627113600000,33782.7852
1627128000000,33798.1641
1627142400000,33798.6602
1627156800000,34172.1523
1627171200000,34092.9609
1627185600000,34626.9922
1627200000000,34306.2695
1627214400000,34125.8203
1627228800000,34280.3477
1627243200000,35329.5938
1627257600000,38227.9922
1627272000000,38103.1484
1627286400000,38400.4219
1627300800000,38483.2148
1627315200000,39254.9258
1627329600000,37163.8594
1627344000000,36755.7148
1627358400000,37060.1406
1627372800000,37981.2812
1627387200000,38156.5078
1627401600000,37717
1627416000000,39426.7812
1627430400000,39774.5625
1627444800000,39825.3828
1627459200000,40683.9375
1627473600000,39603.875
1627488000000,40320.5547
1627502400000,39942.6133
1627516800000,39544.7695
1627531200000,39853.8086
1627545600000,39708.5352
1627560000000,39870.6875
1627574400000,39584.3047
1627588800000,39955.168
1627603200000,39908.1328
1627617600000,39665.0977
1627632000000,38603.4805
1627646400000,39008.9883
1627660800000,39841.0156
1627675200000,42175.7695
1627689600000,41771.0312
1627704000000,41487.7969
1627718400000,41551.5039
1627732800000,41491.0391
1627747200000,41238.3438
1627761600000,41384.5039
1627776000000,42387.7852
1627790400000,41631.1836
1627804800000,41548.4062
1627819200000,41229.7227
1627833600000,41204.4492
1627848000000,39787.0117
1627862400000,39733.3711
1627876800000,40043.8359
1627891200000,39470.418
1627905600000,39637.4688
1627920000000,39126.5469
1627934400000,39095.7617
1627948800000,38593.6758
1627963200000,38524.1367
1627977600000,38427.3086
1627992000000,38126.8906
1628006400000,37964.5
1628020800000,38153.4727
1628035200000,37906.332
1628049600000,37765.8789
1628064000000,38091.6914
1628078400000,39232.25
1628092800000,39678.3008
1628107200000,39682.2695
1628121600000,39392.9453
1628136000000,38822.1055
1628150400000,37950.1367
1628164800000,38689.75
1628179200000,40665.4648
1628193600000,40818.6328
1628208000000,40196.3359
1628222400000,40677.9492
1628236800000,40441.9375
1628251200000,42154.5117
1628265600000,42857.6523
1628280000000,42790.25
1628294400000,43616.5117
1628308800000,43157.6406
1628323200000,43754.207
1628337600000,43309.168
1628352000000,43928.5
1628366400000,44529.6289
1628380800000,44276.9766
1628395200000,44752.0078
1628409600000,44403.8438
1628424000000,43933.1719
1628438400000,43684.8906
1628452800000,43759.9453
1628467200000,43451.8672
1628481600000,43761.3125
1628496000000,45886.7188
1628510400000,45843.6289
1628524800000,45929.7656
1628539200000,46225.4961
1628553600000,45653.5
1628568000000,45936.0625
1628582400000,45325.1289
1628596800000,45096.2773
1628611200000,45445.5664
1628625600000,45535.9922
1628640000000,45539.9648
1628654400000,46322.5273
1628668800000,45902.2344
1628683200000,46352.418
1628697600000,46420
1628712000000,45444.7773
1628726400000,45855.3125
1628740800000,45185.3867
1628755200000,44715.1914
1628769600000,44143.4062
1628784000000,44369.4023
1628798400000,44342.6133
1628812800000,45160.0664
1628827200000,46023.5
1628841600000,46100.9961
1628856000000,46338.418
1628870400000,46390.0664
1628884800000,47765.625
1628899200000,47518.2969
1628913600000,47584.9297
1628928000000,46499.8164
1628942400000,46865.8867
1628956800000,46994.0352
1628971200000,47015.8828
1628985600000,46841.2539
1629000000000,45745.3477
1629014400000,45892.5586
1629028800000,46140.375
1629043200000,46281.1289
1629057600000,46967.5078
1629072000000,47363.1406
1629086400000,47273.6406
1629100800000,47479.5781
1629115200000,46283.6289
1629129600000,46062.9766
1629144000000,45856.2109
1629158400000,46367.9062
1629172800000,45876.1523
1629187200000,46820.7188
1629201600000,45697.3594
1629216000000,45450.0156
1629230400000,44631.0586
1629244800000,45011.2422
1629259200000,44941.1914
1629273600000,44706.2383
1629288000000,45767.1094
1629302400000,44856.2148
1629316800000,44647.4961
1629331200000,44001.7617
1629345600000,44728.1953
1629360000000,44171.0117
1629374400000,45761.957
1629388800000,46644.6367
1629403200000,46739.1445
1629417600000,47032.5703
1629432000000,46780.5195
1629446400000,46938.082
1629460800000,48688.8984
1629475200000,48639.3164
1629489600000,49272.1445
1629504000000,48792.3359
1629518400000,48971
1629532800000,48498.168
1629547200000,49174.7266
1629561600000,48929.4102
1629576000000,48779.7656
1629590400000,48779.2695
1629604800000,49192.7617
1629619200000,49119.0469
1629633600000,48488.9648
1629648000000,48635.8828
1629662400000,49241.168
1629676800000,50270.793
1629691200000,50159.9883
1629705600000,50383.2617
1629720000000,49506.8789
1629734400000,49226.4766
1629748800000,49488.6016
1629763200000,49295.5
1629777600000,49779.9297
1629792000000,49403.2305
1629806400000,48295.5898
1629820800000,48218.168
1629835200000,47658.7188
1629849600000,47952.9375
1629864000000,48126.3047
1629878400000,47545.7305
1629892800000,48751.4492
1629907200000,48604.625
1629921600000,48956.418
1629936000000,47866.7422
1629950400000,46859.293
1629964800000,46811.0625
1629979200000,46727.0547
1629993600000,46897.8867
1630008000000,46815.4414
1630022400000,46770.7617
1630036800000,47445.7227
1630051200000,47406.0586
1630065600000,48161.543
1630080000000,48269.125
1630094400000,49031.6523
1630108800000,48884.2305
1630123200000,48929.3711
1630137600000,48695.5586
1630152000000,48806.0547
1630166400000,48646.5078
1630180800000,48879.2148
1630195200000,48204.0938
1630209600000,48462.8789
1630224000000,48151.2695
1630238400000,48456.9727
1630252800000,48764.8438
1630267200000,48759.9062
1630281600000,47922.8008
1630296000000,47919.3359
1630310400000,47899.0508
1630324800000,48032.7656
1630339200000,48585.5508
1630353600000,46954.5547
1630368000000,47118.1953
1630382400000,47745.5898
1630396800000,48001.1328
1630411200000,47418.168
1630425600000,47330.8828
1630440000000,47135.0234
1630454400000,47054.7109
1630468800000,47179.1445
1630483200000,47731.6914
1630497600000,47496.1211
1630512000000,48171.6094
1630526400000,48831.9961
1630540800000,49587.7148
1630555200000,49852.0703
1630569600000,50084.1484
1630584000000,49543.6953
1630598400000,49332.5859
1630612800000,49271.7891
1630627200000,49455.2344
1630641600000,49311.0664
1630656000000,50180.1055
1630670400000,50565.0391
1630684800000,50498.9453
1630699200000,49976.2695
1630713600000,50240.6484
1630728000000,50188.832
1630742400000,49903.0977
1630756800000,49844.8633
1630771200000,49982.4453
1630785600000,49909.0195
1630800000000,49684.7969
1630814400000,49877.4648
1630828800000,50210.1992
1630843200000,50177.2461
1630857600000,50674.0312
1630872000000,51761.3164
1630886400000,51585.6484
1630900800000,51760.9492
1630915200000,51377.1055
1630929600000,51578.4766
1630944000000,51741.6758
1630958400000,52642.6445
1630972800000,52641.1719
1630987200000,52348.582
1631001600000,50924.3477
1631016000000,46655.9883
1631030400000,46690.2109
1631044800000,46819.0898
1631059200000,46434.9844
1631073600000,45071.7812
1631088000000,46374.8398
1631102400000,46023.1406
1631116800000,46397.3203
1631131200000,46029.832
1631145600000,45957.6367
1631160000000,46268.0117
1631174400000,46273.9609
1631188800000,46947.6992
1631203200000,46532.5977
1631217600000,46334.2266
1631232000000,46657.3203
1631246400000,46107.1484
1631260800000,46283.4883
1631275200000,45396.0664
1631289600000,45580.2656
1631304000000,44796.8867
1631318400000,45152.8633
1631332800000,44995.2383
1631347200000,45524.5078
1631361600000,45532.9258
1631376000000,45312.4414
1631390400000,45111.3281
1631404800000,45274.9414
1631419200000,45338.1914
1631433600000,45997.3789
1631448000000,45848.2578
1631462400000,45841.8203
1631476800000,45986.6172
1631491200000,44570.5391
1631505600000,44439.4102
1631520000000,44831.1992
1631534400000,44308.9375
1631548800000,44720.6953
1631563200000,44928.4062
1631577600000,45144.5391
1631592000000,45684.5586
1631606400000,45926.293
1631620800000,46675.5469
1631635200000,46411.4219
1631649600000,47047.5977
1631664000000,47011.0195
1631678400000,47117.2031
1631692800000,47459.6172
1631707200000,48215.6836
1631721600000,47995.0938
1631736000000,48054.6875
1631750400000,47545.3672
1631764800000,48285.5
1631779200000,47860.0586
1631793600000,47962.7852
1631808000000,47383.3203
1631822400000,47720.9805
1631836800000,47836.0273
1631851200000,47665.0625
1631865600000,47353.1758
1631880000000,47429.3945
1631894400000,47409.6445
1631908800000,47212.6602
1631923200000,47863.6055
1631937600000,48569.0781
1631952000000,48310.5117
1631966400000,48328.8516
1631980800000,48162.1875
1631995200000,48234.4531
1632009600000,47764.4492
1632024000000,48066.5977
1632038400000,47273.4062
1632052800000,47632.3984
1632067200000,47335.5664
1632081600000,47221.7617
1632096000000,45534
1632110400000,44787.9492
1632124800000,43707.0156
1632139200000,43799.9258
1632153600000,43834.4961
1632168000000,42976.9375
1632182400000,42633.6562
1632196800000,43209.1172
1632211200000,43236.293
1632225600000,43061.1641
1632240000000,41977.332
1632254400000,40691.918
1632268800000,42004.2031
1632283200000,42482.1328
1632297600000,41895.8008
1632312000000,43149.2031
1632326400000,43330.4531
1632340800000,43504.7148
1632355200000,44019.125
1632369600000,44209.3242
1632384000000,43603.4297
1632398400000,43721.0391
1632412800000,44726.5547
1632427200000,44811.5117
1632441600000,44258.7617
1632456000000,44745.8984
1632470400000,41514.6211
1632484800000,41913.9609
1632499200000,42336.1914
1632513600000,42792.2695
1632528000000,42596.7812
1632542400000,42342.6211
1632556800000,42468.1953
1632571200000,42646.8281
1632585600000,42618.5117
1632600000000,42618.0156
1632614400000,42185.0234
1632628800000,41222.8008
1632643200000,43049.0352
1632657600000,43299.9453
1632672000000,43221.9883
1632686400000,43139.5898
1632700800000,43990.3281
1632715200000,43657.9492
1632729600000,43741.3711
1632744000000,43253.8086
1632758400000,43014.168
1632772800000,42092.5938
1632787200000,42515.5078
1632801600000,41723.5352
1632816000000,42048.7539
1632830400000,41403.1719
1632844800000,41531.5117
1632859200000,40971.832
1632873600000,42142.0195
1632888000000,42396.1562
1632902400000,42322.6836
1632916800000,41599.6602
1632931200000,41142.9961
1632945600000,41449.8008
1632960000000,43545.125
1632974400000,43248.7266
1632988800000,43006.4531
1633003200000,43068.0586
1633017600000,43477.4258
1633032000000,43741.7656
1633046400000,43552.9336
1633060800000,44736.4102
1633075200000,47427.5977
1633089600000,47277.3438
1633104000000,47967.7539
1633118400000,48056.4883
1633132800000,47493.5234
1633147200000,47657.9062
1633161600000,47618.2812
1633176000000,47773.6289
1633190400000,48176.9453
1633204800000,47603.875
1633219200000,47861.6094
1633233600000,47853.6953
1633248000000,47951.1719
1633262400000,47798.5117
1633276800000,48746.4219
1633291200000,48143.207
1633305600000,47442.5664
1633320000000,47794.2969
1633334400000,47571.9375
1633348800000,47740.7578
1633363200000,49309.8008
1633377600000,49167.2422
1633392000000,49240.8555
1633406400000,49446.75
1633420800000,49824.2734
1633435200000,49711.1641
1633449600000,51123.1406
1633464000000,51401.0938
1633478400000,51473.8164
1633492800000,51364.7656
1633507200000,51267.6055
1633521600000,54959.6641
1633536000000,55013.5625
1633550400000,55240.6289
1633564800000,54785.1758
1633579200000,54759.4648
1633593600000,54292.6992
1633608000000,53881.0742
1633622400000,53962.7109
1633636800000,53732.2695
1633651200000,53776.5352
1633665600000,54758.3125
1633680000000,55254.293
1633694400000,54305.4531
1633708800000,54648.7148
1633723200000,53893.2852
1633737600000,54558.125
1633752000000,54877.9766
1633766400000,54826.9766
1633780800000,54969.1797
1633795200000,54625.3125
1633809600000,54902.0586
1633824000000,55058.0664
1633838400000,55649.5352
1633852800000,55137.8203
1633867200000,55355.9062
1633881600000,55445.8086
1633896000000,54669.8125
1633910400000,56523.0938
1633924800000,56782.3789
1633939200000,56395.1914
1633953600000,57422.7891
1633968000000,57444.6953
1633982400000,57450.168
1633996800000,56668.1836
1634011200000,57320.5586
1634025600000,57211.1445
1634040000000,56281.1133
1634054400000,55277
1634068800000,55952.918
1634083200000,56205.793
1634097600000,54614.5117
1634112000000,55149.9297
1634126400000,56136.0312
1634140800000,57224.5469
1634155200000,57348.9609
1634169600000,58082.0938
1634184000000,57364.6758
1634198400000,57607.4727
1634212800000,57295.2227
1634227200000,57841.332
1634241600000,57308.2578
1634256000000,59419.082
1634270400000,59230.9297
1634284800000,59476.4219
1634299200000,60005.7891
1634313600000,61443.8164
1634328000000,61622.7617
1634342400000,61621.2734
1634356800000,61682.0625
1634371200000,61628.1055
1634385600000,60934.3594
1634400000000,60820.4258
1634414400000,60853.7461
1634428800000,61127.7344
1634443200000,60301.8711
1634457600000,60968.3477
1634472000000,60729.5742
1634486400000,60462.0625
1634500800000,61510.7383
1634515200000,62075.3633
1634529600000,61835.7031
1634544000000,60910.8867
1634558400000,61970.9453
1634572800000,61404.9375
1634587200000,62017.1445
1634601600000,62546.5078
1634616000000,62273.3086
1634630400000,62146.8906
1634644800000,62388.9883
1634659200000,64197.0117
1634673600000,64235.8594
1634688000000,63843.5391
1634702400000,64032.6562
1634716800000,63804.8945
1634731200000,66908.4922
1634745600000,66367.9297
1634760000000,65969.1016
1634774400000,65137.3047
1634788800000,65087.6641
1634803200000,64817.1992
1634817600000,62995.2344
1634832000000,62791.8281
1634846400000,62150.207
1634860800000,63201.0117
1634875200000,63370.5742
1634889600000,63348.7109
1634904000000,60656.4453
1634918400000,61021.1953
1634932800000,60704.0195
1634947200000,61229.1367
1634961600000,60899.6641
1634976000000,61545.4727
1634990400000,61472.8555
1635004800000,61049.1172
1635019200000,61304.2812
1635033600000,61250.1016
1635048000000,60730.6484
1635062400000,60299.0352
1635076800000,59876.7695
1635091200000,60658.1406
1635105600000,60881.3711
1635120000000,62070.0273
1635134400000,62593.8945
1635148800000,62723.625
1635163200000,63597.7773
1635177600000,62695.1484
1635192000000,63082.9414
1635206400000,62767.293
1635220800000,62442.1797
1635235200000,62791.3906
1635249600000,62565.1641
1635264000000,62052.543
1635278400000,60217.332
1635292800000,60725.5117
1635307200000,59899.5977
1635321600000,58608.4297
1635336000000,58842.6211
1635350400000,59100.5938
1635364800000,58442.9297
1635379200000,58844.6797
1635393600000,58991.9844
1635408000000,60945.8008
1635422400000,61148.1719
1635436800000,61353.9922
1635451200000,60650.4609
1635465600000,61670.0859
1635480000000,60517.3438
1635494400000,60919.5547
1635508800000,62348.3906
1635523200000,62563.9219
1635537600000,62281.7578
1635552000000,61696.9688
1635566400000,61572.7539
1635580800000,61584.6797
1635595200000,61343.8555
1635609600000,61726.293
1635624000000,61881.75
1635638400000,61745.3711
1635652800000,61392.7539
1635667200000,60465.9414
1635681600000,60506.5859
1635696000000,60739.0078
1635710400000,61370.2227
1635724800000,59929.1523
1635739200000,62243.9414
1635753600000,61864.8164
1635768000000,61573.6328
1635782400000,61437.0039
1635796800000,60863.1094
1635811200000,61085.6016
1635825600000,61558.9492
1635840000000,63017.3125
1635854400000,64065.6953
1635868800000,63616.9922
1635883200000,63230.2656
1635897600000,63214.8789
1635912000000,63372.5195
1635926400000,63161.7539
1635940800000,62184.5898
1635955200000,62815.5664
1635969600000,62899.0469
1635984000000,62482.2305
1635998400000,61887.957
1636012800000,61475.1914
1636027200000,61072.7422
1636041600000,61216.5
1636056000000,61420.207
1636070400000,62230.1641
1636084800000,62143.8672
1636099200000,61270.9336
1636113600000,60803.0078
1636128000000,61128.1328
1636142400000,61016.4219
1636156800000,61155.1055
1636171200000,60792.3711
1636185600000,60387.7734
1636200000000,60679.1797
1636214400000,61200.0391
1636228800000,61483.9297
1636243200000,62184.1094
1636257600000,61784.3516
1636272000000,61965.3398
1636286400000,62000.0391
1636300800000,62364.8945
1636315200000,63276.7383
1636329600000,65214.2617
1636344000000,65939.2109
1636358400000,66042.3672
1636372800000,66407.625
1636387200000,65834.4141
1636401600000,67546.4531
1636416000000,68504.9219
1636430400000,67898.5234
1636444800000,67642.3203
1636459200000,66780.5625
1636473600000,66834.8203
1636488000000,66904.4922
1636502400000,66516.9297
1636516800000,66445.0781
1636531200000,66550.9375
1636545600000,68368.0625
1636560000000,66685.7734
1636574400000,64860.5469
1636588800000,64727.2031
1636603200000,65184.5742
1636617600000,65235.7734
1636632000000,64796.3047
1636646400000,65144.5625
1636660800000,64805.6289
1636675200000,64832.4375
1636689600000,64497.1055
1636704000000,63764.9922
1636718400000,63158.2383
1636732800000,63885.8398
1636747200000,64123.5195
1636761600000,63761.7578
1636776000000,64026.0977
1636790400000,63574.0117
1636804800000,64659.168
1636819200000,63909.5273
1636833600000,64366.2773
1636848000000,64630.4414
1636862400000,64613.5664
1636876800000,64424.5156
1636891200000,64056.8047
1636905600000,64127.6758
1636920000000,65503.2461
1636934400000,65721.8594
1636948800000,65567.2734
1636963200000,65750
1636977600000,64303.8594
1636992000000,64196.6016
1637006400000,63566.7969
1637020800000,60880.1133
1637035200000,60780.4531
1637049600000,60576.6797
1637064000000,60675.75
1637078400000,60245.418
1637092800000,60097.4883
1637107200000,59037.6992
1637121600000,59743.7734
1637136000000,60743.8359
1637150400000,59651.1367
1637164800000,60181.5938
1637179200000,60330.9648
1637193600000,59879.6406
1637208000000,59783.6055
1637222400000,59213.3203
1637236800000,58085.4414
1637251200000,57933.5078
1637265600000,56901.0625
1637280000000,55911.4102
1637294400000,56007.4844
1637308800000,57002.4922
1637323200000,57861.3398
1637337600000,58055.4141
1637352000000,58074.2656
1637366400000,58531.207
1637380800000,58389.0625
1637395200000,58615.707
1637409600000,57636.0859
1637424000000,59439.4648
1637438400000,59670.125
1637452800000,58695.5312
1637467200000,58986.6914
1637481600000,58714.8359
1637496000000,59215.0273
1637510400000,59307.9141
1637524800000,58613.543
1637539200000,57405.7773
1637553600000,57294.3398
1637568000000,57170
1637582400000,58185.5742
1637596800000,55949.9141
1637611200000,56245.3359
1637625600000,56926.7188
1637640000000,56037.1992
1637654400000,56098.2734
1637668800000,56853.5938
1637683200000,57764.5508
1637697600000,57533.8477
1637712000000,56360.8945
1637726400000,56506.9336
1637740800000,56633.0703
1637755200000,56717.957
1637769600000,56843.5117
1637784000000,57166.0547
1637798400000,57748.3633
1637812800000,57623.8125
1637827200000,58020.4453
1637841600000,59050.4609
1637856000000,58885.8984
1637870400000,58940.0586
1637884800000,57938.5312
1637899200000,56988.9961
1637913600000,53718.2148
1637928000000,54340.4219
1637942400000,54330.957
1637956800000,53762.5664
1637971200000,54378.5586
1637985600000,54402.8789
1638000000000,54600.3633
1638014400000,54896.5586
1638028800000,54932.2734
1638043200000,54722.9961
1638057600000,54122.8477
1638072000000,54519.2734
1638086400000,54500.3867
1638100800000,54307.1211
1638115200000,54624.457
1638129600000,57275.5742
1638144000000,57347.2148
1638158400000,57498.418
1638172800000,56904.8047
1638187200000,57080.2422
1638201600000,57885.168
1638216000000,57773.6602
1638230400000,57083.5508
1638244800000,56483.625
1638259200000,57584.25
1638273600000,57200.1406
1638288000000,57638.5273
1638302400000,56926.8125
1638316800000,57376.5
1638331200000,57178.9922
1638345600000,57151.2109
1638360000000,58651.25
1638374400000,57465.9961
1638388800000,57168.4531
1638403200000,56326.1211
1638417600000,56809.9883
1638432000000,56353.2617
1638446400000,56497.7617
1638460800000,56623.8594
1638475200000,56483.3477
1638489600000,56311.5938
1638504000000,56749.0078
1638518400000,57013.4219
1638532800000,55980.1953
1638547200000,53857.1758
1638561600000,53602.207
1638576000000,52023.2422
1638590400000,47266.793
1638604800000,46564.2188
1638619200000,48287.2773
1638633600000,49285.9883
1638648000000,49174.7617
1638662400000,49179.2344
1638676800000,49327.3438
1638691200000,49276
1638705600000,47989.7578
1638720000000,48903.9453
1638734400000,49394.5039
1638748800000,49031.2969
1638763200000,48412.457
1638777600000,48600.1914
1638792000000,48952.7773
1638806400000,49101.7383
1638820800000,50428.2891
1638835200000,50918.0469
1638849600000,50915.5586
1638864000000,51454.9453
1638878400000,51719.4492
1638892800000,50861.9062
1638907200000,50580.0859
1638921600000,50118.7812
1638936000000,50477.2695
1638950400000,49176.8789
1638964800000,50622.7266
1638979200000,50417.8477
1638993600000,50431.7617
1639008000000,49482.0156
1639022400000,49979.7109
1639036800000,49158.0312
1639051200000,48439.918
1639065600000,47602.9688
1639080000000,47532.2578
1639094400000,48356.0859
1639108800000,47662.8086
1639123200000,48665.4883
1639137600000,47932.0156
1639152000000,48087.4648
1639166400000,47110.9727
1639180800000,48265.457
1639195200000,48027.625
1639209600000,48186.0977
1639224000000,48715.1914
1639238400000,48352.3008
1639252800000,49328.7617
1639267200000,49261.1953
1639281600000,49247.2891
1639296000000,49096.8711
1639310400000,49570.1016
1639324800000,50180.7148
1639339200000,50037.918
1639353600000,48815.0273
1639368000000,48707.2422
1639382400000,48788.5977
1639396800000,47207.6562
1639411200000,46660.3008
1639425600000,46645.3711
1639440000000,46903.9766
1639454400000,46946.5664
1639468800000,47563.3477
1639483200000,46792.1523
1639497600000,46818.4062
1639512000000,48320.2969
1639526400000,48201.6484
1639540800000,48158.9727
1639555200000,48100.4414
1639569600000,46560.3242
1639584000000,48631.6602
1639598400000,48814.6523
1639612800000,48787.8359
1639627200000,48685.5859
1639641600000,49142.6836
1639656000000,48523.875
1639670400000,47824.1289
1639684800000,47579.2031
1639699200000,47744.8945
1639713600000,46963.4297
1639728000000,47067.5352
1639742400000,46451.3008
1639756800000,46700.5156
1639771200000,46098.6289
1639785600000,46275.918
1639800000000,46331.8594
1639814400000,47022.2891
1639828800000,46814.8594
1639843200000,46590.5547
1639857600000,46795.4922
1639872000000,47676.6133
1639886400000,47498.7109
1639900800000,47112.0977
1639915200000,47165.0938
1639929600000,46617.2891
1639944000000,46609.3555
1639958400000,46633.082
1639972800000,46390.8047
1639987200000,46028.9414
1640001600000,45932.7539
1640016000000,46562.1758
1640030400000,46843.4922
1640044800000,47908.6602
1640059200000,48523.2656
1640073600000,48802.9375
1640088000000,48368.9492
1640102400000,48573.4531
1640116800000,48842.5156
1640131200000,49190.6172
1640145600000,49161.0156
1640160000000,48932.6289
1640174400000,48833.9805
1640188800000,48854.7891
1640203200000,48549.6875
1640217600000,48462.9062
1640232000000,48083.5195
1640246400000,48319.1523
1640260800000,48772.168
1640275200000,51026.5352
1640289600000,50756.8359
1640304000000,50967.2578
1640318400000,50920.8711
1640332800000,50932.8008
1640347200000,50884.5234
1640361600000,51071.8047
1640376000000,50739.9727
1640390400000,50783.6289
1640404800000,50853.5547
1640419200000,50611.1133
1640433600000,50637.3555
1640448000000,50876.4961
1640462400000,50367.4297
1640476800000,49634.3984
1640491200000,49883.8984
1640505600000,49709.4883
1640520000000,50012.293
1640534400000,50301.0156
1640548800000,50716.2461
1640563200000,50957.9648
1640577600000,50668.2148
1640592000000,50713.2383
1640606400000,51407.6523
1640620800000,51174.668
1640635200000,50652.2578
1640649600000,49759.2539
1640664000000,49177.1406
1640678400000,49161.7656
1640692800000,48912.8008
1640707200000,47656.5
1640721600000,47497.8477
1640736000000,47946.0781
1640750400000,47537.0938
1640764800000,47707.9141
1640779200000,47938.4766
1640793600000,47112.875
1640808000000,46404.125
1640822400000,46470.7617
1640836800000,46934.4062
1640851200000,47467.3711
1640865600000,47094.0039
1640880000000,47512.9844
1640894400000,47061.293
1640908800000,47154.7539
1640923200000,47126.9688
1640937600000,47931.7656
1640952000000,47912.9453
1640966400000,45653.9453
1640980800000,46157.1719
1640995200000,46763.9062
1641009600000,47139.8633
1641024000000,46700.2695
1641038400000,47136.6836
1641052800000,47270.0977
1641067200000,47672.8633
1641081600000,47270.0703
1641096000000,47124.2148
1641110400000,47168.7969
1641124800000,47273.7734
1641139200000,46871.3477
1641153600000,47251.957
1641168000000,46744.8984
1641182400000,47002.7266
1641196800000,47319.5625
1641211200000,46625.2031
1641225600000,46326.0625
1641240000000,46393.8008
1641254400000,46284.7305
1641268800000,46477.8555
1641283200000,46654.1992
1641297600000,46860.2109
1641312000000,45972.6719
1641326400000,45791.1523
1641340800000,46374.6094
1641355200000,46338.9453
1641369600000,46203.7773
1641384000000,46560.4141
1641398400000,44624.8594
1641412800000,43381.707
1641427200000,42797.9414
1641441600000,43186.7578
1641456000000,42825.2969
1641470400000,42933.582
1641484800000,43367.2773
1641499200000,43060.4219
1641513600000,41755.2695
1641528000000,41663.125
1641542400000,42196.2734
1641556800000,41289.7578
1641571200000,41706.5039
1641585600000,41516.8984
1641600000000,41749.9297
1641614400000,41860.2422
1641628800000,41916.1094
1641643200000,41560.3047
1641657600000,40800.9414
1641672000000,41646.6719
1641686400000,41784.7852
1641700800000,41757.4766
1641715200000,41793.0742
1641729600000,41571.7656
1641744000000,42640.082
1641758400000,41798.1484
1641772800000,41906.6133
1641787200000,41997.707
1641801600000,41514.9805
1641816000000,40934.0117
1641830400000,41239.6758
1641844800000,41756.4297
1641859200000,42191.418
1641873600000,42150.7812
1641888000000,41769.1914
1641902400000,41686.918
1641916800000,42903.8555
1641931200000,42655.7344
1641945600000,42560.1641
1641960000000,42507.6953
1641974400000,42860.9414
1641988800000,43500.2266
1642003200000,43666.9766
1642017600000,43820.8086
1642032000000,43447.0312
1642046400000,43634.9219
1642060800000,43583.1094
1642075200000,43141.7383
1642089600000,42651.707
1642104000000,42526.0234
1642118400000,42605.5547
1642132800000,42584.8008
1642147200000,41968.9922
1642161600000,43046.1523
1642176000000,43050.1133
1642190400000,43005.6445
1642204800000,42862.8945
1642219200000,43019.5547
1642233600000,42954.9258
1642248000000,43332.9258
1642262400000,43444.6641
1642276800000,43018.3438
1642291200000,42936.9531
1642305600000,43147.168
1642320000000,42934.75
1642334400000,43176.4609
1642348800000,42775.6211
1642363200000,43005.4258
1642377600000,42609.6328
1642392000000,42635.25
1642406400000,42616.5078
1642420800000,42439.457
1642435200000,42200.582
1642449600000,42158.625
1642464000000,41998.7031
1642478400000,42011.9141
1642492800000,41836.2773
1642507200000,41570.0586
1642521600000,41677.9258
1642536000000,42317.5312
1642550400000,41658.6406
1642564800000,41224.082
1642579200000,41984.1328
1642593600000,41954.4688
1642608000000,41835.875
1642622400000,41633.7461
1642636800000,41904.1289
1642651200000,42016.4727
1642665600000,42100.707
1642680000000,43241.457
1642694400000,42843.0664
1642708800000,40633.3633
1642723200000,38411.9844
1642737600000,39078.0586
1642752000000,38847.5195
1642766400000,38811.1797
1642780800000,37927.8242
1642795200000,36427.2031
1642809600000,36298.0703
1642824000000,35365.0781
1642838400000,35382.4023
1642852800000,34819.8633
1642867200000,34492.1758
1642881600000,35042.7891
1642896000000,35041.2969
1642910400000,35545.9023
1642924800000,35652.2852
1642939200000,35274.0391
1642953600000,34758.2734
1642968000000,36229.1602
1642982400000,35292.9062
1642996800000,34847.4336
1643011200000,33662.1523
1643025600000,34208.0898
1643040000000,36044.082
1643054400000,36620.3633
1643068800000,36383.1523
1643083200000,36025.1055
1643097600000,36351.5586
1643112000000,36496.6289
1643126400000,37035.2383
1643140800000,36904.6445
1643155200000,37345.3125
1643169600000,37288.7539
1643184000000,38015.6602
1643198400000,37946.2617
1643212800000,37506.5664
1643227200000,36759.375
1643241600000,35696.6953
1643256000000,36120.8828
1643270400000,36649.4883
1643284800000,36608.7734
1643299200000,36174.8398
1643313600000,37114.3828
1643328000000,37286.7148
1643342400000,36757.7695
1643356800000,36383.9688
1643371200000,37142.8516
1643385600000,37153.2773
1643400000000,37660.6914
1643414400000,37643.3477
1643428800000,37793.7383
1643443200000,37669.0078
1643457600000,37501.2539
1643472000000,37805.6328
1643486400000,38120.0508
1643500800000,37874.9062
1643515200000,38174.8281
1643529600000,38055.3047
1643544000000,37914.0781
1643558400000,37464.9023
1643572800000,37858.832
1643587200000,36980.3633
1643601600000,37053.5703
1643616000000,37236.5391
1643630400000,37654.6484
1643644800000,38369.7617
1643659200000,38407.9492
1643673600000,38538.332
1643688000000,38378.9688
1643702400000,38381.9414
1643716800000,38579.4492
1643731200000,38330.1758
1643745600000,38659.7109
1643760000000,38500.6367
1643774400000,38216.7891
1643788800000,38444.0977
1643803200000,37387.8047
1643817600000,37527.5547
1643832000000,36867.7461
1643846400000,36795.3672
1643860800000,36977.8281
1643875200000,36736.6094
1643889600000,36862.75
1643904000000,36508.1719
1643918400000,37252.1445
1643932800000,37258.5664
1643947200000,37819.6328
1643961600000,37763.832
1643976000000,39433.0859
1643990400000,40666.8359
1644004800000,41464.2227
1644019200000,41391.0938
1644033600000,41334.8008
1644048000000,41395.0312
1644062400000,41704.6445
1644076800000,41470.4766
1644091200000,41329.4883
1644105600000,41383.1641
1644120000000,41571.5156
1644134400000,41443.1094
1644148800000,41435.2461
1644163200000,41658.125
1644177600000,42302.0547
1644192000000,42741.2422
1644206400000,42669.5586
1644220800000,42653.3711
1644235200000,43772.9883
1644249600000,44179.5039
1644264000000,43778.8125
1644278400000,44108.2617
1644292800000,44801.4102
1644307200000,43927.7578
1644321600000,43415.2734
1644336000000,42977.9414
1644350400000,43991.3984
1644364800000,43286.6758
1644379200000,43761.6992
1644393600000,43683.9492
1644408000000,43815.5742
1644422400000,44422.7383
1644436800000,44331.7539
1644451200000,43734.6055
1644465600000,44063.7344
1644480000000,44781.0859
1644494400000,44901.8594
1644508800000,44316.1836
1644523200000,43443.1055
1644537600000,43287.8828
1644552000000,43292.8398
1644566400000,43311.6641
1644580800000,43637.5703
1644595200000,42712.457
1644609600000,42342.7969
1644624000000,42252.9805
1644638400000,42087.7734
1644652800000,42360.0703
1644667200000,42079.9492
1644681600000,42608.9141
1644696000000,42162.3398
1644710400000,42182.6055
1644724800000,42385.1836
1644739200000,42434.0859
1644753600000,42530.3633
1644768000000,42008.3516
1644782400000,42009.3398
1644796800000,41877.2148
1644811200000,42265.0469
1644825600000,42072.2617
1644840000000,42546.3789
1644854400000,42081.2344
1644868800000,42485.707
1644883200000,43515.2031
1644897600000,43635.7188
1644912000000,44197.9258
1644926400000,44156.9844
1644940800000,43924.6914
1644955200000,44494.7227
1644969600000,43921.5664
1644984000000,44135.2891
1644998400000,44122.9492
1645012800000,43543.0742
1645027200000,44178.3125
1645041600000,43832.7461
1645056000000,43532.4805
1645070400000,43879.168
1645084800000,43125.2305
1645099200000,41867.1016
1645113600000,41166.625
1645128000000,40494.4688
1645142400000,40647.8125
1645156800000,40636.375
1645171200000,40163.3789
1645185600000,39817.0938
1645200000000,40184.0938
1645214400000,39970.3086
1645228800000,40106.5742
1645243200000,40233.418
1645257600000,39815.1875
1645272000000,39944.4062
1645286400000,39939.4414
1645300800000,40065.0391
1645315200000,39765.4531
1645329600000,38754.4961
1645344000000,38299.8125
1645358400000,38317.5312
1645372800000,38366.707
1645387200000,38352.293
1645401600000,38890.2109
1645416000000,39266.2188
1645430400000,37565.6641
1645444800000,38788.5664
1645459200000,38085.2617
1645473600000,36988.1719
1645488000000,36555.0195
1645502400000,36739.6914
1645516800000,37473.832
1645531200000,37730.5938
1645545600000,38009.6719
1645560000000,38180.6797
1645574400000,37698.4922
1645588800000,38110.7578
1645603200000,38724.6797
1645617600000,38478.1211
1645632000000,37580.9648
1645646400000,37213.7617
1645660800000,34911.9531
1645675200000,35259.9648
1645689600000,35402.7227
1645704000000,35884.0703
1645718400000,37269.9648
1645732800000,38287.5273
1645747200000,38874.4766
1645761600000,38444.7578
1645776000000,38705.8164
1645790400000,39351.3789
1645804800000,38649.2188
1645819200000,39147.4805
1645833600000,39350.3789
1645848000000,39147.4141
1645862400000,38895.8359
1645876800000,39163.1055
1645891200000,39206.3203
1645905600000,39057.1523
1645920000000,38551.5273
1645934400000,38744.457
1645948800000,39442.6836
1645963200000,39311.4336
1645977600000,37544.8828
1645992000000,37656.4609
1646006400000,37728.832
1646020800000,38300.5156
1646035200000,38287.6211
1646049600000,40777.6523
1646064000000,41253.0664
1646078400000,43106.9531
1646092800000,43082.1602
1646107200000,43405.6211
1646121600000,43523.7344
1646136000000,43572.0703
1646150400000,43646.7969
1646164800000,44344.3438
1646179200000,44274.1523
1646193600000,43904.4375
1646208000000,44033.8633
1646222400000,44037.3438
1646236800000,43632.9219
1646251200000,43861.6055
1646265600000,43270.6328
1646280000000,43398.75
1646294400000,43321.1875
1646308800000,42491.75
1646323200000,42161.3672
1646337600000,42412.543
1646352000000,41417.5859
1646366400000,41376.3984
1646380800000,41607.0039
1646395200000,40647.707
1646409600000,39719.1211
1646424000000,39070.2812
1646438400000,39014.0469
1646452800000,38988.6719
1646467200000,39088.3984
1646481600000,39133.7891
1646496000000,39385.8672
1646510400000,39347.6445
1646524800000,39246.9062
1646539200000,39358.6758
1646553600000,38307.5117
1646568000000,38805.0742
1646582400000,38648.668
1646596800000,38363.6328
1646611200000,37842.8945
1646625600000,37843.8789
1646640000000,38295.6641
1646654400000,39038.9453
1646668800000,37256.3867
1646683200000,37946.0977
1646697600000,38624.2617
1646712000000,38500.1055
1646726400000,38918.582
1646740800000,38607.8906
1646755200000,38700.5625
1646769600000,38693.1211
1646784000000,41131.6289
1646798400000,41717.3594
1646812800000,42082.7227
1646827200000,42438.668
1646841600000,42136.6094
1646856000000,41871.1758
1646870400000,40719.4219
1646884800000,39160.2539
1646899200000,39033.9414
1646913600000,39115.832
1646928000000,39389.2461
1646942400000,39377.3281
1646956800000,38680.4102
1646971200000,39049.7734
1646985600000,39851.6133
1647000000000,39011.293
1647014400000,38726.5625
1647028800000,38664.9531
1647043200000,39038.7734
1647057600000,39042.7383
1647072000000,39018.4336
1647086400000,38990.668
1647100800000,38960.9375
1647115200000,38740.4844
1647129600000,39124.0938
1647144000000,39033.0234
1647158400000,38677.5781
1647172800000,38888.957
1647187200000,38805.8398
1647201600000,37718.9375
1647216000000,38106.0664
1647230400000,39034.8438
1647244800000,38841.6133
1647259200000,38876.2617
1647273600000,38752.5
1647288000000,39598.7422
1647302400000,38698.75
1647316800000,38346.6016
1647331200000,38602.5898
1647345600000,38954.7617
1647360000000,39665.793
1647374400000,39229.9219
1647388800000,39095.6602
1647403200000,39500.6367
1647417600000,40470.5273
1647432000000,40542.0586
1647446400000,40814.2422
1647460800000,41057.6523
1647475200000,40950.9844
1647489600000,40673.9414
1647504000000,40681.3828
1647518400000,40729.4609
1647532800000,40787.9219
1647547200000,40846.3594
1647561600000,40465.1914
1647576000000,40511.168
1647590400000,40339.2969
1647604800000,40869.2188
1647619200000,41970.6445
1647633600000,41700.6133
1647648000000,41730.8789
1647662400000,41553.6016
1647676800000,41659.1445
1647691200000,41870.2461
1647705600000,41974.3164
1647720000000,42146.7773
1647734400000,41876.75
1647748800000,41797.6719
1647763200000,41541.1719
1647777600000,41297.6367
1647792000000,41335.1094
1647806400000,41215.6289
1647820800000,40780.2695
1647835200000,41060.3047
1647849600000,41192.8008
1647864000000,41168.2109
1647878400000,41136.2734
1647892800000,40946.5938
1647907200000,42186.0508
1647921600000,42160.4961
1647936000000,42901.5234
1647950400000,42516.3867
1647964800000,42210.4727
1647979200000,42297.0938
1647993600000,42014.3047
1648008000000,42047.9102
1648022400000,41992.2891
1648036800000,42552.8086
1648051200000,42157.4375
1648065600000,42822.6875
1648080000000,42643.332
1648094400000,43015.3555
1648108800000,42878.4531
1648123200000,43937.5586
1648137600000,43844.9492
1648152000000,43923.3828
1648166400000,43913.5469
1648180800000,43858.5312
1648195200000,44515.9922
1648209600000,44270.7812
1648224000000,44378.918
1648238400000,44242.8867
1648252800000,44333.0625
1648267200000,44447.5039
1648281600000,44273.0156
1648296000000,44140.6289
1648310400000,44297.8047
1648324800000,44463.4336
1648339200000,44646.4531
1648353600000,44679.0977
1648368000000,44499.3711
1648382400000,44796.8125
1648396800000,44761.668
1648411200000,46738.9375
1648425600000,46968.9727
1648440000000,46919.4453
1648454400000,47184.75
1648468800000,47338.5781
1648483200000,47877.9414
1648497600000,47068.4062
1648512000000,47268.6445
1648526400000,47276.0977
1648540800000,47828.7148
1648555200000,47370.0938
1648569600000,47650.168
1648584000000,47384.7344
1648598400000,47367.9922
1648612800000,47315.8477
1648627200000,47255.3828
1648641600000,47104.0234
1648656000000,46999.3516
1648670400000,46989.0391
1648684800000,47016.1758
1648699200000,47093.1016
1648713600000,47082.3438
1648728000000,46398.2148
1648742400000,45551.1602
1648756800000,45473.4453
1648771200000,44547.6758
1648785600000,44987.5391
1648800000000,45024.4648
1648814400000,46482.4258
1648828800000,46309.2383
1648843200000,46232.0664
1648857600000,46537.4414
1648872000000,46550.3086
1648886400000,46498.9727
1648900800000,46240.8086
1648915200000,46073.8945
1648929600000,45756.6641
1648944000000,45903.0703
1648958400000,46304.2305
1648972800000,46200.1328
1648987200000,46339.2695
1649001600000,46350.1172
1649016000000,46349.1367
1649030400000,45949.3477
1649044800000,46114.6445
1649059200000,46095.9414
1649073600000,45571.4609
1649088000000,45881.1641
1649102400000,46527.6641
1649116800000,46572.1172
1649131200000,46652.0938
1649145600000,46626.5469
1649160000000,45701.8711
1649174400000,45986.7422
1649188800000,45443.8516
1649203200000,45160.1406
1649217600000,45209.3672
1649232000000,44767.0898
1649246400000,44127.6016
1649260800000,43716.3047
1649275200000,43133.5977
1649289600000,43266.3789
1649304000000,43407
1649318400000,43701.6602
1649332800000,43291.707
1649347200000,43331.5391
1649361600000,43390.9922
1649376000000,43553.5898
1649390400000,43717.2109
1649404800000,43251.1953
1649419200000,43617.0781
1649433600000,42684.4531
1649448000000,42216.5234
1649462400000,42343.0352
1649476800000,42434.5625
1649491200000,42391.3984
1649505600000,42199.4219
1649520000000,42480.4414
1649534400000,42711.0977
1649548800000,42727.8164
1649563200000,42583.9102
1649577600000,42662.4453
1649592000000,42704.625
1649606400000,43182.6719
1649620800000,42110.8633
1649635200000,42082.125
1649649600000,42268.5273
1649664000000,41016.0586
1649678400000,40543.2969
1649692800000,39941.7969
1649707200000,39489.7656
1649721600000,39685.7344
1649736000000,40128.2539
1649750400000,40316.6445
1649764800000,40137.375
1649779200000,39261.6016
1649793600000,40034.2578
1649808000000,40025.3203
1649822400000,40077.6562
1649836800000,39668.6602
1649851200000,41090.9219
1649865600000,40992.7617
1649880000000,41085.3945
1649894400000,41257.7422
1649908800000,41213.6992
1649923200000,40866.7852
1649937600000,39917.8984
1649952000000,39722.3359
1649966400000,39884.8438
1649980800000,40141.2344
1649995200000,40181.7383
1650009600000,40172.332
1650024000000,40362.7656
1650038400000,40254
1650052800000,40492.1719
1650067200000,40382.0547
1650081600000,40342.5703
1650096000000,40358.3125
1650110400000,40018.8828
1650124800000,40168.2578
1650139200000,40320.6328
1650153600000,40181.207
1650168000000,40221.457
1650182400000,40400.6211
1650196800000,40396.6914
1650211200000,40324.0547
1650225600000,39633.0898
1650240000000,39765.8047
1650254400000,38881.2812
1650268800000,38948.4336
1650283200000,39213.2461
1650297600000,40612.2695
1650312000000,40733.5664
1650326400000,40630.4531
1650340800000,40609.25
1650355200000,40618.6367
1650369600000,41387.4609
1650384000000,41350.0664
1650398400000,41412.9414
1650412800000,41317.6602
1650427200000,41264.6484
1650441600000,42015.0352
1650456000000,41199.7812
1650470400000,41135.1484
1650484800000,41293.8633
1650499200000,41625.3203
1650513600000,41784.2109
1650528000000,42377.375
1650542400000,42075.6758
1650556800000,41164.4102
1650571200000,40425.0391
1650585600000,40438.8789
1650600000000,40650.8555
1650614400000,40521.668
1650628800000,39380.707
1650643200000,39453.7695
1650657600000,39651.6758
1650672000000,39417.082
1650686400000,39541.3555
1650700800000,39553.6758
1650715200000,39740.3906
1650729600000,39708.7344
1650744000000,39396.0469
1650758400000,39722.8789
1650772800000,39691.7422
1650787200000,39553.8984
1650801600000,39593.6953
1650816000000,39637.3828
1650830400000,39401.5625
1650844800000,39201.082
1650859200000,38403.0039
1650873600000,38789.7969
1650888000000,38939.2148
1650902400000,40158.707
1650916800000,40357.7266
1650931200000,40476.0469
1650945600000,40531.4766
1650960000000,40411.7773
1650974400000,38497.8555
1650988800000,38209.3203
1651003200000,38057.3477
1651017600000,38286.8516
1651032000000,39052.0352
1651046400000,38953.9062
1651060800000,38953.9062
1651075200000,38795.9492
1651089600000,39159.5273
1651104000000,39286.5391
1651118400000,39324.082
1651132800000,39614.082
1651147200000,39384.5898
1651161600000,39912.0352
1651176000000,39674.1992
1651190400000,39461.4297
1651204800000,39542.9062
1651219200000,38696.0938
1651233600000,38946.8086
1651248000000,38271.1602
1651262400000,38535.7266
1651276800000,38595.9414
1651291200000,38580.1055
1651305600000,38528.6719
1651320000000,38413.4805
1651334400000,38417.9023
1651348800000,37582.3555
1651363200000,37989.7539
1651377600000,37911.0352
1651392000000,37893.2188
1651406400000,38440.6914
1651420800000,37746.5898
1651435200000,38410.5898
1651449600000,38610.3281
1651464000000,38814.5547
1651478400000,38471.5547
1651492800000,38631.6523
1651507200000,38486.4062
1651521600000,38464.1836
1651536000000,38454.8086
1651550400000,38489.7734
1651564800000,38495.1836
1651579200000,38278.0547
1651593600000,37668.8789
1651608000000,37670.3516
1651622400000,37946.6484
1651636800000,38614.9727
1651651200000,38938.9844
1651665600000,38923.2383
1651680000000,39774.4023
1651694400000,39612.0625
1651708800000,39653.1602
1651723200000,39514.0859
1651737600000,39436.9492
1651752000000,36838.5273
1651766400000,36237.8125
1651780800000,36478.3984
1651795200000,36409.8047
1651809600000,36331.293
1651824000000,35736.2852
1651838400000,35948.8438
1651852800000,35943.3789
1651867200000,35960.6172
1651881600000,35757.0664
1651896000000,35855.4062
1651910400000,35988.1289
1651924800000,35889.5
1651939200000,35819.6367
1651953600000,35408.6562
1651968000000,34445.8516
1651982400000,34570.0859
1651996800000,34735.0625
1652011200000,34317.2969
1652025600000,34545.1875
1652040000000,33989.3477
1652054400000,33529.9102
1652068800000,33483.6602
1652083200000,33078.7539
1652097600000,32320.9902
1652112000000,30901.1777
1652126400000,30048.9609
1652140800000,30615.6445
1652155200000,31580.4219
1652169600000,31580.4219
1652184000000,31271.4141
1652198400000,31283.7656
1652212800000,30976.3223
1652227200000,31153.4902
1652241600000,30573.0332
1652256000000,31465.4746
1652270400000,30890.875
1652284800000,29280.6973
1652299200000,28938.4492
1652313600000,28225.875
1652328000000,27628.6992
1652342400000,28171.0254
1652356800000,28843.6152
1652371200000,28508.1113
1652385600000,28895.5
1652400000000,30417.1992
1652414400000,30051.832
1652428800000,30548.9316
1652443200000,30232.9082
1652457600000,29969.5508
1652472000000,29180.1426
1652486400000,29465.8535
1652500800000,29314.7637
1652515200000,28954.4316
1652529600000,28707.8906
1652544000000,29231.5625
1652558400000,29974.9883
1652572800000,29622.5117
1652587200000,29718.2168
1652601600000,30142.2285
1652616000000,29902.6934
1652630400000,30352.9746
1652644800000,31214.7969
1652659200000,30209.0547
1652673600000,29507.8691
1652688000000,29861.1895
1652702400000,29584.6152
1652716800000,29470.4219
1652731200000,29775.3242
1652745600000,30252.4668
1652760000000,30303.0625
1652774400000,30219.834
1652788800000,30059.8633
1652803200000,29995.498
1652817600000,30344.0254
1652832000000,29736.582
1652846400000,29801.8887
1652860800000,29733.084
1652875200000,28889.6621
1652889600000,29176.7617
1652904000000,28616.75
1652918400000,29100.2402
1652932800000,29102.2188
1652947200000,29409.75
1652961600000,30302.7285
1652976000000,29871.0566
1652990400000,30225.4434
1653004800000,30079.9492
1653019200000,30170.5957
1653033600000,30327.0898
1653048000000,29044.498
1653062400000,29194.9297
1653076800000,29107.6816
1653091200000,29159.5781
1653105600000,29328.5625
1653120000000,29190.002
1653134400000,29445.8047
1653148800000,29365.7305
1653163200000,29343.0059
1653177600000,29259.5664
1653192000000,29333.918
1653206400000,29797.8105
1653220800000,29744.627
1653235200000,29830.416
1653249600000,30194.0996
1653264000000,30061.4395
1653278400000,30338.3926
1653292800000,30291.2832
1653307200000,30281.9707
1653321600000,28997.2188
1653336000000,29009.5234
1653350400000,29210.2891
1653364800000,29316.5977
1653379200000,29213.9707
1653393600000,29310.3047
1653408000000,29309.3203
1653422400000,29571.6523
1653436800000,30099.875
1653451200000,29603.3398
1653465600000,29300.9668
1653480000000,29536.4785
1653494400000,29495.5703
1653508800000,29451.7363
1653523200000,29750.5371
1653537600000,29638.9062
1653552000000,28918.9414
1653566400000,29299.5059
1653580800000,29296.0508
1653595200000,29112.0547
1653609600000,28932.9062
1653624000000,28897.375
1653638400000,28828.3281
1653652800000,28763.7441
1653667200000,28792.1035
1653681600000,28543.2637
1653696000000,28739.7051
1653710400000,28798.8633
1653724800000,28742.8301
1653739200000,28897.625
1653753600000,28943.0508
1653768000000,28944.5156
1653782400000,28895.1387
1653796800000,28921.3887
1653811200000,29122.9062
1653825600000,29119.0156
1653840000000,29030.5488
1653854400000,29366.5195
1653868800000,30243.5195
1653883200000,30528.1348
1653897600000,30550.418
1653912000000,30535.8574
1653926400000,30538.8242
1653940800000,31623.043
1653955200000,31652.873
1653969600000,31464.6191
1653984000000,31645.75
1653998400000,31946.6719
1654012800000,31518.8574
1654027200000,31684.8184
1654041600000,31522.5586
1654056000000,31380.248
1654070400000,31511.6914
1654084800000,30641.6465
1654099200000,30030.8594
1654113600000,29718.6699
1654128000000,29651.3652
1654142400000,29882.0801
1654156800000,30085.4004
1654171200000,30125.7637
1654185600000,30209.8906
1654200000000,30364.8633
1654214400000,30440.1348
1654228800000,30365.9453
1654243200000,29675.6074
1654257600000,29415.6328
1654272000000,29496.0664
1654286400000,29628.959
1654300800000,29476.9805
1654315200000,29614.666
1654329600000,29589.0469
1654344000000,29774.1465
1654358400000,29562.5684
1654372800000,29788.416
1654387200000,29674.8477
1654401600000,29567.6523
1654416000000,29645.3926
1654430400000,29889.1836
1654444800000,29973.4883
1654459200000,29824.6016
1654473600000,31152.2305
1654488000000,31184.4219
1654502400000,31295.8223
1654516800000,31432.4805
1654531200000,31377.7676
1654545600000,31275.7168
1654560000000,29479.7988
1654574400000,29500.5
1654588800000,29447.041
1654603200000,29821.4121
1654617600000,30978.4727
1654632000000,31037.4375
1654646400000,29937.3906
1654660800000,30479.6758
1654675200000,30329.6406
1654689600000,30394.002
1654704000000,30053.9883
1654718400000,30114.3105
1654732800000,30207.2246
1654747200000,30406.877
1654761600000,30210.293
1654776000000,30225.1016
1654790400000,29926.8477
1654804800000,30022.459
1654819200000,30031.3242
1654833600000,29965.2676
1654848000000,29939.1582
1654862400000,29383.0938
1654876800000,28898.1582
1654891200000,29003.1543
1654905600000,29191.6016
1654920000000,29244.1113
1654934400000,28658.0762
1654948800000,28332.0293
1654963200000,28519.8809
1654977600000,28346.5566
1654992000000,27475.8555
1655006400000,27573.5
1655020800000,27389.8086
1655035200000,28005.3926
1655049600000,27346.2559
1655064000000,26498.541
1655078400000,25434.3965
1655092800000,24730.8906
1655107200000,23633.9922
1655121600000,23203.5195
1655136000000,23136.1797
1655150400000,22419.2969
1655164800000,22057.5371
1655179200000,22818.584
1655193600000,21925.377
1655208000000,22618.248
1655222400000,22122.5918
1655236800000,22067.2969
1655251200000,21386.7305
1655265600000,20657.0137
1655280000000,21099.5898
1655294400000,21353.8379
1655308800000,21557.6211
1655323200000,22512.25
1655337600000,22130.4199
1655352000000,21690.3047
1655366400000,20976.8125
1655380800000,21004.5273
1655395200000,20809.0059
1655409600000,20325.8379
1655424000000,20297.9707
1655438400000,21013.7734
1655452800000,20907.4316
1655467200000,20592.3828
1655481600000,20446.2812
1655496000000,20397.0957
1655510400000,20381.2031
1655524800000,19184.0879
1655539200000,19179.1113
1655553600000,18885.0703
1655568000000,17999.3418
1655582400000,18909.6777
1655596800000,18241.0215
1655611200000,18236.543
1655625600000,19604.4902
1655640000000,19745.2695
1655654400000,20040.6934
1655668800000,20484.002
1655683200000,19895.0605
1655697600000,19999.6426
1655712000000,20712.2539
1655726400000,20740.0352
1655740800000,19994.7852
1655755200000,20489.1426
1655769600000,20524.3516
1655784000000,21030.248
1655798400000,20873.7539
1655812800000,21302.8145
1655827200000,20803.2012
1655841600000,20643.6934
1655856000000,20239.3633
1655870400000,20017.7891
1655884800000,20423.6953
1655899200000,20001.9961
1655913600000,20038.6055
1655928000000,19917.248
1655942400000,20130.7539
1655956800000,20373.9844
1655971200000,20557.9355
1655985600000,20272.2773
1656000000000,20828.6973
1656014400000,21025.248
1656028800000,20987.2539
1656043200000,20820.0371
1656057600000,21083.5762
1656072000000,20809.4121
1656086400000,21162.9082
1656100800000,21151.5762
1656115200000,21214.8281
1656129600000,21427.3262
1656144000000,21252.8301
1656158400000,20888.0996
1656172800000,21130.3359
1656187200000,21412.8125
1656201600000,21348.4062
1656216000000,21313.5254
1656230400000,21623.4453
1656244800000,21251.5156
1656259200000,21212.666
1656273600000,20973.1152
1656288000000,21094.6465
1656302400000,21285.6465
1656316800000,21227.7227
1656331200000,20685.5723
1656345600000,20778.9102
1656360000000,20664.6543
1656374400000,20656.7793
1656388800000,20806.7344
1656403200000,20914.5957
1656417600000,20529.25
1656432000000,20178.7188
1656446400000,20211.4941
1656460800000,20210.5078
1656475200000,20016.3418
1656489600000,20034.8535
1656504000000,20004.3301
1656518400000,20147.7656
1656532800000,20044.6016
1656547200000,19999.4102
1656561600000,19372.3496
1656576000000,19042.2227
1656590400000,19088.3652
1656604800000,18866.5586
1656619200000,19870.2852
1656633600000,19642.8438
1656648000000,19501.1758
1656662400000,19114.7559
1656676800000,19220.7383
1656691200000,19311.4863
1656705600000,19206.373
1656720000000,19060.2812
1656734400000,19052.8789
1656748800000,19118.8027
1656763200000,19152.957
1656777600000,19193.8965
1656792000000,19171.8027
1656806400000,19190.2637
1656820800000,19063.7852
1656835200000,19021.6152
1656849600000,18978.9805
1656864000000,19413.5312
1656878400000,19234.1191
1656892800000,19028.8047
1656907200000,19052.6289
1656921600000,19716.3008
1656936000000,19709.4609
1656950400000,19743.8105
1656964800000,20134.6777
1656979200000,20210.5449
1656993600000,20118.627
1657008000000,19439.541
1657022400000,19437.5762
1657036800000,20313.791
1657051200000,20085.4961
1657065600000,19861.3516
1657080000000,20075.8066
1657094400000,20015.8887
1657108800000,20055.7793
1657123200000,20239.9805
1657137600000,20470.7227
1657152000000,20390.9902
1657166400000,20350.9062
1657180800000,20417.3281
1657195200000,20797.7676
1657209600000,21724.1152
1657224000000,21530.4121
1657238400000,22035.3809
1657252800000,21709.9355
1657267200000,21491
1657281600000,21861.9902
1657296000000,21726.0137
1657310400000,21509.9199
1657324800000,21527.7148
1657339200000,21564.2695
1657353600000,21362.2598
1657368000000,21475.6777
1657382400000,21541.252
1657396800000,21512.4004
1657411200000,21221.1367
1657425600000,21259.457
1657440000000,21227.166
1657454400000,20832.4902
1657468800000,20851.5762
1657483200000,20791.7227
1657497600000,20483.1641
1657512000000,20377.8438
1657526400000,20409.9707
1657540800000,20368.2051
1657555200000,20439.5762
1657569600000,19901.6621
1657584000000,19881.4316
1657598400000,19680.5508
1657612800000,19719.2969
1657627200000,19820.0059
1657641600000,19336.832
1657656000000,19275.0176
1657670400000,19412.6406
1657684800000,19643.9238
1657699200000,19772.0098
1657713600000,19395.8867
1657728000000,19583.6133
1657742400000,20156.4297
1657756800000,20148.084
1657771200000,19919.2383
1657785600000,19668.832
1657800000000,20310.1699
1657814400000,20526.6289
1657828800000,20507.9746
1657843200000,20530.1387
1657857600000,20745.9082
1657872000000,20689.1641
1657886400000,20722.1367
1657900800000,21083.2949
1657915200000,20765.0215
1657929600000,20665.1094
1657944000000,20483.2871
1657958400000,20543.668
1657972800000,20867.1152
1657987200000,21112.4727
1658001600000,21124.793
1658016000000,21251.4199
1658030400000,21385.0059
1658044800000,21373.8262
1658059200000,21097.8125
1658073600000,20961.1387
1658088000000,20729.8066
1658102400000,21213.041
1658116800000,22169.3418
1658131200000,22054.2148
1658145600000,22594.9551
1658160000000,21557.6973
1658174400000,22362.9688
1658188800000,21833.4121
1658203200000,21699.9375
1658217600000,21905.4805
1658232000000,23061
1658246400000,23315.3926
1658260800000,23323.8379
1658275200000,23363.0664
1658289600000,23309.875
1658304000000,23656.7969
1658318400000,24094.8711
1658332800000,23587.0762
1658347200000,23159.2598
1658361600000,22718.4902
1658376000000,22870.0098
1658390400000,22550.7227
1658404800000,22583.3633
1658419200000,23134.1523
1658433600000,23082.332
1658448000000,22847.4316
1658462400000,23051.1797
1658476800000,23546.2051
1658491200000,23224.166
1658505600000,22526.3848
1658520000000,22625.75
1658534400000,22742.877
1658548800000,22717.6934
1658563200000,22184.9355
1658577600000,22168.6152
1658592000000,22225.2715
1658606400000,22385.3477
1658620800000,22280.7559
1658635200000,22638.8652
1658649600000,22595.0273
1658664000000,22796.5488
1658678400000,22646.0195
1658692800000,22517.5957
1658707200000,21822.457
1658721600000,21915.3301
1658736000000,21889.1621
1658750400000,21850.1836
1658764800000,21842.7891
1658779200000,21267.9785
1658793600000,21095.2812
1658808000000,21017.0898
1658822400000,21050.2637
1658836800000,20708.3555
1658851200000,20871.2695
1658865600000,21197.8652
1658880000000,21032.0371
1658894400000,21296.5137
1658908800000,21153.5645
1658923200000,21482.1816
1658937600000,22706.2676
1658952000000,22885.0977
1658966400000,23068.4199
1658980800000,22865.4629
1658995200000,23044.1621
1659009600000,23669.6992
1659024000000,23719.8066
1659038400000,23766.4219
1659052800000,23834.834
1659067200000,23868.5312
1659081600000,23652.9102
1659096000000,23944.918
1659110400000,23836.3555
1659124800000,23705.2773
1659139200000,23738.8574
1659153600000,23813.8848
1659168000000,23882.4766
1659182400000,24446.6445
1659196800000,23855.5684
1659211200000,23589.793
1659225600000,23683.002
1659240000000,23653.0625
1659254400000,23737.2832
1659268800000,23715.7402
1659283200000,23783.1113
1659297600000,23253.6055
1659312000000,23325.252
1659326400000,23276.6504
1659340800000,23175.0566
1659355200000,23273.3945
1659369600000,22912.4414
1659384000000,23211.1035
1659398400000,22809.082
1659412800000,22842.3809
1659427200000,22834.0156
1659441600000,22926.3652
1659456000000,22888.5723
1659470400000,22928.0645
1659484800000,22812.416
1659499200000,22936.0684
1659513600000,23353.1367
1659528000000,23302.8438
1659542400000,23402.7676
1659556800000,22771.7773
1659571200000,23037.7891
1659585600000,22898.75
1659600000000,22835.3672
1659614400000,22872.5215
1659628800000,22401.332
1659643200000,22569.4492
1659657600000,23112.084
1659672000000,23125.3613
1659686400000,23343.7266
1659700800000,22931.6914
1659715200000,22878.5723
1659729600000,23248.7461
1659744000000,23112.1992
1659758400000,23139.2305
1659772800000,23100
1659787200000,23150.5117
1659801600000,23133.8809
1659816000000,22902.8535
1659830400000,22940.9531
1659844800000,22958.5176
1659859200000,22982.8809
1659873600000,22960.9512
1659888000000,23092.2832
1659902400000,23113.6934
1659916800000,23241.2227
1659931200000,23744.332
1659945600000,24088.3672
1659960000000,23924.4238
1659974400000,23857.9121
1659988800000,23746.7051
1660003200000,23759.4609
1660017600000,23801.123
1660032000000,23207.5449
1660046400000,23023.5898
1660060800000,23018.1934
1660075200000,23094.6543
1660089600000,22818.0898
1660104000000,22919.3066
1660118400000,23069.3633
1660132800000,23932.9375
1660147200000,23574.1992
1660161600000,23892.1816
1660176000000,24254.25
1660190400000,24367.9629
1660204800000,24491.0723
1660219200000,24287.9961
1660233600000,24168.9961
1660248000000,23883.5996
1660262400000,23957.918
1660276800000,23904.0039
1660291200000,23610.5918
1660305600000,23920.1719
1660320000000,24118.0625
1660334400000,24331.9355
1660348800000,24735.3105
1660363200000,24510.0156
1660377600000,24376.6738
1660392000000,24449.123
1660406400000,24336.498
1660420800000,24364.5332
1660435200000,24505.1934
1660449600000,24809.125
1660464000000,24492.8105
1660478400000,24452.668
1660492800000,24225.8691
1660507200000,24245.9785
1660521600000,24799.7363
1660536000000,23967.5703
1660550400000,23988.7266
1660564800000,24167.7871
1660579200000,23918.0898
1660593600000,24028.6836
1660608000000,24031.1387
1660622400000,24017.3809
1660636800000,23973.6914
1660651200000,23846.5625
1660665600000,23880.2676
1660680000000,23802.8105
1660694400000,23940.832
1660708800000,23728.1973
1660723200000,23682.1016
1660737600000,23339.6523
1660752000000,23216.5449
1660766400000,23283.5352
1660780800000,23378.6855
1660795200000,23350.2285
1660809600000,23476.3242
1660824000000,23399.9805
1660838400000,23296.1816
1660852800000,23147.6387
1660867200000,22731.2969
1660881600000,21873.2227
1660896000000,21432.5449
1660910400000,21411.1719
1660924800000,21294.3789
1660939200000,20798.4863
1660953600000,21107.6289
1660968000000,21265.6934
1660982400000,21194.8125
1660996800000,21262.0391
1661011200000,20955.3789
1661025600000,21098.5918
1661040000000,21164.8438
1661054400000,21206.7031
1661068800000,21470.8398
1661083200000,21372.7891
1661097600000,21460.5312
1661112000000,21469.2969
1661126400000,21368.5547
1661140800000,21053.9551
1661155200000,21202.2051
1661169600000,21349.2246
1661184000000,21006.2422
1661198400000,21340.1406
1661212800000,21184.6816
1661227200000,21255.0273
1661241600000,21395.7598
1661256000000,21415.791
1661270400000,21458.7383
1661284800000,21465.0762
1661299200000,21208.7051
1661313600000,21255.8594
1661328000000,21387.6621
1661342400000,21555.8105
1661356800000,21642.1992
1661371200000,21308.332
1661385600000,21405.8184
1661400000000,21673.0938
1661414400000,21662.3691
1661428800000,21506.3574
1661443200000,21541.9531
1661457600000,21503.002
1661472000000,21496.6797
1661486400000,21396.5449
1661500800000,21141.9023
1661515200000,20733.5293
1661529600000,20599.5664
1661544000000,20202.1406
1661558400000,20169.5078
1661572800000,20225.9863
1661587200000,20171.2109
1661601600000,19945.9961
1661616000000,19986.4219
1661630400000,20000.832
1661644800000,19954.002
1661659200000,20013.8281
1661673600000,19991.2129
1661688000000,19984.8281
1661702400000,19930.3438
1661716800000,19530.2949
1661731200000,19826.2715
1661745600000,19851.3262
1661760000000,19778.2246
1661774400000,20199.6875
1661788800000,20046.627
1661803200000,20228.6426
1661817600000,20212.5371
1661832000000,20372.7754
1661846400000,20344.5605
1661860800000,19708.7012
1661875200000,19900.1699
1661889600000,19762.625
1661904000000,20340.0957
1661918400000,20193.416
1661932800000,20253.252
1661947200000,20087.0312
1661961600000,20165.8516
1661976000000,19995.2578
1661990400000,19965.3496
1662004800000,19836.4043
1662019200000,20023.2246
1662033600000,19728.4492
1662048000000,19821.623
1662062400000,20073.3105
1662076800000,20103.1543
1662091200000,20051.3535
1662105600000,20028.4062
1662120000000,20294.5762
1662134400000,19859.3535
1662148800000,19895.4922
1662163200000,19845.5391
1662177600000,19768.1836
1662192000000,19748.6113
1662206400000,19712.4395
1662220800000,19662.1211
1662235200000,19776.2871
1662249600000,19713.9199
1662264000000,19582.2188
1662278400000,19790.2285
1662292800000,19738.627
1662307200000,19825.7949
1662321600000,19943.666
1662336000000,19831.1484
1662350400000,19696.4941
1662364800000,19644.4199
1662379200000,19795.2188
1662393600000,19657.1875
1662408000000,19737.4473
1662422400000,19727.7461
1662436800000,19848.0723
1662451200000,19857.7422
1662465600000,19765.0781
1662480000000,18785.7988
1662494400000,18748.2695
1662508800000,18708.2891
1662523200000,18766.6035
1662537600000,18697.1465
1662552000000,18827.6309
1662566400000,18947.8105
1662580800000,19239.7949
1662595200000,19166.0195
1662609600000,19116.6836
1662624000000,19250.6289
1662638400000,19192.1641
1662652800000,19291.1309
1662667200000,19260.0391
1662681600000,19875.3359
1662696000000,20554.5195
1662710400000,20860.5039
1662724800000,21182.291
1662739200000,21205.6035
1662753600000,21282.9609
1662768000000,21224.3262
1662782400000,21196.2539
1662796800000,21207.1348
1662811200000,21147.8184
1662825600000,21496.8438
1662840000000,21562.6797
1662854400000,21465.3105
1662868800000,21529.5234
1662883200000,21528.5625
1662897600000,21561.1191
1662912000000,21543.9141
1662926400000,21749.5371
1662940800000,21581.4238
1662955200000,22113.4043
1662969600000,22222.2871
1662984000000,22033.6406
1662998400000,22344.4512
1663012800000,22318.8398
1663027200000,22161.2324
1663041600000,22198.6855
1663056000000,22456.1719
1663070400000,20782.207
1663084800000,20240.627
1663099200000,20123.1895
1663113600000,20273.502
1663128000000,20202.7324
1663142400000,20183.4414
1663156800000,20133.5117
1663171200000,19905.5703
1663185600000,20182.125
1663200000000,19983.0547
1663214400000,20159.377
1663228800000,20096.7227
1663243200000,19690.7441
1663257600000,19736.7051
1663272000000,19659.6543
1663286400000,19702.0879
1663300800000,19697.1562
1663315200000,19821.2773
1663329600000,19614.498
1663344000000,19576.5703
1663358400000,19747.1953
1663372800000,19828.4668
1663387200000,19791.6914
1663401600000,19760.8262
1663416000000,19906.4121
1663430400000,19950.1211
1663444800000,20061.375
1663459200000,19943.5137
1663473600000,19991.0508
1663488000000,19872.752
1663502400000,19754.7402
1663516800000,19674.1875
1663531200000,19372.9531
1663545600000,18741.1543
1663560000000,18433.1016
1663574400000,18643.5488
1663588800000,19037.7207
1663603200000,19461.9668
1663617600000,19482.0859
1663632000000,19312.4824
1663646400000,19310.0254
1663660800000,19166.5391
1663675200000,19181.666
1663689600000,18947.7285
1663704000000,18832.5801
1663718400000,18976.1621
1663732800000,18901.0039
1663747200000,19114.3301
1663761600000,19141.1426
1663776000000,18950.5645
1663790400000,18415.6172
1663804800000,18640.334
1663819200000,18879.8281
1663833600000,19171.4629
1663848000000,18932.2051
1663862400000,19245.9082
1663876800000,19342.2559
1663891200000,19325.5918
1663905600000,19166.8223
1663920000000,18805.2754
1663934400000,18666.4746
1663948800000,18757.9082
1663963200000,19228.668
1663977600000,19068.1094
1663992000000,18935.9531
1664006400000,18997.2246
1664020800000,19064.3457
1664035200000,19047.6973
1664049600000,18869.9043
1664064000000,18993.0098
1664078400000,19040.3965
1664092800000,19059.4316
1664107200000,18936.4609
1664121600000,18866.1504
1664136000000,18762.1035
1664150400000,18815.4355
1664164800000,18860.5
1664179200000,18822.5508
1664193600000,19056.7676
1664208000000,19142.8965
1664222400000,19166.7363
1664236800000,20020.2285
1664251200000,20103.1973
1664265600000,20149.6113
1664280000000,19816.5215
1664294400000,19023.1504
1664308800000,19022.166
1664323200000,18694.8184
1664337600000,18737.3945
1664352000000,18899.877
1664366400000,19426.8672
1664380800000,19475.5996
1664395200000,19355.4922
1664409600000,19439.5156
1664424000000,19302.375
1664438400000,19401.4805
1664452800000,19231.1074
1664467200000,19342.8203
1664481600000,19524.7793
1664496000000,19337.0273
1664510400000,19507.1758
1664524800000,19377.1328
1664539200000,19686.8027
1664553600000,19415.7324
1664568000000,19360.375
1664582400000,19355.4805
1664596800000,19258.1562
1664611200000,19252.291
1664625600000,19274.2148
1664640000000,19210.3594
1664654400000,19252.6152
1664668800000,19253.584
1664683200000,19225.4492
1664697600000,19142.0176
1664712000000,19093.9746
1664726400000,19200.3945
1664740800000,19003.3477
1664755200000,19115.6621
1664769600000,19141.709
1664784000000,19194.25
1664798400000,19276.2637
1664812800000,19479.7871
1664827200000,19564.9121
1664841600000,19537.1172
1664856000000,19889.5723
1664870400000,19863.7051
1664884800000,20020.5137
1664899200000,20146.7109
1664913600000,20260.7871
1664928000000,20116.8496
1664942400000,20148.6973
1664956800000,19962.0469
1664971200000,19940.4004
1664985600000,20049.0703
1665000000000,20092.4727
1665014400000,20280.1113
1665028800000,20153.1523
1665043200000,20174.6094
1665057600000,19950.4746
1665072000000,19950.4746
1665086400000,19902.7871
1665100800000,19926.9297
1665115200000,19874.0918
1665129600000,19942.9434
1665144000000,19530.2285
1665158400000,19414.084
1665172800000,19480.8594
1665187200000,19455.5371
1665201600000,19452.6191
1665216000000,19492.248
1665230400000,19441.8652
1665244800000,19415.2305
1665259200000,19374.5742
1665273600000,19322.2832
1665288000000,19363.7539
1665302400000,19418.9551
1665316800000,19487.5625
1665331200000,19417.084
1665345600000,19394.5332
1665360000000,19398.7578
1665374400000,19364.3457
1665388800000,19288.1699
1665403200000,19229.041
1665417600000,19171.2227
1665432000000,19091.9648
1665446400000,19005.1387
1665460800000,19039.7012
1665475200000,19110.0371
1665489600000,19103.3125
1665504000000,18951.375
1665518400000,19017.2559
1665532800000,19002.3281
1665547200000,19060.3418
1665561600000,19068.7012
1665576000000,19094.1797
1665590400000,19089.4414
1665604800000,19105.998
1665619200000,19037.502
1665633600000,18966.1523
1665648000000,18712.7793
1665662400000,18904.5918
1665676800000,19306.0781
1665691200000,19314.791
1665705600000,19738.2461
1665720000000,19575.3047
1665734400000,19528.0957
1665748800000,19298.9512
1665763200000,19115.6953
1665777600000,19121.0254
1665792000000,19150.5254
1665806400000,19119.0215
1665820800000,19112.2461
1665835200000,19078.9062
1665849600000,19043.6582
1665864000000,19016.6406
1665878400000,19066.1875
1665892800000,19079.5156
1665907200000,19089.959
1665921600000,19100.8477
1665936000000,19310.2754
1665950400000,19200.3535
1665964800000,19132.9629
1665979200000,19239.1953
1665993600000,19388.002
1666008000000,19465.3906
1666022400000,19451.1738
1666036800000,19474.334
1666051200000,19478.6699
1666065600000,19595.4414
1666080000000,19496.166
1666094400000,19312.5352
1666108800000,19165.9668
1666123200000,19270.3652
1666137600000,19229.0371
1666152000000,19167.9766
1666166400000,19148.2656
1666180800000,19214.8867
1666195200000,19178.9941
1666209600000,19076.8047
1666224000000,18992.0117
1666238400000,19086.7188
1666252800000,19150.4316
1666267200000,19195.1934
1666281600000,19022.0352
1666296000000,18997.9453
1666310400000,18995.543
1666324800000,18975.3887
1666339200000,18896.5977
1666353600000,19105.2285
1666368000000,19128.125
1666382400000,19105.2559
1666396800000,19096.2246
1666411200000,19109.9219
1666425600000,19117.457
1666440000000,19174.4629
1666454400000,19129.8965
1666468800000,19143.9746
1666483200000,19143.043
1666497600000,19106.7266
1666512000000,19096.9512
1666526400000,19132.9766
1666540800000,19422.9434
1666555200000,19490.9531
1666569600000,19329.3008
1666584000000,19263.6309
1666598400000,19356.4473
1666612800000,19247.4727
1666627200000,19276.5918
1666641600000,19269.0215
1666656000000,19280.418
1666670400000,19246.084
1666684800000,19240.4492
1666699200000,19671.1348
1666713600000,20190.291
1666728000000,20006.9473
1666742400000,20174.1055
1666756800000,20268.627
1666771200000,20522.1426
1666785600000,20757.9941
1666800000000,20682.2891
1666814400000,20687.7188
1666828800000,20668.6328
1666843200000,20631.9629
1666857600000,20544.7676
1666872000000,20483.6953
1666886400000,20551.1855
1666900800000,20237.793
1666915200000,20228.1406
1666929600000,20028.877
1666944000000,20118.5215
1666958400000,20410.1465
1666972800000,20543.6484
1666987200000,20528.7051
1667001600000,20682.3105
1667016000000,20700.9121
1667030400000,20629.4355
1667044800000,20858.875
1667059200000,20772.4531
1667073600000,20751.334
1667088000000,20711.0684
1667102400000,20780.2324
1667116800000,20710.8809
1667131200000,20622.709
1667145600000,20587.7012
1667160000000,20566.627
1667174400000,20466.4141
1667188800000,20493.7637
1667203200000,20664.2344
1667217600000,20345.2988
1667232000000,20311.8438
1667246400000,20435.125
1667260800000,20420.6406
1667275200000,20529.084
1667289600000,20457.3652
1667304000000,20388.4434
1667318400000,20392.2793
1667332800000,20419.5449
1667347200000,20457.7852
1667361600000,20371.1406
1667376000000,20373.043
1667390400000,20354.416
1667404800000,20202.8398
1667419200000,20104.8184
1667433600000,20253.0508
1667448000000,20246.8027
1667462400000,20078.5
1667476800000,20197.3359
1667491200000,20201.6211
1667505600000,20158.832
1667520000000,20262.4395
1667534400000,20543.3242
1667548800000,20488.8262
1667563200000,20766.1289
1667577600000,21027.4805
1667592000000,21070.168
1667606400000,21359.3691
1667620800000,21302.9668
1667635200000,21319.6816
1667649600000,21222.3594
1667664000000,21252.2266
1667678400000,21227.0078
1667692800000,21164.2188
1667707200000,21128.5391
1667721600000,21177.5898
1667736000000,21170.4902
1667750400000,21130.8047
1667764800000,20854.8438
1667779200000,20855.8047
1667793600000,20582.2246
1667808000000,20678.0605
1667822400000,20713.5566
1667836800000,20782.6504
1667851200000,20545.4062
1667865600000,20110.0586
1667880000000,19758.793
1667894400000,19669.4258
1667908800000,19496.4844
1667923200000,18241.7773
1667937600000,18515.6895
1667952000000,18276.7383
1667966400000,18196.2441
1667980800000,17762.2285
1667995200000,17073.2285
1668009600000,16725.4355
1668024000000,15856.3086
1668038400000,16269.9092
1668052800000,16640.1816
1668067200000,16178.1201
1668081600000,17475.7207
1668096000000,17350.6562
1668110400000,17514.2266
1668124800000,16950.5703
1668139200000,17317.2227
1668153600000,17245.3125
1668168000000,16789.9277
1668182400000,16747.2559
1668196800000,16958.3828
1668211200000,16810.1914
1668225600000,16721.4902
1668240000000,16771.7012
1668254400000,16844.998
1668268800000,16804.9434
1668283200000,16734.7578
1668297600000,16829.9199
1668312000000,16688.2344
1668326400000,16582.084
1668340800000,16501.123
1668355200000,16488.7891
1668369600000,16267.7002
1668384000000,16068.1064
1668398400000,16724.1445
1668412800000,16654.1816
1668427200000,16516.7285
1668441600000,16180.2998
1668456000000,16531.3848
1668470400000,16720.043
1668484800000,16757.3809
1668499200000,16711.1738
1668513600000,16899.6113
1668528000000,16775.4414
1668542400000,16812.2012
1668556800000,16891.5566
1668571200000,16767.6914
1668585600000,16645.7012
1668600000000,16368.8545
1668614400000,16488.875
1668628800000,16589.9219
1668643200000,16458.0664
1668657600000,16540.4531
1668672000000,16533.1152
1668686400000,16466.1504
1668700800000,16556.0176
1668715200000,16624.5332
1668729600000,16774.8887
1668744000000,16673.3008
1668758400000,16678.6426
1668772800000,16622.3535
1668787200000,16593.2559
1668801600000,16626.5586
1668816000000,16554.4863
1668830400000,16540.4648
1668844800000,16602.3809
1668859200000,16573.9805
1668873600000,16554.75
1668888000000,16625.4551
1668902400000,16605.3652
1668916800000,16640.1562
1668931200000,16458.0742
1668945600000,16517.0586
1668960000000,16522.2871
1668974400000,16234.5771
1668988800000,16021.9131
1669003200000,15973.4814
1669017600000,16025.1123
1669032000000,16062.0547
1669046400000,15670.0557
1669060800000,15716.6738
1669075200000,15782.8164
1669089600000,15712.8447
1669104000000,15705.5078
1669118400000,16153.9805
1669132800000,16090.3789
1669147200000,16145.0068
1669161600000,16488.6621
1669176000000,16486.2461
1669190400000,16495.0117
1669204800000,16353.2607
1669219200000,16394.9746
1669233600000,16521.7266
1669248000000,16627.8457
1669262400000,16532.7129
1669276800000,16498.0977
1669291200000,16487.5391
1669305600000,16499.6133
1669320000000,16518.8984
1669334400000,16425.8379
1669348800000,16393.8105
1669363200000,16457.5059
1669377600000,16432.7559
1669392000000,16448.5059
1669406400000,16447.0859
1669420800000,16536.6602
1669435200000,16502.8008
1669449600000,16499.9844
1669464000000,16437.5449
1669478400000,16420.6191
1669492800000,16391.9648
1669507200000,16466.5742
1669521600000,16500.9805
1669536000000,16489.834
1669550400000,16501.5508
1669564800000,16494.1895
1669579200000,16367.7324
1669593600000,16130.251
1669608000000,16166.0088
1669622400000,16166.9355
1669636800000,16113.751
1669651200000,16173.7881
1669665600000,16166.1689
1669680000000,16223.4922
1669694400000,16386.8652
1669708800000,16417.2148
1669723200000,16322.1846
1669737600000,16354.748
1669752000000,16373.1396
1669766400000,16766.4668
1669780800000,16804.8945
1669795200000,16800.6855
1669809600000,16788.1055
1669824000000,16973.791
1669838400000,17072.0039
1669852800000,17055.7227
1669867200000,16992.4297
1669881600000,17028.8516
1669896000000,16911.5293
1669910400000,16892.748
1669924800000,16903.3145
1669939200000,16834.9727
1669953600000,16889.4551
1669968000000,16923.4277
1669982400000,16878.6738
1669996800000,16932.5645
1670011200000,17025.5098
1670025600000,16960.8281
1670040000000,16906.5879
1670054400000,16888.3359
1670068800000,16894.4824
1670083200000,16889.8418
1670097600000,16833.1719
1670112000000,16899.7676
1670126400000,16928.4863
1670140800000,16883.623
1670155200000,16962.1914
1670169600000,17016.1836
1670184000000,17035.1562
1670198400000,17124.2188
1670212800000,17225.5566
1670227200000,17227.4824
1670241600000,17016.4199
1670256000000,16867.0703
1670270400000,16917.7461
1670284800000,16940.957
1670299200000,16948.5215
1670313600000,16933.9258
1670328000000,16928.7637
1670342400000,16925.0254
1670356800000,17027.1523
1670371200000,16963.3184
1670385600000,16724.0469
1670400000000,16753.5527
1670414400000,16794.7852
1670428800000,16770.5039
1670443200000,16783.5527
1670457600000,16787.2656
1670472000000,16768.4043
1670486400000,16799.7441
1670500800000,16863.7012
1670515200000,17178.1328
1670529600000,17152.002
1670544000000,17127.3008
1670558400000,17140.707
1670572800000,17166.5293
1670587200000,17114.2871
1670601600000,17087.4082
1670616000000,17067.0312
1670630400000,17083.9648
1670644800000,17087.7168
1670659200000,17100.8086
1670673600000,17138.2402
1670688000000,17099.7305
1670702400000,17065.1055
1670716800000,17088.2207
1670731200000,17114.1426
1670745600000,17101.543
1670760000000,17097.5117
1670774400000,17111.2109
1670788800000,17034.3477
1670803200000,16870.9629
1670817600000,16879.0859
1670832000000,16939.3828
1670846400000,16954.4277
1670860800000,16992.332
1670875200000,17140.3926
1670889600000,17080.8828
1670904000000,17096.8086
1670918400000,17374.3027
1670932800000,17671.8477
1670947200000,17663.4609
1670961600000,17692.791
1670976000000,17708.4238
1670990400000,17734.2969
1671004800000,17735.7598
1671019200000,17954.5645
1671033600000,17721.7402
1671048000000,17738.2383
1671062400000,17665.6504
1671076800000,17635.9141
1671091200000,17670.5605
1671105600000,17378.627
1671120000000,17395.3633
1671134400000,17313.6934
1671148800000,17362.7637
1671163200000,17438.6621
1671177600000,16980.877
1671192000000,16932.5352
1671206400000,16834.8066
1671220800000,16595.0508
1671235200000,16639.3789
1671249600000,16715.6738
1671264000000,16671.6816
1671278400000,16662.4023
1671292800000,16656.0625
1671307200000,16740.7617
1671321600000,16698.543
1671336000000,16703.7305
1671350400000,16661.1289
1671364800000,16641.7734
1671379200000,16702.1328
1671393600000,16695.8828
1671408000000,16638.6777
1671422400000,16681.4863
1671436800000,16684.7402
1671451200000,16628.3262
1671465600000,16521.1426
1671480000000,16402.084
1671494400000,16675.0039
1671508800000,16751.7949
1671523200000,16757.043
1671537600000,16851.1055
1671552000000,16844.459
1671566400000,16837.834
1671580800000,16783.9062
1671595200000,16763.0801
1671609600000,16822.5703
1671624000000,16803.2793
1671638400000,16711.1855
1671652800000,16780.3301
1671667200000,16788.8086
1671681600000,16776.1367
1671696000000,16780.8047
1671710400000,16598.9082
1671724800000,16622.1445
1671739200000,16767.5566
1671753600000,16779.8398
1671768000000,16789.2637
1671782400000,16784.5898
1671796800000,16776.6777
1671811200000,16792.9629
1671825600000,16735.916
1671840000000,16783.6602
1671854400000,16785.5156
1671868800000,16775.8711
1671883200000,16777.2441
1671897600000,16785.9023
1671912000000,16780.9473
1671926400000,16780.9473
1671940800000,16765.3594
1671955200000,16766.2422
1671969600000,16748.1211
1671984000000,16740.168
1671998400000,16773.1758
1672012800000,16829.2246
1672027200000,16795.1992
1672041600000,16804.5508
1672056000000,16760.0938
1672070400000,16791.5215
1672084800000,16859.7285
1672099200000,16814.1777
1672113600000,16809.2852
1672128000000,16774.5117
1672142400000,16744.3574
1672156800000,16635.7266
1672171200000,16660.0469
1672185600000,16612.5508
1672200000000,16611.6191
1672214400000,16636.123
1672228800000,16538.0918
1672243200000,16554.7949
1672257600000,16505.8887
1672272000000,16518.1289
1672286400000,16518.9961
1672300800000,16552.0156
1672315200000,16561.1738
1672329600000,16555.2324
1672344000000,16580.3145
1672358400000,16545.3926
1672372800000,16432.5605
1672387200000,16455.1797
1672401600000,16504.0293
1672416000000,16485.0859
1672430400000,16558.4082
1672444800000,16505.9824
1672459200000,16511.8164
1672473600000,16521.1973
1672488000000,16528.7559
1672502400000,16511.1055
1672516800000,16487.9688
1672531200000,16483.8887
1672545600000,16478.0273
1672560000000,16498.5684
1672574400000,16502.418
1672588800000,16532.9473
1672603200000,16549.0312
1672617600000,16595.8438
1672632000000,16643.748
1672646400000,16658.8047
1672660800000,16655.8809
1672675200000,16657.2344
1672689600000,16606.8477
1672704000000,16628.5488
1672718400000,16652.6445
1672732800000,16645.9297
1672747200000,16614.5996
1672761600000,16586.9805
1672776000000,16606.9375
1672790400000,16782.1914
1672804800000,16796.7715
1672819200000,16769.0605
1672833600000,16781.1543
1672848000000,16769.9746
1672862400000,16792.1406
1672876800000,16751.668
1672891200000,16745.5977
1672905600000,16765.0898
1672920000000,16774.6094
1672934400000,16790.0137
1672948800000,16762.5527
1672963200000,16760.4336
1672977600000,16727.6074
1672992000000,16682.5742
1673006400000,16773.3066
1673020800000,16859.9707
1673035200000,16874.4238
1673049600000,16876.748
1673064000000,16864.7109
1673078400000,16853.9922
1673092800000,16869.5
1673107200000,16873.5957
1673121600000,16871.9316
1673136000000,16866.584
1673150400000,16877.7246
1673164800000,16864.3418
1673179200000,16920.7578
1673193600000,16865.8691
1673208000000,17048.6738
1673222400000,17122.1035
1673236800000,17120.7988
1673251200000,17157.5996
1673265600000,17183.9395
1673280000000,17206.9473
1673294400000,17110.5566
1673308800000,17130.7676
1673323200000,17129.4453
1673337600000,17179.2168
1673352000000,17240.3027
1673366400000,17343.7227
1673380800000,17364.4297
1673395200000,17343.0469
1673409600000,17359.3027
1673424000000,17355.4219
1673438400000,17264.1172
1673452800000,17469.6055
1673467200000,17855.3828
1673481600000,18137.0391
1673496000000,18050.5352
1673510400000,18116.0098
1673524800000,18010.8965
1673539200000,18795.1973
1673553600000,18754.5684
1673568000000,18790.2207
1673582400000,18735.9277
1673596800000,18831.8008
1673611200000,19169.4844
1673625600000,19271.6445
1673640000000,19840.0566
1673654400000,20891.4375
1673668800000,20820.6406
1673683200000,20656.7051
1673697600000,20712.9141
1673712000000,20714.9043
1673726400000,20868.0566
1673740800000,20656.1973
1673755200000,20666.6094
1673769600000,20665.1621
1673784000000,20844.5449
1673798400000,20776.1348
1673812800000,20800.875
1673827200000,21000.3613
1673841600000,21031.0645
1673856000000,20764.0078
1673870400000,20919.3516
1673884800000,21239.5391
1673899200000,21124.0508
1673913600000,21055.8867
1673928000000,21070.1758
1673942400000,21152.918
1673956800000,21107.2188
1673971200000,21258.7773
1673985600000,21060.7871
1674000000000,21191.8945
1674014400000,21231.6816
1674028800000,21138.2715
1674043200000,20978.4668
1674057600000,20838.4707
1674072000000,20625.0117
1674086400000,20690.6543
1674100800000,20753.8633
1674115200000,20685.4316
1674129600000,20813.6641
1674144000000,21031.5703
1674158400000,21009.8262
1674172800000,21022.4941
1674187200000,20897.5762
1674201600000,20906.3086
1674216000000,21079.25
1674230400000,21425.457
1674244800000,22568.2051
1674259200000,22476.4512
1674273600000,22569.1621
1674288000000,22823.127
1674302400000,22917.9141
1674316800000,23200.4375
1674331200000,22718.5449
1674345600000,22684.4004
1674360000000,22821.3359
1674374400000,22733.2129
1674388800000,22722.998
1674403200000,22659.8438
1674417600000,22648.6836
1674432000000,22591.0156
1674446400000,22641.0938
1674460800000,22855.3887
1674475200000,22792.1074
1674489600000,22733.1934
1674504000000,22863.6895
1674518400000,23013.5391
1674532800000,22986.1133
1674547200000,22859.4961
1674561600000,22870.2578
1674576000000,22959.2637
1674590400000,22591.5684
1674604800000,22597.4102
1674619200000,22674.7637
1674633600000,22560.457
1674648000000,22553.1914
1674662400000,22709.4668
1674676800000,22996.4023
1674691200000,23068.3672
1674705600000,22913.5098
1674720000000,22933.0254
1674734400000,22901.2227
1674748800000,23009.8164
1674763200000,22950.2188
1674777600000,22722.3555
1674792000000,23015.334
1674806400000,22911.2246
1674820800000,22877.8047
1674835200000,23190.668
1674849600000,23024.9766
1674864000000,23058.1758
1674878400000,22940.8809
1674892800000,22932.1582
1674907200000,22951.5781
1674921600000,22988.9219
1674936000000,22967.7441
1674950400000,23136.4883
1674964800000,23140.375
1674979200000,23376.5469
1674993600000,23464.0449
1675008000000,23832.2988
1675022400000,23677.7891
1675036800000,23641.2617
1675051200000,23587.9512
1675065600000,23040.4844
1675080000000,23135.9766
1675094400000,22754.332
1675108800000,22790.3359
1675123200000,22789.3555
1675137600000,22937.5215
1675152000000,22828.1211
1675166400000,23074.4004
1675180800000,23127.0762
1675195200000,23087.6758
1675209600000,23086.7051
1675224000000,23034.8008
1675238400000,23039.6406
1675252800000,22951.0273
1675267200000,23326.7676
1675281600000,23669.582
1675296000000,23809.6465
1675310400000,23737.1953
1675324800000,23768.1035
1675339200000,23798.0059
1675353600000,23775.918
1675368000000,23448.6191
1675382400000,23526.582
1675396800000,23405.8633
1675411200000,23494.8848
1675425600000,23562.5391
1675440000000,23279.6445
1675454400000,23394.3359
1675468800000,23307.3105
1675483200000,23278.6309
1675497600000,23322.1973
1675512000000,23368.6465
1675526400000,23393.2988
1675540800000,23276.8867
1675555200000,23301.9238
1675569600000,23336.5508
1675584000000,23320.6875
1675598400000,23070.416
1675612800000,22868.2734
1675627200000,22908.4258
1675641600000,22866.5332
1675656000000,22854.3652
1675670400000,22854.3652
1675684800000,23003.5625
1675699200000,22986.6738
1675713600000,22719.4023
1675728000000,22832.9375
1675742400000,22862.084
1675756800000,22925.1562
1675771200000,22865.7344
1675785600000,23050.6953
1675800000000,23190.6523
1675814400000,23196.9355
1675828800000,23184.502
1675843200000,23113.2559
1675857600000,22832.541
1675872000000,22838.7578
1675886400000,22924.3496
1675900800000,22477.4805
1675915200000,22631.8262
1675929600000,22644.8242
1675944000000,22563.8809
1675958400000,22010.7168
1675972800000,21773.7695
1675987200000,21798.3125
1676001600000,21889.6992
1676016000000,21709.3223
1676030400000,21630.8906
1676044800000,21751.0469
1676059200000,21605.3281
1676073600000,21648.5684
1676088000000,21663.4355
1676102400000,21658.5293
1676116800000,21679.5156
1676131200000,21631.5547
1676145600000,21805.2656
1676160000000,21734.125
1676174400000,21751.791
1676188800000,21833.4492
1676203200000,21891.8008
1676217600000,21956.9199
1676232000000,21739.5898
1676246400000,21764.9258
1676260800000,21843.3555
1676275200000,21583.0625
1676289600000,21550.3984
1676304000000,21589.5078
1676318400000,21730.6191
1676332800000,21658.4297
1676347200000,21722.1152
1676361600000,21757.0762
1676376000000,22005.6621
1676390400000,22167.8281
1676404800000,22141.4609
1676419200000,22053.2129
1676433600000,22055.6289
1676448000000,22373.8691
1676462400000,22730.3418
1676476800000,23237.7578
1676491200000,24261.4863
1676505600000,24654.7324
1676520000000,24540.9785
1676534400000,24522.0371
1676548800000,25014.498
1676563200000,24818.4219
1676577600000,23471.8984
1676592000000,23791.0723
1676606400000,23593.8281
1676620800000,23743.1895
1676635200000,24076.2148
1676649600000,24474.9922
1676664000000,24524.0527
1676678400000,24564.1738
1676692800000,24456.668
1676707200000,24464.0859
1676721600000,24605.9668
1676736000000,24548.2168
1676750400000,24583.2715
1676764800000,24613.3691
1676779200000,24530.4805
1676793600000,24622.584
1676808000000,24866.125
1676822400000,24462.0625
1676836800000,24230.3418
1676851200000,24373.8594
1676865600000,24463.8281
1676880000000,24835.6172
1676894400000,24905.1465
1676908800000,24841.2422
1676923200000,24807.6113
1676937600000,24882.3477
1676952000000,24947.2363
1676966400000,24533.4238
1676980800000,24520.2266
1676995200000,24567.1992
1677009600000,24419.8262
1677024000000,24162.4492
1677038400000,24021.6953
1677052800000,24135.6484
1677067200000,23695.9629
1677081600000,23765.5957
1677096000000,24148.4785
1677110400000,24410.3398
1677124800000,24333.4238
1677139200000,23749.9707
1677153600000,23917.5781
1677168000000,23949.9219
1677182400000,23909.1309
1677196800000,23914.0176
1677211200000,23809.5059
1677225600000,23858.7227
1677240000000,23318.7891
1677254400000,23148.0684
1677268800000,23159.7383
1677283200000,23051.7383
1677297600000,23093.918
1677312000000,22964.334
1677326400000,22979.8047
1677340800000,22960.123
1677355200000,23122.2852
1677369600000,23176.4238
1677384000000,23110.832
1677398400000,23203.9648
1677412800000,23206.8574
1677427200000,23450.0938
1677441600000,23502.9844
1677456000000,23494.75
1677470400000,23371.6699
1677484800000,23381.3184
1677499200000,23499.0801
1677513600000,23238.6504
1677528000000,23436.5762
1677542400000,23400.1738
1677556800000,23176.3574
1677571200000,23344.8945
1677585600000,23459.5156
1677600000000,23209.7051
1677614400000,23092.4512
1677628800000,23395.8047
1677643200000,23660.752
1677657600000,23676.9062
1677672000000,23658.4551
1677686400000,23310.168
1677700800000,23586.6328
1677715200000,23446.9785
1677729600000,23342.873
1677744000000,23365.7852
1677758400000,23312.6016
1677772800000,23416.2148
1677787200000,23412.3242
1677801600000,22285.3926
1677816000000,22326.7754
1677830400000,22316.4043
1677844800000,22296.1719
1677859200000,22323.2852
1677873600000,22318.3613
1677888000000,22318.8438
1677902400000,22326.0527
1677916800000,22315.752
1677931200000,22279.4863
1677945600000,22218.7246
1677960000000,22312.1504
1677974400000,22344.1113
1677988800000,22341.6777
1678003200000,22349.7402
1678017600000,22383.3379
1678032000000,22355.7773
1678046400000,22383.0918
1678060800000,22332.9707
1678075200000,22340.4609
1678089600000,22338.541
1678104000000,22496.2402
1678118400000,22339.6504
1678132800000,22351.9121
1678147200000,22407.5547
1678161600000,22373.1602
1678176000000,22301.8496
1678190400000,22279.3281
1678204800000,22091.3125
1678219200000,22152.1523
1678233600000,22105.3242
1678248000000,21925.334
1678262400000,22028.2031
1678276800000,22094.3125
1678291200000,21948.1152
1678305600000,21655.2598
1678320000000,21723.0762
1678334400000,21645.3438
1678348800000,21624.3203
1678363200000,21604.2949
1678377600000,20823.791
1678392000000,20338.8516
1678406400000,20023.0566
1678420800000,19929.5117
1678435200000,19747.8555
1678449600000,19977.1172
1678464000000,19993.9961
1678478400000,20169.166
1678492800000,20493.6543
1678507200000,19921.8613
1678521600000,20145.2324
1678536000000,20169.627
1678550400000,20331.123
1678564800000,20560.3809
1678579200000,20471.4004
1678593600000,20478.7246
1678608000000,20514.8086
1678622400000,20501.0918
1678636800000,20908.8398
1678651200000,22097.5039
1678665600000,22253.5762
1678680000000,22481.0879
1678694400000,22085.9492
1678708800000,23993.3262
1678723200000,24302.9727
1678737600000,24099.2637
1678752000000,24395.793
1678766400000,24298.9238
1678780800000,24759.0664
1678795200000,25911.0117
1678809600000,25051.8398
1678824000000,24674.3203
1678838400000,24739.9277
1678852800000,24920.3105
1678867200000,24799.4141
1678881600000,24455.8809
1678896000000,24362.082
1678910400000,24306.3262
1678924800000,24275.2656
1678939200000,24611.5625
1678953600000,24817.2148
1678968000000,24865.2793
1678982400000,24963.3555
1678996800000,24990.0938
1679011200000,25772.4941
1679025600000,26056.0645
1679040000000,26910.8281
1679054400000,26389.0098
1679068800000,26828.3672
1679083200000,27383.9473
1679097600000,27307.1699
1679112000000,27344.959
1679126400000,27448.8555
1679140800000,27236.2266
1679155200000,27362.3438
1679169600000,26922.5605
1679184000000,27210.1406
1679198400000,26987.3359
1679212800000,27184.543
1679227200000,27567.8105
1679241600000,28263.4766
1679256000000,27979.1973
1679270400000,27299.4395
1679284800000,28201.5859
1679299200000,28209.0352
1679313600000,27699.0801
1679328000000,27797.2656
1679342400000,27745.4492
1679356800000,27799.4434
1679371200000,27527.2773
1679385600000,28044.2383
1679400000000,28038.8184
1679414400000,28142.3105
1679428800000,28106.9043
1679443200000,28162.2988
1679457600000,28081.3145
1679472000000,28128.7246
1679486400000,28606.791
1679500800000,26657.25
1679515200000,27252.2148
1679529600000,27360.5996
1679544000000,27660.0488
1679558400000,27604.166
1679572800000,28597.1738
1679587200000,28355.4668
1679601600000,28275.4023
1679616000000,28198.834
1679630400000,28245.3613
1679644800000,27561.9629
1679659200000,27974.5098
1679673600000,27783.166
1679688000000,27421.5449
1679702400000,27561.3789
1679716800000,27466.4492
1679731200000,27426.9141
1679745600000,27619.7734
1679760000000,27155.8535
1679774400000,27432.0293
1679788800000,27496.1523
1679803200000,27471.9785
1679817600000,27830.9258
1679832000000,27771.334
1679846400000,27786.1172
1679860800000,27929.9512
1679875200000,27843.0234
1679889600000,27759.5586
1679904000000,27842.5977
1679918400000,26861.7051
1679932800000,26924.0566
1679947200000,27072.793
1679961600000,26929.1953
1679976000000,26904.0352
1679990400000,27003.9297
1680004800000,26946.3223
1680019200000,27367.377
1680033600000,27207.127
1680048000000,27308.1973
1680062400000,28037.9473
1680076800000,28288.457
1680091200000,28376.4395
1680105600000,28356.8633
1680120000000,28276.1816
1680134400000,28418.2344
1680148800000,28663.1055
1680163200000,28583.1016
1680177600000,28243.3789
1680192000000,27934.8516
1680206400000,27976.6191
1680220800000,28118.6152
1680235200000,27692.4492
1680249600000,27884.459
1680264000000,28434.1055
1680278400000,28411.0449
1680292800000,28407.6152
1680307200000,28478.0273
1680321600000,28386.1074
1680336000000,28324.0312
1680350400000,28357.3984
1680364800000,28336.4375
1680379200000,28380.9863
1680393600000,28414.25
1680408000000,28352.6348
1680422400000,28294.4297
1680436800000,28085.3887
1680451200000,27915.1074
1680465600000,28129.0293
1680480000000,27712.5703
1680494400000,27909.4805
1680508800000,28193.1211
1680523200000,27986.4688
1680537600000,28023.6289
1680552000000,27754.9727
1680566400000,27803.2734
1680580800000,27969.7363
1680595200000,28229.6367
1680609600000,27967.3066
1680624000000,28143.1504
1680638400000,28117.7148
1680652800000,28489.1113
1680667200000,28465.6875
1680681600000,28499.5527
1680696000000,27970.8789
1680710400000,28189.4746
1680724800000,28114.9746
1680739200000,28084.1152
1680753600000,27860.5977
1680768000000,27896.2324
1680782400000,28041.7285
1680796800000,27964.9375
1680811200000,27988.8203
1680825600000,27993.2012
1680840000000,27793.5332
1680854400000,27791.0898
1680868800000,27895.2793
1680883200000,27849.9961
1680897600000,27859.6621
1680912000000,27981.0293
1680926400000,28033.3184
1680940800000,27966.5957
1680955200000,27974.7969
1680969600000,27873.8457
1680984000000,27896.4121
1680998400000,27991.0703
1681012800000,27858.0078
1681027200000,27887.2656
1681041600000,27855.4746
1681056000000,28092.1133
1681070400000,28258.9453
1681084800000,28222.0605
1681099200000,28226.9043
1681113600000,28253.9902
1681128000000,28381.4219
1681142400000,29113.0742
1681156800000,29576.459
1681171200000,30045.6934
1681185600000,30045.6934
1681200000000,29997.0742
1681214400000,30134.5605
1681228800000,30064.873
1681243200000,30143.6777
1681257600000,29878.3691
1681272000000,29943.5059
1681286400000,29961.2617
1681300800000,29905
1681315200000,29740.2324
1681329600000,29839.3691
1681344000000,30029.0957
1681358400000,30010.8145
1681372800000,30118.4629
1681387200000,30391.3906
1681401600000,30286.6152
1681416000000,30324.0137
1681430400000,30656.8047
1681444800000,30698.7832
1681459200000,30756.0566
1681473600000,30201.377
1681488000000,30273.4844
1681502400000,30402.5449
1681516800000,30332.6699
1681531200000,30401.2773
1681545600000,30363.041
1681560000000,30288.0449
1681574400000,30320.7344
1681588800000,30265.2168
1681603200000,30222.7539
1681617600000,30326.7344
1681632000000,30203.7891
1681646400000,30299.8945
1681660800000,30269.5605
1681675200000,30258.9863
1681689600000,29926.752
1681704000000,29812.7988
1681718400000,29540.4492
1681732800000,29345.5273
1681747200000,29436.9551
1681761600000,29396.75
1681776000000,29416.9004
1681790400000,29726.9902
1681804800000,30333.5605
1681819200000,30137.625
1681833600000,30175.8418
1681848000000,30328.2676
1681862400000,30158.7969
1681876800000,30032.4512
1681891200000,29277.793
1681905600000,29228.4863
1681920000000,29193.0078
1681934400000,28771.0547
1681948800000,28837.2656
1681963200000,28843.0996
1681977600000,28583.4453
1681992000000,28485.6113
1682006400000,28075.8848
1682020800000,28220.1172
1682035200000,28300.2852
1682049600000,28132.8027
1682064000000,28034.9395
1682078400000,28022.0918
1682092800000,27250.7949
1682107200000,27229.4512
1682121600000,27302.6172
1682136000000,27249.5918
1682150400000,27269.8789
1682164800000,27444.3457
1682179200000,27578.0391
1682193600000,27753.7656
1682208000000,27523.957
1682222400000,27678.541
1682236800000,27604.8066
1682251200000,27436.5859
1682265600000,27424.2871
1682280000000,27535.1992
1682294400000,27730.8711
1682308800000,27406.5664
1682323200000,27498.4453
1682337600000,27221.6914
1682352000000,27333.9727
1682366400000,27453.168
1682380800000,27302.498
1682395200000,27225.8906
1682409600000,27336.084
1682424000000,27292.4805
1682438400000,27551.5645
1682452800000,28218.2344
1682467200000,28234.9668
1682481600000,28310.7188
1682496000000,28870.082
1682510400000,29740.4883
1682524800000,27823.6328
1682539200000,28364.8594
1682553600000,28814.9805
1682568000000,28835.3066
1682582400000,28880.4023
1682596800000,29082.0508
1682611200000,29603.168
1682625600000,29411.8496
1682640000000,29362.5547
1682654400000,29416.5371
1682668800000,29184.6074
1682683200000,29099.9004
1682697600000,29272.3809
1682712000000,29260.582
1682726400000,29288.7207
1682740800000,29299.5723
1682755200000,29273.6172
1682769600000,29223.2285
1682784000000,29189.9922
1682798400000,29176.3242
1682812800000,29124.1523
1682827200000,29223.082
1682841600000,29152.5312
1682856000000,29603.9941
1682870400000,29304.6094
1682884800000,29183.8691
1682899200000,28516.8906
1682913600000,28589.8574
1682928000000,28478.5977
1682942400000,28139.4219
1682956800000,27807.9004
1682971200000,28030.8301
1682985600000,28004.6738
1683000000000,28018.832
1683014400000,28049.5449
1683028800000,28488.5312
1683043200000,28637.6406
1683057600000,28614.6074
1683072000000,28479.8594
1683086400000,28598.2832
1683100800000,28493.5293
1683115200000,28272.4531
1683129600000,28283.1816
1683144000000,28978.0957
1683158400000,29036.6621
1683172800000,28998.0801
1683187200000,29094.8887
1683201600000,28824.8477
1683216000000,28848.377
1683230400000,28779.0371
1683244800000,29134.5508
1683259200000,29001.8223
1683273600000,29092.5918
1683288000000,29319.0488
1683302400000,29519.3594
1683316800000,29456.6348
1683331200000,29325.7871
1683345600000,29329.7129
1683360000000,29241.7793
1683374400000,28568.623
1683388800000,28825.9707
1683403200000,28849.4746
1683417600000,28790.1777
1683432000000,28883.9941
1683446400000,28813.0781
1683460800000,28915.5547
1683475200000,28888.2324
1683489600000,28418.1172
1683504000000,28178.0137
1683518400000,27970.9941
1683532800000,27917.2402
1683547200000,27871.3965
1683561600000,27321.4336
1683576000000,27630.7949
1683590400000,27595.252
1683604800000,27633.6758
1683619200000,27641.4453
1683633600000,27373.7871
1683648000000,27667.9668
1683662400000,27591.6934
1683676800000,27642.2832
1683691200000,27514.002
1683705600000,27633.0234
1683720000000,28094.8906
1683734400000,27644.1895
1683748800000,27554.1309
1683763200000,27410.8867
1683777600000,27413.3262
1683792000000,27366.6172
1683806400000,27144.2188
1683820800000,26810.291
1683835200000,26941.0742
1683849600000,26554.9238
1683864000000,26277.3145
1683878400000,26323.0137
1683892800000,26291.3633
1683907200000,26419.9414
1683921600000,26747.5938
1683936000000,26763.2012
1683950400000,26736.6738
1683964800000,26774.1094
1683979200000,26778.4785
1683993600000,26804.1602
1684008000000,26729.8809
1684022400000,26823.6758
1684036800000,26807.5957
1684051200000,26767.6836
1684065600000,27024.4512
1684080000000,26835.3027
1684094400000,26863.3867
1684108800000,27174.4551
1684123200000,27332.7305
1684137600000,27274.6113
1684152000000,27334.6406
1684166400000,27361.4668
1684180800000,27110.7812
1684195200000,27081.6562
1684209600000,27192.834
1684224000000,27009.9219
1684238400000,26988.543
1684252800000,26889.4141
1684267200000,26981.1836
1684281600000,27002.4355
1684296000000,26805.8672
1684310400000,26596.5664
1684324800000,26756.6855
1684339200000,27317.9062
1684353600000,27326.7227
1684368000000,27284.9824
1684382400000,27330.8945
1684396800000,27333.334
1684411200000,27028.6836
1684425600000,26697.8379
1684440000000,26775.0508
1684454400000,26806.1152
1684468800000,26817.7441
1684483200000,26815.3105
1684497600000,26831.7129
1684512000000,26794.3516
1684526400000,26825.5781
1684540800000,26814.9453
1684555200000,26810.123
1684569600000,26825.3711
1684584000000,26893.5156
1684598400000,27006.4648
1684612800000,27047.7441
1684627200000,27117.4238
1684641600000,27006.6348
1684656000000,26777.4648
1684670400000,26858.8184
1684684800000,26860.2539
1684699200000,26707.916
1684713600000,26613.9629
1684728000000,26797.5059
1684742400000,26771.9297
1684756800000,26815.5
1684771200000,26811.6582
1684785600000,26799.207
1684800000000,27312.7441
1684814400000,27231.3027
1684828800000,27284.3848
1684843200000,27254.7559
1684857600000,27132.1914
1684872000000,27158.3184
1684886400000,26736.3281
1684900800000,26640.2969
1684915200000,26697.1016
1684929600000,26273.9551
1684944000000,26214.5137
1684958400000,26284.2539
1684972800000,26139.5312
1684987200000,26094.8574
1685001600000,26254.8574
1685016000000,26175.5957
1685030400000,26414.959
1685044800000,26418.8301
1685059200000,26392.0742
1685073600000,26451.3672
1685088000000,26411.125
1685102400000,26694.9688
1685116800000,26705.6484
1685131200000,26651.6465
1685145600000,26699.0508
1685160000000,26659.6309
1685174400000,26647.6289
1685188800000,26633.2598
1685203200000,26672.5762
1685217600000,26792.2988
1685232000000,27110.8418
1685246400000,27143.0645
1685260800000,27085.5957
1685275200000,27203.0312
1685289600000,27460.084
1685304000000,27995.2852
1685318400000,27885.0469
1685332800000,27834.6855
1685347200000,27834.6855
1685361600000,27567.0918
1685376000000,27576.3926
1685390400000,27676.2246
1685404800000,27774.1973
1685419200000,27669.9961
1685433600000,27967.0332
1685448000000,27627.0918
1685462400000,27797.5996
1685476800000,27646.5547
1685491200000,27604.7578
1685505600000,27125.7246
1685520000000,27059.041
1685534400000,26865.1895
1685548800000,26957.0957
1685563200000,27163.6504
1685577600000,26722.3516
1685592000000,26759.3887
1685606400000,26849.9902
1685620800000,26844.5977
1685635200000,26809.3281
1685649600000,26768.2129
1685664000000,26952.5566
1685678400000,26996.7676
1685692800000,27076.9199
1685707200000,27058.4609
1685721600000,27188.5605
1685736000000,27186.625
1685750400000,27093.2988
1685764800000,27124.2441
1685779200000,27083.7051
1685793600000,27234.9512
1685808000000,27040.3047
1685822400000,27019.9668
1685836800000,27016.1016
1685851200000,27092.0723
1685865600000,27140.6816
1685880000000,27132.0547
1685894400000,27157.4707
1685908800000,27064.7188
1685923200000,26798.791
1685937600000,26781.3242
1685952000000,26736.2324
1685966400000,25964.998
1685980800000,25604.1738
1685995200000,25697.9238
1686009600000,25702.7266
1686024000000,25695.8125
1686038400000,25665.207
1686052800000,26029.8457
1686067200000,27019.9727
1686081600000,27168.2812
1686096000000,26856.9258
1686110400000,26748.0645
1686124800000,26843.373
1686139200000,26301.5547
1686153600000,26431.5977
1686168000000,26287.9375
1686182400000,26290.877
1686196800000,26398.5664
1686211200000,26384.832
1686225600000,26664.4121
1686240000000,26483.6836
1686254400000,26444.9785
1686268800000,26420.9941
1686283200000,26442.4531
1686297600000,26556.0762
1686312000000,26423.8809
1686326400000,26355.5391
1686340800000,26422.125
1686355200000,26278.2598
1686369600000,25611.8496
1686384000000,25690.5469
1686398400000,25604.3555
1686412800000,25710.1133
1686427200000,25800.8867
1686441600000,25693.3926
1686456000000,25704.0449
1686470400000,25762.5664
1686484800000,25719.0312
1686499200000,25982.9844
1686513600000,25885.918
1686528000000,25745.248
1686542400000,25757.3418
1686556800000,25927.791
1686571200000,25782.5586
1686585600000,25775.2461
1686600000000,25849.666
1686614400000,26004.1777
1686628800000,26007.5723
1686643200000,26120.5273
1686657600000,25708.0547
1686672000000,25851.6484
1686686400000,25877.8613
1686700800000,25921.5059
1686715200000,25850.627
1686729600000,25914.9609
1686744000000,25925.5938
1686758400000,25807.5098
1686772800000,25086.4785
1686787200000,25025.8691
1686801600000,24902.6465
1686816000000,24941.1504
1686830400000,24903.2539
1686844800000,25400.1914
1686859200000,25535.2246
1686873600000,25505.9219
1686888000000,25460.541
1686902400000,25405.918
1686916800000,25781.5273
1686931200000,26308.457
1686945600000,26279.7598
1686960000000,26189.3398
1686974400000,26523.5059
1686988800000,26436.502
1687003200000,26348.5137
1687017600000,26408.4473
1687032000000,26455.5879
1687046400000,26469.3262
1687060800000,26519.334
1687075200000,26436.3887
1687089600000,26480.8828
1687104000000,26569.8848
1687118400000,26276.3027
1687132800000,26337.2246
1687147200000,26369.375
1687161600000,26373.2656
1687176000000,26368.457
1687190400000,26596.6543
1687204800000,26763.8574
1687219200000,26814.2852
1687233600000,26762.6543
1687248000000,26816.373
1687262400000,26994.9824
1687276800000,27894.125
1687291200000,28229.209
1687305600000,28623.4434
1687320000000,28775.6816
1687334400000,28838.3711
1687348800000,29755.4316
1687363200000,30022.2168
1687377600000,29912.4414
1687392000000,30200.4316
1687406400000,30015.2109
1687420800000,29851.1914
1687435200000,29777.2012
1687449600000,30141.1348
1687464000000,29812.3906
1687478400000,29925.3828
1687492800000,29860.9922
1687507200000,30070.9766
1687521600000,31156.0156
1687536000000,30806.8125
1687550400000,30619.9453
1687564800000,30655.1523
1687579200000,30512.0781
1687593600000,30625.9688
1687608000000,30345.6992
1687622400000,30560.3203
1687636800000,30478.0117
1687651200000,30681.1738
1687665600000,30661.6133
1687680000000,30654.7773
1687694400000,30530.334
1687708800000,30376.4824
1687723200000,30415.8262
1687737600000,30236.1211
1687752000000,30345.0898
1687766400000,30259.1973
1687780800000,30357.2383
1687795200000,30187.9902
1687809600000,30206.0859
1687824000000,30300.9219
1687838400000,30344.4238
1687852800000,30661.4219
1687867200000,30430.4785
1687881600000,30578.5352
1687896000000,30636.9004
1687910400000,30404.3164
1687924800000,30143.916
1687939200000,30260.6895
1687953600000,30356.9961
1687968000000,30047.9434
1687982400000,30020.5098
1687996800000,30102.8691
1688011200000,30282.4453
1688025600000,30618.9688
1688040000000,30427.7266
1688054400000,30524.7695
1688068800000,30403.293
1688083200000,30686.1543
1688097600000,30701.3691
1688112000000,30841.7324
1688126400000,30007.0215
1688140800000,30312.2344
1688155200000,30409.5137
1688169600000,30338.3418
1688184000000,30398.6719
1688198400000,30466.8184
1688212800000,30512.8809
1688227200000,30560.3789
1688241600000,30536.9883
1688256000000,30462.9648
1688270400000,30452.748
1688284800000,30480.4805
1688299200000,30441.2031
1688313600000,30490.6836
1688328000000,30564.916
1688342400000,30698.5879
1688356800000,30614.2773
1688371200000,30574.7578
1688385600000,31006.7578
1688400000000,31201.6289
1688414400000,31102.3477
1688428800000,31127.3418
1688443200000,30848.0215
1688457600000,31008.3164
1688472000000,30924.4883
1688486400000,30650.707
1688500800000,30718.9004
1688515200000,30823.1875
1688529600000,30728.4141
1688544000000,30363.2344
1688558400000,30313.7676
1688572800000,30388.4531
1688587200000,30460.2441
1688601600000,30450.498
1688616000000,30744.4902
1688630400000,30780.0742
1688644800000,30358.5098
1688659200000,30253.2285
1688673600000,29848.4102
1688688000000,30090.2168
1688702400000,29964.3926
1688716800000,30062.7305
1688731200000,30336.4902
1688745600000,30177.1992
1688760000000,30282.6797
1688774400000,30227.3652
1688788800000,30147.5938
1688803200000,30153.4297
1688817600000,30165.5645
1688832000000,30060.166
1688846400000,30224.5254
1688860800000,30234.7148
1688875200000,30209.457
1688889600000,30212.3555
1688904000000,30286.6855
1688918400000,30189.9727
1688932800000,30117.8105
1688947200000,30112.4863
1688961600000,30062.2012
1688976000000,30187.6855
1688990400000,30251.5957
1689004800000,30769.2246
1689019200000,30364.4238
1689033600000,30423.459
1689048000000,30469.7891
1689062400000,30353.7852
1689076800000,30541.418
1689091200000,30529.3066
1689105600000,30566.8105
1689120000000,30533.0312
1689134400000,30679.9844
1689148800000,30716.5234
1689163200000,30464.1699
1689177600000,30228.4062
1689192000000,30332.6406
1689206400000,30252.8516
1689220800000,30310.9414
1689235200000,30490.9512
1689249600000,30854.7832
1689264000000,31554.7578
1689278400000,31406.0879
1689292800000,31399.7734
1689307200000,31047.3164
1689321600000,31167.2832
1689336000000,31196.2852
1689350400000,30074.1094
1689364800000,30270.9512
1689379200000,30247.291
1689393600000,30291.4121
1689408000000,30264.8477
1689422400000,30256.4941
1689436800000,30283.832
1689451200000,30239.7109
1689465600000,30145.6035
1689480000000,30220.957
1689494400000,30258.8594
1689508800000,30329.2852
1689523200000,30213.6758
1689537600000,30188.3066
1689552000000,30263.2949
1689566400000,30235.0957
1689580800000,30116.3965
1689595200000,30138.5371
1689609600000,29849.2344
1689624000000,30092.541
1689638400000,30022.7734
1689652800000,29909.0059
1689667200000,29834.7227
1689681600000,29861.668
1689696000000,29666.1484
1689710400000,29819.7285
1689724800000,30012.2754
1689739200000,29941.1875
1689753600000,29961.0117
1689768000000,29895.4043
1689782400000,29984.1602
1689796800000,29850.1406
1689811200000,29899.7539
1689825600000,30141.6172
1689840000000,30220.3145
1689854400000,29751.9648
1689868800000,29705.9922
1689883200000,29753.9023
1689897600000,29832.2969
1689912000000,29719.2539
1689926400000,29732.7656
1689940800000,29816.2246
1689955200000,29819.1191
1689969600000,29840.7676
1689984000000,29849.8887
1689998400000,29881.5195
1690012800000,29832.5215
1690027200000,29847.3086
1690041600000,29784.5078
1690056000000,29736.9883
1690070400000,29787.6582
1690084800000,29855.0625
1690099200000,29829.8242
1690113600000,29839.2812
1690128000000,30023.1094
1690142400000,30009.8926
1690156800000,29656.6992
1690171200000,29765.666
1690185600000,29225.2871
1690200000000,29069.043
1690214400000,29086.2988
1690228800000,29139.9141
1690243200000,29074.748
1690257600000,29101.4668
1690272000000,29084.3594
1690286400000,29140.4375
1690300800000,29150.4062
1690315200000,29181.668
1690329600000,29193.0117
1690344000000,29167.8984
1690358400000,29123.959
1690372800000,29266.3672
1690387200000,29344.7988
1690401600000,29289.75
1690416000000,29343.9023
1690430400000,29351.9727
1690444800000,29441.8262
1690459200000,29227.3008
1690473600000,29097.4648
1690488000000,29166.8164
1690502400000,29192.4805
1690516800000,29079.2324
1690531200000,29148.0312
1690545600000,29320.0391
1690560000000,29256.2305
1690574400000,29262.4434
1690588800000,29308.2773
1690603200000,29236.6348
1690617600000,29215.125
1690632000000,29240.7129
1690646400000,29275.2852
1690660800000,29293.2656
1690675200000,29251.707
1690689600000,29235.1836
1690704000000,29246.4082
1690718400000,29286.623
1690732800000,29146.5898
1690747200000,29217.752
1690761600000,29345.9238
1690776000000,29314.8418
1690790400000,29338.0469
1690804800000,29185.3164
1690819200000,29108.4414
1690833600000,29167.7402
1690848000000,28786.2988
1690862400000,28887.8105
1690876800000,28813.9629
1690891200000,28913.8105
1690905600000,29218.5449
1690920000000,29641.0176
1690934400000,29569.6152
1690948800000,29515.5781
1690963200000,29501.6035
1690977600000,29273.4941
1690992000000,29104.3867
1691006400000,29133.9102
1691020800000,29117.8926
1691035200000,28977.9824
1691049600000,29086.457
1691064000000,29197.1406
1691078400000,29228.0938
1691092800000,29138.2129
1691107200000,29111.1426
1691121600000,29157.7793
1691136000000,29113.4648
1691150400000,29203.7207
1691164800000,28966.6406
1691179200000,29042.9902
1691193600000,29010.1074
1691208000000,28976.7676
1691222400000,28980.584
1691236800000,28974.8105
1691251200000,28999.457
1691265600000,29008.4434
1691280000000,28995.0977
1691294400000,29027.0625
1691308800000,29008.5898
1691323200000,28948.832
1691337600000,29022.7461
1691352000000,29017.084
1691366400000,29078.4727
1691380800000,29011.7031
1691395200000,28998.041
1691409600000,28802.8887
1691424000000,29090.1211
1691438400000,29137.1016
1691452800000,29124.2773
1691467200000,29114.8047
1691481600000,29351.1484
1691496000000,29450.5
1691510400000,29789.9668
1691524800000,29691.6816
1691539200000,29633.627
1691553600000,29742.4766
1691568000000,29815.7988
1691582400000,29683.0684
1691596800000,29345.2109
1691611200000,29516.6973
1691625600000,29518.1543
1691640000000,29443.3574
1691654400000,29438.0527
1691668800000,29394.2344
1691683200000,29372.5859
1691697600000,29390.834
1691712000000,29339.543
1691726400000,29341.9297
1691740800000,29377.1953
1691755200000,29320.9492
1691769600000,29322.8438
1691784000000,29360.6875
1691798400000,29333.7148
1691812800000,29353.959
1691827200000,29365.2324
1691841600000,29376.9434
1691856000000,29352.6973
1691870400000,29365.707
1691884800000,29351.8145
1691899200000,29342.582
1691913600000,29313.0469
1691928000000,29302.8984
1691942400000,29366.7188
1691956800000,29242.8477
1691971200000,29317.4707
1691985600000,29344.3691
1692000000000,29332.793
1692014400000,29519.125
1692028800000,29282.7441
1692043200000,29363.3223
1692057600000,29323.4492
1692072000000,29327.2285
1692086400000,29284.6348
1692100800000,29253.8477
1692115200000,29123.2637
1692129600000,29136.7695
1692144000000,29164.1973
1692158400000,29145.1992
1692172800000,29105.2988
1692187200000,29050.5234
1692201600000,29058.7559
1692216000000,28683.1484
1692230400000,28616.127
1692244800000,28578.4336
1692259200000,28500.0391
1692273600000,27883.6367
1692288000000,27844.4453
1692302400000,26629.2969
1692316800000,26374.8809
1692331200000,26388.3574
1692345600000,26468.1465
1692360000000,25972.3379
1692374400000,26030.7012
1692388800000,26020.2441
1692403200000,25933.1074
1692417600000,25889.293
1692432000000,25874.3594
1692446400000,26175.1875
1692460800000,26079.6504
1692475200000,26063.8145
1692489600000,26060.8477
1692504000000,26051.9512
1692518400000,26135.9238
1692532800000,26073.3555
1692547200000,26100.0039
1692561600000,26154.6816
1692576000000,26054.0566
1692590400000,25977.9062
1692604800000,25988.7832
1692619200000,25901.4043
1692633600000,26051.041
1692648000000,26075.2715
1692662400000,26007.9863
1692676800000,26048.6934
1692691200000,26006.3828
1692705600000,25885.5625
1692720000000,25736.4277
1692734400000,25987.918
1692748800000,25943.166
1692763200000,25999.541
1692777600000,25868.3535
1692792000000,26083.707
1692806400000,26550.6719
1692820800000,26364.9141
1692835200000,26371.252
1692849600000,26401.4277
1692864000000,26371.4551
1692878400000,25935.5723
1692892800000,25967.5391
1692907200000,26107.6211
1692921600000,26042.8398
1692936000000,25908.2598
1692950400000,26034.5879
1692964800000,25866.334
1692979200000,25903.082
1692993600000,25985.7598
1693008000000,26015.7305
1693022400000,25982.2695
1693036800000,25977.4277
1693051200000,25985.1055
1693065600000,25975.9492
1693080000000,25954.3066
1693094400000,25954.7812
1693108800000,25972.3086
1693123200000,25995.0059
1693137600000,26045.1445
1693152000000,26053.1816
1693166400000,26026.3066
1693180800000,25941.1211
1693195200000,25868.7422
1693209600000,25925.7637
1693224000000,26023.2168
1693238400000,25924.498
1693252800000,26043.3926
1693267200000,26003.0586
1693281600000,25931.7109
1693296000000,25908.8457
1693310400000,27332.0977
1693324800000,27729.8301
1693339200000,27628.7539
1693353600000,27308.5273
1693368000000,27358.9004
1693382400000,27265.1562
1693396800000,27131
1693411200000,27098.918
1693425600000,27225.7246
1693440000000,27139.8594
1693454400000,27179.1094
1693468800000,27232.5605
1693483200000,26854.7656
1693497600000,26098.5605
1693512000000,25878.541
1693526400000,26019.6602
1693540800000,25935.8828
1693555200000,25982.6855
1693569600000,25752.6582
1693584000000,25589.9062
1693598400000,25744.1895
1693612800000,25745.1621
1693627200000,25737.7891
1693641600000,25753.2949
1693656000000,25841.4336
1693670400000,25781.2188
1693684800000,25809.2363
1693699200000,25804.3555
1693713600000,25888.1738
1693728000000,25876.5059
1693742400000,25824.0488
1693756800000,25948.4883
1693771200000,25905.4023
1693785600000,25925.0703
1693800000000,25894.6719
1693814400000,25826.6191
1693828800000,25756.5332
1693843200000,25826.4512
1693857600000,25760.8477
1693872000000,25623.8594
1693886400000,25667.4707
1693900800000,25711.0918
1693915200000,25693.2656
1693929600000,25625.7988
1693944000000,25719.8223
1693958400000,25712.1484
1693972800000,25659.418
1693987200000,25670.2188
1694001600000,25529.9473
1694016000000,25618.2891
1694030400000,25692.4883
1694044800000,25763.6738
1694059200000,25699.3086
1694073600000,25637.1641
1694088000000,25712.873
1694102400000,25800.8594
1694116800000,26172.0352
1694131200000,26169.6621
1694145600000,26176.9453
1694160000000,25763.252
1694174400000,25782.5273
1694188800000,25824.8887
1694203200000,25841.2363
1694217600000,25806.6777
1694232000000,25815.2852
1694246400000,25797.1289
1694260800000,25824.2383
1694275200000,25811.4121
1694289600000,25831.2832
1694304000000,25793.4688
1694318400000,25784.0254
1694332800000,25736.3379
1694347200000,25712.2305
1694361600000,25739.1426
1694376000000,25773.9785
1694390400000,25672.2871
1694404800000,25749.5703
1694419200000,25544.7598
1694433600000,25062.7012
1694448000000,24973.7578
1694462400000,25112.498
1694476800000,25727.7559
1694491200000,25746.2754
1694505600000,26018.7969
1694520000000,26129.9922
1694534400000,25985.6309
1694548800000,25778.0703
1694563200000,25817.5645
1694577600000,25808.3379
1694592000000,26119.2715
1694606400000,26163.3242
1694620800000,26070.4316
1694635200000,26155.4121
1694649600000,26200.3457
1694664000000,26269.6914
1694678400000,26369.3906
1694692800000,26616.4434
1694707200000,26600.623
1694721600000,26453.2578
1694736000000,26539.3145
1694750400000,26501.8848
1694764800000,26362.4746
1694779200000,26257.3242
1694793600000,26329.6504
1694808000000,26530.2363
1694822400000,26558.5293
1694836800000,26432.0996
1694851200000,26465.627
1694865600000,26447.8711
1694880000000,26475.959
1694894400000,26497.7266
1694908800000,26464.3984
1694923200000,26433.4766
1694937600000,26505.6172
1694952000000,26481.459
1694966400000,26448.8086
1694980800000,26466.9629
1694995200000,26588.707
1695009600000,26642.627
1695024000000,27109.498
1695038400000,27183.2031
1695052800000,26753.2441
1695067200000,26697.6836
1695081600000,26755.0723
1695096000000,26782.293
1695110400000,27164.2422
1695124800000,27342.5293
1695139200000,27118.2598
1695153600000,27131.4805
1695168000000,27053.2754
1695182400000,27037.8379
1695196800000,27030.1367
1695211200000,27112.8457
1695225600000,26865.543
1695240000000,27049.8164
1695254400000,26972.4609
1695268800000,26929.9141
1695283200000,26667.3613
1695297600000,26523.0117
1695312000000,26539.4219
1695326400000,26516.5312
1695340800000,26569.4238
1695355200000,26608.8379
1695369600000,26591.4199
1695384000000,26580.3105
1695398400000,26487.5352
1695412800000,26524.6719
1695427200000,26478.8418
1695441600000,26526.7793
1695456000000,26524.8574
1695470400000,26526.2734
1695484800000,26565.8438
1695499200000,26528.2402
1695513600000,26520.1582
1695528000000,26514.9434
1695542400000,26547.9453
1695556800000,26526.7695
1695571200000,26407.8457
1695585600000,26208.7129
1695600000000,26116.9863
1695614400000,26151.2285
1695628800000,26033.2383
1695643200000,26194.4766
1695657600000,26278.1152
1695672000000,26246.4004
1695686400000,26301.6797
1695700800000,26216.8047
1695715200000,26223.8652
1695729600000,26078.0762
1695744000000,26190.7637
1695758400000,26165.7832
1695772800000,26218.1953
1695787200000,26182.8047
1695801600000,26678.082
1695816000000,26228.6582
1695830400000,26198.9863
1695844800000,26295.8105
1695859200000,26303.5547
1695873600000,26374.6504
1695888000000,26398.8262
1695902400000,26932.2246
1695916800000,27026.4883
1695931200000,26949.4941
1695945600000,26889.3242
1695960000000,27106.8223
1695974400000,26900.7812
1695988800000,26819.9492
1696003200000,26859.959
1696017600000,26845.9629
1696032000000,26849.3672
1696046400000,26864.416
1696060800000,26874.5918
1696075200000,26928.8262
1696089600000,26954.9688
1696104000000,26901.7734
1696118400000,26975.627
1696132800000,27036.5469
1696147200000,27117.4336
1696161600000,27081.1523
1696176000000,27034.0156
1696190400000,27910.123
1696204800000,28038.6875
1696219200000,28226.7871
1696233600000,28120.4961
1696248000000,27957.1855
1696262400000,27890.2773
1696276800000,27431.2207
1696291200000,27534.4863
1696305600000,27476.0977
1696320000000,27498.5625
1696334400000,27279.1172
1696348800000,27217.1992
1696363200000,27360.2676
1696377600000,27360.2676
1696392000000,27388.9336
1696406400000,27517.291
1696420800000,27344.3418
1696435200000,27554.6133
1696449600000,27709.4395
1696464000000,27589.8301
1696478400000,27539.916
1696492800000,27662.2207
1696507200000,27497.5
1696521600000,27415.9297
1696536000000,27358.623
1696550400000,27503.6797
1696564800000,27577.0664
1696579200000,27694.8301
1696593600000,27876.8652
1696608000000,27891.5234
1696622400000,27878.0859
1696636800000,27845.9922
1696651200000,27831.1699
1696665600000,27883.5508
1696680000000,27878.7969
1696694400000,27808.4668
1696708800000,27893.9219
1696723200000,27997.0723
1696737600000,27861.5469
1696752000000,27755.8027
1696766400000,27845.9219
1696780800000,27846.8867
1696795200000,27864.1973
1696809600000,27861.3535
1696824000000,27767.8789
1696838400000,27431.4062
1696852800000,27411.5098
1696867200000,27570.4023
1696881600000,27546.2715
1696896000000,27585.9121
1696910400000,27599.7441
1696924800000,27463.6328
1696939200000,27359.2109
1696953600000,27352.9219
1696968000000,27342.7832
1696982400000,26968.0195
1696996800000,26980.2969
1697011200000,27144.7891
1697025600000,26739.6914
1697040000000,26724.4609
1697054400000,26829.4688
1697068800000,26806.9648
1697083200000,26764.4316
1697097600000,26793.3965
1697112000000,26628.2227
1697126400000,26669.4785
1697140800000,26718.3145
1697155200000,26735.3652
1697169600000,26817.3516
1697184000000,26772.3574
1697198400000,26657.9336
1697212800000,26731.7559
1697227200000,26813.4355
1697241600000,26879.1602
1697256000000,26823.4102
1697270400000,26820.5293
1697284800000,26883.0996
1697299200000,26812.3008
1697313600000,26799.3789
1697328000000,26825.2734
1697342400000,26824.7988
1697356800000,26803.9375
1697371200000,26841.7227
1697385600000,26990.2129
1697400000000,27099.0449
1697414400000,27170.0879
1697428800000,27759.5781
1697443200000,27683.2734
1697457600000,27986.502
1697472000000,28389.0859
1697486400000,28423.2715
1697500800000,28203.4668
1697515200000,28348.9922
1697529600000,28347.5527
1697544000000,28393.4023
1697558400000,28444.168
1697572800000,28332.5312
1697587200000,28446.5527
1697601600000,28423.1934
1697616000000,28286.1465
1697630400000,28186.4336
1697644800000,28173.0098
1697659200000,28248.9375
1697673600000,28190.6367
1697688000000,28258.6445
1697702400000,28370.084
1697716800000,28598.3418
1697731200000,28675.8066
1697745600000,28642.0898
1697760000000,29157.252
1697774400000,29160.2168
1697788800000,29764.8691
1697803200000,29477.5781
1697817600000,29484
1697832000000,29592.1738
1697846400000,29531.9648
1697860800000,29619.2695
1697875200000,29720.4199
1697889600000,29848.7891
1697904000000,30061.3672
1697918400000,29838.1211
1697932800000,29844.0312
1697947200000,29751.0957
1697961600000,29848.873
1697976000000,29765.6309
1697990400000,29777.3926
1698004800000,29921.5312
1698019200000,30662.6895
1698033600000,30438.2109
1698048000000,30578.0176
1698062400000,30806.9746
1698076800000,31282.2266
1698091200000,33018.5391
1698105600000,33980.2031
1698120000000,33939.9961
1698134400000,34473.8398
1698148800000,33605.6914
1698163200000,33731.0977
1698177600000,33854.4961
1698192000000,33946.0391
1698206400000,33793.2422
1698220800000,34144.2578
1698235200000,34793.1133
1698249600000,34692.4023
1698264000000,34448.7031
1698278400000,34751.4258
1698292800000,34601.1055
1698307200000,34069.2656
1698321600000,34004.2539
1698336000000,33999.8242
1698350400000,34121.6406
1698364800000,34074.9883
1698379200000,33913.4688
1698393600000,34013.2812
1698408000000,33962.7852
1698422400000,33661.5195
1698436800000,33865.6289
1698451200000,34037.8086
1698465600000,34017.7266
1698480000000,34145.9102
1698494400000,34158.2344
1698508800000,34088.4531
1698523200000,34056.7578
1698537600000,33949.0391
1698552000000,34055.9727
1698566400000,34224.3828
1698580800000,34424.5508
1698595200000,34542.2227
1698609600000,34491.8164
1698624000000,34247.0234
1698638400000,34184.2383
1698652800000,34580.9609
1698667200000,34618.8516
1698681600000,34413.6328
1698696000000,34457.7891
1698710400000,34173.1406
1698724800000,34125.2773
1698739200000,34473.5664
1698753600000,34255.2891
1698768000000,34519.832
1698782400000,34629.9375
1698796800000,34406.2852
1698811200000,34421.9766
1698825600000,34391.2422
1698840000000,34273.6797
1698854400000,34540.8945
1698868800000,35394.457
1698883200000,35557.2422
1698897600000,35279.3594
1698912000000,35361.3359
1698926400000,34606.7812
1698940800000,34969.2344
1698955200000,34921.5352
1698969600000,34663.2734
1698984000000,34447.5625
1698998400000,34240.0469
1699012800000,34733.8281
1699027200000,34500.7656
1699041600000,34685.043
1699056000000,34674.2148
1699070400000,34745.582
1699084800000,34687.1367
1699099200000,34683.2148
1699113600000,34712.6484
1699128000000,35033.375
1699142400000,35255.8984
1699156800000,35137.6562
1699171200000,35064.3633
1699185600000,34877.082
1699200000000,34984.4961
1699214400000,34996.7539
1699228800000,34971.4023
1699243200000,34896.375
1699257600000,35232.2461
1699272000000,35049.5234
1699286400000,35032.9492
1699300800000,35025.6484
1699315200000,34893.7617
1699329600000,34919.082
1699344000000,34616.1953
1699358400000,34711.4531
1699372800000,35429.8164
1699387200000,35366.8984
1699401600000,35246.418
1699416000000,35201.5469
1699430400000,35304.4688
1699444800000,35187.1055
1699459200000,35591.9688
1699473600000,35578.8359
1699488000000,36396.1289
1699502400000,36514.9766
1699516800000,36783.5352
1699531200000,37068.2461
1699545600000,36365.2344
1699560000000,36673.4492
1699574400000,36717.9883
1699588800000,36430.1523
1699603200000,37046.1562
1699617600000,37037.8164
1699632000000,37221.0391
1699646400000,37271.0547
1699660800000,37022.3711
1699675200000,36991.5195
1699689600000,36968.043
1699704000000,37033.1445
1699718400000,37129.7891
1699732800000,37110.3125
1699747200000,36972.0352
1699761600000,37103.832
1699776000000,37029.8945
1699790400000,37137.4805
1699804800000,37081.6523
1699819200000,37049.1562
1699833600000,36913.2891
1699848000000,36955.7891
1699862400000,36804.3398
1699876800000,36841.3516
1699891200000,36832.6328
1699905600000,36449.0898
1699920000000,36445.1836
1699934400000,36679.582
1699948800000,36268.8398
1699963200000,36148.5703
1699977600000,35297.8086
1699992000000,35529.3867
1700006400000,35375.6445
1700020800000,35567.418
1700035200000,36222.5234
1700049600000,36383.4414
1700064000000,37466.4414
1700078400000,37830.2969
1700092800000,37428.1719
1700107200000,37405.0273
1700121600000,37223.375
1700136000000,36388.2422
1700150400000,35907.1289
1700164800000,36141.1055
1700179200000,36451.793
1700193600000,36206.4961
1700208000000,36362.0195
1700222400000,36023.8008
1700236800000,36294.25
1700251200000,36578.2422
1700265600000,36349.0664
1700280000000,36386.5703
1700294400000,36377.6914
1700308800000,36627.1562
1700323200000,36642.4414
1700337600000,36547.4922
1700352000000,36500.2852
1700366400000,36582.8672
1700380800000,36433.0898
1700395200000,36539.6055
1700409600000,36913.8242
1700424000000,37316.3125
1700438400000,37088.4023
1700452800000,37211.6992
1700467200000,37120.5859
1700481600000,37436.6719
1700496000000,37531.4414
1700510400000,37415.1016
1700524800000,37429.8789
1700539200000,37244.7383
1700553600000,37122.4766
1700568000000,36944.7656
1700582400000,36935.4648
1700596800000,35691.4961
1700611200000,36351.3594
1700625600000,36414.3867
1700640000000,36434.5586
1700654400000,36437.0156
1700668800000,37239.2344
1700683200000,37370.668
1700697600000,37262.9844
1700712000000,37327.1367
1700726400000,37322.7188
1700740800000,36900.1797
1700755200000,37234.1836
1700769600000,37242.0703
1700784000000,37268.168
1700798400000,37474.0195
1700812800000,37703.7812
1700827200000,38182.5898
1700841600000,37736.8945
1700856000000,37703.0117
1700870400000,37773.0508
1700884800000,37777.9805
1700899200000,37631.5977
1700913600000,37678.3164
1700928000000,37794.3516
1700942400000,37758.7227
1700956800000,37722.1602
1700971200000,37762.8438
1700985600000,37651.8984
1701000000000,37411.4023
1701014400000,37354.7188
1701028800000,37410.7383
1701043200000,37283.375
1701057600000,37250.6719
1701072000000,36994.4219
1701086400000,36719.4453
1701100800000,36844.0039
1701115200000,37208.2227
1701129600000,37088.2422
1701144000000,37060.8203
1701158400000,37208.4766
1701172800000,37466.0508
1701187200000,38068.8516
1701201600000,37760
1701216000000,37889.9844
1701230400000,38046.1484
1701244800000,38049.5977
1701259200000,37777.6055
1701273600000,37818.8555
1701288000000,37799.8242
1701302400000,37993.6328
1701316800000,37741.8555
1701331200000,37836.457
1701345600000,37564.6016
1701360000000,37709.0391
1701374400000,37675.8008
1701388800000,37989.9766
1701403200000,38191.9883
1701417600000,38552.1875
1701432000000,38373.7148
1701446400000,38723.9453
1701460800000,38641.9961
1701475200000,38742.6211
1701489600000,38660.8086
1701504000000,38697.2461
1701518400000,38766.1523
1701532800000,39391.1836
1701547200000,39408.0078
1701561600000,39341.0703
1701576000000,39436.4141
1701590400000,39438.8828
1701604800000,39723.5156
1701619200000,39530.8828
1701633600000,39952.457
1701648000000,40670.1406
1701662400000,41404.1992
1701676800000,41544.5781
1701691200000,41218.3789
1701705600000,41945.8047
1701720000000,41923.293
1701734400000,41778.0195
1701748800000,41490.5977
1701763200000,41687.5547
1701777600000,42195.5234
1701792000000,43747.4727
1701806400000,44017.5977
1701820800000,43689.1562
1701835200000,43618.8359
1701849600000,43787.5156
1701864000000,43729.0898
1701878400000,43930.0117
1701892800000,43706.3203
1701907200000,43874.2344
1701921600000,43838.4648
1701936000000,43144.9531
1701950400000,43631.2266
1701964800000,43186.8125
1701979200000,43258.6289
1701993600000,43346.2695
1702008000000,43137.5195
1702022400000,43647.3945
1702036800000,43720.2148
1702051200000,43915.8828
1702065600000,44130.4453
1702080000000,44110.332
1702094400000,44164.3047
1702108800000,43799.4648
1702123200000,44031.8125
1702137600000,43916.0273
1702152000000,43696.5938
1702166400000,43820.4219
1702180800000,43944.7578
1702195200000,43734.8867
1702209600000,43893.082
1702224000000,43774.4688
1702238400000,43785.293
1702252800000,42319.418
1702267200000,42115.2656
1702281600000,42337.4375
1702296000000,41789.4023
1702310400000,40739.8711
1702324800000,41212.3359
1702339200000,41722.668
1702353600000,41882.2148
1702368000000,41561.8945
1702382400000,41342.6562
1702396800000,41108.4922
1702411200000,41459.6211
1702425600000,40817.7227
1702440000000,41066.8945
1702454400000,40970.6836
1702468800000,41896.5898
1702483200000,42693.8359
1702497600000,42837.1602
1702512000000,42694.2383
1702526400000,42874.1211
1702540800000,43234.9961
1702555200000,42425.9453
1702569600000,43075.3672
1702584000000,42993.7305
1702598400000,42768.1484
1702612800000,42693.9531
1702627200000,42752.8477
1702641600000,41873.3945
1702656000000,42074.1484
1702670400000,41924.5938
1702684800000,42310.6914
1702699200000,42185.5273
1702713600000,42286.332
1702728000000,42560.125
1702742400000,42313.1484
1702756800000,42230.1602
1702771200000,41875.8164
1702785600000,41851.5938
1702800000000,41911.1719
1702814400000,41754.6602
1702828800000,42046.4727
1702843200000,41314.0664
1702857600000,41030.293
1702872000000,41084.875
1702886400000,41068.0508
1702900800000,41221.7266
1702915200000,41672.2812
1702929600000,42623.2422
1702944000000,43049.3164
1702958400000,42998.5742
1702972800000,42945.9062
1702987200000,42452.6641
1703001600000,42300.7031
1703016000000,42240.5273
1703030400000,42391.0156
1703044800000,42881.5977
1703059200000,42830.4219
1703073600000,44001.2305
1703088000000,43702.7539
1703102400000,43636.2539
1703116800000,43626.4102
1703131200000,43736.8438
1703145600000,43915.1328
1703160000000,43786.0195
1703174400000,43571.3828
1703188800000,43843.8008
1703203200000,43992.6953
1703217600000,43586.9414
1703232000000,43739.082
1703246400000,43638.3555
1703260800000,43642.7969
1703275200000,43984.2891
1703289600000,43533.8516
1703304000000,43551.1016
1703318400000,43539.8047
1703332800000,43741.1914
1703347200000,43685.3164
1703361600000,43681.3984
1703376000000,43823.4609
1703390400000,43638.1367
1703404800000,43635.6914
1703419200000,43678.3242
1703433600000,43623.7109
1703448000000,42997.3789
1703462400000,43145.9688
1703476800000,43204.1484
1703491200000,43168.3438
1703505600000,43620.7617
1703520000000,43450.3203
1703534400000,43567.0469
1703548800000,43442.2227
1703563200000,42761.1875
1703577600000,42669.9219
1703592000000,42388.0117
1703606400000,42104.6914
1703620800000,42512.3516
1703635200000,42229.7734
1703649600000,42461.2305
1703664000000,43023.9414
1703678400000,42968.7578
1703692800000,43141.1211
1703707200000,43413.7188
1703721600000,43417.6641
1703736000000,43042.5703
1703750400000,43079.957
1703764800000,42450.4844
1703779200000,42611.6797
1703793600000,42577.6484
1703808000000,42702.3516
1703822400000,42300.457
1703836800000,42886.7383
1703851200000,42284.2812
1703865600000,42110.1797
1703880000000,42050.8359
1703894400000,41975.6953
1703908800000,41948.0273
1703923200000,41872.4688
1703937600000,42353.9375
1703952000000,42343.5898
1703966400000,42135.7031
1703980800000,42165.6172
1703995200000,42505.3281
1704009600000,42492.5547
1704024000000,42429.7227
1704038400000,42577.8516
1704052800000,42256.332
1704067200000,42321.4883
1704081600000,42499.4023
1704096000000,42670.1758
1704110400000,42765.9258
1704124800000,43514.2109
1704139200000,44176.9297
1704153600000,45389.582
1704168000000,45497.582
1704182400000,45446.1172
1704196800000,45183.8516
1704211200000,45023.4336
1704225600000,44945.9414
1704240000000,45259.3945
1704254400000,44989.6367
1704268800000,43691.8594
1704283200000,42960.2344
1704297600000,42569.375
1704312000000,42812.918
1704326400000,43079.2812
1704340800000,42735.875
1704355200000,43169.3438
1704369600000,44024.6016
1704384000000,43923.6602
1704398400000,44090.6289
1704412800000,43439.4062
1704427200000,43743.4258
1704441600000,43728.5859
1704456000000,43466.3945
1704470400000,43556.375
1704484800000,44104.0898
1704499200000,43894.1016
1704513600000,43624.2227
1704528000000,43613.8438
1704542400000,43812.9297
1704556800000,43847.9961
1704571200000,43914.1406
1704585600000,43880.168
1704600000000,44031.5352
1704614400000,44010.8984
1704628800000,43992.7422
1704643200000,44188.6562
1704657600000,43873.668
1704672000000,43465.207
1704686400000,43904.6055
1704700800000,44575.7344
1704715200000,44911.8281
1704729600000,46935.3906
1704744000000,46895.4688
1704758400000,46854.5977
1704772800000,46759.6328
1704787200000,46553.4844
1704801600000,46786.4531
1704816000000,46808.8047
1704830400000,46059.0469
1704844800000,46063.5078
1704859200000,45711.418
1704873600000,45475.4883
1704888000000,45513.043
1704902400000,46443.1445
1704916800000,46614.7109
1704931200000,46449.6484
1704945600000,46061.0625
1704960000000,47013.2734
1704974400000,46734.3867
1704988800000,46634.1758
1705003200000,46295.4453
1705017600000,45941.0664
1705032000000,45966.2891
1705046400000,45907.5117
1705060800000,44432.4375
1705075200000,43403.1953
1705089600000,42722.9844
1705104000000,42560.7188
1705118400000,43052.6797
1705132800000,42578.6953
1705147200000,43095.2891
1705161600000,42718.4922
1705176000000,42795.1016
1705190400000,42635.5977
1705204800000,42947.2422
1705219200000,42765.0469
1705233600000,42840.0625
1705248000000,42593.9531
1705262400000,41646.0898
1705276800000,42474.9805
1705291200000,42632.2578
1705305600000,42624.8164
1705320000000,42207.0547
1705334400000,42895.7852
1705348800000,42434.4922
1705363200000,42817.4883
1705377600000,42682.1406
1705392000000,42789.4609
1705406400000,43155.5195
1705420800000,43077.8242
1705435200000,43052.1055
1705449600000,42757.3203
1705464000000,42568.3008
1705478400000,42585.0664
1705492800000,42389.2305
1705507200000,42521.6641
1705521600000,42672.8125
1705536000000,42474.3398
1705550400000,42806.1836
1705564800000,42442.8398
1705579200000,42517.1641
1705593600000,40933.6094
1705608000000,41230.832
1705622400000,40962.2773
1705636800000,41188.9922
1705651200000,41386.1953
1705665600000,40826.2461
1705680000000,41723.6406
1705694400000,41568.5195
1705708800000,41552.6641
1705723200000,41566.9844
1705737600000,41500.6836
1705752000000,41487.8242
1705766400000,41545.9219
1705780800000,41601.0273
1705795200000,41601.5156
1705809600000,41567.0312
1705824000000,41649.9258
1705838400000,41609.1211
1705852800000,41677.1758
1705867200000,41535.7852
1705881600000,41152.4648
1705896000000,40990.2383
1705910400000,40755.7812
1705924800000,40717.7578
1705939200000,39750.4648
1705953600000,39490.7148
1705968000000,39928.0469
1705982400000,39716.8828
1705996800000,38779.8008
1706011200000,39135.8398
1706025600000,39067.332
1706040000000,39828.2812
1706054400000,39535.9258
1706068800000,39890.0703
1706083200000,40134.9219
1706097600000,39975.6328
1706112000000,39729.2148
1706126400000,40015.2539
1706140800000,39940.1172
1706155200000,40046.5703
1706169600000,40098.7891
1706184000000,39719.6172
1706198400000,39889.4023
1706212800000,39878.0547
1706227200000,39974.8906
1706241600000,39898.0625
1706256000000,41187.0703
1706270400000,41302.4805
1706284800000,41968.9023
1706299200000,41724.8594
1706313600000,41722.8945
1706328000000,41620.1641
1706342400000,41669.6562
1706356800000,41723.582
1706371200000,41818.0391
1706385600000,42028.7695
1706400000000,42129.7148
1706414400000,42292.5352
1706428800000,42385.5859
1706443200000,42164.5703
1706457600000,41716.0195
1706472000000,41954.7383
1706486400000,42244.6328
1706500800000,41969.9766
1706515200000,42170.3828
1706529600000,42558.3945
1706544000000,42907.4297
1706558400000,43215.7188
1706572800000,43424.0273
1706587200000,43265.9258
1706601600000,43433.4062
1706616000000,43279.7852
1706630400000,43449.5781
1706644800000,42866.043
1706659200000,42838.5234
1706673600000,42969.2969
1706688000000,42563.3945
1706702400000,43295.3867
1706716800000,43257.5234
1706731200000,42490.6992
1706745600000,41901.7148
1706760000000,42085.2773
1706774400000,41978.9453
1706788800000,42413.2305
1706803200000,43133.4961
1706817600000,42996.7539
1706832000000,42943.957
1706846400000,43010.6992
1706860800000,43053.6914
1706875200000,43143.0938
1706889600000,42962.0898
1706904000000,43105.1562
1706918400000,43085.5078
1706932800000,42970.1406
1706947200000,42900.4453
1706961600000,43028.7773
1706976000000,42971.9492
1706990400000,42931.3164
1707004800000,42931.3164
1707019200000,42751.375
1707033600000,42978.0195
1707048000000,42845.0352
1707062400000,42546.0859
1707076800000,42498.4805
1707091200000,42612.6758
1707105600000,42969.0156
1707120000000,43113.8203
1707134400000,42538.1992
1707148800000,42661.7734
1707163200000,42598.9023
1707177600000,42745.4023
1707192000000,42775.7773
1707206400000,42732.2188
1707220800000,43140.6367
1707235200000,43188.3008
1707249600000,43007.6367
1707264000000,42704.5117
1707278400000,42800.4727
1707292800000,42836.6914
1707307200000,42959.0352
1707321600000,43526.6484
1707336000000,44257.8047
1707350400000,44435.2109
1707364800000,44410.3242
1707379200000,44602.5273
1707393600000,45328.1289
1707408000000,45199.6953
1707422400000,45199.6953
1707436800000,45938.4062
1707451200000,46100.0469
1707465600000,47070.4531
1707480000000,47066.0508
1707494400000,47435.2734
1707508800000,47063.2266
1707523200000,47309.9805
1707537600000,47093.3789
1707552000000,47122.1953
1707566400000,47281.6602
1707580800000,47464.0039
1707595200000,47673.2305
1707609600000,48467.2852
1707624000000,48142.5
1707638400000,48368.2148
1707652800000,48096.5664
1707667200000,48218.2148
1707681600000,48256.9336
1707696000000,48098.8047
1707710400000,48160.7578
1707724800000,47825.3125
1707739200000,49853.3945
1707753600000,49463.2578
1707768000000,49869.6211
1707782400000,49743.0117
1707796800000,49956.8086
1707811200000,49945.4922
1707825600000,48683.5156
1707840000000,48997.4844
1707854400000,49672.1289
1707868800000,49502.1289
1707883200000,49825.8398
1707897600000,51520.7891
1707912000000,51560.6172
1707926400000,51635.7812
1707940800000,51774.6289
1707955200000,52334.1484
1707969600000,51764.5781
1707984000000,52337.6992
1707998400000,51920.6992
1708012800000,52008.6992
1708027200000,51897.5938
1708041600000,52282.707
1708056000000,51744.8867
1708070400000,52199.8242
1708084800000,51874.6602
1708099200000,51714.0234
1708113600000,52098.0938
1708128000000,51940.0391
1708142400000,51868.9375
1708156800000,51668.5117
1708171200000,50965.5
1708185600000,51373.3984
1708200000000,51645.3398
1708214400000,51453.0625
1708228800000,51640.6875
1708243200000,51820.4062
1708257600000,51743.9336
1708272000000,51724.2148
1708286400000,52108.0508
1708300800000,51984.9453
1708315200000,52360.0195
1708329600000,52304.9297
1708344000000,52070.7734
1708358400000,51730.8984
1708372800000,51681.6133
1708387200000,51522.957
1708401600000,51791.5469
1708416000000,52257.6562
1708430400000,51649.9688
1708444800000,52081.8438
1708459200000,52267.8086
1708473600000,51986.75
1708488000000,51539.8672
1708502400000,50935.6992
1708516800000,51115.2969
1708531200000,51047.5078
1708545600000,51853.1484
1708560000000,51572.8633
1708574400000,51793.8906
1708588800000,51584.3789
1708603200000,51561.6523
1708617600000,51479.2031
1708632000000,51257.5
1708646400000,51076.207
1708660800000,50909.1953
1708675200000,51201.9961
1708689600000,50897.7656
1708704000000,51062.6211
1708718400000,50705.9336
1708732800000,50817.5586
1708747200000,51051.2422
1708761600000,51111.2773
1708776000000,51093.0508
1708790400000,51552.7773
1708804800000,51545.8945
1708819200000,51620.2461
1708833600000,51713.2891
1708848000000,51638.8477
1708862400000,51484.043
1708876800000,51648.0703
1708891200000,51714.3867
1708905600000,51517.7422
1708920000000,51259.8438
1708934400000,51055.9453
1708948800000,52826.6172
1708963200000,54501.2695
1708977600000,54462.3438
1708992000000,55735.9258
1709006400000,56038.9766
1709020800000,56530.5312
1709035200000,56720.4922
1709049600000,57328.8867
1709064000000,57024.832
1709078400000,56917.8984
1709092800000,58278.6719
1709107200000,58954.5586
1709121600000,60967.0352
1709136000000,60947.7578
1709150400000,62452.8086
1709164800000,61565.3633
1709179200000,62677.6992
1709193600000,62950.2109
1709208000000,62752.6641
1709222400000,61642.7891
1709236800000,61193.957
1709251200000,61140.3984
1709265600000,61450.168
1709280000000,61904.9023
1709294400000,61289.4336
1709308800000,62239.5078
1709323200000,62399.8867
1709337600000,62349.3672
1709352000000,62052.2773
1709366400000,61915.6289
1709380800000,61820.6055
1709395200000,62162.168
1709409600000,62037.0703
1709424000000,61965.4062
1709438400000,61621.9062
1709452800000,61874.5352
1709467200000,62184.3164
1709481600000,62753.1172
1709496000000,63135.3828
1709510400000,63492.9297
1709524800000,64097.457
1709539200000,65299.332
1709553600000,66510.9297
1709568000000,67448.8594
1709582400000,68312.25
1709596800000,68213.3984
1709611200000,66224.5078
1709625600000,66714.6406
1709640000000,66783.3828
1709654400000,61505.8945
1709668800000,63789.4102
1709683200000,63346.0273
1709697600000,66729.7266
1709712000000,67377.0391
1709726400000,66496.0312
1709740800000,66815.1016
1709755200000,66099.5312
1709769600000,65881.4297
1709784000000,66426.5312
1709798400000,66964.6797
1709812800000,67310.4922
1709827200000,67561.6094
1709841600000,66921.5312
1709856000000,67206.8906
1709870400000,67354.7812
1709884800000,67823.3281
1709899200000,67703.6094
1709913600000,68981.4531
1709928000000,68248.25
1709942400000,68375.7109
1709956800000,68412.0469
1709971200000,68439.4141
1709985600000,68417.0938
1710000000000,68343.7266
1710014400000,68432.7031
1710028800000,69269.5469
1710043200000,69462.0547
1710057600000,69712.2656
1710072000000,69293.6797
1710086400000,69498.9609
1710100800000,69046.6797
1710115200000,68637.6562
1710129600000,71094.9219
1710144000000,71560.1406
1710158400000,72007.0078
1710172800000,72019.9609
1710187200000,72118.5703
1710201600000,71646.5547
1710216000000,72143.7656
1710230400000,72078.4688
1710244800000,71709.9844
1710259200000,71354.1953
1710273600000,71451.0703
1710288000000,72083.7188
1710302400000,72924.8984
1710316800000,73128.4531
1710331200000,72691.4531
1710345600000,73433.6797
1710360000000,73084.9922
1710374400000,73313.7656
1710388800000,73259.8906
1710403200000,72947.0781
1710417600000,70870.3984
1710432000000,69450.6953
1710446400000,71399.6406
1710460800000,68182.4219
1710475200000,68424.1016
1710489600000,67725.4453
1710504000000,68143.5234
1710518400000,68965.4531
1710532800000,69508.5938
1710547200000,69205.4375
1710561600000,69410.2734
1710576000000,68225.5312
1710590400000,68385.5547
1710604800000,66900.3984
1710619200000,65281.457
1710633600000,66542.5469
1710648000000,65604.5234
1710662400000,66917.625
1710676800000,67913.9922
1710691200000,68495.4453
1710705600000,68338.1172
1710720000000,67921.4375
1710734400000,68167.1875
1710748800000,68203
1710763200000,67458.625
1710777600000,66894.2031
1710792000000,67568.1484
1710806400000,65875.9062
1710820800000,64657.1172
1710835200000,63050.2305
1710849600000,64004.6641
1710864000000,64371.1133
1710878400000,61892.6172
1710892800000,61818.2969
1710907200000,62919.6719
1710921600000,63341.9453
1710936000000,63584.6445
1710950400000,65773.8906
1710964800000,67824.0703
1710979200000,66607
1710993600000,66942.8203
1711008000000,67009.0781
1711022400000,66544.1328
1711036800000,65224.0547
1711051200000,65472.4414
1711065600000,65969.2031
1711080000000,66168.2891
1711094400000,64217.4297
1711108800000,63862.2266
1711123200000,63864.7148
1711137600000,63791.0156
1711152000000,63572.4492
1711166400000,64593.7812
1711180800000,64639.5156
1711195200000,65101.2891
1711209600000,64854.1914
1711224000000,63958.4805
1711238400000,63971.8867
1711252800000,64600.6016
1711267200000,65346.4844
1711281600000,65650.7031
1711296000000,65835.6094
1711310400000,67209.9141
1711324800000,67360.7109
1711339200000,66836.7891
1711353600000,66821.9062
1711368000000,69809.0234
1711382400000,71004.7109
1711396800000,69871.4844
1711411200000,70421.7578
1711425600000,70506.9844
1711440000000,70681.8984
1711454400000,70254.625
1711468800000,69453.8047
1711483200000,69998.9453
1711497600000,70374.3672
1711512000000,69731.5
1711526400000,70257.0859
1711540800000,68838.25
1711555200000,68609.5703
1711569600000,69465.6172
1711584000000,69257.9219
1711598400000,70373.5156
1711612800000,70638.3359
1711627200000,71263.625
1711641600000,70789.5781
1711656000000,70806
1711670400000,70455.1797
1711684800000,69834.1797
1711699200000,70177.1172
1711713600000,69192.7734
1711728000000,69721.9375
1711742400000,69880.4531
1711756800000,69833.3047
1711771200000,69892.8828
1711785600000,70232.9688
1711800000000,70052.5625
1711814400000,69930.1641
1711828800000,69627.8984
1711843200000,69925.8047
1711857600000,70330.4609
1711872000000,70399.8984
1711886400000,70408.3203
1711900800000,71093.7656
1711915200000,71337.4922
1711929600000,70608.4141
1711944000000,69618.3594
1711958400000,69502.7812
1711972800000,68228.9766
1711987200000,69675.5781
1712001600000,69690.4766
1712016000000,66693.7266
1712030400000,66458.5859
1712044800000,65602.0938
1712059200000,64856.9453
1712073600000,65880.8594
1712088000000,65422.043
1712102400000,66205.6406
1712116800000,66136.9297
1712131200000,66061.2812
1712145600000,65802.4922
1712160000000,65767.6641
1712174400000,65905.4453
1712188800000,65588.6719
1712203200000,66004.3203
1712217600000,66295.2188
1712232000000,67567.9766
1712246400000,68433.2188
1712260800000,68423.3047
1712275200000,67795.2188
1712289600000,66854.0938
1712304000000,66432.6484
1712318400000,68158.6797
1712332800000,67313.7969
1712347200000,67773.1953
1712361600000,67729.4688
1712376000000,67953.6094
1712390400000,67616.4531
1712404800000,68042.1953
1712419200000,68197.1953
1712433600000,68836.7422
1712448000000,69340.8828
1712462400000,69320.5703
1712476800000,69324.5469
1712491200000,69514.3359
1712505600000,69003.0859
1712520000000,69305.4375
1712534400000,69396.7812
1712548800000,70674.9922
1712563200000,72371.5078
1712577600000,71742.5469
1712592000000,71722.2422
1712606400000,71610.3672
1712620800000,71265.3438
1712635200000,70341.6172
1712649600000,70741.125
1712664000000,69228.5625
1712678400000,68953.7422
1712692800000,69069.8828
1712707200000,69140.8281
1712721600000,69299.0469
1712736000000,69049.4609
1712750400000,68591.8281
1712764800000,69998.3516
1712779200000,70571.7734
1712793600000,70790.4609
1712808000000,70685.8906
1712822400000,69938.6797
1712836800000,69929.7578
1712851200000,70399.7344
1712865600000,69932.2422
1712880000000,70933.7578
1712894400000,70735.9844
1712908800000,70831.3281
1712923200000,69254.9609
1712937600000,66782.8203
1712952000000,67088.5547
1712966400000,67109.3906
1712980800000,67406.0234
1712995200000,67306.0234
1713009600000,67639.6953
1713024000000,64749.1133
1713038400000,63942.4297
1713052800000,63434.793
1713067200000,64447.6484
1713081600000,64162.6094
1713096000000,64143.6758
1713110400000,64122.2578
1713124800000,65661.7734
1713139200000,65142.2148
1713153600000,66244.8125
1713168000000,65842.8594
1713182400000,64546.2656
1713196800000,63261.0664
1713211200000,63400.1445
1713225600000,62962.2539
1713240000000,63488.5547
1713254400000,63040.8711
1713268800000,61741.0625
1713283200000,62699.5078
1713297600000,63751.207
1713312000000,63803.4062
1713326400000,63242.4766
1713340800000,62530.043
1713355200000,60240.8633
1713369600000,60944.9766
1713384000000,61218.3008
1713398400000,61925.0625
1713412800000,61127.6367
1713427200000,62541.832
1713441600000,63449.4961
1713456000000,63434.0703
1713470400000,63424.1172
1713484800000,61730.4258
1713499200000,64500.4102
1713513600000,64817.7305
1713528000000,64391.25
1713542400000,64244.9609
1713556800000,63754.375
1713571200000,63893.1992
1713585600000,63903.1484
1713600000000,63646.6133
1713614400000,64762.7148
1713628800000,64816.4453
1713643200000,64882.0977
1713657600000,65128.2461
1713672000000,65073.1758
1713686400000,65169.0898
1713700800000,64966.3477
1713715200000,64477.4492
1713729600000,64881.0273
1713744000000,65642.5703
1713758400000,65928.8672
1713772800000,65831.3203
1713787200000,65932.6484
1713801600000,66447.3672
1713816000000,66755.0391
1713830400000,66363.9609
1713844800000,66053.2969
1713859200000,65981.0781
1713873600000,66345.75
1713888000000,66393.3828
1713902400000,66346.4844
1713916800000,66552.7266
1713931200000,66548.2891
1713945600000,66499.5469
1713960000000,64521.7695
1713974400000,63874.6172
1713988800000,64196.5938
1714003200000,64201.5391
1714017600000,63935.0078
1714032000000,63783.6172
1714046400000,64063.0625
1714060800000,64659.7305
1714075200000,64405.0469
1714089600000,64316.3594
1714104000000,64199.957
1714118400000,64178.1719
1714132800000,63403.5234
1714147200000,63659
1714161600000,63674.2852
1714176000000,63016.2461
1714190400000,62895.6445
1714204800000,62782.5078
1714219200000,62876.4336
1714233600000,63252.4062
1714248000000,63348.4375
1714262400000,63947.6641
1714276800000,63820.1992
1714291200000,63400.9375
1714305600000,63450.2305
1714320000000,63663.1562
1714334400000,63021.6953
1714348800000,62201.0078
1714363200000,62350.8125
1714377600000,62194.5547
1714392000000,62981.4023
1714406400000,62904.6445
1714420800000,63748.9102
1714435200000,63542.1172
1714449600000,63065.8672
1714464000000,61151.125
1714478400000,60701.3477
1714492800000,59185.3828
1714507200000,60600.375
1714521600000,60125.4688
1714536000000,57390.0352
1714550400000,57807.5
1714564800000,56777.8359
1714579200000,56840.3633
1714593600000,58195.8594
1714608000000,57327.3164
1714622400000,57568.7148
1714636800000,58480.918
1714651200000,59196.2734
1714665600000,59296.1992
1714680000000,58986.2148
1714694400000,59655.6484
1714708800000,59120.9492
1714723200000,59229.7539
1714737600000,61627.2109
1714752000000,62021.5742
1714766400000,62820.4102
1714780800000,62628.1758
1714795200000,62910.5039
1714809600000,63806.9844
1714824000000,63547.4062
1714838400000,63845.1914
1714852800000,63811.4648
1714867200000,63165.6758
1714881600000,63680.6484
1714896000000,63796.0859
1714910400000,64364.8633
1714924800000,63801.2461
1714939200000,63941
1714953600000,63781.9336
1714968000000,64469.6094
1714982400000,64153.5703
1714996800000,63569.7188
1715011200000,63137.7383
1715025600000,63076.2383
1715040000000,63139.7383
1715054400000,63601.6641
1715068800000,63401.0938
1715083200000,63647.6211
1715097600000,62984.9062
1715112000000,62256.2383
1715126400000,62823.7773
1715140800000,62141.8555
1715155200000,62163.6562
1715169600000,62199.3125
1715184000000,62106.5742
1715198400000,61095.9023
1715212800000,61580.3594
1715227200000,61169.6719
1715241600000,60979.4336
1715256000000,62096.2539
1715270400000,62388.3789
1715284800000,62988.8242
1715299200000,62822.8008
1715313600000,62999.9219
1715328000000,63209.2812
1715342400000,60853.1836
1715356800000,60614.4531
1715371200000,60722.4883
1715385600000,60652.4102
1715400000000,60943.5859
1715414400000,60611.7891
1715428800000,61096.5781
1715443200000,61066.8008
1715457600000,60746.2383
1715472000000,60844.6719
1715486400000,60729.6133
1715500800000,61055.8672
1715515200000,61333.3359
1715529600000,61325.9141
1715544000000,61379.2812
1715558400000,61068.2344
1715572800000,62246.4609
1715587200000,62641.7852
1715601600000,62914.2227
1715616000000,63083.457
1715630400000,62845.6055
1715644800000,62376.8555
1715659200000,61924.7734
1715673600000,61700.5547
1715688000000,61679.7695
1715702400000,61503.1641
1715716800000,61479.9219
1715731200000,61862.5
1715745600000,62109.082
1715760000000,62380.043
1715774400000,64631.5391
1715788800000,65953.3594
1715803200000,66136.75
1715817600000,65915.9453
1715832000000,66071.3281
1715846400000,66449.3516
1715860800000,65761.3438
1715875200000,65095.9023
1715889600000,65158.5156
1715904000000,65509.3398
1715918400000,66335.3125
1715932800000,66159.3047
1715947200000,67126.0625
1715961600000,66977.2578
1715976000000,66947.6094
1715990400000,66876.5078
1716004800000,66800.5078
1716019200000,67122.5312
1716033600000,66739.2031
1716048000000,66838
1716062400000,66829.625
1716076800000,67068.2891
1716091200000,67256.375
1716105600000,67252.9375
1716120000000,66831.875
1716134400000,65959.6875
1716148800000,66195.6719
1716163200000,66593.2031
1716177600000,66748.2266
1716192000000,66932.9766
1716206400000,67352.7578
1716220800000,69995.2656
1716235200000,71386.2734
1716249600000,71213.2109
1716264000000,70830.4609
1716278400000,71081.5781
1716292800000,69818.6172
1716307200000,69226.9922
1716321600000,70119.9844
1716336000000,69932.0312
1716350400000,69685.6016
1716364800000,69704.9844
1716379200000,70417.9844
1716393600000,69607.9844
1716408000000,69134.6562
1716422400000,69404.8828
1716436800000,69685.5547
1716451200000,69949.8438
1716465600000,68029.2578
1716480000000,67139.4844
1716494400000,67945.8672
1716508800000,67838.4766
1716523200000,67124.8672
1716537600000,67313.4531
1716552000000,68282.2031
1716566400000,69083.9062
1716580800000,68530.4609
1716595200000,68739.6719
1716609600000,68716.3359
1716624000000,69078.9297
1716638400000,68922.6562
1716652800000,69151.5312
1716667200000,69269.6797
1716681600000,69064.5547
1716696000000,69309.1172
1716710400000,69097.1953
1716724800000,68812.9297
1716739200000,68846.6094
1716753600000,68455.9375
1716768000000,68849.9375
1716782400000,68614.8047
1716796800000,68393.9844
1716811200000,70328.625
1716825600000,69217.7969
1716840000000,69384.1406
1716854400000,68011.7188
1716868800000,67634.4297
1716883200000,68322.7422
1716897600000,68311.8203
1716912000000,68374.8203
1716926400000,68338.1016
1716940800000,68771.9453
1716955200000,67860.375
1716969600000,67697.0078
1716984000000,67344.4141
1716998400000,67211.3125
1717012800000,67560.7344
1717027200000,68060.4844
1717041600000,67537.1172
1717056000000,67741.6562
1717070400000,68493.5547
1717084800000,68642.3516
1717099200000,68324.3047
1717113600000,68468.0234
1717128000000,68120.8281
1717142400000,68283.2344
1717156800000,67143.7734
1717171200000,67574.0234
1717185600000,67455.9531
1717200000000,67652.9375
1717214400000,67558.2812
1717228800000,67614.1484
1717243200000,67629.4688
1717257600000,67701.5547
1717272000000,67706.4922
1717286400000,67720.7891
1717300800000,67646.2891
1717315200000,68200.4688
1717329600000,68098.9766
1717344000000,67696.5625
1717358400000,67711.3359
1717372800000,68363.5703
1717387200000,68859.3125
1717401600000,69064.8516
1717416000000,69591.3438
1717430400000,69190.0547
1717444800000,68784.6172
1717459200000,69140.6484
1717473600000,68976.8828
1717488000000,68914.2578
1717502400000,70424.3828
1717516800000,70422.9062
1717531200000,70518.2656
1717545600000,70935.5859
1717560000000,71180.625
1717574400000,70935.0703
1717588800000,71555.2031
1717603200000,71273.0156
1717617600000,71075.9453
1717632000000,71044.9141
1717646400000,71017.3594
1717660800000,71161.0859
1717675200000,71278.0469
1717689600000,70448.0312
1717704000000,70760.2578
1717718400000,70973.6328
1717732800000,71066.2109
1717747200000,71666.7891
1717761600000,71068.375
1717776000000,69219.6875
1717790400000,69304.8125
1717804800000,69386.9219
1717819200000,69545.6641
1717833600000,69371.6797
1717848000000,69402.7969
1717862400000,69445.7422
1717876800000,69298.2422
1717891200000,69247.7734
1717905600000,69301.4297
1717920000000,69377.1875
1717934400000,69490.3047
1717948800000,69693.9922
1717963200000,69633.9062
1717977600000,69593.0547
1717992000000,69301.9922
1718006400000,69468.3203
1718020800000,70019.8984
1718035200000,69465.625
1718049600000,69481.875
1718064000000,68409.5781
1718078400000,67528.4141
1718092800000,66840.6875
1718107200000,66219.5078
1718121600000,67370.9844
1718136000000,67307.3828
1718150400000,67386.4531
1718164800000,67432.8828
1718179200000,67735.1641
1718193600000,69685.0078
1718208000000,67515.6641
1718222400000,68204.0547
1718236800000,67427.8594
1718251200000,67685.6016
1718265600000,67693.5469
1718280000000,66441.3203
1718294400000,66550.4688
1718308800000,66727.0469
1718323200000,66692.25
1718337600000,66861.25
1718352000000,66968.7656
1718366400000,66339.9531
1718380800000,65473.8555
1718395200000,65961.6797
1718409600000,66177.6719
1718424000000,65969.0156
1718438400000,66227.4688
1718452800000,66222.0078
1718467200000,66067.1953
1718481600000,66120.5781
1718496000000,66036.2969
1718510400000,66156.25
1718524800000,66380.8672
1718539200000,66593.2031
1718553600000,66433.5078
1718568000000,66563.2812
1718582400000,66107.9219
1718596800000,66057.4609
1718611200000,65716.5078
1718625600000,65290.4336
1718640000000,66581.0625
1718654400000,66428.625
1718668800000,65434.8906
1718683200000,65605.0078
1718697600000,65304.418
1718712000000,64623.293
1718726400000,64353.0352
1718740800000,65066.3086
1718755200000,65316.707
1718769600000,65248.2812
1718784000000,65127.332
1718798400000,64855.1797
1718812800000,64818.0039
1718827200000,64910.2344
1718841600000,65133.6719
1718856000000,65783.8594
1718870400000,66126.8281
1718884800000,64768.1445
1718899200000,64982.3945
1718913600000,64814.8125
1718928000000,64426.4844
1718942400000,64074.6602
1718956800000,63684.918
1718971200000,63678.4648
1718985600000,64190.8125
1719000000000,64081.7461
1719014400000,64255.9922
1719028800000,64444.5742
1719043200000,64211.4531
1719057600000,64245.4766
1719072000000,64241.0273
1719086400000,64212.8633
1719100800000,64380.1055
1719115200000,64345.0938
1719129600000,64283.4844
1719144000000,64037.4492
1719158400000,64072.7305
1719172800000,63115.4258
1719187200000,62774.6836
1719201600000,62377.0117
1719216000000,61241.4531
1719230400000,60791.7031
1719244800000,59282.5156
1719259200000,60208.5977
1719273600000,61222.875
1719288000000,60596.0156
1719302400000,61120.1328
1719316800000,61719.0273
1719331200000,61896.5703
1719345600000,61728.1992
1719360000000,61844.1484
1719374400000,61645.6094
1719388800000,61390.9805
1719403200000,61419.1719
1719417600000,60906.9688
1719432000000,60778.3789
1719446400000,60944.7969
1719460800000,60713.6016
1719475200000,61103.1602
1719489600000,61467.9062
1719504000000,61363.9141
1719518400000,61592.6992
1719532800000,61730.5742
1719547200000,61236.8633
1719561600000,61579.2266
1719576000000,60940.9648
1719590400000,59967.3125
1719604800000,60280.5664
1719619200000,60615.7539
1719633600000,60938.2695
1719648000000,60982.7891
1719662400000,60981.7969
1719676800000,60929.8477
1719691200000,60858.6328
1719705600000,60783.4961
1719720000000,61390.957
1719734400000,61415.1641
1719748800000,61590
1719763200000,61922.6289
1719777600000,62641.2617
1719792000000,63298.9102
1719806400000,63146.7852
1719820800000,62556.668
1719835200000,63014.375
1719849600000,63127.9805
1719864000000,62789.6328
1719878400000,63000.2539
1719892800000,62515.5781
1719907200000,62707.1836
1719921600000,61822.5039
1719936000000,61821.0195
1719950400000,62000.4492
1719964800000,60838.4297
1719979200000,60762.0039
1719993600000,60304.332
1720008000000,60064.9609
1720022400000,59572.5781
1720036800000,60091.2656
1720051200000,59009.8086
1720065600000,58151.7891
1720080000000,57683.1758
1720094400000,58034.4922
1720108800000,58195.5898
1720123200000,56986.4375
1720137600000,55146.5391
1720152000000,54368.332
1720166400000,55438.3711
1720180800000,56611.3398
1720195200000,56402.1953
1720209600000,56571.9062
1720224000000,56378.2969
1720238400000,56569.207
1720252800000,56688.6797
1720267200000,57259.3906
1720281600000,57797.2422
1720296000000,58157.1172
1720310400000,57900.4883
1720324800000,57311.0742
1720339200000,57414.7031
1720353600000,56774.9805
1720368000000,57086.6914
1720382400000,55821.6797
1720396800000,55113.0742
1720411200000,55809.0195
1720425600000,57099.2188
1720440000000,55684.5703
1720454400000,56420.4219
1720468800000,56662.4492
1720483200000,57106.7539
1720497600000,57043.1406
1720512000000,57374.5234
1720526400000,57412.2734
1720540800000,57800.1914
1720555200000,57961.125
1720569600000,58125.0117
1720584000000,58919.9922
1720598400000,58418.4727
1720612800000,57619.3047
1720627200000,57317.4922
1720641600000,57667.3594
1720656000000,57485.7812
1720670400000,58130.4492
1720684800000,58700.6406
1720699200000,57326.0742
1720713600000,57321.6055
1720728000000,57267.9883
1720742400000,56852.4648
1720756800000,57048.2539
1720771200000,57152.8164
1720785600000,58131.918
1720800000000,57529.8828
1720814400000,57830.082
1720828800000,57755.2227
1720843200000,58102.4453
1720857600000,58490
1720872000000,58774.4336
1720886400000,58557.2305
1720900800000,59170.2578
1720915200000,59430.0156
1720929600000,60008.9141
1720944000000,60057.625
1720958400000,60027.5195
1720972800000,59851.9141
1720987200000,60699.3984
1721001600000,62583.293
1721016000000,62786.6289
1721030400000,62393.875
1721044800000,62964.1641
1721059200000,63303.9375
1721073600000,64672.8125
1721088000000,64680.293
1721102400000,62869.8438
1721116800000,63707.2578
1721131200000,64820.707
1721145600000,65119.2188
1721160000000,64981.4414
1721174400000,65651.0938
1721188800000,65186.3125
1721203200000,64654.875
1721217600000,64667.8164
1721232000000,64514.2148
1721246400000,64017.1445
1721260800000,64789.3438
1721275200000,64592.1133
1721289600000,64663.1992
1721304000000,63461.3281
1721318400000,63476.7188
1721332800000,63912.125
1721347200000,64256.7812
1721361600000,63638.0078
1721376000000,64032.1797
1721390400000,65755.8828
1721404800000,67113.8906
1721419200000,66604.5469
1721433600000,66558.9219
1721448000000,66525.2109
1721462400000,66441.9844
1721476800000,66773.2812
1721491200000,67173.2969
1721505600000,67069.4062
1721520000000,67132.5547
1721534400000,66626.1875
1721548800000,66823.4062
1721563200000,67109.5547
1721577600000,67373.8984
1721592000000,68123.6797
1721606400000,67833.2422
1721620800000,67197.875
1721635200000,67465.5547
1721649600000,67021.25
1721664000000,68158.8828
1721678400000,67476.375
1721692800000,67422.8594
1721707200000,66543.3203
1721721600000,66624.6875
1721736000000,66539.9062
1721750400000,65505.7188
1721764800000,65908.1719
1721779200000,66017.7109
1721793600000,66037.0391
1721808000000,66340.1953
1721822400000,66132.0938
1721836800000,65620.4766
1721851200000,65314.4023
1721865600000,64040.1016
1721880000000,64082.1289
1721894400000,64067.7148
1721908800000,64749.8945
1721923200000,64669.4922
1721937600000,65756.0469
1721952000000,66981.9453
1721966400000,66843.1875
1721980800000,67249.1094
1721995200000,67479.1875
1722009600000,67917.0781
1722024000000,67846.3516
1722038400000,67740.0703
1722052800000,68001.3047
1722067200000,68187.0625
1722081600000,68860.9375
1722096000000,68247.9062
1722110400000,67835.8828
1722124800000,67880.0391
1722139200000,67475.4062
1722153600000,67776.8203
1722168000000,67608.6797
1722182400000,68077.1328
1722196800000,68211.5234
1722211200000,69340.1953
1722225600000,69486.8359
1722240000000,69533.0547
1722254400000,68029.5859
1722268800000,67236.8438
1722283200000,66725.3828
1722297600000,66570.4219
1722312000000,66921.1328
1722326400000,66543.875
1722340800000,66188.8281
1722355200000,65869.4453
1722369600000,66154.3828
1722384000000,65995.0469
1722398400000,66154.2344
1722412800000,66055.5391
1722427200000,66312.9297
1722441600000,65229.2383
1722456000000,64578.6016
1722470400000,63853.7461
1722484800000,64263.4492
1722499200000,64615.0508
1722513600000,62804.3555
1722528000000,63342.1445
1722542400000,65258.125
1722556800000,64499.6172
1722571200000,64044.8516
1722585600000,64551.418
1722600000000,63290.9375
1722614400000,62520.582
1722628800000,61348.2539
1722643200000,61771.7305
1722657600000,61553.0469
1722672000000,61828.457
1722686400000,60800.9258
1722700800000,60154.1445
1722715200000,60640.8203
1722729600000,60646.7734
1722744000000,60291.2227
1722758400000,60831.6562
1722772800000,58983.3203
1722787200000,59163.875
1722801600000,58094.8867
1722816000000,53839.3125
1722830400000,52625.9805
1722844800000,51317.5703
1722859200000,54300.75
1722873600000,53442.4961
1722888000000,53982.9141
1722902400000,55622.6562
1722916800000,55999.5938
1722931200000,55193.3828
1722945600000,56348
1722960000000,56714.0078
1722974400000,55986.9141
1722988800000,56823.3398
1723003200000,56889.0586
1723017600000,56929.375
1723032000000,56045.3828
1723046400000,54699.6172
1723060800000,55089.0742
1723075200000,57011.1602
1723089600000,57138.125
1723104000000,57269.543
1723118400000,59385.25
1723132800000,59365.8477
1723147200000,61606.3086
1723161600000,61296.4375
1723176000000,60794.0938
1723190400000,60595.1602
1723204800000,59740.6484
1723219200000,60615.3086
1723233600000,60785.1719
1723248000000,60378.9844
1723262400000,60795.2461
1723276800000,60871.9219
1723291200000,60464.0508
1723305600000,60961.6953
1723320000000,60847.4883
1723334400000,61010.6523
1723348800000,61177.7695
1723363200000,60607.7305
1723377600000,60074.1016
1723392000000,59574.4961
1723406400000,58663.0117
1723420800000,58440.2617
1723435200000,58616.8477
1723449600000,59790.4414
1723464000000,60165.5977
1723478400000,58977.7344
1723492800000,59292.6445
1723507200000,58993.4961
1723521600000,59185.6133
1723536000000,58770.3242
1723550400000,59412.1016
1723564800000,60767.4023
1723579200000,60523.1914
1723593600000,60901.0625
1723608000000,60859.3984
1723622400000,61221.7539
1723636800000,59382.9336
1723651200000,58868.3398
1723665600000,58629.1641
1723680000000,58364.1445
1723694400000,57993.1914
1723708800000,58695.1211
1723723200000,59605.3594
1723737600000,56966.2305
1723752000000,57468.0625
1723766400000,57828.8242
1723780800000,58403.8555
1723795200000,58352.6289
1723809600000,58009.9922
1723824000000,59606.668
1723838400000,58832.5078
1723852800000,59110.4805
1723867200000,59187.0469
1723881600000,59079.2305
1723896000000,59307.7812
1723910400000,59390.7344
1723924800000,59429.4648
1723939200000,59258.3672
1723953600000,59498.5078
1723968000000,59943.6992
1723982400000,59775.7969
1723996800000,59632.6875
1724011200000,58348.7148
1724025600000,58687.2305
1724040000000,58449.9961
1724054400000,58324.4414
1724068800000,58482.8516
1724083200000,58895.832
1724097600000,59378.043
1724112000000,60562.0703
1724126400000,60876.1875
1724140800000,60461.8867
1724155200000,58764.2812
1724169600000,59449.9961
1724184000000,58948.3359
1724198400000,59254.6758
1724212800000,59662.8672
1724227200000,59299.5469
1724241600000,59456.8867
1724256000000,61507.3945
1724270400000,61082.1797
1724284800000,60488.5156
1724299200000,60940.5234
1724313600000,61273.7344
1724328000000,60356.4453
1724342400000,60238.7539
1724356800000,60323.6953
1724371200000,60518.8633
1724385600000,60985.7578
1724400000000,60645.6484
1724414400000,61456.9141
1724428800000,63538.6992
1724443200000,63992.0625
1724457600000,63788.8516
1724472000000,64251.5625
1724486400000,63859.1484
1724500800000,63914.4023
1724515200000,64138.3633
1724529600000,64111.6484
1724544000000,64032.5312
1724558400000,63797.7188
1724572800000,63807.6562
1724587200000,64075.4062
1724601600000,64132.5312
1724616000000,64160.832
1724630400000,64042.1172
1724644800000,63553.9883
1724659200000,63803.2305
1724673600000,63493.3711
1724688000000,63283.5508
1724702400000,62772.0039
1724716800000,62916.8125
1724731200000,62839.2266
1724745600000,62372.4297
1724760000000,61695.1445
1724774400000,62073.1797
1724788800000,59353.707
1724803200000,59594.625
1724817600000,58566.1055
1724832000000,59899.4297
1724846400000,58968.9375
1724860800000,58857.3945
1724875200000,58972.8711
1724889600000,59105.1484
1724904000000,59529.7539
1724918400000,59975.8711
1724932800000,60719.0234
1724947200000,59205.3672
1724961600000,59289.2188
1724976000000,58975.8906
1724990400000,59215.8516
1725004800000,59344.2383
1725019200000,58035.3555
1725033600000,58635.2695
1725048000000,59052.4531
1725062400000,59162.5742
1725076800000,59028.4414
1725091200000,59044.7969
1725105600000,58955.4453
1725120000000,58807.0586
1725134400000,58911.418
1725148800000,58464.4219
1725163200000,58437.1328
1725177600000,58187.0938
1725192000000,58170.7227
1725206400000,58438.4883
1725220800000,57245.3906
1725235200000,57690.3203
1725249600000,57486.25
1725264000000,58359.043
1725278400000,58494.6992
1725292800000,58374.2734
1725307200000,59069.4805
1725321600000,59035.3281
1725336000000,59030.3789
1725350400000,58990.8359
1725364800000,57654.3086
1725379200000,57962.8594
1725393600000,57407.5703
1725408000000,56588.2734
1725422400000,56697.9883
1725436800000,56513.6445
1725451200000,58058.6289
1725465600000,57977.7578
1725480000000,57890.9688
1725494400000,57058.7383
1725508800000,57099.8281
1725523200000,56648.0039
1725537600000,55885.1836
1725552000000,56000.8867
1725566400000,56117.043
1725580800000,56513.5469
1725595200000,55717.4609
1725609600000,55934.0469
1725624000000,53958.207
1725638400000,53436.1719
1725652800000,53901.4297
1725667200000,53750.5938
1725681600000,54241.1172
1725696000000,54274.7773
1725710400000,54722.2695
1725724800000,54366
1725739200000,54089.6758
1725753600000,54338.4961
1725768000000,54378.0586
1725782400000,54501.6328
1725796800000,53620.2461
1725811200000,54279.5742
1725825600000,54812.9922
1725840000000,55046.3945
1725854400000,54897.668
1725868800000,55209.7227
1725883200000,55314.2383
1725897600000,57026.1484
1725912000000,56953.3945
1725926400000,56438.0742
1725940800000,57141.0625
1725955200000,57145.0391
1725969600000,56499.9492
1725984000000,57869.1211
1725998400000,57569.8789
1726012800000,56727.457
1726027200000,56634.6875
1726041600000,56731.5
1726056000000,56624.4492
1726070400000,57509.7227
1726084800000,57266.0156
1726099200000,58156.4609
1726113600000,58079.2227
1726128000000,57978.2656
1726142400000,57426.7578
1726156800000,58314.3203
1726171200000,58056.3125
1726185600000,57769.543
1726200000000,58036.6211
1726214400000,57801.9688
1726228800000,59585.1172
1726243200000,59663.7344
1726257600000,60453.5938
1726272000000,60261.6133
1726286400000,60072.6289
1726300800000,59648.5469
1726315200000,59799.6211
1726329600000,59743.2461
1726344000000,59928
1726358400000,60094.8672
1726372800000,60117.2109
1726387200000,59938.6719
1726401600000,60274.5469
1726416000000,59803.3867
1726430400000,59057.7422
1726444800000,58504.3867
1726459200000,58833.0742
1726473600000,58598.2617
1726488000000,57800.332
1726502400000,57871.0391
1726516800000,58141.4766
1726531200000,57989.8125
1726545600000,58628.8711
1726560000000,59014.7031
1726574400000,61068.9648
1726588800000,59898.7305
1726603200000,60242.7383
1726617600000,60430.6484
1726632000000,60355.3242
1726646400000,59762.5
1726660800000,59354.2852
1726675200000,59982.2734
1726689600000,61684.8477
1726704000000,62040.75
1726718400000,62029.8477
1726732800000,62577.8203
1726747200000,63063.7383
1726761600000,63171.7812
1726776000000,62886.3398
1726790400000,63650.3516
1726804800000,63442.0977
1726819200000,63372.8672
1726833600000,63051.4766
1726848000000,62741.8398
1726862400000,63149.7305
1726876800000,62812.9141
1726891200000,62998.125
1726905600000,63014.0117
1726920000000,63089.4336
1726934400000,63122.6641
1726948800000,63272.418
1726963200000,63040.3359
1726977600000,62861.9023
1726992000000,62706.125
1727006400000,62582.3945
1727020800000,63080.3711
1727035200000,63490.4805
1727049600000,64260.543
1727064000000,63458.8164
1727078400000,63350.1133
1727092800000,63537.9336
1727107200000,63221.3867
1727121600000,63250.0977
1727136000000,63044.2461
1727150400000,63471.1953
1727164800000,63390.7969
1727179200000,63067.6094
1727193600000,64229.125
1727208000000,64191.1289
1727222400000,64389.5156
1727236800000,63766.1602
1727251200000,63762.207
1727265600000,63429.7734
1727280000000,63117.8164
1727294400000,63066.3945
1727308800000,63430.4961
1727323200000,63775.2109
1727337600000,64318.0078
1727352000000,65149.6719
1727366400000,64639.2305
1727380800000,65101.8398
1727395200000,65294.5039
1727409600000,65407.707
1727424000000,65378.1406
1727438400000,65913.8281
1727452800000,65577.2578
1727467200000,65694.3516
1727481600000,65996.5625
1727496000000,65750.3359
1727510400000,65727.6875
1727524800000,65549.0234
1727539200000,65653.9688
1727553600000,65782.6484
1727568000000,65729.125
1727582400000,65398.4258
1727596800000,65630.0938
1727611200000,65670.1094
1727625600000,65878.0859
1727640000000,65535.875
1727654400000,64506.1406
1727668800000,64499.7109
1727683200000,63784.1602
1727697600000,63496.5039
1727712000000,63414.6602
1727726400000,63250.4961
1727740800000,63644.7891
1727755200000,63974.2891
1727769600000,63674.8867
1727784000000,62557.3125
1727798400000,61675.2344
1727812800000,60747.1914
1727827200000,61673.043
1727841600000,61670.5547
1727856000000,61096.5977
1727870400000,61818.7617
1727884800000,60132.5039
1727899200000,60575.8828
1727913600000,61398.4414
1727928000000,60842.3008
1727942400000,60687.082
1727956800000,60573.6758
1727971200000,60979.9453
1727985600000,60683.7031
1728000000000,60891.7148
1728014400000,61371.7891
1728028800000,61377.7344
1728043200000,61800.8477
1728057600000,62281.2852
1728072000000,62013.6758
1728086400000,61791.6328
1728100800000,61995.7188
1728115200000,62097.7422
1728129600000,62080.9219
1728144000000,61774.1797
1728158400000,61975.4297
1728172800000,61797.4062
1728187200000,61872.9844
1728201600000,62021.6367
1728216000000,62634.332
1728230400000,62543.582
1728244800000,62740.4844
1728259200000,63430.1289
1728273600000,63442.0273
1728288000000,63058.8828
1728302400000,63560.3008
1728316800000,63279.3555
1728331200000,62124.9375
1728345600000,62540.75
1728360000000,62222.8242
1728374400000,62531.707
1728388800000,62180.1641
1728403200000,62146.9883
1728417600000,62049.4883
1728432000000,62282.6758
1728446400000,62174.4141
1728460800000,62092.3789
1728475200000,62207.7852
1728489600000,60920.4805
1728504000000,60527.3047
1728518400000,60752.1406
1728532800000,60771.8594
1728547200000,61130.7695
1728561600000,60662.4023
1728576000000,59612.1211
1728590400000,60215.5469
1728604800000,60492.8789
1728619200000,60569
1728633600000,61068.9727
1728648000000,62168.3008
1728662400000,62997.7188
1728676800000,62436.0859
1728691200000,62462.8945
1728705600000,62658.4609
1728720000000,62835.1562
1728734400000,63059.0039
1728748800000,62903.8438
1728763200000,63097.2891
1728777600000,62620.9844
1728792000000,62751.7969
1728806400000,62465.1641
1728820800000,62121.957
1728835200000,62645.1875
1728849600000,62771.4922
1728864000000,64210.7383
1728878400000,64513.4961
1728892800000,64791.4453
1728907200000,65785.6719
1728921600000,65823.0156
1728936000000,65998.2266
1728950400000,65310.1602
1728964800000,65563.6875
1728979200000,65324.6523
1728993600000,65913.5938
1729008000000,66878.8281
1729022400000,66999.7969
1729036800000,67013.2344
1729051200000,66870.2578
1729065600000,67792.875
1729080000000,67660.2188
1729094400000,67625.7188
1729108800000,67506.0312
1729123200000,67482.4062
1729137600000,67182.6641
1729152000000,66775.5859
1729166400000,67497.5703
1729180800000,66743.375
1729195200000,67325.5078
1729209600000,67449.125
1729224000000,67866.2578
1729238400000,67617.3828
1729252800000,68662.8047
1729267200000,68522.0391
1729281600000,68345.7422
1729296000000,68374.5391
1729310400000,68270.9609
1729324800000,67994.7188
1729339200000,68147.8828
1729353600000,68105
1729368000000,68309.0938
1729382400000,68125.4609
1729396800000,68302.1641
1729411200000,68362.5469
1729425600000,68559.5156
1729440000000,68433.3516
1729454400000,68964.5547
1729468800000,68867.8672
1729483200000,68429.4922
1729497600000,68179.8359
1729512000000,67273.9609
1729526400000,67708.4922
1729540800000,67305.2344
1729555200000,67316.5859
1729569600000,67303.7266
1729584000000,67213.7734
1729598400000,67201.4219
1729612800000,67411.9844
1729627200000,67350.8438
1729641600000,66995.0859
1729656000000,66755.9375
1729670400000,66332.8984
1729684800000,66138.2422
1729699200000,66379.5469
1729713600000,66580.8516
1729728000000,67128.6484
1729742400000,67031.4688
1729756800000,67205.8672
1729771200000,67595.0625
1729785600000,68200.8281
1729800000000,68115.2344
1729814400000,67917.9609
1729828800000,67447.8438
1729843200000,68030.0703
1729857600000,67626.9141
1729872000000,66707.5781
1729886400000,66543.5312
1729900800000,66765.7031
1729915200000,66888.6484
1729929600000,67021.9297
1729944000000,66766.7891
1729958400000,67055.9297
1729972800000,66970.9609
1729987200000,67142.1094
1730001600000,67056.7578
1730016000000,66984.7578
1730030400000,67668.5391
1730044800000,67703.125
1730059200000,67896.3125
1730073600000,67591.7734
1730088000000,68295.4141
1730102400000,68657.125
1730116800000,68371.1484
1730131200000,69527.1484
1730145600000,69863.625
1730160000000,70834.7734
1730174400000,70913.9297
1730188800000,71354.5469
1730203200000,72309.1719
1730217600000,72432.7812
1730232000000,72662.0547
1730246400000,72154.2188
1730260800000,72156.7109
1730275200000,71911.4141
1730289600000,71988.9609
1730304000000,71760.0547
1730318400000,72285.1953
1730332800000,72278.3047
1730347200000,72327.9844
1730361600000,72148.1797
1730376000000,70555.6328
1730390400000,70000.4922
1730404800000,70185.5547
1730419200000,69253.7812
1730433600000,69162.4141
1730448000000,69921.9922
1730462400000,69333.9141
1730476800000,69199.875
1730491200000,69433.4062
1730505600000,69532.3438
1730520000000,69743.5547
1730534400000,69534.9922
1730548800000,69321.4531
1730563200000,69439.9766
1730577600000,69302.3438
1730592000000,68312.1094
1730606400000,68305.6562
1730620800000,68289.2891
1730635200000,68032.2969
1730649600000,68615.2344
1730664000000,68699.5859
1730678400000,68950.2109
1730692800000,68502.75
1730707200000,68683.7656
1730721600000,68553.6172
1730736000000,67760.7656
1730750400000,67753.8203
1730764800000,68140.0547
1730779200000,68800.75
1730793600000,68732.9844
1730808000000,69531.6016
1730822400000,68888.0312
1730836800000,69282.7422
1730851200000,74302.625
1730865600000,73365.7266
1730880000000,74266.1016
1730894400000,74271.0859
1730908800000,75819.5156
1730923200000,75566.9609
1730937600000,75030.5547
1730952000000,74758.6016
1730966400000,74723.875
1730980800000,76063.3594
1730995200000,76510.5391
1731009600000,75836.4531
1731024000000,75883.7812
1731038400000,76187.6406
1731052800000,75945.2734
1731067200000,76426.3047
1731081600000,76904.4453
1731096000000,76455.1484
1731110400000,76289.6797
1731124800000,76493.1875
1731139200000,76449.1406
1731153600000,76259.6562
1731168000000,76164.2031
1731182400000,76620.8828
1731196800000,77171.3047
1731211200000,78786.4375
1731225600000,79910.5156
1731240000000,79710.6484
1731254400000,79759.9922
1731268800000,80391.5078
1731283200000,81637.2656
1731297600000,81156.3984
1731312000000,82164.6641
1731326400000,84123.6641
1731340800000,86234.6797
1731355200000,88762.6719
1731369600000,88198.2656
1731384000000,89112.7266
1731398400000,87244.3281
1731412800000,86653.7109
1731427200000,88792.9141
1731441600000,87982.2812
1731456000000,87201.3047
1731470400000,87433.2266
1731484800000,87749.9062
1731499200000,92712.4922
1731513600000,90241.8125
1731528000000,90455.3984
1731542400000,90004.3047
1731556800000,90848.9609
1731571200000,91539
1731585600000,87926.0078
1731600000000,89466.1719
1731614400000,87295.4062
1731628800000,88205.5547
1731643200000,87656.7422
1731657600000,89752.4141
1731672000000,88411.1016
1731686400000,90354.9375
1731700800000,91042.3984
1731715200000,91276.3672
1731729600000,91167.7734
1731744000000,91203.6797
1731758400000,90543.3828
1731772800000,91165.0391
1731787200000,90610.9219
1731801600000,90294.2969
1731816000000,90536.4375
1731830400000,90715.7734
1731844800000,90281.9688
1731859200000,90072.0391
1731873600000,89856.6797
1731888000000,90690.3594
1731902400000,91743.5625
1731916800000,90321.25
1731931200000,92399.0156
1731945600000,90691.8125
1731960000000,90541.4453
1731974400000,91498.3516
1731988800000,91698.6172
1732003200000,91730.4922
1732017600000,92479.0781
1732032000000,93321.5391
1732046400000,92423.5938
1732060800000,92146.5938
1732075200000,92939.8672
1732089600000,93552.5234
1732104000000,94812.2031
1732118400000,94069.6797
1732132800000,94333.2188
1732147200000,95892.0938
1732161600000,96988.0625
1732176000000,97995.5781
1732190400000,96699.875
1732204800000,97910.0703
1732219200000,98448.1953
1732233600000,98949.9453
1732248000000,99323.5078
1732262400000,98972.8438
1732276800000,98753.3359
1732291200000,99165.0547
1732305600000,98955.1016
1732320000000,98762.0703
1732334400000,98655.9062
1732348800000,98505.6484
1732363200000,98572.8359
1732377600000,97610.75
1732392000000,97762.3906
1732406400000,98319.2969
1732420800000,98516.2344
1732435200000,97387.25
1732449600000,95997.8047
1732464000000,96405.1328
1732478400000,98016.6562
1732492800000,98018.1484
1732507200000,98180.7969
1732521600000,98325.5078
1732536000000,96033.3672
1732550400000,94690.6406
1732564800000,93002.9062
1732579200000,94512.3672
1732593600000,93781.9062
1732608000000,92365.8203
1732622400000,92819.3203
1732636800000,91722.6172
1732651200000,91917.4844
1732665600000,92602.0391
1732680000000,93589.7734
1732694400000,93372.6406
1732708800000,95622.2812
1732723200000,96719.7188
1732737600000,95933.8125
1732752000000,95537.0859
1732766400000,95360.3984
1732780800000,95511.2109
1732795200000,95050.5078
1732809600000,95164.9141
1732824000000,95679.7266
1732838400000,96629.6641
1732852800000,95679.5703
1732867200000,97291.5078
1732881600000,98148.3281
1732896000000,97424.4375
1732910400000,97514.5703
1732924800000,96691.7109
1732939200000,96850.9531
1732953600000,96313.0078
1732968000000,96708.4531
1732982400000,97078.5469
1732996800000,96495.6562
1733011200000,96384.8359
1733025600000,96551.8125
1733040000000,97190.5312
1733054400000,97109.6328
1733068800000,97231.8672
1733083200000,97291.9766
1733097600000,96561.9219
1733112000000,96072.9844
1733126400000,95152.8516
1733140800000,97121.2031
1733155200000,95856.9688
1733169600000,95884.2969
1733184000000,96128.7656
1733198400000,95590.4062
1733212800000,95040.4219
1733227200000,95744.1172
1733241600000,95501.0469
1733256000000,95953.9609
1733270400000,95872
1733284800000,96697.0156
1733299200000,96311.2656
1733313600000,95877.7422
1733328000000,97366.1016
1733342400000,98758.1719
1733356800000,103139.945
1733371200000,102345.172
1733385600000,102741.25
1733400000000,101418.258
1733414400000,99132.7422
1733428800000,97062.1406
1733443200000,97802.4922
1733457600000,98241.9297
1733472000000,98130.8516
1733486400000,99416.7031
1733500800000,101613.109
1733515200000,99888.9766
1733529600000,99442.6328
1733544000000,99574.1953
1733558400000,99771.5
1733572800000,99855.6875
1733587200000,100205.844
1733601600000,99965.0547
1733616000000,100044.711
1733630400000,99764.2656
1733644800000,99793.125
1733659200000,100001.039
1733673600000,100223.844
1733688000000,101226.859
1733702400000,99196.0156
1733716800000,99642.2266
1733731200000,98102.0547
1733745600000,97769.4688
1733760000000,97044.9531
1733774400000,97355.5547
1733788800000,96974.2031
1733803200000,97196.7266
1733817600000,97777.9453
1733832000000,95694.4062
1733846400000,95887.6562
1733860800000,96629.9766
1733875200000,97422.3984
1733889600000,97336.3203
1733904000000,98340.2734
1733918400000,100421.742
1733932800000,101180.562
1733947200000,101144.289
1733961600000,101077.227
1733976000000,100504.992
1733990400000,100373.359
1734004800000,101825.164
1734019200000,99468.8984
1734033600000,100001.57
1734048000000,99727.9453
1734062400000,100106.68
1734076800000,100345.047
1734091200000,99837.9609
1734105600000,101422.711
1734120000000,101403.828
1734134400000,102090.945
1734148800000,101822.242
1734163200000,101577.898
1734177600000,101602.773
1734192000000,101300.5
1734206400000,101378.547
1734220800000,101663.852
1734235200000,101665.344
1734249600000,102601.461
1734264000000,102664.125
1734278400000,103237.633
1734292800000,104461.359
1734307200000,104527.109
1734321600000,104945.484
1734336000000,103725.805
1734350400000,106333.867
1734364800000,106608.07
1734379200000,106077.305
1734393600000,106871.695
1734408000000,106823.594
1734422400000,106798.812
1734436800000,106444.516
1734451200000,106470.398
1734465600000,106107.344
1734480000000,104707.055
1734494400000,104225.773
1734508800000,104988.641
1734523200000,104385.172
1734537600000,102743.68
1734552000000,100123.93
1734566400000,101105.078
1734580800000,101579.914
1734595200000,102385.094
1734609600000,100586.266
1734624000000,97098.3203
1734638400000,97338.5938
1734652800000,96987.3984
1734667200000,97680.6406
1734681600000,92585.5234
1734696000000,96883.7734
1734710400000,96998.9062
1734724800000,97691.6328
1734739200000,97363.4375
1734753600000,98899.8281
1734768000000,98162.3438
1734782400000,97406.375
1734796800000,97143.5938
1734811200000,97145.0859
1734825600000,96856.4609
1734840000000,96068.8359
1734854400000,96980.7031
1734868800000,95233.9219
1734883200000,94666.9531
1734897600000,95043.6328
1734912000000,95863.75
1734926400000,95255.2344
1734940800000,95781.6719
1734955200000,93065.7422
1734969600000,92871.2422
1734984000000,94719.6719
1734998400000,94203.7578
1735012800000,94041.7656
1735027200000,94218.8984
1735041600000,98179.6641
1735056000000,97467.8516
1735070400000,98552.9844
1735084800000,97869.6641
1735099200000,97950.3906
1735113600000,97757.7109
1735128000000,98384.8984
1735142400000,98869.1484
1735156800000,99300.5938
1735171200000,98847.9766
1735185600000,97573.1484
1735200000000,95531.1562
1735214400000,95879.5469
1735228800000,95939.7578
1735243200000,95600.125
1735257600000,96279.1172
1735272000000,94928.6094
1735286400000,96795.9062
1735300800000,94403.4141
1735315200000,94562.7109
1735329600000,94118.6875
1735344000000,94381.3984
1735358400000,94151.2422
1735372800000,94548.125
1735387200000,94218.4766
1735401600000,94801.2266
1735416000000,95084.6641
1735430400000,94963.7656
1735444800000,95057.6953
1735459200000,94805.6016
1735473600000,94280.9609
1735488000000,93365.9688
1735502400000,93508.3828
1735516800000,93488.9844
1735531200000,93496.4219
1735545600000,93721.8906
1735560000000,91886.1562
1735574400000,94255.8672
1735588800000,92570.3047
1735603200000,92308.3281
1735617600000,92676.1094
1735632000000,94062.5703
1735646400000,95245.1875
1735660800000,93975.1953
1735675200000,93325.4688
1735689600000,93597.125
1735704000000,93444.3281
1735718400000,93222.3906
1735732800000,94213.0156
1735747200000,94420.4453
1735761600000,94361.2969
1735776000000,94806.8203
1735790400000,95673.3828
1735804800000,96607.2109
1735819200000,96332.1641
1735833600000,97203.9141
1735848000000,96858.4531
1735862400000,96939.0859
1735876800000,96183.7031
1735891200000,96636.3359
1735905600000,97413.0859
1735920000000,98494.0938
1735934400000,98079.3125
1735948800000,98101.7188
1735963200000,98183.3359
1735977600000,97813.5625
1735992000000,97596.4375
1736006400000,98099.5781
1736020800000,98140.3516
1736035200000,98098.2734
1736049600000,98179.75
1736064000000,97554.2578
1736078400000,97940.9375
1736092800000,97973.2031
1736107200000,98270.0078
1736121600000,98940.0469
1736136000000,99226.8281
1736150400000,99172.5234
1736164800000,102066.328
1736179200000,101750.141
1736193600000,102178.266
1736208000000,101632.922
1736222400000,101594.812
1736236800000,100773.336
1736251200000,97849.8594
1736265600000,96348.6484
1736280000000,96875.4688
1736294400000,96452.2031
1736308800000,95539.7188
1736323200000,95028.0547
1736337600000,95395.5234
1736352000000,94165.9297
1736366400000,94982.5156
1736380800000,93906.3125
1736395200000,93096.375
1736409600000,93352.1328
1736424000000,94157.3438
1736438400000,91817.8672
1736452800000,92471.9688
1736467200000,93619.6875
1736481600000,94411.7422
1736496000000,95007.9141
1736510400000,93644.2422
1736524800000,95244.0859
1736539200000,94631.4844
1736553600000,94117.4609
1736568000000,94137.3672
1736582400000,94511.9844
1736596800000,94288
1736611200000,94119.7891
1736625600000,94485.6719
1736640000000,94507.5391
1736654400000,94211.6953
1736668800000,94135.6328
1736683200000,94951.6875
1736697600000,94528.8672
1736712000000,94426.5156
1736726400000,94164.2266
1736740800000,93447.6172
1736755200000,90704.8281
1736769600000,92032.7656
1736784000000,92204.6875
1736798400000,94430.8125
1736812800000,94765.3203
1736827200000,94757.8594
1736841600000,96436.7188
1736856000000,96362.1562
1736870400000,96414.9375
1736884800000,96419.4141
1736899200000,97182.0547
1736913600000,97182.0547
1736928000000,96642.1719
1736942400000,98884.0547
1736956800000,99754.3594
1736971200000,100412.977
1736985600000,99350.4297
1737000000000,99699.2344
1737014400000,99073.4453
1737028800000,99207.4141
1737043200000,100315.742
1737057600000,99884.7891
1737072000000,100964.898
1737086400000,101356.109
1737100800000,102151.609
1737115200000,103938.969
1737129600000,105800.805
1737144000000,104030.898
1737158400000,103501.836
1737172800000,102704.117
1737187200000,103468.734
1737201600000,104458.875
1737216000000,104262.508
1737230400000,104401.078
1737244800000,104846.672
1737259200000,105010.648
1737273600000,104163.852
1737288000000,104790.531
1737302400000,106097.234
1737316800000,101243.547
1737331200000,101814.398
1737345600000,107028.898
1737360000000,108142.148
1737374400000,104804.398
1737388800000,103584.711
1737403200000,102135.914
1737417600000,102818.062
1737432000000,101834.633
1737446400000,103655.648
1737460800000,103845.141
1737475200000,106981.695
1737489600000,106101.391
1737504000000,105549.586
1737518400000,105012.75
1737532800000,105055.133
1737547200000,104123.695
1737561600000,104551.852
1737576000000,103599.562
1737590400000,102325.055
1737604800000,102589.57
1737619200000,101844.438
1737633600000,105181.703
1737648000000,103722.398
1737662400000,103830.555
1737676800000,103795.68
1737691200000,104958.305
1737705600000,105344.562
1737720000000,105798.086
1737734400000,105716.453
1737748800000,104762.664
1737763200000,105101.344
1737777600000,104297.391
1737792000000,104568.719
1737806400000,104786.25
1737820800000,104935.062
1737835200000,104636.164
1737849600000,104961.992
1737864000000,104886.945
1737878400000,104714.516
1737892800000,104873.555
1737907200000,104993.797
1737921600000,102466.906
1737936000000,101285.508
1737950400000,98916.4922
1737964800000,98655.6328
1737979200000,101050.844
1737993600000,99586.8203
1738008000000,101974.961
1738022400000,102538.844
1738036800000,102707.695
1738051200000,102661.875
1738065600000,102675.312
1738080000000,102314.906
1738094400000,101216.484
1738108800000,101923.922
1738123200000,102620.102
1738137600000,102481.758
1738152000000,101862.188
1738166400000,103481.484
1738180800000,103659.711
1738195200000,105136.844
1738209600000,105059.781
1738224000000,105243.555
1738238400000,105486.07
1738252800000,105616.023
1738267200000,104638.062
1738281600000,104223.609
1738296000000,104108.328
1738310400000,104653.789
1738324800000,105357.664
1738339200000,102197.492
1738353600000,102318.82
1738368000000,102122.68
1738382400000,102048.016
1738396800000,101933.07
1738411200000,101987.68
1738425600000,101599.711
1738440000000,100545.672
1738454400000,99110.5469
1738468800000,99530.7578
1738483200000,98763.4922
1738497600000,99261.1172
1738512000000,98174.0078
1738526400000,97605.8281
1738540800000,94011.5625
1738555200000,95321.2969
1738569600000,95091.8359
1738584000000,98882.4922
1738598400000,101929.789
1738612800000,101321.367
1738627200000,100616.742
1738641600000,98435.3438
1738656000000,98966.0391
1738670400000,99336.2578
1738684800000,98829.3828
1738699200000,97691.8906
1738713600000,98011.6016
1738728000000,97806.7734
1738742400000,98171.1562
1738756800000,98065.0469
1738771200000,97306.3906
1738785600000,96532.6172
1738800000000,97291.1562
1738814400000,98140.5156
1738828800000,98823.3828
1738843200000,97264.2344
1738857600000,95927.3125
1738872000000,96484.0859
1738886400000,97378.3984
1738900800000,96684.0156
1738915200000,97686.4297
1738929600000,98230.0781
1738944000000,96834.6797
1738958400000,96423.2109
1738972800000,96630.6797
1738987200000,96121.2109
1739001600000,96035.0625
1739016000000,95743.7891
1739030400000,96487.8594
1739044800000,96393.8125
1739059200000,97240.3984
1739073600000,96980.8125
1739088000000,96503.3906
1739102400000,96426.8047
1739116800000,96000.1562
1739131200000,96407.75
1739145600000,96730
1739160000000,97348.3906
1739174400000,97594.3203
1739188800000,97155.0078
1739203200000,97303.9531
1739217600000,97366
1739232000000,97548.1094
1739246400000,98179.0781
1739260800000,98057.2266
1739275200000,96928.6094
1739289600000,94954.3438
1739304000000,95692.2734
1739318400000,95200.7266
1739332800000,95974.7109
1739347200000,96005
1739361600000,95725.1484
1739376000000,97117.375
1739390400000,97780.2109
1739404800000,97417.1719
1739419200000,95981.6016
1739433600000,95853.2812
1739448000000,95916.3438
1739462400000,95562.875
1739476800000,96534.1875
1739491200000,97066.9297
1739505600000,96864.8047
1739520000000,96797.2812
1739534400000,96831.0391
1739548800000,97867.2344
1739563200000,97413.8516
1739577600000,97584.2422
1739592000000,97280.25
1739606400000,97540.8828
1739620800000,97554.7812
1739635200000,97438.3984
1739649600000,97499.875
1739664000000,97462.7812
1739678400000,97160.5625
1739692800000,97242.7109
1739707200000,96832.1406
1739721600000,96988.3594
1739736000000,96038.7734
1739750400000,96139.0625
1739764800000,96009.1953
1739779200000,96001.7656
1739793600000,95590.9375
1739808000000,95469.4688
1739822400000,95718.6641
1739836800000,96124.4766
1739851200000,95372.5469
1739865600000,95543.2422
1739880000000,95459.0156
1739894400000,93990.9844
1739908800000,95532.0703
1739923200000,95606.4219
1739937600000,95591.5391
1739952000000,96336.0234
1739966400000,95843.6719
1739980800000,96114.8594
1739995200000,96555.7656
1740009600000,96981.0547
1740024000000,96810.25
1740038400000,97125.7969
1740052800000,96814.0469
1740067200000,98347.2969
1740081600000,98235.9375
1740096000000,98090.4844
1740110400000,98107.375
1740124800000,98550.4609
1740139200000,98026.4062
1740153600000,95243.7031
1740168000000,96176.5547
1740182400000,96316.6172
1740196800000,96306.6797
1740211200000,96591.0859
1740225600000,96611.9297
1740240000000,96613.9141
1740254400000,96532.0938
1740268800000,96416.1016
1740283200000,96495.8047
1740297600000,96113.3047
1740312000000,95445.6641
1740326400000,95764.1328
1740340800000,96271.4531
1740355200000,95437.0938
1740369600000,95856.5078
1740384000000,95831.2109
1740398400000,94332.8047
1740412800000,93958.7891
1740427200000,91523.6953
1740441600000,92152.6016
1740456000000,89283.3594
1740470400000,89231.9688
1740484800000,87182.3125
1740499200000,87886.6875
1740513600000,88597.2969
1740528000000,88804.3906
1740542400000,88650.8281
1740556800000,88549.1406
1740571200000,87464.2656
1740585600000,83766.0234
1740600000000,84130.5781
1740614400000,85131.6406
1740628800000,86165.6094
1740643200000,86582.2891
1740657600000,85432.5625
1740672000000,84000.6016
1740686400000,84635.9844
1740700800000,80326.5781
1740715200000,79063.4062
1740729600000,80383.0625
1740744000000,83941.8438
1740758400000,84364.9609
1740772800000,84227.3125
1740787200000,85211.8828
1740801600000,84599.1641
1740816000000,84503.4453
1740830400000,84672.2734
1740844800000,85340.0625
1740859200000,85929.2266
1740873600000,85714.5781
1740888000000,86120.8516
1740902400000,85966.0469
1740916800000,87307.3828
1740931200000,93426.5391
1740945600000,94163.7734
1740960000000,92599.9609
1740974400000,92249.3984
1740988800000,92618.0469
1741003200000,89922.4531
1741017600000,85403.2188
1741032000000,86063.7812
1741046400000,83866.6172
1741060800000,83039.2969
1741075200000,83829.7266
1741089600000,82836.3984
1741104000000,88101.1094
1741118400000,87154.8828
1741132800000,86729.9219
1741147200000,87491.5078
1741161600000,89728.3125
1741176000000,88221.8984
1741190400000,89628.6953
1741204800000,90489.8125
1741219200000,91496.1562
1741233600000,91232.0078
1741248000000,91228.5234
1741262400000,90715.3516
1741276800000,88443.7109
1741291200000,89826.3047
1741305600000,86853.5
1741320000000,88262.0625
1741334400000,88868.9219
1741348800000,88350.3984
1741363200000,87705.2578
1741377600000,86673.1484
1741392000000,85806.9688
1741406400000,86082.4688
1741420800000,85844.6641
1741435200000,86273.9375
1741449600000,86114.4688
1741464000000,86119.4453
1741478400000,86026.3047
1741492800000,85886.3594
1741507200000,84925.5859
1741521600000,82976.8359
1741536000000,82507.1484
1741550400000,80654.2266
1741564800000,81955.0781
1741579200000,82214.2188
1741593600000,83486.9062
1741608000000,79928.0078
1741622400000,78947.0703
1741636800000,78506.4766
1741651200000,79434.0078
1741665600000,80326.9453
1741680000000,81619.0156
1741694400000,81106.5859
1741708800000,83012.2578
1741723200000,82825.8984
1741737600000,82005.7422
1741752000000,82307.5156
1741766400000,82902.0781
1741780800000,81603.3906
1741795200000,82818.9375
1741809600000,83565.125
1741824000000,83478.9844
1741838400000,83057.8125
1741852800000,82845.7422
1741867200000,80932.2969
1741881600000,80077.1562
1741896000000,80997.6406
1741910400000,81791.0078
1741924800000,82071.75
1741939200000,83174.5078
1741953600000,84629.4922
1741968000000,84471.8672
1741982400000,83892.5469
1741996800000,84394.2344
1742011200000,83749.5234
1742025600000,84012.4688
1742040000000,84238.1562
1742054400000,84193.1172
1742068800000,84259.4844
1742083200000,84232.0703
1742097600000,84174.6875
1742112000000,82316.5234
1742126400000,83223.0859
1742140800000,83010.0781
1742155200000,82475.0391
1742169600000,83583.5
1742184000000,83439.2578
1742198400000,83416.6016
1742212800000,83425.4453
1742227200000,84371.0547
1742241600000,83901.4609
1742256000000,83048.2656
1742270400000,83074.2891
1742284800000,82493.6406
1742299200000,81512.9297
1742313600000,82207.6094
1742328000000,82612.7578
1742342400000,82932.8594
1742356800000,83100.0938
1742371200000,83785.1484
1742385600000,84642.1953
1742400000000,85356.5938
1742414400000,86751.0938
1742428800000,85812.6172
1742443200000,85722.1719
1742457600000,85381.6016
1742472000000,84580.8438
1742486400000,84045.1328
1742500800000,84088.8594
1742515200000,84308.2969
1742529600000,83803.3828
1742544000000,83921.0156
1742558400000,83440.5625
1742572800000,83833.4766
1742587200000,83978.1484
1742601600000,84126.8594
1742616000000,84155.0156
1742630400000,84122.1328
1742644800000,83994.8828
1742659200000,84074.4609
1742673600000,83747.4609
1742688000000,84129.2422
1742702400000,84181.2891
1742716800000,84590.9688
1742731200000,85073.5859
1742745600000,84906.9531
1742760000000,85971.5156
1742774400000,86426.5312
1742788800000,86783.3125
1742803200000,87582.9922
1742817600000,88225.6797
1742832000000,88127.5156
1742846400000,87412.5156
1742860800000,86427.3125
1742875200000,86359.4375
1742889600000,87293.1875
1742904000000,87680.0078
1742918400000,88025.0391
1742932800000,87343.5547
1742947200000,87084.0625
1742961600000,88060.9375
1742976000000,87896.4062
1742990400000,86650.5078
1743004800000,86471.4141
1743019200000,86825.2656
1743033600000,87591.8281
1743048000000,87314.7344
1743062400000,86869.5156
1743076800000,86874.4766
1743091200000,86967.3359
1743105600000,87124.3516
1743120000000,86691.3906
1743134400000,85097.4922
1743148800000,85150.4922
1743163200000,83934.8906
1743177600000,83686.7422
1743192000000,84308.9375
1743206400000,84054.6172
1743220800000,83628.2656
1743235200000,82181.4297
1743249600000,82314.6172
1743264000000,82668.0938
1743278400000,82549.7578
1743292800000,82998.2031
1743307200000,82976.9297
1743321600000,83009.5703
1743336000000,82635.8125
1743350400000,82456.8125
1743364800000,82306.7422
1743379200000,81447.0859
1743393600000,81859.4141
1743408000000,82135.6172
1743422400000,83326.3672
1743436800000,82362.5703
1743451200000,82458.1172
1743465600000,82879.8516
1743480000000,83372.2656
1743494400000,83836.5078
1743508800000,85183.4531
1743523200000,84869.0547
1743537600000,85063.8047
1743552000000,84463.8828
1743566400000,84333.0703
1743580800000,84470.0703
1743595200000,86650.1562
1743609600000,86803.1016
1743624000000,82417.4141
1743638400000,83383.375
1743652800000,83371.4297
1743667200000,83002.9844
1743681600000,81931.3828
1743696000000,81880.1875
1743710400000,83089.1094
1743724800000,82702.8047
1743739200000,83914.2812
1743753600000,82578.2344
1743768000000,82739.1016
1743782400000,83896.7344
1743796800000,83769.7734
1743811200000,83516.9922
1743825600000,83404.8984
1743840000000,83354.0938
1743854400000,82509.4766
1743868800000,82748.5078
1743883200000,83411.6953
1743897600000,83215.0156
1743912000000,82904.9531
1743926400000,82724.2969
1743940800000,82443.8828
1743955200000,79509.5234
1743969600000,78295.7891
1743984000000,77603.8281
1743998400000,75008.3672
1744012800000,76589.6641
1744027200000,78366.3672
1744041600000,77994.1875
1744056000000,79053.1641
1744070400000,79790.7969
1744084800000,79394.0781
1744099200000,79888.4922
1744113600000,78387.4531
1744128000000,76734.6562
1744142400000,76197.9531
1744156800000,74932.9453
1744171200000,77572.4844
1744185600000,76122.1797
1744200000000,77134.2734
1744214400000,82210.0859
1744228800000,82502.7188
1744243200000,81655.9297
1744257600000,81482.3203
1744272000000,81751.0625
1744286400000,78628.5781
1744300800000,79514.8438
1744315200000,79470.9766
1744329600000,80711.7812
1744344000000,81131.3125
1744358400000,82000.5
1744372800000,82374.4922
1744387200000,83734.1406
1744401600000,83284.1953
1744416000000,82846.2109
1744430400000,83595.3672
1744444800000,83402.5859
1744459200000,84884.2344
1744473600000,84819.0703
1744488000000,85163.4141
1744502400000,85301.5703
1744516800000,84310.6797
1744531200000,84408.3984
1744545600000,83727.9688
1744560000000,83875.7109
1744574400000,83636.2422
1744588800000,84445.3438
1744603200000,84471.5234
1744617600000,84818.875
1744632000000,84001.3984
1744646400000,84799.4062
1744660800000,84481.1719
1744675200000,85281.5703
1744689600000,85645.2109
1744704000000,85485.1406
1744718400000,84822.0859
1744732800000,83902.8359
1744747200000,83560.1172
1744761600000,83598.6562
1744776000000,83271.0703
1744790400000,83950.1875
1744804800000,84749.1328
1744819200000,84241.7578
1744833600000,83952.6562
1744848000000,83911.9453
1744862400000,84585.1953
1744876800000,84460.8906
1744891200000,84435.8047
1744905600000,84749.1641
1744920000000,84854.9766
1744934400000,84742.2188
1744948800000,84560.2031
1744963200000,84576.2578
1744977600000,84271.4766
1744992000000,84458.5312
1745006400000,84364.7188
1745020800000,84776.6719
1745035200000,85115.6172
1745049600000,85130.8672
1745064000000,85076.0703
1745078400000,84990.0781
1745092800000,84971.4766
1745107200000,85058.1719
1745121600000,84688.3203
1745136000000,84035.3828
1745150400000,84268.4688
1745164800000,84555.4375
1745179200000,85084.2344
1745193600000,87092.5859
1745208000000,87335.2734
1745222400000,86880.9453
1745236800000,87964.0859
1745251200000,87314.625
1745265600000,87403.2344
1745280000000,88068.125
1745294400000,88381.1094
1745308800000,88516.5547
1745323200000,90866.9219
1745337600000,91348.0938
1745352000000,93377.8047
1745366400000,93066.2891
1745380800000,94029.9531
1745395200000,93378
1745409600000,93096.3906
1745424000000,93391.0547
1745438400000,93606.9375
1745452800000,92568.9766
1745467200000,92114.9297
1745481600000,92514.1016
1745496000000,93135.0391
1745510400000,93473.2109
1745524800000,93912.5312
1745539200000,93234.5078
1745553600000,93714.3125
1745568000000,94549.7969
1745582400000,95038.3359
1745596800000,95250.0859
1745611200000,94607.7344
1745625600000,94688.875
1745640000000,94505.1562
1745654400000,94084.1797
1745668800000,94319.8281
1745683200000,94247.0703
1745697600000,94547.8203
1745712000000,94107.8672
1745726400000,93989.5859
1745740800000,93845.2188
1745755200000,93841.3672
1745769600000,94358.7344
1745784000000,93668.8906
1745798400000,93782
1745812800000,94630.9062
1745827200000,95260.5391
1745841600000,93772.4219
1745856000000,94715.125
1745870400000,94918.625
1745884800000,94576.1016
1745899200000,94842.2656
1745913600000,95064.4219
1745928000000,94772.5547
1745942400000,95224.2344
1745956800000,94187.5625
1745971200000,94953.9922
1745985600000,94551.2734
1746000000000,95103.6953
1746014400000,93938.2344
1746028800000,94069.2031
1746043200000,94084.6875
1746057600000,94688.2578
1746072000000,94943.0859
1746086400000,96090.5234
1746100800000,96807.6406
1746115200000,96450.5156
1746129600000,96412.0625
1746144000000,97034.5156
1746158400000,96297.6719
1746172800000,96873.4375
1746187200000,97248.0625
1746201600000,96853.75
1746216000000,96819.8594
1746230400000,96270.7266
1746244800000,96259.8203
1746259200000,95876.6641
1746273600000,96332.875
1746288000000,96281.375
1746302400000,95805.1484
1746316800000,95645.1953
1746331200000,95795.1484
1746345600000,95320.6562
1746360000000,95379.4297
1746374400000,95496.8281
1746388800000,94205.875
1746403200000,93981.3672
1746417600000,94683.7891
1746432000000,93973.75
1746446400000,93684.875
1746460800000,94249.3594
1746475200000,94643.9453
1746489600000,94355.0703
1746504000000,94302.2812
1746518400000,93730.4766
1746532800000,94461.1641
1746547200000,94871.6406
1746561600000,96723.7031
1746576000000,96398.5938
1746590400000,96881.2031
1746604800000,96925.5625
1746619200000,96846.3359
1746633600000,96079.2422
1746648000000,96945.8906
1746662400000,99031.4141
1746676800000,99152.3672
1746691200000,99322.1172
1746705600000,100656.469
1746720000000,101189.523
1746734400000,103149.633
1746748800000,102341.602
1746763200000,103529.438
1746777600000,102833.383
1746792000000,102781.273
1746806400000,103076.992
1746820800000,102864.75
1746835200000,103119.984
1746849600000,103632.273
1746864000000,103328.867
1746878400000,103045.57
1746892800000,103073.75
1746907200000,104696.836
1746921600000,103908.453
1746936000000,103309.43
1746950400000,104560.18
1746964800000,104055.992
1746979200000,104374.586
1746993600000,104052.109
1747008000000,104054.594
1747022400000,104409.664
1747036800000,103675.086
1747051200000,102430.109
1747065600000,101770.57
1747080000000,102722.094
1747094400000,101657.43
1747108800000,102573.648
1747123200000,103643.398
1747137600000,103615.969
1747152000000,104729.953
1747166400000,104043.086
1747180800000,103477.156
1747195200000,103621.414
1747209600000,103866.414
1747224000000,103427.305
1747238400000,103243.211
1747252800000,103429.531
1747267200000,102669.422
1747281600000,101724.57
1747296000000,102315.82
1747310400000,103184.844
1747324800000,103070.188
1747339200000,103695.594
1747353600000,103946.539
1747368000000,103630.703
1747382400000,103594.578
1747396800000,104103.719
1747411200000,103962.523
1747425600000,103397.305
1747440000000,103424.195
1747454400000,103367.094
1747468800000,102929.852
1747483200000,102895.242
1747497600000,103104.75
1747512000000,103069.797
1747526400000,103222.742
1747540800000,103845.023
1747555200000,103731.844
1747569600000,105424.695
1747584000000,103835.719
1747598400000,106386.336
1747612800000,103524.375
1747627200000,103170.445
1747641600000,102891.109
1747656000000,104717.523
1747670400000,105445.477
1747684800000,105506.938
1747699200000,105670.961
1747713600000,104958.281
1747728000000,105140.812
1747742400000,105265.203
1747756800000,106970.086
1747771200000,106772.695
1747785600000,106780.961
1747800000000,106449.656
1747814400000,106479.609
1747828800000,108929.984
1747843200000,108558.906
1747857600000,109573.633
1747872000000,111684.328
1747886400000,110968.883
1747900800000,110887.539
1747915200000,111204.711
1747929600000,111096.734
1747944000000,111615.594
1747958400000,111008.562
1747972800000,110656.539
1747987200000,109010.898
1748001600000,108876.57
1748016000000,108648.438
1748030400000,107247.461
1748044800000,108286.5
1748059200000,107539.625
1748073600000,109127.648
1748088000000,108880.539
1748102400000,108897.062
1748116800000,107707.07
1748131200000,108056.469
1748145600000,107599.602
1748160000000,107210.055
1748174400000,106926.875
1748188800000,107658.82
1748203200000,108941.539
1748217600000,109580.219
1748232000000,110053.281
1748246400000,109719.695
1748260800000,109933.539
1748275200000,109079.117
1748289600000,109387.414
1748304000000,108836.984
1748318400000,109459.094
1748332800000,109531.875
1748347200000,110079.57
1748361600000,109817.68
1748376000000,108894.773
1748390400000,108840.734
1748404800000,108776.094
1748419200000,108832.453
1748433600000,107073.703
1748448000000,106882.68
1748462400000,107727.078
1748476800000,107993.094
1748491200000,107821.008
1748505600000,108712.383
1748520000000,106958.914
1748534400000,105655.312
1748548800000,105491.062
1748563200000,105959.07
1748577600000,104993.938
1748592000000,105826.523
1748606400000,105469.219
1748620800000,104564.602
1748635200000,103962.875
1748649600000,103624.422
1748664000000,103718.641
1748678400000,103462.969
1748692800000,104516.555
1748707200000,104669.305
1748721600000,104577
1748736000000,104335.25
1748750400000,104243.57
1748764800000,104049.219
1748779200000,104664.812
1748793600000,105079.133
1748808000000,105589.125
1748822400000,104782.203
1748836800000,105335.664
1748851200000,103999.625
1748865600000,104393.992
1748880000000,104376.398
1748894400000,105805.859
1748908800000,105456.352
1748923200000,105139.883
1748937600000,105267.188
1748952000000,106561.789
1748966400000,106193.852
1748980800000,105362.18
1748995200000,105491.328
1749009600000,105279.102
1749024000000,105076.828
1749038400000,105231.008
1749052800000,104872.008
1749067200000,104648.758
1749081600000,104984.82
1749096000000,104488.531
1749110400000,104788.836
1749124800000,104496.734
1749139200000,101842.031
1749153600000,101479.594
1749168000000,102478.242
1749182400000,103110.102
1749196800000,103903.031
1749211200000,105052.484
1749225600000,104183.188
1749240000000,104274.75
1749254400000,104848.32
1749268800000,104851.406
1749283200000,105102.977
1749297600000,105511.32
1749312000000,105666.297
1749326400000,105521.711
1749340800000,105436.359
1749355200000,105372.445
1749369600000,105638.414
1749384000000,105913.562
1749398400000,106222.422
1749412800000,105684.359
1749427200000,105593.094
1749441600000,105521.852
1749456000000,107703.508
1749470400000,107583.062
1749484800000,108520.406
1749499200000,110174.766
1749513600000,109482.023
1749528000000,109149.359
1749542400000,109478.703
1749556800000,108951.219
1749571200000,109448.227
1749585600000,110159.734
1749600000000,109621.133
1749614400000,109363.75
1749628800000,109153.586
1749643200000,109660.242
1749657600000,108678.594
1749672000000,108573.508
1749686400000,107793.102
1749700800000,107544.992
1749715200000,106825.781
1749729600000,106946.492
1749744000000,106743.516
1749758400000,105608.344
1749772800000,104285.844
1749787200000,104856.234
1749801600000,104989.703
1749816000000,105396.359
1749830400000,105068.719
1749844800000,106022.578
1749859200000,105201.812
1749873600000,105031.82
1749888000000,105040.641
1749902400000,104799.555
1749916800000,104612.656
1749931200000,105357.789
1749945600000,105438.391
1749960000000,105390.945
1749974400000,104922.016
1749988800000,105511.109
1750003200000,105228.406
1750017600000,105510.938
1750032000000,105845.289
1750046400000,106977.258
1750060800000,106814.508
1750075200000,107362.711
1750089600000,108574.359
1750104000000,106732.992
1750118400000,107522.68
1750132800000,106696.539
1750147200000,105569.109
1750161600000,104178.711
1750176000000,104611.914
1750190400000,104487.086
1750204800000,105102.641
1750219200000,104905.469
1750233600000,104778.359
1750248000000,104737.594
1750262400000,103741.922
1750276800000,104816.078
1750291200000,105023.703
1750305600000,104575.625
1750320000000,104709.555
1750334400000,104034.32
1750348800000,104201.297
1750363200000,104588.727
1750377600000,104541.25
1750392000000,105743.297
1750406400000,105898.102
1750420800000,104140.477
1750435200000,103261.523
1750449600000,103216.938
1750464000000,103429.055
1750478400000,103399.227
1750492800000,103806
1750507200000,103514.375
1750521600000,102185.344
1750536000000,102061.633
1750550400000,102314.258
1750564800000,102378.734
1750579200000,102653.516
1750593600000,98871.5859
1750608000000,98845.8594
1750622400000,100905.82
1750636800000,101094.859
1750651200000,101884.836
1750665600000,101223.844
1750680000000,101393.398
1750694400000,103119.703
1750708800000,105313.57
1750723200000,104894.516
1750737600000,104925.891
1750752000000,105130.07
1750766400000,105197.688
1750780800000,105582.523
1750795200000,106016.18
1750809600000,106189.242
1750824000000,106558.055
1750838400000,107127.617
1750852800000,106972.086
1750867200000,107686.836
1750881600000,107277.727
1750896000000,107803.453
1750910400000,107767.688
1750924800000,107273.086
1750939200000,107225.141
1750953600000,107447.477
1750968000000,106910.273
1750982400000,107401.922
1750996800000,106823.906
1751011200000,106931.172
1751025600000,107250.281
1751040000000,106740.953
1751054400000,106997.344
1751068800000,107228.047
1751083200000,107442.469
1751097600000,107321.922
1751112000000,107404.25
1751126400000,107163.648
1751140800000,107242.906
1751155200000,107157.125
1751169600000,107334.992
1751184000000,108412.133
1751198400000,107703.43
1751212800000,107351.742
1751227200000,108274.109
1751241600000,108445.344
1751256000000,107553.031
1751270400000,107596.086
1751284800000,107511.133
1751299200000,107668.008
1751313600000,107069.422
1751328000000,107132.977
1751342400000,107091.008
1751356800000,106540.672
1751371200000,105905.383
1751385600000,105329.68
1751400000000,105611.398
1751414400000,106122.859
1751428800000,107007.375
1751443200000,107404.453
1751457600000,108696.633
1751472000000,109633.93
1751486400000,108783.07
1751500800000,108592.562
1751515200000,109227.531
1751529600000,109521.086
1751544000000,109052.125
1751558400000,109733.766
1751572800000,109511.891
1751587200000,109174.836
1751601600000,108652.5
1751616000000,108827.969
1751630400000,107548.883
1751644800000,107439.109
1751659200000,107924.836
1751673600000,108101.961
1751688000000,107982.922
1751702400000,108049.445
1751716800000,107992.359
1751731200000,108085.75
1751745600000,108135.336
1751760000000,107979.625
1751774400000,107973
1751788800000,108022.383
1751803200000,108822.594
1751817600000,108448.305
1751832000000,109122.242
1751846400000,109318.414
1751860800000,108971.734
1751875200000,108570.625
1751889600000,108230.977
1751904000000,107966.758
1751918400000,108173.859
1751932800000,107807.539
1751947200000,108390.203
1751961600000,108671.984
1751976000000,108183.352
1751990400000,108696.367
1752004800000,108848.742
1752019200000,108283.203
1752033600000,108627.297
1752048000000,108978.156
1752062400000,108978.156
1752076800000,111665.492
1752091200000,111184.523
1752105600000,110994.328
1752120000000,111181.336
1752134400000,110972.383
1752148800000,111347.117
1752163200000,113247
1752177600000,115908.953
1752192000000,116762.781
1752206400000,117532.594
1752220800000,117789.68
1752235200000,116873.211
1752249600000,118033.398
1752264000000,117471.07
1752278400000,117687.906
1752292800000,117645.273
1752307200000,117746.672
1752321600000,117056.57
1752336000000,117490.07
1752350400000,117359.664
1752364800000,117701.508
1752379200000,117916.859
1752393600000,118030.391
1752408000000,118651.062
1752422400000,118893.656
1752436800000,118989.797
1752451200000,120692.578
1752465600000,122672.641
1752480000000,121429.617
1752494400000,119847.227
1752508800000,119921.055
1752523200000,119846.469
1752537600000,117197.961
1752552000000,116785.289
1752566400000,117131.203
1752580800000,116403.375
1752595200000,116422.961
1752609600000,117740.797
1752624000000,117489.531
1752638400000,118186.812
1752652800000,118747.055
1752667200000,119065.766
1752681600000,119248.898
1752696000000,118643.875
1752710400000,118090.672
1752724800000,118304.422
1752739200000,117986.516
1752753600000,118894.656
1752768000000,118962.078
1752782400000,119184.289
1752796800000,120248.484
1752811200000,119371.859
1752825600000,119202.672
1752840000000,117871.688
1752854400000,117385.258
1752868800000,117957.703
1752883200000,118361.469
1752897600000,118214.617
1752912000000,118359.828
1752926400000,118089.539
1752940800000,118014.383
1752955200000,117857.562
1752969600000,117984.453
1752984000000,118058.875
1752998400000,117937.961
1753012800000,118712.477
1753027200000,118200.219
1753041600000,117307.102
1753056000000,118428.805
1753070400000,119354.266
1753084800000,118076.672
1753099200000,118373.266
1753113600000,116802
1753128000000,117396.711
1753142400000,117224.547
1753156800000,118007.828
1753171200000,119194.75
1753185600000,118945.258
1753200000000,119317.383
1753214400000,120037.773
1753228800000,118663.203
1753243200000,118388.18
1753257600000,118562.852
1753272000000,118602.609
1753286400000,118413.984
1753300800000,118752.586
1753315200000,118525.359
1753329600000,118422.742
1753344000000,118615.422
1753358400000,119122.281
1753372800000,118940.016
1753387200000,118332.461
1753401600000,115428.336
1753416000000,115318.562
1753430400000,116562.656
1753444800000,115762.406
1753459200000,116730.195
1753473600000,117644.109
1753488000000,117513.625
1753502400000,117341.992
1753516800000,117793.008
1753531200000,118151.25
1753545600000,118234.438
1753560000000,117899.328
1753574400000,118179.516
1753588800000,118115.617
1753603200000,118062.062
1753617600000,118582.148
1753632000000,118957.82
1753646400000,119419.883
1753660800000,119254.969
1753675200000,118853.758
1753689600000,118778.797
1753704000000,118173.984
1753718400000,118049.883
1753732800000,118025.906
1753747200000,118712.516
1753761600000,118835.445
1753776000000,118549.242
1753790400000,117344.109
1753804800000,117453.484
1753819200000,117852.359
1753833600000,118071.047
1753848000000,118030.141
1753862400000,117456.383
1753876800000,117900.43
1753891200000,116830.797
1753905600000,117749.656
1753920000000,118354.18
1753934400000,118573.375
1753948800000,118256.32
1753963200000,118196.242
1753977600000,116715.203
1753992000000,115682.438
1754006400000,115586.008
1754020800000,114996.93
1754035200000,115228.219
1754049600000,115224.836
1754064000000,113213.672
1754078400000,113198.922
1754092800000,113800.664
1754107200000,113889
1754121600000,113694.523
1754136000000,112763.672
1754150400000,112149.055
1754164800000,112473.695
1754179200000,113488.367
1754193600000,113595.938
1754208000000,113759.656
1754222400000,113856.75
1754236800000,114210.648
1754251200000,114119.43
1754265600000,114505.156
1754280000000,114585.398
1754294400000,114397.695
1754308800000,114739.453
1754323200000,114680.445
1754337600000,114967.891
1754352000000,114173.562
1754366400000,113893.93
1754380800000,114739.109
1754395200000,112854.375
1754409600000,113544.531
1754424000000,114049.352
1754438400000,113445.281
1754452800000,114141.602
1754467200000,114127.602
1754481600000,115310.148
1754496000000,115177.375
1754510400000,114932.391
1754524800000,114480.539
1754539200000,114714.797
1754553600000,116402.547
1754568000000,116610.008
1754582400000,117379.867
1754596800000,117397.289
1754611200000,116679.219
1754625600000,116766.023
1754640000000,116849.133
1754654400000,116155.07
1754668800000,116367.414
1754683200000,116588.984
1754697600000,116307.258
1754712000000,116678.227
1754726400000,117028.477
1754740800000,116802.844
1754755200000,116511.539
1754769600000,116445.531
1754784000000,118450.203
1754798400000,117728.32
1754812800000,118242.117
1754827200000,118719.781
1754841600000,118601.242
1754856000000,119211.93
1754870400000,121624.969
1754884800000,121415.891
1754899200000,120460.391
1754913600000,120235.984
1754928000000,119041.352
1754942400000,118657.336
1754956800000,118810.969
1754971200000,118932.461
1754985600000,118442.977
1755000000000,119846.555
1755014400000,119581.484
1755028800000,120054.016
1755043200000,119420.5
1755057600000,119522.312
1755072000000,120496.727
1755086400000,120851.383
1755100800000,122652.703
1755115200000,123279.758
1755129600000,123336.273
1755144000000,121734.367
1755158400000,120956.164
1755172800000,118293.914
1755187200000,117953.328
1755201600000,118313.047
1755216000000,119009.422
1755230400000,118977.07
1755244800000,118998.945
1755259200000,117253.938
1755273600000,116921.75
1755288000000,117335.164
1755302400000,117430.727
1755316800000,117603.625
1755331200000,117383.773
1755345600000,117653.539
1755360000000,117645.289
1755374400000,117359.336
1755388800000,117662.031
1755403200000,117986.102
1755417600000,118271.156
1755432000000,118211.836
1755446400000,117563.352
1755460800000,117395.961
1755475200000,115332.688
1755489600000,115219.477
1755504000000,114943.281
1755518400000,116099.219
1755532800000,116273.773
1755547200000,116175.273
1755561600000,114766.68
1755576000000,114929.602
1755590400000,115473.594
1755604800000,113718.273
1755619200000,113053.094
1755633600000,112790.617
1755648000000,113462.555
1755662400000,113437.664
1755676800000,113614.492
1755691200000,113268.484
1755705600000,114204.086
1755720000000,114181.617
1755734400000,113872.477
1755748800000,113805.391
1755763200000,113071.367
1755777600000,112733.164
1755792000000,112121.078
1755806400000,112421.688
1755820800000,112856.969
1755835200000,113025.883
1755849600000,112246.586
1755864000000,116242.305
1755878400000,116535.117
1755892800000,116815.672
1755907200000,115445.922
1755921600000,115680.492
1755936000000,115183.359
1755950400000,114756.922
1755964800000,115063.773
1755979200000,115349.43
1755993600000,114989.391
1756008000000,114849.914
1756022400000,114708.789
1756036800000,114419.5
1756051200000,112578.93
1756065600000,113468.07
1756080000000,112878.812
1756094400000,111462.742
1756108800000,111145.641
1756123200000,112127.477
1756137600000,110650.258
1756152000000,110054.977
1756166400000,109819.766
1756180800000,110230.445
1756195200000,109818.211
1756209600000,109624.055
1756224000000,111050.5
1756238400000,111695.953
1756252800000,111371.617
1756267200000,110665.18
1756281600000,111262.516
1756296000000,111956.641
1756310400000,112002.859
1756324800000,111163.133
1756339200000,111910.383
1756353600000,113039.594
1756368000000,112831.695
1756382400000,112597.492
1756396800000,111809.086
1756411200000,112474.82
1756425600000,111626.75
1756440000000,109944.859
1756454400000,110029.211
1756468800000,108332.281
1756483200000,108160.461
1756497600000,108327.352
1756512000000,108359.305
1756526400000,108417.133
1756540800000,108607.906
1756555200000,108793.789
1756569600000,108752.414
1756584000000,108730.344
1756598400000,109135.93
1756612800000,108637.766
1756627200000,108330.844
1756641600000,108734.086
1756656000000,108848.227
1756670400000,108179.586
1756684800000,107594.352
1756699200000,109342.883
1756713600000,108698.5
1756728000000,108729.664
1756742400000,109166.969
1756756800000,109143.938
1756771200000,110238.211
1756785600000,110150.734
1756800000000,109645.555
1756814400000,110744.055
1756828800000,110703
1756843200000,111130.5
1756857600000,110948
1756872000000,111003.531
1756886400000,111344.148
1756900800000,112133.539
1756915200000,112115.734
1756929600000,111631.484
1756944000000,111096.219
1756958400000,110373.586
1756972800000,110760.195
1756987200000,109434.328
1757001600000,109709.469
1757016000000,110619.891
1757030400000,111213.359
1757044800000,112855.961
1757059200000,112252.594
1757073600000,110622.336
1757088000000,111519.008
1757102400000,110591.016
1757116800000,110994.602
1757131200000,110738.016
1757145600000,110702.625
1757160000000,110302.875
1757174400000,109963.039
1757188800000,110119.93
1757203200000,110577.016
1757217600000,110688.539
1757232000000,111204.883
1757246400000,111229.109
1757260800000,111165.562
1757275200000,111037.312
1757289600000,110951.805
1757304000000,111171.352
1757318400000,111943.109
1757332800000,112528.68
1757347200000,112005.156
1757361600000,111971.797
1757376000000,111607.133
1757390400000,112907.023
1757404800000,112349.836
1757419200000,110831.172
1757433600000,111243.844
1757448000000,111456.352
1757462400000,111464.891
1757476800000,112445.422
1757491200000,112213.648
1757505600000,113765.844
1757520000000,113480.828
1757534400000,113872.852
1757548800000,114307.047
1757563200000,114011.75
1757577600000,113955.68
1757592000000,114091.789
1757606400000,114339.828
1757620800000,115406.555
1757635200000,115124.672
1757649600000,115027.922
1757664000000,114849.117
1757678400000,115029
1757692800000,116593.461
1757707200000,115983.875
1757721600000,115909.336
1757736000000,115734.781
1757750400000,115923.164
1757764800000,115737.281
1757779200000,115763.805
1757793600000,115861.109
1757808000000,115622.008
1757822400000,115750.062
1757836800000,115753.43
1757851200000,115197.305
1757865600000,115602.312
1757880000000,115245.438
1757894400000,115386.906
1757908800000,115764.062
1757923200000,115031.359
1757937600000,114819.867
1757952000000,115261.555
1757966400000,115312.734
1757980800000,115257.609
1757995200000,115772.789
1758009600000,115216.234
1758024000000,115833.328
1758038400000,116708.25
1758052800000,116703.906
1758067200000,116299.164
1758081600000,117124.508
1758096000000,116209.211
1758110400000,115832.219
1758124800000,115596.578
1758139200000,116374.766
1758153600000,117524.141
1758168000000,117015.75
1758182400000,116997.906
1758196800000,117523
1758211200000,117408.336
1758225600000,117034.531
1758240000000,116930.852
1758254400000,116854.93
1758268800000,116351.508
1758283200000,115835.555
1758297600000,115098.328
1758312000000,115597.516
1758326400000,115417.406
1758340800000,115927.945
1758355200000,115865.984
1758369600000,115957.281
1758384000000,115678.219
1758398400000,115646.023
1758412800000,115642.07
1758427200000,115783.781
1758441600000,115585.234
1758456000000,115503.57
1758470400000,115471.547
1758484800000,115210.148
1758499200000,114628.938
1758513600000,112517.039
1758528000000,112876.609
1758542400000,112837.805
1758556800000,112128.234
1758571200000,112647.055
1758585600000,112342.867
1758600000000,113079.023
1758614400000,112958.805
1758628800000,112843.977
1758643200000,111624.945
1758657600000,111946.039
1758672000000,111655.812
1758686400000,112524.82
1758700800000,112977.344
1758715200000,113276.406
1758729600000,113369.578
1758744000000,113270.43
1758758400000,112493.867
1758772800000,111729.234
1758787200000,111318.898
1758801600000,111554.117
1758816000000,109318.039
1758830400000,108970.719
1758844800000,109557.172
1758859200000,109295.648
1758873600000,109118.891
1758888000000,109012.75
1758902400000,109157.602
1758916800000,109624.82
1758931200000,109538.031
1758945600000,109378.898
1758960000000,109283.094
1758974400000,109369.453
1758988800000,109384.344
1759003200000,109596.219
1759017600000,109412.266
1759032000000,109468.203
1759046400000,109351.773
1759060800000,109971.18
1759075200000,110277.289
1759089600000,112099.688
1759104000000,111804.227
1759118400000,111797.602
1759132800000,112055.391
1759147200000,113741.109
1759161600000,114168.719
1759176000000,114245.297
1759190400000,114318.477
1759204800000,113681.531
1759219200000,113025.055
1759233600000,113056.641
1759248000000,114276.977
1759262400000,113958.125
1759276800000,114113.422
1759291200000,114458.93
1759305600000,116708.828
1759320000000,117361.703
1759334400000,117347.656
1759348800000,118536.555
1759363200000,118651.875
1759377600000,118452.336
1759392000000,118724.742
1759406400000,119855.125
1759420800000,120774.5
1759435200000,120465.023
1759449600000,120174.109
1759464000000,119599.625
1759478400000,120324.844
1759492800000,122225.625
1759507200000,122608.969
1759521600000,122193.812
1759536000000,122212.555
1759550400000,122285.336
1759564800000,121943.281
1759579200000,121753.406
1759593600000,121930.852
1759608000000,122323.414
1759622400000,123708.344
1759636800000,124639.062
1759651200000,123419.445
1759665600000,122780.664
1759680000000,122580.648
1759694400000,123454.82
1759708800000,123823.227
1759723200000,123339.117
1759737600000,124152.031
1759752000000,124952.508
1759766400000,125325.992
1759780800000,124593.656
1759795200000,124266.195
1759809600000,123657.688
1759824000000,124424.883
1759838400000,121862
1759852800000,121625.031
1759867200000,121307.461
1759881600000,121360.125
1759896000000,121573.812
1759910400000,122821.859
1759924800000,122128.719
1759939200000,123361.672
1759953600000,123227.984
1759968000000,121982.125
1759982400000,121841.453
1759996800000,122674.742
1760011200000,121120.617
1760025600000,120960.844
1760040000000,121624.633
1760054400000,121024.391
1760068800000,120897.414
1760083200000,121503.594
1760097600000,118998.758
1760112000000,116616.523
1760126400000,112977.578
1760140800000,112387.969
1760155200000,110393.211
1760169600000,112298.781
1760184000000,111824.625
1760198400000,111218.219
1760212800000,110699.75
1760227200000,110707.805
1760241600000,111561.172
1760256000000,111822.047
1760270400000,113195.438
1760284800000,114328.562
1760299200000,114960.547
1760313600000,114827.055
1760328000000,115372.992
1760342400000,114177.898
1760356800000,114340.211
1760371200000,115800.289
1760385600000,115162.914
1760400000000,113482.07
1760414400000,111699.859
1760428800000,111298.383
1760443200000,112888.023
1760457600000,112555.516
1760472000000,113005.242
1760486400000,111993.93
1760500800000,112555.93
1760515200000,111909.82
1760529600000,110796.695
1760544000000,111213.195
1760558400000,110722.172
1760572800000,111297.5
1760587200000,110531.375
1760601600000,111368.188
1760616000000,108504.242
1760630400000,108181.992
1760644800000,108127.641
1760659200000,109123.641
1760673600000,105549.586
1760688000000,105594.258
1760702400000,106726.57
1760716800000,106410.805
1760731200000,106390.758
1760745600000,107031.844
1760760000000,106665.43
1760774400000,107174.844
1760788800000,106900.648
1760803200000,107025.281
1760817600000,107128.609
1760832000000,107208.961
1760846400000,106720.617
1760860800000,107717.398
1760875200000,108419.156
1760889600000,108863.516
1760904000000,108585.094
1760918400000,110070.406
1760932800000,111109.938
1760947200000,110949.617
1760961600000,111056.445
1760976000000,110745.133
1760990400000,110457.055
1761004800000,109003.742
1761019200000,108029.172
1761033600000,108537.695
1761048000000,113342.727
1761062400000,111724.625
1761076800000,108260.539
1761091200000,108171.008
1761105600000,108282.281
1761120000000,107503.609
1761134400000,108340.219
1761148800000,107780.258
1761163200000,107498.336
1761177600000,108303.984
1761192000000,109207.445
1761206400000,109186.039
1761220800000,109835.305
1761235200000,110137.844
1761249600000,109992.711
1761264000000,110385.633
1761278400000,110997.641
1761292800000,111009.188
1761307200000,109956.898
1761321600000,110521.781
1761336000000,110929.406
1761350400000,110932.492
1761364800000,111407.594
1761379200000,111483.008
1761393600000,111295.5
1761408000000,111536.625
1761422400000,111555.906
1761436800000,111173.266
1761451200000,111635.445
1761465600000,113181.742
1761480000000,113594.984
1761494400000,113488.617
1761508800000,114435.578
1761523200000,114869.273
1761537600000,115419.961
1761552000000,115240.875
1761566400000,114830.406
1761580800000,114840.062
1761595200000,114001.742
1761609600000,113795.25
1761624000000,114073.883
1761638400000,114256.727
1761652800000,114535.367
1761667200000,113589.883
1761681600000,112833.656
1761696000000,112442.391
1761710400000,113484.406
1761724800000,113061.266
1761739200000,111439.008
1761753600000,110580.367
1761768000000,109953.031
1761782400000,110671.539
1761796800000,111284.742
1761811200000,109647.891
1761825600000,107655.938
1761840000000,106452.461
1761854400000,108215.969
1761868800000,109126.539
1761883200000,109334.406
1761897600000,110328.805
1761912000000,110057.148
1761926400000,109698.68
1761940800000,109476.148
1761955200000,110077.422
1761969600000,109915.617
1761984000000,109991.562
1761998400000,110162.891
1762012800000,110176.203
1762027200000,109970.016
1762041600000,109920.539
1762056000000,110755.672
1762070400000,111063.734
1762084800000,109996.953
1762099200000,110061.883
1762113600000,110440.18
1762128000000,107867.266
1762142400000,107395.656
1762156800000,107724.258
1762171200000,105658.75
1762185600000,106982.797
1762200000000,106475.539
1762214400000,107042.016
1762228800000,104383.445
1762243200000,104475.594
1762257600000,103093.125
1762272000000,100436.203
1762286400000,101390.625
1762300800000,102063.422
1762315200000,101905.414
1762329600000,101999.664
1762344000000,103624.367
1762358400000,103907.961
1762372800000,103779.539
1762387200000,103542.258
1762401600000,103090.422
1762416000000,103127.984
1762430400000,101881.328
1762444800000,101267.305
1762459200000,101205.32
1762473600000,101784.797
1762488000000,101891.523
1762502400000,100277.516
1762516800000,100652.867
1762531200000,103262.156
1762545600000,103202.43
1762560000000,102444.289
1762574400000,102217.109
1762588800000,101731.078
1762603200000,101593.992
1762617600000,101871.164
1762632000000,102204.062
1762646400000,101545.914
1762660800000,101830.227
1762675200000,102140.352
1762689600000,103642.305
1762704000000,104678.336
1762718400000,104592.531
1762732800000,105909.492
1762747200000,106352.227
1762761600000,106061.422
1762776000000,104945.641
1762790400000,105685.75
1762804800000,105876.805
1762819200000,106326.008
1762833600000,104663.734
1762848000000,105207.844
1762862400000,103371.82
1762876800000,103026.445
1762891200000,102931.172
1762905600000,103192.188
1762920000000,103007.141
1762934400000,104916.5
1762948800000,102078.469
1762963200000,101196.109
1762977600000,101542.5
1762992000000,102029.961
1763006400000,103344.68
1763020800000,102819.445
1763035200000,101273.828
1763049600000,98547.4375
1763064000000,99541.4453
1763078400000,99024.3906
1763092800000,96988.2812
1763107200000,96057.1016
1763121600000,96646.6562
1763136000000,95642.4688
1763150400000,94429.8281
1763164800000,96259.9609
1763179200000,96199.6172
1763193600000,95532.4766
1763208000000,96138.3047
1763222400000,95869.3984
1763236800000,95459.6328
1763251200000,95680.4922
1763265600000,95944.7656
1763280000000,95496.4766
1763294400000,94449.8828
1763308800000,93896.3906
1763323200000,94126.9375
1763337600000,95352.2188
1763352000000,95478.1719
1763366400000,95430.2812
1763380800000,93797.6016
1763395200000,91533.5234
1763409600000,92029.7109
1763424000000,90665.0391
1763438400000,90336.1328
1763452800000,91358.3359
1763467200000,92761.3984
1763481600000,93044.6641
1763496000000,92835.6641
1763510400000,91746.5469
1763524800000,91718.1484
1763539200000,91274.1641
1763553600000,89814.3203
1763568000000,88713.9453
1763582400000,91385.7344
1763596800000,92298.3516
1763611200000,92145.7266
1763625600000,91762.5156
1763640000000,89699.7422
1763654400000,86747.8828
1763668800000,86458.6875
1763683200000,85666.0547
1763697600000,83844.5703
1763712000000,82155.6328
1763726400000,82790.7266
1763740800000,84065.7578
1763755200000,84999.4141
1763769600000,84300.3047
1763784000000,84445.3125
1763798400000,83967.5625
1763812800000,84150.4844
1763827200000,84492.7109
1763841600000,84605.0703
1763856000000,86170.125
1763870400000,85660.7031
1763884800000,86198.4141
1763899200000,86957.5703
1763913600000,87193.9609
1763928000000,86726.5312
1763942400000,87333.2812
1763956800000,86914.3438
1763971200000,86129.9922
1763985600000,86490.2578
1764000000000,88195.3828
1764014400000,88174.3047
1764028800000,87704.5
1764043200000,87292.8125
1764057600000,87259.3047
1764072000000,86854.3906
1764086400000,86759.2656
1764100800000,87240.8828
1764115200000,86998.8906
1764129600000,87822.3906
1764144000000,86975.8203
1764158400000,86866.1172
1764172800000,89844.4766
1764187200000,90375.1172
1764201600000,90960.0547
1764216000000,91294.9062
1764230400000,91262.2578
1764244800000,90823.1406
1764259200000,91421.8906
1764273600000,91227.0938
1764288000000,91091.4531
1764302400000,90805.625
1764316800000,91325.875
1764331200000,92257.5781
1764345600000,91065.8672
1764360000000,90810.9219
1764374400000,90603.8516
1764388800000,90486.75
1764403200000,90602.0938
1764417600000,90997.8125
1764432000000,90584.7891
1764446400000,90735.7188
1764460800000,90836.3828
1764475200000,90897.1172
1764489600000,90960.5
1764504000000,91347.7109
1764518400000,91378.5703
1764532800000,90280.2344
1764547200000,86289.625
1764561600000,86470.1484
1764576000000,86073.1094
1764590400000,84592.1094
1764604800000,84954.1875
1764619200000,86231.8125
1764633600000,86884.4375
1764648000000,86934.8125
1764662400000,87298.4688
1764676800000,90750.3828
1764691200000,91815.8203
1764705600000,91224.4688
1764720000000,92528.3203
1764734400000,92920.2344
1764748800000,92918.0469
1764763200000,92294.1172
1764777600000,92939.5938
1764792000000,93346.1719
1764806400000,93442.7266
1764820800000,93317.2578
1764835200000,92848.8281
1764849600000,92899.3984
1764864000000,91895.3047
1764878400000,91999.8203
1764892800000,92086.7188
1764907200000,92185.3125
1764921600000,91278.0781
1764936000000,90385.4688
1764950400000,89582.1016
1764964800000,89270.9688
1764979200000,89606.3594
1764993600000,89526.3203
1765008000000,89548.0234
1765022400000,89680.4844
1765036800000,89341.2656
1765051200000,89167.9141
1765065600000,89645.3203
1765080000000,89312.6562
1765094400000,89086.2734
1765108800000,89483.0469
1765123200000,91335.3438
1765137600000,90314.1875
1765152000000,91000.7266
1765166400000,91474.7578
1765180800000,91867.7578
1765195200000,89883.0078
1765209600000,90031.3828
1765224000000,90562.3828
1765238400000,90318.5156
1765252800000,90410.1016
1765267200000,90301.6562
1765281600000,92614.1484
1765296000000,93706.875
1765310400000,92603.5469
1765324800000,92333.7422
1765339200000,92694.8516
1765353600000,92041.1016
1765368000000,91966.5859
1765382400000,92862.3516
1765396800000,91943.0156
1765411200000,89822.4531
1765425600000,90196.5391
1765440000000,90175.5391
1765454400000,89800.75
1765468800000,90751.6016
1765483200000,92448.4688
1765497600000,92210.8125
1765512000000,92351.4531
1765526400000,92332.375
1765540800000,89860.5
1765555200000,90150.5703
1765569600000,90185.2656
1765584000000,90256.8203
1765598400000,90251.25
1765612800000,90270.2109
1765627200000,90024.2266
1765641600000,90126.1016
1765656000000,90180.4297
1765670400000,90208.7734
1765684800000,90180.8984
1765699200000,89301.2891
1765713600000,88954.0078
1765728000000,88581.875
1765742400000,88090.25
1765756800000,89201.9531
1765771200000,89674.7188
1765785600000,89580.7109
1765800000000,86953.6406
1765814400000,86077.9141
1765828800000,86347.3203
1765843200000,85776.9297
1765857600000,85920.4375
1765872000000,87161.8438
1765886400000,87879.8125
1765900800000,87491.4766
1765915200000,87760.9922
1765929600000,87108.0703
1765944000000,86944.1406
1765958400000,86873.9297
1765972800000,87137.5859
1765987200000,85930.8906
1766001600000,86133.8281
1766016000000,86496.7812
1766030400000,86721.3594
1766044800000,87153.6484
1766059200000,88386.1484
1766073600000,84376.0078
1766088000000,85385.6094
1766102400000,86762.3594
1766116800000,87807.4453
1766131200000,88059.1953
1766145600000,87828.0312
1766160000000,87695.6016
1766174400000,87993.1328
1766188800000,88078.6953
1766203200000,88147.9141
1766217600000,88151.5938
1766232000000,88038.7031
1766246400000,88100.6875
1766260800000,88237.3359
1766275200000,87963.5391
1766289600000,88057.3047
1766304000000,88477.2422
1766318400000,87955.2891
1766332800000,88371.5938
1766347200000,88537.0156
1766361600000,88653.4922
1766376000000,89050.9141
1766390400000,89808.8906
1766404800000,89595.5234
1766419200000,87941.6953
1766433600000,88486.2344
1766448000000,88025.8516
1766462400000,87426.7422
1766476800000,87716.5859
1766491200000,87320.4141
1766505600000,87630.1719
1766520000000,87350.3125
1766534400000,87219.2656
1766548800000,86776.1406
1766563200000,87078.7969
1766577600000,86910.7812
1766592000000,87422.0625
1766606400000,87537.1562
1766620800000,87697.3828
1766635200000,87704.1172
1766649600000,87388.8594
1766664000000,88217.1953
1766678400000,88011.1953
1766692800000,87094.0703
1766707200000,88661.5859
1766721600000,88322.5547
1766736000000,88386.3906
1766750400000,86999.8359
1766764800000,87331.0234
1766779200000,87219.8984
1766793600000,87372.8984
1766808000000,87412.8438
1766822400000,87331.0391
1766836800000,87426.9766
1766851200000,87432.1172
1766865600000,87735.5625
1766880000000,87607.1875
1766894400000,87592.4531
1766908800000,87727.6094
1766923200000,87694.0547
1766937600000,87383.2969
1766952000000,87797.5469
1766966400000,89959.75
1766980800000,89457.1953
1766995200000,87376.2109
1767009600000,87514.9922
1767024000000,87204.5781
1767038400000,87082.0156
1767052800000,87203.3516
1767067200000,87303.4375
1767081600000,87717.7109
1767096000000,88835.2578
1767110400000,88058.9141
1767124800000,88331.8672
1767139200000,88272.3828
1767153600000,88422.2188
1767168000000,88820.2969
1767182400000,87766.7188
1767196800000,87352.8828
1767211200000,87453.7891
1767225600000,87657.1484
1767240000000,87435.7109
1767254400000,87819.1016
1767268800000,87834.8516
1767283200000,88194.4531
1767297600000,88640.2812
1767312000000,88766.625
1767326400000,88664.4609
1767340800000,89325.4688
1767355200000,89242.5391
1767369600000,89754.5391
1767384000000,89851.3359
1767398400000,90187.9531
1767412800000,89451.4688
1767427200000,89609.1562
1767441600000,89823.1797
1767456000000,89980.7812
1767470400000,90498.9141
1767484800000,91082.125
1767499200000,91380.4922
1767513600000,91162.6719
1767528000000,91190.4844
1767542400000,91016.2656
1767556800000,91393.9453
1767571200000,92724.8438
1767585600000,92377.8984
1767600000000,92977.1328
1767614400000,93790.6719
1767628800000,94155.3516
1767643200000,93754.8438
1767657600000,93639.4766
1767672000000,93123.9219
1767686400000,93712.4688
1767700800000,93501.1484
1767715200000,91976.6016
1767729600000,93607.3125
1767744000000,92678.5938
1767758400000,92716.2734
1767772800000,91938.7266
1767787200000,91189.9766
1767801600000,91030.8047
1767816000000,91210.9453
1767830400000,90622.1484
1767844800000,90333.5312
1767859200000,90047.2891
1767873600000,90592.125
1767888000000,90775.9688
1767902400000,90923.7969
1767916800000,91052.5469
1767931200000,90579.1406
1767945600000,90275.0781
1767960000000,90996.2188
1767974400000,90149.9609
1767988800000,90445.1172
1768003200000,90444.0234
1768017600000,90477.8906
1768032000000,90546.1797
1768046400000,90478.8047
1768060800000,90439.5859
1768075200000,90318.1094
1768089600000,90549.6953
1768104000000,90523.6953
1768118400000,90568.5625
1768132800000,90678.5625
1768147200000,90493.2812
1768161600000,90812.3359
1768176000000,91607.7578
1768190400000,91211.25
1768204800000,90435.3672
1768219200000,91478.9688
1768233600000,91690.2109
1768248000000,91114.2891
1768262400000,91242.1094
1768276800000,91796.9688
1768291200000,91829.1016
1768305600000,93298
1768320000000,94070.1016
1768334400000,95275.5156
1768348800000,95567.5391
1768363200000,95091.8359
1768377600000,94672.2344
1768392000000,96618.3516
1768406400000,97130.125
1768420800000,96832
1768435200000,95861.6797
1768449600000,96510.0156
1768464000000,96462.4297
1768478400000,96575.1328
1768492800000,95384.875
1768507200000,95462.5469
1768521600000,95200.6406
1768536000000,95539.1719
1768550400000,95301.6016
1768564800000,94460.1953
1768579200000,94866.4219
1768593600000,95411.6016
1768608000000,95216.4141
1768622400000,94966.5938
1768636800000,95181.1875
1768651200000,95450.6797
1768665600000,95176.9531
1768680000000,95030.8359
1768694400000,95062.5547
1768708800000,94948.6406
1768723200000,95029.8125
1768737600000,94974.9531
1768752000000,95243.2109
1768766400000,93555.2656
1768780800000,92583.3516
1768795200000,92722.7969
1768809600000,93066.6953
1768824000000,92939.8516
1768838400000,92986.9922
1768852800000,92487.2656
1768867200000,92296.9141
1768881600000,91023.7734
1768896000000,91079.9531
1768910400000,90531.5547
1768924800000,89567.9062
1768939200000,88258.5391
1768953600000,89261.1797
1768968000000,89082.3516
1768982400000,88647.3672
1768996800000,90128.375
1769011200000,90208.5391
1769025600000,89300.8672
1769040000000,89727.2812
1769054400000,89656.75
1769068800000,89793.8438
1769083200000,88867.4297
1769097600000,89640.1641
1769112000000,89401.2891
1769126400000,89772.0078
1769140800000,89378.7734
1769155200000,89036.8594
1769169600000,89547.1484
1769184000000,89803.6797
1769198400000,89411.5469
1769212800000,89573.2734
1769227200000,89406.2969
1769241600000,89396.7656
1769256000000,89075.3438
1769270400000,89111.2344
1769284800000,89018.1016
1769299200000,88750.0234
1769313600000,88473.4219
1769328000000,88392.1641
1769342400000,88278.1875
1769356800000,86356.2188
1769371200000,86524.5078
1769385600000,87108.4766
1769400000000,87832.4141
1769414400000,87700.2344
1769428800000,87482.5703
1769443200000,87856.7344
1769457600000,88177.875
1769472000000,88599.0547
1769486400000,88151.4375
1769500800000,87806.9844
1769515200000,87843.3828
1769529600000,88207.6016
1769544000000,89037.3594
1769558400000,88911.5547
1769572800000,88937.0156
1769587200000,89878.0859
1769601600000,89269.6875
1769616000000,89244.8438
1769630400000,89094.5469
1769644800000,87848.1562
1769659200000,88136.7422
1769673600000,87614.0703
1769688000000,84726.8359
1769702400000,83814.0547
1769716800000,84442.1406
1769731200000,82486.8047
1769745600000,82630.75
1769760000000,82925.3359
1769774400000,82693.8672
1769788800000,84071.5312
1769803200000,84068.6406
1769817600000,83829.5078
1769832000000,83359.5781
1769846400000,82811.7656
1769860800000,81118.875
1769875200000,77595.9609
1769889600000,78617.125
1769904000000,78733.4766
1769918400000,78213.8828
1769932800000,78619.1797
1769947200000,77456.25
1769961600000,77053.5703
1769976000000,76845.4531
1769990400000,76157.3359
1770004800000,76495.0469
1770019200000,77601.3984
1770033600000,78723.8984
1770048000000,78198.1172
1770062400000,78609.0781
1770076800000,78603.6016
1770091200000,78642.7344
1770105600000,77946.0469
1770120000000,78008.875
1770134400000,74783.1094
1770148800000,75597.8281
1770163200000,76532.3906
1770177600000,76329.7266
1770192000000,75856.6484
1770206400000,73966.4297
1770220800000,73710.1328
1770235200000,72938.2891
1770249600000,71033.2578
1770264000000,70540.4141
1770278400000,70144.6797
1770292800000,67330.625
1770307200000,65084.0586
1770321600000,62761.1953
1770336000000,64052.0273
1770350400000,64696.6367
1770364800000,66470.1719
1770379200000,68512.8672
1770393600000,70573.75
1770408000000,70435.1328
1770422400000,70787.3281
1770436800000,67988.9375
1770451200000,67849.9766
1770465600000,68995.7266
1770480000000,69249.5938
1770494400000,69170.4375
1770508800000,68970.6875
1770523200000,69574.9062
1770537600000,70844.7656
1770552000000,71058.75
1770566400000,71278.375
1770580800000,70196.6094
1770595200000,71168.7578
1770609600000,70276.3047
1770624000000,68777.0859
1770638400000,69441.7109
1770652800000,70791.7812
1770667200000,70025.0078
1770681600000,69377.6641
1770696000000,68776.3828
1770710400000,68404.8438
1770724800000,69171.4062
1770739200000,68952.2109
1770753600000,68699.0781
1770768000000,68051.5938
1770782400000,66915.1953
1770796800000,66956.9375
1770811200000,66405.0938
1770825600000,67472.7188
1770840000000,66959.1406
1770854400000,67450.0625
1770868800000,67094.8516
1770883200000,67961.4141
1770897600000,67025.1797
1770912000000,65669.3516
1770926400000,66132.2109
1770940800000,66423.5312
1770955200000,66081.3125
1770969600000,67033.9609
1770984000000,68545.125
1770998400000,68794.375
1771012800000,68711.9531
1771027200000,68836.9062
1771041600000,69100.0078
1771056000000,70378.8203
1771070400000,69669.3047
1771084800000,69744.4375
1771099200000,69686.6484
1771113600000,69833.5391
1771128000000,70691.8516
1771142400000,70167.8984
1771156800000,68975.0781
1771171200000,68173.2969
1771185600000,68694.8281
1771200000000,68303.6016
1771214400000,68469
1771228800000,68740.6562
1771243200000,67427.7891
1771257600000,67797.5781
1771272000000,68776.0781
1771286400000,68355.4219
1771300800000,68264.6797
1771315200000,67735.3984
1771329600000,67272.5547
1771344000000,67681.2344
1771358400000,67384.75
1771372800000,67517.0703
1771387200000,67998.3125
1771401600000,67254.2891
1771416000000,67597.0156
1771430400000,66059.8672
1771444800000,66351.9141
1771459200000,66883.1719
1771473600000,67111.1484
1771488000000,66389.4453
1771502400000,66314.375
1771516800000,66947.1172
1771531200000,66902.1172
1771545600000,67264.1641
1771560000000,67712.9844
1771574400000,67226.7891
1771588800000,67484.0156
1771603200000,67544.6172
1771617600000,67918.0469
1771632000000,67564.2734
1771646400000,67746.2891
1771660800000,67981.5391
1771675200000,68506.4766
1771689600000,68429.9219
1771704000000,67878.1484
1771718400000,67939.4688
1771732800000,67903.7578
1771747200000,68111.625
1771761600000,67591.9297
1771776000000,67322.2578
1771790400000,67529.9219
1771804800000,64852.2969
1771819200000,65865.3047
1771833600000,66104.0938
1771848000000,65578.7812
1771862400000,64212.8281
1771876800000,64583.9102
1771891200000,63475.7031
1771905600000,63120.918
1771920000000,63145.0938
1771934400000,63904.8164
1771948800000,64344.3711
1771963200000,63994.4258
1771977600000,65312.0625
1771992000000,64949.2148
1772006400000,65342.2031
1772020800000,67315.5469
1772035200000,68940.0234
1772049600000,67888.1719
1772064000000,68126.3047
1772078400000,67742.6797
1772092800000,67943.3672
1772107200000,67296.2891
1772121600000,67493.6719
1772136000000,67385.1016
1772150400000,67509.3828
1772164800000,67593.5703
1772179200000,66044.8125
1772193600000,66022.1484
1772208000000,65303.4805
1772222400000,65794.4062
1772236800000,65709.1328
1772251200000,63735.2969
1772265600000,63770.2188
1772280000000,64762.0234
1772294400000,66275.9688
1772308800000,66900.4688
1772323200000,67405.7188
1772337600000,67061.2109
1772352000000,66377.7734
1772366400000,66744.1172
1772380800000,65875.3281
1772395200000,65682.6094
1772409600000,66727.3984
1772424000000,65916.3906
1772438400000,66279.1719
1772452800000,69012.6875
1772467200000,68866.6719
1772481600000,68727.5625
1772496000000,68272.0938
1772510400000,68075.4609
1772524800000,66934.0781
1772539200000,67621.7578
1772553600000,68339.6641
1772568000000,68241.9922
1772582400000,67642.2812
1772596800000,69394.7188
1772611200000,71018.3203
1772625600000,73296.9297
1772640000000,73531.8906
1772654400000,72592.7891
1772668800000,72412.5781
1772683200000,71972.7734
1772697600000,72833.2266
1772712000000,71567.2109
1772726400000,70828.2656
1772740800000,70784.0938
1772755200000,70983.1016
1772769600000,70972.4688
1772784000000,70136
1772798400000,68412.7422
1772812800000,68045.2891
1772827200000,68023.5781
1772841600000,68019.1016
1772856000000,67764.2422
1772870400000,67930.3828
1772884800000,67807.6562
1772899200000,67001.7266
1772913600000,67192.9766
1772928000000,66929.6719
1772942400000,67230.8047
1772956800000,67445.8359
1772971200000,67144.75
1772985600000,67263.4688
1773000000000,65901.3594
1773014400000,67129.1172
1773028800000,67451.6953
1773043200000,67675.0234
1773057600000,68793.0156
1773072000000,68912.8828
1773086400000,68352.5781
1773100800000,69337.0234
1773115200000,70310.4375
1773129600000,70499.7344
1773144000000,71258.3047
1773158400000,69967.9141
1773172800000,69869.5938
1773187200000,69452.2969
1773201600000,69565.4062
1773216000000,69095.5703
1773230400000,70136.9062
1773244800000,70565.8828
1773259200000,70105.0938
1773273600000,69370.1406
1773288000000,69739.8047
1773302400000,70348.1641
1773316800000,70252.6016
1773331200000,70347.5938
1773345600000,70442.6641
1773360000000,71312.4062
1773374400000,71531.9766
1773388800000,72140.9375
1773403200000,71749.5703
1773417600000,71090.8281
1773432000000,70861.2109
1773446400000,70998.9219
1773460800000,70517.2031
1773475200000,70659.6641
1773489600000,70520.8516
1773504000000,70621.4453
1773518400000,71116.2891
1773532800000,71268.9375
1773547200000,71375.1484
1773561600000,71762.7891
1773576000000,71399.6797
1773590400000,71464.8984
1773604800000,72727.6953
1773619200000,73469.9844
1773633600000,73350.8906
1773648000000,73448.3438
1773662400000,73177
1773676800000,73851.3984
1773691200000,74782.6719
1773705600000,74355.9688
1773720000000,74164.1719
1773734400000,73943.625
1773748800000,73843.4531
1773763200000,74433.8125
1773777600000,73827.1562
1773792000000,74382.8516
1773806400000,73805.8828
1773820800000,72872.7422
1773835200000,71410.375
1773849600000,70959
1773864000000,71172.0391
1773878400000,71143.3125
1773892800000,70111.7422
1773907200000,69888.7266
1773921600000,69341.9844
1773936000000,70200.3125
1773950400000,69847.3984
1773964800000,70645.7891
1773979200000,70760.9609
1773993600000,70378.3047
1774008000000,69790.5078
1774022400000,70085.1328
1774036800000,70428.9766
1774051200000,70579.8438
1774065600000,70623.1484
1774080000000,70555.1016
1774094400000,70533
1774108800000,70307.1094
1774123200000,68844.3281
1774137600000,69260.9453
1774152000000,68827.875
1774166400000,68139.2188
1774180800000,68780.8516
1774195200000,68126.5078
1774209600000,67787.6484
1774224000000,68004.4375
1774238400000,68250.7109
1774252800000,70021.25
1774267200000,70034.75
1774281600000,70572.2891
1774296000000,70792.7422
1774310400000,70411.5469
1774324800000,71191.875
1774339200000,71043.1172
1774353600000,69767.7188
1774368000000,69250.4688
1774382400000,70440.2656
1774396800000,70603.1562
1774411200000,70817.6953
1774425600000,71580.3594
1774440000000,70724.8594
1774454400000,70772.5547
1774468800000,71225.0625
1774483200000,70799.2031
1774497600000,69973.25
1774512000000,69165.25
1774526400000,68977.8203
1774540800000,68403.6953
1774555200000,68708.1719
1774569600000,68653.5
1774584000000,68410.4062
1774598400000,66603.0156
1774612800000,66022.7109
1774627200000,65945.2969
1774641600000,66293.9766
1774656000000,66132.2031
1774670400000,66445.5156
1774684800000,66237.6016
1774699200000,66902.6875
1774713600000,66789.7969
1774728000000,66263.2891
1774742400000,66788.375
1774756800000,66544.9688
1774771200000,66685.5156
1774785600000,66408.7578
1774800000000,66248.4844
1774814400000,65896.1016
1774828800000,67033.0625
1774843200000,67494.625
1774857600000,67540.9297
1774872000000,67510.4219
1774886400000,66438.3438
1774900800000,66672.5547
1774915200000,67565.8672
1774929600000,67246.0312
1774944000000,66558.1719
1774958400000,66613.2656
1774972800000,67703.2266
1774987200000,68140.5078
1775001600000,68032.0781
1775016000000,68575.5391
1775030400000,68594.3047
1775044800000,68816.0547
1775059200000,68060.125
1775073600000,68009.9922
1775088000000,66490.9844
1775102400000,66831.2031
1775116800000,66130.2812
1775131200000,66768.4375
1775145600000,66880.8203
1775160000000,66830.4922
1775174400000,66507.9062
1775188800000,66966.7656
1775203200000,66936.0234
1775217600000,66760.6328
1775232000000,66789.3359
1775246400000,66875.1797
1775260800000,66754.0156
1775275200000,66928.1953
1775289600000,67080.9453
1775304000000,67294.4922
1775318400000,67207.2422
1775332800000,67201.4219
1775347200000,67051.4688
1775361600000,66724.4531
1775376000000,66910.375
1775390400000,67204.6016
1775404800000,67247.5938
1775419200000,68888.8672
1775433600000,68994.7422
1775448000000,68990.5156
1775462400000,69502.7969
1775476800000,69847.1172
1775491200000,69606.0391
1775505600000,68764.3594
1775520000000,68696.9062
1775534400000,68514.9531
1775548800000,68243.2422
1775563200000,68069.4453
1775577600000,68911.8438
1775592000000,71821.9453
1775606400000,71184.5
1775620800000,71542.4688
1775635200000,71572.3438
1775649600000,71212.1172
1775664000000,71236.1875
1775678400000,70984.8516
1775692800000,70907.8125
1775707200000,70877.5703
1775721600000,71053.9844
1775736000000,72044.0625
1775750400000,72004.9766
1775764800000,71697.2266
1775779200000,71782.5391
1775793600000,71397.0234
1775808000000,72034.8438
1775822400000,72370.6562
1775836800000,73161.7969
1775851200000,72891.4375
1775865600000,72800.7266
1775880000000,72692.7031
1775894400000,72842.0469
1775908800000,72787.2656
1775923200000,73606.6406
1775937600000,72973.7266
1775952000000,71545.9297
1775966400000,71625.5469
1775980800000,71409.0156
1775995200000,70836.9375
1776009600000,71037.6172
1776024000000,70670.6562
1776038400000,70919.5234
1776052800000,70752.5469
1776067200000,70854.0859
1776081600000,71800.0625
1776096000000,73265.8203
1776110400000,74347.1797
1776124800000,74377.9375
1776139200000,74485.2266
1776153600000,74306.7812
1776168000000,75258.8984
1776182400000,74137.1172
1776196800000,74075.9688
1776211200000,74274.7812
1776225600000,73664.1641
1776240000000,74129.7188
1776254400000,73768.7891
1776268800000,74913.3516
1776283200000,74731.0234
1776297600000,74808.3594
1776312000000,74621.0312
1776326400000,74485.6172
1776340800000,74612.2734
1776355200000,75258.5078
1776369600000,75088.1562
1776384000000,74528.1094
1776398400000,74994.5781
1776412800000,75509.4609
1776427200000,77710.8047
1776441600000,77315.0781
1776456000000,77011.6797
1776470400000,76923.1484
1776484800000,76922.3516
1776499200000,75971.1953
1776513600000,76100.3359
1776528000000,75597.7656
1776542400000,75636.5703
1776556800000,75459.3906
1776571200000,75210.4609
1776585600000,75547.0469
1776600000000,75772.8828
1776614400000,74904.4922
1776628800000,73747.9844
1776643200000,74573.1406
1776657600000,74755.4609
1776672000000,75138
1776686400000,75660
1776700800000,76223.3672
1776715200000,75792.3125
1776729600000,75660.3438
1776744000000,76048.75
1776758400000,76385.0469
1776772800000,75773.0078
1776787200000,74938.4609
1776801600000,76258.5781
1776816000000,77437.8047
1776830400000,77938.2656
1776844800000,78201.5703
1776859200000,79204.2812
1776873600000,78754.4609
1776888000000,78109.2656
1776902400000,77666.2109
1776916800000,77984.5703
1776931200000,77626.9531
1776945600000,78299.6406
1776960000000,77639.9141
1776974400000,78168.7578
1776988800000,77670.6016
1777003200000,77606.0859
1777017600000,78170.5156
1777032000000,77985.0469
1777046400000,77567.0469
1777060800000,77372.9922
1777075200000,77599.7344
1777089600000,77419.4062
1777104000000,77603.1562
1777118400000,77280.9297
1777132800000,77266.8594
1777147200000,77555.9688
1777161600000,77329.5
1777176000000,78032.5156
1777190400000,78024.4062
1777204800000,77966.6953
1777219200000,78153.5859
1777233600000,78567.5234
1777248000000,79019.6719
1777262400000,77525.5234
1777276800000,77757.1484
1777291200000,76713.9141
1777305600000,76792.5625
1777320000000,77280.4844
1777334400000,76736.0859
1777348800000,76782.3359
1777363200000,76139.7266
1777377600000,75976.4453
1777392000000,76247.25
1777406400000,76251.2031
1777420800000,76891.2188
1777435200000,76964.6797
1777449600000,77499.0391
1777464000000,75841.6797
1777478400000,75456.9609
1777492800000,75678.0703
1777507200000,75817.9688
1777521600000,76051.6016
1777536000000,75942.2812
1777550400000,76356.1875
1777564800000,76292.5703
1777579200000,76210.2656
1777593600000,77006.1875
1777608000000,77037.1016
1777622400000,77355.3594
1777636800000,78333.5703
1777651200000,78244.375
1777665600000,78132.3125
1777680000000,78302.9688
1777694400000,78120.9766
1777708800000,78048.5938
1777723200000,78378.7969
1777737600000,78368.0625
1777752000000,78583.9766
1777766400000,78099.9688
1777780800000,78257.9141
1777795200000,78556.9219
1777809600000,78558.1094
1777824000000,78658.9531
1777838400000,78463.3438
1777852800000,80203.8516
1777867200000,79583.0859
1777881600000,78682.2344
1777896000000,79915.7734
1777910400000,79932.0781
1777924800000,79755.4688
1777939200000,80778.4375
1777953600000,80775.1719
1777968000000,80904.9453
1777982400000,81407.2188
1777996800000,81487.2969
1778011200000,80792.3516
1778025600000,81463.3438
1778040000000,81271.9453
1778054400000,82410.3125
1778068800000,81589.9453
1778083200000,81351.1875
1778097600000,81330.0938
1778112000000,80740.8672
1778126400000,81419.3516
1778140800000,80774.6016
1778155200000,79822.0469
1778169600000,80032.7109
1778184000000,79919.7422
1778198400000,79479.8359
1778212800000,79594.7812
1778227200000,80133.2422
1778241600000,80035.5703
1778256000000,80087.5859
1778270400000,80105.7109
1778284800000,80289.8359
1778299200000,80136.1016
1778313600000,80258.8438
1778328000000,80429.8438
1778342400000,80835.6875
1778356800000,80579.0234
1778371200000,80673.3906
1778385600000,80626.1562
1778400000000,80727.7188
1778414400000,81308.1953
1778428800000,81326.8047
1778443200000,82109.1406
1778457600000,80630.0703
1778472000000,80644.2266
1778486400000,81088.4922
1778500800000,81321.4062
1778515200000,81856.9844
1778529600000,81629.0391
1778544000000,80954.6562
1778558400000,80747.2891
1778572800000,80666.1953
1778587200000,80222.0703
1778601600000,80718.6719
1778616000000,80400.2578
1778630400000,81142.2969
1778644800000,80913.4062
1778659200000,80400.4219
1778673600000,78724.5547
1778688000000,79529.5391
1778702400000,79211.3984
1778716800000,78932.7812
1778731200000,79627.1953
1778745600000,79142.75
1778760000000,81186.6484
1778774400000,81317.8203
1778788800000,80985.8516
1778803200000,80957.4609
1778817600000,80722.2969
1778832000000,80528.625
1778846400000,79043.6484
1778860800000,79022.8672
1778875200000,78977.75
1778889600000,78986.2656
1778904000000,78269.0547
1778918400000,77975.5234
1778932800000,78121.7188
1778947200000,78157.4062
1778961600000,78030.0703
1778976000000,77918.75
1778990400000,78073.6484
1779004800000,78299.9062
1779019200000,77937.2422
1779033600000,78315.4297
1779048000000,77345.7031
1779062400000,76831.6719
1779076800000,76956.1406
1779091200000,77165.4688
1779105600000,76316.2578
1779120000000,76800.8672
1779134400000,76879.4297
1779148800000,76659.6953
1779163200000,77102.8438
1779177600000,76575.7266
1779192000000,76397.7891
1779206400000,76686.6484
1779220800000,76705.3125
1779235200000,76582.2812
1779249600000,77135.9375
1779264000000,77226.2578
1779278400000,77311.8906
1779292800000,77524.4375
1779307200000,77404.75
1779321600000,77926.7734
1779336000000,77722.6953
1779350400000,77041.9766
1779364800000,77102
1779379200000,77534.9219
1779393600000,77476.3359
1779408000000,77618.1562
1779422400000,77247.875
1779436800000,77272.2344
1779451200000,76633.6016
1779465600000,75717.0703
1779480000000,75389.6875
1779494400000,75490.5312
1779508800000,74457.4844
1779523200000,74653.6875
1779537600000,75367.1484
1779552000000,75813.3906
1779566400000,76565.6562
1779580800000,76549.8047
1779595200000,76612.8906
1779609600000,77109.2344
1779624000000,76205.9141
1779638400000,76599.8672
1779652800000,76878.3203
1779667200000,76853.4688
1779681600000,77222.5391
1779696000000,77195.7422
1779710400000,77466.3516
1779724800000,77290.3594
1779739200000,77159.8047
1779753600000,76514.4609
1779768000000,76566.1484
1779782400000,77033.7422
1779796800000,76330.1797
1779811200000,75842.9844
1779825600000,75747.1953
1779840000000,75478.5547
1779854400000,75783.4609
1779868800000,75579.125
1779883200000,75141.8359
1779897600000,74882.0703
1779912000000,74287.0391
1779926400000,73105.4531
1779940800000,73331.4453
1779955200000,73351.1641
1779969600000,72784.5469
1779984000000,73262.5234
1779998400000,73477.4141
1780012800000,73147.3516
1780027200000,73381.2109
1780041600000,73328
1780056000000,73628.6406
1780070400000,73373.2656
1780084800000,73312.5703
1780099200000,73367.7109
1780113600000,73395.5547
1780128000000,73438.1172
1780142400000,73752.4141
1780156800000,73838.6172
1780171200000,73698.5703
1780185600000,73963.4375
1780200000000,73698.3047
1780214400000,73772.2266
1780228800000,73479.7891
1780243200000,73394.4922
1780257600000,73510.3125
1780272000000,73592.1875
1780286400000,72658.8047
1780300800000,72352.3047
1780315200000,70965.7969
1780329600000,71454.125
1780344000000,71266.9609
1780358400000,70807.7734
1780372800000,69965.4141
1780387200000,69330.9141
1780401600000,67137.9141
1780416000000,67155
1780430400000,66617.5547
1780444800000,65721.9844
1780459200000,67077.7188
1780473600000,66921.6406
1780488000000,65935.8828
1780502400000,65334.9062
1780516800000,64005.668
1780531200000,64250.7031
1780545600000,63498.625
1780560000000,62431.5508
1780574400000,63774.668
1780588800000,63499.6719
1780603200000,63754.7891
1780617600000,62590.4219
1780632000000,62991.2734
1780646400000,61858.707
1780660800000,60347.3281
1780675200000,60238.8672
1780689600000,60964.9883
1780704000000,60617.0781
1780718400000,60904.6523
1780732800000,60720.0586
1780747200000,60691.6562
1780761600000,60509.9141
1780776000000,60818.3867
1780790400000,61607.5156
1780804800000,62306.8281
1780819200000,62536.6836
1780833600000,61998.9805
1780848000000,61236.2656
1780862400000,63229.582
1780876800000,63024.1836
1780891200000,63160.3555
1780905600000,63347.4766
1780920000000,63671.7266
1780934400000,63273.2031
1780948800000,62977.7891
1780963200000,62777.3086
1780977600000,63090.5625
1780992000000,62606.9531
1781006400000,61027.9922
1781020800000,61992.0117
1781035200000,61621.1602
1781049600000,61429.9219
1781064000000,61557.6797
1781078400000,60913.4883
1781092800000,62511.6289
1781107200000,61817.4258
1781121600000,61385.6133
1781136000000,62542.0117
1781150400000,62574.0234
1781164800000,62947.9688
1781179200000,62609.3789
1781193600000,63446.0547
1781208000000,63476.1797
1781222400000,63359.6016
1781236800000,62927.4023
1781251200000,63600.1445
1781265600000,63474.9805
1781280000000,63466.457
1781294400000,63457.1445
1781308800000,63407.7383
1781323200000,63732.0586
1781337600000,63841.3633
1781352000000,64178.4414
1781366400000,64176.9609
1781380800000,64325.8984
1781395200000,64423.7578
1781409600000,64311.2773
1781424000000,64434.1914
1781438400000,63901.4219
1781452800000,63688.4492
1781467200000,65614.1406
1781481600000,65793.1094
1781496000000,65547.1641
1781510400000,66097.0938
1781524800000,67150.4922
1781539200000,66486.7891
1781553600000,66195.2969
1781568000000,66027.0938
1781582400000,66253.6953
1781596800000,66350.8438
1781611200000,65722.6016
1781625600000,65542.2812
1781640000000,65529.0234
1781654400000,65704.9062
1781668800000,65397.0859
1781683200000,64673.0977
1781697600000,65622.125
1781712000000,64176.2109
1781726400000,64365.3672
1781740800000,64149.9883
1781755200000,64364.8711
1781769600000,63847.0703
1781784000000,62232.6602
1781798400000,62819.0742
1781812800000,62820.957
1781827200000,62645.8594
1781841600000,62494.25
1781856000000,62505.9219
1781870400000,63087.9492
1781884800000,62882.8516
1781899200000,63413.5703
1781913600000,63329.5703
1781928000000,63504.9609
1781942400000,63542.6602
1781956800000,64016.0703
1781971200000,63791.8477
1781985600000,64134.7773
1782000000000,64274.5
1782014400000,64042.6641
1782028800000,64008.2812
1782043200000,64058.7773
1782057600000,64038.4609
1782072000000,63159.3711
1782086400000,63812.9102
1782100800000,64055.1836
1782115200000,64502.7031
1782129600000,64676.3711
1782144000000,64334.4141
1782158400000,63870.7109
1782172800000,63891.3711
1782187200000,62728.7734
1782201600000,62366.3047
1782216000000,62343.7656
1782230400000,62242.9336
1782244800000,62586.5039
1782259200000,62580.9531
1782273600000,62499.0391
1782288000000,62759.9961
1782302400000,60124.9375
1782316800000,59816.0742
1782331200000,60914.4766
1782345600000,60718.6406
1782360000000,61745.2344
1782374400000,61121.5117
1782388800000,59405.7773
1782403200000,59172.8008
1782417600000,59636.8164
1782432000000,59877.0898
1782446400000,60374.3008
1782460800000,59264.0195
1782475200000,60169.1914
1782489600000,59595.7773
1782504000000,59936.7773
1782518400000,60154.1758
1782532800000,60374.7266
1782547200000,60203.918
1782561600000,60669.668
1782576000000,60000.0078
1782590400000,59859.8984
1782604800000,60047.5625
1782619200000,60063.8164
1782633600000,60174.75
1782648000000,59725.7695
1782662400000,59333.418
1782676800000,59412.7344
1782691200000,59878.3906
1782705600000,59881.3594
1782720000000,59819.2422
1782734400000,59664.332
1782748800000,60278.6328
1782763200000,60096.5586
1782777600000,59456.7734
1782792000000,59376.0859
1782806400000,59025.0273
1782820800000,58219.7148
1782835200000,58666.5391
1782849600000,58477.7422
1782864000000,59035.3125
1782878400000,58605.3906
1782892800000,58470.6406
1782907200000,60006.8359
1782921600000,59881.7656
1782936000000,59876.7148
1782950400000,60920.2578
1782964800000,59999.2266
1782979200000,61201.8867
1782993600000,61457.5547
1783008000000,61314.1602
1783022400000,61404.0977
1783036800000,61273.7109
1783051200000,61603.5586
1783065600000,61865.7227
1783080000000,61762.5195
1783094400000,62067.1836
1783108800000,62427.2891
1783123200000,62488.6836
1783137600000,62426.7656
1783152000000,62325.7617
1783166400000,62786.9609
1783180800000,63139.2656
1783195200000,62983.9297
1783209600000,62615.4062
1783224000000,62874.3398
1783238400000,62505.9453
1783252800000,62592.625
1783267200000,62633.2227
1783281600000,63494.5508
1783296000000,63141.9766
1783310400000,62939.9141
1783324800000,62344.7305
1783339200000,63407.8281
1783353600000,63583.457
1783368000000,63907.5586
1783382400000,63055.0391
1783396800000,62942.7891
1783411200000,63260.5703
1783425600000,63780.9922
1783440000000,63694.9141
1783454400000,63235.8672
1783468800000,62619.8086
1783483200000,62754.6914
1783497600000,62170.9414
1783512000000,61579.0117
1783526400000,62155.5664
1783540800000,62162.5977
1783555200000,61843.4414
1783569600000,62876.9688
1783584000000,62643.6992
1783598400000,62728.8359
1783612800000,63103.8164
1783627200000,63113.5312
1783641600000,63802.707
1783656000000,63858.5781
1783670400000,64278.3125
1783684800000,63913.8984
1783699200000,63799.0117
1783713600000,64037.0352
1783728000000,64014.9375
1783742400000,64026.0312
1783756800000,64068.1016
1783771200000,64037.5156
1783785600000,64154.5781
1783800000000,63690.418
1783814400000,64090.8008
1783828800000,63752.0938
1783843200000,63880.2109
1783857600000,64048.7383
1783872000000,64107.3125
1783886400000,63658.8359
1783900800000,62690.6914
1783915200000,62892.7148
1783929600000,62780.4844
1783944000000,62499.1367
1783958400000,62161.6875
1783972800000,62201.2188
1783987200000,62442.543
1784001600000,62404.3672
1784016000000,62695.3828
1784030400000,64615.6836
1784044800000,64441.8984
1784059200000,64900.2812
1784073600000,64663.4727
1784088000000,64421.8516
1784102400000,64590.0195
1784116800000,65269.6133
1784131200000,64824.7305
1784145600000,64625.1523
1784160000000,64486.043
1784174400000,64098.2812
1784188800000,64120.6406
1784203200000,64572.9609
1784217600000,64136.0977
1784232000000,63713.0156
1784246400000,63441.1055
1784260800000,62687.9531
1784275200000,63163.043
1784289600000,63335.7148
1784304000000,64032.9688
1784318400000,63812.8711
1784332800000,63863.457
1784347200000,63889.4805
1784361600000,63930.9062
1784376000000,63995.6328
1784390400000,64426.9258
1784404800000,64705.8711
1784419200000,64579.4727
1784433600000,64576.8125
1784448000000,64336.2109
1784462400000,64433.4492
