ts_ms,research_source__d1
1542211200000,
1542225600000,
1542240000000,
1542254400000,
1542268800000,
1542283200000,
1542297600000,
1542312000000,
1542326400000,
1542340800000,
1542355200000,
1542369600000,
1542384000000,
1542398400000,
1542412800000,-4.5
1542427200000,-6.53564453
1542441600000,-6.5
1542456000000,-0.535644531
1542470400000,4.46435547
1542484800000,2.10717773
1542499200000,-1.33935547
1542513600000,-3.71435547
1542528000000,-1.03564453
1542542400000,1.53564453
1542556800000,1.5534668
1542571200000,1.08935547
1542585600000,-4.21435547
1542600000000,-12.0534668
1542614400000,-21.2856445
1542628800000,-32.5893555
1542643200000,-45.3928223
1542657600000,-51.0356445
1542672000000,-57.8928223
1542686400000,-76.8930664
1542700800000,-72.4643555
1542715200000,-65.6069336
1542729600000,-78.4462891
1542744000000,-82.0358887
1542758400000,-78.7680664
1542772800000,-74.7321777
1542787200000,-67.375
1542801600000,-61.2856445
1542816000000,-51.125
1542830400000,-36.5356445
1542844800000,-23.4284668
1542859200000,-20.4821777
1542873600000,-16.9106445
1542888000000,-1.6965332
1542902400000,-13.6787109
1542916800000,-25.8928223
1542931200000,-14.5534668
1542945600000,-10.2141113
1542960000000,-12.7321777
1542974400000,-16.9643555
1542988800000,-17.5
1543003200000,-11.6428223
1543017600000,-13.3215332
1543032000000,-19
1543046400000,-19.5712891
1543060800000,-21.5893555
1543075200000,-35.1965332
1543089600000,-50.9821777
1543104000000,-47
1543118400000,-35.5893555
1543132800000,-33.2320557
1543147200000,-35.2856445
1543161600000,-29.75
1543176000000,-20.9106445
1543190400000,-20.5178223
1543204800000,-25.125
1543219200000,-34.6071777
1543233600000,-38.5
1543248000000,-35.5357666
1543262400000,-34.2143555
1543276800000,-17.75
1543291200000,-1.26782227
1543305600000,-1.17858887
1543320000000,-3.80358887
1543334400000,-0.857055664
1543348800000,3.125
1543363200000,4.78564453
1543377600000,4.05358887
1543392000000,8.76794434
1543406400000,19.875
1543420800000,31.4820557
1543435200000,32.3214111
1543449600000,28.4821777
1543464000000,39.2143555
1543478400000,41.5892334
1543492800000,37
1543507200000,39.3035889
1543521600000,39.5714111
1543536000000,33.1071777
1543550400000,17.1606445
1543564800000,1.41064453
1543579200000,-3.76782227
1543593600000,-9.23217773
1543608000000,-18.125
1543622400000,-20.5
1543636800000,-9.73217773
1543651200000,0.535888672
1543665600000,-3.48217773
1543680000000,-7.51794434
1543694400000,-5.24987793
1543708800000,-6
1543723200000,-10.9821777
1543737600000,-8.42858887
1543752000000,4.66064453
1543766400000,11.5
1543780800000,4.7857666
1543795200000,-0.803588867
1543809600000,-0.482177734
1543824000000,-4.51782227
1543838400000,-16.0714111
1543852800000,-23.6428223
1543867200000,-27.1964111
1543881600000,-20.8928223
1543896000000,-12.3392334
1543910400000,-11.5715332
1543924800000,-10.8035889
1543939200000,-12.9464111
1543953600000,-17.2857666
1543968000000,-21.25
1543982400000,-14.0714111
1543996800000,-7.80358887
1544011200000,-14.5892334
1544025600000,-14
1544040000000,-8.0357666
1544054400000,-4.23205566
1544068800000,-1.89282227
1544083200000,-13.7321777
1544097600000,-23.8571777
1544112000000,-30.7142334
1544126400000,-40.2857666
1544140800000,-40.2143555
1544155200000,-35.4106445
1544169600000,-33.7321777
1544184000000,-32.0178223
1544198400000,-30.6606445
1544212800000,-25.1965332
1544227200000,-18.6964111
1544241600000,-20.3392334
1544256000000,-27.375
1544270400000,-31.5714111
1544284800000,-23.125
1544299200000,-16.3393555
1544313600000,-8.92858887
1544328000000,2.7857666
1544342400000,10.0714111
1544356800000,12.9642334
1544371200000,14.375
1544385600000,10.4643555
1544400000000,6.5
1544414400000,5.73217773
1544428800000,1.19641113
1544443200000,-1.9465332
1544457600000,0.607177734
1544472000000,3
1544486400000,0.857177734
1544500800000,-2.28564453
1544515200000,-5.30358887
1544529600000,-6.32141113
1544544000000,-10.5179443
1544558400000,-15.2321777
1544572800000,-13.1070557
1544587200000,-8.9642334
1544601600000,-4.94641113
1544616000000,-3.39294434
1544630400000,-1.33935547
1544644800000,1.21435547
1544659200000,-0.732177734
1544673600000,-2.0357666
1544688000000,-0.821411133
1544702400000,-1.05358887
1544716800000,-3.26782227
1544731200000,-5.23205566
1544745600000,-6.01782227
1544760000000,-6.1965332
1544774400000,-8.6607666
1544788800000,-14.3214111
1544803200000,-17.9642334
1544817600000,-16.5892334
1544832000000,-15.8571777
1544846400000,-16.4107666
1544860800000,-16.7857666
1544875200000,-15.4820557
1544889600000,-14.2678223
1544904000000,-10.25
1544918400000,-4.32141113
1544932800000,-1.9107666
1544947200000,-2.25
1544961600000,-2.60717773
1544976000000,-2.07141113
1544990400000,-0.678588867
1545004800000,2.26782227
1545019200000,2.17858887
1545033600000,7.5357666
1545048000000,20.4464111
1545062400000,26.5178223
1545076800000,26.0893555
1545091200000,24.3214111
1545105600000,19.9285889
1545120000000,19.2321777
1545134400000,20.7678223
1545148800000,26.375
1545163200000,34.5357666
1545177600000,36.9285889
1545192000000,40.3570557
1545206400000,40.7142334
1545220800000,37.6429443
1545235200000,28.9643555
1545249600000,16.7320557
1545264000000,15.0714111
1545278400000,26.0357666
1545292800000,35.9464111
1545307200000,38.75
1545321600000,40.25
1545336000000,38.6071777
1545350400000,30.9642334
1545364800000,22.2142334
1545379200000,18.8571777
1545393600000,9.25
1545408000000,2.69641113
1545422400000,4.67858887
1545436800000,7.875
1545451200000,11.4285889
1545465600000,8.96435547
1545480000000,-1.69641113
1545494400000,-6.25
1545508800000,-2.67858887
1545523200000,-4.75
1545537600000,-4.46435547
1545552000000,-4.01794434
1545566400000,-5.26782227
1545580800000,-2.875
1545595200000,12.1607666
1545609600000,25.3929443
1545624000000,23.8392334
1545638400000,19.0714111
1545652800000,13.1428223
1545667200000,12.6964111
1545681600000,2
1545696000000,-12.9643555
1545710400000,-16.4820557
1545724800000,-17.8214111
1545739200000,-18.8393555
1545753600000,-15.1606445
1545768000000,-9.53564453
1545782400000,-10.4107666
1545796800000,-21.2321777
1545811200000,-31.4642334
1545825600000,-28.3571777
1545840000000,-21.0714111
1545854400000,-19.3571777
1545868800000,-20.7143555
1545883200000,-10.0178223
1545897600000,-0.767822266
1545912000000,-6.78564453
1545926400000,-10.5535889
1545940800000,-9.80358887
1545955200000,-11.3214111
1545969600000,-13.8214111
1545984000000,-5.51782227
1545998400000,6.7142334
1546012800000,10.3928223
1546027200000,8.67858887
1546041600000,6.78564453
1546056000000,8.28564453
1546070400000,9.21435547
1546084800000,7.89294434
1546099200000,2.125
1546113600000,3.42858887
1546128000000,10.5356445
1546142400000,14.1784668
1546156800000,15.5
1546171200000,13.75
1546185600000,6.60717773
1546200000000,-3.4642334
1546214400000,-7.44641113
1546228800000,-9.125
1546243200000,-10.2321777
1546257600000,-11.6964111
1546272000000,-13.125
1546286400000,-11.8571777
1546300800000,-5.4642334
1546315200000,-1.07141113
1546329600000,-3.73217773
1546344000000,-7.2857666
1546358400000,-3.80358887
1546372800000,0.464355469
1546387200000,-1.64282227
1546401600000,-0.571411133
1546416000000,1.92858887
1546430400000,4.875
1546444800000,7.92858887
1546459200000,11.0714111
1546473600000,12.3928223
1546488000000,10.9106445
1546502400000,10.0714111
1546516800000,7.48217773
1546531200000,6.5357666
1546545600000,7.35717773
1546560000000,2.89282227
1546574400000,-1.39282227
1546588800000,-2.30358887
1546603200000,-3.23217773
1546617600000,-1.57141113
1546632000000,0.0356445312
1546646400000,-2.39282227
1546660800000,-3.53564453
1546675200000,-1.73217773
1546689600000,-0.357177734
1546704000000,-1.26782227
1546718400000,-0.803588867
1546732800000,0.803588867
1546747200000,0.5
1546761600000,1.03564453
1546776000000,10.5
1546790400000,20.1785889
1546804800000,20.3571777
1546819200000,17.9107666
1546833600000,14.3214111
1546848000000,13.1784668
1546862400000,13.4285889
1546876800000,12.8571777
1546891200000,11.2142334
1546905600000,11.7143555
1546920000000,15.2857666
1546934400000,17.2678223
1546948800000,15.75
1546963200000,13.1785889
1546977600000,4.98217773
1546992000000,-1.875
1547006400000,-1.1607666
1547020800000,-2.1607666
1547035200000,-2.125
1547049600000,-0.767822266
1547064000000,-0.803588867
1547078400000,-7.89282227
1547092800000,-14.4464111
1547107200000,-14.2143555
1547121600000,-21.8571777
1547136000000,-29.3214111
1547150400000,-28.3392334
1547164800000,-26.4107666
1547179200000,-26.5892334
1547193600000,-27.4106445
1547208000000,-27.2321777
1547222400000,-26.4285889
1547236800000,-26.0178223
1547251200000,-26.6607666
1547265600000,-27.6965332
1547280000000,-20.4284668
1547294400000,-11.875
1547308800000,-11.6429443
1547323200000,-6.125
1547337600000,-0.375
1547352000000,-0.589233398
1547366400000,-1.30358887
1547380800000,-5.5357666
1547395200000,-9.19641113
1547409600000,-9.14282227
1547424000000,-8
1547438400000,-7.53564453
1547452800000,-2.55358887
1547467200000,3.875
1547481600000,3.80358887
1547496000000,3
1547510400000,3.42858887
1547524800000,2.8034668
1547539200000,1.32141113
1547553600000,0.928588867
1547568000000,-0.678588867
1547582400000,1.85717773
1547596800000,5.4107666
1547611200000,5.85717773
1547625600000,6.19641113
1547640000000,5.19641113
1547654400000,0.196411133
1547668800000,-5.69641113
1547683200000,-6
1547697600000,-5.30358887
1547712000000,-4.75
1547726400000,-2.82141113
1547740800000,-0.303588867
1547755200000,0.339233398
1547769600000,1.42858887
1547784000000,2.23217773
1547798400000,2.39294434
1547812800000,1.125
1547827200000,-0.714355469
1547841600000,0.785644531
1547856000000,1.2857666
1547870400000,5.39294434
1547884800000,9.16064453
1547899200000,8.16064453
1547913600000,6.69641113
1547928000000,5.17858887
1547942400000,4.23217773
1547956800000,0.357177734
1547971200000,-5.32141113
1547985600000,-7.46435547
1548000000000,-6.85717773
1548014400000,-5.51782227
1548028800000,-4.98205566
1548043200000,-5.2142334
1548057600000,-5.1965332
1548072000000,-9.44641113
1548086400000,-13.0714111
1548100800000,-12.4107666
1548115200000,-11.8928223
1548129600000,-11.7142334
1548144000000,-9.7142334
1548158400000,-4.21435547
1548172800000,2.01782227
1548187200000,4.9107666
1548201600000,3.73217773
1548216000000,2.51782227
1548230400000,2.0534668
1548244800000,0.160766602
1548259200000,-0.0534667969
1548273600000,0.375
1548288000000,0.446411133
1548302400000,1.3034668
1548316800000,1.94641113
1548331200000,2.7857666
1548345600000,1.16064453
1548360000000,-0.696411133
1548374400000,-0.928466797
1548388800000,-2.35717773
1548403200000,-1.9107666
1548417600000,-1.26782227
1548432000000,-0.696411133
1548446400000,1.60717773
1548460800000,3.69641113
1548475200000,4.41064453
1548489600000,2.14282227
1548504000000,0.0535888672
1548518400000,-0.142822266
1548532800000,-0.589233398
1548547200000,-1.32141113
1548561600000,-1.98217773
1548576000000,-2.07141113
1548590400000,-0.392822266
1548604800000,-0.660766602
1548619200000,-3.75
1548633600000,-7.10717773
1548648000000,-10.2321777
1548662400000,-13.0534668
1548676800000,-13.5357666
1548691200000,-10.625
1548705600000,-9.53564453
1548720000000,-12.1785889
1548734400000,-13.5893555
1548748800000,-11.7679443
1548763200000,-9.82141113
1548777600000,-9.76782227
1548792000000,-10.25
1548806400000,-9.32141113
1548820800000,-6.16064453
1548835200000,-1.76782227
1548849600000,1.0892334
1548864000000,1.51782227
1548878400000,2.07141113
1548892800000,2.2142334
1548907200000,0.767822266
1548921600000,1.96435547
1548936000000,3.33935547
1548950400000,1.69641113
1548964800000,-0.0178222656
1548979200000,-0.75
1548993600000,0.178466797
1549008000000,1.30358887
1549022400000,1.6965332
1549036800000,0.803588867
1549051200000,-0.0535888672
1549065600000,-0.25
1549080000000,-0.803588867
1549094400000,-1.33935547
1549108800000,0.0535888672
1549123200000,2.7857666
1549137600000,2.80358887
1549152000000,1.39282227
1549166400000,1.35705566
1549180800000,2.26782227
1549195200000,0.714355469
1549209600000,-1.2142334
1549224000000,-1.73217773
1549238400000,-1.8392334
1549252800000,-2.0892334
1549267200000,-1.875
1549281600000,-1.35717773
1549296000000,-1.4107666
1549310400000,-1.42858887
1549324800000,-2.7142334
1549339200000,-2.5357666
1549353600000,-0.892944336
1549368000000,-0.178466797
1549382400000,0.267944336
1549396800000,-0.732177734
1549411200000,-2.33935547
1549425600000,-3.0357666
1549440000000,-3.48217773
1549454400000,-3.16064453
1549468800000,-2.94641113
1549483200000,-3.19641113
1549497600000,-3.07141113
1549512000000,-2.98217773
1549526400000,-3.26782227
1549540800000,-4.0357666
1549555200000,-4.48217773
1549569600000,-4.35705566
1549584000000,-4.625
1549598400000,-2.01794434
1549612800000,2.9107666
1549627200000,12.0714111
1549641600000,18.7142334
1549656000000,17.9821777
1549670400000,18.0178223
1549684800000,18.3214111
1549699200000,17.7143555
1549713600000,17.3571777
1549728000000,18.1785889
1549742400000,18.6428223
1549756800000,17.9285889
1549771200000,17.3214111
1549785600000,17.2142334
1549800000000,16.3929443
1549814400000,15.0714111
1549828800000,5.82141113
1549843200000,-2.26782227
1549857600000,-1.64282227
1549872000000,-1.58935547
1549886400000,-1.85717773
1549900800000,-1.625
1549915200000,-2
1549929600000,-3.16064453
1549944000000,-3.35717773
1549958400000,-2.5
1549972800000,-1.10717773
1549987200000,-0.517822266
1550001600000,-0.732055664
1550016000000,-2.5357666
1550030400000,-2.85717773
1550044800000,-1.8392334
1550059200000,-1.5357666
1550073600000,-1.1965332
1550088000000,-1.5892334
1550102400000,-1.625
1550116800000,-1.5357666
1550131200000,-1.0892334
1550145600000,-0.303466797
1550160000000,-0.410766602
1550174400000,-1.25
1550188800000,-1.28564453
1550203200000,-1.21435547
1550217600000,-1.9107666
1550232000000,-1.5
1550246400000,-0.357055664
1550260800000,0.339355469
1550275200000,0.678466797
1550289600000,0.821411133
1550304000000,1.5
1550318400000,2.3392334
1550332800000,1.83935547
1550347200000,0.946411133
1550361600000,1.73217773
1550376000000,1.44641113
1550390400000,-0.0715332031
1550404800000,-0.5
1550419200000,2.0715332
1550433600000,6.46435547
1550448000000,8.53564453
1550462400000,8.53564453
1550476800000,12.0178223
1550491200000,17.8035889
1550505600000,19.625
1550520000000,19.4464111
1550534400000,20.7679443
1550548800000,21.2857666
1550563200000,23.1070557
1550577600000,25.8928223
1550592000000,24.5357666
1550606400000,23.1429443
1550620800000,21.4285889
1550635200000,18.5
1550649600000,16.5
1550664000000,15.6428223
1550678400000,12.625
1550692800000,7.44641113
1550707200000,4.94641113
1550721600000,3.25
1550736000000,1.07141113
1550750400000,0.607177734
1550764800000,-1.625
1550779200000,-3.48217773
1550793600000,-1.125
1550808000000,1.32141113
1550822400000,2.42858887
1550836800000,1.80358887
1550851200000,1.85717773
1550865600000,1.9107666
1550880000000,0.142822266
1550894400000,-0.446533203
1550908800000,-0.357177734
1550923200000,6.92858887
1550937600000,14.9821777
1550952000000,17.4107666
1550966400000,19.0178223
1550980800000,17.25
1550995200000,3.64294434
1551009600000,-9.7857666
1551024000000,-12.5893555
1551038400000,-13.0356445
1551052800000,-12.625
1551067200000,-12.3214111
1551081600000,-10.6785889
1551096000000,-8.6607666
1551110400000,-7.3392334
1551124800000,-13.4821777
1551139200000,-21.2678223
1551153600000,-24.7678223
1551168000000,-25.75
1551182400000,-24.1964111
1551196800000,-10.9643555
1551211200000,1.69641113
1551225600000,3.58935547
1551240000000,4.0357666
1551254400000,2.8034668
1551268800000,2.10705566
1551283200000,0.982177734
1551297600000,-1.0892334
1551312000000,-2.03564453
1551326400000,-0.714355469
1551340800000,1.78564453
1551355200000,2.3215332
1551369600000,-0.232177734
1551384000000,-0.714355469
1551398400000,0.214355469
1551412800000,0.517822266
1551427200000,0.482177734
1551441600000,0.714355469
1551456000000,0.714233398
1551470400000,0.678588867
1551484800000,0.303588867
1551499200000,0.232055664
1551513600000,0.303588867
1551528000000,-0.696411133
1551542400000,-1.6607666
1551556800000,-0.892822266
1551571200000,0.803588867
1551585600000,0.839233398
1551600000000,-0.375
1551614400000,-1.25
1551628800000,-1.625
1551643200000,-2.57141113
1551657600000,-4.51782227
1551672000000,-6.78564453
1551686400000,-7.125
1551700800000,-7.23217773
1551715200000,-7.5
1551729600000,-7.48217773
1551744000000,-7.4107666
1551758400000,-6.41064453
1551772800000,-2.32141113
1551787200000,2.07141113
1551801600000,3.55358887
1551816000000,3.19641113
1551830400000,2.9642334
1551844800000,4.48217773
1551859200000,7.07141113
1551873600000,9.5
1551888000000,10.3571777
1551902400000,11.3570557
1551916800000,11.75
1551931200000,11.3215332
1551945600000,10.9107666
1551960000000,10.2678223
1551974400000,6.03564453
1551988800000,1.28564453
1552003200000,0.964355469
1552017600000,2.6965332
1552032000000,3.51782227
1552046400000,3.10705566
1552060800000,1.26782227
1552075200000,0.160766602
1552089600000,1.875
1552104000000,2.3392334
1552118400000,3.0357666
1552132800000,4.21435547
1552147200000,4.01782227
1552161600000,3.32141113
1552176000000,2.4107666
1552190400000,2.375
1552204800000,2.01782227
1552219200000,1.01782227
1552233600000,0.875
1552248000000,1.07141113
1552262400000,1.35717773
1552276800000,0.785766602
1552291200000,-2.07141113
1552305600000,-4.05358887
1552320000000,-4.67858887
1552334400000,-6.19641113
1552348800000,-6.9107666
1552363200000,-4.7857666
1552377600000,-2.69641113
1552392000000,-2.66064453
1552406400000,-2.48217773
1552420800000,-1.5
1552435200000,-1.76782227
1552449600000,-3.80358887
1552464000000,-2.92858887
1552478400000,-0.589355469
1552492800000,0.464355469
1552507200000,1.05358887
1552521600000,0.178466797
1552536000000,0.928588867
1552550400000,2.2857666
1552564800000,0.660766602
1552579200000,-0.160766602
1552593600000,0.5
1552608000000,0.160766602
1552622400000,0.375
1552636800000,1.73217773
1552651200000,3.3392334
1552665600000,3.80358887
1552680000000,5.44641113
1552694400000,9.125
1552708800000,10.9821777
1552723200000,10.5
1552737600000,9.67858887
1552752000000,9.5892334
1552766400000,8.55358887
1552780800000,7.32141113
1552795200000,7.35705566
1552809600000,7.94641113
1552824000000,7.25
1552838400000,5.44641113
1552852800000,5.39294434
1552867200000,5
1552881600000,2.05358887
1552896000000,-1.28564453
1552910400000,-3.08935547
1552924800000,-1.94641113
1552939200000,-0.375
1552953600000,-1.17858887
1552968000000,-0.517822266
1552982400000,1.23217773
1552996800000,1.69641113
1553011200000,1.875
1553025600000,1.14282227
1553040000000,1.125
1553054400000,1.17858887
1553068800000,1.73205566
1553083200000,3.25
1553097600000,4.19641113
1553112000000,4.9107666
1553126400000,4.80358887
1553140800000,4.51782227
1553155200000,2.42858887
1553169600000,0.392822266
1553184000000,-0.0178222656
1553198400000,-0.910644531
1553212800000,-1.7857666
1553227200000,-0.928588867
1553241600000,-0.0178222656
1553256000000,-0.339355469
1553270400000,-0.607177734
1553284800000,-0.875
1553299200000,-1.875
1553313600000,-3.32141113
1553328000000,-3.94641113
1553342400000,-4.35705566
1553356800000,-1.73217773
1553371200000,0.535644531
1553385600000,-0.339233398
1553400000000,-0.339233398
1553414400000,0.0357666016
1553428800000,-0.642944336
1553443200000,-1.25
1553457600000,-1.16064453
1553472000000,-1.23217773
1553486400000,-1.5357666
1553500800000,-2.55358887
1553515200000,-4.55358887
1553529600000,-5.44641113
1553544000000,-4.73205566
1553558400000,-5.01782227
1553572800000,-5.58935547
1553587200000,-4.51794434
1553601600000,-3.875
1553616000000,-4
1553630400000,-1.25
1553644800000,1.08935547
1553659200000,2.21435547
1553673600000,3.51782227
1553688000000,3
1553702400000,4.17858887
1553716800000,6.8392334
1553731200000,7.80358887
1553745600000,7.14282227
1553760000000,7.30358887
1553774400000,8.14294434
1553788800000,7.5534668
1553803200000,7.44641113
1553817600000,8.1965332
1553832000000,8.44641113
1553846400000,7.6784668
1553860800000,5.48217773
1553875200000,4.625
1553889600000,5.69641113
1553904000000,5.30358887
1553918400000,4.91064453
1553932800000,4.5357666
1553947200000,4.55358887
1553961600000,5.35717773
1553976000000,5.35717773
1553990400000,5.16064453
1554004800000,5.05358887
1554019200000,4.2857666
1554033600000,1.55358887
1554048000000,0.410644531
1554062400000,2.57141113
1554076800000,3.14294434
1554091200000,1.66064453
1554105600000,2.14282227
1554120000000,3.19641113
1554134400000,4.0892334
1554148800000,6.14282227
1554163200000,25.3037109
1554177600000,46.6071777
1554192000000,48.875
1554206400000,47.75
1554220800000,53.2856445
1554235200000,63.75
1554249600000,65.3928223
1554264000000,60.9643555
1554278400000,61.625
1554292800000,68.5715332
1554307200000,67.1071777
1554321600000,60.2856445
1554336000000,62.1428223
1554350400000,61.1784668
1554364800000,40.1606445
1554379200000,13.0178223
1554393600000,7.71435547
1554408000000,10.625
1554422400000,5.9465332
1554436800000,-0.767822266
1554451200000,-1
1554465600000,2.55371094
1554480000000,2.85693359
1554494400000,-3.75
1554508800000,-4.21411133
1554523200000,2.07128906
1554537600000,4.41064453
1554552000000,9.03588867
1554566400000,6.89282227
1554580800000,11.3391113
1554595200000,18.3393555
1554609600000,15.6071777
1554624000000,14.1962891
1554638400000,11.1606445
1554652800000,11.875
1554667200000,15.8393555
1554681600000,16.1608887
1554696000000,12.6606445
1554710400000,13.4284668
1554724800000,15.3037109
1554739200000,12.9287109
1554753600000,8.9284668
1554768000000,9.6784668
1554782400000,9.66088867
1554796800000,5.625
1554811200000,6.26782227
1554825600000,6
1554840000000,5.64282227
1554854400000,5.25
1554868800000,1.44628906
1554883200000,0.571533203
1554897600000,10.4465332
1554912000000,12.1962891
1554926400000,2.91064453
1554940800000,-3.14282227
1554955200000,-9.96411133
1554969600000,-13.4106445
1554984000000,-11.5
1554998400000,-10.7678223
1555012800000,-12.6608887
1555027200000,-12.2321777
1555041600000,-10.6606445
1555056000000,-11.5
1555070400000,-12.8928223
1555084800000,-14.0537109
1555099200000,-18.1071777
1555113600000,-18.8034668
1555128000000,-13.0356445
1555142400000,-8.9465332
1555156800000,-2.91088867
1555171200000,2.25
1555185600000,0.428710938
1555200000000,0.0893554688
1555214400000,2.26782227
1555228800000,2.91064453
1555243200000,1.875
1555257600000,3.66088867
1555272000000,7
1555286400000,6.76782227
1555300800000,3.98217773
1555315200000,3.33911133
1555329600000,0.428466797
1555344000000,-3.9284668
1555358400000,-3.28564453
1555372800000,-1.14282227
1555387200000,0.660644531
1555401600000,1.1784668
1555416000000,5.16088867
1555430400000,9.21435547
1555444800000,9.78564453
1555459200000,7.125
1555473600000,5.14282227
1555488000000,4.78564453
1555502400000,5.51782227
1555516800000,6.51782227
1555531200000,12.1965332
1555545600000,17.9821777
1555560000000,15.25
1555574400000,13.2321777
1555588800000,14.4106445
1555603200000,14.9821777
1555617600000,8.21435547
1555632000000,2.58935547
1555646400000,2.41064453
1555660800000,3.32128906
1555675200000,4.10717773
1555689600000,4.76782227
1555704000000,5.26782227
1555718400000,5.96435547
1555732800000,4.875
1555747200000,3.05371094
1555761600000,4.6965332
1555776000000,5.39282227
1555790400000,4.07128906
1555804800000,2.9284668
1555819200000,2.55371094
1555833600000,2.41064453
1555848000000,1.14282227
1555862400000,0.464355469
1555876800000,-0.946533203
1555891200000,-1.875
1555905600000,-0.196289062
1555920000000,-0.589355469
1555934400000,1.85693359
1555948800000,5.01806641
1555963200000,6.3215332
1555977600000,11.6784668
1555992000000,15.4465332
1556006400000,16.3928223
1556020800000,20.3569336
1556035200000,20.6606445
1556049600000,20.3930664
1556064000000,17.375
1556078400000,12.1606445
1556092800000,12.5715332
1556107200000,10.6071777
1556121600000,8.9465332
1556136000000,6.69628906
1556150400000,3.39282227
1556164800000,2.83935547
1556179200000,-1.42871094
1556193600000,-5.25
1556208000000,-18.1071777
1556222400000,-29.4643555
1556236800000,-26.9462891
1556251200000,-28.125
1556265600000,-26.7321777
1556280000000,-24.4641113
1556294400000,-23.6428223
1556308800000,-21.3571777
1556323200000,-20.0537109
1556337600000,-19.5178223
1556352000000,-19.5356445
1556366400000,-19.375
1556380800000,-20.1962891
1556395200000,-21.875
1556409600000,-9.42871094
1556424000000,2.23193359
1556438400000,1.3215332
1556452800000,0.446533203
1556467200000,0.107177734
1556481600000,4.125
1556496000000,3.64282227
1556510400000,0.660644531
1556524800000,-0.553710938
1556539200000,-1.5534668
1556553600000,-0.964111328
1556568000000,-2.1965332
1556582400000,-2.42871094
1556596800000,0.964355469
1556611200000,4.39282227
1556625600000,3.6784668
1556640000000,3.53588867
1556654400000,8.85717773
1556668800000,11.8034668
1556683200000,10.6071777
1556697600000,9.71435547
1556712000000,10
1556726400000,11.5178223
1556740800000,12.9821777
1556755200000,13.6606445
1556769600000,14.5534668
1556784000000,16.5893555
1556798400000,15.4108887
1556812800000,11.2856445
1556827200000,13.0891113
1556841600000,19.6965332
1556856000000,25.2143555
1556870400000,28.1962891
1556884800000,27.125
1556899200000,25.9643555
1556913600000,28.9106445
1556928000000,30.7321777
1556942400000,28.9108887
1556956800000,21.4643555
1556971200000,16.0356445
1556985600000,21.875
1557000000000,26.3393555
1557014400000,24.1962891
1557028800000,20.0356445
1557043200000,13.0537109
1557057600000,4.125
1557072000000,-0.107177734
1557086400000,-1.6784668
1557100800000,-4.375
1557115200000,-6.14306641
1557129600000,-6.67871094
1557144000000,-2.85693359
1557158400000,5.14282227
1557172800000,15.4106445
1557187200000,14.25
1557201600000,8.39282227
1557216000000,10.1787109
1557230400000,10.125
1557244800000,5.78564453
1557259200000,4.01782227
1557273600000,6.64282227
1557288000000,11.7678223
1557302400000,18.8571777
1557316800000,20.1965332
1557331200000,19.5715332
1557345600000,21.0712891
1557360000000,24.125
1557374400000,18.25
1557388800000,9.07128906
1557403200000,10.1608887
1557417600000,16.1428223
1557432000000,25.5356445
1557446400000,36
1557460800000,38.8034668
1557475200000,35.6787109
1557489600000,36.2321777
1557504000000,35.0178223
1557518400000,39.0715332
1557532800000,53.3571777
1557547200000,57.3393555
1557561600000,58.4462891
1557576000000,64.1962891
1557590400000,77.2858887
1557604800000,84
1557619200000,88.9106445
1557633600000,82.7321777
1557648000000,53.5
1557662400000,46.7143555
1557676800000,50.1606445
1557691200000,46.6962891
1557705600000,47.1428223
1557720000000,50.1608887
1557734400000,63.7858887
1557748800000,77.9462891
1557763200000,71.6784668
1557777600000,68.3571777
1557792000000,75.6428223
1557806400000,70.5178223
1557820800000,46.5537109
1557835200000,35.8037109
1557849600000,60.625
1557864000000,77.1428223
1557878400000,71.0178223
1557892800000,68.2321777
1557907200000,70.2678223
1557921600000,69.3391113
1557936000000,46.4821777
1557950400000,25.1787109
1557964800000,18.8571777
1557979200000,2.66064453
1557993600000,-14.8393555
1558008000000,-18.1606445
1558022400000,-9.35717773
1558036800000,-19.75
1558051200000,-43.1071777
1558065600000,-57.9465332
1558080000000,-62.0534668
1558094400000,-59.5893555
1558108800000,-53.8571777
1558123200000,-53.5178223
1558137600000,-61.1965332
1558152000000,-65.0356445
1558166400000,-56.7856445
1558180800000,-45.6606445
1558195200000,-49.625
1558209600000,-23.3215332
1558224000000,7.53564453
1558238400000,30.3571777
1558252800000,52.3393555
1558267200000,53.9821777
1558281600000,68.4465332
1558296000000,73.0534668
1558310400000,53.1962891
1558324800000,37.5893555
1558339200000,35.75
1558353600000,35.9821777
1558368000000,41.2143555
1558382400000,48.3571777
1558396800000,49.2678223
1558411200000,21.8928223
1558425600000,-4.375
1558440000000,-2.48217773
1558454400000,-1.94628906
1558468800000,-2.0534668
1558483200000,-10.9108887
1558497600000,-18.9643555
1558512000000,-6.10717773
1558526400000,4.9284668
1558540800000,-5.39282227
1558555200000,-12.8034668
1558569600000,-20
1558584000000,-27
1558598400000,-18.2141113
1558612800000,-9.28564453
1558627200000,-5.41088867
1558641600000,-7.26806641
1558656000000,-7.71411133
1558670400000,1.08935547
1558684800000,10.6428223
1558699200000,16.1965332
1558713600000,9.625
1558728000000,3.46411133
1558742400000,16.7141113
1558756800000,29.5715332
1558771200000,32.8930664
1558785600000,32.0534668
1558800000000,25.625
1558814400000,18.625
1558828800000,12.75
1558843200000,6.53588867
1558857600000,7.01782227
1558872000000,25.9821777
1558886400000,43.6071777
1558900800000,47.6069336
1558915200000,53.0178223
1558929600000,53.3034668
1558944000000,55.5712891
1558958400000,55.1967773
1558972800000,50.1430664
1558987200000,53.3032227
1559001600000,52.5356445
1559016000000,51.2680664
1559030400000,51.9462891
1559044800000,52.5712891
1559059200000,51.9824219
1559073600000,24.9106445
1559088000000,-7.44677734
1559102400000,-12.5
1559116800000,-7.71435547
1559131200000,-3.41064453
1559145600000,-7.39257812
1559160000000,-10.4462891
1559174400000,-6.07128906
1559188800000,-5.35693359
1559203200000,3.32128906
1559217600000,1.25
1559232000000,-20.5712891
1559246400000,-31.1430664
1559260800000,-30.4824219
1559275200000,-28.1787109
1559289600000,-19.9819336
1559304000000,-13.5532227
1559318400000,-12.3574219
1559332800000,-11.1967773
1559347200000,-9.91064453
1559361600000,-8.91064453
1559376000000,-10.7675781
1559390400000,-12.625
1559404800000,-19.8217773
1559419200000,-15.3393555
1559433600000,13.8037109
1559448000000,33.0717773
1559462400000,32.0537109
1559476800000,29.7856445
1559491200000,28.8925781
1559505600000,22.1962891
1559520000000,5.19677734
1559534400000,-4.96435547
1559548800000,-3.875
1559563200000,-2.28564453
1559577600000,-15.9287109
1559592000000,-38.9106445
1559606400000,-48.1606445
1559620800000,-48.8930664
1559635200000,-52.5
1559649600000,-69.3032227
1559664000000,-78.3217773
1559678400000,-69.1608887
1559692800000,-64.2675781
1559707200000,-64.6606445
1559721600000,-61.4643555
1559736000000,-54.75
1559750400000,-50.4284668
1559764800000,-50.6071777
1559779200000,-37.4465332
1559793600000,-13.2678223
1559808000000,-6.5715332
1559822400000,-16.0715332
1559836800000,-14.875
1559851200000,3.26782227
1559865600000,17.3215332
1559880000000,14.3393555
1559894400000,8.5715332
1559908800000,10.75
1559923200000,19.3034668
1559937600000,18.7143555
1559952000000,11.5356445
1559966400000,11.0534668
1559980800000,11.7321777
1559995200000,5.71435547
1560009600000,7.14282227
1560024000000,18.2856445
1560038400000,14.5893555
1560052800000,6.3215332
1560067200000,-4.96435547
1560081600000,-13.5893555
1560096000000,-17.4641113
1560110400000,-22.1965332
1560124800000,-21.125
1560139200000,-10.4106445
1560153600000,-0.196533203
1560168000000,-0.928466797
1560182400000,1.6784668
1560196800000,7.46411133
1560211200000,5.35717773
1560225600000,-2.94628906
1560240000000,-8.3034668
1560254400000,-4.17871094
1560268800000,6.85717773
1560283200000,15.2678223
1560297600000,22.3928223
1560312000000,25.5893555
1560326400000,29.3571777
1560340800000,25.2678223
1560355200000,16.3928223
1560369600000,13.3928223
1560384000000,9.0534668
1560398400000,9.75
1560412800000,14.5537109
1560427200000,24.8037109
1560441600000,32.1071777
1560456000000,27.4284668
1560470400000,23.625
1560484800000,22.125
1560499200000,24.2854004
1560513600000,28.8930664
1560528000000,32.2324219
1560542400000,35.0356445
1560556800000,36.2143555
1560571200000,39
1560585600000,43.9819336
1560600000000,50.3037109
1560614400000,50.1787109
1560628800000,51.6962891
1560643200000,67.7143555
1560657600000,73.1787109
1560672000000,68.1606445
1560686400000,58.2319336
1560700800000,43.5712891
1560715200000,47.4462891
1560729600000,44
1560744000000,40.5
1560758400000,41.3574219
1560772800000,40.1606445
1560787200000,42.1606445
1560801600000,34.1967773
1560816000000,24.375
1560830400000,15.6425781
1560844800000,-3.44677734
1560859200000,-11.7319336
1560873600000,-7.83886719
1560888000000,2.42871094
1560902400000,15.5
1560916800000,6.625
1560931200000,-3.375
1560945600000,-8.60742188
1560960000000,-3.16113281
1560974400000,4.35742188
1560988800000,-1.125
1561003200000,-2.19677734
1561017600000,9.39306641
1561032000000,21.4106445
1561046400000,28.1962891
1561060800000,40.2861328
1561075200000,48.5356445
1561089600000,48.9282227
1561104000000,47.125
1561118400000,49.6074219
1561132800000,69.0893555
1561147200000,95.1069336
1561161600000,103.393066
1561176000000,104.785645
1561190400000,109.392578
1561204800000,104.303711
1561219200000,96.1967773
1561233600000,90.75
1561248000000,86.1782227
1561262400000,72.25
1561276800000,65.0537109
1561291200000,75.4287109
1561305600000,77.4462891
1561320000000,63.4282227
1561334400000,44.4824219
1561348800000,26.6967773
1561363200000,16.8569336
1561377600000,9.08935547
1561392000000,9.26806641
1561406400000,25.375
1561420800000,40.9106445
1561435200000,46.4282227
1561449600000,45.5180664
1561464000000,50.3037109
1561478400000,63.9462891
1561492800000,82.25
1561507200000,104
1561521600000,130.196289
1561536000000,145.839355
1561550400000,181.393066
1561564800000,179.285645
1561579200000,139.625
1561593600000,116.5
1561608000000,82.4819336
1561622400000,45.4287109
1561636800000,-7.21435547
1561651200000,-25.9287109
1561665600000,-17.1069336
1561680000000,-27.7856445
1561694400000,-24.0537109
1561708800000,-26.9106445
1561723200000,-31.6782227
1561737600000,-27.6967773
1561752000000,-102.286133
1561766400000,-125.178223
1561780800000,-70.2856445
1561795200000,-49.3393555
1561809600000,-26.4106445
1561824000000,-1.35742188
1561838400000,52.25
1561852800000,65.3574219
1561867200000,34.9824219
1561881600000,7.41064453
1561896000000,-38.2680664
1561910400000,-71.0893555
1561924800000,-85.7143555
1561939200000,-97.4106445
1561953600000,-70.5712891
1561968000000,-71.25
1561982400000,-115.428711
1561996800000,-109.428711
1562011200000,-102.767578
1562025600000,-128.160645
1562040000000,-149.518066
1562054400000,-116.518066
1562068800000,-66.2319336
1562083200000,-33.9462891
1562097600000,-3.67871094
1562112000000,21.3574219
1562126400000,22.2675781
1562140800000,23.9819336
1562155200000,30.2861328
1562169600000,69.5712891
1562184000000,119.981934
1562198400000,101.946777
1562212800000,92.2319336
1562227200000,120.803223
1562241600000,137.036133
1562256000000,87.1606445
1562270400000,32.3925781
1562284800000,17.1787109
1562299200000,0.0180664062
1562313600000,-4.33935547
1562328000000,-2.69677734
1562342400000,-19.1962891
1562356800000,-7.64257812
1562371200000,-9.375
1562385600000,-35.5180664
1562400000000,-20.0893555
1562414400000,-10.9819336
1562428800000,-27.6425781
1562443200000,-45.8930664
1562457600000,-24.5717773
1562472000000,9.51806641
1562486400000,17.9467773
1562500800000,23.6069336
1562515200000,21.1606445
1562529600000,17.625
1562544000000,27.4819336
1562558400000,33.2680664
1562572800000,30.9824219
1562587200000,43.6425781
1562601600000,51.8212891
1562616000000,64.7861328
1562630400000,85.9462891
1562644800000,87.6425781
1562659200000,86.4106445
1562673600000,85.1074219
1562688000000,88.8574219
1562702400000,97.6425781
1562716800000,101.375
1562731200000,107.785645
1562745600000,88.3393555
1562760000000,34.9106445
1562774400000,10.3032227
1562788800000,-11.8032227
1562803200000,-42.9106445
1562817600000,-62.9467773
1562832000000,-72.2675781
1562846400000,-60.5356445
1562860800000,-65.4643555
1562875200000,-86.0712891
1562889600000,-79.4106445
1562904000000,-78.1606445
1562918400000,-95.375
1562932800000,-97.8393555
1562947200000,-68.8217773
1562961600000,-35.7856445
1562976000000,-36.4106445
1562990400000,-35.0356445
1563004800000,-21.5175781
1563019200000,-22.0537109
1563033600000,-21.0717773
1563048000000,-16.9819336
1563062400000,-17.7856445
1563076800000,-24.9287109
1563091200000,-62.4819336
1563105600000,-87.8393555
1563120000000,-91.0893555
1563134400000,-97.6787109
1563148800000,-102.553711
1563163200000,-100.035645
1563177600000,-81.4462891
1563192000000,-49.9819336
1563206400000,-35.6606445
1563220800000,-36
1563235200000,-37.9106445
1563249600000,-42.375
1563264000000,-42.9467773
1563278400000,-58.0717773
1563292800000,-71.8569336
1563307200000,-74.2138672
1563321600000,-60.0893555
1563336000000,-59.9287109
1563350400000,-59.2319336
1563364800000,-40.875
1563379200000,-50.5361328
1563393600000,-70.6606445
1563408000000,-77.2856445
1563422400000,-71.7143555
1563436800000,-45.2675781
1563451200000,-17.5356445
1563465600000,-1.78564453
1563480000000,37.9282227
1563494400000,76.9462891
1563508800000,75.125
1563523200000,60.875
1563537600000,73.0361328
1563552000000,71.625
1563566400000,55.8388672
1563580800000,59.9287109
1563595200000,62.625
1563609600000,60.6782227
1563624000000,71.7861328
1563638400000,52.5180664
1563652800000,12.8569336
1563667200000,0.25
1563681600000,-2.96435547
1563696000000,-8.33935547
1563710400000,-2.82128906
1563724800000,10.6962891
1563739200000,14.2675781
1563753600000,10.5356445
1563768000000,4
1563782400000,-11.8925781
1563796800000,-29.3569336
1563811200000,-28.1787109
1563825600000,-36.8930664
1563840000000,-51.375
1563854400000,-46.9819336
1563868800000,-44.0356445
1563883200000,-38.8930664
1563897600000,-36.8930664
1563912000000,-49.2675781
1563926400000,-59.8569336
1563940800000,-64.6962891
1563955200000,-57.6430664
1563969600000,-57.5537109
1563984000000,-48.8388672
1563998400000,-16.9287109
1564012800000,-9.46435547
1564027200000,-13.6606445
1564041600000,-5.92871094
1564056000000,-6.23193359
1564070400000,-7.58935547
1564084800000,-17.8574219
1564099200000,-18.1069336
1564113600000,3.21435547
1564128000000,9.73193359
1564142400000,9.35693359
1564156800000,3.66064453
1564171200000,15.7324219
1564185600000,28.8574219
1564200000000,-11.3574219
1564214400000,-45.8217773
1564228800000,-48.375
1564243200000,-43.9106445
1564257600000,-33.2675781
1564272000000,-28.5893555
1564286400000,-20.8037109
1564300800000,-16.2319336
1564315200000,-19.1962891
1564329600000,-19
1564344000000,-17.625
1564358400000,-17.1606445
1564372800000,-33.5356445
1564387200000,-45.1787109
1564401600000,-21.2324219
1564416000000,2.23242188
1564430400000,3.92871094
1564444800000,2.21386719
1564459200000,3.94628906
1564473600000,10.8574219
1564488000000,11.2143555
1564502400000,6.33935547
1564516800000,8.76806641
1564531200000,13.0893555
1564545600000,12.4106445
1564560000000,21.0356445
1564574400000,35.8037109
1564588800000,40.2856445
1564603200000,39.9462891
1564617600000,36.1069336
1564632000000,36.5712891
1564646400000,38.4643555
1564660800000,45.5712891
1564675200000,52.0893555
1564689600000,52.375
1564704000000,61.25
1564718400000,62.8393555
1564732800000,59.8393555
1564747200000,56.3217773
1564761600000,42.3037109
1564776000000,44.9638672
1564790400000,54.3925781
1564804800000,53.8393555
1564819200000,55.2680664
1564833600000,59.9643555
1564848000000,60.4106445
1564862400000,46.1074219
1564876800000,27.6069336
1564891200000,21.6782227
1564905600000,27.3037109
1564920000000,32.5
1564934400000,30.1430664
1564948800000,53.2856445
1564963200000,82.1782227
1564977600000,78.9643555
1564992000000,71.0180664
1565006400000,69.625
1565020800000,73.2143555
1565035200000,66.6787109
1565049600000,78.6962891
1565064000000,85.3930664
1565078400000,72.25
1565092800000,72.6069336
1565107200000,53.2856445
1565121600000,41.0356445
1565136000000,43.0712891
1565150400000,24.8574219
1565164800000,4
1565179200000,-3.03613281
1565193600000,5.69677734
1565208000000,14.3393555
1565222400000,10.8212891
1565236800000,8.78564453
1565251200000,-13.5356445
1565265600000,-26.1069336
1565280000000,3.48193359
1565294400000,17.4462891
1565308800000,20.3930664
1565323200000,16.4824219
1565337600000,9.17871094
1565352000000,8.64257812
1565366400000,9.53564453
1565380800000,9.94677734
1565395200000,-2.96435547
1565409600000,-27.6967773
1565424000000,-41.1962891
1565438400000,-37.5893555
1565452800000,-33.25
1565467200000,-21.5356445
1565481600000,-31.0180664
1565496000000,-38.875
1565510400000,-31.875
1565524800000,-28.6606445
1565539200000,-17.2319336
1565553600000,-18.6425781
1565568000000,-29.7143555
1565582400000,-34.9467773
1565596800000,-34.2680664
1565611200000,-12.3393555
1565625600000,4.03564453
1565640000000,3.67871094
1565654400000,5.67871094
1565668800000,-2.16064453
1565683200000,-19.9643555
1565697600000,-35.7856445
1565712000000,-38.75
1565726400000,-45.8037109
1565740800000,-62.3212891
1565755200000,-67.6787109
1565769600000,-66.1606445
1565784000000,-76.3569336
1565798400000,-91.6967773
1565812800000,-106.839355
1565827200000,-113.767578
1565841600000,-100.589355
1565856000000,-89.9106445
1565870400000,-86.1782227
1565884800000,-63.3574219
1565899200000,-42.8574219
1565913600000,-54.3925781
1565928000000,-50.3393555
1565942400000,-22.7856445
1565956800000,-8.375
1565971200000,-6.42871094
1565985600000,1.91064453
1566000000000,18.1787109
1566014400000,30.3574219
1566028800000,35.6606445
1566043200000,18
1566057600000,4.875
1566072000000,4.82128906
1566086400000,-5.21435547
1566100800000,-2.48193359
1566115200000,20.4819336
1566129600000,25.4106445
1566144000000,5.28564453
1566158400000,-4.83935547
1566172800000,11.4467773
1566187200000,27.5893555
1566201600000,26.8569336
1566216000000,25.4819336
1566230400000,34.5
1566244800000,44.5356445
1566259200000,45.0537109
1566273600000,43.5717773
1566288000000,42.875
1566302400000,33.0356445
1566316800000,25.1425781
1566331200000,10.5
1566345600000,-10.5175781
1566360000000,-16.7680664
1566374400000,-36.25
1566388800000,-48.6425781
1566403200000,-42.5537109
1566417600000,-50.4824219
1566432000000,-63.9819336
1566446400000,-64.3212891
1566460800000,-55.3574219
1566475200000,-44.9106445
1566489600000,-41.4462891
1566504000000,-43.0356445
1566518400000,-40.4819336
1566532800000,-24.6606445
1566547200000,5.64257812
1566561600000,20.625
1566576000000,25.4643555
1566590400000,25.9106445
1566604800000,17.1962891
1566619200000,12.1962891
1566633600000,6.125
1566648000000,6.07128906
1566662400000,6.07177734
1566676800000,-0.214355469
1566691200000,-0.875
1566705600000,-0.285644531
1566720000000,-6.57177734
1566734400000,-8.80322266
1566748800000,-12.3032227
1566763200000,-14.1967773
1566777600000,-6.89306641
1566792000000,-1.96435547
1566806400000,0.446289062
1566820800000,11.2861328
1566835200000,24.5537109
1566849600000,16.1069336
1566864000000,3.67871094
1566878400000,0.0893554688
1566892800000,1.16064453
1566907200000,3.01757812
1566921600000,5.01757812
1566936000000,4.96435547
1566950400000,1.35742188
1566964800000,-4.51757812
1566979200000,-8.67871094
1566993600000,-29.7856445
1567008000000,-48.4819336
1567022400000,-48.4467773
1567036800000,-61.2856445
1567051200000,-61.125
1567065600000,-49.9111328
1567080000000,-46.2319336
1567094400000,-46.9638672
1567108800000,-49.4643555
1567123200000,-50.4824219
1567137600000,-44.5537109
1567152000000,-39.4287109
1567166400000,-41.1069336
1567180800000,-44.3388672
1567195200000,-25.0180664
1567209600000,-5.19677734
1567224000000,-4.58935547
1567238400000,6.91064453
1567252800000,12.1074219
1567267200000,8.46435547
1567281600000,8.96435547
1567296000000,9.71435547
1567310400000,8.94628906
1567324800000,9.92871094
1567339200000,7.96435547
1567353600000,9.07128906
1567368000000,13.4106445
1567382400000,13.5
1567396800000,14.7319336
1567411200000,19.3393555
1567425600000,33.2680664
1567440000000,50.1430664
1567454400000,57.8393555
1567468800000,57.6606445
1567483200000,56.8037109
1567497600000,67.8393555
1567512000000,77.8212891
1567526400000,75.1069336
1567540800000,72.3569336
1567555200000,64.5
1567569600000,56.1967773
1567584000000,51.0180664
1567598400000,54.8032227
1567612800000,55.375
1567627200000,38.1606445
1567641600000,20.7138672
1567656000000,13.0361328
1567670400000,12.9111328
1567684800000,10.5888672
1567699200000,-0.357421875
1567713600000,-4.42822266
1567728000000,4.375
1567742400000,13.125
1567756800000,20.1074219
1567771200000,5.73193359
1567785600000,-9.44677734
1567800000000,-17.4643555
1567814400000,-20.375
1567828800000,-12.3212891
1567843200000,-8.58935547
1567857600000,-6.35693359
1567872000000,-5.94628906
1567886400000,-2.375
1567900800000,-1.19628906
1567915200000,-10.7680664
1567929600000,-21.7856445
1567944000000,-31.75
1567958400000,-36.9824219
1567972800000,-20.8212891
1567987200000,-9.51757812
1568001600000,-3.89306641
1568016000000,-0.143066406
1568030400000,-7.67871094
1568044800000,-11.25
1568059200000,-13.7319336
1568073600000,-15.375
1568088000000,-19.0537109
1568102400000,-24.5712891
1568116800000,-28.6782227
1568131200000,-26.2856445
1568145600000,-20.8217773
1568160000000,-22.2324219
1568174400000,-21.3925781
1568188800000,-14.6606445
1568203200000,-18.2324219
1568217600000,-18.1787109
1568232000000,-12.4643555
1568246400000,-15.1962891
1568260800000,-13.2138672
1568275200000,-2.66064453
1568289600000,4.73193359
1568304000000,12.0712891
1568318400000,23.9462891
1568332800000,22.7143555
1568347200000,17.5
1568361600000,19.2856445
1568376000000,15.9467773
1568390400000,20.125
1568404800000,23
1568419200000,15.5893555
1568433600000,14.1606445
1568448000000,18.4824219
1568462400000,19.1782227
1568476800000,9.35693359
1568491200000,1.5
1568505600000,-3.26806641
1568520000000,-5.92822266
1568534400000,-2.64257812
1568548800000,-1.125
1568563200000,-1.26806641
1568577600000,3.44628906
1568592000000,1.91064453
1568606400000,-3.07128906
1568620800000,-8.78564453
1568635200000,-14.0356445
1568649600000,-10.3032227
1568664000000,-8.64306641
1568678400000,-10.1430664
1568692800000,-11.0893555
1568707200000,-10.1606445
1568721600000,-6.75
1568736000000,-6.94628906
1568750400000,-7.625
1568764800000,-6.08935547
1568779200000,-8.71435547
1568793600000,-10.1787109
1568808000000,-8.17822266
1568822400000,-2.32128906
1568836800000,-10.1430664
1568851200000,-25.2856445
1568865600000,-27.9287109
1568880000000,-25.8930664
1568894400000,-13.9282227
1568908800000,0.339355469
1568923200000,1.26757812
1568937600000,-2.39306641
1568952000000,-3.16064453
1568966400000,-3.66064453
1568980800000,-2.16064453
1568995200000,-0.660644531
1569009600000,-1.91064453
1569024000000,-4.71435547
1569038400000,5.23193359
1569052800000,13.8212891
1569067200000,10.6962891
1569081600000,8.16113281
1569096000000,-5.76757812
1569110400000,-17.9824219
1569124800000,-17.4824219
1569139200000,-14.375
1569153600000,-12.8569336
1569168000000,-12.2319336
1569182400000,-12.2680664
1569196800000,-17.3217773
1569211200000,-18.7675781
1569225600000,-16.3388672
1569240000000,-17.1430664
1569254400000,-21.6967773
1569268800000,-23.375
1569283200000,-18.9462891
1569297600000,-13.75
1569312000000,-24.6069336
1569326400000,-77.2143555
1569340800000,-110.107422
1569355200000,-101.303223
1569369600000,-109.053711
1569384000000,-118.232422
1569398400000,-115.517578
1569412800000,-112.356934
1569427200000,-105.857422
1569441600000,-100.893066
1569456000000,-96.6425781
1569470400000,-92.8393555
1569484800000,-111.660645
1569499200000,-121.981934
1569513600000,-108.482422
1569528000000,-64.3212891
1569542400000,-30.2319336
1569556800000,-39.5893555
1569571200000,-34.6965332
1569585600000,-24.1965332
1569600000000,-15.1962891
1569614400000,-9.41064453
1569628800000,-13.5180664
1569643200000,-15.8037109
1569657600000,-18.75
1569672000000,-19.0178223
1569686400000,2.0715332
1569700800000,11.2858887
1569715200000,2.875
1569729600000,4.82128906
1569744000000,0.25
1569758400000,-3.25
1569772800000,1.3034668
1569787200000,1.39282227
1569801600000,-14.9462891
1569816000000,-19.6962891
1569830400000,-3.125
1569844800000,7.14282227
1569859200000,12.1962891
1569873600000,16.7678223
1569888000000,17.0537109
1569902400000,16.0715332
1569916800000,18.7678223
1569931200000,18.25
1569945600000,20.4287109
1569960000000,23.7321777
1569974400000,17.2319336
1569988800000,16.8925781
1570003200000,26.9824219
1570017600000,23.9467773
1570032000000,11.0175781
1570046400000,5.21386719
1570060800000,1.30371094
1570075200000,-7.75
1570089600000,-18.1962891
1570104000000,-19.2319336
1570118400000,-13.4287109
1570132800000,-12.6430664
1570147200000,-13.6787109
1570161600000,-10.7319336
1570176000000,-6.55371094
1570190400000,-5.5
1570204800000,-6.44628906
1570219200000,-7.375
1570233600000,-13.4641113
1570248000000,-18.0356445
1570262400000,-15.3571777
1570276800000,-11.875
1570291200000,-4.0715332
1570305600000,-2.28588867
1570320000000,-12.9284668
1570334400000,-14.875
1570348800000,-9.41088867
1570363200000,-13.25
1570377600000,-19.8569336
1570392000000,-22.2856445
1570406400000,-21.8930664
1570420800000,-15.6784668
1570435200000,-2.9284668
1570449600000,7.03564453
1570464000000,8.8034668
1570478400000,11.0356445
1570492800000,9.41088867
1570507200000,7.16088867
1570521600000,11.9462891
1570536000000,14.8034668
1570550400000,12.8215332
1570564800000,13.6965332
1570579200000,19.2856445
1570593600000,22.5178223
1570608000000,36.7858887
1570622400000,47.2143555
1570636800000,36.1425781
1570651200000,26.6069336
1570665600000,27.1430664
1570680000000,24.9106445
1570694400000,22.3569336
1570708800000,26.8574219
1570723200000,29.25
1570737600000,29.6782227
1570752000000,22.9643555
1570766400000,14.6430664
1570780800000,13.25
1570795200000,12.2856445
1570809600000,-4.85693359
1570824000000,-20.6069336
1570838400000,-18.5180664
1570852800000,-17.0537109
1570867200000,-16.7319336
1570881600000,-16.5712891
1570896000000,-17.1606445
1570910400000,-17.4643555
1570924800000,-17.9467773
1570939200000,-16.8930664
1570953600000,-6.82128906
1570968000000,5.69677734
1570982400000,2.51806641
1570996800000,-4.14306641
1571011200000,-0.464355469
1571025600000,0.464355469
1571040000000,-3.94677734
1571054400000,-2.64306641
1571068800000,-0.821289062
1571083200000,-1.25
1571097600000,-0.696289062
1571112000000,-2.28564453
1571126400000,-1.78564453
1571140800000,-7.125
1571155200000,-16.2680664
1571169600000,-19.4287109
1571184000000,-15.1962891
1571198400000,-13.9638672
1571212800000,-21.8574219
1571227200000,-25.2324219
1571241600000,-21.5534668
1571256000000,-22.6428223
1571270400000,-26.9641113
1571284800000,-22.6962891
1571299200000,-16.6965332
1571313600000,-16.2321777
1571328000000,-17.4106445
1571342400000,-12.5
1571356800000,-12.4465332
1571371200000,-17.4465332
1571385600000,-16.625
1571400000000,-11.5534668
1571414400000,-3.16064453
1571428800000,0.142822266
1571443200000,-2.4284668
1571457600000,-2.8215332
1571472000000,0.0712890625
1571486400000,-2.35717773
1571500800000,-7.25
1571515200000,-9.4284668
1571529600000,-11.0893555
1571544000000,-10.4465332
1571558400000,-0.5
1571572800000,15.5
1571587200000,22.4465332
1571601600000,21.0358887
1571616000000,19.5893555
1571630400000,20.0356445
1571644800000,19.5534668
1571659200000,17.9643555
1571673600000,16.4465332
1571688000000,15.8928223
1571702400000,17.625
1571716800000,22.6606445
1571731200000,24.1962891
1571745600000,18.8928223
1571760000000,7.73242188
1571774400000,-10.5534668
1571788800000,-19.7502441
1571803200000,-18.5715332
1571817600000,-37.7321777
1571832000000,-55.4462891
1571846400000,-52.8571777
1571860800000,-54.1608887
1571875200000,-56.0712891
1571889600000,-55.5
1571904000000,-55.375
1571918400000,-56.7319336
1571932800000,-57.4643555
1571947200000,-54.3393555
1571961600000,-45.5178223
1571976000000,-32.8928223
1571990400000,-1.10717773
1572004800000,35.7856445
1572019200000,67.9821777
1572033600000,120.035645
1572048000000,148.928467
1572062400000,138.571533
1572076800000,129.053467
1572091200000,120.285889
1572105600000,121.643066
1572120000000,125.446289
1572134400000,123.303711
1572148800000,128.964355
1572163200000,140.464355
1572177600000,151.25
1572192000000,121.446289
1572206400000,80.625
1572220800000,65.0356445
1572235200000,22.3569336
1572249600000,-10.2680664
1572264000000,3
1572278400000,7.48242188
1572292800000,10.8037109
1572307200000,17.3212891
1572321600000,17.2319336
1572336000000,16.7856445
1572350400000,4.73242188
1572364800000,-6.17822266
1572379200000,-19.8393555
1572393600000,-29.2861328
1572408000000,-32.625
1572422400000,-32.5356445
1572436800000,-20.9643555
1572451200000,-16.3569336
1572465600000,-19.9819336
1572480000000,-15.4462891
1572494400000,-10.7680664
1572508800000,-14.6430664
1572523200000,-15.5537109
1572537600000,-15.0712891
1572552000000,-13.1606445
1572566400000,-16.75
1572580800000,-15.2675781
1572595200000,-6.5
1572609600000,0.267578125
1572624000000,8.375
1572638400000,7.375
1572652800000,4.42822266
1572667200000,8.17871094
1572681600000,13.6967773
1572696000000,15.875
1572710400000,10.375
1572724800000,6.82128906
1572739200000,7.96435547
1572753600000,7.01806641
1572768000000,5.35693359
1572782400000,1.14257812
1572796800000,2.78564453
1572811200000,2.64306641
1572825600000,-3.44628906
1572840000000,-1.71435547
1572854400000,3.01757812
1572868800000,2.64306641
1572883200000,2.92871094
1572897600000,6.28564453
1572912000000,0.321289062
1572926400000,-5.23242188
1572940800000,2.17871094
1572955200000,12.5180664
1572969600000,13.0712891
1572984000000,10.625
1572998400000,12.8393555
1573012800000,15.4287109
1573027200000,13.9287109
1573041600000,6.46386719
1573056000000,2.39306641
1573070400000,2.30371094
1573084800000,-5.05371094
1573099200000,-14.4106445
1573113600000,-10.0356445
1573128000000,-5.10693359
1573142400000,-9.71435547
1573156800000,-12.3037109
1573171200000,-12.75
1573185600000,-17.5
1573200000000,-32.6962891
1573214400000,-43.0712891
1573228800000,-41.9287109
1573243200000,-37.5717773
1573257600000,-35.9106445
1573272000000,-36.0532227
1573286400000,-33.1787109
1573300800000,-31.75
1573315200000,-28.8930664
1573329600000,-28.4643555
1573344000000,-28.1962891
1573358400000,-27.1074219
1573372800000,-25.8212891
1573387200000,-10.5712891
1573401600000,9.89257812
1573416000000,16.6069336
1573430400000,8.85742188
1573444800000,-2.89257812
1573459200000,-8
1573473600000,-6.78564453
1573488000000,-5.60742188
1573502400000,-3.94677734
1573516800000,-2.66064453
1573531200000,-3.17822266
1573545600000,-7.64257812
1573560000000,-8.82177734
1573574400000,-2.25
1573588800000,-11.0888672
1573603200000,-22.5537109
1573617600000,-20.3393555
1573632000000,-11.5537109
1573646400000,-0.803710938
1573660800000,3.60742188
1573675200000,2.5
1573689600000,-2.39306641
1573704000000,-7.23193359
1573718400000,-9.625
1573732800000,-8.625
1573747200000,-5.07128906
1573761600000,-9.46435547
1573776000000,-17.4287109
1573790400000,-13.2680664
1573804800000,-13.0537109
1573819200000,-19.2675781
1573833600000,-19.75
1573848000000,-20.9467773
1573862400000,-21.3212891
1573876800000,-20.3393555
1573891200000,-15.5
1573905600000,-10.2319336
1573920000000,-9.875
1573934400000,-10.6430664
1573948800000,-13.2143555
1573963200000,-8.01757812
1573977600000,-1.16064453
1573992000000,-2.69628906
1574006400000,-0.535644531
1574020800000,1.55322266
1574035200000,-0.553710938
1574049600000,-1.375
1574064000000,-3.46435547
1574078400000,-12.3925781
1574092800000,-20.875
1574107200000,-23.2143555
1574121600000,-25.2856445
1574136000000,-27.9824219
1574150400000,-26.3393555
1574164800000,-27.1782227
1574179200000,-30.0532227
1574193600000,-30.2143555
1574208000000,-29.7856445
1574222400000,-28.4821777
1574236800000,-25.9465332
1574251200000,-24.1965332
1574265600000,-24.0893555
1574280000000,-14.7856445
1574294400000,-7.10717773
1574308800000,-13.9643555
1574323200000,-28.6428223
1574337600000,-34.4821777
1574352000000,-33.1428223
1574366400000,-35.1428223
1574380800000,-38.6428223
1574395200000,-57.2678223
1574409600000,-72.4465332
1574424000000,-63.4284668
1574438400000,-57.875
1574452800000,-58.4821777
1574467200000,-60.2856445
1574481600000,-65.1606445
1574496000000,-60.7678223
1574510400000,-47.5358887
1574524800000,-29.7858887
1574539200000,-24.0178223
1574553600000,-29.5178223
1574568000000,-28.8928223
1574582400000,-33.375
1574596800000,-21.9106445
1574611200000,-9.60717773
1574625600000,-29.9643555
1574640000000,-43.6784668
1574654400000,-35.75
1574668800000,-12.0356445
1574683200000,3.33935547
1574697600000,-5.51806641
1574712000000,-8.64282227
1574726400000,-7.5
1574740800000,-6.92871094
1574755200000,-5.07128906
1574769600000,-8.23217773
1574784000000,1.0534668
1574798400000,7.16088867
1574812800000,6.89282227
1574827200000,22.5712891
1574841600000,39.6787109
1574856000000,47.5893555
1574870400000,34.625
1574884800000,20.5356445
1574899200000,24.5712891
1574913600000,22.9821777
1574928000000,25.0715332
1574942400000,32.0534668
1574956800000,28.2143555
1574971200000,27.0715332
1574985600000,27.9821777
1575000000000,29.0893555
1575014400000,43.2319336
1575028800000,47.5178223
1575043200000,36.1608887
1575057600000,21.9106445
1575072000000,14.4284668
1575086400000,13.9465332
1575100800000,7.25
1575115200000,2.23217773
1575129600000,-1.57128906
1575144000000,-14.125
1575158400000,-17.1787109
1575172800000,-11.7321777
1575187200000,-14.1071777
1575201600000,-13.9465332
1575216000000,-21.2856445
1575230400000,-27.9462891
1575244800000,-31
1575259200000,-34.2680664
1575273600000,-32.1784668
1575288000000,-29.8212891
1575302400000,-22.8037109
1575316800000,-14.4643555
1575331200000,-14.8034668
1575345600000,-10.1606445
1575360000000,1.19628906
1575374400000,2.48217773
1575388800000,-0.0534667969
1575403200000,-7.60717773
1575417600000,-16.5893555
1575432000000,-15.0893555
1575446400000,2.25
1575460800000,14.625
1575475200000,2.6965332
1575489600000,-6.35717773
1575504000000,-2.08935547
1575518400000,0.785888672
1575532800000,1.96435547
1575547200000,5.39282227
1575561600000,5.82128906
1575576000000,3.4284668
1575590400000,4.28588867
1575604800000,9.55371094
1575619200000,15.3034668
1575633600000,17
1575648000000,11.0356445
1575662400000,4.64282227
1575676800000,14.1965332
1575691200000,23.4641113
1575705600000,19.125
1575720000000,13.1965332
1575734400000,11.5893555
1575748800000,7.1965332
1575763200000,3.3034668
1575777600000,7.69628906
1575792000000,12.3571777
1575806400000,13.3393555
1575820800000,11.75
1575835200000,7.875
1575849600000,0.303466797
1575864000000,-4.78564453
1575878400000,-6.57128906
1575892800000,-9.89306641
1575907200000,-12.4465332
1575921600000,-12.1606445
1575936000000,-11.3212891
1575950400000,-8.44628906
1575964800000,-10.375
1575979200000,-18.5537109
1575993600000,-22.9643555
1576008000000,-23.6428223
1576022400000,-22.4643555
1576036800000,-21.5534668
1576051200000,-21.6606445
1576065600000,-21.3393555
1576080000000,-18.1965332
1576094400000,-15.8571777
1576108800000,-15.1071777
1576123200000,-13.8571777
1576137600000,-12.5356445
1576152000000,-11.0356445
1576166400000,-6.9284668
1576180800000,-2.30371094
1576195200000,-0.410888672
1576209600000,0.446533203
1576224000000,1.53588867
1576238400000,2.1965332
1576252800000,3.83911133
1576267200000,5.07128906
1576281600000,4.25
1576296000000,3.16064453
1576310400000,-1.78564453
1576324800000,-6.9284668
1576339200000,-8.26782227
1576353600000,-9.5534668
1576368000000,-6.89282227
1576382400000,-5.5
1576396800000,-8.03564453
1576411200000,-8.10717773
1576425600000,-8.78588867
1576440000000,-11.5537109
1576454400000,-13.5178223
1576468800000,-13.1962891
1576483200000,-12.7856445
1576497600000,-16.6608887
1576512000000,-16.5715332
1576526400000,-13.3212891
1576540800000,-14.0178223
1576555200000,-10.9465332
1576569600000,-20.0712891
1576584000000,-33.6071777
1576598400000,-35.1608887
1576612800000,-32.6606445
1576627200000,-32.7678223
1576641600000,-33.9284668
1576656000000,-24.5534668
1576670400000,-12.4821777
1576684800000,3.4284668
1576699200000,17.1428223
1576713600000,17.125
1576728000000,17.1606445
1576742400000,19.5356445
1576756800000,18.4821777
1576771200000,24.9465332
1576785600000,34.6606445
1576800000000,37.0356445
1576814400000,35.0358887
1576828800000,35.4643555
1576843200000,39.8034668
1576857600000,33.7321777
1576872000000,20.5
1576886400000,1.91064453
1576900800000,-6.03564453
1576915200000,1.125
1576929600000,1.69628906
1576944000000,0.0356445312
1576958400000,-1.39282227
1576972800000,-0.0534667969
1576987200000,2.55371094
1577001600000,2.71435547
1577016000000,10.875
1577030400000,22.0534668
1577044800000,27.2678223
1577059200000,25.8393555
1577073600000,25.2321777
1577088000000,30.1962891
1577102400000,26.3212891
1577116800000,16.375
1577131200000,12.1071777
1577145600000,9.92871094
1577160000000,12.3571777
1577174400000,11.3034668
1577188800000,5.96435547
1577203200000,5.5715332
1577217600000,-3.4465332
1577232000000,-15.2856445
1577246400000,-22.9821777
1577260800000,-25.2858887
1577275200000,-23.1428223
1577289600000,-25.6606445
1577304000000,-23.1428223
1577318400000,-13.1606445
1577332800000,-8.6784668
1577347200000,-5.66088867
1577361600000,-3.58935547
1577376000000,-5.19628906
1577390400000,-3.625
1577404800000,-4.23217773
1577419200000,-7.73217773
1577433600000,-5.3215332
1577448000000,-1.03564453
1577462400000,2.01806641
1577476800000,3.89282227
1577491200000,5.0534668
1577505600000,7.33935547
1577520000000,7.375
1577534400000,8.85693359
1577548800000,8.08935547
1577563200000,2.625
1577577600000,3.91064453
1577592000000,8.1965332
1577606400000,12.0534668
1577620800000,20.625
1577635200000,18.5
1577649600000,10.4643555
1577664000000,9.05371094
1577678400000,4.94628906
1577692800000,-1.16064453
1577707200000,-4.58911133
1577721600000,-5.41088867
1577736000000,-6.80371094
1577750400000,-6.76782227
1577764800000,-5.14282227
1577779200000,-7.16064453
1577793600000,-10.9284668
1577808000000,-13.8928223
1577822400000,-16.9821777
1577836800000,-16.3928223
1577851200000,-12.7143555
1577865600000,-11.1430664
1577880000000,-8.51782227
1577894400000,-5.14282227
1577908800000,-6.03564453
1577923200000,-8.91064453
1577937600000,-8.33935547
1577952000000,-7.5715332
1577966400000,-13.4643555
1577980800000,-17.5
1577995200000,-16.1428223
1578009600000,-7.19628906
1578024000000,5.1965332
1578038400000,8.94628906
1578052800000,9.91064453
1578067200000,10.0180664
1578081600000,8.82128906
1578096000000,10
1578110400000,13.75
1578124800000,15.9641113
1578139200000,15.2321777
1578153600000,15.6608887
1578168000000,26.3928223
1578182400000,36.3391113
1578196800000,35.8037109
1578211200000,27.0893555
1578225600000,13.5712891
1578240000000,5.26782227
1578254400000,8.78588867
1578268800000,13.3037109
1578283200000,13.1962891
1578297600000,13.5
1578312000000,13.8393555
1578326400000,23.9641113
1578340800000,36.8034668
1578355200000,39.5178223
1578369600000,34.0537109
1578384000000,26.0180664
1578398400000,34.4821777
1578412800000,48.2678223
1578427200000,55.7141113
1578441600000,64.8571777
1578456000000,62.375
1578470400000,57.0891113
1578484800000,43.8393555
1578499200000,34.2678223
1578513600000,33.5893555
1578528000000,21.1608887
1578542400000,5.66064453
1578556800000,-0.196533203
1578571200000,1.75
1578585600000,2.60717773
1578600000000,-8.41064453
1578614400000,-24.8393555
1578628800000,-31.7143555
1578643200000,-25.3212891
1578657600000,-17.9821777
1578672000000,-13.25
1578686400000,3.60717773
1578700800000,8.25
1578715200000,4.28564453
1578729600000,8.60717773
1578744000000,15.3037109
1578758400000,14.5534668
1578772800000,10.3212891
1578787200000,15.8034668
1578801600000,20.8571777
1578816000000,25.5715332
1578830400000,25.2143555
1578844800000,14.875
1578859200000,5.41064453
1578873600000,-3.73217773
1578888000000,-8.14282227
1578902400000,-3.32128906
1578916800000,2.53564453
1578931200000,2.9284668
1578945600000,11.75
1578960000000,28.6606445
1578974400000,33.4821777
1578988800000,37.8212891
1579003200000,46.0180664
1579017600000,48.5717773
1579032000000,45.7856445
1579046400000,36.8393555
1579060800000,37.75
1579075200000,47.0175781
1579089600000,49.3212891
1579104000000,51.125
1579118400000,45.125
1579132800000,38.7856445
1579147200000,28.8574219
1579161600000,15.8393555
1579176000000,12.7856445
1579190400000,6.42871094
1579204800000,0.446289062
1579219200000,3.51757812
1579233600000,9.76806641
1579248000000,14.1611328
1579262400000,13.25
1579276800000,10.3925781
1579291200000,11.0532227
1579305600000,6.875
1579320000000,9.30371094
1579334400000,16.6074219
1579348800000,15.0537109
1579363200000,14.1606445
1579377600000,23.75
1579392000000,29
1579406400000,8.91064453
1579420800000,-14.6074219
1579435200000,-19.6074219
1579449600000,-13.8393555
1579464000000,-12.6069336
1579478400000,-16.7138672
1579492800000,-20.4106445
1579507200000,-17.6787109
1579521600000,-13.7143555
1579536000000,-16.7680664
1579550400000,-18.1787109
1579564800000,-19.2143555
1579579200000,-28.375
1579593600000,-33.5712891
1579608000000,-21.2856445
1579622400000,-2.21435547
1579636800000,5.46435547
1579651200000,2.67871094
1579665600000,0.285644531
1579680000000,-0.696289062
1579694400000,1.125
1579708800000,1.42822266
1579723200000,-3.23193359
1579737600000,-6.07128906
1579752000000,-12.1967773
1579766400000,-19.5356445
1579780800000,-20.9819336
1579795200000,-19.3393555
1579809600000,-15.8569336
1579824000000,-21.5175781
1579838400000,-25.5893555
1579852800000,-19.4467773
1579867200000,-13.6606445
1579881600000,-13.0532227
1579896000000,-20.4824219
1579910400000,-26.0893555
1579924800000,-22.6606445
1579939200000,-17.9106445
1579953600000,-10.1606445
1579968000000,-2.25
1579982400000,-0.428710938
1579996800000,-1.01806641
1580011200000,4.28564453
1580025600000,8.98193359
1580040000000,9.42871094
1580054400000,9.5
1580068800000,9.23193359
1580083200000,13.2143555
1580097600000,22.875
1580112000000,31.5893555
1580126400000,38.4287109
1580140800000,42.5
1580155200000,47.3930664
1580169600000,52.3212891
1580184000000,51.2319336
1580198400000,48.8037109
1580212800000,42.2856445
1580227200000,53.9106445
1580241600000,63.0717773
1580256000000,55.9106445
1580270400000,50.3212891
1580284800000,45.5893555
1580299200000,46.7675781
1580313600000,43.0356445
1580328000000,31.125
1580342400000,29.1787109
1580356800000,25.3574219
1580371200000,20.2324219
1580385600000,27.1787109
1580400000000,33
1580414400000,32.9819336
1580428800000,13.4819336
1580443200000,-2.83935547
1580457600000,-2.69628906
1580472000000,-1.42871094
1580486400000,2.55322266
1580500800000,3.625
1580515200000,5.73242188
1580529600000,7.41113281
1580544000000,1.23193359
1580558400000,-1.05371094
1580572800000,0.928710938
1580587200000,-8.16064453
1580601600000,-13.5180664
1580616000000,-5.19677734
1580630400000,3.67871094
1580644800000,8.375
1580659200000,4.98242188
1580673600000,3.51806641
1580688000000,3.67822266
1580702400000,-2.5
1580716800000,-8.41064453
1580731200000,-6.33935547
1580745600000,-2.57128906
1580760000000,-4.07128906
1580774400000,-6.41064453
1580788800000,-6.82128906
1580803200000,-9.19677734
1580817600000,-15.6430664
1580832000000,-19.6069336
1580846400000,-18.5
1580860800000,-11.1962891
1580875200000,-1.85693359
1580889600000,5.5
1580904000000,16.5712891
1580918400000,24.9462891
1580932800000,24.1787109
1580947200000,23.6606445
1580961600000,27.2856445
1580976000000,33.7143555
1580990400000,38.5532227
1581004800000,39.8930664
1581019200000,41.7861328
1581033600000,44.0356445
1581048000000,43.2319336
1581062400000,40.4282227
1581076800000,32.3569336
1581091200000,24.4824219
1581105600000,12.8574219
1581120000000,5.96435547
1581134400000,11.6425781
1581148800000,14.7675781
1581163200000,13.7861328
1581177600000,10.0893555
1581192000000,15.7856445
1581206400000,25.5712891
1581220800000,26.4462891
1581235200000,23.8574219
1581249600000,21.5356445
1581264000000,23.5537109
1581278400000,25.1787109
1581292800000,18.3212891
1581307200000,10.1069336
1581321600000,7.94628906
1581336000000,4.69677734
1581350400000,0.785644531
1581364800000,-4.41113281
1581379200000,-10.9819336
1581393600000,-15.1425781
1581408000000,-5.98242188
1581422400000,9.55371094
1581436800000,12.5717773
1581451200000,14.1606445
1581465600000,16.8212891
1581480000000,18.4282227
1581494400000,22.3569336
1581508800000,31.6074219
1581523200000,36.375
1581537600000,38.0712891
1581552000000,38.4287109
1581566400000,32.6430664
1581580800000,33.9287109
1581595200000,35.4643555
1581609600000,17.1069336
1581624000000,-0.839355469
1581638400000,-7.19628906
1581652800000,-7.16064453
1581667200000,-6.75
1581681600000,-5.55371094
1581696000000,0.696289062
1581710400000,-1.03564453
1581724800000,-6.57128906
1581739200000,-10.7143555
1581753600000,-19.4287109
1581768000000,-22.1962891
1581782400000,-21.7675781
1581796800000,-21.9287109
1581811200000,-18.875
1581825600000,-21.3930664
1581840000000,-20.2324219
1581854400000,-26.5532227
1581868800000,-29.625
1581883200000,-30.75
1581897600000,-40.5712891
1581912000000,-44.4111328
1581926400000,-43.5712891
1581940800000,-40.3569336
1581955200000,-29.2856445
1581969600000,-15.2680664
1581984000000,-9.03613281
1581998400000,-13.3569336
1582012800000,-13.9638672
1582027200000,0.928710938
1582041600000,16.1782227
1582056000000,25.8393555
1582070400000,19.625
1582084800000,19.6069336
1582099200000,27.9467773
1582113600000,32.5356445
1582128000000,17.1606445
1582142400000,-6.375
1582156800000,-8.25
1582171200000,-9.67871094
1582185600000,-14.0180664
1582200000000,-14.4638672
1582214400000,-14.9819336
1582228800000,-21.4643555
1582243200000,-30.8037109
1582257600000,-34.5537109
1582272000000,-28.6787109
1582286400000,-31.5712891
1582300800000,-35.1962891
1582315200000,-33.5717773
1582329600000,-17.3393555
1582344000000,3.53613281
1582358400000,4.78564453
1582372800000,5.875
1582387200000,7.39306641
1582401600000,12.3388672
1582416000000,19.8393555
1582430400000,16
1582444800000,12.7856445
1582459200000,14.375
1582473600000,15.1962891
1582488000000,11.1611328
1582502400000,4.94628906
1582516800000,7.25
1582531200000,9
1582545600000,1.92822266
1582560000000,-1.55322266
1582574400000,-3.39257812
1582588800000,-9.21435547
1582603200000,-11.6787109
1582617600000,-24.8212891
1582632000000,-36.7856445
1582646400000,-38.9467773
1582660800000,-47.2143555
1582675200000,-56.0712891
1582689600000,-52.0356445
1582704000000,-50.125
1582718400000,-63.6787109
1582732800000,-69.4462891
1582747200000,-64.3925781
1582761600000,-60.9287109
1582776000000,-58.1611328
1582790400000,-52.1787109
1582804800000,-49.8925781
1582819200000,-46.2856445
1582833600000,-38.6606445
1582848000000,-39.2319336
1582862400000,-42.0180664
1582876800000,-36
1582891200000,-35.4819336
1582905600000,-30.1787109
1582920000000,-12.6430664
1582934400000,-3.32128906
1582948800000,-1.17871094
1582963200000,-6.25
1582977600000,-9.66064453
1582992000000,-15.5
1583006400000,-21.875
1583020800000,-20.5
1583035200000,-16.7143555
1583049600000,-12.9106445
1583064000000,-7.33886719
1583078400000,-8.16113281
1583092800000,-5.64306641
1583107200000,-2.14257812
1583121600000,-2.73193359
1583136000000,2.78564453
1583150400000,8.53564453
1583164800000,15.3393555
1583179200000,15.8569336
1583193600000,15.0356445
1583208000000,17.5180664
1583222400000,16.8393555
1583236800000,9.69628906
1583251200000,9.5
1583265600000,16.1069336
1583280000000,19.2319336
1583294400000,14.5893555
1583308800000,7.41064453
1583323200000,2.89306641
1583337600000,-2.78564453
1583352000000,-2.71435547
1583366400000,-0.553222656
1583380800000,8.10693359
1583395200000,20.4462891
1583409600000,22.375
1583424000000,21.8925781
1583438400000,23.5537109
1583452800000,24.5717773
1583467200000,25.0893555
1583481600000,20.3032227
1583496000000,21.2319336
1583510400000,29.5893555
1583524800000,29.2324219
1583539200000,25.6074219
1583553600000,20.7319336
1583568000000,16.4462891
1583582400000,0.768066406
1583596800000,-14.2143555
1583611200000,-21.5537109
1583625600000,-26.1606445
1583640000000,-22.125
1583654400000,-36.1430664
1583668800000,-55.6787109
1583683200000,-65.6782227
1583697600000,-72.2319336
1583712000000,-81.4467773
1583726400000,-91.1962891
1583740800000,-94.6782227
1583755200000,-93.5356445
1583769600000,-88.4287109
1583784000000,-78.625
1583798400000,-71.5715332
1583812800000,-60.5358887
1583827200000,-59.9819336
1583841600000,-63.1071777
1583856000000,-45.9821777
1583870400000,-31.6071777
1583884800000,-19.6965332
1583899200000,-15
1583913600000,-13.0178223
1583928000000,-3.625
1583942400000,7.0534668
1583956800000,-0.303466797
1583971200000,-26.25
1583985600000,-88.9821777
1584000000000,-132.392822
1584014400000,-135.071533
1584028800000,-185.517822
1584043200000,-210.875
1584057600000,-187.928467
1584072000000,-178.285645
1584086400000,-183.196533
1584100800000,-182.571533
1584115200000,-165.464355
1584129600000,-157.714111
1584144000000,-165.75
1584158400000,-163.678711
1584172800000,-150.625
1584187200000,-93.3928223
1584201600000,-54.5178223
1584216000000,-66.3034668
1584230400000,-7.8034668
1584244800000,30.4106445
1584259200000,5.10717773
1584273600000,-6.89282227
1584288000000,-0.0715332031
1584302400000,0.446289062
1584316800000,-34.2143555
1584331200000,-67.4106445
1584345600000,-51.6784668
1584360000000,-32.9821777
1584374400000,-29.9643555
1584388800000,-12.6784668
1584403200000,5.03588867
1584417600000,11.5
1584432000000,8.53564453
1584446400000,3.07128906
1584460800000,-0.875
1584475200000,3.875
1584489600000,-3.14282227
1584504000000,-10.0178223
1584518400000,16.9641113
1584532800000,49.2678223
1584547200000,38.3215332
1584561600000,21.8215332
1584576000000,26.3928223
1584590400000,24.6428223
1584604800000,30.1428223
1584619200000,53.5537109
1584633600000,62.7143555
1584648000000,56.0712891
1584662400000,62.9465332
1584676800000,80.8928223
1584691200000,97.875
1584705600000,89.6787109
1584720000000,67.8569336
1584734400000,63.2678223
1584748800000,59.0715332
1584763200000,55.8212891
1584777600000,57.375
1584792000000,48.8571777
1584806400000,30.4465332
1584820800000,14.1071777
1584835200000,8.9284668
1584849600000,4.41064453
1584864000000,-8.5534668
1584878400000,-35.625
1584892800000,-56.2858887
1584907200000,-37.4641113
1584921600000,-20.625
1584936000000,-27.0358887
1584950400000,-11.5712891
1584964800000,9.08935547
1584979200000,15.8391113
1584993600000,21.4821777
1585008000000,25.9643555
1585022400000,28.5178223
1585036800000,24.7321777
1585051200000,30.5356445
1585065600000,44.0893555
1585080000000,47.4287109
1585094400000,54.5891113
1585108800000,51.4643555
1585123200000,47.5
1585137600000,55.0356445
1585152000000,43.5893555
1585166400000,32.5178223
1585180800000,20.3928223
1585195200000,6.10717773
1585209600000,3.39282227
1585224000000,-1.91064453
1585238400000,2.53588867
1585252800000,8.8034668
1585267200000,1.64282227
1585281600000,0.553466797
1585296000000,0.125
1585310400000,2.85717773
1585324800000,-4.58935547
1585339200000,-27.9462891
1585353600000,-36.25
1585368000000,-36.0893555
1585382400000,-31.7321777
1585396800000,-27.4643555
1585411200000,-27.4284668
1585425600000,-29.6606445
1585440000000,-37.8037109
1585454400000,-45.5
1585468800000,-44.75
1585483200000,-46.7321777
1585497600000,-53.2856445
1585512000000,-51.0712891
1585526400000,-27.3571777
1585540800000,5.94628906
1585555200000,15.5
1585569600000,10.9106445
1585584000000,11.3215332
1585598400000,14.3930664
1585612800000,15.1071777
1585627200000,13.4819336
1585641600000,17.2141113
1585656000000,22.5358887
1585670400000,22.1430664
1585684800000,27.1606445
1585699200000,33.4819336
1585713600000,27.1606445
1585728000000,9.71435547
1585742400000,-6.6784668
1585756800000,5.4465332
1585771200000,20.3571777
1585785600000,18.4641113
1585800000000,18.6606445
1585814400000,22.3571777
1585828800000,27.5893555
1585843200000,26.6428223
1585857600000,23.375
1585872000000,29.4287109
1585886400000,41.1962891
1585900800000,36.3928223
1585915200000,30.5537109
1585929600000,34.9821777
1585944000000,35.375
1585958400000,19.9821777
1585972800000,4.94628906
1585987200000,5.07128906
1586001600000,4.28588867
1586016000000,3.75
1586030400000,2.19628906
1586044800000,-0.660644531
1586059200000,-0.803466797
1586073600000,-5.21435547
1586088000000,-13.0715332
1586102400000,-5.60717773
1586116800000,4.92871094
1586131200000,13.5893555
1586145600000,25.5356445
1586160000000,29.4106445
1586174400000,35.6428223
1586188800000,42.2680664
1586203200000,42.125
1586217600000,38.9284668
1586232000000,39.1071777
1586246400000,40.3393555
1586260800000,37.5712891
1586275200000,32.5356445
1586289600000,34.2680664
1586304000000,39.4465332
1586318400000,35.7141113
1586332800000,24.3034668
1586347200000,15.5358887
1586361600000,14.8215332
1586376000000,7.71411133
1586390400000,0.214111328
1586404800000,-5.01782227
1586419200000,-8.44628906
1586433600000,-7.75
1586448000000,-5.39282227
1586462400000,-4.98217773
1586476800000,-13.7680664
1586491200000,-26.0712891
1586505600000,-35.7678223
1586520000000,-33.4287109
1586534400000,-28.3928223
1586548800000,-28.5
1586563200000,-30.8928223
1586577600000,-30.9462891
1586592000000,-31.625
1586606400000,-31.2143555
1586620800000,-28.0534668
1586635200000,-30.5893555
1586649600000,-32.3930664
1586664000000,-27.7678223
1586678400000,-7.51782227
1586692800000,12.2678223
1586707200000,12.8393555
1586721600000,-3.78564453
1586736000000,-14.3393555
1586750400000,-11.0178223
1586764800000,-9.0534668
1586779200000,-7.73217773
1586793600000,-3.3215332
1586808000000,3.5
1586822400000,1.25
1586836800000,-0.839355469
1586851200000,3.6965332
1586865600000,5.08935547
1586880000000,-3.26782227
1586894400000,-13.5178223
1586908800000,-9.10717773
1586923200000,2.32128906
1586937600000,3.64282227
1586952000000,-1.73193359
1586966400000,-7.5
1586980800000,-10.625
1586995200000,-3.51782227
1587009600000,6.3034668
1587024000000,13.0178223
1587038400000,16.6784668
1587052800000,15.5715332
1587067200000,12.875
1587081600000,12.2141113
1587096000000,12.5180664
1587110400000,12.3215332
1587124800000,16.8391113
1587139200000,22.25
1587153600000,24.6965332
1587168000000,30.4284668
1587182400000,33.8212891
1587196800000,29.1071777
1587211200000,19.3571777
1587225600000,13.7678223
1587240000000,12.5
1587254400000,6.98217773
1587268800000,4.23217773
1587283200000,4.64282227
1587297600000,4.05371094
1587312000000,5.10717773
1587326400000,6.33911133
1587340800000,9.21435547
1587355200000,0.892822266
1587369600000,-5.89282227
1587384000000,-13.2141113
1587398400000,-27.1428223
1587412800000,-27.6608887
1587427200000,-25.875
1587441600000,-28.5712891
1587456000000,-26.625
1587470400000,-21.5178223
1587484800000,-19.4821777
1587499200000,-18.7678223
1587513600000,-16.125
1587528000000,-13.9821777
1587542400000,-9.98217773
1587556800000,2.35717773
1587571200000,6.83935547
1587585600000,14.5712891
1587600000000,20.875
1587614400000,18.2321777
1587628800000,33.3391113
1587643200000,49.5178223
1587657600000,49.4465332
1587672000000,46.625
1587686400000,49.4106445
1587700800000,48.4106445
1587715200000,42.7321777
1587729600000,40.7680664
1587744000000,34.1784668
1587758400000,29.1962891
1587772800000,30.6608887
1587787200000,30.3037109
1587801600000,31.6071777
1587816000000,31.2141113
1587830400000,14.4641113
1587844800000,1.10717773
1587859200000,3.33935547
1587873600000,7.35717773
1587888000000,4.25
1587902400000,4.76782227
1587916800000,12.4106445
1587931200000,14.0893555
1587945600000,14.2678223
1587960000000,13.8034668
1587974400000,11.1071777
1587988800000,10.0537109
1588003200000,15.0537109
1588017600000,15.0534668
1588032000000,12.0534668
1588046400000,12.2143555
1588060800000,12.0893555
1588075200000,7.64282227
1588089600000,8.69628906
1588104000000,12.9465332
1588118400000,14.9287109
1588132800000,23.6784668
1588147200000,38.8212891
1588161600000,60.2143555
1588176000000,75.6965332
1588190400000,96.7678223
1588204800000,107.25
1588219200000,90.7321777
1588233600000,78.9819336
1588248000000,78.1606445
1588262400000,72.2143555
1588276800000,66.7143555
1588291200000,70.9643555
1588305600000,79.2319336
1588320000000,70.2680664
1588334400000,48.5180664
1588348800000,37.0175781
1588363200000,20.1425781
1588377600000,4.46435547
1588392000000,-15.7319336
1588406400000,-25.0175781
1588420800000,-7.66064453
1588435200000,8.08886719
1588449600000,17.6962891
1588464000000,23.6074219
1588478400000,26.2324219
1588492800000,14.6069336
1588507200000,-3.875
1588521600000,0.982421875
1588536000000,6.32128906
1588550400000,-6.16064453
1588564800000,-11.8930664
1588579200000,-3.78613281
1588593600000,1.32177734
1588608000000,-2.71386719
1588622400000,-2.875
1588636800000,0.910644531
1588651200000,-9.14306641
1588665600000,-15.75
1588680000000,-10.0537109
1588694400000,2.44628906
1588708800000,11.5180664
1588723200000,8.625
1588737600000,26.1962891
1588752000000,44.1787109
1588766400000,42.9824219
1588780800000,31.0532227
1588795200000,27.1962891
1588809600000,32.3393555
1588824000000,30.7856445
1588838400000,33.125
1588852800000,54.75
1588867200000,78.1606445
1588881600000,78.4106445
1588896000000,65.9111328
1588910400000,62.25
1588924800000,66.3388672
1588939200000,55.5180664
1588953600000,41.3037109
1588968000000,41.0712891
1588982400000,38.5356445
1588996800000,28.6962891
1589011200000,25.8037109
1589025600000,30.375
1589040000000,17.6430664
1589054400000,-44.25
1589068800000,-87.6611328
1589083200000,-85.9106445
1589097600000,-85.1069336
1589112000000,-92.3037109
1589126400000,-94.4462891
1589140800000,-89.375
1589155200000,-86.4106445
1589169600000,-75.1069336
1589184000000,-59.9824219
1589198400000,-58.1606445
1589212800000,-72.625
1589227200000,-77.75
1589241600000,-69.2319336
1589256000000,-25.4824219
1589270400000,8.46435547
1589284800000,3.82177734
1589299200000,7.46386719
1589313600000,20.1606445
1589328000000,19.5717773
1589342400000,17.1425781
1589356800000,29.1962891
1589371200000,25.5537109
1589385600000,23.75
1589400000000,37.0180664
1589414400000,55.625
1589428800000,68.5175781
1589443200000,73.7143555
1589457600000,69.625
1589472000000,63.5356445
1589486400000,57.625
1589500800000,54.9462891
1589515200000,54.6606445
1589529600000,46.0537109
1589544000000,32.2680664
1589558400000,16.4462891
1589572800000,14.8037109
1589587200000,11.5356445
1589601600000,4.67822266
1589616000000,-3.125
1589630400000,-17.9106445
1589644800000,-26.2138672
1589659200000,-17.6069336
1589673600000,-13.3574219
1589688000000,-7.375
1589702400000,7.42871094
1589716800000,12.2675781
1589731200000,13.7319336
1589745600000,26.3217773
1589760000000,36.0356445
1589774400000,24.4819336
1589788800000,17.5537109
1589803200000,20.0180664
1589817600000,22.7324219
1589832000000,19.7856445
1589846400000,14
1589860800000,14.3037109
1589875200000,12.4819336
1589889600000,9.17822266
1589904000000,2.60693359
1589918400000,-3.53564453
1589932800000,1.08935547
1589947200000,-2.28564453
1589961600000,-19.1425781
1589976000000,-17.3393555
1589990400000,-9.07177734
1590004800000,-13.4106445
1590019200000,-17.9282227
1590033600000,-15.5712891
1590048000000,-23.1430664
1590062400000,-42.4467773
1590076800000,-47.0356445
1590091200000,-45.9638672
1590105600000,-49.2143555
1590120000000,-45.5361328
1590134400000,-39.6069336
1590148800000,-39.2319336
1590163200000,-27.8393555
1590177600000,-16.8393555
1590192000000,-17.6606445
1590206400000,-19.7675781
1590220800000,-19.875
1590235200000,-15.9287109
1590249600000,-3.35742188
1590264000000,8.5
1590278400000,12.3037109
1590292800000,12.1787109
1590307200000,4.23193359
1590321600000,-5.82177734
1590336000000,-23.2319336
1590350400000,-32.0356445
1590364800000,-24.8569336
1590379200000,-30.1606445
1590393600000,-36.3574219
1590408000000,-25.7856445
1590422400000,-19.3569336
1590436800000,-20.8037109
1590451200000,-17.9106445
1590465600000,-19.7675781
1590480000000,-31.5
1590494400000,-31.125
1590508800000,-19.2680664
1590523200000,-14.4643555
1590537600000,-2
1590552000000,18.0356445
1590566400000,23.3569336
1590580800000,24.5893555
1590595200000,29.6430664
1590609600000,23.625
1590624000000,17.4462891
1590638400000,21.9819336
1590652800000,32.4287109
1590667200000,40.625
1590681600000,52.0893555
1590696000000,57.0537109
1590710400000,50.5175781
1590724800000,44.8212891
1590739200000,40.5537109
1590753600000,29.1787109
1590768000000,19.0537109
1590782400000,18.7143555
1590796800000,20.3212891
1590811200000,25.5532227
1590825600000,28.0893555
1590840000000,24.1967773
1590854400000,17.3393555
1590868800000,12.0532227
1590883200000,4.08935547
1590897600000,1.76806641
1590912000000,1.07128906
1590926400000,2.76806641
1590940800000,5.5
1590955200000,6.64257812
1590969600000,10.375
1590984000000,9.41064453
1590998400000,4.89306641
1591012800000,1.21435547
1591027200000,25.5532227
1591041600000,45.1787109
1591056000000,35.4643555
1591070400000,33.8393555
1591084800000,14.5712891
1591099200000,-7.28564453
1591113600000,-1.80322266
1591128000000,0.463867188
1591142400000,1.30322266
1591156800000,4.66113281
1591171200000,2.05371094
1591185600000,2.03564453
1591200000000,6.66064453
1591214400000,7.76757812
1591228800000,-17.5712891
1591243200000,-38.4462891
1591257600000,-27.9106445
1591272000000,-20.7680664
1591286400000,2.17871094
1591300800000,22.9824219
1591315200000,19.7856445
1591329600000,16.5712891
1591344000000,14.6425781
1591358400000,11.0356445
1591372800000,5.875
1591387200000,3.82177734
1591401600000,-0.5
1591416000000,-1.66113281
1591430400000,0.678710938
1591444800000,1.5
1591459200000,-4.5
1591473600000,-10.75
1591488000000,-9.875
1591502400000,-13.0175781
1591516800000,-18.2680664
1591531200000,-7.03564453
1591545600000,4.82177734
1591560000000,1.92822266
1591574400000,4.51757812
1591588800000,8.5
1591603200000,7.89306641
1591617600000,3.85742188
1591632000000,5.125
1591646400000,5.625
1591660800000,1.30371094
1591675200000,2.10693359
1591689600000,3.92822266
1591704000000,8.17871094
1591718400000,16.2143555
1591732800000,9.57128906
1591747200000,-0.928710938
1591761600000,-0.196289062
1591776000000,0.839355469
1591790400000,4.80371094
1591804800000,10.5356445
1591819200000,14
1591833600000,7.57177734
1591848000000,3.94628906
1591862400000,-2.57177734
1591876800000,-22.5
1591891200000,-32.625
1591905600000,-30.25
1591920000000,-26.6962891
1591934400000,-22.2680664
1591948800000,-21.5356445
1591963200000,-22.8925781
1591977600000,-21.5180664
1591992000000,-26.7856445
1592006400000,-32.2138672
1592020800000,-33.9643555
1592035200000,-30.7861328
1592049600000,-26.75
1592064000000,-15
1592078400000,4.42871094
1592092800000,10.7680664
1592107200000,7.96386719
1592121600000,2.42871094
1592136000000,-4.125
1592150400000,-6.66064453
1592164800000,-12.8388672
1592179200000,-22.6787109
1592193600000,-23.6430664
1592208000000,-16.0537109
1592222400000,-4.73193359
1592236800000,0.143066406
1592251200000,5.64257812
1592265600000,6.98193359
1592280000000,3.75
1592294400000,4.14306641
1592308800000,4.03564453
1592323200000,6.53564453
1592337600000,6.07177734
1592352000000,8.5
1592366400000,17.9106445
1592380800000,21.6787109
1592395200000,16.9106445
1592409600000,12.6069336
1592424000000,6.07128906
1592438400000,0.428710938
1592452800000,-4.94628906
1592467200000,-9.64306641
1592481600000,-8.82128906
1592496000000,-6.76757812
1592510400000,-11.0537109
1592524800000,-16.9643555
1592539200000,-11
1592553600000,-7.33935547
1592568000000,-11.0537109
1592582400000,-9.375
1592596800000,-2.10693359
1592611200000,-4.73242188
1592625600000,-9.25
1592640000000,-9.875
1592654400000,-11.5356445
1592668800000,-5.89257812
1592683200000,-1.39306641
1592697600000,-1.23242188
1592712000000,2.875
1592726400000,6.23242188
1592740800000,1.41064453
1592755200000,-4.67871094
1592769600000,-0.678710938
1592784000000,6.78564453
1592798400000,9.03613281
1592812800000,11.9467773
1592827200000,15.8569336
1592841600000,24.5712891
1592856000000,29.375
1592870400000,24.625
1592884800000,20.6069336
1592899200000,21.2856445
1592913600000,22.2324219
1592928000000,19.7680664
1592942400000,20.4287109
1592956800000,18.9282227
1592971200000,5.69628906
1592985600000,-8.42822266
1593000000000,-12.1787109
1593014400000,-13.2143555
1593028800000,-24.8212891
1593043200000,-36.5537109
1593057600000,-33.7143555
1593072000000,-30.2680664
1593086400000,-28.3212891
1593100800000,-28.8569336
1593115200000,-30.8393555
1593129600000,-32.5537109
1593144000000,-34.9106445
1593158400000,-30.0532227
1593172800000,-18.5
1593187200000,-8.67871094
1593201600000,-8.19677734
1593216000000,-9.26806641
1593230400000,-1.625
1593244800000,1.39306641
1593259200000,-13
1593273600000,-19.9824219
1593288000000,-19.6069336
1593302400000,-19.2138672
1593316800000,-14.9643555
1593331200000,-6.19677734
1593345600000,-1.42871094
1593360000000,-3.25
1593374400000,-3.375
1593388800000,-4.875
1593403200000,-4.89257812
1593417600000,-4.19628906
1593432000000,-1.625
1593446400000,2.25
1593460800000,10.8037109
1593475200000,13.6430664
1593489600000,11.5888672
1593504000000,11.8569336
1593518400000,8.625
1593532800000,2.67871094
1593547200000,0.286132812
1593561600000,1.78564453
1593576000000,3.17822266
1593590400000,9.19628906
1593604800000,12.6787109
1593619200000,9.96435547
1593633600000,7.125
1593648000000,3.94628906
1593662400000,2.17871094
1593676800000,-2.25
1593691200000,-7.03564453
1593705600000,-6.39257812
1593720000000,-4.35742188
1593734400000,-2.57177734
1593748800000,-2.58935547
1593763200000,-2.96386719
1593777600000,-4.08935547
1593792000000,-10.3393555
1593806400000,-13.6425781
1593820800000,-11.7143555
1593835200000,-12.1962891
1593849600000,-11.875
1593864000000,-7.80371094
1593878400000,1.23193359
1593892800000,6.48193359
1593907200000,2.10742188
1593921600000,-2.76757812
1593936000000,-4.69677734
1593950400000,-4.85742188
1593964800000,-2.73193359
1593979200000,-0.25
1593993600000,5.35693359
1594008000000,10.3574219
1594022400000,13.4643555
1594036800000,16.5356445
1594051200000,18.6606445
1594065600000,16.25
1594080000000,10.2324219
1594094400000,9.41064453
1594108800000,12.6425781
1594123200000,14.625
1594137600000,15.2143555
1594152000000,17.8037109
1594166400000,16.9643555
1594180800000,14.9643555
1594195200000,15.4287109
1594209600000,15.1069336
1594224000000,12.2319336
1594238400000,8.19628906
1594252800000,5.42871094
1594267200000,5.60742188
1594281600000,1.75
1594296000000,-3.69677734
1594310400000,-3.28564453
1594324800000,-2.05322266
1594339200000,-4.41064453
1594353600000,-8.94677734
1594368000000,-6.67871094
1594382400000,-4.28564453
1594396800000,-7.39306641
1594411200000,-10.75
1594425600000,-12.1782227
1594440000000,-12.625
1594454400000,-13.0537109
1594468800000,-13.3393555
1594483200000,-6.10693359
1594497600000,2.73242188
1594512000000,2.64257812
1594526400000,1.89257812
1594540800000,3.80371094
1594555200000,4.78613281
1594569600000,4.39257812
1594584000000,3.92822266
1594598400000,1.14306641
1594612800000,1.10742188
1594627200000,2.39306641
1594641600000,1.625
1594656000000,1.375
1594670400000,0.785644531
1594684800000,-1.67871094
1594699200000,-3.42871094
1594713600000,-2.55371094
1594728000000,-0.428710938
1594742400000,1.94628906
1594756800000,1.78613281
1594771200000,-2.10693359
1594785600000,-4.85742188
1594800000000,-4.78564453
1594814400000,-7.44628906
1594828800000,-8.35742188
1594843200000,-4.875
1594857600000,-5.73193359
1594872000000,-9.39306641
1594886400000,-7.23193359
1594900800000,-6.30322266
1594915200000,-7.41113281
1594929600000,-8.96435547
1594944000000,-11.125
1594958400000,-9.05371094
1594972800000,-6.67822266
1594987200000,-5.08935547
1595001600000,-3.625
1595016000000,-2.92871094
1595030400000,-3.30371094
1595044800000,-2.96386719
1595059200000,1.01806641
1595073600000,5.28564453
1595088000000,5.35693359
1595102400000,3.28564453
1595116800000,2
1595131200000,1.28564453
1595145600000,1.35693359
1595160000000,1.92871094
1595174400000,3.53613281
1595188800000,3.66064453
1595203200000,2.23193359
1595217600000,1.625
1595232000000,2.01806641
1595246400000,1.33935547
1595260800000,-0.411132812
1595275200000,0.125
1595289600000,5.66113281
1595304000000,12.0712891
1595318400000,13.4282227
1595332800000,14.9819336
1595347200000,17.9287109
1595361600000,16.7680664
1595376000000,10.8037109
1595390400000,9.14306641
1595404800000,11.2856445
1595419200000,13.3388672
1595433600000,20.5
1595448000000,25.3037109
1595462400000,24.9106445
1595476800000,24.5893555
1595491200000,19.6430664
1595505600000,16.7680664
1595520000000,18.9106445
1595534400000,17.0712891
1595548800000,11.7856445
1595563200000,10.5537109
1595577600000,14.8925781
1595592000000,17.3569336
1595606400000,15.9824219
1595620800000,15.1430664
1595635200000,9.25
1595649600000,4.25
1595664000000,6
1595678400000,9.17822266
1595692800000,12.3925781
1595707200000,9.60742188
1595721600000,7.42871094
1595736000000,19.4462891
1595750400000,31.4643555
1595764800000,28.2143555
1595779200000,25.5893555
1595793600000,38.5712891
1595808000000,47.4287109
1595822400000,47.3037109
1595836800000,51.2319336
1595851200000,70.375
1595865600000,96.2319336
1595880000000,99.3569336
1595894400000,89.7861328
1595908800000,89.5
1595923200000,98.6606445
1595937600000,88.3574219
1595952000000,71
1595966400000,74.6606445
1595980800000,79.5175781
1595995200000,69.0893555
1596009600000,65.5893555
1596024000000,69.3925781
1596038400000,62.1074219
1596052800000,35.1967773
1596067200000,2.94628906
1596081600000,-5.66113281
1596096000000,2.41064453
1596110400000,9.10742188
1596124800000,2.5
1596139200000,-3.08935547
1596153600000,6.94628906
1596168000000,16.3930664
1596182400000,20.5180664
1596196800000,19.5175781
1596211200000,14.0356445
1596225600000,12.3393555
1596240000000,26.25
1596254400000,44.3569336
1596268800000,48.7319336
1596283200000,55.3930664
1596297600000,59.3393555
1596312000000,60.7856445
1596326400000,39.6967773
1596340800000,11.9643555
1596355200000,2.125
1596369600000,-3.42871094
1596384000000,-12
1596398400000,-17.6606445
1596412800000,-12.2324219
1596427200000,-10.5537109
1596441600000,-15.7856445
1596456000000,-19.6606445
1596470400000,-23.9106445
1596484800000,-34.0893555
1596499200000,-38.1962891
1596513600000,-51.3569336
1596528000000,-36.4111328
1596542400000,0.231933594
1596556800000,7.83935547
1596571200000,4.85742188
1596585600000,8.89306641
1596600000000,18.75
1596614400000,27.8037109
1596628800000,32
1596643200000,28.625
1596657600000,22.0537109
1596672000000,23.4106445
1596686400000,30.3032227
1596700800000,35.4643555
1596715200000,46.6967773
1596729600000,46.6962891
1596744000000,41.5175781
1596758400000,43.2675781
1596772800000,40.375
1596787200000,31.8393555
1596801600000,14.8574219
1596816000000,-0.803222656
1596830400000,-6.67871094
1596844800000,-9.76806641
1596859200000,-1.33935547
1596873600000,8.23193359
1596888000000,4.58935547
1596902400000,-2
1596916800000,-7.23242188
1596931200000,-6.58886719
1596945600000,-7.16064453
1596960000000,-12.8393555
1596974400000,-12.3569336
1596988800000,-3.03564453
1597003200000,21.1069336
1597017600000,33.5
1597032000000,20.7680664
1597046400000,18.8032227
1597060800000,15.3569336
1597075200000,8.67871094
1597089600000,9.58935547
1597104000000,3.76806641
1597118400000,-0.553710938
1597132800000,-7.96435547
1597147200000,-18.8388672
1597161600000,-17.8574219
1597176000000,-16.0361328
1597190400000,-17.7319336
1597204800000,-29.5712891
1597219200000,-35.4643555
1597233600000,-20.375
1597248000000,-18.9819336
1597262400000,-23.7675781
1597276800000,-23.8930664
1597291200000,-23.1787109
1597305600000,-19.0712891
1597320000000,-17.1962891
1597334400000,3.26757812
1597348800000,24.2856445
1597363200000,25.2324219
1597377600000,26.6069336
1597392000000,25.2319336
1597406400000,23.7680664
1597420800000,19.5537109
1597435200000,18.3925781
1597449600000,23.8037109
1597464000000,21.9824219
1597478400000,21.7319336
1597492800000,22.0175781
1597507200000,22.9287109
1597521600000,27.5180664
1597536000000,17.3212891
1597550400000,2.85693359
1597564800000,5.53564453
1597579200000,6.76806641
1597593600000,7.60742188
1597608000000,7.23193359
1597622400000,2.94628906
1597636800000,2.21435547
1597651200000,19.6069336
1597665600000,36.6074219
1597680000000,33.1430664
1597694400000,32.3388672
1597708800000,31.1606445
1597723200000,23.1967773
1597737600000,11.0893555
1597752000000,10.6606445
1597766400000,11.2319336
1597780800000,3.85693359
1597795200000,-2.64257812
1597809600000,-3.83935547
1597824000000,-3.39306641
1597838400000,-12.1962891
1597852800000,-33.1606445
1597867200000,-46.9287109
1597881600000,-44.0893555
1597896000000,-38.9282227
1597910400000,-32.1425781
1597924800000,-25.9467773
1597939200000,-14.3930664
1597953600000,-7.16064453
1597968000000,-8.48193359
1597982400000,-8.625
1597996800000,-7.625
1598011200000,-8.875
1598025600000,-12.9824219
1598040000000,-14.2319336
1598054400000,-13.6606445
1598068800000,-11.9287109
1598083200000,-9.58935547
1598097600000,-12.6069336
1598112000000,-15.125
1598126400000,-15.8393555
1598140800000,-17.6069336
1598155200000,-20.6962891
1598169600000,-18.6074219
1598184000000,-8.03613281
1598198400000,-4.33935547
1598212800000,-3.23193359
1598227200000,7.67871094
1598241600000,19.5893555
1598256000000,18.1962891
1598270400000,13.4287109
1598284800000,13.0180664
1598299200000,9.19628906
1598313600000,-0.25
1598328000000,-2.75
1598342400000,-6.5
1598356800000,-15.75
1598371200000,-20.6069336
1598385600000,-23.3574219
1598400000000,-22.4824219
1598414400000,-21.5
1598428800000,-20.1787109
1598443200000,-21.2138672
1598457600000,-22.2319336
1598472000000,-23.5893555
1598486400000,-25.5
1598500800000,-25.1074219
1598515200000,-21.375
1598529600000,-22.1069336
1598544000000,-16.625
1598558400000,0
1598572800000,5.5
1598587200000,6.23193359
1598601600000,10.8393555
1598616000000,11.4467773
1598630400000,6.16064453
1598644800000,2.85693359
1598659200000,5.08935547
1598673600000,5.96435547
1598688000000,5.66064453
1598702400000,10.8393555
1598716800000,12.3930664
1598731200000,18.125
1598745600000,22.6782227
1598760000000,17.6425781
1598774400000,16.6074219
1598788800000,14.4824219
1598803200000,12.4643555
1598817600000,12.625
1598832000000,9.73193359
1598846400000,10.0893555
1598860800000,12.8037109
1598875200000,16.5888672
1598889600000,15.8212891
1598904000000,11.7324219
1598918400000,22.5537109
1598932800000,26.0175781
1598947200000,26.0532227
1598961600000,29.5
1598976000000,24.3393555
1598990400000,18.625
1599004800000,8.25
1599019200000,-8.98193359
1599033600000,-20.4462891
1599048000000,-20.8569336
1599062400000,-22.6962891
1599076800000,-25.8217773
1599091200000,-22.1074219
1599105600000,-25.8212891
1599120000000,-62.125
1599134400000,-88.1069336
1599148800000,-111.285645
1599163200000,-129.268066
1599177600000,-119.339355
1599192000000,-108.981934
1599206400000,-97.5532227
1599220800000,-76.6430664
1599235200000,-61.1074219
1599249600000,-67.0180664
1599264000000,-71.1787109
1599278400000,-76.3925781
1599292800000,-81.6069336
1599307200000,-86.3037109
1599321600000,-63.9462891
1599336000000,-36.625
1599350400000,-15.3037109
1599364800000,2.66064453
1599379200000,-5.01806641
1599393600000,-11.1425781
1599408000000,-12.8212891
1599422400000,-19.875
1599436800000,-25.625
1599451200000,-25.6967773
1599465600000,-22.875
1599480000000,-12.0356445
1599494400000,0.75
1599508800000,16.1430664
1599523200000,16.6787109
1599537600000,-3
1599552000000,-11.9643555
1599566400000,-14.8574219
1599580800000,-11.5712891
1599595200000,-9.82128906
1599609600000,-10.5180664
1599624000000,-1.71435547
1599638400000,5.44628906
1599652800000,13.9467773
1599667200000,11.8393555
1599681600000,10.875
1599696000000,4.58935547
1599710400000,-3.80371094
1599724800000,5.26806641
1599739200000,16.1787109
1599753600000,19.5532227
1599768000000,17.0888672
1599782400000,12.9287109
1599796800000,12.9824219
1599811200000,13.0356445
1599825600000,8.5
1599840000000,8.875
1599854400000,7.42871094
1599868800000,6.67871094
1599883200000,3.03564453
1599897600000,1.76806641
1599912000000,8.82128906
1599926400000,6.35693359
1599940800000,10.4819336
1599955200000,17.1962891
1599969600000,11.0717773
1599984000000,4.625
1599998400000,2.28564453
1600012800000,1.51806641
1600027200000,0.946289062
1600041600000,1.14257812
1600056000000,4.44628906
1600070400000,16.9287109
1600084800000,24.7324219
1600099200000,23.25
1600113600000,21.6787109
1600128000000,20.9287109
1600142400000,20.25
1600156800000,18.2319336
1600171200000,24.75
1600185600000,34.0180664
1600200000000,34.7319336
1600214400000,38.0893555
1600228800000,40.875
1600243200000,41.3032227
1600257600000,40.1787109
1600272000000,27.375
1600286400000,15.8212891
1600300800000,14.6611328
1600315200000,12.4106445
1600329600000,8.42822266
1600344000000,6.875
1600358400000,8.64306641
1600372800000,10.75
1600387200000,11.5175781
1600401600000,13.4643555
1600416000000,6.67871094
1600430400000,-1.91064453
1600444800000,-4.19628906
1600459200000,-3.14306641
1600473600000,-1.92871094
1600488000000,7.80371094
1600502400000,16.6430664
1600516800000,13.3930664
1600531200000,14.75
1600545600000,9.625
1600560000000,1.76757812
1600574400000,1.64257812
1600588800000,-3.53564453
1600603200000,-8.60693359
1600617600000,-3.5
1600632000000,4.08935547
1600646400000,2.44628906
1600660800000,-13.5717773
1600675200000,-30.0356445
1600689600000,-40.5893555
1600704000000,-47.6425781
1600718400000,-46.4819336
1600732800000,-47.1967773
1600747200000,-43.1430664
1600761600000,-36.1425781
1600776000000,-34.8569336
1600790400000,-27.4462891
1600804800000,-24.6962891
1600819200000,-31.3574219
1600833600000,-35
1600848000000,-33.5175781
1600862400000,-28.1606445
1600876800000,-18.5537109
1600891200000,-13.4111328
1600905600000,-9.35742188
1600920000000,-3.94628906
1600934400000,4.67871094
1600948800000,13.5712891
1600963200000,17.6606445
1600977600000,16.75
1600992000000,12.125
1601006400000,11.3574219
1601020800000,13.6074219
1601035200000,16.8037109
1601049600000,17.3212891
1601064000000,23.5712891
1601078400000,32.1962891
1601092800000,31.9462891
1601107200000,28.625
1601121600000,25.2856445
1601136000000,18.0180664
1601150400000,11.3393555
1601164800000,2.60693359
1601179200000,-3.60693359
1601193600000,1.05371094
1601208000000,6.05322266
1601222400000,8.14306641
1601236800000,10.6967773
1601251200000,12.3388672
1601265600000,12.3212891
1601280000000,12.9111328
1601294400000,12.3037109
1601308800000,4.44628906
1601323200000,-2.39306641
1601337600000,-1.48242188
1601352000000,-1.33935547
1601366400000,0.661132812
1601380800000,5.875
1601395200000,7.125
1601409600000,3.375
1601424000000,-2.42871094
1601438400000,-10.3569336
1601452800000,-10.625
1601467200000,-9.17871094
1601481600000,-10.6787109
1601496000000,-6.875
1601510400000,2.375
1601524800000,12.7324219
1601539200000,7.89306641
1601553600000,-5.25
1601568000000,-9.19677734
1601582400000,-7.51806641
1601596800000,-15.9638672
1601611200000,-23.3569336
1601625600000,-17.2680664
1601640000000,-12.2680664
1601654400000,-13.2143555
1601668800000,-12.8393555
1601683200000,-14.2675781
1601697600000,-17.9819336
1601712000000,-19.1787109
1601726400000,-21.6606445
1601740800000,-18.0356445
1601755200000,-8.48242188
1601769600000,-2.03564453
1601784000000,-1.42871094
1601798400000,2.19628906
1601812800000,12.2324219
1601827200000,14
1601841600000,11.2319336
1601856000000,10.0356445
1601870400000,8.42871094
1601884800000,10.9462891
1601899200000,13.5537109
1601913600000,15.3217773
1601928000000,15.3032227
1601942400000,12.8925781
1601956800000,11.3393555
1601971200000,9.41064453
1601985600000,3.125
1602000000000,-1.01757812
1602014400000,-3.42822266
1602028800000,-5.46435547
1602043200000,-4.33935547
1602057600000,-4.57128906
1602072000000,-2.83935547
1602086400000,-2.51806641
1602100800000,-4.94628906
1602115200000,-10.125
1602129600000,-12.75
1602144000000,0.731933594
1602158400000,13.3388672
1602172800000,13.75
1602187200000,18.5893555
1602201600000,22.4824219
1602216000000,27.8574219
1602230400000,33.875
1602244800000,32.3393555
1602259200000,30.9643555
1602273600000,42.7319336
1602288000000,53.1782227
1602302400000,50.4643555
1602316800000,51.9643555
1602331200000,54.3212891
1602345600000,41.5537109
1602360000000,30.75
1602374400000,31.75
1602388800000,32.7856445
1602403200000,35.3930664
1602417600000,28.3574219
1602432000000,20.2138672
1602446400000,22.5532227
1602460800000,23.8930664
1602475200000,5.55371094
1602489600000,0.160644531
1602504000000,14.0356445
1602518400000,14.6962891
1602532800000,10.3217773
1602547200000,9.25
1602561600000,11.2675781
1602576000000,6.67871094
1602590400000,1.57128906
1602604800000,1
1602619200000,2.44677734
1602633600000,3.67871094
1602648000000,0.964355469
1602662400000,-2.80371094
1602676800000,1.25
1602691200000,-1.5
1602705600000,-11.2143555
1602720000000,-11.3569336
1602734400000,-10.6074219
1602748800000,-7.48242188
1602763200000,-1.10693359
1602777600000,4.92871094
1602792000000,8.25
1602806400000,0.321289062
1602820800000,-4.57128906
1602835200000,-3.82128906
1602849600000,-4.85742188
1602864000000,-1.76806641
1602878400000,0.607421875
1602892800000,-2.16064453
1602907200000,-3.89306641
1602921600000,-3.58935547
1602936000000,-1.35693359
1602950400000,-0.785644531
1602964800000,-7
1602979200000,-6.92822266
1602993600000,-4.66113281
1603008000000,2.08886719
1603022400000,7.41113281
1603036800000,8.80371094
1603051200000,10.1069336
1603065600000,8.92871094
1603080000000,9.60693359
1603094400000,20.875
1603108800000,29.125
1603123200000,27.5712891
1603137600000,29.5180664
1603152000000,28.2324219
1603166400000,27.9819336
1603180800000,31.3212891
1603195200000,34.8930664
1603209600000,34.6606445
1603224000000,43.9287109
1603238400000,52.1787109
1603252800000,57.7856445
1603267200000,78.4106445
1603281600000,89.2143555
1603296000000,79.5
1603310400000,73.2143555
1603324800000,73.6425781
1603339200000,80.2675781
1603353600000,87.0361328
1603368000000,90.3037109
1603382400000,85.5175781
1603396800000,75.9106445
1603411200000,72.4287109
1603425600000,62.6606445
1603440000000,53.8569336
1603454400000,46.8574219
1603468800000,27.6967773
1603483200000,16.7675781
1603497600000,14.4282227
1603512000000,14.0893555
1603526400000,22.2680664
1603540800000,18.25
1603555200000,11.9106445
1603569600000,14.25
1603584000000,9.19628906
1603598400000,0.964355469
1603612800000,1.78564453
1603627200000,4.82128906
1603641600000,6.30371094
1603656000000,9.875
1603670400000,9.96435547
1603684800000,9.82128906
1603699200000,7.83935547
1603713600000,1.76806641
1603728000000,-2
1603742400000,-3.5
1603756800000,-0.5
1603771200000,6.01806641
1603785600000,25.5712891
1603800000000,45.3388672
1603814400000,49.5
1603828800000,50.9643555
1603843200000,48.8212891
1603857600000,30.7143555
1603872000000,14.7680664
1603886400000,7.23242188
1603900800000,10.7143555
1603915200000,19.7319336
1603929600000,12.2675781
1603944000000,1.73193359
1603958400000,9.76806641
1603972800000,12.4824219
1603987200000,-3.41064453
1604001600000,-12.9287109
1604016000000,-22.8930664
1604030400000,-30.4643555
1604044800000,-19.2856445
1604059200000,3.82177734
1604073600000,20.0180664
1604088000000,24.0356445
1604102400000,23.3212891
1604116800000,35.4819336
1604131200000,49.9643555
1604145600000,51.9643555
1604160000000,38.8037109
1604174400000,19.8930664
1604188800000,19.3925781
1604203200000,21.7675781
1604217600000,30.8393555
1604232000000,36.7680664
1604246400000,22.7319336
1604260800000,13.0712891
1604275200000,12.125
1604289600000,3.30371094
1604304000000,-6.53564453
1604318400000,-17.5
1604332800000,-24.7856445
1604347200000,-24.7143555
1604361600000,-26.7143555
1604376000000,-18.8574219
1604390400000,-9.46435547
1604404800000,-3.05322266
1604419200000,8.30371094
1604433600000,12.2856445
1604448000000,-1.21435547
1604462400000,-4.80371094
1604476800000,6.85742188
1604491200000,31.25
1604505600000,48.7675781
1604520000000,50.8930664
1604534400000,60.4643555
1604548800000,80.6069336
1604563200000,106.660645
1604577600000,116.589355
1604592000000,124.857422
1604606400000,130.106934
1604620800000,123.856934
1604635200000,121.643066
1604649600000,125.339355
1604664000000,126.785645
1604678400000,122.196289
1604692800000,112.678711
1604707200000,99.2856445
1604721600000,90.5175781
1604736000000,74.2861328
1604750400000,28.75
1604764800000,-11.625
1604779200000,-14.8569336
1604793600000,-28.8037109
1604808000000,-33.375
1604822400000,-23.75
1604836800000,-22.1430664
1604851200000,-5.41064453
1604865600000,3.16113281
1604880000000,-9.78564453
1604894400000,-1.33935547
1604908800000,-8.03613281
1604923200000,-22.8574219
1604937600000,-6.98193359
1604952000000,23.3930664
1604966400000,40.625
1604980800000,26.9287109
1604995200000,18.8930664
1605009600000,12.8212891
1605024000000,2.64257812
1605038400000,-0.143066406
1605052800000,-1.39257812
1605067200000,1.58935547
1605081600000,18.0888672
1605096000000,13.5712891
1605110400000,25.6787109
1605124800000,35.8393555
1605139200000,30.5537109
1605153600000,35.2856445
1605168000000,46.1606445
1605182400000,59.5180664
1605196800000,68.9819336
1605211200000,81.0893555
1605225600000,75.1787109
1605240000000,63.6425781
1605254400000,54
1605268800000,50.2143555
1605283200000,48.6787109
1605297600000,36.6606445
1605312000000,27.2319336
1605326400000,23.5361328
1605340800000,11.7856445
1605355200000,6.5
1605369600000,1.41113281
1605384000000,-8.60742188
1605398400000,-15.7324219
1605412800000,-27.8037109
1605427200000,-26.5356445
1605441600000,-21.9106445
1605456000000,-18.375
1605470400000,-15.2675781
1605484800000,-12.9287109
1605499200000,-0.946777344
1605513600000,14.3574219
1605528000000,43.0893555
1605542400000,57.8032227
1605556800000,51.9467773
1605571200000,49.2680664
1605585600000,63.2319336
1605600000000,85.0361328
1605614400000,108.213867
1605628800000,120.463867
1605643200000,137.411133
1605657600000,154.892578
1605672000000,156.161133
1605686400000,137.911133
1605700800000,108.177734
1605715200000,98.2675781
1605729600000,88.4648438
1605744000000,74.5712891
1605758400000,76.2851562
1605772800000,89.25
1605787200000,81.6972656
1605801600000,52.75
1605816000000,27.8212891
1605830400000,30.1074219
1605844800000,28.4101562
1605859200000,28.9462891
1605873600000,34.3212891
1605888000000,41.9824219
1605902400000,64.4824219
1605916800000,68.3388672
1605931200000,54.8925781
1605945600000,63.9824219
1605960000000,75.0361328
1605974400000,56.5361328
1605988800000,44.2675781
1606003200000,46.2138672
1606017600000,22.7861328
1606032000000,0.875
1606046400000,14.2138672
1606060800000,3.41113281
1606075200000,-16.4101562
1606089600000,-15.9287109
1606104000000,-9.46484375
1606118400000,-16.0185547
1606132800000,-17.0537109
1606147200000,-18.7138672
1606161600000,-27.3925781
1606176000000,-23.8037109
1606190400000,6.32128906
1606204800000,48.4824219
1606219200000,75.9111328
1606233600000,76.1787109
1606248000000,38.0888672
1606262400000,26.9638672
1606276800000,52.2148438
1606291200000,56.5712891
1606305600000,37.9462891
1606320000000,29.3398438
1606334400000,-4.05371094
1606348800000,-46.0361328
1606363200000,-72.5361328
1606377600000,-98.5351562
1606392000000,-144.106445
1606406400000,-170.036133
1606420800000,-154.214844
1606435200000,-149.838867
1606449600000,-147.660156
1606464000000,-162.232422
1606478400000,-179.053711
1606492800000,-161.286133
1606507200000,-143.214844
1606521600000,-133.160156
1606536000000,-88.5527344
1606550400000,-31.2685547
1606564800000,21.7851562
1606579200000,55.0185547
1606593600000,77.2861328
1606608000000,72.1064453
1606622400000,60.3037109
1606636800000,72.9648438
1606651200000,81.9638672
1606665600000,105.553711
1606680000000,124.482422
1606694400000,117.553711
1606708800000,111.231445
1606723200000,140.981445
1606737600000,158.5
1606752000000,154.107422
1606766400000,136.714844
1606780800000,122.661133
1606795200000,120.821289
1606809600000,107.642578
1606824000000,86.3925781
1606838400000,57.9287109
1606852800000,43.2685547
1606867200000,54.0888672
1606881600000,52.9101562
1606896000000,28.2675781
1606910400000,26.8037109
1606924800000,13.3037109
1606939200000,-10.2324219
1606953600000,-23.9462891
1606968000000,-18.5
1606982400000,0.607421875
1606996800000,0.71484375
1607011200000,5.41015625
1607025600000,9.78515625
1607040000000,23.625
1607054400000,27.1962891
1607068800000,0.928710938
1607083200000,-9.69628906
1607097600000,-11.75
1607112000000,-19.2675781
1607126400000,-21.6425781
1607140800000,-14.2138672
1607155200000,-7.26757812
1607169600000,-15.2861328
1607184000000,-26.0185547
1607198400000,-23.6787109
1607212800000,-16.25
1607227200000,-10.5888672
1607241600000,-10.0175781
1607256000000,5.01757812
1607270400000,27.3212891
1607284800000,24.1425781
1607299200000,34.9824219
1607313600000,37.0712891
1607328000000,21.7675781
1607342400000,8.96484375
1607356800000,0.643554688
1607371200000,4.80371094
1607385600000,2.51757812
1607400000000,-14.9824219
1607414400000,-30.8037109
1607428800000,-26.5
1607443200000,-40.5361328
1607457600000,-60.5888672
1607472000000,-84.3212891
1607486400000,-90.6611328
1607500800000,-75.1601562
1607515200000,-68.9462891
1607529600000,-55.8574219
1607544000000,-44.5361328
1607558400000,-50.6962891
1607572800000,-66.2138672
1607587200000,-72.5361328
1607601600000,-50.25
1607616000000,-33.4814453
1607630400000,-49.3398438
1607644800000,-47.5361328
1607659200000,-41.6777344
1607673600000,-16.375
1607688000000,-3.17871094
1607702400000,-21.4824219
1607716800000,-10.3037109
1607731200000,-4.41015625
1607745600000,-1.94628906
1607760000000,5.91015625
1607774400000,23.9462891
1607788800000,45.5
1607803200000,37.6962891
1607817600000,49.9111328
1607832000000,84.5
1607846400000,99.5537109
1607860800000,106.786133
1607875200000,94.0175781
1607889600000,84.8925781
1607904000000,87.0175781
1607918400000,70.2324219
1607932800000,58.9648438
1607947200000,53.0175781
1607961600000,54.9462891
1607976000000,56.25
1607990400000,38.6787109
1608004800000,32.3212891
1608019200000,24.4814453
1608033600000,13.6425781
1608048000000,15.4648438
1608062400000,13.75
1608076800000,15.4824219
1608091200000,27.1435547
1608105600000,72.7851562
1608120000000,114.427734
1608134400000,137.661133
1608148800000,171.75
1608163200000,208.803711
1608177600000,232.339844
1608192000000,266.302734
1608206400000,278.107422
1608220800000,250.839844
1608235200000,239.071289
1608249600000,248.196289
1608264000000,256.785156
1608278400000,237.803711
1608292800000,219.571289
1608307200000,194.875
1608321600000,172.178711
1608336000000,138.107422
1608350400000,93.625
1608364800000,80.1962891
1608379200000,78.4824219
1608393600000,56.9287109
1608408000000,35.1074219
1608422400000,46.4462891
1608436800000,56.8388672
1608451200000,56.1425781
1608465600000,67.7861328
1608480000000,71.2324219
1608494400000,74.8388672
1608508800000,72.875
1608523200000,12.4462891
1608537600000,-9.66113281
1608552000000,4.91113281
1608566400000,-34.8925781
1608580800000,-67.7861328
1608595200000,-79.375
1608609600000,-51.7851562
1608624000000,-19.0361328
1608638400000,-16.5898438
1608652800000,-9.44628906
1608667200000,-13.3388672
1608681600000,-6.58886719
1608696000000,-27.8925781
1608710400000,-49.9462891
1608724800000,14.0888672
1608739200000,37.1777344
1608753600000,6.35742188
1608768000000,17.7324219
1608782400000,29.6962891
1608796800000,35.0175781
1608811200000,27.1962891
1608825600000,19.0898438
1608840000000,15.6962891
1608854400000,-3.08984375
1608868800000,26.9287109
1608883200000,48.375
1608897600000,64.8212891
1608912000000,93.5361328
1608926400000,93.5537109
1608940800000,104.338867
1608955200000,126.178711
1608969600000,158.678711
1608984000000,185.053711
1608998400000,213.803711
1609012800000,233.178711
1609027200000,254.946289
1609041600000,285.446289
1609056000000,278.857422
1609070400000,220.446289
1609084800000,167.428711
1609099200000,178.375
1609113600000,180.178711
1609128000000,149.838867
1609142400000,145.463867
1609156800000,152.321289
1609171200000,125.339844
1609185600000,66.3398438
1609200000000,13.2314453
1609214400000,6.26757812
1609228800000,-25.9638672
1609243200000,-59.9287109
1609257600000,-22.7861328
1609272000000,37.1074219
1609286400000,114.089844
1609300800000,98.8037109
1609315200000,62.6064453
1609329600000,110.267578
1609344000000,138.697266
1609358400000,143.178711
1609372800000,151.213867
1609387200000,167.213867
1609401600000,174.071289
1609416000000,158.107422
1609430400000,157.125
1609444800000,169.946289
1609459200000,149.125
1609473600000,110.161133
1609488000000,77.8212891
1609502400000,75.5537109
1609516800000,89.1435547
1609531200000,67.125
1609545600000,56.7851562
1609560000000,62.8564453
1609574400000,121.946289
1609588800000,243.714844
1609603200000,272.411133
1609617600000,256.535156
1609632000000,333.463867
1609646400000,380.786133
1609660800000,339.428711
1609675200000,278.75
1609689600000,257.357422
1609704000000,297.642578
1609718400000,262.517578
1609732800000,148.446289
1609747200000,114.017578
1609761600000,133.428711
1609776000000,75.1435547
1609790400000,-59.9638672
1609804800000,-117.178711
1609819200000,-78.9648438
1609833600000,-114.625
1609848000000,-106.517578
1609862400000,-3.48242188
1609876800000,69.1787109
1609891200000,112.911133
1609905600000,115.25
1609920000000,141.732422
1609934400000,240.5
1609948800000,336.462891
1609963200000,394.625
1609977600000,384.929688
1609992000000,416.714844
1610006400000,537.410156
1610020800000,556.035156
1610035200000,522.572266
1610049600000,425.197266
1610064000000,336.642578
1610078400000,431.695312
1610092800000,475.445312
1610107200000,408.732422
1610121600000,402.269531
1610136000000,396.322266
1610150400000,282.267578
1610164800000,205.535156
1610179200000,241.160156
1610193600000,232.857422
1610208000000,142.302734
1610222400000,92.9824219
1610236800000,109.269531
1610251200000,85.7851562
1610265600000,54.7675781
1610280000000,-116.089844
1610294400000,-239.767578
1610308800000,-275.392578
1610323200000,-401.929688
1610337600000,-437.910156
1610352000000,-503.427734
1610366400000,-587.142578
1610380800000,-489.214844
1610395200000,-397.107422
1610409600000,-343.572266
1610424000000,-320.179688
1610438400000,-444.105469
1610452800000,-419.677734
1610467200000,-361.412109
1610481600000,-333.589844
1610496000000,-245.820312
1610510400000,-152.375
1610524800000,-26.75
1610539200000,76.3574219
1610553600000,276.375
1610568000000,383.339844
1610582400000,278.087891
1610596800000,227.087891
1610611200000,230.25
1610625600000,270.25
1610640000000,351.644531
1610654400000,333.554688
1610668800000,300.105469
1610683200000,312.070312
1610697600000,172.839844
1610712000000,43.875
1610726400000,100.339844
1610740800000,92.0546875
1610755200000,-10.1425781
1610769600000,-5.60742188
1610784000000,-3.25
1610798400000,-98.5351562
1610812800000,-200.037109
1610827200000,-259.982422
1610841600000,-288.875
1610856000000,-279.947266
1610870400000,-218.892578
1610884800000,-183.75
1610899200000,-74.4277344
1610913600000,12.8222656
1610928000000,-23.3925781
1610942400000,-23.6796875
1610956800000,-7.14257812
1610971200000,-68.5
1610985600000,-94.4648438
1611000000000,-24.7851562
1611014400000,54.3398438
1611028800000,89.3046875
1611043200000,136.302734
1611057600000,132
1611072000000,40.8574219
1611086400000,-19.5371094
1611100800000,-31.0546875
1611115200000,-32.7675781
1611129600000,-92.75
1611144000000,-112.945312
1611158400000,-77.875
1611172800000,-81.8945312
1611187200000,-121.25
1611201600000,-230.535156
1611216000000,-367.945312
1611230400000,-386.482422
1611244800000,-411.839844
1611259200000,-426.927734
1611273600000,-370.107422
1611288000000,-295.285156
1611302400000,-229.517578
1611316800000,-140.519531
1611331200000,-70.8027344
1611345600000,-144.016602
1611360000000,-192.732422
1611374400000,-196.536133
1611388800000,-202.339844
1611403200000,-90.0888672
1611417600000,32.5185547
1611432000000,26.4638672
1611446400000,73.5175781
1611460800000,141.553711
1611475200000,110.410156
1611489600000,25.9287109
1611504000000,-22.375
1611518400000,-7.875
1611532800000,13.6787109
1611547200000,43.1787109
1611561600000,83.5898438
1611576000000,116.785156
1611590400000,74.1962891
1611604800000,-18.4462891
1611619200000,-46.7324219
1611633600000,-40.8925781
1611648000000,-63.3925781
1611662400000,-62.7148438
1611676800000,-5.73242188
1611691200000,36.7685547
1611705600000,0.71484375
1611720000000,-123.911133
1611734400000,-214.714844
1611748800000,-196.411133
1611763200000,-234.821289
1611777600000,-215.946289
1611792000000,-105.071289
1611806400000,-37.4462891
1611820800000,10.4462891
1611835200000,40.8398438
1611849600000,89.7675781
1611864000000,118.142578
1611878400000,51.7685547
1611892800000,185.785156
1611907200000,385.981445
1611921600000,324.822266
1611936000000,268.107422
1611950400000,227.411133
1611964800000,221.197266
1611979200000,210.712891
1611993600000,187.962891
1612008000000,211.25
1612022400000,186.839844
1612036800000,132.482422
1612051200000,54.3574219
1612065600000,-1.5703125
1612080000000,11.8398438
1612094400000,-135.412109
1612108800000,-301.75
1612123200000,-169.982422
1612137600000,-36.2871094
1612152000000,22.1796875
1612166400000,3.1796875
1612180800000,-26.0351562
1612195200000,-20.7871094
1612209600000,-53.5546875
1612224000000,-28.5
1612238400000,27.625
1612252800000,68.6445312
1612267200000,117.822266
1612281600000,172.017578
1612296000000,223.267578
1612310400000,245.337891
1612324800000,202.035156
1612339200000,196.857422
1612353600000,205.339844
1612368000000,256.697266
1612382400000,294.839844
1612396800000,290.142578
1612411200000,292.855469
1612425600000,218.947266
1612440000000,181.679688
1612454400000,179.695312
1612468800000,138.839844
1612483200000,137.304688
1612497600000,126.320312
1612512000000,105.105469
1612526400000,115.160156
1612540800000,108
1612555200000,143.519531
1612569600000,153.787109
1612584000000,157.427734
1612598400000,202.427734
1612612800000,210.802734
1612627200000,200.267578
1612641600000,144.875
1612656000000,122.447266
1612670400000,136.929688
1612684800000,72.4101562
1612699200000,21.8574219
1612713600000,43.2324219
1612728000000,47.1777344
1612742400000,49.0351562
1612756800000,33.875
1612771200000,170.232422
1612785600000,271.517578
1612800000000,303.929688
1612814400000,430.589844
1612828800000,527.375
1612843200000,569.267578
1612857600000,547.462891
1612872000000,560.714844
1612886400000,588
1612900800000,597.177734
1612915200000,574.304688
1612929600000,588.339844
1612944000000,488.767578
1612958400000,388.197266
1612972800000,233.089844
1612987200000,112.677734
1613001600000,22.0703125
1613016000000,-84.3925781
1613030400000,-1.51757812
1613044800000,68.7851562
1613059200000,96.75
1613073600000,65.9648438
1613088000000,52.5527344
1613102400000,82.2148438
1613116800000,62.375
1613131200000,37.3378906
1613145600000,134.769531
1613160000000,206.714844
1613174400000,175.052734
1613188800000,115.947266
1613203200000,123.089844
1613217600000,114.160156
1613232000000,-3.85742188
1613246400000,-49.375
1613260800000,12.3027344
1613275200000,83.6953125
1613289600000,98.0175781
1613304000000,82.2324219
1613318400000,95.9472656
1613332800000,48.5371094
1613347200000,-16.9101562
1613361600000,-11.7695312
1613376000000,29.1953125
1613390400000,111.375
1613404800000,108.839844
1613419200000,127.072266
1613433600000,166.072266
1613448000000,124.589844
1613462400000,56.5175781
1613476800000,-20.8574219
1613491200000,-1.35742188
1613505600000,54.1425781
1613520000000,124.552734
1613534400000,242.892578
1613548800000,293.25
1613563200000,295.982422
1613577600000,303.447266
1613592000000,268.910156
1613606400000,262.820312
1613620800000,206.162109
1613635200000,147.787109
1613649600000,185
1613664000000,194.927734
1613678400000,188.355469
1613692800000,182.535156
1613707200000,197.839844
1613721600000,203.269531
1613736000000,221.035156
1613750400000,293.017578
1613764800000,294.732422
1613779200000,240.910156
1613793600000,264.714844
1613808000000,303.875
1613822400000,352.589844
1613836800000,358.160156
1613851200000,328.212891
1613865600000,332.304688
1613880000000,383.482422
1613894400000,427.017578
1613908800000,396.857422
1613923200000,319.464844
1613937600000,163
1613952000000,62.4101562
1613966400000,-17.3925781
1613980800000,-117.535156
1613995200000,-175.785156
1614009600000,-180.375
1614024000000,-261.037109
1614038400000,-407.929688
1614052800000,-587.785156
1614067200000,-631.160156
1614081600000,-695.392578
1614096000000,-732.142578
1614110400000,-566.25
1614124800000,-523.787109
1614139200000,-460.767578
1614153600000,-437.392578
1614168000000,-438.125
1614182400000,-325.142578
1614196800000,-242.982422
1614211200000,-242.964844
1614225600000,-181.052734
1614240000000,-10.9628906
1614254400000,153.927734
1614268800000,55.9453125
1614283200000,13.625
1614297600000,-71.2851562
1614312000000,-297.75
1614326400000,-245.392578
1614340800000,-208.572266
1614355200000,-248.429688
1614369600000,-183.25
1614384000000,-148.230469
1614398400000,-197.712891
1614412800000,-248.037109
1614427200000,-247.304688
1614441600000,-274.517578
1614456000000,-343.052734
1614470400000,-268.552734
1614484800000,-167.642578
1614499200000,-129.839844
1614513600000,-126.75
1614528000000,-156.982422
1614542400000,-108.857422
1614556800000,-22.2324219
1614571200000,14.25
1614585600000,89.0371094
1614600000000,110.820312
1614614400000,148.392578
1614628800000,168.412109
1614643200000,135.75
1614657600000,231.625
1614672000000,305.212891
1614686400000,228.642578
1614700800000,257.125
1614715200000,334.160156
1614729600000,316.607422
1614744000000,356.964844
1614758400000,353.392578
1614772800000,269.5
1614787200000,147.929688
1614801600000,82.4453125
1614816000000,44.625
1614830400000,12.9472656
1614844800000,51.4648438
1614859200000,7.46484375
1614873600000,-44.1621094
1614888000000,-18.125
1614902400000,-45.3925781
1614916800000,-83.7324219
1614931200000,-112.589844
1614945600000,-154.232422
1614960000000,-159
1614974400000,-153.410156
1614988800000,-133.605469
1615003200000,-102.839844
1615017600000,-138.054688
1615032000000,-122.785156
1615046400000,-54.3203125
1615060800000,36.875
1615075200000,119.820312
1615089600000,186.660156
1615104000000,238.447266
1615118400000,218.857422
1615132800000,213.927734
1615147200000,155.857422
1615161600000,81.6425781
1615176000000,104.302734
1615190400000,150.804688
1615204800000,197.697266
1615219200000,304.625
1615233600000,389.017578
1615248000000,365.642578
1615262400000,334.892578
1615276800000,311.875
1615291200000,264.839844
1615305600000,277.552734
1615320000000,267.212891
1615334400000,230.572266
1615348800000,272.804688
1615363200000,393.642578
1615377600000,461.357422
1615392000000,389.464844
1615406400000,331.232422
1615420800000,249.375
1615435200000,169.410156
1615449600000,181.320312
1615464000000,190.302734
1615478400000,223.625
1615492800000,237.714844
1615507200000,167.517578
1615521600000,167.160156
1615536000000,204.107422
1615550400000,168.482422
1615564800000,96.5175781
1615579200000,22.7148438
1615593600000,52.0722656
1615608000000,199.945312
1615622400000,316.964844
1615636800000,336.537109
1615651200000,337.982422
1615665600000,333.570312
1615680000000,252.410156
1615694400000,208.607422
1615708800000,222.820312
1615723200000,228.822266
1615737600000,191.447266
1615752000000,197.5
1615766400000,152.357422
1615780800000,2.625
1615795200000,-67.8398438
1615809600000,-167.839844
1615824000000,-266.820312
1615838400000,-383.072266
1615852800000,-448.697266
1615867200000,-422.105469
1615881600000,-373.482422
1615896000000,-328.589844
1615910400000,-260.107422
1615924800000,-252.197266
1615939200000,-272.482422
1615953600000,-318.962891
1615968000000,-308.605469
1615982400000,-38.9648438
1615996800000,168.375
1616011200000,179.052734
1616025600000,174.125
1616040000000,239.482422
1616054400000,298.837891
1616068800000,222
1616083200000,127.625
1616097600000,135.714844
1616112000000,99.5546875
1616126400000,146.5
1616140800000,235.607422
1616155200000,262.892578
1616169600000,255.660156
1616184000000,129.177734
1616198400000,1.92773438
1616212800000,2.1796875
1616227200000,50.6425781
1616241600000,69.9453125
1616256000000,-16.5878906
1616270400000,-36
1616284800000,-1.1796875
1616299200000,-75.8027344
1616313600000,-74.9101562
1616328000000,-65.9277344
1616342400000,-103.875
1616356800000,-103.589844
1616371200000,-58.9648438
1616385600000,-37.9101562
1616400000000,-75.1953125
1616414400000,-187.537109
1616428800000,-324.017578
1616443200000,-354.212891
1616457600000,-307.644531
1616472000000,-270.447266
1616486400000,-194.087891
1616500800000,-107.75
1616515200000,-144.214844
1616529600000,-214.947266
1616544000000,-182.607422
1616558400000,-105.105469
1616572800000,-84.5527344
1616587200000,-154.75
1616601600000,-280.804688
1616616000000,-294.644531
1616630400000,-186.160156
1616644800000,-155.802734
1616659200000,-205.142578
1616673600000,-187.839844
1616688000000,-212.714844
1616702400000,-233.837891
1616716800000,-123.142578
1616731200000,-87.1445312
1616745600000,-136.802734
1616760000000,-179.517578
1616774400000,-144.125
1616788800000,-42.4453125
1616803200000,101.070312
1616817600000,184.587891
1616832000000,184.410156
1616846400000,233.554688
1616860800000,308.787109
1616875200000,314.642578
1616889600000,312.695312
1616904000000,295.5
1616918400000,222.447266
1616932800000,189.267578
1616947200000,177.732422
1616961600000,145.714844
1616976000000,87.4453125
1616990400000,139.142578
1617004800000,206.392578
1617019200000,213.072266
1617033600000,208.662109
1617048000000,141
1617062400000,130.607422
1617076800000,201.535156
1617091200000,205.105469
1617105600000,205.070312
1617120000000,201.964844
1617134400000,206.5
1617148800000,209.197266
1617163200000,182.804688
1617177600000,218.625
1617192000000,150.25
1617206400000,66.9824219
1617220800000,91.4101562
1617235200000,94.7128906
1617249600000,91.6074219
1617264000000,79.875
1617278400000,16.125
1617292800000,-7.58789062
1617307200000,35.0351562
1617321600000,54.0351562
1617336000000,59.0722656
1617350400000,78.3027344
1617364800000,73.7324219
1617379200000,16.5371094
1617393600000,11.5
1617408000000,44.4628906
1617422400000,26.7128906
1617436800000,4.66210938
1617451200000,-1.0703125
1617465600000,-69.8398438
1617480000000,-120.357422
1617494400000,-88.8574219
1617508800000,-132.857422
1617523200000,-146.857422
1617537600000,-109.695312
1617552000000,-99.4824219
1617566400000,-90.7148438
1617580800000,-109.910156
1617595200000,-116.429688
1617609600000,-66.4824219
1617624000000,-21.0175781
1617638400000,9.96484375
1617652800000,21.7324219
1617667200000,55.8574219
1617681600000,88.6601562
1617696000000,41.4101562
1617710400000,40.8222656
1617724800000,35.625
1617739200000,-0.28515625
1617753600000,-13.9824219
1617768000000,-56.4824219
1617782400000,-71.9824219
1617796800000,-87.2675781
1617811200000,-170.660156
1617825600000,-204.037109
1617840000000,-172.482422
1617854400000,-158.855469
1617868800000,-106.25
1617883200000,-57.6074219
1617897600000,-20.625
1617912000000,-0.642578125
1617926400000,-6.33984375
1617940800000,21.3378906
1617955200000,30.1445312
1617969600000,85.5546875
1617984000000,131.410156
1617998400000,168.517578
1618012800000,277.125
1618027200000,312.142578
1618041600000,260.982422
1618056000000,222.982422
1618070400000,176.875
1618084800000,161.945312
1618099200000,150.320312
1618113600000,120.429688
1618128000000,119.787109
1618142400000,100.070312
1618156800000,106.142578
1618171200000,134.072266
1618185600000,167.337891
1618200000000,135
1618214400000,18.5195312
1618228800000,-38.375
1618243200000,-32.8046875
1618257600000,24.625
1618272000000,87.3574219
1618286400000,143.517578
1618300800000,224.857422
1618315200000,249.214844
1618329600000,257.285156
1618344000000,285.982422
1618358400000,303.447266
1618372800000,308.695312
1618387200000,235.375
1618401600000,149.554688
1618416000000,173.625
1618430400000,215.820312
1618444800000,216.712891
1618459200000,172.517578
1618473600000,127.162109
1618488000000,79.1796875
1618502400000,15.375
1618516800000,-4.07226562
1618531200000,-74.2148438
1618545600000,-176.107422
1618560000000,-199.357422
1618574400000,-195.837891
1618588800000,-159.570312
1618603200000,-49.6972656
1618617600000,-19.0898438
1618632000000,-105.232422
1618646400000,-164.982422
1618660800000,-146.232422
1618675200000,-152.089844
1618689600000,-384.962891
1618704000000,-542.462891
1618718400000,-595.107422
1618732800000,-554.429688
1618747200000,-394.535156
1618761600000,-377.767578
1618776000000,-364.107422
1618790400000,-315.232422
1618804800000,-333.822266
1618819200000,-458.410156
1618833600000,-450.070312
1618848000000,-348.197266
1618862400000,-392.357422
1618876800000,-427.982422
1618891200000,-166.804688
1618905600000,5.69726562
1618920000000,83.7324219
1618934400000,146.910156
1618948800000,12.9101562
1618963200000,-50.6074219
1618977600000,-120.302734
1618992000000,-131.875
1619006400000,-103.982422
1619020800000,-89.6953125
1619035200000,-115.177734
1619049600000,-138.732422
1619064000000,-38.1074219
1619078400000,23.1425781
1619092800000,-114.572266
1619107200000,-254.982422
1619121600000,-360.232422
1619136000000,-534.125
1619150400000,-492.177734
1619164800000,-384.392578
1619179200000,-331.892578
1619193600000,-315.160156
1619208000000,-371.197266
1619222400000,-330.892578
1619236800000,-300.035156
1619251200000,-301.625
1619265600000,-292.892578
1619280000000,-314.679688
1619294400000,-280.125
1619308800000,-190.607422
1619323200000,-99.9472656
1619337600000,56.9824219
1619352000000,58.3398438
1619366400000,-50.9824219
1619380800000,27.125
1619395200000,117.482422
1619409600000,188.125
1619424000000,258.375
1619438400000,311.427734
1619452800000,312.554688
1619467200000,234.714844
1619481600000,259.337891
1619496000000,355.607422
1619510400000,388.769531
1619524800000,380.052734
1619539200000,358
1619553600000,365.912109
1619568000000,382.517578
1619582400000,276.570312
1619596800000,141.392578
1619611200000,116.447266
1619625600000,108.214844
1619640000000,52.375
1619654400000,24.7851562
1619668800000,46.75
1619683200000,1.51757812
1619697600000,-110.804688
1619712000000,-133.5
1619726400000,-89.9804688
1619740800000,-61.875
1619755200000,-43.9121094
1619769600000,82.8925781
1619784000000,182.197266
1619798400000,200.839844
1619812800000,221.714844
1619827200000,203.517578
1619841600000,232.337891
1619856000000,234.197266
1619870400000,229.5
1619884800000,271.427734
1619899200000,277.732422
1619913600000,243.447266
1619928000000,235.554688
1619942400000,204.267578
1619956800000,177.320312
1619971200000,76.0527344
1619985600000,14.0722656
1620000000000,73.7851562
1620014400000,57.4628906
1620028800000,14.0722656
1620043200000,-13.8925781
1620057600000,-19.4824219
1620072000000,-93.1425781
1620086400000,-152.285156
1620100800000,-80.4277344
1620115200000,-115.357422
1620129600000,-194.625
1620144000000,-213.267578
1620158400000,-196.892578
1620172800000,-137.892578
1620187200000,-165.287109
1620201600000,-147.392578
1620216000000,-99.3574219
1620230400000,-60.25
1620244800000,-30.1054688
1620259200000,-33.6621094
1620273600000,83.9804688
1620288000000,137
1620302400000,44.6621094
1620316800000,91.0722656
1620331200000,133.625
1620345600000,136.732422
1620360000000,151.5
1620374400000,154.052734
1620388800000,186.712891
1620403200000,83.1074219
1620417600000,28.6972656
1620432000000,75.0722656
1620446400000,100
1620460800000,87.0703125
1620475200000,65.2148438
1620489600000,103.767578
1620504000000,153.302734
1620518400000,146.607422
1620532800000,136.017578
1620547200000,134.822266
1620561600000,88.4472656
1620576000000,56.9277344
1620590400000,90.3398438
1620604800000,102.607422
1620619200000,35.4277344
1620633600000,-7.83984375
1620648000000,-107.677734
1620662400000,-163.482422
1620676800000,-202.679688
1620691200000,-253.730469
1620705600000,-234.677734
1620720000000,-188.5
1620734400000,-113.517578
1620748800000,-71.0898438
1620763200000,-7.3046875
1620777600000,-21.6972656
1620792000000,-145.195312
1620806400000,-212.177734
1620820800000,-236.662109
1620835200000,-449.429688
1620849600000,-509.357422
1620864000000,-369.945312
1620878400000,-373.517578
1620892800000,-412.625
1620907200000,-457.857422
1620921600000,-469.357422
1620936000000,-496.730469
1620950400000,-506.427734
1620964800000,-496.644531
1620979200000,-468.214844
1620993600000,-438.070312
1621008000000,-427.554688
1621022400000,-372.697266
1621036800000,-208.820312
1621051200000,-88.875
1621065600000,-120.197266
1621080000000,-125.785156
1621094400000,-163.892578
1621108800000,-110.802734
1621123200000,-15.7324219
1621137600000,-16.1621094
1621152000000,-86.5878906
1621166400000,-261.607422
1621180800000,-355.037109
1621195200000,-435.212891
1621209600000,-428.875
1621224000000,-307.357422
1621238400000,-322.695312
1621252800000,-354.822266
1621267200000,-365.982422
1621281600000,-314.625
1621296000000,-178.072266
1621310400000,-168.712891
1621324800000,-339.875
1621339200000,-435.644531
1621353600000,-382.767578
1621368000000,-354.160156
1621382400000,-394.392578
1621396800000,-367.142578
1621411200000,-433.822266
1621425600000,-508.910156
1621440000000,-460.017578
1621454400000,-442.072266
1621468800000,-334.607422
1621483200000,-282.302734
1621497600000,-287.355469
1621512000000,-317.464844
1621526400000,-269.644531
1621540800000,-175.625
1621555200000,-197.785156
1621569600000,-86.5
1621584000000,-106.570312
1621598400000,-219.767578
1621612800000,-91.7695312
1621627200000,-88.375
1621641600000,-106.392578
1621656000000,-23.7148438
1621670400000,-72.0527344
1621684800000,-178.160156
1621699200000,-256.160156
1621713600000,-239.947266
1621728000000,-264.697266
1621742400000,-357.232422
1621756800000,-423.714844
1621771200000,-523
1621785600000,-363.910156
1621800000000,-102.212891
1621814400000,-49.6425781
1621828800000,1.08789062
1621843200000,67.8027344
1621857600000,95.6074219
1621872000000,74.9296875
1621886400000,61.4824219
1621900800000,93.0527344
1621915200000,24.0898438
1621929600000,54.125
1621944000000,152.910156
1621958400000,247.535156
1621972800000,411.054688
1621987200000,438.519531
1622001600000,371.212891
1622016000000,239.660156
1622030400000,106.642578
1622044800000,90.9277344
1622059200000,-10.625
1622073600000,-89.9628906
1622088000000,29.9121094
1622102400000,74.5175781
1622116800000,105.195312
1622131200000,87.0878906
1622145600000,41.3222656
1622160000000,-15.3554688
1622174400000,-198.464844
1622188800000,-283.019531
1622203200000,-281.089844
1622217600000,-258.427734
1622232000000,-183.875
1622246400000,-182.035156
1622260800000,-189.552734
1622275200000,-218.037109
1622289600000,-341.302734
1622304000000,-385.910156
1622318400000,-326.822266
1622332800000,-233.820312
1622347200000,-157.982422
1622361600000,-120.304688
1622376000000,-26.5703125
1622390400000,-13.6601562
1622404800000,-84.1972656
1622419200000,-38.1425781
1622433600000,20.0722656
1622448000000,41.9453125
1622462400000,81.0878906
1622476800000,152.947266
1622491200000,195.662109
1622505600000,175.160156
1622520000000,145.392578
1622534400000,73.0175781
1622548800000,-7.16210938
1622563200000,26.0722656
1622577600000,54.4824219
1622592000000,69.2851562
1622606400000,151.357422
1622620800000,172.410156
1622635200000,113.447266
1622649600000,55.9824219
1622664000000,46.5
1622678400000,75.2148438
1622692800000,122.017578
1622707200000,134.322266
1622721600000,131.892578
1622736000000,178.767578
1622750400000,178.982422
1622764800000,69.8574219
1622779200000,1.64257812
1622793600000,-5.64453125
1622808000000,-22.4648438
1622822400000,-55.2675781
1622836800000,-57.7851562
1622851200000,-13.8378906
1622865600000,-60.6777344
1622880000000,-144.357422
1622894400000,-189.464844
1622908800000,-216
1622923200000,-201.625
1622937600000,-203.072266
1622952000000,-183.410156
1622966400000,-89.6425781
1622980800000,-45.375
1622995200000,-71.8574219
1623009600000,-57.5898438
1623024000000,-39.6425781
1623038400000,-61.5351562
1623052800000,-93.1601562
1623067200000,-64.5371094
1623081600000,-107.982422
1623096000000,-204.892578
1623110400000,-196.214844
1623124800000,-193.785156
1623139200000,-261.142578
1623153600000,-266.285156
1623168000000,-207.857422
1623182400000,-202.982422
1623196800000,-160.695312
1623211200000,-107.912109
1623225600000,-43.9296875
1623240000000,4.03710938
1623254400000,46.1796875
1623268800000,96.5703125
1623283200000,171.230469
1623297600000,302.947266
1623312000000,321.089844
1623326400000,269.695312
1623340800000,305.285156
1623355200000,317.214844
1623369600000,274.554688
1623384000000,296.214844
1623398400000,256
1623412800000,175.927734
1623427200000,116.714844
1623441600000,9.0546875
1623456000000,-102.732422
1623470400000,-126.142578
1623484800000,-106.857422
1623499200000,-132.519531
1623513600000,-124.75
1623528000000,-115.142578
1623542400000,-116.429688
1623556800000,-82.2851562
1623571200000,-70.7675781
1623585600000,-29.875
1623600000000,88.625
1623614400000,140.677734
1623628800000,142.072266
1623643200000,209.912109
1623657600000,323.802734
1623672000000,342.445312
1623686400000,331.714844
1623700800000,351.412109
1623715200000,340.892578
1623729600000,350.820312
1623744000000,349.429688
1623758400000,315.875
1623772800000,289.767578
1623787200000,230.517578
1623801600000,124.035156
1623816000000,42.25
1623830400000,-25.1425781
1623844800000,-48.2675781
1623859200000,-104.517578
1623873600000,-117.070312
1623888000000,-78.8925781
1623902400000,-91.9648438
1623916800000,-95.1074219
1623931200000,-126.125
1623945600000,-148.697266
1623960000000,-144.447266
1623974400000,-159.017578
1623988800000,-166.445312
1624003200000,-213.910156
1624017600000,-268.375
1624032000000,-241.375
1624046400000,-234.767578
1624060800000,-218.412109
1624075200000,-193.482422
1624089600000,-212.962891
1624104000000,-225.554688
1624118400000,-240.892578
1624132800000,-202.875
1624147200000,-164.214844
1624161600000,-231.892578
1624176000000,-262.572266
1624190400000,-201.375
1624204800000,-111.462891
1624219200000,-51.5175781
1624233600000,-124.429688
1624248000000,-192.072266
1624262400000,-202.5
1624276800000,-232.25
1624291200000,-282.767578
1624305600000,-266.837891
1624320000000,-206.625
1624334400000,-255.357422
1624348800000,-295.535156
1624363200000,-192.447266
1624377600000,-118.375
1624392000000,-120.445312
1624406400000,-110.036133
1624420800000,-83.6972656
1624435200000,-7.96484375
1624449600000,31.6435547
1624464000000,48.7509766
1624478400000,37.2666016
1624492800000,45.1601562
1624507200000,74.6972656
1624521600000,74.625
1624536000000,172.089844
1624550400000,235.107422
1624564800000,199.75
1624579200000,155.677734
1624593600000,37.6777344
1624608000000,-76.6425781
1624622400000,-112.945312
1624636800000,-130.320312
1624651200000,-101.804688
1624665600000,-139.054688
1624680000000,-135.642578
1624694400000,-75.6601562
1624708800000,-127.572266
1624723200000,-138.107422
1624737600000,-117.945312
1624752000000,-111.213867
1624766400000,-113.786133
1624780800000,-101.803711
1624795200000,-54.7675781
1624809600000,60.7314453
1624824000000,156.75
1624838400000,203.428711
1624852800000,200.731445
1624867200000,230.447266
1624881600000,248.732422
1624896000000,200.212891
1624910400000,212.142578
1624924800000,198.787109
1624939200000,179.929688
1624953600000,195.462891
1624968000000,219.837891
1624982400000,209.964844
1624996800000,179.25
1625011200000,100.072266
1625025600000,33.7148438
1625040000000,-15.3574219
1625054400000,-7.89257812
1625068800000,23.8574219
1625083200000,-10.4277344
1625097600000,-52.2675781
1625112000000,-71.9472656
1625126400000,-81.5371094
1625140800000,-139.482422
1625155200000,-186.462891
1625169600000,-223.070312
1625184000000,-217.269531
1625198400000,-166.322266
1625212800000,-129.677734
1625227200000,-110.302734
1625241600000,-69.4101562
1625256000000,-57.3945312
1625270400000,-62.1074219
1625284800000,-2.23046875
1625299200000,62.1425781
1625313600000,82.75
1625328000000,82.2148438
1625342400000,101.677734
1625356800000,129.820312
1625371200000,166.375
1625385600000,169.089844
1625400000000,167
1625414400000,148.552734
1625428800000,94.875
1625443200000,54.2871094
1625457600000,10.3222656
1625472000000,-38.8046875
1625486400000,-48.9472656
1625500800000,-49.5175781
1625515200000,-62.9277344
1625529600000,-23.9648438
1625544000000,-15.7148438
1625558400000,-76.3554688
1625572800000,-107.75
1625587200000,-98.75
1625601600000,-84.6601562
1625616000000,-58.8574219
1625630400000,-2.25
1625644800000,27.5703125
1625659200000,55.3925781
1625673600000,53.9648438
1625688000000,-20.5898438
1625702400000,-72.2148438
1625716800000,-85.5527344
1625731200000,-112.802734
1625745600000,-108.125
1625760000000,-79.75
1625774400000,-79.9648438
1625788800000,-86.1425781
1625803200000,-108.732422
1625817600000,-103.767578
1625832000000,-93.1074219
1625846400000,-76.0898438
1625860800000,-55.3574219
1625875200000,-32.3222656
1625889600000,14.75
1625904000000,66.6074219
1625918400000,72.8925781
1625932800000,45.5722656
1625947200000,37.2324219
1625961600000,37.6425781
1625976000000,52.7675781
1625990400000,69.375
1626004800000,78.1972656
1626019200000,64.9277344
1626033600000,60.8222656
1626048000000,52.3222656
1626062400000,6.875
1626076800000,-24.3398438
1626091200000,-49.8046875
1626105600000,-62.5703125
1626120000000,-38.2675781
1626134400000,-23
1626148800000,-26.3027344
1626163200000,-39.5195312
1626177600000,-79.2148438
1626192000000,-98.0878906
1626206400000,-117.947266
1626220800000,-157.572266
1626235200000,-154.910156
1626249600000,-124.125
1626264000000,-81.6787109
1626278400000,-48.6425781
1626292800000,-25.6962891
1626307200000,-28.125
1626321600000,-64.625
1626336000000,-95.9638672
1626350400000,-107.25
1626364800000,-86.1074219
1626379200000,-45.6962891
1626393600000,-46.5537109
1626408000000,-58.5712891
1626422400000,-18.5
1626436800000,-12.0185547
1626451200000,-69.0537109
1626465600000,-100.642578
1626480000000,-97.0175781
1626494400000,-91.1787109
1626508800000,-69.2861328
1626523200000,-26.6425781
1626537600000,-7.92871094
1626552000000,16.1962891
1626566400000,15.9472656
1626580800000,-10.4824219
1626595200000,-19.3574219
1626609600000,4.44726562
1626624000000,8.26757812
1626638400000,-23.9472656
1626652800000,-4.83886719
1626667200000,6.17871094
1626681600000,-31.7148438
1626696000000,-53.9638672
1626710400000,-58.3564453
1626724800000,-114.553711
1626739200000,-139.857422
1626753600000,-147.588867
1626768000000,-151.411133
1626782400000,-136.339844
1626796800000,-129.231445
1626811200000,-121.178711
1626825600000,-99.1787109
1626840000000,-35.3212891
1626854400000,10.2138672
1626868800000,24.4462891
1626883200000,65.4648438
1626897600000,95.25
1626912000000,89.8564453
1626926400000,129.393555
1626940800000,178.482422
1626955200000,191.410156
1626969600000,180.375
1626984000000,185.375
1626998400000,197.088867
1627012800000,184.232422
1627027200000,140.982422
1627041600000,78.5888672
1627056000000,87.0898438
1627070400000,133.928711
1627084800000,133.302734
1627099200000,129.803711
1627113600000,131.393555
1627128000000,132.732422
1627142400000,132.517578
1627156800000,126.607422
1627171200000,150.892578
1627185600000,150.857422
1627200000000,125.535156
1627214400000,134.820312
1627228800000,184.589844
1627243200000,327.929688
1627257600000,379.429688
1627272000000,335.142578
1627286400000,342.427734
1627300800000,365.892578
1627315200000,315.910156
1627329600000,225.142578
1627344000000,207.912109
1627358400000,241.339844
1627372800000,264.355469
1627387200000,247.285156
1627401600000,311.037109
1627416000000,385.822266
1627430400000,356.785156
1627444800000,247.75
1627459200000,140.25
1627473600000,120.910156
1627488000000,119.392578
1627502400000,60.875
1627516800000,105.517578
1627531200000,201.570312
1627545600000,205.929688
1627560000000,157.447266
1627574400000,121.107422
1627588800000,142.285156
1627603200000,86.3378906
1627617600000,-34.4628906
1627632000000,-72.4101562
1627646400000,-60.5
1627660800000,61.3222656
1627675200000,143.730469
1627689600000,106.875
1627704000000,126.894531
1627718400000,130.230469
1627732800000,113.087891
1627747200000,108.644531
1627761600000,154.412109
1627776000000,160.160156
1627790400000,118.285156
1627804800000,114.285156
1627819200000,148.910156
1627833600000,120.642578
1627848000000,23.1972656
1627862400000,-81.2324219
1627876800000,-159.875
1627891200000,-149.712891
1627905600000,-154.162109
1627920000000,-173.75
1627934400000,-181.625
1627948800000,-198.322266
1627963200000,-245.570312
1627977600000,-268.607422
1627992000000,-255
1628006400000,-239.535156
1628020800000,-229.197266
1628035200000,-191.214844
1628049600000,-131.517578
1628064000000,-87.7675781
1628078400000,-21.0527344
1628092800000,9.76757812
1628107200000,11.8203125
1628121600000,0.267578125
1628136000000,-32.5527344
1628150400000,-16.7128906
1628164800000,87
1628179200000,177.837891
1628193600000,177.570312
1628208000000,171.464844
1628222400000,182.322266
1628236800000,249.25
1628251200000,329.197266
1628265600000,298.982422
1628280000000,268.910156
1628294400000,265.785156
1628308800000,280.945312
1628323200000,317.339844
1628337600000,375.5
1628352000000,423.982422
1628366400000,338.697266
1628380800000,270.070312
1628395200000,291.464844
1628409600000,267.054688
1628424000000,232.337891
1628438400000,173.107422
1628452800000,78
1628467200000,55.2324219
1628481600000,115.447266
1628496000000,177.087891
1628510400000,173.767578
1628524800000,182.107422
1628539200000,165.892578
1628553600000,111.625
1628568000000,87.2871094
1628582400000,49.0722656
1628596800000,48.8925781
1628611200000,94.2128906
1628625600000,123.517578
1628640000000,158.037109
1628654400000,179.392578
1628668800000,180.375
1628683200000,111.572266
1628697600000,4.0703125
1628712000000,-17.8945312
1628726400000,-40.9628906
1628740800000,-72
1628755200000,-99
1628769600000,-99.5351562
1628784000000,-62.0722656
1628798400000,-37.8925781
1628812800000,6.80273438
1628827200000,37.25
1628841600000,20.3046875
1628856000000,17.75
1628870400000,68.0175781
1628884800000,89.8925781
1628899200000,116.125
1628913600000,99.8046875
1628928000000,83.1972656
1628942400000,142.035156
1628956800000,184.927734
1628971200000,191.839844
1628985600000,138.857422
1629000000000,76.1777344
1629014400000,29.9101562
1629028800000,10.0722656
1629043200000,28.5351562
1629057600000,57.0878906
1629072000000,16.8222656
1629086400000,-19.4824219
1629100800000,-48.6777344
1629115200000,-63.0175781
1629129600000,-52.4296875
1629144000000,-59.1953125
1629158400000,-63.8574219
1629172800000,-42.0371094
1629187200000,-2.64257812
1629201600000,-17.7675781
1629216000000,-70.3203125
1629230400000,-100.052734
1629244800000,-118.662109
1629259200000,-168.572266
1629273600000,-149.802734
1629288000000,-148.517578
1629302400000,-153.035156
1629316800000,-132.642578
1629331200000,-114.287109
1629345600000,-119.142578
1629360000000,-82.6777344
1629374400000,-10.0722656
1629388800000,31.4277344
1629403200000,94.6796875
1629417600000,134.464844
1629432000000,146.785156
1629446400000,204.107422
1629460800000,276.125
1629475200000,267.267578
1629489600000,267.214844
1629504000000,296.589844
1629518400000,316.660156
1629532800000,320.945312
1629547200000,330.25
1629561600000,278.822266
1629576000000,184.5
1629590400000,164.25
1629604800000,162.517578
1629619200000,135.660156
1629633600000,121.625
1629648000000,80.1796875
1629662400000,77.875
1629676800000,89.9453125
1629691200000,88.5546875
1629705600000,75.8222656
1629720000000,44.7128906
1629734400000,36.7851562
1629748800000,23.8046875
1629763200000,48.5
1629777600000,57.75
1629792000000,-10.5722656
1629806400000,-65.4472656
1629820800000,-62.9628906
1629835200000,-55.0351562
1629849600000,-65.2324219
1629864000000,-138.625
1629878400000,-149.072266
1629892800000,-114.947266
1629907200000,-83.9628906
1629921600000,-68.7851562
1629936000000,-143.519531
1629950400000,-183.910156
1629964800000,-199.125
1629979200000,-199.822266
1629993600000,-143.142578
1630008000000,-105.035156
1630022400000,-59.375
1630036800000,-26.9296875
1630051200000,-17.9824219
1630065600000,27.7695312
1630080000000,36.5546875
1630094400000,20.5351562
1630108800000,9.46484375
1630123200000,29.1953125
1630137600000,100.142578
1630152000000,136.287109
1630166400000,143.660156
1630180800000,124.517578
1630195200000,106.267578
1630209600000,108.927734
1630224000000,85.9648438
1630238400000,85.1796875
1630252800000,70.3027344
1630267200000,8.78515625
1630281600000,-52.8925781
1630296000000,-75.875
1630310400000,-68.0703125
1630324800000,-36.4277344
1630339200000,-70.7871094
1630353600000,-121.894531
1630368000000,-95.9628906
1630382400000,-48.1054688
1630396800000,-44.8398438
1630411200000,-67.0722656
1630425600000,-77.0546875
1630440000000,-109.142578
1630454400000,-118.462891
1630468800000,-63.5898438
1630483200000,-21.7675781
1630497600000,-5.03515625
1630512000000,39.0175781
1630526400000,65.1601562
1630540800000,140.660156
1630555200000,211.392578
1630569600000,171.642578
1630584000000,112.625
1630598400000,114.589844
1630612800000,143.142578
1630627200000,154.732422
1630641600000,190.75
1630656000000,234.267578
1630670400000,221.25
1630684800000,188.482422
1630699200000,163.214844
1630713600000,122.695312
1630728000000,59.5175781
1630742400000,10.3925781
1630756800000,-4.58789062
1630771200000,8.91210938
1630785600000,25.2851562
1630800000000,33.9453125
1630814400000,48.5175781
1630828800000,57.9472656
1630843200000,48.6074219
1630857600000,60.5351562
1630872000000,81.8398438
1630886400000,103.072266
1630900800000,104.837891
1630915200000,90.5175781
1630929600000,115.857422
1630944000000,166.570312
1630958400000,196.054688
1630972800000,183.072266
1630987200000,131.730469
1631001600000,-71.875
1631016000000,-242.892578
1631030400000,-247.839844
1631044800000,-273.695312
1631059200000,-393.357422
1631073600000,-428.037109
1631088000000,-393.660156
1631102400000,-385.177734
1631116800000,-378.214844
1631131200000,-407.107422
1631145600000,-436.785156
1631160000000,-457.732422
1631174400000,-422.570312
1631188800000,-351.087891
1631203200000,-168.357422
1631217600000,-11.8046875
1631232000000,-25.8046875
1631246400000,-30.0898438
1631260800000,7
1631275200000,-16.3027344
1631289600000,-72.0878906
1631304000000,-88.2324219
1631318400000,-81.3398438
1631332800000,-52.1425781
1631347200000,-41.3398438
1631361600000,-60.3574219
1631376000000,-100
1631390400000,-110.677734
1631404800000,-80.4453125
1631419200000,-58.875
1631433600000,-32.3222656
1631448000000,-24.5175781
1631462400000,6
1631476800000,-14.5371094
1631491200000,-48.7675781
1631505600000,-24.0351562
1631520000000,-35.8398438
1631534400000,-53.1777344
1631548800000,-50.1953125
1631563200000,-27.2695312
1631577600000,15.1777344
1631592000000,44.6972656
1631606400000,72.1972656
1631620800000,63.5527344
1631635200000,58.4804688
1631649600000,85.6621094
1631664000000,83.1621094
1631678400000,145.070312
1631692800000,240.285156
1631707200000,250.037109
1631721600000,248.822266
1631736000000,236.445312
1631750400000,222.267578
1631764800000,218.214844
1631779200000,179.25
1631793600000,133.820312
1631808000000,89.3574219
1631822400000,88.2148438
1631836800000,72.8203125
1631851200000,33.8046875
1631865600000,22.7851562
1631880000000,8.67773438
1631894400000,-38.6601562
1631908800000,-41.4824219
1631923200000,13.2675781
1631937600000,45.6074219
1631952000000,28.7148438
1631966400000,12.0898438
1631980800000,20.3398438
1631995200000,23.1601562
1632009600000,25.8203125
1632024000000,-8.23242188
1632038400000,-21.8925781
1632052800000,-2.1953125
1632067200000,-8.5
1632081600000,-75.3945312
1632096000000,-155.089844
1632110400000,-237.017578
1632124800000,-321.337891
1632139200000,-332.785156
1632153600000,-353.589844
1632168000000,-391.267578
1632182400000,-379.339844
1632196800000,-343.142578
1632211200000,-342.337891
1632225600000,-369.75
1632240000000,-438.982422
1632254400000,-439.947266
1632268800000,-360.572266
1632283200000,-299.535156
1632297600000,-187.927734
1632312000000,-70.75
1632326400000,-22.5546875
1632340800000,-2.39257812
1632355200000,52.4472656
1632369600000,80.5527344
1632384000000,54.5
1632398400000,73.1074219
1632412800000,117.625
1632427200000,145.947266
1632441600000,228.5
1632456000000,128.695312
1632470400000,-37.5351562
1632484800000,-4.17773438
1632499200000,3.3203125
1632513600000,-38.9296875
1632528000000,-67.8574219
1632542400000,-97.2324219
1632556800000,-111.625
1632571200000,-91.2675781
1632585600000,-74.75
1632600000000,-130.732422
1632614400000,-220.087891
1632628800000,-172.087891
1632643200000,-94.9648438
1632657600000,9.76757812
1632672000000,105.677734
1632686400000,103.767578
1632700800000,90.8222656
1632715200000,72.4824219
1632729600000,74.0703125
1632744000000,52.5
1632758400000,-0.212890625
1632772800000,-23.5351562
1632787200000,-35.7324219
1632801600000,-36.8945312
1632816000000,1.76757812
1632830400000,-47.9628906
1632844800000,-138.197266
1632859200000,-122.375
1632873600000,-65.3203125
1632888000000,-86.4472656
1632902400000,-133.714844
1632916800000,-167.160156
1632931200000,-157.964844
1632945600000,-45.3925781
1632960000000,61.0546875
1632974400000,59.5878906
1632988800000,66.3203125
1633003200000,100
1633017600000,135.697266
1633032000000,156.964844
1633046400000,208.160156
1633060800000,325.125
1633075200000,364.912109
1633089600000,377.732422
1633104000000,434.285156
1633118400000,459.589844
1633132800000,450.552734
1633147200000,368.625
1633161600000,308.089844
1633176000000,347.5
1633190400000,347.785156
1633204800000,319.427734
1633219200000,304.179688
1633233600000,304.697266
1633248000000,266.962891
1633262400000,156.482422
1633276800000,77.6621094
1633291200000,11.2851562
1633305600000,-29.25
1633320000000,-7.51757812
1633334400000,4.92773438
1633348800000,62.8925781
1633363200000,109.964844
1633377600000,87.4277344
1633392000000,103.677734
1633406400000,136.054688
1633420800000,136.554688
1633435200000,179.910156
1633449600000,242.552734
1633464000000,226.607422
1633478400000,213.017578
1633492800000,252.607422
1633507200000,393.964844
1633521600000,523.517578
1633536000000,535.517578
1633550400000,464.767578
1633564800000,396.179688
1633579200000,380.892578
1633593600000,339.142578
1633608000000,306.267578
1633622400000,291.410156
1633636800000,238.107422
1633651200000,214.302734
1633665600000,254.75
1633680000000,239.625
1633694400000,225.160156
1633708800000,81.5195312
1633723200000,-56.0175781
1633737600000,-30.7148438
1633752000000,-12.75
1633766400000,7.89257812
1633780800000,18.375
1633795200000,47.625
1633809600000,75.1074219
1633824000000,107.357422
1633838400000,116.857422
1633852800000,69.3925781
1633867200000,27.4472656
1633881600000,19.125
1633896000000,79.625
1633910400000,170.427734
1633924800000,169.125
1633939200000,156.679688
1633953600000,184.695312
1633968000000,182.410156
1633982400000,161.697266
1633996800000,159.375
1634011200000,163.302734
1634025600000,98.9824219
1634040000000,26.5722656
1634054400000,25.3925781
1634068800000,47.7128906
1634083200000,24.3925781
1634097600000,-52.125
1634112000000,-73.3378906
1634126400000,5.82226562
1634140800000,26.4453125
1634155200000,19.5527344
1634169600000,19.0722656
1634184000000,30
1634198400000,32.2675781
1634212800000,21.1621094
1634227200000,59.0527344
1634241600000,185.25
1634256000000,266.037109
1634270400000,234.677734
1634284800000,310.570312
1634299200000,419.035156
1634313600000,422.304688
1634328000000,354.162109
1634342400000,312.75
1634356800000,282.212891
1634371200000,254.75
1634385600000,242.714844
1634400000000,242.320312
1634414400000,244.982422
1634428800000,224.607422
1634443200000,162.214844
1634457600000,108.589844
1634472000000,88.3027344
1634486400000,88.5527344
1634500800000,75.9824219
1634515200000,29.6601562
1634529600000,-18.6601562
1634544000000,-16.0351562
1634558400000,1.42773438
1634572800000,30
1634587200000,100.107422
1634601600000,112.179688
1634616000000,86.75
1634630400000,110.837891
1634644800000,190.25
1634659200000,241.179688
1634673600000,246.677734
1634688000000,211.285156
1634702400000,151.912109
1634716800000,243.322266
1634731200000,377.070312
1634745600000,338.5
1634760000000,276.517578
1634774400000,243.195312
1634788800000,190.697266
1634803200000,106.322266
1634817600000,47.9277344
1634832000000,13.4453125
1634846400000,-45.4101562
1634860800000,-67.8378906
1634875200000,-49.7851562
1634889600000,-139.839844
1634904000000,-221.929688
1634918400000,-323.232422
1634932800000,-407.517578
1634947200000,-366.642578
1634961600000,-310.962891
1634976000000,-258.642578
1634990400000,-264.947266
1635004800000,-195.767578
1635019200000,-115.75
1635033600000,-106.019531
1635048000000,-154.892578
1635062400000,-229.392578
1635076800000,-221.714844
1635091200000,-88.125
1635105600000,46.1796875
1635120000000,106.017578
1635134400000,122
1635148800000,151
1635163200000,138.517578
1635177600000,99.3574219
1635192000000,119.75
1635206400000,102.732422
1635220800000,96.3574219
1635235200000,121.375
1635249600000,128.945312
1635264000000,75.2324219
1635278400000,14.6074219
1635292800000,-32.9277344
1635307200000,-159.660156
1635321600000,-259.107422
1635336000000,-264.875
1635350400000,-315.232422
1635364800000,-323.267578
1635379200000,-284.947266
1635393600000,-211.964844
1635408000000,-111.392578
1635422400000,-97.5898438
1635436800000,-119.892578
1635451200000,-81.9648438
1635465600000,-2.375
1635480000000,18.3046875
1635494400000,95.3925781
1635508800000,230.357422
1635523200000,265.822266
1635537600000,216.945312
1635552000000,205.767578
1635566400000,210.857422
1635580800000,182.857422
1635595200000,112.392578
1635609600000,54.2128906
1635624000000,40.2324219
1635638400000,40.5195312
1635652800000,-16.8574219
1635667200000,-43.9472656
1635681600000,-7.14257812
1635696000000,-41.7675781
1635710400000,-129.875
1635724800000,-96.0898438
1635739200000,4.64257812
1635753600000,6.03515625
1635768000000,-5.30273438
1635782400000,-22.6054688
1635796800000,-40.3222656
1635811200000,-34.6445312
1635825600000,34.0722656
1635840000000,141.662109
1635854400000,209.160156
1635868800000,210.982422
1635883200000,186.679688
1635897600000,160.677734
1635912000000,187.837891
1635926400000,113.714844
1635940800000,31.6621094
1635955200000,81.4277344
1635969600000,84.8027344
1635984000000,73.9648438
1635998400000,50.375
1636012800000,-3.94726562
1636027200000,-82.625
1636041600000,-160.087891
1636056000000,-145.052734
1636070400000,-88.9472656
1636084800000,-109
1636099200000,-162.339844
1636113600000,-165.519531
1636128000000,-115.070312
1636142400000,-101.605469
1636156800000,-135.339844
1636171200000,-150.947266
1636185600000,-118.607422
1636200000000,-53.0898438
1636214400000,5.23242188
1636228800000,49.9648438
1636243200000,48.25
1636257600000,3.85742188
1636272000000,-14.4277344
1636286400000,34.4824219
1636300800000,128.660156
1636315200000,236.107422
1636329600000,323.927734
1636344000000,352.625
1636358400000,377.464844
1636372800000,397.462891
1636387200000,442.160156
1636401600000,508.537109
1636416000000,491.982422
1636430400000,425.445312
1636444800000,374.376953
1636459200000,353.177734
1636473600000,349.855469
1636488000000,324
1636502400000,261.5
1636516800000,160.375
1636531200000,133.875
1636545600000,108.859375
1636560000000,-34.0351562
1636574400000,-96.7695312
1636588800000,-125.785156
1636603200000,-203.195312
1636617600000,-229.609375
1636632000000,-201.785156
1636646400000,-161.175781
1636660800000,-143.304688
1636675200000,-158.839844
1636689600000,-185.732422
1636704000000,-217.269531
1636718400000,-214.070312
1636732800000,-248.337891
1636747200000,-257.447266
1636761600000,-134.822266
1636776000000,-71.2148438
1636790400000,-60.0527344
1636804800000,-66.2128906
1636819200000,-62.7871094
1636833600000,-33.5898438
1636848000000,-25.0351562
1636862400000,-21.2324219
1636876800000,-30.1777344
1636891200000,-2.5
1636905600000,97.6425781
1636920000000,150.589844
1636934400000,118.125
1636948800000,123.570312
1636963200000,81.5527344
1636977600000,32.3574219
1636992000000,-16.9453125
1637006400000,-148.089844
1637020800000,-237.537109
1637035200000,-274.337891
1637049600000,-286.962891
1637064000000,-291.412109
1637078400000,-292.107422
1637092800000,-324.712891
1637107200000,-389.287109
1637121600000,-385.162109
1637136000000,-390.625
1637150400000,-411.730469
1637164800000,-341.767578
1637179200000,-296.662109
1637193600000,-289.802734
1637208000000,-194.677734
1637222400000,-155.625
1637236800000,-190.642578
1637251200000,-229.357422
1637265600000,-289.947266
1637280000000,-301.197266
1637294400000,-218.589844
1637308800000,-139.302734
1637323200000,-162.892578
1637337600000,-152.052734
1637352000000,-114.820312
1637366400000,-127.947266
1637380800000,-114.072266
1637395200000,-121.464844
1637409600000,-67.8925781
1637424000000,66.1621094
1637438400000,85.3222656
1637452800000,103.212891
1637467200000,176.355469
1637481600000,216.554688
1637496000000,198.554688
1637510400000,110.160156
1637524800000,3.92773438
1637539200000,-51.1074219
1637553600000,-76.6953125
1637568000000,-55.9453125
1637582400000,-102.679688
1637596800000,-145.25
1637611200000,-139.785156
1637625600000,-220.339844
1637640000000,-223.322266
1637654400000,-169.410156
1637668800000,-110.212891
1637683200000,-93.9824219
1637697600000,-165.697266
1637712000000,-180.929688
1637726400000,-102.802734
1637740800000,-47.8378906
1637755200000,-31.8046875
1637769600000,-47.7695312
1637784000000,28.4648438
1637798400000,114.537109
1637812800000,89.1972656
1637827200000,147.892578
1637841600000,208.695312
1637856000000,175.357422
1637870400000,81.3398438
1637884800000,-13.3222656
1637899200000,-114.392578
1637913600000,-172.482422
1637928000000,-160.232422
1637942400000,-188.535156
1637956800000,-194.322266
1637971200000,-187.410156
1637985600000,-211.982422
1638000000000,-210.679688
1638014400000,-208.517578
1638028800000,-266.035156
1638043200000,-326.195312
1638057600000,-329.482422
1638072000000,-281.75
1638086400000,-219.160156
1638100800000,-63.1972656
1638115200000,138.535156
1638129600000,214.410156
1638144000000,243.125
1638158400000,225.394531
1638172800000,187.285156
1638187200000,214.517578
1638201600000,221.644531
1638216000000,180.820312
1638230400000,140.605469
1638244800000,187.642578
1638259200000,220.644531
1638273600000,208.964844
1638288000000,206.730469
1638302400000,192.785156
1638316800000,95.0546875
1638331200000,-10.9628906
1638345600000,33.9277344
1638360000000,61.125
1638374400000,22.8574219
1638388800000,-53.3222656
1638403200000,-91.0898438
1638417600000,-61.2324219
1638432000000,-26
1638446400000,-34.2324219
1638460800000,-60.4804688
1638475200000,-73.6425781
1638489600000,-54.2148438
1638504000000,-19.5
1638518400000,-56.2148438
1638532800000,-161.5
1638547200000,-299.75
1638561600000,-376.732422
1638576000000,-550.195312
1638590400000,-704.570312
1638604800000,-654.912109
1638619200000,-558.125
1638633600000,-515.035156
1638648000000,-528.589844
1638662400000,-522.589844
1638676800000,-507.875
1638691200000,-565.357422
1638705600000,-603.839844
1638720000000,-525.695312
1638734400000,-407.695312
1638748800000,-357.535156
1638763200000,-307.232422
1638777600000,-61
1638792000000,152.375
1638806400000,168.625
1638820800000,136.125
1638835200000,121.75
1638849600000,144.857422
1638864000000,168.25
1638878400000,143.445312
1638892800000,150.410156
1638907200000,136.929688
1638921600000,82.7675781
1638936000000,44.3574219
1638950400000,84.8222656
1638964800000,144.857422
1638979200000,118.570312
1638993600000,66.9277344
1639008000000,-2.3203125
1639022400000,-79.1972656
1639036800000,-151.964844
1639051200000,-227.035156
1639065600000,-288.464844
1639080000000,-240.035156
1639094400000,-194.320312
1639108800000,-156.447266
1639123200000,-143.037109
1639137600000,-129.962891
1639152000000,-164.677734
1639166400000,-202.822266
1639180800000,-163
1639195200000,-132.232422
1639209600000,-91.3046875
1639224000000,-73.7148438
1639238400000,3.60742188
1639252800000,92.0546875
1639267200000,121.679688
1639281600000,88.6601562
1639296000000,95.5
1639310400000,123.285156
1639324800000,130.357422
1639339200000,101.947266
1639353600000,83.5175781
1639368000000,76.1074219
1639382400000,-10.7324219
1639396800000,-84.3398438
1639411200000,-129.232422
1639425600000,-126.427734
1639440000000,-137.625
1639454400000,-146.517578
1639468800000,-149.072266
1639483200000,-169.929688
1639497600000,-126.517578
1639512000000,-115.677734
1639526400000,-138.285156
1639540800000,-92.7871094
1639555200000,-102.392578
1639569600000,-82.3378906
1639584000000,52.5898438
1639598400000,134.642578
1639612800000,150.177734
1639627200000,154.142578
1639641600000,137.447266
1639656000000,66.25
1639670400000,37.7675781
1639684800000,61.6972656
1639699200000,-15.4472656
1639713600000,-89.5898438
1639728000000,-102.177734
1639742400000,-111.697266
1639756800000,-66.8574219
1639771200000,-101.195312
1639785600000,-173.839844
1639800000000,-152.537109
1639814400000,-130.464844
1639828800000,-158.75
1639843200000,-153.587891
1639857600000,-67.0175781
1639872000000,-7.71484375
1639886400000,-25.2128906
1639900800000,-15.1074219
1639915200000,-8.58984375
1639929600000,-10.2148438
1639944000000,3.51757812
1639958400000,8.28710938
1639972800000,1.75
1639987200000,-23.1621094
1640001600000,-30.7675781
1640016000000,-15.2675781
1640030400000,48.8203125
1640044800000,110
1640059200000,103.019531
1640073600000,72.0546875
1640088000000,84.0703125
1640102400000,113.125
1640116800000,153.142578
1640131200000,184.607422
1640145600000,174.697266
1640160000000,170.730469
1640174400000,189.677734
1640188800000,195.875
1640203200000,162.375
1640217600000,112.572266
1640232000000,58.8046875
1640246400000,23.1777344
1640260800000,88.4277344
1640275200000,165.357422
1640289600000,171.482422
1640304000000,160.322266
1640318400000,136.875
1640332800000,124.107422
1640347200000,138.427734
1640361600000,144.962891
1640376000000,137.322266
1640390400000,151.714844
1640404800000,159.625
1640419200000,168.642578
1640433600000,183.427734
1640448000000,148.697266
1640462400000,6.28710938
1640476800000,-82.5175781
1640491200000,-77.6074219
1640505600000,-78.8398438
1640520000000,-56.2148438
1640534400000,-29.4824219
1640548800000,-10.7675781
1640563200000,-7.25
1640577600000,-5.66015625
1640592000000,16.9101562
1640606400000,39.7851562
1640620800000,20.2871094
1640635200000,-40.4277344
1640649600000,-83.7675781
1640664000000,-60.2871094
1640678400000,-52.3046875
1640692800000,-109.142578
1640707200000,-164.642578
1640721600000,-175.5
1640736000000,-199.392578
1640750400000,-231.607422
1640764800000,-215.304688
1640779200000,-227.767578
1640793600000,-309.552734
1640808000000,-349.177734
1640822400000,-302.642578
1640836800000,-215.482422
1640851200000,-156.464844
1640865600000,-133.25
1640880000000,-124.857422
1640894400000,-83.6074219
1640908800000,-30.375
1640923200000,-12.8398438
1640937600000,14.0175781
1640952000000,-59.375
1640966400000,-136.980469
1640980800000,-75.6425781
1640995200000,14.875
1641009600000,35.6425781
1641024000000,16.375
1641038400000,0.875
1641052800000,14.3554688
1641067200000,12.6621094
1641081600000,-5.96289062
1641096000000,3.26757812
1641110400000,6.28515625
1641124800000,-32.4824219
1641139200000,-61.625
1641153600000,15.75
1641168000000,69.875
1641182400000,50.6074219
1641196800000,1.625
1641211200000,-31.8925781
1641225600000,-40.125
1641240000000,-62.125
1641254400000,-78.375
1641268800000,-65.0195312
1641283200000,-31.4472656
1641297600000,-52.3554688
1641312000000,-96.2851562
1641326400000,-71.0195312
1641340800000,-50.4453125
1641355200000,-52.0703125
1641369600000,-35.0898438
1641384000000,-112.589844
1641398400000,-213.267578
1641412800000,-243.017578
1641427200000,-241.589844
1641441600000,-239.035156
1641456000000,-251.142578
1641470400000,-244.929688
1641484800000,-254.107422
1641499200000,-287.392578
1641513600000,-298.982422
1641528000000,-297.589844
1641542400000,-330.660156
1641556800000,-341.980469
1641571200000,-341.767578
1641585600000,-283.394531
1641600000000,-156.732422
1641614400000,-85.1953125
1641628800000,-89.0722656
1641643200000,-130.197266
1641657600000,-117.875
1641672000000,-101.927734
1641686400000,-102.570312
1641700800000,-44.4296875
1641715200000,-0.982421875
1641729600000,13.6621094
1641744000000,35.1777344
1641758400000,26.2675781
1641772800000,25.2324219
1641787200000,9.53515625
1641801600000,-41.125
1641816000000,-56.9824219
1641830400000,-16.5351562
1641844800000,57.8398438
1641859200000,68.7851562
1641873600000,18.0527344
1641888000000,-2.66015625
1641902400000,37.9296875
1641916800000,79.5175781
1641931200000,36.5351562
1641945600000,22.9472656
1641960000000,60.1796875
1641974400000,88.7304688
1641988800000,131.837891
1642003200000,181.644531
1642017600000,183.517578
1642032000000,147.087891
1642046400000,117.662109
1642060800000,85.6074219
1642075200000,67.1601562
1642089600000,61.6425781
1642104000000,19.0898438
1642118400000,-13.6953125
1642132800000,-24.2871094
1642147200000,-2.26757812
1642161600000,25.9472656
1642176000000,-11.2695312
1642190400000,-47.0527344
1642204800000,-58.0878906
1642219200000,-46.7871094
1642233600000,-28.7148438
1642248000000,-15.9101562
1642262400000,-9.48242188
1642276800000,5.78515625
1642291200000,32.6796875
1642305600000,34.25
1642320000000,33.1777344
1642334400000,50.3925781
1642348800000,27.5175781
1642363200000,-17.5351562
1642377600000,-29.4648438
1642392000000,-22.4453125
1642406400000,-30.0351562
1642420800000,-48.4121094
1642435200000,-69.8925781
1642449600000,-94.8925781
1642464000000,-88.7851562
1642478400000,-76.2675781
1642492800000,-96.9121094
1642507200000,-102.5
1642521600000,-76.3027344
1642536000000,-71.0722656
1642550400000,-104.392578
1642564800000,-86.5175781
1642579200000,-46.6425781
1642593600000,-52.25
1642608000000,-56.75
1642622400000,-39.1953125
1642636800000,-15.1621094
1642651200000,-0.732421875
1642665600000,48.8398438
1642680000000,81.5
1642694400000,3.4296875
1642708800000,-150.214844
1642723200000,-233.162109
1642737600000,-216.892578
1642752000000,-186.945312
1642766400000,-231.802734
1642780800000,-343.732422
1642795200000,-396.769531
1642809600000,-423.214844
1642824000000,-458.5
1642838400000,-491.892578
1642852800000,-530.892578
1642867200000,-567.017578
1642881600000,-573.982422
1642896000000,-461.767578
1642910400000,-280.392578
1642924800000,-234.429688
1642939200000,-282.232422
1642953600000,-238.125
1642968000000,-185.712891
1642982400000,-149.857422
1642996800000,-149.947266
1643011200000,-134.75
1643025600000,-16.2851562
1643040000000,89.9472656
1643054400000,134
1643068800000,104.482422
1643083200000,83.5351562
1643097600000,82.3203125
1643112000000,84.8398438
1643126400000,109.232422
1643140800000,152.445312
1643155200000,131.714844
1643169600000,136.375
1643184000000,209.589844
1643198400000,249.732422
1643212800000,229.837891
1643227200000,79.0722656
1643241600000,-30.5703125
1643256000000,-8.46484375
1643270400000,30.4648438
1643284800000,14.5175781
1643299200000,15.7675781
1643313600000,31.1972656
1643328000000,3.6953125
1643342400000,-39.9296875
1643356800000,-39.875
1643371200000,-36.2851562
1643385600000,-41.2851562
1643400000000,-5.3203125
1643414400000,42.1972656
1643428800000,108.195312
1643443200000,120.570312
1643457600000,91.1972656
1643472000000,95.9296875
1643486400000,115.462891
1643500800000,99.2128906
1643515200000,65.6972656
1643529600000,69.1074219
1643544000000,80.25
1643558400000,64.375
1643572800000,19.2148438
1643587200000,-28.4648438
1643601600000,-36.8398438
1643616000000,-19.9277344
1643630400000,20.0175781
1643644800000,57.7148438
1643659200000,58.875
1643673600000,35.5175781
1643688000000,27.3925781
1643702400000,32.6777344
1643716800000,24.2871094
1643731200000,36.5722656
1643745600000,64.0351562
1643760000000,50
1643774400000,65.4101562
1643788800000,64.5
1643803200000,22.125
1643817600000,-18.3046875
1643832000000,-85.5527344
1643846400000,-108.695312
1643860800000,-116.857422
1643875200000,-119.910156
1643889600000,-122.464844
1643904000000,-115.554688
1643918400000,-86.4824219
1643932800000,-68.8398438
1643947200000,-56.7128906
1643961600000,17.4296875
1643976000000,123.892578
1643990400000,226.732422
1644004800000,285.802734
1644019200000,299.857422
1644033600000,326.375
1644048000000,335.642578
1644062400000,340.357422
1644076800000,330.892578
1644091200000,335.927734
1644105600000,330.482422
1644120000000,305.429688
1644134400000,279.982422
1644148800000,269.464844
1644163200000,242.535156
1644177600000,177.052734
1644192000000,117.339844
1644206400000,88.1972656
1644220800000,132.462891
1644235200000,187.087891
1644249600000,173.839844
1644264000000,168.482422
1644278400000,218.75
1644292800000,215.142578
1644307200000,156.285156
1644321600000,119.875
1644336000000,145.464844
1644350400000,148.75
1644364800000,109.25
1644379200000,84.6074219
1644393600000,73.375
1644408000000,103.125
1644422400000,82.0722656
1644436800000,2.48242188
1644451200000,-7.25
1644465600000,33.1074219
1644480000000,26.5527344
1644494400000,16.5351562
1644508800000,14.0898438
1644523200000,11.3398438
1644537600000,-14.7148438
1644552000000,-24.875
1644566400000,-4.10742188
1644580800000,-39.9648438
1644595200000,-88.5351562
1644609600000,-131.625
1644624000000,-159.339844
1644638400000,-130.607422
1644652800000,-121.142578
1644667200000,-149.75
1644681600000,-176.857422
1644696000000,-175.410156
1644710400000,-114.75
1644724800000,-68.6074219
1644739200000,-57.9453125
1644753600000,-74.1601562
1644768000000,-105.394531
1644782400000,-88.5351562
1644796800000,-32.6054688
1644811200000,-8.98242188
1644825600000,10.3925781
1644840000000,6.85742188
1644854400000,4.92773438
1644868800000,47.6601562
1644883200000,86.1074219
1644897600000,126.035156
1644912000000,136.732422
1644926400000,117.75
1644940800000,124.607422
1644955200000,139.75
1644969600000,145.517578
1644984000000,157.5
1644998400000,126.802734
1645012800000,121.642578
1645027200000,121.857422
1645041600000,98.1796875
1645056000000,102.017578
1645070400000,35.5703125
1645084800000,-78.3574219
1645099200000,-173.357422
1645113600000,-241.392578
1645128000000,-250.087891
1645142400000,-257.070312
1645156800000,-274.25
1645171200000,-290.625
1645185600000,-297.037109
1645200000000,-270.037109
1645214400000,-274.712891
1645228800000,-275.605469
1645243200000,-262.732422
1645257600000,-274.75
1645272000000,-255.554688
1645286400000,-178.714844
1645300800000,-114.517578
1645315200000,-112.357422
1645329600000,-146.427734
1645344000000,-167.232422
1645358400000,-147.410156
1645372800000,-116.732422
1645387200000,-98.5546875
1645401600000,-70.9824219
1645416000000,-115.75
1645430400000,-142.267578
1645444800000,-112.945312
1645459200000,-167.232422
1645473600000,-226.644531
1645488000000,-239.892578
1645502400000,-200.535156
1645516800000,-117.695312
1645531200000,-45.7324219
1645545600000,-13.8398438
1645560000000,-27.4453125
1645574400000,-31.1972656
1645588800000,-13.25
1645603200000,-33.1777344
1645617600000,-26.8046875
1645632000000,-55.2675781
1645646400000,-169.927734
1645660800000,-175.339844
1645675200000,-102.75
1645689600000,-71.3925781
1645704000000,-37.3222656
1645718400000,13.375
1645732800000,51.6972656
1645747200000,41.1074219
1645761600000,46.2148438
1645776000000,81.25
1645790400000,42.2128906
1645804800000,21.625
1645819200000,87.9472656
1645833600000,133.392578
1645848000000,212.820312
1645862400000,283.427734
1645876800000,276.912109
1645891200000,250.607422
1645905600000,159.820312
1645920000000,62.1425781
1645934400000,36.5898438
1645948800000,51.3574219
1645963200000,-10.875
1645977600000,-102.982422
1645992000000,-94.2851562
1646006400000,-63.7304688
1646020800000,-68.7871094
1646035200000,20.25
1646049600000,143.144531
1646064000000,226.087891
1646078400000,280.480469
1646092800000,295
1646107200000,334.412109
1646121600000,351.642578
1646136000000,323.982422
1646150400000,331.269531
1646164800000,422.035156
1646179200000,465.695312
1646193600000,450.357422
1646208000000,431.929688
1646222400000,397.302734
1646236800000,301.875
1646251200000,182.197266
1646265600000,81.9453125
1646280000000,18.1953125
1646294400000,-25.25
1646308800000,-82.9277344
1646323200000,-91.75
1646337600000,-122.947266
1646352000000,-187.945312
1646366400000,-203.570312
1646380800000,-213.875
1646395200000,-273.037109
1646409600000,-334.447266
1646424000000,-345.25
1646438400000,-341.767578
1646452800000,-325.927734
1646467200000,-303.929688
1646481600000,-294.964844
1646496000000,-254.462891
1646510400000,-217.607422
1646524800000,-214.322266
1646539200000,-221.285156
1646553600000,-203.75
1646568000000,-198.195312
1646582400000,-187.875
1646596800000,-148.964844
1646611200000,-111
1646625600000,-69.2851562
1646640000000,-23.1074219
1646654400000,-63.0195312
1646668800000,-107.482422
1646683200000,-68.9453125
1646697600000,-56.7304688
1646712000000,-41.125
1646726400000,-37.6621094
1646740800000,-11.75
1646755200000,11.1074219
1646769600000,86.1425781
1646784000000,210.732422
1646798400000,273.822266
1646812800000,318.375
1646827200000,303.837891
1646841600000,240.125
1646856000000,226.287109
1646870400000,167.982422
1646884800000,58.1054688
1646899200000,36.5527344
1646913600000,38.7324219
1646928000000,44.25
1646942400000,26.6074219
1646956800000,11.7871094
1646971200000,-33.4824219
1646985600000,-143.554688
1647000000000,-218.125
1647014400000,-256.445312
1647028800000,-247.070312
1647043200000,-213
1647057600000,-162.679688
1647072000000,-67.0371094
1647086400000,-8.53515625
1647100800000,-15.9628906
1647115200000,-22.8398438
1647129600000,-21.6796875
1647144000000,-12.3027344
1647158400000,-5.73242188
1647172800000,-43.25
1647187200000,-84.0527344
1647201600000,-68.7675781
1647216000000,-8.8046875
1647230400000,6.5
1647244800000,-12.8203125
1647259200000,-15.3046875
1647273600000,12.625
1647288000000,12.7675781
1647302400000,-23.3398438
1647316800000,-32.6953125
1647331200000,-21.3398438
1647345600000,33.0703125
1647360000000,48.1445312
1647374400000,22.9472656
1647388800000,74.8554688
1647403200000,149.5
1647417600000,139.447266
1647432000000,125.25
1647446400000,149.5
1647460800000,157.607422
1647475200000,117.677734
1647489600000,109.857422
1647504000000,156.982422
1647518400000,164.267578
1647532800000,146.554688
1647547200000,96.5351562
1647561600000,74.4824219
1647576000000,90.4648438
1647590400000,93.625
1647604800000,102.945312
1647619200000,95.3554688
1647633600000,74.3046875
1647648000000,50.4296875
1647662400000,42.9101562
1647676800000,68.1953125
1647691200000,89.3046875
1647705600000,97.2695312
1647720000000,89.8203125
1647734400000,72.9101562
1647748800000,72.4296875
1647763200000,66.4277344
1647777600000,63.5175781
1647792000000,47.625
1647806400000,-31.3046875
1647820800000,-66.8027344
1647835200000,-43.1425781
1647849600000,-33.8925781
1647864000000,-33.3203125
1647878400000,-52.7871094
1647892800000,-26.1796875
1647907200000,7.78710938
1647921600000,37.1601562
1647936000000,62.5703125
1647950400000,49.6972656
1647964800000,59.8925781
1647979200000,60.25
1647993600000,54.1972656
1648008000000,73.5175781
1648022400000,97.375
1648036800000,88.3222656
1648051200000,94.0722656
1648065600000,113.625
1648080000000,128.587891
1648094400000,99.0703125
1648108800000,88.3046875
1648123200000,97.3046875
1648137600000,84.0527344
1648152000000,111.587891
1648166400000,117.197266
1648180800000,145.982422
1648195200000,169.767578
1648209600000,165.554688
1648224000000,146.267578
1648238400000,138.660156
1648252800000,136.375
1648267200000,116.642578
1648281600000,98.5527344
1648296000000,90.9648438
1648310400000,69.4648438
1648324800000,47.2851562
1648339200000,55.6074219
1648353600000,47.75
1648368000000,54.2851562
1648382400000,42.0898438
1648396800000,97.1796875
1648411200000,181.570312
1648425600000,189.070312
1648440000000,198.482422
1648454400000,206.142578
1648468800000,233.232422
1648483200000,234.322266
1648497600000,211.232422
1648512000000,207.035156
1648526400000,214.572266
1648540800000,210
1648555200000,208.820312
1648569600000,205.089844
1648584000000,185.392578
1648598400000,113.052734
1648612800000,29.5898438
1648627200000,15.4472656
1648641600000,-1.57226562
1648656000000,-20.7851562
1648670400000,-45.0351562
1648684800000,-31.1796875
1648699200000,-6.55273438
1648713600000,-39.3027344
1648728000000,-114.947266
1648742400000,-151.589844
1648756800000,-181.160156
1648771200000,-198.982422
1648785600000,-171.447266
1648800000000,-114.910156
1648814400000,-64.375
1648828800000,-65.7148438
1648843200000,-48.1777344
1648857600000,-32.5175781
1648872000000,-34.5175781
1648886400000,-49.4824219
1648900800000,-67.25
1648915200000,-59.4628906
1648929600000,-10.1074219
1648944000000,43.1425781
1648958400000,90.0351562
1648972800000,108.677734
1648987200000,96.8046875
1649001600000,43.125
1649016000000,-17.8574219
1649030400000,-17.3203125
1649044800000,-20.2324219
1649059200000,-51.3945312
1649073600000,-57.75
1649088000000,-11.8925781
1649102400000,28.5
1649116800000,50.5
1649131200000,58.625
1649145600000,4.375
1649160000000,-29.5546875
1649174400000,-40.1074219
1649188800000,-75.375
1649203200000,-84.1777344
1649217600000,-83.8027344
1649232000000,-114.267578
1649246400000,-157.392578
1649260800000,-173.429688
1649275200000,-181.785156
1649289600000,-206.517578
1649304000000,-215.732422
1649318400000,-224.285156
1649332800000,-239.554688
1649347200000,-201.517578
1649361600000,-170.267578
1649376000000,-149.125
1649390400000,-130.142578
1649404800000,-125.214844
1649419200000,-131.357422
1649433600000,-142.802734
1649448000000,-117.232422
1649462400000,-73.6074219
1649476800000,-55.7324219
1649491200000,-74.125
1649505600000,-86.625
1649520000000,-63.9824219
1649534400000,-41.6953125
1649548800000,-49.8925781
1649563200000,-60.3046875
1649577600000,-67.7675781
1649592000000,-38
1649606400000,-55.8222656
1649620800000,-75.2675781
1649635200000,-19.125
1649649600000,-45.2128906
1649664000000,-115.195312
1649678400000,-155.537109
1649692800000,-184.875
1649707200000,-197.285156
1649721600000,-192.732422
1649736000000,-178.857422
1649750400000,-173.892578
1649764800000,-209.464844
1649779200000,-217.375
1649793600000,-208.660156
1649808000000,-185.75
1649822400000,-158.820312
1649836800000,-127.929688
1649851200000,-41.8046875
1649865600000,20.0722656
1649880000000,68.1972656
1649894400000,110.625
1649908800000,105.625
1649923200000,35.7851562
1649937600000,-28.2871094
1649952000000,-29.8222656
1649966400000,23.2324219
1649980800000,37.4824219
1649995200000,10.9824219
1650009600000,15.9648438
1650024000000,31.75
1650038400000,-0.177734375
1650052800000,-43.3398438
1650067200000,-48.5546875
1650081600000,-58.9628906
1650096000000,-75.3027344
1650110400000,-68.0546875
1650124800000,-10.3925781
1650139200000,31.3046875
1650153600000,28.875
1650168000000,21.7128906
1650182400000,17.3554688
1650196800000,13.4472656
1650211200000,-20.8027344
1650225600000,-43.9824219
1650240000000,-75.7675781
1650254400000,-109.892578
1650268800000,-92.3925781
1650283200000,-31.25
1650297600000,35.4824219
1650312000000,42.9824219
1650326400000,27.5175781
1650340800000,26.6074219
1650355200000,58.2851562
1650369600000,76.6953125
1650384000000,71.2324219
1650398400000,72.8222656
1650412800000,95.125
1650427200000,140.482422
1650441600000,165.070312
1650456000000,162.642578
1650470400000,153.947266
1650484800000,111.357422
1650499200000,74.0351562
1650513600000,100.5
1650528000000,115.429688
1650542400000,71.9453125
1650556800000,-15.7675781
1650571200000,-68.3203125
1650585600000,-61.0722656
1650600000000,-56.875
1650614400000,-97.2324219
1650628800000,-160.822266
1650643200000,-148.517578
1650657600000,-117.892578
1650672000000,-125.232422
1650686400000,-137.982422
1650700800000,-148.464844
1650715200000,-169.945312
1650729600000,-192.802734
1650744000000,-148.322266
1650758400000,-77.9648438
1650772800000,-57.9101562
1650787200000,-69.6074219
1650801600000,-69.5722656
1650816000000,-30.7675781
1650830400000,-8.10742188
1650844800000,-53.9453125
1650859200000,-67.375
1650873600000,-43.9296875
1650888000000,0.6796875
1650902400000,44.7675781
1650916800000,50.5878906
1650931200000,69.2871094
1650945600000,66.375
1650960000000,-17.75
1650974400000,-91.0703125
1650988800000,-103.375
1651003200000,-103.572266
1651017600000,-60.6796875
1651032000000,-20.7851562
1651046400000,11.7148438
1651060800000,20.7324219
1651075200000,8.67773438
1651089600000,-23.1425781
1651104000000,-68.5
1651118400000,-68.1074219
1651132800000,-72.1953125
1651147200000,-59.1074219
1651161600000,24.7324219
1651176000000,87.8574219
1651190400000,98.9453125
1651204800000,68.4648438
1651219200000,11
1651233600000,-28.3945312
1651248000000,-39.6425781
1651262400000,-22.1953125
1651276800000,-28.0351562
1651291200000,-48.1972656
1651305600000,-60.1601562
1651320000000,-76
1651334400000,-108.162109
1651348800000,-134.267578
1651363200000,-132.767578
1651377600000,-119.945312
1651392000000,-95.9824219
1651406400000,-73.5371094
1651420800000,-53.0527344
1651435200000,-6.53515625
1651449600000,22.8398438
1651464000000,6.07226562
1651478400000,-2.14453125
1651492800000,0.8203125
1651507200000,0.787109375
1651521600000,3.64257812
1651536000000,34.5527344
1651550400000,51.375
1651564800000,31.75
1651579200000,5.32226562
1651593600000,-35.875
1651608000000,-20.5722656
1651622400000,14.75
1651636800000,19.4648438
1651651200000,16.0175781
1651665600000,51.1777344
1651680000000,82.6074219
1651694400000,77.6621094
1651708800000,80.1425781
1651723200000,73.4277344
1651737600000,-24.0527344
1651752000000,-140.839844
1651766400000,-146.035156
1651780800000,-109.892578
1651795200000,-93.1972656
1651809600000,-127.5
1651824000000,-175.464844
1651838400000,-203.910156
1651852800000,-214.625
1651867200000,-251.464844
1651881600000,-280.035156
1651896000000,-267.232422
1651910400000,-262.392578
1651924800000,-260.605469
1651939200000,-181.375
1651953600000,-115.464844
1651968000000,-132.679688
1651982400000,-128.392578
1651996800000,-132.125
1652011200000,-114.662109
1652025600000,-112.677734
1652040000000,-156.660156
1652054400000,-175.25
1652068800000,-184.75
1652083200000,-222.714844
1652097600000,-309.142578
1652112000000,-391.767578
1652126400000,-395.677734
1652140800000,-322.982422
1652155200000,-238.714844
1652169600000,-219.713867
1652184000000,-240.875
1652198400000,-242.446289
1652212800000,-240.339844
1652227200000,-243.071289
1652241600000,-195.178711
1652256000000,-165.411133
1652270400000,-227.625
1652284800000,-255.946289
1652299200000,-215.713867
1652313600000,-181.285156
1652328000000,-173.125
1652342400000,-184.678711
1652356800000,-207.321289
1652371200000,-194.303711
1652385600000,-114.928711
1652400000000,-62.6962891
1652414400000,-53.3212891
1652428800000,-32.375
1652443200000,-64.6074219
1652457600000,-114.036133
1652472000000,-53.6962891
1652486400000,21.1962891
1652500800000,40.625
1652515200000,65.75
1652529600000,77.5888672
1652544000000,79.4111328
1652558400000,81.2861328
1652572800000,70.125
1652587200000,20.1074219
1652601600000,-14.8925781
1652616000000,-12.0537109
1652630400000,28.6425781
1652644800000,44.25
1652659200000,20.6425781
1652673600000,26.2138672
1652688000000,24.125
1652702400000,28.4462891
1652716800000,57.125
1652731200000,75.2685547
1652745600000,48.625
1652760000000,33.3564453
1652774400000,33.8212891
1652788800000,7.01855469
1652803200000,10.625
1652817600000,-6.30371094
1652832000000,-73.0712891
1652846400000,-67.9824219
1652860800000,-39.4287109
1652875200000,-46.9462891
1652889600000,-59.5
1652904000000,-48.1425781
1652918400000,-37.4814453
1652932800000,-54.4648438
1652947200000,-30.1611328
1652961600000,-12.3564453
1652976000000,-6.39257812
1652990400000,9.21386719
1653004800000,-3.01855469
1653019200000,15.2324219
1653033600000,-5.82128906
1653048000000,-46.5185547
1653062400000,-11.3564453
1653076800000,7.39355469
1653091200000,25.1601562
1653105600000,28.9638672
1653120000000,15.6787109
1653134400000,10.8574219
1653148800000,-36.1611328
1653163200000,-56.625
1653177600000,-54.1425781
1653192000000,-42.1611328
1653206400000,-25.3037109
1653220800000,-33.0351562
1653235200000,23.8398438
1653249600000,73
1653264000000,75.9101562
1653278400000,85.4814453
1653292800000,75.4462891
1653307200000,27.4472656
1653321600000,-22.9101562
1653336000000,-21.5361328
1653350400000,-6.67871094
1653364800000,-2.69628906
1653379200000,-2.58886719
1653393600000,-18.625
1653408000000,-24
1653422400000,3.5
1653436800000,-11.6435547
1653451200000,-48.9462891
1653465600000,-56.5537109
1653480000000,-57.8037109
1653494400000,-58.8212891
1653508800000,-2.67871094
1653523200000,50.2148438
1653537600000,12.3574219
1653552000000,-11.0537109
1653566400000,2.48144531
1653580800000,-4.08984375
1653595200000,-20.6962891
1653609600000,-37.9638672
1653624000000,-70.4287109
1653638400000,-76.3925781
1653652800000,-48.7314453
1653667200000,-54.3037109
1653681600000,-63.1962891
1653696000000,-50.7861328
1653710400000,-59.9111328
1653724800000,-63.0712891
1653739200000,-25.625
1653753600000,-11.6425781
1653768000000,-27.0712891
1653782400000,-21.125
1653796800000,0.375
1653811200000,15.3925781
1653825600000,15.7851562
1653840000000,29.6787109
1653854400000,75.0898438
1653868800000,125.142578
1653883200000,138.053711
1653897600000,128.982422
1653912000000,128.428711
1653926400000,163.946289
1653940800000,196.731445
1653955200000,189.178711
1653969600000,190.536133
1653984000000,208.713867
1653998400000,195.517578
1654012800000,178.589844
1654027200000,182.036133
1654041600000,161.857422
1654056000000,117.303711
1654070400000,48.3388672
1654084800000,-16.4648438
1654099200000,-50.0888672
1654113600000,-63.3574219
1654128000000,-96.5537109
1654142400000,-120.910156
1654156800000,-106.232422
1654171200000,-101.321289
1654185600000,-109.982422
1654200000000,-96.7861328
1654214400000,-87.0712891
1654228800000,-114.838867
1654243200000,-138.125
1654257600000,-144.143555
1654272000000,-109.482422
1654286400000,-56.4101562
1654300800000,-23.5351562
1654315200000,-5.75
1654329600000,-5.875
1654344000000,-22.5537109
1654358400000,-30.8398438
1654372800000,-31.25
1654387200000,-47.9462891
1654401600000,-57.3574219
1654416000000,-45.6601562
1654430400000,-5.98144531
1654444800000,26.0712891
1654459200000,75.1962891
1654473600000,116.678711
1654488000000,122.517578
1654502400000,131.946289
1654516800000,130.786133
1654531200000,119.232422
1654545600000,51.3388672
1654560000000,-13.5537109
1654574400000,-18.8388672
1654588800000,0.821289062
1654603200000,57.2314453
1654617600000,89.4101562
1654632000000,39.8574219
1654646400000,22.0537109
1654660800000,-6.46386719
1654675200000,-58.8037109
1654689600000,-73.9287109
1654704000000,-92.9638672
1654718400000,-90.3574219
1654732800000,-74.0537109
1654747200000,-5.125
1654761600000,52.6425781
1654776000000,43.5712891
1654790400000,24.6074219
1654804800000,-26.9638672
1654819200000,-72.9462891
1654833600000,-38.6962891
1654848000000,-39.6074219
1654862400000,-91.375
1654876800000,-101.963867
1654891200000,-81.3398438
1654905600000,-62.4824219
1654920000000,-87.2675781
1654934400000,-130.75
1654948800000,-135.767578
1654963200000,-128.607422
1654977600000,-155.947266
1654992000000,-176.410156
1655006400000,-183.25
1655020800000,-165.411133
1655035200000,-163.427734
1655049600000,-196.553711
1655064000000,-227.572266
1655078400000,-277.285156
1655092800000,-352.463867
1655107200000,-415.928711
1655121600000,-414.5
1655136000000,-409.661133
1655150400000,-443.357422
1655164800000,-429.356445
1655179200000,-396.231445
1655193600000,-375.428711
1655208000000,-365.125
1655222400000,-400.642578
1655236800000,-425.661133
1655251200000,-422
1655265600000,-363.517578
1655280000000,-274.964844
1655294400000,-193.928711
1655308800000,-97.4462891
1655323200000,-58.9111328
1655337600000,-60.3574219
1655352000000,-63.1601562
1655366400000,-102.356445
1655380800000,-103.911133
1655395200000,-121.286133
1655409600000,-146.875
1655424000000,-102.267578
1655438400000,-53.8574219
1655452800000,-18.4648438
1655467200000,-24.875
1655481600000,-57.0537109
1655496000000,-75.9277344
1655510400000,-161.285156
1655524800000,-225.178711
1655539200000,-206.392578
1655553600000,-207.303711
1655568000000,-181.536133
1655582400000,-166.589844
1655596800000,-166.392578
1655611200000,-98.8564453
1655625600000,-69.2861328
1655640000000,-75.6074219
1655654400000,-33.8574219
1655668800000,-22.5175781
1655683200000,-32.9277344
1655697600000,-1.16113281
1655712000000,69.0712891
1655726400000,86.4111328
1655740800000,88.1064453
1655755200000,149.5
1655769600000,167.822266
1655784000000,171.463867
1655798400000,205.427734
1655812800000,153.661133
1655827200000,75.4648438
1655841600000,39.4287109
1655856000000,-9.73242188
1655870400000,2.16015625
1655884800000,19.0361328
1655899200000,-24.2675781
1655913600000,-53.9824219
1655928000000,-24.8037109
1655942400000,0.732421875
1655956800000,-2.91113281
1655971200000,-26.0712891
1655985600000,-28.875
1656000000000,-11.5
1656014400000,-3.21386719
1656028800000,13.125
1656043200000,36.9111328
1656057600000,59.0527344
1656072000000,55.2314453
1656086400000,68.1435547
1656100800000,83.8935547
1656115200000,96.9101562
1656129600000,94.9101562
1656144000000,58.8398438
1656158400000,38.9462891
1656172800000,61.6064453
1656187200000,59.7148438
1656201600000,28.9287109
1656216000000,33.1601562
1656230400000,38.2861328
1656244800000,19.8935547
1656259200000,10.1962891
1656273600000,3.07128906
1656288000000,2.05371094
1656302400000,5
1656316800000,-26.75
1656331200000,-44.375
1656345600000,-25.5537109
1656360000000,-25.5185547
1656374400000,-39.3212891
1656388800000,-37.8027344
1656403200000,-44.2675781
1656417600000,-80.9111328
1656432000000,-90.1074219
1656446400000,-74.0175781
1656460800000,-70.9824219
1656475200000,-73.0537109
1656489600000,-84.8212891
1656504000000,-85.4824219
1656518400000,-62.1787109
1656532800000,-51.2851562
1656547200000,-74.8925781
1656561600000,-105.089844
1656576000000,-120.482422
1656590400000,-136.178711
1656604800000,-97.4638672
1656619200000,-42.3564453
1656633600000,-44.2148438
1656648000000,-64.4648438
1656662400000,-67.5
1656676800000,-53.9824219
1656691200000,-54.0537109
1656705600000,-67.3027344
1656720000000,-74.375
1656734400000,-66.8398438
1656748800000,-38.8212891
1656763200000,-1.44628906
1656777600000,9.46484375
1656792000000,15.6425781
1656806400000,-16.9287109
1656820800000,-51.4814453
1656835200000,-41.2148438
1656849600000,-7.69726562
1656864000000,11.8398438
1656878400000,-9.35644531
1656892800000,-15.4648438
1656907200000,18.7314453
1656921600000,48.2685547
1656936000000,47.125
1656950400000,58.9101562
1656964800000,73.1074219
1656979200000,71.7861328
1656993600000,43.75
1657008000000,22.8212891
1657022400000,60.6787109
1657036800000,87.25
1657051200000,56.375
1657065600000,46.5712891
1657080000000,66.1962891
1657094400000,72.0712891
1657108800000,55.0898438
1657123200000,46.1435547
1657137600000,50.5888672
1657152000000,30.7675781
1657166400000,14.7675781
1657180800000,31.5888672
1657195200000,106.946289
1657209600000,158.143555
1657224000000,137.536133
1657238400000,120.375
1657252800000,117
1657267200000,122.785156
1657281600000,125.625
1657296000000,113.553711
1657310400000,98.2138672
1657324800000,85.1425781
1657339200000,73.6611328
1657353600000,74.7861328
1657368000000,80.3212891
1657382400000,65.4462891
1657396800000,6.57128906
1657411200000,-29
1657425600000,-39.8925781
1657440000000,-61.7675781
1657454400000,-55.625
1657468800000,-62.5185547
1657483200000,-84.3388672
1657497600000,-86.5712891
1657512000000,-82
1657526400000,-84.3037109
1657540800000,-77.1611328
1657555200000,-90.8027344
1657569600000,-117.536133
1657584000000,-126.857422
1657598400000,-121.017578
1657612800000,-106.642578
1657627200000,-120.625
1657641600000,-124.786133
1657656000000,-108.267578
1657670400000,-93.2138672
1657684800000,-66.625
1657699200000,-60.5361328
1657713600000,-64.6611328
1657728000000,-36.5712891
1657742400000,-17.1064453
1657756800000,-8.83984375
1657771200000,-6
1657785600000,16.2148438
1657800000000,53.1962891
1657814400000,55.2138672
1657828800000,69.1064453
1657843200000,97.4462891
1657857600000,100.357422
1657872000000,85.9111328
1657886400000,87
1657900800000,97.4111328
1657915200000,88.9111328
1657929600000,50.8925781
1657944000000,25.8925781
1657958400000,48.4638672
1657972800000,86.5175781
1657987200000,81.6435547
1658001600000,55.5361328
1658016000000,57.8027344
1658030400000,62.1074219
1658044800000,42.9472656
1658059200000,22.0712891
1658073600000,9.5
1658088000000,4.33886719
1658102400000,55
1658116800000,100.625
1658131200000,126.177734
1658145600000,112.446289
1658160000000,89.875
1658174400000,79.1074219
1658188800000,45.8037109
1658203200000,43.3574219
1658217600000,82.9287109
1658232000000,129.231445
1658246400000,149.214844
1658260800000,166.053711
1658275200000,178.981445
1658289600000,180.411133
1658304000000,156.518555
1658318400000,123.5
1658332800000,74.3212891
1658347200000,61.0712891
1658361600000,59.2314453
1658376000000,43.2861328
1658390400000,56.8935547
1658404800000,75.3564453
1658419200000,44.3564453
1658433600000,-16.75
1658448000000,-27.3388672
1658462400000,-3.83886719
1658476800000,2.875
1658491200000,-44.5537109
1658505600000,-94.4111328
1658520000000,-83.9287109
1658534400000,-46.7138672
1658548800000,-35.4638672
1658563200000,-44.8388672
1658577600000,-37.3037109
1658592000000,-19.0898438
1658606400000,-38.125
1658620800000,-46.9287109
1658635200000,-25.1611328
1658649600000,-18.3037109
1658664000000,-41.6787109
1658678400000,-58
1658692800000,-50.9462891
1658707200000,-51.1064453
1658721600000,-56.5
1658736000000,-62.1787109
1658750400000,-43.6962891
1658764800000,-44.9111328
1658779200000,-73.3925781
1658793600000,-90.3037109
1658808000000,-93.9287109
1658822400000,-114.25
1658836800000,-132.017578
1658851200000,-119.838867
1658865600000,-115.75
1658880000000,-101.982422
1658894400000,-67.6962891
1658908800000,-39.125
1658923200000,14.6962891
1658937600000,67.7861328
1658952000000,82.5175781
1658966400000,102.803711
1658980800000,128.892578
1658995200000,166.928711
1659009600000,192.875
1659024000000,207.481445
1659038400000,218
1659052800000,203.786133
1659067200000,191.196289
1659081600000,190.213867
1659096000000,192.322266
1659110400000,176.786133
1659124800000,116.963867
1659139200000,70.1601562
1659153600000,62.3037109
1659168000000,85.9287109
1659182400000,85.6601562
1659196800000,25.4462891
1659211200000,-5.17773438
1659225600000,-6.375
1659240000000,-8.55371094
1659254400000,-9.96386719
1659268800000,-1.64355469
1659283200000,-21.1425781
1659297600000,-44.3925781
1659312000000,-34.8037109
1659326400000,-36.6962891
1659340800000,-40.7324219
1659355200000,-55.4638672
1659369600000,-80.5537109
1659384000000,-83.0537109
1659398400000,-65.1962891
1659412800000,-58
1659427200000,-57.2138672
1659441600000,-57.1787109
1659456000000,-59.375
1659470400000,-63.8037109
1659484800000,-46.6435547
1659499200000,-10.1962891
1659513600000,2.35742188
1659528000000,9.625
1659542400000,-9.625
1659556800000,-13.3925781
1659571200000,-6.51757812
1659585600000,-10.1787109
1659600000000,2.25
1659614400000,-14.4111328
1659628800000,-28.4462891
1659643200000,-4.55371094
1659657600000,15.6064453
1659672000000,26.7861328
1659686400000,19.4111328
1659700800000,-17.2675781
1659715200000,-19.1425781
1659729600000,-12.4648438
1659744000000,2.91015625
1659758400000,15.7675781
1659772800000,11.5361328
1659787200000,20.125
1659801600000,12.0351562
1659816000000,20.75
1659830400000,33.75
1659844800000,9.39355469
1659859200000,-10.75
1659873600000,-15.1435547
1659888000000,-2.48144531
1659902400000,19.8935547
1659916800000,31.3925781
1659931200000,53.7138672
1659945600000,64.125
1659960000000,56.0898438
1659974400000,49.1425781
1659988800000,44.2851562
1660003200000,55.3037109
1660017600000,42.1074219
1660032000000,11.625
1660046400000,3.19628906
1660060800000,5.71484375
1660075200000,-5.57128906
1660089600000,-17.5361328
1660104000000,-13.7861328
1660118400000,0.107421875
1660132800000,-12.3564453
1660147200000,-20.3398438
1660161600000,12.75
1660176000000,36.4824219
1660190400000,48.6601562
1660204800000,43.7138672
1660219200000,52.1962891
1660233600000,65.9111328
1660248000000,65.1074219
1660262400000,63.2324219
1660276800000,57.8574219
1660291200000,64.7851562
1660305600000,74
1660320000000,52.0185547
1660334400000,56.0175781
1660348800000,63.9462891
1660363200000,26.2675781
1660377600000,6.83886719
1660392000000,-3.19628906
1660406400000,-3.32128906
1660420800000,14.5537109
1660435200000,45.4111328
1660449600000,52.5712891
1660464000000,38.8212891
1660478400000,41.7324219
1660492800000,33.625
1660507200000,36.0351562
1660521600000,10.9814453
1660536000000,-40.8212891
1660550400000,-39.9277344
1660564800000,-29.4101562
1660579200000,-32.2148438
1660593600000,-26.625
1660608000000,-23.9462891
1660622400000,-32.1611328
1660636800000,-54.5
1660651200000,-57.3574219
1660665600000,-45.9287109
1660680000000,-33.9638672
1660694400000,-29.125
1660708800000,-59.3925781
1660723200000,-63.3925781
1660737600000,-50.8398438
1660752000000,-60.1074219
1660766400000,-51.5888672
1660780800000,-44.0888672
1660795200000,-44.5898438
1660809600000,-42.3212891
1660824000000,-46.8027344
1660838400000,-49.7861328
1660852800000,-66.9111328
1660867200000,-111.375
1660881600000,-160.392578
1660896000000,-174.303711
1660910400000,-169.839844
1660924800000,-177.713867
1660939200000,-167.267578
1660953600000,-148.143555
1660968000000,-150.875
1660982400000,-153.427734
1660996800000,-165.625
1661011200000,-173.286133
1661025600000,-159.036133
1661040000000,-145.875
1661054400000,-114.142578
1661068800000,-61.9638672
1661083200000,-15.5175781
1661097600000,4.625
1661112000000,6.25
1661126400000,13.1777344
1661140800000,13.6787109
1661155200000,7.39355469
1661169600000,-2.89355469
1661184000000,-3.03613281
1661198400000,12.125
1661212800000,14.8574219
1661227200000,14.8935547
1661241600000,16.8037109
1661256000000,7.89257812
1661270400000,3.57128906
1661284800000,-5.21386719
1661299200000,-16.375
1661313600000,-6.46484375
1661328000000,19.6074219
1661342400000,34.8925781
1661356800000,15
1661371200000,13.4111328
1661385600000,26.9814453
1661400000000,29.7861328
1661414400000,26.75
1661428800000,14.625
1661443200000,8.625
1661457600000,4.66015625
1661472000000,-1.05371094
1661486400000,-4.92871094
1661500800000,-21.4814453
1661515200000,-47.7675781
1661529600000,-78
1661544000000,-102.875
1661558400000,-92.9111328
1661572800000,-84.1611328
1661587200000,-107.625
1661601600000,-123.642578
1661616000000,-115.5
1661630400000,-112.25
1661644800000,-111.588867
1661659200000,-108.517578
1661673600000,-105.661133
1661688000000,-94.875
1661702400000,-87.1787109
1661716800000,-70.9462891
1661731200000,-39.7675781
1661745600000,-25.9462891
1661760000000,-13.9638672
1661774400000,-4.10742188
1661788800000,7.10644531
1661803200000,19.8388672
1661817600000,23.0898438
1661832000000,29.0898438
1661846400000,4.32128906
1661860800000,-13.2685547
1661875200000,-10.1962891
1661889600000,8.08984375
1661904000000,40.3037109
1661918400000,40.625
1661932800000,24.8027344
1661947200000,23.3574219
1661961600000,7.125
1661976000000,-10.1435547
1661990400000,-17.0175781
1662004800000,-20.9638672
1662019200000,-30.1425781
1662033600000,-42.3037109
1662048000000,-5.46484375
1662062400000,21
1662076800000,18.1787109
1662091200000,-0.625
1662105600000,-7.46386719
1662120000000,-10.4638672
1662134400000,-21.1611328
1662148800000,-18.4824219
1662163200000,-19.7851562
1662177600000,-16.0175781
1662192000000,-12.2685547
1662206400000,-17.5722656
1662220800000,-11.3027344
1662235200000,-2.05273438
1662249600000,-21.7685547
1662264000000,-29.1972656
1662278400000,-22.6064453
1662292800000,-18.5527344
1662307200000,-19.8935547
1662321600000,-13.5361328
1662336000000,-8.05371094
1662350400000,-14.4111328
1662364800000,-6.10644531
1662379200000,-2.07128906
1662393600000,-2.14355469
1662408000000,3.625
1662422400000,5.33984375
1662436800000,8.21484375
1662451200000,12.25
1662465600000,-29.7324219
1662480000000,-72.5712891
1662494400000,-76.6962891
1662508800000,-83.5361328
1662523200000,-84.0898438
1662537600000,-72.6787109
1662552000000,-56.5351562
1662566400000,-45
1662580800000,-37.4462891
1662595200000,-39.8388672
1662609600000,-39.3212891
1662624000000,-40.625
1662638400000,-43.9287109
1662652800000,-38.3574219
1662667200000,22.125
1662681600000,106.267578
1662696000000,144.696289
1662710400000,166.607422
1662724800000,179.392578
1662739200000,180.696289
1662753600000,172.036133
1662768000000,153.643555
1662782400000,144.946289
1662796800000,147.642578
1662811200000,154.928711
1662825600000,167.125
1662840000000,164.392578
1662854400000,160.607422
1662868800000,141.536133
1662883200000,95.5888672
1662897600000,60.5
1662912000000,44.6787109
1662926400000,33.4277344
1662940800000,42.7851562
1662955200000,65.3398438
1662969600000,65.4824219
1662984000000,70.375
1662998400000,82.4648438
1663012800000,65.2851562
1663027200000,45.8388672
1663041600000,57.75
1663056000000,7.39257812
1663070400000,-75.3925781
1663084800000,-100.303711
1663099200000,-99.6074219
1663113600000,-103.5
1663128000000,-107.927734
1663142400000,-123.410156
1663156800000,-156.625
1663171200000,-151.714844
1663185600000,-153.072266
1663200000000,-164.125
1663214400000,-153.196289
1663228800000,-165.677734
1663243200000,-189.356445
1663257600000,-138.822266
1663272000000,-59.5537109
1663286400000,-34.4101562
1663300800000,-31.2685547
1663315200000,-37.125
1663329600000,-42.75
1663344000000,-35.3574219
1663358400000,-16.0712891
1663372800000,-16.2851562
1663387200000,-21.6425781
1663401600000,-16.6435547
1663416000000,-13.8388672
1663430400000,8.80371094
1663444800000,21.5712891
1663459200000,20.1074219
1663473600000,18.75
1663488000000,8.71386719
1663502400000,-2.92871094
1663516800000,-13.9101562
1663531200000,-38.8925781
1663545600000,-77.7685547
1663560000000,-90.375
1663574400000,-69.8212891
1663588800000,-37.4472656
1663603200000,-25.4814453
1663617600000,-37.875
1663632000000,-49.8222656
1663646400000,-54.8925781
1663660800000,-56.9814453
1663675200000,-62.3388672
1663689600000,-66.3574219
1663704000000,-58
1663718400000,-41.5361328
1663732800000,-2.58984375
1663747200000,40.1972656
1663761600000,37.5898438
1663776000000,-10.9648438
1663790400000,-52.0537109
1663804800000,-51.2675781
1663819200000,-26.4648438
1663833600000,-18.2861328
1663848000000,-10.2675781
1663862400000,9.30371094
1663876800000,20.1425781
1663891200000,26.4287109
1663905600000,6.41113281
1663920000000,-14.3037109
1663934400000,-21.0888672
1663948800000,-9.41015625
1663963200000,7.85644531
1663977600000,23.5712891
1663992000000,32.1787109
1664006400000,19.875
1664020800000,2.33984375
1664035200000,-6.67871094
1664049600000,-11.375
1664064000000,-20.0537109
1664078400000,-20.5185547
1664092800000,-17.9287109
1664107200000,-6.07128906
1664121600000,5.73242188
1664136000000,5.58984375
1664150400000,-11.2675781
1664164800000,-22.3037109
1664179200000,-4.42871094
1664193600000,9.92871094
1664208000000,9.28515625
1664222400000,39.375
1664236800000,80.5185547
1664251200000,87.1777344
1664265600000,70.3564453
1664280000000,26.7324219
1664294400000,1.57128906
1664308800000,-3.26757812
1664323200000,-7.21386719
1664337600000,2.10742188
1664352000000,23.5712891
1664366400000,44.2314453
1664380800000,34.3925781
1664395200000,21.2861328
1664409600000,15.3037109
1664424000000,-18.0175781
1664438400000,-54.6787109
1664452800000,-61.5
1664467200000,-40.2138672
1664481600000,0.75
1664496000000,29.0537109
1664510400000,42.4101562
1664524800000,59.25
1664539200000,53.1425781
1664553600000,16.1425781
1664568000000,-6.98144531
1664582400000,-8.10742188
1664596800000,-10.5537109
1664611200000,-8.01757812
1664625600000,-8.16113281
1664640000000,-6.33886719
1664654400000,-2.60644531
1664668800000,-14.3037109
1664683200000,-18.1787109
1664697600000,-22.3574219
1664712000000,-21.625
1664726400000,-31.4462891
1664740800000,-35.9111328
1664755200000,-18.875
1664769600000,-13.7675781
1664784000000,-5.05371094
1664798400000,9.25
1664812800000,19.2861328
1664827200000,22.9101562
1664841600000,35.5537109
1664856000000,45.8935547
1664870400000,51.6425781
1664884800000,66.0537109
1664899200000,79.625
1664913600000,76.2138672
1664928000000,75.3037109
1664942400000,72.6074219
1664956800000,59.7314453
1664971200000,60
1664985600000,60.5898438
1665000000000,58.5
1665014400000,50
1665028800000,43.9638672
1665043200000,24.5712891
1665057600000,4.32128906
1665072000000,-2.19628906
1665086400000,-13.375
1665100800000,-23.1787109
1665115200000,-21.3564453
1665129600000,-29.8212891
1665144000000,-43.5185547
1665158400000,-37.5361328
1665172800000,-39.1601562
1665187200000,-45.7675781
1665201600000,-52.8398438
1665216000000,-55.3388672
1665230400000,-54.2314453
1665244800000,-49.1787109
1665259200000,-44.2861328
1665273600000,-42.875
1665288000000,-38.3388672
1665302400000,-32.5898438
1665316800000,-33.2148438
1665331200000,-24
1665345600000,-5.19628906
1665360000000,-4.55371094
1665374400000,-10.2324219
1665388800000,-14.2314453
1665403200000,-19.9462891
1665417600000,-24.6435547
1665432000000,-27.9287109
1665446400000,-27.3027344
1665460800000,-19.8212891
1665475200000,-17
1665489600000,-26.5351562
1665504000000,-34.3037109
1665518400000,-32.2861328
1665532800000,-27.1435547
1665547200000,-23.9111328
1665561600000,-21.4814453
1665576000000,-16.5527344
1665590400000,-11.0537109
1665604800000,-8.66113281
1665619200000,-8.85742188
1665633600000,-14.7861328
1665648000000,-14.9638672
1665662400000,3.28613281
1665676800000,16.1064453
1665691200000,37.8212891
1665705600000,50.375
1665720000000,40.5898438
1665734400000,28.6972656
1665748800000,10.9462891
1665763200000,3.10644531
1665777600000,3.58886719
1665792000000,3.05371094
1665806400000,3.58984375
1665820800000,7.375
1665835200000,16.8925781
1665849600000,16.625
1665864000000,-4.82128906
1665878400000,-17.75
1665892800000,-32.6962891
1665907200000,-41.3574219
1665921600000,-25.3037109
1665936000000,-11.375
1665950400000,-2.82128906
1665964800000,5.16113281
1665979200000,13.3564453
1665993600000,21.8037109
1666008000000,25.5361328
1666022400000,27.3388672
1666036800000,30.8925781
1666051200000,37.6787109
1666065600000,37.375
1666080000000,24.3574219
1666094400000,11.125
1666108800000,8.76757812
1666123200000,2.875
1666137600000,-4.64257812
1666152000000,-1
1666166400000,-0.678710938
1666180800000,-9
1666195200000,-22.5175781
1666209600000,-31.7851562
1666224000000,-31.6787109
1666238400000,-26.7324219
1666252800000,-27.1425781
1666267200000,-32.4648438
1666281600000,-29.1435547
1666296000000,-17.7851562
1666310400000,-17.0712891
1666324800000,-23.1074219
1666339200000,-14.3574219
1666353600000,-2.625
1666368000000,-4.39257812
1666382400000,-6.75
1666396800000,-1.42871094
1666411200000,6.32128906
1666425600000,8.33984375
1666440000000,2.83984375
1666454400000,-2.39355469
1666468800000,2.875
1666483200000,8.78613281
1666497600000,8
1666512000000,9.85742188
1666526400000,25.8564453
1666540800000,34.3564453
1666555200000,21.9648438
1666569600000,13.3037109
1666584000000,15.4824219
1666598400000,14.6611328
1666612800000,10.8388672
1666627200000,9.19628906
1666641600000,8.875
1666656000000,9.16113281
1666670400000,7.14257812
1666684800000,24.375
1666699200000,61.0537109
1666713600000,72.0712891
1666728000000,58.9648438
1666742400000,55.0175781
1666756800000,71.2851562
1666771200000,97.6425781
1666785600000,102.357422
1666800000000,100.375
1666814400000,102.875
1666828800000,99.9824219
1666843200000,95.1962891
1666857600000,90.5175781
1666872000000,92.2138672
1666886400000,67.2148438
1666900800000,20.2861328
1666915200000,0.53515625
1666929600000,-2.73242188
1666944000000,1.76855469
1666958400000,4.73242188
1666972800000,-8.64355469
1666987200000,-9.28613281
1667001600000,-0.375
1667016000000,-1.83886719
1667030400000,5.96484375
1667044800000,15.7675781
1667059200000,17.3212891
1667073600000,14.8574219
1667088000000,25.0888672
1667102400000,37.0537109
1667116800000,38.8935547
1667131200000,38.3574219
1667145600000,22.2675781
1667160000000,2.17773438
1667174400000,-4.85742188
1667188800000,-2.57128906
1667203200000,-14.3574219
1667217600000,-25.4287109
1667232000000,-27.8027344
1667246400000,-28.9277344
1667260800000,-21.4472656
1667275200000,-17.8037109
1667289600000,-24.0527344
1667304000000,-26.4111328
1667318400000,-19.375
1667332800000,-12.3388672
1667347200000,-12.0537109
1667361600000,-10.6962891
1667376000000,-8.60742188
1667390400000,-22.2861328
1667404800000,-26.0537109
1667419200000,-11.0361328
1667433600000,-9.01757812
1667448000000,-19.5175781
1667462400000,-24.7675781
1667476800000,-21.5
1667491200000,-17.7148438
1667505600000,-13
1667520000000,0.161132812
1667534400000,6.10742188
1667548800000,16.0712891
1667563200000,38.9638672
1667577600000,50.6787109
1667592000000,69.0712891
1667606400000,86.7314453
1667620800000,83.2685547
1667635200000,74.875
1667649600000,78.7851562
1667664000000,80.6972656
1667678400000,72.7685547
1667692800000,70.5
1667707200000,68.6601562
1667721600000,55.875
1667736000000,45.7148438
1667750400000,25.7314453
1667764800000,-4.28613281
1667779200000,-25.4462891
1667793600000,-44.0361328
1667808000000,-47.5351562
1667822400000,-42.1425781
1667836800000,-45.2861328
1667851200000,-67.375
1667865600000,-96.1425781
1667880000000,-108.803711
1667894400000,-114.589844
1667908800000,-166.428711
1667923200000,-203.035156
1667937600000,-199.802734
1667952000000,-199.464844
1667966400000,-207.661133
1667980800000,-237.892578
1667995200000,-268.536133
1668009600000,-317.017578
1668024000000,-336.963867
1668038400000,-302.25
1668052800000,-280.732422
1668067200000,-221.714844
1668081600000,-163.267578
1668096000000,-152.375
1668110400000,-115.375
1668124800000,-87.3388672
1668139200000,-78.1425781
1668153600000,-85.6425781
1668168000000,-85.0898438
1668182400000,-38.6787109
1668196800000,0.803710938
1668211200000,35.8564453
1668225600000,50.5361328
1668240000000,26.4824219
1668254400000,30.8212891
1668268800000,-3.55371094
1668283200000,-45.1074219
1668297600000,-48.1787109
1668312000000,-42.7675781
1668326400000,-42.5
1668340800000,-56.5361328
1668355200000,-46
1668369600000,-43.2851562
1668384000000,-32.6601562
1668398400000,-13.5537109
1668412800000,-12.5361328
1668427200000,-28.3212891
1668441600000,-32.1962891
1668456000000,-13.7685547
1668470400000,-1.57128906
1668484800000,-2.82128906
1668499200000,4.01757812
1668513600000,15.3212891
1668528000000,18.9111328
1668542400000,26.5185547
1668556800000,33.3388672
1668571200000,39.5888672
1668585600000,8.33984375
1668600000000,-18.75
1668614400000,-3.14355469
1668628800000,12.9111328
1668643200000,10.5185547
1668657600000,-6.375
1668672000000,-17.3037109
1668686400000,-16.125
1668700800000,-15.4824219
1668715200000,-9.78613281
1668729600000,-4.82128906
1668744000000,-12.5888672
1668758400000,-12.8388672
1668772800000,-7.01855469
1668787200000,7.66015625
1668801600000,11.9111328
1668816000000,0.642578125
1668830400000,3.53613281
1668844800000,6.57226562
1668859200000,2.05273438
1668873600000,6.69628906
1668888000000,7.73242188
1668902400000,2.46386719
1668916800000,-11.0537109
1668931200000,-17.4101562
1668945600000,-11.4638672
1668960000000,-20.0361328
1668974400000,-35.3212891
1668988800000,-45.0361328
1669003200000,-43.4287109
1669017600000,-36.9101562
1669032000000,-51.6074219
1669046400000,-65.4106445
1669060800000,-59.4106445
1669075200000,-61.4111328
1669089600000,-66.125
1669104000000,-50.25
1669118400000,-30.4106445
1669132800000,-26.1606445
1669147200000,-13.9287109
1669161600000,9.05371094
1669176000000,27.7143555
1669190400000,32.3393555
1669204800000,28.4462891
1669219200000,31.3037109
1669233600000,52.7680664
1669248000000,65.6782227
1669262400000,56.625
1669276800000,55.0175781
1669291200000,57.8925781
1669305600000,42.625
1669320000000,25.5
1669334400000,21.1435547
1669348800000,7.67871094
1669363200000,-3.41113281
1669377600000,-3.98242188
1669392000000,1.48242188
1669406400000,8.5
1669420800000,4.375
1669435200000,-5.57128906
1669449600000,-8.41113281
1669464000000,-6.60644531
1669478400000,-6.66015625
1669492800000,-4.96484375
1669507200000,-1.98242188
1669521600000,1.66113281
1669536000000,6.35742188
1669550400000,5.33886719
1669564800000,-1.25
1669579200000,-14.6601562
1669593600000,-22.7148438
1669608000000,-24.6074219
1669622400000,-28.625
1669636800000,-26.8925781
1669651200000,-22.3745117
1669665600000,-17.4291992
1669680000000,-7.26806641
1669694400000,-1.66064453
1669708800000,-8.26806641
1669723200000,-11.5175781
1669737600000,-9.60693359
1669752000000,5.55322266
1669766400000,26.7319336
1669780800000,41.7319336
1669795200000,48.6069336
1669809600000,53.5361328
1669824000000,65.8935547
1669838400000,68.5175781
1669852800000,63.4287109
1669867200000,60.4111328
1669881600000,48.8388672
1669896000000,36.2851562
1669910400000,38.4287109
1669924800000,38.5898438
1669939200000,36.0888672
1669953600000,24.0712891
1669968000000,7.58984375
1669982400000,6.64257812
1669996800000,12.7675781
1670011200000,7.41113281
1670025600000,-7.55371094
1670040000000,-13.2861328
1670054400000,-10.6962891
1670068800000,-9.55371094
1670083200000,-8.76757812
1670097600000,-3.21386719
1670112000000,0.731445312
1670126400000,2.30371094
1670140800000,4.125
1670155200000,5.83886719
1670169600000,9.03613281
1670184000000,12.7861328
1670198400000,14.4111328
1670212800000,17.2675781
1670227200000,13.75
1670241600000,2.75
1670256000000,-0.5
1670270400000,2.23242188
1670284800000,5.75
1670299200000,5.125
1670313600000,0.75
1670328000000,1.05371094
1670342400000,3.55273438
1670356800000,-0.0185546875
1670371200000,-14.2138672
1670385600000,-26.1425781
1670400000000,-30.5537109
1670414400000,-33.7324219
1670428800000,-26.0712891
1670443200000,-11.6601562
1670457600000,-8.51757812
1670472000000,-10.8037109
1670486400000,-8.28613281
1670500800000,6.25
1670515200000,17.8037109
1670529600000,16.1962891
1670544000000,12
1670558400000,12.0175781
1670572800000,22.4111328
1670587200000,27.2324219
1670601600000,22.7138672
1670616000000,21.9111328
1670630400000,23.1074219
1670644800000,23.1064453
1670659200000,25.6064453
1670673600000,25.0185547
1670688000000,18.4648438
1670702400000,3.73144531
1670716800000,-5.17871094
1670731200000,-2.73144531
1670745600000,-2.94628906
1670760000000,-4.03613281
1670774400000,-5.5
1670788800000,-11.7675781
1670803200000,-15.8925781
1670817600000,-13.0537109
1670832000000,-10.875
1670846400000,-9.44628906
1670860800000,-4.21484375
1670875200000,-0.75
1670889600000,0.428710938
1670904000000,11.8925781
1670918400000,31.3037109
1670932800000,41.3925781
1670947200000,42.8037109
1670961600000,44.0722656
1670976000000,48.1064453
1670990400000,58.4277344
1671004800000,72.4111328
1671019200000,68.7861328
1671033600000,57.5175781
1671048000000,53.3037109
1671062400000,42.2685547
1671076800000,39.0537109
1671091200000,31.0888672
1671105600000,9.76757812
1671120000000,-13.9462891
1671134400000,-25.7324219
1671148800000,-21.8037109
1671163200000,-37.5
1671177600000,-57.6787109
1671192000000,-64.0175781
1671206400000,-84.3574219
1671220800000,-90.5
1671235200000,-77.6777344
1671249600000,-74.2861328
1671264000000,-72.3574219
1671278400000,-73.0888672
1671292800000,-60.4648438
1671307200000,-48.5
1671321600000,-47.4462891
1671336000000,-47.625
1671350400000,-54.5888672
1671364800000,-38.9462891
1671379200000,-18.2148438
1671393600000,-15.2324219
1671408000000,-3.41015625
1671422400000,5.42871094
1671436800000,-1.07128906
1671451200000,-8.41113281
1671465600000,-14.8398438
1671480000000,-8.28515625
1671494400000,2
1671508800000,3.42871094
1671523200000,8.5
1671537600000,13.1425781
1671552000000,14.9287109
1671566400000,11.0537109
1671580800000,6.16113281
1671595200000,9.98242188
1671609600000,11.9814453
1671624000000,6
1671638400000,7.125
1671652800000,16.1601562
1671667200000,24.375
1671681600000,18.0898438
1671696000000,-1.85644531
1671710400000,-10.9111328
1671724800000,-8.19628906
1671739200000,-5.46386719
1671753600000,-4.14355469
1671768000000,-1.67871094
1671782400000,0.661132812
1671796800000,-0.482421875
1671811200000,-3.57128906
1671825600000,0.286132812
1671840000000,3.05371094
1671854400000,-0.197265625
1671868800000,-0.357421875
1671883200000,0.33984375
1671897600000,7.17871094
1671912000000,12.9638672
1671926400000,5.91015625
1671940800000,-0.678710938
1671955200000,-2.19628906
1671969600000,-3.42773438
1671984000000,-1.91015625
1671998400000,1.375
1672012800000,3.80273438
1672027200000,3.14257812
1672041600000,-0.196289062
1672056000000,-0.428710938
1672070400000,3.85742188
1672084800000,4.32128906
1672099200000,2.14257812
1672113600000,0.75
1672128000000,-1.21386719
1672142400000,-6.03515625
1672156800000,-8.57128906
1672171200000,-8.35742188
1672185600000,-11.25
1672200000000,-13.8925781
1672214400000,-17.5
1672228800000,-19.5537109
1672243200000,-19.3037109
1672257600000,-20.125
1672272000000,-23.5537109
1672286400000,-23.0185547
1672300800000,-19.25
1672315200000,-17.5175781
1672329600000,-14.125
1672344000000,-9.05371094
1672358400000,-11.5361328
1672372800000,-14.1064453
1672387200000,-9.33886719
1672401600000,-9.05371094
1672416000000,-4.10742188
1672430400000,-0.143554688
1672444800000,-0.767578125
1672459200000,1.19726562
1672473600000,1.33886719
1672488000000,-0.447265625
1672502400000,-3.78515625
1672516800000,-5
1672531200000,-6.19628906
1672545600000,-5.23144531
1672560000000,1.5
1672574400000,6.33886719
1672588800000,5.35644531
1672603200000,6.66113281
1672617600000,8.25
1672632000000,9.83886719
1672646400000,12.1074219
1672660800000,11.4287109
1672675200000,8.66113281
1672689600000,7.78613281
1672704000000,11.2314453
1672718400000,12.9814453
1672732800000,11.7685547
1672747200000,8.67871094
1672761600000,7.33886719
1672776000000,13.5898438
1672790400000,19.0712891
1672804800000,15.9277344
1672819200000,11.4648438
1672833600000,8.98242188
1672848000000,8.91015625
1672862400000,8.16113281
1672876800000,8.32128906
1672891200000,10.1064453
1672905600000,9.41113281
1672920000000,9.71484375
1672934400000,10.7675781
1672948800000,11.9824219
1672963200000,10.8398438
1672977600000,-0.0537109375
1672992000000,-5.66113281
1673006400000,1.92871094
1673020800000,6.51757812
1673035200000,7.16015625
1673049600000,6.35742188
1673064000000,6.23242188
1673078400000,8.32128906
1673092800000,8.57128906
1673107200000,7.51855469
1673121600000,6.23242188
1673136000000,7
1673150400000,8.10644531
1673164800000,11.2314453
1673179200000,14.3574219
1673193600000,17.2685547
1673208000000,20.0712891
1673222400000,18.8564453
1673236800000,19.5361328
1673251200000,22.3037109
1673265600000,25.0888672
1673280000000,21.8398438
1673294400000,17.8935547
1673308800000,18.5175781
1673323200000,20.6601562
1673337600000,24.6425781
1673352000000,30.9462891
1673366400000,33.9111328
1673380800000,33.8935547
1673395200000,28.9101562
1673409600000,19.5527344
1673424000000,12.9824219
1673438400000,15.6611328
1673452800000,35.1425781
1673467200000,57.625
1673481600000,67.6074219
1673496000000,69.8574219
1673510400000,67.5175781
1673524800000,90.0537109
1673539200000,112.714844
1673553600000,106.321289
1673568000000,100.946289
1673582400000,102.481445
1673596800000,118.392578
1673611200000,133.803711
1673625600000,161.786133
1673640000000,215.893555
1673654400000,229.125
1673668800000,196.160156
1673683200000,185.25
1673697600000,188.267578
1673712000000,195.463867
1673726400000,168.768555
1673740800000,134.464844
1673755200000,135.017578
1673769600000,142.177734
1673784000000,144.678711
1673798400000,127.393555
1673812800000,119.625
1673827200000,103.821289
1673841600000,36.9101562
1673856000000,-2.44628906
1673870400000,23.3935547
1673884800000,34.7138672
1673899200000,25.8388672
1673913600000,18.2675781
1673928000000,24.1074219
1673942400000,32.8574219
1673956800000,36.3388672
1673971200000,28.0898438
1673985600000,21.5898438
1674000000000,29.4462891
1674014400000,19.3388672
1674028800000,1.66015625
1674043200000,-0.607421875
1674057600000,-9.32128906
1674072000000,-31.9462891
1674086400000,-34.5175781
1674100800000,-27.9287109
1674115200000,-23.7324219
1674129600000,-14.5527344
1674144000000,-8.67871094
1674158400000,-12.8222656
1674172800000,-15.1425781
1674187200000,-16.875
1674201600000,-16.4111328
1674216000000,4.60742188
1674230400000,67.9111328
1674244800000,116.892578
1674259200000,129.857422
1674273600000,147.768555
1674288000000,155.588867
1674302400000,169.356445
1674316800000,159.625
1674331200000,127.982422
1674345600000,124.5
1674360000000,126.553711
1674374400000,127.107422
1674388800000,128.713867
1674403200000,119.303711
1674417600000,97.7685547
1674432000000,43.5351562
1674446400000,15.2314453
1674460800000,20.7148438
1674475200000,3.71484375
1674489600000,-6.26855469
1674504000000,-9.64257812
1674518400000,2.32226562
1674532800000,15.5527344
1674547200000,7.55273438
1674561600000,9.48242188
1674576000000,2.75
1674590400000,-7.92871094
1674604800000,-2.14257812
1674619200000,-0.981445312
1674633600000,-5.16015625
1674648000000,-9.28613281
1674662400000,1.51757812
1674676800000,19.1611328
1674691200000,13.4824219
1674705600000,-1.73242188
1674720000000,-6.625
1674734400000,1.89257812
1674748800000,7.96386719
1674763200000,-6.32128906
1674777600000,6.33886719
1674792000000,26.625
1674806400000,18.5
1674820800000,30.0888672
1674835200000,39.9111328
1674849600000,29.5361328
1674864000000,10.1787109
1674878400000,-7.58886719
1674892800000,-4.08984375
1674907200000,3.01757812
1674921600000,4.07226562
1674936000000,6.69628906
1674950400000,11.2851562
1674964800000,30.7324219
1674979200000,40.2675781
1674993600000,49.9462891
1675008000000,62.6611328
1675022400000,45.3388672
1675036800000,36.6611328
1675051200000,19.4111328
1675065600000,5.85644531
1675080000000,0.0712890625
1675094400000,-12.9287109
1675108800000,-13.7324219
1675123200000,-8.91015625
1675137600000,-12.8925781
1675152000000,-14.2148438
1675166400000,-12.0537109
1675180800000,-23.4277344
1675195200000,-41.5
1675209600000,-51.0898438
1675224000000,-45.7138672
1675238400000,-45.4638672
1675252800000,-12.7685547
1675267200000,30.2138672
1675281600000,58.2324219
1675296000000,73.25
1675310400000,70.4111328
1675324800000,67.2148438
1675339200000,66.0351562
1675353600000,48.0712891
1675368000000,27.8574219
1675382400000,25.7851562
1675396800000,26.0888672
1675411200000,33.7861328
1675425600000,27.5898438
1675440000000,24.4824219
1675454400000,14.9462891
1675468800000,-15.625
1675483200000,-32.6611328
1675497600000,-31.75
1675512000000,-27.5712891
1675526400000,-33.1787109
1675540800000,-36.8212891
1675555200000,-21.6787109
1675569600000,-11.7324219
1675584000000,-19.9824219
1675598400000,-35.4638672
1675612800000,-47.125
1675627200000,-39.2324219
1675641600000,-35.0175781
1675656000000,-36.4814453
1675670400000,-26.625
1675684800000,-22.1972656
1675699200000,-35.9824219
1675713600000,-44.1962891
1675728000000,-35.4638672
1675742400000,-28.6425781
1675756800000,-30.6962891
1675771200000,-26.6962891
1675785600000,-4.78613281
1675800000000,17.2851562
1675814400000,22.9638672
1675828800000,19.875
1675843200000,8.80371094
1675857600000,-0.91015625
1675872000000,-3.08886719
1675886400000,-21.2675781
1675900800000,-21.4648438
1675915200000,-9.66113281
1675929600000,-17.4814453
1675944000000,-44.0175781
1675958400000,-72.875
1675972800000,-85.2324219
1675987200000,-93
1676001600000,-101.553711
1676016000000,-110.696289
1676030400000,-105.946289
1676044800000,-93.7148438
1676059200000,-87.2324219
1676073600000,-88.5
1676088000000,-74.9287109
1676102400000,-63.6601562
1676116800000,-70.8388672
1676131200000,-63.6074219
1676145600000,-36.625
1676160000000,-9.875
1676174400000,1.5
1676188800000,2.42871094
1676203200000,10.1787109
1676217600000,13.9638672
1676232000000,5.26757812
1676246400000,9.96484375
1676260800000,7
1676275200000,-5.92871094
1676289600000,-6.03515625
1676304000000,0.0888671875
1676318400000,3.66015625
1676332800000,-1.375
1676347200000,-1.58886719
1676361600000,10.875
1676376000000,22.3388672
1676390400000,22.0898438
1676404800000,13.2148438
1676419200000,15.6064453
1676433600000,34.4638672
1676448000000,55.2685547
1676462400000,93.25
1676476800000,159.196289
1676491200000,209.857422
1676505600000,213.053711
1676520000000,205.571289
1676534400000,222.838867
1676548800000,229.642578
1676563200000,162.928711
1676577600000,110.267578
1676592000000,109.660156
1676606400000,112.178711
1676620800000,132.786133
1676635200000,147.393555
1676649600000,138.857422
1676664000000,110.731445
1676678400000,53.0888672
1676692800000,-1.48144531
1676707200000,-6.01757812
1676721600000,1.875
1676736000000,-15.9462891
1676750400000,-24.0722656
1676764800000,30.1787109
1676779200000,67.9648438
1676793600000,75.75
1676808000000,71.5351562
1676822400000,30.8925781
1676836800000,1.26855469
1676851200000,-6.39257812
1676865600000,7.14257812
1676880000000,25.6064453
1676894400000,29.4287109
1676908800000,20.4648438
1676923200000,18.9287109
1676937600000,24.8388672
1676952000000,9.67871094
1676966400000,-4.01757812
1676980800000,-3.08984375
1676995200000,-18.9287109
1677009600000,-27.75
1677024000000,-19.0361328
1677038400000,-16.75
1677052800000,-37.0351562
1677067200000,-67.2138672
1677081600000,-66.6611328
1677096000000,-43.3037109
1677110400000,-33
1677124800000,-58.4824219
1677139200000,-78.6425781
1677153600000,-58.5537109
1677168000000,-43.2138672
1677182400000,-45.75
1677196800000,-45.6972656
1677211200000,-32.9101562
1677225600000,-36.1962891
1677240000000,-61.0361328
1677254400000,-54.9814453
1677268800000,-45.0351562
1677283200000,-63.9472656
1677297600000,-90.625
1677312000000,-101.481445
1677326400000,-77.625
1677340800000,-57.25
1677355200000,-56.5361328
1677369600000,-56.625
1677384000000,-54.2675781
1677398400000,-47.0898438
1677412800000,-36
1677427200000,-7.26757812
1677441600000,20.1601562
1677456000000,21.0712891
1677470400000,20.375
1677484800000,27.4462891
1677499200000,25.3574219
1677513600000,27.1962891
1677528000000,33.3037109
1677542400000,18.4648438
1677556800000,8.46386719
1677571200000,19.2851562
1677585600000,13.2861328
1677600000000,-3.71386719
1677614400000,-5.94628906
1677628800000,3.94628906
1677643200000,12.5712891
1677657600000,17.3212891
1677672000000,8.05371094
1677686400000,0.678710938
1677700800000,10.9101562
1677715200000,4.28613281
1677729600000,-4.64257812
1677744000000,3.80371094
1677758400000,7.66113281
1677772800000,0.892578125
1677787200000,-35.2685547
1677801600000,-61.2675781
1677816000000,-66.9814453
1677830400000,-88.9111328
1677844800000,-98.9111328
1677859200000,-98
1677873600000,-84.7138672
1677888000000,-81.7675781
1677902400000,-86.875
1677916800000,-79.6611328
1677931200000,-80.2324219
1677945600000,-77.8388672
1677960000000,-75
1677974400000,-77.5537109
1677988800000,-36.2324219
1678003200000,4.78515625
1678017600000,3.89257812
1678032000000,5.01855469
1678046400000,3.92871094
1678060800000,1.53515625
1678075200000,1.91113281
1678089600000,7.55371094
1678104000000,7.82128906
1678118400000,4.14257812
1678132800000,10.25
1678147200000,9.78613281
1678161600000,1.14257812
1678176000000,-3.46386719
1678190400000,-11.4814453
1678204800000,-17.6972656
1678219200000,-17.3574219
1678233600000,-25.7314453
1678248000000,-27.625
1678262400000,-19.6435547
1678276800000,-22.75
1678291200000,-44.7851562
1678305600000,-53.1074219
1678320000000,-48.0175781
1678334400000,-54.1962891
1678348800000,-56.5185547
1678363200000,-81.5888672
1678377600000,-123.821289
1678392000000,-144.803711
1678406400000,-154.857422
1678420800000,-165.321289
1678435200000,-154.981445
1678449600000,-143.143555
1678464000000,-142.446289
1678478400000,-121.125
1678492800000,-113.75
1678507200000,-118.088867
1678521600000,-108.732422
1678536000000,-98.3212891
1678550400000,-82.5361328
1678564800000,-48.375
1678579200000,-5.60644531
1678593600000,24.7675781
1678608000000,40.2851562
1678622400000,64.5712891
1678636800000,120.536133
1678651200000,160.071289
1678665600000,166.785156
1678680000000,142.143555
1678694400000,205.053711
1678708800000,297.25
1678723200000,291.892578
1678737600000,288.338867
1678752000000,281.178711
1678766400000,289.036133
1678780800000,349.821289
1678795200000,358.427734
1678809600000,312.857422
1678824000000,287.161133
1678838400000,238.053711
1678852800000,191.5
1678867200000,160.875
1678881600000,151.267578
1678896000000,91.6787109
1678910400000,8.83984375
1678924800000,16.125
1678939200000,32.4101562
1678953600000,34.4287109
1678968000000,26.6962891
1678982400000,-26.625
1678996800000,-7.67773438
1679011200000,75.4462891
1679025600000,127.625
1679040000000,130.535156
1679054400000,125.267578
1679068800000,177.803711
1679083200000,210.785156
1679097600000,214.768555
1679112000000,223
1679126400000,208
1679140800000,185.268555
1679155200000,164.677734
1679169600000,153.785156
1679184000000,151.553711
1679198400000,121.428711
1679212800000,103.964844
1679227200000,101.892578
1679241600000,104.838867
1679256000000,73.0537109
1679270400000,45.1611328
1679284800000,60.7324219
1679299200000,43.9814453
1679313600000,23.9824219
1679328000000,29.6435547
1679342400000,32.9101562
1679356800000,36.4462891
1679371200000,50.8574219
1679385600000,67.0351562
1679400000000,71.5537109
1679414400000,53.0898438
1679428800000,14.9824219
1679443200000,-0.661132812
1679457600000,33.0527344
1679472000000,44.1962891
1679486400000,-41.8027344
1679500800000,-72.6777344
1679515200000,-32.375
1679529600000,-19.3222656
1679544000000,-10.6074219
1679558400000,31.0722656
1679572800000,49.3388672
1679587200000,19.2675781
1679601600000,10.0712891
1679616000000,6.53515625
1679630400000,-17.1962891
1679644800000,-26.0527344
1679659200000,-16.8388672
1679673600000,-55.7861328
1679688000000,-10.5175781
1679702400000,40.1611328
1679716800000,9.91015625
1679731200000,0.75
1679745600000,-17.8212891
1679760000000,-58.3574219
1679774400000,-73.0888672
1679788800000,-60.0175781
1679803200000,-42.2324219
1679817600000,-30.3037109
1679832000000,-8.91113281
1679846400000,6.64257812
1679860800000,0.71484375
1679875200000,14.4824219
1679889600000,22.4638672
1679904000000,-11.6962891
1679918400000,-40.125
1679932800000,-38
1679947200000,-28
1679961600000,-27.3398438
1679976000000,-36.9287109
1679990400000,-36.8212891
1680004800000,-35.6962891
1680019200000,-37.0175781
1680033600000,-37.5351562
1680048000000,-13.1435547
1680062400000,20.3212891
1680076800000,38.75
1680091200000,41.2314453
1680105600000,70.1074219
1680120000000,105.589844
1680134400000,111.911133
1680148800000,117.625
1680163200000,108.392578
1680177600000,82.0175781
1680192000000,70.75
1680206400000,64.1787109
1680220800000,44.3212891
1680235200000,37.9462891
1680249600000,34.7148438
1680264000000,18.2861328
1680278400000,5.08886719
1680292800000,5.05371094
1680307200000,7.91113281
1680321600000,0.0888671875
1680336000000,-14.9648438
1680350400000,-20.4462891
1680364800000,-4.25
1680379200000,22.2324219
1680393600000,30.8925781
1680408000000,19.8027344
1680422400000,20.3222656
1680436800000,14.9287109
1680451200000,-10.3574219
1680465600000,-36.7851562
1680480000000,-43.8037109
1680494400000,-28.6611328
1680508800000,-25.0361328
1680523200000,-25.5888672
1680537600000,-32.9638672
1680552000000,-41.4287109
1680566400000,-34.4287109
1680580800000,-21.6962891
1680595200000,-20.7324219
1680609600000,-19.4824219
1680624000000,-4.17773438
1680638400000,22.3212891
1680652800000,33.3564453
1680667200000,41.0712891
1680681600000,30.9824219
1680696000000,2.07128906
1680710400000,4.5
1680724800000,6.83984375
1680739200000,6
1680753600000,7.17871094
1680768000000,5.94628906
1680782400000,-7.10742188
1680796800000,-8.94628906
1680811200000,-4.75
1680825600000,-17.375
1680840000000,-37.3574219
1680854400000,-46.2675781
1680868800000,-44.4638672
1680883200000,-27.6962891
1680897600000,-11.5175781
1680912000000,-10.3574219
1680926400000,-7.05371094
1680940800000,0.0537109375
1680955200000,3.46386719
1680969600000,-6.05371094
1680984000000,-4.21386719
1680998400000,-3.69628906
1681012800000,-8.57128906
1681027200000,-1.51855469
1681041600000,13.4814453
1681056000000,24.6611328
1681070400000,27.25
1681084800000,27.3574219
1681099200000,23.6962891
1681113600000,22.9814453
1681128000000,54.8398438
1681142400000,100.339844
1681156800000,137.357422
1681171200000,157.125
1681185600000,150.963867
1681200000000,155.517578
1681214400000,161.713867
1681228800000,162.053711
1681243200000,147.447266
1681257600000,125.036133
1681272000000,123.267578
1681286400000,123.017578
1681300800000,113.642578
1681315200000,105.446289
1681329600000,84.625
1681344000000,47.5
1681358400000,17.1425781
1681372800000,14.0712891
1681387200000,21.875
1681401600000,16.1962891
1681416000000,27.25
1681430400000,40.5712891
1681444800000,51.1611328
1681459200000,40.2148438
1681473600000,19.3388672
1681488000000,28.1074219
1681502400000,38.4287109
1681516800000,40.8564453
1681531200000,31.4462891
1681545600000,21.0537109
1681560000000,16.25
1681574400000,1.58984375
1681588800000,-8.03515625
1681603200000,-3.25
1681617600000,-17.3925781
1681632000000,-31.9824219
1681646400000,-33.1611328
1681660800000,-16.25
1681675200000,-11.0361328
1681689600000,-34.8037109
1681704000000,-51.0527344
1681718400000,-68.0175781
1681732800000,-72.8037109
1681747200000,-66.6962891
1681761600000,-65.8398438
1681776000000,-52.75
1681790400000,-15.4638672
1681804800000,-2.71484375
1681819200000,-7.76757812
1681833600000,0.196289062
1681848000000,-2.875
1681862400000,-12.1962891
1681876800000,-31.6074219
1681891200000,-44.3925781
1681905600000,-33.3398438
1681920000000,-32.8574219
1681934400000,-42
1681948800000,-41.2851562
1681963200000,-49.75
1681977600000,-74.9111328
1681992000000,-126.892578
1682006400000,-151.375
1682020800000,-137.338867
1682035200000,-147.392578
1682049600000,-156.321289
1682064000000,-149.482422
1682078400000,-145.678711
1682092800000,-145.017578
1682107200000,-140.018555
1682121600000,-122.678711
1682136000000,-111
1682150400000,-106.446289
1682164800000,-85.8925781
1682179200000,-61.5712891
1682193600000,-45.125
1682208000000,-38.3037109
1682222400000,-43.5537109
1682236800000,-49.2324219
1682251200000,-46.1962891
1682265600000,-38.5537109
1682280000000,1
1682294400000,24.9648438
1682308800000,14.6074219
1682323200000,7.14257812
1682337600000,2.375
1682352000000,3.67871094
1682366400000,-8.80371094
1682380800000,-28.4648438
1682395200000,-25.3212891
1682409600000,-20.1962891
1682424000000,-15.2675781
1682438400000,27.3212891
1682452800000,58.7675781
1682467200000,58.4824219
1682481600000,70.1962891
1682496000000,126.411133
1682510400000,96.6962891
1682524800000,53.3925781
1682539200000,95.0537109
1682553600000,103.5
1682568000000,106.963867
1682582400000,124.125
1682596800000,148.893555
1682611200000,158.267578
1682625600000,141.625
1682640000000,107.982422
1682654400000,76.625
1682668800000,61.7851562
1682683200000,41.9462891
1682697600000,-3.85644531
1682712000000,34.875
1682726400000,86.2675781
1682740800000,49.9824219
1682755200000,30.25
1682769600000,24.8388672
1682784000000,14.2324219
1682798400000,-14.2138672
1682812800000,-24.3574219
1682827200000,-14.625
1682841600000,-0.946289062
1682856000000,10.9814453
1682870400000,7.08886719
1682884800000,-24.7314453
1682899200000,-52.125
1682913600000,-54.0898438
1682928000000,-71.8212891
1682942400000,-95.5351562
1682956800000,-96.5888672
1682971200000,-86.3398438
1682985600000,-85.0537109
1683000000000,-81
1683014400000,-65.5361328
1683028800000,-45.0888672
1683043200000,-54.3388672
1683057600000,-65.5537109
1683072000000,-50.7675781
1683086400000,-21.6074219
1683100800000,-11.8935547
1683115200000,-18.1787109
1683129600000,23.8574219
1683144000000,75.5712891
1683158400000,80.125
1683172800000,75.0361328
1683187200000,69.1074219
1683201600000,58.4462891
1683216000000,39.6064453
1683230400000,28.5537109
1683244800000,32.0537109
1683259200000,36.25
1683273600000,48.375
1683288000000,63.375
1683302400000,80.2148438
1683316800000,80.7675781
1683331200000,50.3925781
1683345600000,19.8574219
1683360000000,-8.66113281
1683374400000,-25.9462891
1683388800000,-9.33886719
1683403200000,-1.625
1683417600000,1.32128906
1683432000000,-8.25
1683446400000,-15.1787109
1683460800000,-10.875
1683475200000,-40.5537109
1683489600000,-81.9111328
1683504000000,-103.088867
1683518400000,-105.428711
1683532800000,-104.375
1683547200000,-122.821289
1683561600000,-103.536133
1683576000000,-78.2851562
1683590400000,-88.4101562
1683604800000,-85.4111328
1683619200000,-96.0898438
1683633600000,-95.8212891
1683648000000,-88.9462891
1683662400000,-92.6074219
1683676800000,-77.2675781
1683691200000,-51.6962891
1683705600000,-14.2138672
1683720000000,-4.26757812
1683734400000,-20.3222656
1683748800000,-7.25
1683763200000,-3.83886719
1683777600000,-15.5175781
1683792000000,-25.4111328
1683806400000,-47.2685547
1683820800000,-45.1425781
1683835200000,-55.4101562
1683849600000,-87.4287109
1683864000000,-94.8574219
1683878400000,-91.5175781
1683892800000,-87.6425781
1683907200000,-92.1611328
1683921600000,-80.0712891
1683936000000,-60.8027344
1683950400000,-51.9287109
1683964800000,-45.2861328
1683979200000,-42.5712891
1683993600000,-34.5712891
1684008000000,-13.6611328
1684022400000,-3.5
1684036800000,3.60742188
1684051200000,35.6074219
1684065600000,46.4814453
1684080000000,40.0351562
1684094400000,48.9111328
1684108800000,49.375
1684123200000,40.4287109
1684137600000,40.875
1684152000000,43.6425781
1684166400000,33.8398438
1684180800000,22.4111328
1684195200000,27.1962891
1684209600000,23.8037109
1684224000000,13.4101562
1684238400000,11.0351562
1684252800000,2.76855469
1684267200000,4.41113281
1684281600000,3.875
1684296000000,-23.4824219
1684310400000,-42.4287109
1684324800000,-19.5712891
1684339200000,1.26757812
1684353600000,-3.125
1684368000000,5.28613281
1684382400000,17.375
1684396800000,3.23144531
1684411200000,-17.4287109
1684425600000,-19.1601562
1684440000000,-10.75
1684454400000,-8.92871094
1684468800000,-12.7675781
1684483200000,-5.80371094
1684497600000,8.32128906
1684512000000,9.83886719
1684526400000,-15.8925781
1684540800000,-37.3564453
1684555200000,-35.75
1684569600000,-32.7685547
1684584000000,-27.7685547
1684598400000,-10.8925781
1684612800000,16.5361328
1684627200000,24.2148438
1684641600000,7.55371094
1684656000000,0.5
1684670400000,3.25
1684684800000,-2.85742188
1684699200000,-11.1962891
1684713600000,-7.58984375
1684728000000,-2.44726562
1684742400000,-1.19628906
1684756800000,-0.106445312
1684771200000,-3.83886719
1684785600000,7.91015625
1684800000000,18.1074219
1684814400000,12.8935547
1684828800000,15.3027344
1684843200000,22.3027344
1684857600000,24.1787109
1684872000000,6.46484375
1684886400000,-7.05371094
1684900800000,0.642578125
1684915200000,-16.0888672
1684929600000,-39.6074219
1684944000000,-39.8574219
1684958400000,-44.0175781
1684972800000,-50.3037109
1684987200000,-64.5
1685001600000,-77.3925781
1685016000000,-70.3388672
1685030400000,-62.1787109
1685044800000,-57.3398438
1685059200000,-52.5175781
1685073600000,-37.1787109
1685088000000,-9.07128906
1685102400000,3.21484375
1685116800000,14.9462891
1685131200000,32.3037109
1685145600000,32.1611328
1685160000000,32.9287109
1685174400000,38.8388672
1685188800000,35.4462891
1685203200000,38.3037109
1685217600000,48.5
1685232000000,52.3925781
1685246400000,52.25
1685260800000,53.1787109
1685275200000,66.1425781
1685289600000,85.8925781
1685304000000,90.2861328
1685318400000,85.9111328
1685332800000,84.2851562
1685347200000,74.0537109
1685361600000,66.3574219
1685376000000,71.3212891
1685390400000,77.6074219
1685404800000,71.3925781
1685419200000,62.1777344
1685433600000,47.5537109
1685448000000,42.1972656
1685462400000,40.7138672
1685476800000,19.9462891
1685491200000,-27.8564453
1685505600000,-63.0712891
1685520000000,-66.5712891
1685534400000,-68.375
1685548800000,-47.4824219
1685563200000,-46.3574219
1685577600000,-65.0361328
1685592000000,-67.5712891
1685606400000,-64.1425781
1685620800000,-72.5712891
1685635200000,-73.625
1685649600000,-62
1685664000000,-54.25
1685678400000,-42.5898438
1685692800000,-21.2675781
1685707200000,2.78613281
1685721600000,16.9814453
1685736000000,17.1425781
1685750400000,3.89355469
1685764800000,12.0175781
1685779200000,30.8037109
1685793600000,24.5185547
1685808000000,13.4462891
1685822400000,14.0351562
1685836800000,19.5
1685851200000,18.8398438
1685865600000,11.9101562
1685880000000,7.96386719
1685894400000,3.17871094
1685908800000,-14.2324219
1685923200000,-29.4287109
1685937600000,-28.2138672
1685952000000,-55.6425781
1685966400000,-96.375
1685980800000,-110
1685995200000,-104.732422
1686009600000,-96.8574219
1686024000000,-97.3212891
1686038400000,-87.5537109
1686052800000,-42.4638672
1686067200000,-2.41015625
1686081600000,-9.01855469
1686096000000,-21.8212891
1686110400000,-9.01757812
1686124800000,-14.7685547
1686139200000,-27.4287109
1686153600000,1.82226562
1686168000000,37.8037109
1686182400000,51.375
1686196800000,51.1425781
1686211200000,60.9101562
1686225600000,65.875
1686240000000,45.4287109
1686254400000,-6.57128906
1686268800000,-48.1962891
1686283200000,-37.2675781
1686297600000,-22.625
1686312000000,-29.4648438
1686326400000,-13.2861328
1686340800000,-1.14257812
1686355200000,-30.1601562
1686369600000,-46.3925781
1686384000000,-50.6611328
1686398400000,-53.3212891
1686412800000,-55.7851562
1686427200000,-59.9648438
1686441600000,-55.4824219
1686456000000,-50.6425781
1686470400000,-49.9824219
1686484800000,-46.7861328
1686499200000,-39.9287109
1686513600000,-41.2851562
1686528000000,-45.9287109
1686542400000,-36.375
1686556800000,-5.91015625
1686571200000,9.83886719
1686585600000,12.5537109
1686600000000,20.2324219
1686614400000,18.8212891
1686628800000,23.6787109
1686643200000,16.1962891
1686657600000,3.76757812
1686672000000,9.44628906
1686686400000,3.875
1686700800000,-3.30371094
1686715200000,5.16113281
1686729600000,12.625
1686744000000,1.92871094
1686758400000,-29.6962891
1686772800000,-52.6074219
1686787200000,-61.75
1686801600000,-73.2324219
1686816000000,-79
1686830400000,-66.3212891
1686844800000,-32.0351562
1686859200000,-18.2861328
1686873600000,-27.2685547
1686888000000,-33.5
1686902400000,-20.7314453
1686916800000,12.4287109
1686931200000,27.7675781
1686945600000,27.3574219
1686960000000,66.8212891
1686974400000,104.25
1686988800000,104.482422
1687003200000,106.463867
1687017600000,110.303711
1687032000000,95.5537109
1687046400000,74.5888672
1687060800000,69.4648438
1687075200000,70.75
1687089600000,79.2851562
1687104000000,59.9111328
1687118400000,18.3574219
1687132800000,3.66015625
1687147200000,9.35742188
1687161600000,0.517578125
1687176000000,-0.21484375
1687190400000,20.6972656
1687204800000,29.6962891
1687219200000,25.7138672
1687233600000,23.5361328
1687248000000,29.6962891
1687262400000,69.9824219
1687276800000,116
1687291200000,137.338867
1687305600000,164.571289
1687320000000,180.911133
1687334400000,212.625
1687348800000,253.731445
1687363200000,259.286133
1687377600000,257.375
1687392000000,246.410156
1687406400000,225.643555
1687420800000,217
1687435200000,227.338867
1687449600000,219.911133
1687464000000,172.911133
1687478400000,130.053711
1687492800000,109.053711
1687507200000,136.017578
1687521600000,154.588867
1687536000000,99.9287109
1687550400000,51.9638672
1687564800000,42.5
1687579200000,35.1074219
1687593600000,25.4824219
1687608000000,35.8398438
1687622400000,49.3212891
1687636800000,43.2851562
1687651200000,48.8574219
1687665600000,55.8574219
1687680000000,49.3388672
1687694400000,33.9462891
1687708800000,-16.8388672
1687723200000,-48.2675781
1687737600000,-31.3398438
1687752000000,-24.9824219
1687766400000,-20.6074219
1687780800000,-22.125
1687795200000,-21.5527344
1687809600000,-14.9638672
1687824000000,-14.6611328
1687838400000,-5.85742188
1687852800000,-9.41113281
1687867200000,-11.5361328
1687881600000,0.786132812
1687896000000,4.55371094
1687910400000,-9.30371094
1687924800000,-9.41015625
1687939200000,0.982421875
1687953600000,-7.60742188
1687968000000,-20.3212891
1687982400000,-15.6787109
1687996800000,-0.553710938
1688011200000,14.1611328
1688025600000,14.375
1688040000000,-2.23242188
1688054400000,-6.21484375
1688068800000,2.73242188
1688083200000,6.07226562
1688097600000,18.1425781
1688112000000,10.8564453
1688126400000,-3.23242188
1688140800000,3.625
1688155200000,12.3398438
1688169600000,24.2324219
1688184000000,26.8925781
1688198400000,21.4638672
1688212800000,6.03515625
1688227200000,1.64355469
1688241600000,1.53613281
1688256000000,-0.643554688
1688270400000,-5.85742188
1688284800000,-17.1425781
1688299200000,-22.4287109
1688313600000,7.46484375
1688328000000,34.4472656
1688342400000,21.5888672
1688356800000,16.0527344
1688371200000,30.8037109
1688385600000,49.0361328
1688400000000,48.2851562
1688414400000,42.1074219
1688428800000,31.8222656
1688443200000,30.9287109
1688457600000,36.7851562
1688472000000,23
1688486400000,15.875
1688500800000,21.8212891
1688515200000,17.6074219
1688529600000,-6.875
1688544000000,-23.8212891
1688558400000,-18.2861328
1688572800000,-27.25
1688587200000,-47.875
1688601600000,-40.8398438
1688616000000,-25.9638672
1688630400000,-30.6962891
1688644800000,-45.5185547
1688659200000,-66.8388672
1688673600000,-59.5351562
1688688000000,-47.6787109
1688702400000,-54.9648438
1688716800000,-41.6787109
1688731200000,-20.625
1688745600000,-7.41113281
1688760000000,-6.51757812
1688774400000,-16.8388672
1688788800000,-21.8212891
1688803200000,-31.6074219
1688817600000,-47.125
1688832000000,-30.7851562
1688846400000,-5.07128906
1688860800000,12.9287109
1688875200000,17.9462891
1688889600000,16.5
1688904000000,16.6425781
1688918400000,-3.21484375
1688932800000,-10.2851562
1688947200000,-10.3925781
1688961600000,-9.41113281
1688976000000,2.57128906
1688990400000,26.6611328
1689004800000,30.0888672
1689019200000,20.7314453
1689033600000,22.3935547
1689048000000,13.3935547
1689062400000,16.5537109
1689076800000,23.8037109
1689091200000,21.875
1689105600000,22.8212891
1689120000000,33.1962891
1689134400000,42.7851562
1689148800000,36.8388672
1689163200000,16.0185547
1689177600000,4.14257812
1689192000000,-16.3398438
1689206400000,-21.2138672
1689220800000,0.321289062
1689235200000,16.3925781
1689249600000,57.6435547
1689264000000,74.9462891
1689278400000,62.8212891
1689292800000,48.7324219
1689307200000,40.0351562
1689321600000,41.3037109
1689336000000,-5.19628906
1689350400000,-30.8574219
1689364800000,-6.55371094
1689379200000,-0.981445312
1689393600000,-1.25
1689408000000,-1.73242188
1689422400000,-9.80371094
1689436800000,-30.3398438
1689451200000,-74.0527344
1689465600000,-94.625
1689480000000,-84.7685547
1689494400000,-67.625
1689508800000,-60.6962891
1689523200000,-71.2675781
1689537600000,-29.6601562
1689552000000,5.73242188
1689566400000,-5.96484375
1689580800000,-10.25
1689595200000,-20.6601562
1689609600000,-20.9824219
1689624000000,-15.2324219
1689638400000,-21.3388672
1689652800000,-23.1787109
1689667200000,-24.2324219
1689681600000,-34.5361328
1689696000000,-39.9638672
1689710400000,-25.5175781
1689724800000,-15.8574219
1689739200000,-19.5712891
1689753600000,-22.9824219
1689768000000,-16.7138672
1689782400000,-14.8212891
1689796800000,-8.14355469
1689811200000,4.21386719
1689825600000,9.58984375
1689840000000,2
1689854400000,-10
1689868800000,-8.19628906
1689883200000,2.60644531
1689897600000,2.80371094
1689912000000,-13.6425781
1689926400000,-14.5537109
1689940800000,-9.48242188
1689955200000,-6.89257812
1689969600000,-6.625
1689984000000,-3.46386719
1689998400000,-1.01757812
1690012800000,-13.0537109
1690027200000,-26.6601562
1690041600000,-16.4648438
1690056000000,2.55273438
1690070400000,6.91113281
1690084800000,3.83984375
1690099200000,4.5
1690113600000,15.3925781
1690128000000,18.1962891
1690142400000,1.32128906
1690156800000,-8.69628906
1690171200000,-25.5712891
1690185600000,-52.5712891
1690200000000,-56.9638672
1690214400000,-53.0537109
1690228800000,-51.6435547
1690243200000,-48.9111328
1690257600000,-48.6777344
1690272000000,-51.6425781
1690286400000,-50.75
1690300800000,-48.6074219
1690315200000,-54.25
1690329600000,-61.1425781
1690344000000,-50.0185547
1690358400000,-37.1425781
1690372800000,-13.0712891
1690387200000,13.3037109
1690401600000,18.3212891
1690416000000,18.0175781
1690430400000,22.0712891
1690444800000,18.8037109
1690459200000,5.60742188
1690473600000,1.92871094
1690488000000,3.01757812
1690502400000,-1.76855469
1690516800000,-4.98144531
1690531200000,4.53613281
1690545600000,11.1425781
1690560000000,5.23242188
1690574400000,-1.16113281
1690588800000,-3.01855469
1690603200000,-6.48144531
1690617600000,-8.66015625
1690632000000,-10.0712891
1690646400000,-3.44628906
1690660800000,8.48144531
1690675200000,8.48144531
1690689600000,4.71484375
1690704000000,9.91113281
1690718400000,7.75
1690732800000,-3.85742188
1690747200000,-0.357421875
1690761600000,5.44628906
1690776000000,3.19628906
1690790400000,-0.731445312
1690804800000,-5.89257812
1690819200000,-6.67871094
1690833600000,-20.8037109
1690848000000,-33.0712891
1690862400000,-31.0712891
1690876800000,-27.8398438
1690891200000,-12.5712891
1690905600000,12.2675781
1690920000000,28.875
1690934400000,26.8222656
1690948800000,16.75
1690963200000,4.14257812
1690977600000,-10.1962891
1690992000000,-10.4287109
1691006400000,-1.28613281
1691020800000,-6.39257812
1691035200000,4.33886719
1691049600000,22.7314453
1691064000000,26.8574219
1691078400000,23.6435547
1691092800000,4.25
1691107200000,-21.8212891
1691121600000,-34.5712891
1691136000000,-28.2148438
1691150400000,-31.1074219
1691164800000,-28.0888672
1691179200000,-11.8212891
1691193600000,-9.14355469
1691208000000,-10.7324219
1691222400000,-5.07128906
1691236800000,-3.23144531
1691251200000,-10.0712891
1691265600000,-15.4648438
1691280000000,-12.5712891
1691294400000,-7.73144531
1691308800000,-11.4111328
1691323200000,-10.9287109
1691337600000,-10.0351562
1691352000000,-2.5
1691366400000,3.23242188
1691380800000,-1.44628906
1691395200000,-6.83984375
1691409600000,-2.23242188
1691424000000,10.4287109
1691438400000,10.9824219
1691452800000,8.875
1691467200000,17.4638672
1691481600000,29.1962891
1691496000000,44.75
1691510400000,56.4111328
1691524800000,49.9638672
1691539200000,49.1601562
1691553600000,53.6972656
1691568000000,51.5898438
1691582400000,37.125
1691596800000,38.7314453
1691611200000,41.5712891
1691625600000,26.2685547
1691640000000,22.0351562
1691654400000,21.0537109
1691668800000,10.1962891
1691683200000,-2.375
1691697600000,-19.6777344
1691712000000,-30.2148438
1691726400000,-22.9287109
1691740800000,-25.5175781
1691755200000,-34.2148438
1691769600000,-30.4111328
1691784000000,-12.4814453
1691798400000,-6.5
1691812800000,-11.6611328
1691827200000,-8.07128906
1691841600000,-5.58886719
1691856000000,-4.19628906
1691870400000,-1.80371094
1691884800000,-2.57128906
1691899200000,-2.83984375
1691913600000,-2.55371094
1691928000000,-1.85644531
1691942400000,-3.33886719
1691956800000,-3.17871094
1691971200000,-0.75
1691985600000,-0.571289062
1692000000000,6.32128906
1692014400000,3.23144531
1692028800000,-3.58984375
1692043200000,-1.57128906
1692057600000,-2.5
1692072000000,-3.92871094
1692086400000,-5.80371094
1692100800000,-10.3564453
1692115200000,-13.1962891
1692129600000,-13.7324219
1692144000000,-11.125
1692158400000,-11.4648438
1692172800000,-18.9462891
1692187200000,-21.2675781
1692201600000,-41.4638672
1692216000000,-55.8925781
1692230400000,-53.7685547
1692244800000,-59.5361328
1692259200000,-83.3212891
1692273600000,-105.553711
1692288000000,-147.785156
1692302400000,-194.427734
1692316800000,-198.661133
1692331200000,-196.768555
1692345600000,-211.910156
1692360000000,-225.303711
1692374400000,-219.964844
1692388800000,-221.731445
1692403200000,-212.875
1692417600000,-198.661133
1692432000000,-184.178711
1692446400000,-172.196289
1692460800000,-151.071289
1692475200000,-128.053711
1692489600000,-83.4824219
1692504000000,-27.9638672
1692518400000,-18.4814453
1692532800000,-23.2148438
1692547200000,-5.35742188
1692561600000,8.64355469
1692576000000,0.428710938
1692590400000,1.57128906
1692604800000,3.5
1692619200000,8.07128906
1692633600000,3.96386719
1692648000000,-5.33984375
1692662400000,-2.25
1692676800000,-1.58886719
1692691200000,-7.14257812
1692705600000,-19.8388672
1692720000000,-16.7138672
1692734400000,-7.64355469
1692748800000,-10.2324219
1692763200000,-11.3388672
1692777600000,-1.71484375
1692792000000,25.8212891
1692806400000,38.9111328
1692820800000,29.8388672
1692835200000,24.625
1692849600000,26.1787109
1692864000000,10
1692878400000,-4.80371094
1692892800000,7.51757812
1692907200000,20.1787109
1692921600000,8.875
1692936000000,0.803710938
1692950400000,-1.16015625
1692964800000,-3.25
1692979200000,-2.03613281
1692993600000,-23.0537109
1693008000000,-33.5
1693022400000,-28.3037109
1693036800000,-29.5351562
1693051200000,-29.5888672
1693065600000,-13.625
1693080000000,0.411132812
1693094400000,-5.25
1693108800000,-6.51855469
1693123200000,3.53515625
1693137600000,6
1693152000000,6.78613281
1693166400000,7.35742188
1693180800000,-2.98242188
1693195200000,-7.67871094
1693209600000,-1.67871094
1693224000000,-0.28515625
1693238400000,0.375
1693252800000,3.39257812
1693267200000,0.33984375
1693281600000,-2.41113281
1693296000000,48.1064453
1693310400000,112.964844
1693324800000,120.803711
1693339200000,103.088867
1693353600000,93.8398438
1693368000000,96.4462891
1693382400000,94
1693396800000,88.4287109
1693411200000,85.9814453
1693425600000,87.4462891
1693440000000,84.9462891
1693454400000,85.3574219
1693468800000,77.6074219
1693483200000,39.7324219
1693497600000,-46.9462891
1693512000000,-116.125
1693526400000,-124.588867
1693540800000,-110.393555
1693555200000,-107.053711
1693569600000,-119.660156
1693584000000,-111.518555
1693598400000,-99.7148438
1693612800000,-103.375
1693627200000,-104.517578
1693641600000,-98.9638672
1693656000000,-101.285156
1693670400000,-90.5
1693684800000,-48.2324219
1693699200000,-9.82128906
1693713600000,-4.33984375
1693728000000,-8.82128906
1693742400000,-4.80273438
1693756800000,4.85644531
1693771200000,18.2314453
1693785600000,18.0722656
1693800000000,8.73242188
1693814400000,3.85644531
1693828800000,3.58886719
1693843200000,-0.03515625
1693857600000,-8.57128906
1693872000000,-10.8212891
1693886400000,-8.39257812
1693900800000,-10.3398438
1693915200000,-16.1787109
1693929600000,-12.7675781
1693944000000,-12.1962891
1693958400000,-17.4824219
1693972800000,-18.1787109
1693987200000,-22.5888672
1694001600000,-20.8037109
1694016000000,-9.53613281
1694030400000,-4.08886719
1694044800000,-4.01757812
1694059200000,-1.26757812
1694073600000,2.67871094
1694088000000,5.55273438
1694102400000,21.6064453
1694116800000,38.4111328
1694131200000,37.5361328
1694145600000,19.1074219
1694160000000,6.64257812
1694174400000,10.4814453
1694188800000,17.4648438
1694203200000,18.6435547
1694217600000,11.5175781
1694232000000,5.67871094
1694246400000,5.75
1694260800000,11.0175781
1694275200000,10.75
1694289600000,3.91015625
1694304000000,-14.9111328
1694318400000,-30.7138672
1694332800000,-33.6064453
1694347200000,-18.3212891
1694361600000,-1.23242188
1694376000000,-6.03613281
1694390400000,-9.10742188
1694404800000,-13.1425781
1694419200000,-37.5351562
1694433600000,-58.0888672
1694448000000,-56.4287109
1694462400000,-28.9648438
1694476800000,-5.78613281
1694491200000,5.53613281
1694505600000,21.3398438
1694520000000,22.2314453
1694534400000,12
1694548800000,5.69726562
1694563200000,4.42871094
1694577600000,17.9814453
1694592000000,31.8564453
1694606400000,34.75
1694620800000,59.7861328
1694635200000,85.4462891
1694649600000,87.625
1694664000000,65.8037109
1694678400000,55
1694692800000,52.7685547
1694707200000,32.6787109
1694721600000,31.6064453
1694736000000,46.3037109
1694750400000,45.9111328
1694764800000,35.7314453
1694779200000,23.4638672
1694793600000,20.5
1694808000000,30.7148438
1694822400000,27.375
1694836800000,19.1601562
1694851200000,15.5537109
1694865600000,9.75
1694880000000,-1.05371094
1694894400000,-9.91015625
1694908800000,-6.25
1694923200000,-2.39355469
1694937600000,-2.375
1694952000000,2.05371094
1694966400000,10.5712891
1694980800000,17.0185547
1694995200000,13.5361328
1695009600000,24.25
1695024000000,47.6962891
1695038400000,37.7851562
1695052800000,19.1074219
1695067200000,18.7861328
1695081600000,20.0537109
1695096000000,35.4638672
1695110400000,58.3212891
1695124800000,54.9824219
1695139200000,45.3925781
1695153600000,45.125
1695168000000,42.2148438
1695182400000,36.1425781
1695196800000,32.3564453
1695211200000,7.125
1695225600000,-15.0537109
1695240000000,2.23242188
1695254400000,15.9111328
1695268800000,4.625
1695283200000,-13.4287109
1695297600000,-33.0712891
1695312000000,-53.75
1695326400000,-50.8037109
1695340800000,-39.5537109
1695355200000,-36.3212891
1695369600000,-33.9101562
1695384000000,-36.8935547
1695398400000,-41.6787109
1695412800000,-35.8564453
1695427200000,-33.3574219
1695441600000,-35.5361328
1695456000000,-31.125
1695470400000,-18.3388672
1695484800000,-3.30371094
1695499200000,-0.33984375
1695513600000,-0.606445312
1695528000000,-0.66015625
1695542400000,-3.625
1695556800000,-9.73242188
1695571200000,-20.5537109
1695585600000,-27.4824219
1695600000000,-27.5
1695614400000,-30.2138672
1695628800000,-28.5
1695643200000,-20.9111328
1695657600000,-18.9111328
1695672000000,-19.5537109
1695686400000,-20.7138672
1695700800000,-21.8925781
1695715200000,-26.5361328
1695729600000,-28.75
1695744000000,-25.875
1695758400000,-19.5351562
1695772800000,-7
1695787200000,20.8564453
1695801600000,24.6962891
1695816000000,10
1695830400000,10.6611328
1695844800000,5.19628906
1695859200000,6.125
1695873600000,8.73242188
1695888000000,30.2324219
1695902400000,56.0898438
1695916800000,61.8027344
1695931200000,57.8564453
1695945600000,60.2148438
1695960000000,59.4648438
1695974400000,48.1962891
1695988800000,29.5888672
1696003200000,28.75
1696017600000,46.0712891
1696032000000,44.2675781
1696046400000,41.3398438
1696060800000,40.8037109
1696075200000,40.25
1696089600000,18.7861328
1696104000000,-3.44628906
1696118400000,0.963867188
1696132800000,11.2851562
1696147200000,7.19628906
1696161600000,3.73242188
1696176000000,44.5
1696190400000,82.6074219
1696204800000,93.0898438
1696219200000,96.3027344
1696233600000,85.5888672
1696248000000,76.1074219
1696262400000,54.3398438
1696276800000,38.2324219
1696291200000,40.8925781
1696305600000,38.8388672
1696320000000,26.625
1696334400000,11.0712891
1696348800000,12.4462891
1696363200000,20.8574219
1696377600000,-8.25
1696392000000,-39.0712891
1696406400000,-52.1611328
1696420800000,-53.6425781
1696435200000,-30.2314453
1696449600000,-20.4287109
1696464000000,-7.28613281
1696478400000,8.5
1696492800000,5.28613281
1696507200000,-2.46484375
1696521600000,-0.33984375
1696536000000,13.2148438
1696550400000,18.2685547
1696564800000,20.0351562
1696579200000,29.9638672
1696593600000,31.3935547
1696608000000,33.0888672
1696622400000,30.0537109
1696636800000,14.9287109
1696651200000,15.0527344
1696665600000,23.0537109
1696680000000,17.5898438
1696694400000,19.6962891
1696708800000,35.7324219
1696723200000,39.5537109
1696737600000,27.2851562
1696752000000,18.6425781
1696766400000,15
1696780800000,4.69726562
1696795200000,-1.96386719
1696809600000,-5.625
1696824000000,-19.9287109
1696838400000,-31.3935547
1696852800000,-27.5537109
1696867200000,-24.25
1696881600000,-20.8388672
1696896000000,-19.3564453
1696910400000,-30.8574219
1696924800000,-38.4824219
1696939200000,-33.5361328
1696953600000,-33.5361328
1696968000000,-51.0351562
1696982400000,-65
1696996800000,-58.875
1697011200000,-63.8388672
1697025600000,-63.1787109
1697040000000,-46.5898438
1697054400000,-48.6962891
1697068800000,-56.125
1697083200000,-57.1787109
1697097600000,-64.125
1697112000000,-64.0712891
1697126400000,-51.7675781
1697140800000,-45.1962891
1697155200000,-40.8574219
1697169600000,-25.3037109
1697184000000,-17.8925781
1697198400000,-25.9824219
1697212800000,-11.5351562
1697227200000,9.33886719
1697241600000,6.35644531
1697256000000,1.07226562
1697270400000,5.69628906
1697284800000,5.875
1697299200000,7.69726562
1697313600000,12.6777344
1697328000000,10.25
1697342400000,6.96484375
1697356800000,3.89257812
1697371200000,9.53515625
1697385600000,25.1074219
1697400000000,33.25
1697414400000,51.6064453
1697428800000,64.7685547
1697443200000,72.5
1697457600000,100.213867
1697472000000,113.732422
1697486400000,107.053711
1697500800000,107.25
1697515200000,111.963867
1697529600000,112.607422
1697544000000,116.911133
1697558400000,113.910156
1697572800000,106.803711
1697587200000,100.375
1697601600000,87.6601562
1697616000000,54.6074219
1697630400000,31.6972656
1697644800000,25.8574219
1697659200000,0.927734375
1697673600000,-14.5185547
1697688000000,-0.963867188
1697702400000,14.3935547
1697716800000,20.3388672
1697731200000,20.2851562
1697745600000,34.2148438
1697760000000,55.3574219
1697774400000,77.3037109
1697788800000,85.1962891
1697803200000,80.7851562
1697817600000,93.7675781
1697832000000,99.6611328
1697846400000,98.3037109
1697860800000,104.517578
1697875200000,112.5
1697889600000,118.232422
1697904000000,105.196289
1697918400000,85.9638672
1697932800000,81.1787109
1697947200000,63.8574219
1697961600000,45.5185547
1697976000000,20.9462891
1697990400000,15.4638672
1698004800000,57.9462891
1698019200000,72.3388672
1698033600000,67.4287109
1698048000000,79.8222656
1698062400000,98.3925781
1698076800000,169.517578
1698091200000,253.928711
1698105600000,287.5
1698120000000,313.214844
1698134400000,304.017578
1698148800000,276.875
1698163200000,285.339844
1698177600000,295.713867
1698192000000,287.766602
1698206400000,262.750977
1698220800000,280.107422
1698235200000,302.962891
1698249600000,277.125
1698264000000,253.75
1698278400000,179.732422
1698292800000,58.2324219
1698307200000,3.60742188
1698321600000,-16.5527344
1698336000000,0.107421875
1698350400000,29.8378906
1698364800000,13.3398438
1698379200000,3.35742188
1698393600000,7.39257812
1698408000000,-12.4628906
1698422400000,-51.9296875
1698436800000,-57.9296875
1698451200000,-39.9101562
1698465600000,-38.0175781
1698480000000,-38.3398438
1698494400000,-15.6777344
1698508800000,2.26757812
1698523200000,-0.322265625
1698537600000,-4.60546875
1698552000000,2.71484375
1698566400000,23.6777344
1698580800000,37.4824219
1698595200000,38.125
1698609600000,40.0703125
1698624000000,32.3398438
1698638400000,30.8398438
1698652800000,41.1425781
1698667200000,31.0703125
1698681600000,20.0527344
1698696000000,13.3398438
1698710400000,4.875
1698724800000,20.9296875
1698739200000,25.6972656
1698753600000,17.3203125
1698768000000,17.5527344
1698782400000,1.83984375
1698796800000,-8.17773438
1698811200000,2.125
1698825600000,8
1698840000000,1.3203125
1698854400000,26.1953125
1698868800000,69.1621094
1698883200000,70.8046875
1698897600000,72.4277344
1698912000000,60.1074219
1698926400000,34.8222656
1698940800000,41.5
1698955200000,28.75
1698969600000,-2.07226562
1698984000000,-13.2324219
1698998400000,4.76757812
1699012800000,14.7851562
1699027200000,18.4472656
1699041600000,19.2851562
1699056000000,-19.1972656
1699070400000,-55.5351562
1699084800000,-53.5175781
1699099200000,-45.3925781
1699113600000,-8.16015625
1699128000000,25.9101562
1699142400000,18.2675781
1699156800000,22.375
1699171200000,30.0527344
1699185600000,42.4648438
1699200000000,36.4296875
1699214400000,26.4824219
1699228800000,24.5703125
1699243200000,27.7851562
1699257600000,31.1445312
1699272000000,23.375
1699286400000,24.7675781
1699300800000,18.7324219
1699315200000,2.08789062
1699329600000,-27.8027344
1699344000000,-39.1425781
1699358400000,-2.44726562
1699372800000,30.9648438
1699387200000,27.1777344
1699401600000,16.7675781
1699416000000,19.3574219
1699430400000,22.4824219
1699444800000,23.4121094
1699459200000,32.1074219
1699473600000,68.5
1699488000000,103.232422
1699502400000,122.302734
1699516800000,146.142578
1699531200000,140.875
1699545600000,133.910156
1699560000000,116.947266
1699574400000,84.1796875
1699588800000,102.642578
1699603200000,130.625
1699617600000,134.820312
1699632000000,143.785156
1699646400000,126.089844
1699660800000,101.642578
1699675200000,70.5722656
1699689600000,38.2148438
1699704000000,30.1054688
1699718400000,12.9628906
1699732800000,22.6074219
1699747200000,36.875
1699761600000,26.2148438
1699776000000,36.2871094
1699790400000,26.3925781
1699804800000,1.21289062
1699819200000,-11.2851562
1699833600000,-23.1425781
1699848000000,-19.8925781
1699862400000,-13.9101562
1699876800000,-10.8925781
1699891200000,-26.7851562
1699905600000,-46.8574219
1699920000000,-41.1621094
1699934400000,-41.75
1699948800000,-60.8378906
1699963200000,-98.0722656
1699977600000,-121.572266
1699992000000,-120.5
1700006400000,-115.785156
1700020800000,-78.7148438
1700035200000,-45.5722656
1700049600000,3.4296875
1700064000000,59.8925781
1700078400000,57.375
1700092800000,56.3398438
1700107200000,63.125
1700121600000,17.8398438
1700136000000,-23.3574219
1700150400000,-12.875
1700164800000,41.9824219
1700179200000,66.6601562
1700193600000,60.5
1700208000000,52.4472656
1700222400000,19.1425781
1700236800000,9.5
1700251200000,-33.5
1700265600000,-92.6796875
1700280000000,-90.1601562
1700294400000,-66.0175781
1700308800000,-49
1700323200000,-15.0898438
1700337600000,27.3203125
1700352000000,37.5
1700366400000,15.3574219
1700380800000,11.4121094
1700395200000,32.1074219
1700409600000,66.8574219
1700424000000,75.5527344
1700438400000,51.6601562
1700452800000,50.8222656
1700467200000,65.875
1700481600000,79.7148438
1700496000000,70.1777344
1700510400000,56.875
1700524800000,53.5371094
1700539200000,47.4628906
1700553600000,35.2304688
1700568000000,30.8574219
1700582400000,-12.9804688
1700596800000,-51.5351562
1700611200000,-53.4296875
1700625600000,-56.6777344
1700640000000,-52.0175781
1700654400000,-24
1700668800000,1.69726562
1700683200000,-12.3398438
1700697600000,-13.1074219
1700712000000,-7.23242188
1700726400000,-16.5175781
1700740800000,-8.53515625
1700755200000,14.8027344
1700769600000,22.8574219
1700784000000,76.6777344
1700798400000,113.552734
1700812800000,112.912109
1700827200000,110.964844
1700841600000,92.6777344
1700856000000,64.8203125
1700870400000,33.7148438
1700884800000,27.7148438
1700899200000,25.6601562
1700913600000,29.4101562
1700928000000,47.8398438
1700942400000,48.4472656
1700956800000,36.1953125
1700971200000,32.375
1700985600000,11.0898438
1701000000000,-15.5722656
1701014400000,-41.2148438
1701028800000,-44.8925781
1701043200000,-33.2851562
1701057600000,-45.1425781
1701072000000,-67.2148438
1701086400000,-67.4648438
1701100800000,-45.875
1701115200000,-42.8027344
1701129600000,-51.0878906
1701144000000,-44.0351562
1701158400000,-29.3574219
1701172800000,4.53515625
1701187200000,28.0175781
1701201600000,32.3203125
1701216000000,42.7148438
1701230400000,51.1074219
1701244800000,47.1425781
1701259200000,49.25
1701273600000,69.4101562
1701288000000,81.1796875
1701302400000,61.0722656
1701316800000,46.3203125
1701331200000,45.2128906
1701345600000,36.1425781
1701360000000,25.375
1701374400000,4.3046875
1701388800000,12.4824219
1701403200000,39.4453125
1701417600000,35.5898438
1701432000000,35.9472656
1701446400000,55.4472656
1701460800000,64.5351562
1701475200000,64.375
1701489600000,56.3398438
1701504000000,62.3203125
1701518400000,93.1972656
1701532800000,122.892578
1701547200000,125.695312
1701561600000,122.625
1701576000000,115.929688
1701590400000,107.517578
1701604800000,90.3027344
1701619200000,91.9121094
1701633600000,126.839844
1701648000000,169.357422
1701662400000,200.107422
1701676800000,192.570312
1701691200000,208.445312
1701705600000,229.929688
1701720000000,198.697266
1701734400000,159.695312
1701748800000,158.160156
1701763200000,182.535156
1701777600000,252.947266
1701792000000,307.929688
1701806400000,302.5
1701820800000,279.892578
1701835200000,242.320312
1701849600000,194.052734
1701864000000,167.75
1701878400000,173.714844
1701892800000,157.410156
1701907200000,136.839844
1701921600000,116.447266
1701936000000,124.535156
1701950400000,129.339844
1701964800000,90.4648438
1701979200000,22.2675781
1701993600000,-47.5
1702008000000,-34.4296875
1702022400000,1.0703125
1702036800000,7.25
1702051200000,18.1074219
1702065600000,20.0195312
1702080000000,22.1621094
1702094400000,12.9277344
1702108800000,3.30273438
1702123200000,34
1702137600000,29.5
1702152000000,24.5898438
1702166400000,47.0898438
1702180800000,38.1953125
1702195200000,40.6953125
1702209600000,31.2871094
1702224000000,6.33984375
1702238400000,-56.0371094
1702252800000,-131.267578
1702267200000,-137.552734
1702281600000,-150.447266
1702296000000,-196.589844
1702310400000,-212.302734
1702324800000,-180.892578
1702339200000,-144.464844
1702353600000,-146.732422
1702368000000,-175.142578
1702382400000,-188.320312
1702396800000,-182.125
1702411200000,-193.929688
1702425600000,-204.089844
1702440000000,-145.839844
1702454400000,-55.3925781
1702468800000,6.08984375
1702483200000,51.6601562
1702497600000,109.142578
1702512000000,131.072266
1702526400000,114.964844
1702540800000,74.5175781
1702555200000,74.4648438
1702569600000,114.339844
1702584000000,119.570312
1702598400000,104.464844
1702612800000,114.304688
1702627200000,98.7851562
1702641600000,68.75
1702656000000,40.6074219
1702670400000,-13.0371094
1702684800000,-37.5
1702699200000,-38.375
1702713600000,-26.1621094
1702728000000,-44.6777344
1702742400000,-40.3925781
1702756800000,-50.375
1702771200000,-84.5
1702785600000,-72.125
1702800000000,-64.8027344
1702814400000,-59.3222656
1702828800000,-45.5898438
1702843200000,-57.8027344
1702857600000,-67.9101562
1702872000000,-75.0898438
1702886400000,-79.5351562
1702900800000,-56.7128906
1702915200000,-19.5195312
1702929600000,29.25
1702944000000,54.6972656
1702958400000,66.75
1702972800000,60.6425781
1702987200000,35.9804688
1703001600000,31.8046875
1703016000000,30.1445312
1703030400000,69.1953125
1703044800000,121.767578
1703059200000,170.357422
1703073600000,200.357422
1703088000000,182.142578
1703102400000,157.427734
1703116800000,110.322266
1703131200000,71
1703145600000,59.2128906
1703160000000,50.4648438
1703174400000,72.2871094
1703188800000,110.875
1703203200000,109.177734
1703217600000,96.6601562
1703232000000,75.3222656
1703246400000,55.9472656
1703260800000,28.125
1703275200000,-7.26953125
1703289600000,-9.78710938
1703304000000,-6.80273438
1703318400000,-3.53515625
1703332800000,-8.67773438
1703347200000,-12.5898438
1703361600000,4.92773438
1703376000000,1.28710938
1703390400000,-20.7851562
1703404800000,-9.94726562
1703419200000,-1.14257812
1703433600000,-27.8027344
1703448000000,-41.6972656
1703462400000,-46.6621094
1703476800000,-41.8222656
1703491200000,-10.875
1703505600000,-0.802734375
1703520000000,-9.66015625
1703534400000,-15.2324219
1703548800000,-42.3398438
1703563200000,-75.3925781
1703577600000,-87.2851562
1703592000000,-100.857422
1703606400000,-97.6777344
1703620800000,-92.5703125
1703635200000,-69.5371094
1703649600000,-23.2871094
1703664000000,-12.4101562
1703678400000,-8.98242188
1703692800000,-8.05273438
1703707200000,-8.3203125
1703721600000,-19.8398438
1703736000000,-31.8046875
1703750400000,-23.9648438
1703764800000,-12.875
1703779200000,5.25
1703793600000,28.9824219
1703808000000,14.3222656
1703822400000,16.3925781
1703836800000,17.6777344
1703851200000,-39.25
1703865600000,-66.1074219
1703880000000,-75.2128906
1703894400000,-95.0527344
1703908800000,-108.804688
1703923200000,-80.5351562
1703937600000,-51.125
1703952000000,-37.5898438
1703966400000,-27.0878906
1703980800000,-18.2675781
1703995200000,-9.6796875
1704009600000,-2.41015625
1704024000000,-6.03515625
1704038400000,-11.8398438
1704052800000,6.91015625
1704067200000,24.1953125
1704081600000,41.75
1704096000000,55.1621094
1704110400000,89.4824219
1704124800000,125.695312
1704139200000,176.017578
1704153600000,231.375
1704168000000,239.822266
1704182400000,214.947266
1704196800000,187.660156
1704211200000,181.75
1704225600000,187.107422
1704240000000,194.875
1704254400000,147.375
1704268800000,65.1425781
1704283200000,12
1704297600000,-2.96484375
1704312000000,-15.125
1704326400000,-68.875
1704340800000,-133.054688
1704355200000,-134
1704369600000,-108.802734
1704384000000,-95
1704398400000,-97.0898438
1704412800000,-100.962891
1704427200000,-99
1704441600000,-110.464844
1704456000000,-59.8574219
1704470400000,36.5351562
1704484800000,89.1621094
1704499200000,77.0898438
1704513600000,48.5351562
1704528000000,58.1074219
1704542400000,63.2851562
1704556800000,20.4453125
1704571200000,-5.58789062
1704585600000,-3.71289062
1704600000000,18.5
1704614400000,29.625
1704628800000,25.6425781
1704643200000,31.2851562
1704657600000,11.2128906
1704672000000,-10.6796875
1704686400000,17.3574219
1704700800000,71.0898438
1704715200000,166.072266
1704729600000,230.535156
1704744000000,219.142578
1704758400000,210.554688
1704772800000,198.464844
1704787200000,195.107422
1704801600000,199.552734
1704816000000,174.570312
1704830400000,141.089844
1704844800000,132.857422
1704859200000,137.857422
1704873600000,129.554688
1704888000000,124.25
1704902400000,127.587891
1704916800000,42.9277344
1704931200000,-48.4101562
1704945600000,-25.25
1704960000000,3.89257812
1704974400000,1.10742188
1704988800000,-15.6601562
1705003200000,-49.8925781
1705017600000,-35.3925781
1705032000000,-9.57226562
1705046400000,-52.2871094
1705060800000,-121.160156
1705075200000,-175.375
1705089600000,-240.517578
1705104000000,-268.285156
1705118400000,-267.714844
1705132800000,-246.017578
1705147200000,-261.125
1705161600000,-296.107422
1705176000000,-285.357422
1705190400000,-263.945312
1705204800000,-234.177734
1705219200000,-226.125
1705233600000,-231.054688
1705248000000,-218.679688
1705262400000,-132.625
1705276800000,-35.5898438
1705291200000,0.0546875
1705305600000,-27.2128906
1705320000000,-18.1425781
1705334400000,-11.5175781
1705348800000,-19.4296875
1705363200000,0.28515625
1705377600000,2.25
1705392000000,13.8027344
1705406400000,19.5
1705420800000,19.6074219
1705435200000,14.1796875
1705449600000,39.6425781
1705464000000,37.5351562
1705478400000,-4.5703125
1705492800000,-12.25
1705507200000,13.3378906
1705521600000,1.80273438
1705536000000,-1.60546875
1705550400000,0.072265625
1705564800000,-19.3222656
1705579200000,-72.6972656
1705593600000,-136.089844
1705608000000,-145.392578
1705622400000,-143.107422
1705636800000,-116.177734
1705651200000,-111.730469
1705665600000,-93.2324219
1705680000000,-59.9121094
1705694400000,-63.8027344
1705708800000,-74.1425781
1705723200000,-74.3222656
1705737600000,-82.0351562
1705752000000,-79.2851562
1705766400000,-64.7324219
1705780800000,-8.33984375
1705795200000,36.7324219
1705809600000,37.3925781
1705824000000,40.375
1705838400000,26.0175781
1705852800000,36.375
1705867200000,5.03710938
1705881600000,-41.6074219
1705896000000,-49.8046875
1705910400000,-59.6074219
1705924800000,-93.9824219
1705939200000,-135.339844
1705953600000,-130.357422
1705968000000,-126.105469
1705982400000,-169.427734
1705996800000,-188.947266
1706011200000,-180.232422
1706025600000,-156.625
1706040000000,-140.552734
1706054400000,-135.607422
1706068800000,-94.875
1706083200000,-71.9824219
1706097600000,-72.2675781
1706112000000,-60.9453125
1706126400000,-17.0546875
1706140800000,28.3027344
1706155200000,27.4296875
1706169600000,7.25
1706184000000,41
1706198400000,67.5
1706212800000,60.125
1706227200000,35.7148438
1706241600000,62.5
1706256000000,111.017578
1706270400000,117.5
1706284800000,129.535156
1706299200000,135.25
1706313600000,129.982422
1706328000000,120.392578
1706342400000,122.982422
1706356800000,122.587891
1706371200000,145.427734
1706385600000,164.232422
1706400000000,168
1706414400000,174.125
1706428800000,168.662109
1706443200000,100.357422
1706457600000,41.8378906
1706472000000,32.8046875
1706486400000,18.1445312
1706500800000,24.3203125
1706515200000,49.3925781
1706529600000,77.9472656
1706544000000,97.9101562
1706558400000,111.160156
1706572800000,101.875
1706587200000,90.8925781
1706601600000,81.8027344
1706616000000,73.0898438
1706630400000,62.6972656
1706644800000,64.8925781
1706659200000,76.3398438
1706673600000,47.1972656
1706688000000,58.4277344
1706702400000,86.2675781
1706716800000,35.8398438
1706731200000,-39.8222656
1706745600000,-78.1425781
1706760000000,-93.9453125
1706774400000,-83.8046875
1706788800000,-42.3574219
1706803200000,-21.7324219
1706817600000,-29.1074219
1706832000000,-13.4804688
1706846400000,12.7324219
1706860800000,13.7851562
1706875200000,20.4628906
1706889600000,7.35742188
1706904000000,-13.2675781
1706918400000,10.9824219
1706932800000,53.3046875
1706947200000,70.0527344
1706961600000,69.8378906
1706976000000,54.4101562
1706990400000,11.2148438
1707004800000,-16.4101562
1707019200000,-7.85742188
1707033600000,-4.94726562
1707048000000,-24.6601562
1707062400000,-42.0703125
1707076800000,-36.2851562
1707091200000,-17.7148438
1707105600000,-3.91210938
1707120000000,-14.6953125
1707134400000,-24.4277344
1707148800000,-24.3398438
1707163200000,-23.875
1707177600000,-13.875
1707192000000,-12.875
1707206400000,6.98242188
1707220800000,21.8925781
1707235200000,13.6074219
1707249600000,11.6972656
1707264000000,16.7675781
1707278400000,19.1425781
1707292800000,7.75
1707307200000,14.5703125
1707321600000,77.3027344
1707336000000,126.572266
1707350400000,129.839844
1707364800000,132.802734
1707379200000,159.392578
1707393600000,181.287109
1707408000000,163.302734
1707422400000,173.25
1707436800000,210.482422
1707451200000,268.75
1707465600000,310.947266
1707480000000,319.195312
1707494400000,313.070312
1707508800000,283.267578
1707523200000,237.197266
1707537600000,197.537109
1707552000000,198.822266
1707566400000,205.087891
1707580800000,186.125
1707595200000,200.732422
1707609600000,222.087891
1707624000000,191.804688
1707638400000,157.662109
1707652800000,111.535156
1707667200000,82.6601562
1707681600000,65.2148438
1707696000000,62.0175781
1707710400000,56.7324219
1707724800000,116.464844
1707739200000,182.105469
1707753600000,175.785156
1707768000000,173.5
1707782400000,162.517578
1707796800000,133.769531
1707811200000,71.0175781
1707825600000,40.375
1707840000000,77.7324219
1707854400000,101.375
1707868800000,101.107422
1707883200000,177.980469
1707897600000,243.802734
1707912000000,257.929688
1707926400000,204.912109
1707940800000,171.177734
1707955200000,170.195312
1707969600000,160.162109
1707984000000,162.572266
1707998400000,143.392578
1708012800000,188.625
1708027200000,232.820312
1708041600000,191.642578
1708056000000,170.429688
1708070400000,169.535156
1708084800000,79.4824219
1708099200000,25.2148438
1708113600000,29.1953125
1708128000000,13.2324219
1708142400000,-21.6425781
1708156800000,-53.75
1708171200000,-64.3925781
1708185600000,-45.375
1708200000000,-30.6074219
1708214400000,-29.9296875
1708228800000,-26.5
1708243200000,-17.1777344
1708257600000,-17.5722656
1708272000000,-9.03515625
1708286400000,17.9121094
1708300800000,18.9628906
1708315200000,22.3925781
1708329600000,20.1796875
1708344000000,9.17773438
1708358400000,27.7148438
1708372800000,30.8574219
1708387200000,10.3203125
1708401600000,34.0546875
1708416000000,29.0722656
1708430400000,9.41015625
1708444800000,28.0175781
1708459200000,28.0351562
1708473600000,-11.4472656
1708488000000,-58.8027344
1708502400000,-83.1777344
1708516800000,-90.6621094
1708531200000,-53.4824219
1708545600000,-13.6601562
1708560000000,-1.69726562
1708574400000,6.25
1708588800000,-6.125
1708603200000,-36.5175781
1708617600000,-42.3554688
1708632000000,-50.5175781
1708646400000,-85.4296875
1708660800000,-77.375
1708675200000,-51.4101562
1708689600000,-18.4648438
1708704000000,-10.0722656
1708718400000,-22.9648438
1708732800000,-37.1074219
1708747200000,-45.4453125
1708761600000,-41.7851562
1708776000000,-26.1796875
1708790400000,-1.35742188
1708804800000,4.89453125
1708819200000,21.9648438
1708833600000,37.1953125
1708848000000,41.4277344
1708862400000,37.1601562
1708876800000,45.9121094
1708891200000,46.1621094
1708905600000,36.5
1708920000000,28.5351562
1708934400000,72.6777344
1708948800000,186.267578
1708963200000,243.5
1708977600000,271.732422
1708992000000,311.822266
1709006400000,337.839844
1709020800000,356.177734
1709035200000,384.107422
1709049600000,403.232422
1709064000000,388.017578
1709078400000,424.517578
1709092800000,502.232422
1709107200000,615
1709121600000,703.105469
1709136000000,699.554688
1709150400000,597.107422
1709164800000,546.142578
1709179200000,551.447266
1709193600000,497.552734
1709208000000,421.964844
1709222400000,341.392578
1709236800000,294.712891
1709251200000,293.125
1709265600000,335.429688
1709280000000,284.679688
1709294400000,223.625
1709308800000,167.25
1709323200000,99.875
1709337600000,34.2128906
1709352000000,-3.23242188
1709366400000,-19.375
1709380800000,-60.0898438
1709395200000,-54.9628906
1709409600000,-14.9453125
1709424000000,26.2128906
1709438400000,40.9804688
1709452800000,52.0371094
1709467200000,56.2148438
1709481600000,96.2675781
1709496000000,110.947266
1709510400000,105.660156
1709524800000,166.517578
1709539200000,265.535156
1709553600000,358.142578
1709568000000,430.964844
1709582400000,449.447266
1709596800000,366.410156
1709611200000,319.375
1709625600000,354.412109
1709640000000,170.712891
1709654400000,42.8925781
1709668800000,77.3046875
1709683200000,148.462891
1709697600000,266.304688
1709712000000,223.359375
1709726400000,138.410156
1709740800000,37.6953125
1709755200000,-72.75
1709769600000,-125.5
1709784000000,-114
1709798400000,-7.03515625
1709812800000,68.5
1709827200000,34.4804688
1709841600000,208.75
1709856000000,331.875
1709870400000,287.980469
1709884800000,195.144531
1709899200000,92.25
1709913600000,120.125
1709928000000,118.5
1709942400000,138.605469
1709956800000,174.375
1709971200000,162.839844
1709985600000,120.570312
1710000000000,89.4453125
1710014400000,101.304688
1710028800000,152.25
1710043200000,180.894531
1710057600000,159.234375
1710072000000,129.390625
1710086400000,107.945312
1710100800000,35.359375
1710115200000,89.375
1710129600000,216.070312
1710144000000,242.894531
1710158400000,257.089844
1710172800000,260.910156
1710187200000,250.855469
1710201600000,251.105469
1710216000000,233.339844
1710230400000,180.714844
1710244800000,138.679688
1710259200000,135.445312
1710273600000,169.390625
1710288000000,231.269531
1710302400000,299.839844
1710316800000,217.875
1710331200000,123.824219
1710345600000,105.179688
1710360000000,84.3203125
1710374400000,86.5898438
1710388800000,86.8398438
1710403200000,-0.07421875
1710417600000,-141.339844
1710432000000,-106.605469
1710446400000,-125.785156
1710460800000,-223.125
1710475200000,-265.699219
1710489600000,-328.644531
1710504000000,-321.605469
1710518400000,-264.105469
1710532800000,-266.339844
1710547200000,-283.910156
1710561600000,-314.679688
1710576000000,-357.699219
1710590400000,-391.945312
1710604800000,-417.085938
1710619200000,-304
1710633600000,-311.375
1710648000000,-252.515625
1710662400000,-62.9296875
1710676800000,10.0351562
1710691200000,35.265625
1710705600000,-29.859375
1710720000000,-85
1710734400000,-83.515625
1710748800000,-105.425781
1710763200000,-117.25
1710777600000,-76.5351562
1710792000000,-65.5195312
1710806400000,-58.6445312
1710820800000,-147.179688
1710835200000,-182.144531
1710849600000,-148.230469
1710864000000,-306.730469
1710878400000,-454.769531
1710892800000,-433.089844
1710907200000,-357.783203
1710921600000,-327.785156
1710936000000,-250.625
1710950400000,-73.1601562
1710964800000,3.64257812
1710979200000,-31.9296875
1710993600000,18.9628906
1711008000000,109.037109
1711022400000,146.25
1711036800000,131.087891
1711051200000,110.375
1711065600000,210.947266
1711080000000,239.552734
1711094400000,119.962891
1711108800000,52.609375
1711123200000,26.1796875
1711137600000,-71.5703125
1711152000000,-194.75
1711166400000,-186.251953
1711180800000,-136.410156
1711195200000,-143.107422
1711209600000,-169.839844
1711224000000,-137.5
1711238400000,-75.9824219
1711252800000,-53.3027344
1711267200000,-40.5351562
1711281600000,39.8574219
1711296000000,178.535156
1711310400000,245.927734
1711324800000,235.035156
1711339200000,226.126953
1711353600000,303.857422
1711368000000,415.460938
1711382400000,399.304688
1711396800000,370.554688
1711411200000,434.355469
1711425600000,475.359375
1711440000000,443.160156
1711454400000,349.570312
1711468800000,302.589844
1711483200000,318.035156
1711497600000,252.394531
1711512000000,193.375
1711526400000,174.679688
1711540800000,134.855469
1711555200000,50.7851562
1711569600000,-75.890625
1711584000000,-45.3945312
1711598400000,25.1796875
1711612800000,34.3398438
1711627200000,30.390625
1711641600000,23.0351562
1711656000000,55.1796875
1711670400000,29.4648438
1711684800000,-13.5703125
1711699200000,-26.9804688
1711713600000,-39.0898438
1711728000000,17.765625
1711742400000,80.9804688
1711756800000,58.9101562
1711771200000,50.0195312
1711785600000,23.1796875
1711800000000,-37.2695312
1711814400000,-84.5
1711828800000,-90.0351562
1711843200000,-48.2695312
1711857600000,-19.1601562
1711872000000,18.609375
1711886400000,53.6054688
1711900800000,110.125
1711915200000,108.929688
1711929600000,22.1953125
1711944000000,-21.6445312
1711958400000,-72.0546875
1711972800000,-80.140625
1711987200000,-33.25
1712001600000,-129.375
1712016000000,-230.070312
1712030400000,-269.035156
1712044800000,-351.730469
1712059200000,-358.660156
1712073600000,-341.074219
1712088000000,-354.324219
1712102400000,-362.050781
1712116800000,-349.660156
1712131200000,-299.644531
1712145600000,-270.339844
1712160000000,-216.660156
1712174400000,-229.355469
1712188800000,-278.375
1712203200000,-145.875
1712217600000,26.4101562
1712232000000,142.429688
1712246400000,230.554688
1712260800000,197.445312
1712275200000,120.605469
1712289600000,59.890625
1712304000000,81.0742188
1712318400000,117.929688
1712332800000,116.070312
1712347200000,141.535156
1712361600000,144.304688
1712376000000,146.644531
1712390400000,146.210938
1712404800000,141.625
1712419200000,113.894531
1712433600000,78.0898438
1712448000000,64.7304688
1712462400000,87.1054688
1712476800000,150.519531
1712491200000,187.875
1712505600000,133.410156
1712520000000,115.894531
1712534400000,178.964844
1712548800000,270.800781
1712563200000,302.480469
1712577600000,283.144531
1712592000000,275.199219
1712606400000,237.839844
1712620800000,163.550781
1712635200000,103.535156
1712649600000,46.109375
1712664000000,-17.5898438
1712678400000,-30.25
1712692800000,-11.890625
1712707200000,3.9296875
1712721600000,-13.5195312
1712736000000,-88.1796875
1712750400000,-160.785156
1712764800000,-127.714844
1712779200000,-75.8398438
1712793600000,-66.9804688
1712808000000,-81.1796875
1712822400000,-62.6796875
1712836800000,-27.1601562
1712851200000,12.9648438
1712865600000,96.4296875
1712880000000,131.015625
1712894400000,120.589844
1712908800000,59.0351562
1712923200000,-83.125
1712937600000,-135.390625
1712952000000,-157.804688
1712966400000,-217.609375
1712980800000,-238.980469
1712995200000,-234.640625
1713009600000,-295.609375
1713024000000,-400.929688
1713038400000,-464.589844
1713052800000,-446.390625
1713067200000,-439.339844
1713081600000,-479.125
1713096000000,-476.875
1713110400000,-368.949219
1713124800000,-186.748047
1713139200000,-88.0527344
1713153600000,-74.6074219
1713168000000,-146.982422
1713182400000,-246.660156
1713196800000,-296.160156
1713211200000,-215.214844
1713225600000,-79.4277344
1713240000000,-29.4824219
1713254400000,-110.394531
1713268800000,-148.75
1713283200000,-65.6054688
1713297600000,-24.5
1713312000000,-97.375
1713326400000,-179.802734
1713340800000,-308.375
1713355200000,-390.304688
1713369600000,-294.232422
1713384000000,-166.427734
1713398400000,-128.554688
1713412800000,-95.6601562
1713427200000,-15.5351562
1713441600000,13.6054688
1713456000000,75.3398438
1713470400000,26.3398438
1713484800000,-7.3046875
1713499200000,63.7851562
1713513600000,78.1074219
1713528000000,103.232422
1713542400000,187.964844
1713556800000,232.072266
1713571200000,202.285156
1713585600000,158.214844
1713600000000,192.267578
1713614400000,212.070312
1713628800000,133
1713643200000,112.179688
1713657600000,119.947266
1713672000000,182.535156
1713686400000,140.070312
1713700800000,4.41015625
1713715200000,5.25
1713729600000,67.6972656
1713744000000,128.214844
1713758400000,147.607422
1713772800000,142.392578
1713787200000,173.392578
1713801600000,172.089844
1713816000000,127.015625
1713830400000,97.3945312
1713844800000,72.375
1713859200000,76.0351562
1713873600000,89.4140625
1713888000000,93.2851562
1713902400000,123.925781
1713916800000,134.285156
1713931200000,90.4648438
1713945600000,-20.3554688
1713960000000,-121.785156
1713974400000,-133.554688
1713988800000,-143.894531
1714003200000,-182.859375
1714017600000,-194.820312
1714032000000,-164.820312
1714046400000,-119.337891
1714060800000,-117.482422
1714075200000,-144.697266
1714089600000,-152.105469
1714104000000,-162.822266
1714118400000,-198.787109
1714132800000,-215.517578
1714147200000,-132.552734
1714161600000,-61.0351562
1714176000000,-77.4296875
1714190400000,-97.6425781
1714204800000,-88.8925781
1714219200000,-56.8046875
1714233600000,-44.3378906
1714248000000,-50.8203125
1714262400000,-46.1074219
1714276800000,-53.4824219
1714291200000,-59.4472656
1714305600000,-44.9648438
1714320000000,-31.7148438
1714334400000,-65.7675781
1714348800000,-99.6953125
1714363200000,-76.75
1714377600000,-25.8574219
1714392000000,8.26757812
1714406400000,36.6425781
1714420800000,42.6074219
1714435200000,0.83984375
1714449600000,-110.375
1714464000000,-212.464844
1714478400000,-263.214844
1714492800000,-253.232422
1714507200000,-228.785156
1714521600000,-328.392578
1714536000000,-358.677734
1714550400000,-356.410156
1714564800000,-390.839844
1714579200000,-362.697266
1714593600000,-370.785156
1714608000000,-420.945312
1714622400000,-402.5
1714636800000,-319.375
1714651200000,-204.054688
1714665600000,-126.589844
1714680000000,-43.1601562
1714694400000,-34.9277344
1714708800000,-84.1601562
1714723200000,120.875
1714737600000,304.087891
1714752000000,368.730469
1714766400000,425.089844
1714780800000,377.304688
1714795200000,401.947266
1714809600000,447.195312
1714824000000,407.070312
1714838400000,358.054688
1714852800000,304.304688
1714867200000,307.070312
1714881600000,316.767578
1714896000000,336.464844
1714910400000,351.857422
1714924800000,246.589844
1714939200000,145.660156
1714953600000,121.839844
1714968000000,113.410156
1714982400000,77.7675781
1714996800000,-1.08789062
1715011200000,-41.6621094
1715025600000,-42.9296875
1715040000000,-33.4804688
1715054400000,0.375
1715068800000,6.78515625
1715083200000,-30.8574219
1715097600000,-105.535156
1715112000000,-111.427734
1715126400000,-100.232422
1715140800000,-123.267578
1715155200000,-140.162109
1715169600000,-155.517578
1715184000000,-162.785156
1715198400000,-145.072266
1715212800000,-124.589844
1715227200000,-146.267578
1715241600000,-131.75
1715256000000,-90.3574219
1715270400000,-59.875
1715284800000,-29.2324219
1715299200000,21.2871094
1715313600000,40.9824219
1715328000000,-32.1621094
1715342400000,-101.75
1715356800000,-108.5
1715371200000,-105.072266
1715385600000,-57.3925781
1715400000000,-39.9453125
1715414400000,-37.1074219
1715428800000,0.91015625
1715443200000,-45.125
1715457600000,-103.892578
1715472000000,-136.605469
1715486400000,-144.589844
1715500800000,-123.179688
1715515200000,-127.337891
1715529600000,-48.4453125
1715544000000,35.5878906
1715558400000,71.5527344
1715572800000,126.929688
1715587200000,142.982422
1715601600000,160.302734
1715616000000,152.232422
1715630400000,110.267578
1715644800000,89.6074219
1715659200000,73.1796875
1715673600000,64.9277344
1715688000000,50.1601562
1715702400000,21.1425781
1715716800000,24.3925781
1715731200000,45.4824219
1715745600000,73.4824219
1715760000000,132.964844
1715774400000,204.589844
1715788800000,234.517578
1715803200000,217.212891
1715817600000,217.320312
1715832000000,262
1715846400000,283.947266
1715860800000,259.464844
1715875200000,246.535156
1715889600000,268.517578
1715904000000,318
1715918400000,328.304688
1715932800000,333.894531
1715947200000,344.515625
1715961600000,247.300781
1715976000000,115.289062
1715990400000,56
1716004800000,66.2304688
1716019200000,66.3398438
1716033600000,36.8945312
1716048000000,51.4648438
1716062400000,108.640625
1716076800000,145.769531
1716091200000,137.554688
1716105600000,79.875
1716120000000,9.73046875
1716134400000,-41.6445312
1716148800000,-48.1054688
1716163200000,-21.7304688
1716177600000,-5.83984375
1716192000000,21.265625
1716206400000,122.445312
1716220800000,269.449219
1716235200000,323.339844
1716249600000,300.015625
1716264000000,286.910156
1716278400000,235
1716292800000,161.5
1716307200000,187.660156
1716321600000,259.785156
1716336000000,267.179688
1716350400000,236.144531
1716364800000,242.519531
1716379200000,226.695312
1716393600000,158.695312
1716408000000,41.375
1716422400000,-83.5195312
1716436800000,-107.5
1716451200000,-147.015625
1716465600000,-243.230469
1716480000000,-209.625
1716494400000,-117.625
1716508800000,-157.859375
1716523200000,-201.984375
1716537600000,-144.714844
1716552000000,-72.890625
1716566400000,-90.2851562
1716580800000,-99.0898438
1716595200000,-46.1953125
1716609600000,-26.6796875
1716624000000,-39.0703125
1716638400000,-56.0507812
1716652800000,16.015625
1716667200000,113.910156
1716681600000,118.269531
1716696000000,94.2851562
1716710400000,105.875
1716724800000,115.679688
1716739200000,61.1796875
1716753600000,-2.33984375
1716768000000,-5.51953125
1716782400000,-9.58984375
1716796800000,45.4296875
1716811200000,62.875
1716825600000,21.4257812
1716840000000,-24.5546875
1716854400000,-99.9453125
1716868800000,-85.5898438
1716883200000,-62.625
1716897600000,-61.9101562
1716912000000,-43.0703125
1716926400000,-19.7304688
1716940800000,-24.0351562
1716955200000,-62.8398438
1716969600000,-87.125
1716984000000,-88.1445312
1716998400000,-142.019531
1717012800000,-141.035156
1717027200000,-107.820312
1717041600000,-75.9101562
1717056000000,21.4648438
1717070400000,42.6953125
1717084800000,12.2148438
1717099200000,4.0546875
1717113600000,-4.234375
1717128000000,-25.1953125
1717142400000,-43.1953125
1717156800000,-30.0351562
1717171200000,-0.21484375
1717185600000,20.1054688
1717200000000,15.9804688
1717214400000,-16.0351562
1717228800000,-12.640625
1717243200000,1.98046875
1717257600000,-29.6953125
1717272000000,-61.4453125
1717286400000,-57.5195312
1717300800000,-33.8554688
1717315200000,-10.125
1717329600000,-21.7148438
1717344000000,-0.5703125
1717358400000,49.0898438
1717372800000,79.3203125
1717387200000,101.765625
1717401600000,124.445312
1717416000000,130.25
1717430400000,98.4492188
1717444800000,93.4453125
1717459200000,97.5703125
1717473600000,88.6796875
1717488000000,142.964844
1717502400000,179.910156
1717516800000,166.890625
1717531200000,203.574219
1717545600000,241.410156
1717560000000,217.160156
1717574400000,189.039062
1717588800000,175.785156
1717603200000,132.035156
1717617600000,119.355469
1717632000000,146.464844
1717646400000,152.484375
1717660800000,154.960938
1717675200000,137.265625
1717689600000,66.3242188
1717704000000,30.9648438
1717718400000,38.625
1717732800000,45.1796875
1717747200000,21.3398438
1717761600000,-66.875
1717776000000,-143.824219
1717790400000,-149.839844
1717804800000,-123.765625
1717819200000,-116.035156
1717833600000,-119.054688
1717848000000,-120.554688
1717862400000,-133.714844
1717876800000,-114.964844
1717891200000,-96
1717905600000,-110.265625
1717920000000,-114.445312
1717934400000,-127.929688
1717948800000,-122.679688
1717963200000,-38.0195312
1717977600000,13.5195312
1717992000000,2.984375
1718006400000,20.3554688
1718020800000,20.8203125
1718035200000,6.46484375
1718049600000,-34.3398438
1718064000000,-100.980469
1718078400000,-150.230469
1718092800000,-197.339844
1718107200000,-182.679688
1718121600000,-150.179688
1718136000000,-161.105469
1718150400000,-161.785156
1718164800000,-145.519531
1718179200000,-52.3046875
1718193600000,-55.5703125
1718208000000,-134.910156
1718222400000,-137.964844
1718236800000,-137.070312
1718251200000,-89.3945312
1718265600000,-63.6601562
1718280000000,-48.3007812
1718294400000,8.9609375
1718308800000,-5.28515625
1718323200000,-39.8007812
1718337600000,-30.4140625
1718352000000,-53.6796875
1718366400000,-120
1718380800000,-214.695312
1718395200000,-181.550781
1718409600000,-128
1718424000000,-123.054688
1718438400000,-95.3242188
1718452800000,-110.644531
1718467200000,-69.6054688
1718481600000,-29.6757812
1718496000000,-38.6601562
1718510400000,-31.3046875
1718524800000,-20.3398438
1718539200000,-28.3945312
1718553600000,-10.7304688
1718568000000,31.234375
1718582400000,26.4804688
1718596800000,-13.0195312
1718611200000,-40.9648438
1718625600000,-11.4648438
1718640000000,20.5898438
1718654400000,-14.9453125
1718668800000,-40.9648438
1718683200000,-44.5351562
1718697600000,-81.1601562
1718712000000,-127.839844
1718726400000,-127.589844
1718740800000,-94.6953125
1718755200000,-87.0546875
1718769600000,-82.125
1718784000000,-78.015625
1718798400000,-75.0371094
1718812800000,-45.375
1718827200000,-65.2675781
1718841600000,-74.8574219
1718856000000,2.32226562
1718870400000,-4.64257812
1718884800000,-41.2324219
1718899200000,-4.21484375
1718913600000,9.98242188
1718928000000,-32.7148438
1718942400000,-94.1972656
1718956800000,-115.017578
1718971200000,-89.8925781
1718985600000,-61.125
1719000000000,-47.6074219
1719014400000,-36.4824219
1719028800000,-49.5
1719043200000,-88.2675781
1719057600000,-123.070312
1719072000000,-87.625
1719086400000,-41.3046875
1719100800000,-38.1953125
1719115200000,-21.6777344
1719129600000,-6.1796875
1719144000000,12.875
1719158400000,-6.16015625
1719172800000,-71.3046875
1719187200000,-112.482422
1719201600000,-169.927734
1719216000000,-239.947266
1719230400000,-308.535156
1719244800000,-321.892578
1719259200000,-252.839844
1719273600000,-237.552734
1719288000000,-246.214844
1719302400000,-210.554688
1719316800000,-179.087891
1719331200000,-167.605469
1719345600000,-161.857422
1719360000000,-131.537109
1719374400000,-101
1719388800000,-82.5703125
1719403200000,-44.9121094
1719417600000,-11.0722656
1719432000000,60.5
1719446400000,78.7324219
1719460800000,14.375
1719475200000,27.5351562
1719489600000,40.5722656
1719504000000,4.625
1719518400000,-10.0898438
1719532800000,-23.2675781
1719547200000,-26.8378906
1719561600000,-34.5175781
1719576000000,-76.2695312
1719590400000,-91.8398438
1719604800000,-51
1719619200000,-4.1953125
1719633600000,7.66210938
1719648000000,11.5351562
1719662400000,3.85742188
1719676800000,-27.8574219
1719691200000,-42.5722656
1719705600000,-27.8203125
1719720000000,-18.2148438
1719734400000,1.8203125
1719748800000,25.6074219
1719763200000,74.1796875
1719777600000,181.804688
1719792000000,223.660156
1719806400000,173.337891
1719820800000,144.695312
1719835200000,152.017578
1719849600000,142.287109
1719864000000,139.537109
1719878400000,134.035156
1719892800000,128.695312
1719907200000,84.3925781
1719921600000,29.5371094
1719936000000,28.7675781
1719950400000,-24.9648438
1719964800000,-107.517578
1719979200000,-176.304688
1719993600000,-219.517578
1720008000000,-218.927734
1720022400000,-212.964844
1720036800000,-253.625
1720051200000,-315.107422
1720065600000,-358.035156
1720080000000,-352.195312
1720094400000,-323.054688
1720108800000,-335.572266
1720123200000,-412.857422
1720137600000,-513.052734
1720152000000,-466.945312
1720166400000,-341.535156
1720180800000,-287.607422
1720195200000,-263.929688
1720209600000,-238.464844
1720224000000,-239.607422
1720238400000,-208.337891
1720252800000,-113.837891
1720267200000,-26.3398438
1720281600000,10.0703125
1720296000000,-4.73242188
1720310400000,2.39257812
1720324800000,94.2148438
1720339200000,168.714844
1720353600000,146.232422
1720368000000,31.2324219
1720382400000,-74.3574219
1720396800000,-73.3222656
1720411200000,-1
1720425600000,-5.30273438
1720440000000,-40.8222656
1720454400000,-30.5351562
1720468800000,-45.7851562
1720483200000,-64.4121094
1720497600000,-58.5
1720512000000,-14.8027344
1720526400000,17.9648438
1720540800000,56.9648438
1720555200000,80.4101562
1720569600000,149.087891
1720584000000,230.464844
1720598400000,183.982422
1720612800000,72.875
1720627200000,78.9824219
1720641600000,109.375
1720656000000,90.8925781
1720670400000,109.927734
1720684800000,67.2851562
1720699200000,8.03515625
1720713600000,-7.3203125
1720728000000,-39.5
1720742400000,-67.125
1720756800000,-67.9824219
1720771200000,-63.4296875
1720785600000,-60.3554688
1720800000000,-24.3925781
1720814400000,23.3378906
1720828800000,31.4121094
1720843200000,51.8046875
1720857600000,59.3203125
1720872000000,18.0175781
1720886400000,61.1972656
1720900800000,142.214844
1720915200000,174.445312
1720929600000,213.875
1720944000000,222.429688
1720958400000,204.160156
1720972800000,189.25
1720987200000,273.714844
1721001600000,359.445312
1721016000000,344.427734
1721030400000,340.875
1721044800000,347.052734
1721059200000,384.089844
1721073600000,431
1721088000000,351.75
1721102400000,285.089844
1721116800000,324.892578
1721131200000,352.947266
1721145600000,358.017578
1721160000000,384.5
1721174400000,367.642578
1721188800000,233.712891
1721203200000,140.179688
1721217600000,142.019531
1721232000000,112.320312
1721246400000,89.5175781
1721260800000,48.9296875
1721275200000,-4.9296875
1721289600000,19.375
1721304000000,11.9121094
1721318400000,-41.8222656
1721332800000,-64.375
1721347200000,-80
1721361600000,-107.144531
1721376000000,-38.3027344
1721390400000,108.197266
1721404800000,157.232422
1721419200000,142.322266
1721433600000,162.910156
1721448000000,148.875
1721462400000,137.142578
1721476800000,167.945312
1721491200000,219.287109
1721505600000,260.537109
1721520000000,228.300781
1721534400000,189.050781
1721548800000,216.324219
1721563200000,244.214844
1721577600000,204.550781
1721592000000,110.375
1721606400000,46.5742188
1721620800000,53.234375
1721635200000,49.6757812
1721649600000,78.75
1721664000000,86.1445312
1721678400000,33.3554688
1721692800000,-10.8554688
1721707200000,-38.125
1721721600000,-22.234375
1721736000000,-51.3046875
1721750400000,-91.390625
1721764800000,-92.7304688
1721779200000,-124.519531
1721793600000,-129.320312
1721808000000,-92.4453125
1721822400000,-105.054688
1721836800000,-128.089844
1721851200000,-209.769531
1721865600000,-270.339844
1721880000000,-242.800781
1721894400000,-185.070312
1721908800000,-134.572266
1721923200000,-98.1621094
1721937600000,25.375
1721952000000,87.1796875
1721966400000,78.3222656
1721980800000,96.5332031
1721995200000,108.910156
1722009600000,118.664062
1722024000000,138.195312
1722038400000,173.195312
1722052800000,246.089844
1722067200000,321.265625
1722081600000,322.320312
1722096000000,261.164062
1722110400000,226.125
1722124800000,176.820312
1722139200000,89.8046875
1722153600000,55.5
1722168000000,56.7148438
1722182400000,55.5703125
1722196800000,77
1722211200000,109.679688
1722225600000,123
1722240000000,64.8203125
1722254400000,-34.0703125
1722268800000,-111.890625
1722283200000,-137.914062
1722297600000,-93.8046875
1722312000000,-81.4453125
1722326400000,-94.7695312
1722340800000,-115.265625
1722355200000,-121.25
1722369600000,-127.5
1722384000000,-149.195312
1722398400000,-192.429688
1722412800000,-232.535156
1722427200000,-269.160156
1722441600000,-278.910156
1722456000000,-245.484375
1722470400000,-209.769531
1722484800000,-158.300781
1722499200000,-217.660156
1722513600000,-262.322266
1722528000000,-147.642578
1722542400000,-81.6796875
1722556800000,-124.035156
1722571200000,-126.695312
1722585600000,-153.732422
1722600000000,-228.787109
1722614400000,-304.179688
1722628800000,-301.267578
1722643200000,-231.5
1722657600000,-180.035156
1722672000000,-195.75
1722686400000,-283.267578
1722700800000,-236.642578
1722715200000,-173.322266
1722729600000,-274.195312
1722744000000,-309.195312
1722758400000,-312.447266
1722772800000,-374.107422
1722787200000,-378.892578
1722801600000,-496.642578
1722816000000,-622.697266
1722830400000,-686.089844
1722844800000,-633.142578
1722859200000,-558.804688
1722873600000,-543.195312
1722888000000,-404.962891
1722902400000,-326.964844
1722916800000,-360.054688
1722931200000,-334.982422
1722945600000,-287.160156
1722960000000,-253.285156
1722974400000,-189.572266
1722988800000,-125.412109
1723003200000,69
1723017600000,234.447266
1723032000000,244.697266
1723046400000,150.107422
1723060800000,156.642578
1723075200000,241.482422
1723089600000,172.535156
1723104000000,180.767578
1723118400000,271.287109
1723132800000,338.320312
1723147200000,352.927734
1723161600000,336.697266
1723176000000,307.572266
1723190400000,237.392578
1723204800000,234.267578
1723219200000,301.964844
1723233600000,373.392578
1723248000000,407.982422
1723262400000,342.714844
1723276800000,257.285156
1723291200000,251.212891
1723305600000,184.392578
1723320000000,110.982422
1723334400000,43.2675781
1723348800000,-40.3925781
1723363200000,-50.9453125
1723377600000,-62.9277344
1723392000000,-75.8222656
1723406400000,-117.25
1723420800000,-156.339844
1723435200000,-99.2675781
1723449600000,-43.9101562
1723464000000,-90.8046875
1723478400000,-110.267578
1723492800000,-112.892578
1723507200000,-130.482422
1723521600000,-140.25
1723536000000,-143.945312
1723550400000,-57.6425781
1723564800000,21.9804688
1723579200000,63.9277344
1723593600000,126.714844
1723608000000,178.982422
1723622400000,127.5
1723636800000,-5.6953125
1723651200000,-88.4648438
1723665600000,-77.3574219
1723680000000,-68.8203125
1723694400000,-57.4472656
1723708800000,4.39257812
1723723200000,-49.5898438
1723737600000,-134.447266
1723752000000,-175.230469
1723766400000,-181.517578
1723780800000,-167.482422
1723795200000,-193.695312
1723809600000,-160.162109
1723824000000,-77.4824219
1723838400000,-10.6777344
1723852800000,29.125
1723867200000,46.1074219
1723881600000,73.2851562
1723896000000,72.5351562
1723910400000,18.9101562
1723924800000,76.1425781
1723939200000,155.322266
1723953600000,148.982422
1723968000000,125.322266
1723982400000,95.2851562
1723996800000,58.0351562
1724011200000,-21.0527344
1724025600000,-46.9472656
1724040000000,-42.1777344
1724054400000,-53.7128906
1724068800000,-31.9824219
1724083200000,-4.0546875
1724097600000,44.7128906
1724112000000,94.2148438
1724126400000,95.3222656
1724140800000,16.7851562
1724155200000,-44.3222656
1724169600000,-47.6601562
1724184000000,-43.4628906
1724198400000,33.625
1724212800000,69.2675781
1724227200000,58.1953125
1724241600000,150.570312
1724256000000,207.732422
1724270400000,150.464844
1724284800000,113.072266
1724299200000,81.3046875
1724313600000,6.39257812
1724328000000,-27.1796875
1724342400000,47.6972656
1724356800000,94.2148438
1724371200000,111.392578
1724385600000,122.945312
1724400000000,114.160156
1724414400000,216.412109
1724428800000,314.767578
1724443200000,244.375
1724457600000,195.285156
1724472000000,234.392578
1724486400000,227.357422
1724500800000,209.177734
1724515200000,237.287109
1724529600000,270.697266
1724544000000,260.535156
1724558400000,242.339844
1724572800000,228.517578
1724587200000,235.660156
1724601600000,221.822266
1724616000000,114.677734
1724630400000,1.75
1724644800000,-15.875
1724659200000,-27.375
1724673600000,-48.625
1724688000000,-62.5371094
1724702400000,-85.8027344
1724716800000,-90.4453125
1724731200000,-106.285156
1724745600000,-136.214844
1724760000000,-138.822266
1724774400000,-232.822266
1724788800000,-333.5
1724803200000,-364.75
1724817600000,-350.285156
1724832000000,-313.625
1724846400000,-342.304688
1724860800000,-339.910156
1724875200000,-312.177734
1724889600000,-266.035156
1724904000000,-221.410156
1724918400000,-181.017578
1724932800000,-188.982422
1724947200000,-199.072266
1724961600000,-196.572266
1724976000000,-115.160156
1724990400000,-12.8925781
1725004800000,-27.0898438
1725019200000,-63.6601562
1725033600000,-41.7148438
1725048000000,14.6425781
1725062400000,13.625
1725076800000,0.46484375
1725091200000,-22.2304688
1725105600000,-62.1621094
1725120000000,-106.554688
1725134400000,-91.25
1725148800000,-56.9648438
1725163200000,-58.7128906
1725177600000,-65.6953125
1725192000000,-69.8574219
1725206400000,-60.7148438
1725220800000,-62.1621094
1725235200000,-90.0351562
1725249600000,-84.8378906
1725264000000,-47.5722656
1725278400000,-42.7871094
1725292800000,-19.4277344
1725307200000,12.9648438
1725321600000,13.125
1725336000000,23.8398438
1725350400000,-8.69726562
1725364800000,-35.75
1725379200000,-35
1725393600000,-93.5351562
1725408000000,-85.7851562
1725422400000,-61.6074219
1725436800000,-21.25
1725451200000,7.39257812
1725465600000,-35.0527344
1725480000000,-68.6796875
1725494400000,-117.875
1725508800000,-156.480469
1725523200000,-198.732422
1725537600000,-220.357422
1725552000000,-162.375
1725566400000,-106.822266
1725580800000,-112.287109
1725595200000,-83.6601562
1725609600000,-121.285156
1725624000000,-208.267578
1725638400000,-259.302734
1725652800000,-300.75
1725667200000,-282.429688
1725681600000,-230.447266
1725696000000,-184.625
1725710400000,-166.517578
1725724800000,-145.587891
1725739200000,-123.302734
1725753600000,-121.269531
1725768000000,-133.894531
1725782400000,-146.820312
1725796800000,-133.910156
1725811200000,-27.7675781
1725825600000,89.5175781
1725840000000,94.5
1725854400000,89.0175781
1725868800000,91.75
1725883200000,138.197266
1725897600000,179.802734
1725912000000,155.25
1725926400000,184.660156
1725940800000,211.017578
1725955200000,177.482422
1725969600000,197.517578
1725984000000,263.162109
1725998400000,229.929688
1726012800000,153.212891
1726027200000,125.712891
1726041600000,122.287109
1726056000000,144.375
1726070400000,152.410156
1726084800000,110.269531
1726099200000,80.5175781
1726113600000,95.3027344
1726128000000,65.0898438
1726142400000,51.6972656
1726156800000,97.4277344
1726171200000,51.8554688
1726185600000,12.7148438
1726200000000,54.9824219
1726214400000,144.267578
1726228800000,211.017578
1726243200000,242.552734
1726257600000,235.982422
1726272000000,199.179688
1726286400000,153.839844
1726300800000,114.75
1726315200000,124.572266
1726329600000,152.714844
1726344000000,153.337891
1726358400000,137.535156
1726372800000,151.517578
1726387200000,157.875
1726401600000,151.769531
1726416000000,52.1777344
1726430400000,-61.5898438
1726444800000,-100.837891
1726459200000,-118.857422
1726473600000,-142.304688
1726488000000,-146.357422
1726502400000,-124.160156
1726516800000,-123.25
1726531200000,-110.25
1726545600000,-85.9101562
1726560000000,-4.94726562
1726574400000,32.4101562
1726588800000,-3.01757812
1726603200000,21.0546875
1726617600000,69.0722656
1726632000000,91.875
1726646400000,63.9101562
1726660800000,68.4101562
1726675200000,189.339844
1726689600000,289.427734
1726704000000,289.482422
1726718400000,304.447266
1726732800000,323.927734
1726747200000,308.25
1726761600000,214.052734
1726776000000,199.464844
1726790400000,249.162109
1726804800000,220.035156
1726819200000,201.892578
1726833600000,203.177734
1726848000000,242.714844
1726862400000,237.322266
1726876800000,148.087891
1726891200000,81.4101562
1726905600000,72.3222656
1726920000000,56.9648438
1726934400000,26.4648438
1726948800000,2.14257812
1726963200000,-6.3046875
1726977600000,-35.5175781
1726992000000,-65.5351562
1727006400000,-42.0175781
1727020800000,4.85742188
1727035200000,70.1425781
1727049600000,65.3574219
1727064000000,29.9101562
1727078400000,38.25
1727092800000,26.3398438
1727107200000,12.6425781
1727121600000,2.3203125
1727136000000,3.6953125
1727150400000,19.2148438
1727164800000,19.4824219
1727179200000,61.7675781
1727193600000,112.392578
1727208000000,104.662109
1727222400000,56.4824219
1727236800000,-8.71484375
1727251200000,-19.5703125
1727265600000,-9.91015625
1727280000000,-25.875
1727294400000,-9.89453125
1727308800000,26.125
1727323200000,64.5546875
1727337600000,106.087891
1727352000000,105.052734
1727366400000,117.839844
1727380800000,111.232422
1727395200000,81.7324219
1727409600000,78.9648438
1727424000000,112.570312
1727438400000,142.339844
1727452800000,146.519531
1727467200000,184.892578
1727481600000,199.962891
1727496000000,178.910156
1727510400000,146
1727524800000,111.285156
1727539200000,70.2148438
1727553600000,61.4453125
1727568000000,49.3046875
1727582400000,22.0898438
1727596800000,20.9101562
1727611200000,26.875
1727625600000,3.75
1727640000000,-53.0351562
1727654400000,-82.5546875
1727668800000,-123.677734
1727683200000,-161.785156
1727697600000,-165.339844
1727712000000,-166.892578
1727726400000,-155.785156
1727740800000,-137.947266
1727755200000,-139.5
1727769600000,-176.570312
1727784000000,-244.839844
1727798400000,-319.625
1727812800000,-328.410156
1727827200000,-290.107422
1727841600000,-261.089844
1727856000000,-218.125
1727870400000,-226.535156
1727884800000,-234.910156
1727899200000,-176
1727913600000,-157.482422
1727928000000,-191.429688
1727942400000,-227.339844
1727956800000,-217.910156
1727971200000,-162.875
1727985600000,-94.1074219
1728000000000,-4.33984375
1728014400000,13
1728028800000,-4.91015625
1728043200000,48.3398438
1728057600000,50.5351562
1728072000000,67.3398438
1728086400000,111.232422
1728100800000,76.6601562
1728115200000,70.0722656
1728129600000,83.9277344
1728144000000,89.7675781
1728158400000,80.0371094
1728172800000,72.3398438
1728187200000,83.5878906
1728201600000,86.2851562
1728216000000,87.6074219
1728230400000,75.9648438
1728244800000,75.375
1728259200000,93
1728273600000,97.1796875
1728288000000,102
1728302400000,98.8574219
1728316800000,43.9101562
1728331200000,28.8925781
1728345600000,36.2324219
1728360000000,35.0703125
1728374400000,37.2324219
1728388800000,15.25
1728403200000,-16.9648438
1728417600000,-30.8925781
1728432000000,-30.1972656
1728446400000,-69.0351562
1728460800000,-93.1074219
1728475200000,-121.892578
1728489600000,-186.642578
1728504000000,-200.537109
1728518400000,-139.802734
1728532800000,-99.3925781
1728547200000,-106.804688
1728561600000,-161.125
1728576000000,-175.535156
1728590400000,-129.820312
1728604800000,-112.339844
1728619200000,-96.4472656
1728633600000,-43.3027344
1728648000000,33
1728662400000,41.3574219
1728676800000,64.3222656
1728691200000,132.892578
1728705600000,152.285156
1728720000000,157.839844
1728734400000,146.572266
1728748800000,151.802734
1728763200000,196.195312
1728777600000,199.642578
1728792000000,162.160156
1728806400000,126.642578
1728820800000,112.322266
1728835200000,78.0898438
1728849600000,65
1728864000000,118.089844
1728878400000,158.232422
1728892800000,195.892578
1728907200000,219.517578
1728921600000,212.732422
1728936000000,191.677734
1728950400000,174.535156
1728964800000,185.25
1728979200000,210.267578
1728993600000,271.714844
1729008000000,333.447266
1729022400000,331.787109
1729036800000,303.662109
1729051200000,275.25
1729065600000,240.890625
1729080000000,213.980469
1729094400000,162.734375
1729108800000,120.519531
1729123200000,101.160156
1729137600000,94.140625
1729152000000,121.160156
1729166400000,119.410156
1729180800000,100.570312
1729195200000,70.1640625
1729209600000,50.625
1729224000000,51.8007812
1729238400000,85.0703125
1729252800000,89.625
1729267200000,49.859375
1729281600000,50.5742188
1729296000000,53.4453125
1729310400000,44.890625
1729324800000,52.1445312
1729339200000,81.734375
1729353600000,76.3007812
1729368000000,78.2851562
1729382400000,84.3242188
1729396800000,67.4804688
1729411200000,57.3203125
1729425600000,53.8398438
1729440000000,39.8398438
1729454400000,23
1729468800000,15.015625
1729483200000,-4.625
1729497600000,-43.7109375
1729512000000,-47
1729526400000,-41.359375
1729540800000,-59.4648438
1729555200000,-65.3203125
1729569600000,-69.7304688
1729584000000,-73.1445312
1729598400000,-74.5
1729612800000,-78.3554688
1729627200000,-95.9648438
1729641600000,-132.054688
1729656000000,-171.609375
1729670400000,-174.445312
1729684800000,-147.695312
1729699200000,-89.7851562
1729713600000,-45.5546875
1729728000000,-30.359375
1729742400000,-13.4101562
1729756800000,7.0546875
1729771200000,46.734375
1729785600000,69.1953125
1729800000000,51.7304688
1729814400000,22.109375
1729828800000,41.1953125
1729843200000,69.1601562
1729857600000,45.3046875
1729872000000,28.5
1729886400000,28.859375
1729900800000,25.2304688
1729915200000,7.30078125
1729929600000,-13.4453125
1729944000000,-15
1729958400000,-28.0195312
1729972800000,-60.8554688
1729987200000,-76.515625
1730001600000,-71.9453125
1730016000000,-25.609375
1730030400000,-3.609375
1730044800000,-1.8203125
1730059200000,41.875
1730073600000,95.3203125
1730088000000,131.644531
1730102400000,121.824219
1730116800000,143.785156
1730131200000,201.875
1730145600000,247.570312
1730160000000,277.875
1730174400000,293.394531
1730188800000,340.300781
1730203200000,384.640625
1730217600000,375.144531
1730232000000,338.949219
1730246400000,312.394531
1730260800000,307.660156
1730275200000,287.195312
1730289600000,243.230469
1730304000000,251.140625
1730318400000,238.535156
1730332800000,186.375
1730347200000,134.679688
1730361600000,32.8398438
1730376000000,-63.4101562
1730390400000,-126.75
1730404800000,-192.25
1730419200000,-241.714844
1730433600000,-207.394531
1730448000000,-182.820312
1730462400000,-200
1730476800000,-190.285156
1730491200000,-172.765625
1730505600000,-172.144531
1730520000000,-190.660156
1730534400000,-207.410156
1730548800000,-206.074219
1730563200000,-142.605469
1730577600000,-105.625
1730592000000,-128.195312
1730606400000,-102.160156
1730620800000,-75.1796875
1730635200000,-87.4296875
1730649600000,-69.5
1730664000000,-31.390625
1730678400000,-42.0703125
1730692800000,-63.6601562
1730707200000,-73
1730721600000,-106.375
1730736000000,-119.984375
1730750400000,-102.824219
1730764800000,-64.25
1730779200000,-2.17578125
1730793600000,60.0898438
1730808000000,66.5
1730822400000,67.3398438
1730836800000,249.820312
1730851200000,372.054688
1730865600000,358.464844
1730880000000,397.960938
1730894400000,463.179688
1730908800000,507.679688
1730923200000,512.550781
1730937600000,512.285156
1730952000000,487.5
1730966400000,496.359375
1730980800000,538.929688
1730995200000,504.300781
1731009600000,476.144531
1731024000000,497.734375
1731038400000,305.535156
1731052800000,167.640625
1731067200000,203.5
1731081600000,172.019531
1731096000000,94.2304688
1731110400000,49.2148438
1731124800000,83.3203125
1731139200000,103.980469
1731153600000,104.734375
1731168000000,70.9492188
1731182400000,43.1054688
1731196800000,129.050781
1731211200000,249.824219
1731225600000,270.285156
1731240000000,262.675781
1731254400000,278.554688
1731268800000,311.394531
1731283200000,337.695312
1731297600000,378.605469
1731312000000,483.484375
1731326400000,623.375
1731340800000,797.679688
1731355200000,878.035156
1731369600000,877.460938
1731384000000,806.824219
1731398400000,640.75
1731412800000,597.890625
1731427200000,612.289062
1731441600000,560.589844
1731456000000,516.460938
1731470400000,468.875
1731484800000,630.539062
1731499200000,700.734375
1731513600000,513.535156
1731528000000,359.390625
1731542400000,207.570312
1731556800000,192.429688
1731571200000,75.1953125
1731585600000,35.265625
1731600000000,101.019531
1731614400000,0.5
1731628800000,-34.0195312
1731643200000,78.5
1731657600000,125.214844
1731672000000,127.109375
1731686400000,32.3945312
1731700800000,-23.5703125
1731715200000,61.890625
1731729600000,67.8203125
1731744000000,31.375
1731758400000,-24.9648438
1731772800000,82.2695312
1731787200000,125.429688
1731801600000,145.375
1731816000000,205.660156
1731830400000,183.589844
1731844800000,105.105469
1731859200000,62.8554688
1731873600000,63.5
1731888000000,36.984375
1731902400000,-9.30078125
1731916800000,9.625
1731931200000,25.4609375
1731945600000,-18.7890625
1731960000000,11.5390625
1731974400000,50.625
1731988800000,90.1757812
1732003200000,120.839844
1732017600000,162.769531
1732032000000,169.859375
1732046400000,150.765625
1732060800000,184.535156
1732075200000,212.769531
1732089600000,212.195312
1732104000000,243.964844
1732118400000,203.320312
1732132800000,255.390625
1732147200000,417.144531
1732161600000,463.554688
1732176000000,411.589844
1732190400000,400.054688
1732204800000,434.679688
1732219200000,414.875
1732233600000,448.265625
1732248000000,491.230469
1732262400000,452.234375
1732276800000,408.679688
1732291200000,348.765625
1732305600000,315.804688
1732320000000,322.269531
1732334400000,247.730469
1732348800000,149.625
1732363200000,42.0703125
1732377600000,23.3554688
1732392000000,52.0195312
1732406400000,16.484375
1732420800000,-54.3203125
1732435200000,-176.234375
1732449600000,-212.285156
1732464000000,-119.265625
1732478400000,-68.1992188
1732492800000,-69.5
1732507200000,-43.9648438
1732521600000,-110.359375
1732536000000,-231.640625
1732550400000,-337.285156
1732564800000,-311.320312
1732579200000,-254.089844
1732593600000,-356.449219
1732608000000,-417.964844
1732622400000,-407.390625
1732636800000,-349.105469
1732651200000,-282.234375
1732665600000,-294.695312
1732680000000,-324.945312
1732694400000,-257.914062
1732708800000,-148.894531
1732723200000,-60.5859375
1732737600000,27.5
1732752000000,115.570312
1732766400000,120.914062
1732780800000,81.75
1732795200000,146.230469
1732809600000,203.265625
1732824000000,278.839844
1732838400000,311.089844
1732852800000,303.195312
1732867200000,331.679688
1732881600000,308.714844
1732896000000,213.019531
1732910400000,66.6445312
1732924800000,31.6601562
1732939200000,60.4804688
1732953600000,75.9257812
1732968000000,104.339844
1732982400000,107.804688
1732996800000,95.3046875
1733011200000,74.734375
1733025600000,51.1054688
1733040000000,71.1757812
1733054400000,48.9648438
1733068800000,-33.015625
1733083200000,-61.859375
1733097600000,-82.9648438
1733112000000,-107.300781
1733126400000,-45.7695312
1733140800000,-6.8046875
1733155200000,-46.1054688
1733169600000,-63.8203125
1733184000000,-66.7148438
1733198400000,-80.875
1733212800000,-77.3398438
1733227200000,-89.7148438
1733241600000,-102.195312
1733256000000,-90.3398438
1733270400000,-70.1796875
1733284800000,-30.2695312
1733299200000,-15.8554688
1733313600000,72.6992188
1733328000000,138.425781
1733342400000,319.945312
1733356800000,492.75
1733371200000,468.605469
1733385600000,445.824219
1733400000000,355.394531
1733414400000,193.625
1733428800000,129.375
1733443200000,164.105469
1733457600000,162.535156
1733472000000,177.929688
1733486400000,286.910156
1733500800000,333.230469
1733515200000,217.519531
1733529600000,102.804688
1733544000000,-92.2851562
1733558400000,-210.570312
1733572800000,-180.625
1733587200000,-143.375
1733601600000,-19.6445312
1733616000000,129.355469
1733630400000,168
1733644800000,134.214844
1733659200000,137.910156
1733673600000,139.804688
1733688000000,-21.9257812
1733702400000,-95.734375
1733716800000,-57.1640625
1733731200000,-113.070312
1733745600000,-162.765625
1733760000000,-187.679688
1733774400000,-205.769531
1733788800000,-215.355469
1733803200000,-180.675781
1733817600000,-227.304688
1733832000000,-286.054688
1733846400000,-260.929688
1733860800000,-221.25
1733875200000,-239.875
1733889600000,-169.945312
1733904000000,-2.28515625
1733918400000,138.820312
1733932800000,231.910156
1733947200000,266.105469
1733961600000,257.949219
1733976000000,235.160156
1733990400000,288.175781
1734004800000,226.734375
1734019200000,215.054688
1734033600000,292.125
1734048000000,262.269531
1734062400000,229.265625
1734076800000,194.230469
1734091200000,199.914062
1734105600000,145.375
1734120000000,67.4804688
1734134400000,56.5703125
1734148800000,41.8398438
1734163200000,56.9296875
1734177600000,72.25
1734192000000,16.8398438
1734206400000,62.4453125
1734220800000,138.269531
1734235200000,162.660156
1734249600000,194.765625
1734264000000,195.464844
1734278400000,269.609375
1734292800000,277.214844
1734307200000,238.390625
1734321600000,185.445312
1734336000000,219.984375
1734350400000,341.75
1734364800000,340.355469
1734379200000,359.699219
1734393600000,394.5
1734408000000,378.820312
1734422400000,354.855469
1734436800000,309.339844
1734451200000,261.304688
1734465600000,174.964844
1734480000000,42.7695312
1734494400000,6.625
1734508800000,-5.01953125
1734523200000,-56.6796875
1734537600000,-259.054688
1734552000000,-421.035156
1734566400000,-359.445312
1734580800000,-322.839844
1734595200000,-385.140625
1734609600000,-571.894531
1734624000000,-674.5
1734638400000,-666.605469
1734652800000,-642.125
1734667200000,-736.054688
1734681600000,-696.574219
1734696000000,-548.464844
1734710400000,-525.230469
1734724800000,-431.515625
1734739200000,-235.359375
1734753600000,-148.054688
1734768000000,-253.835938
1734782400000,-336.285156
1734796800000,-310.074219
1734811200000,-130.984375
1734825600000,-53.265625
1734840000000,-44.8203125
1734854400000,-87
1734868800000,-12.4453125
1734883200000,9
1734897600000,-106.269531
1734912000000,-127.589844
1734926400000,-143.570312
1734940800000,-265.269531
1734955200000,-398.160156
1734969600000,-285.320312
1734984000000,-201
1734998400000,-215.929688
1735012800000,-205.089844
1735027200000,-18.1757812
1735041600000,93.8046875
1735056000000,137.015625
1735070400000,234.265625
1735084800000,219.445312
1735099200000,172.484375
1735113600000,180.429688
1735128000000,223.175781
1735142400000,334.394531
1735156800000,437.859375
1735171200000,316.5
1735185600000,149.695312
1735200000000,113.265625
1735214400000,127.375
1735228800000,-31
1735243200000,-135.285156
1735257600000,-172.695312
1735272000000,-168.5
1735286400000,-165.644531
1735300800000,-241.660156
1735315200000,-267.425781
1735329600000,-313.75
1735344000000,-345.394531
1735358400000,-338.609375
1735372800000,-274.179688
1735387200000,-146.105469
1735401600000,-54.2851562
1735416000000,-63.1054688
1735430400000,-54.0507812
1735444800000,-71.9296875
1735459200000,-75.7695312
1735473600000,-146.019531
1735488000000,-154.980469
1735502400000,-70.515625
1735516800000,-60.75
1735531200000,-45.875
1735545600000,-104.824219
1735560000000,-91.5
1735574400000,-69.1757812
1735588800000,-148.144531
1735603200000,-175.429688
1735617600000,-118.265625
1735632000000,-25.0898438
1735646400000,-22.5546875
1735660800000,-63.5351562
1735675200000,-25.4101562
1735689600000,6.5703125
1735704000000,-11.3046875
1735718400000,16.734375
1735732800000,51.3554688
1735747200000,114.445312
1735761600000,109
1735776000000,131.355469
1735790400000,265.824219
1735804800000,285.609375
1735819200000,243.980469
1735833600000,170.605469
1735848000000,164.214844
1735862400000,208.804688
1735876800000,211.429688
1735891200000,251.285156
1735905600000,331.375
1735920000000,327.605469
1735934400000,270.464844
1735948800000,268.875
1735963200000,244.605469
1735977600000,176.359375
1735992000000,122
1736006400000,117.929688
1736020800000,96.5
1736035200000,79.0703125
1736049600000,68.9648438
1736064000000,84.5898438
1736078400000,110.589844
1736092800000,78.3007812
1736107200000,46.4257812
1736121600000,56.984375
1736136000000,79.4492188
1736150400000,177.535156
1736164800000,280.300781
1736179200000,305.375
1736193600000,290.789062
1736208000000,250.195312
1736222400000,219.25
1736236800000,83.125
1736251200000,-56.1640625
1736265600000,-82.4101562
1736280000000,-93.7304688
1736294400000,-153.464844
1736308800000,-239.285156
1736323200000,-278.800781
1736337600000,-318
1736352000000,-434.539062
1736366400000,-536.125
1736380800000,-607.640625
1736395200000,-623.125
1736409600000,-563.929688
1736424000000,-587.804688
1736438400000,-513.410156
1736452800000,-289.765625
1736467200000,-185.214844
1736481600000,-139.144531
1736496000000,-118.75
1736510400000,-59.1953125
1736524800000,-18.640625
1736539200000,-28.1796875
1736553600000,-31.1796875
1736568000000,-7.8046875
1736582400000,65.1953125
1736596800000,70.9492188
1736611200000,39.9101562
1736625600000,108.710938
1736640000000,159.199219
1736654400000,81.125
1736668800000,38.0859375
1736683200000,2.4140625
1736697600000,11.0390625
1736712000000,-10.5742188
1736726400000,-81.1796875
1736740800000,-164.910156
1736755200000,-197.820312
1736769600000,-158.054688
1736784000000,-77.359375
1736798400000,28.6445312
1736812800000,33.2695312
1736827200000,79.2851562
1736841600000,146.660156
1736856000000,159.234375
1736870400000,134.679688
1736884800000,148.050781
1736899200000,194.285156
1736913600000,187.964844
1736928000000,284.105469
1736942400000,519.804688
1736956800000,625.195312
1736971200000,556.640625
1736985600000,444.824219
1737000000000,342.894531
1737014400000,313.464844
1737028800000,298.054688
1737043200000,264.75
1737057600000,288.75
1737072000000,339.425781
1737086400000,354.425781
1737100800000,419.574219
1737115200000,569.625
1737129600000,511.675781
1737144000000,317.5
1737158400000,215.089844
1737172800000,228.464844
1737187200000,317.035156
1737201600000,355.449219
1737216000000,371.054688
1737230400000,347.445312
1737244800000,345.054688
1737259200000,297.265625
1737273600000,236.550781
1737288000000,263.324219
1737302400000,43.484375
1737316800000,-240.839844
1737331200000,-36.6445312
1737345600000,272.554688
1737360000000,240.449219
1737374400000,78.4257812
1737388800000,-79.984375
1737403200000,-135.839844
1737417600000,-144.535156
1737432000000,-135.460938
1737446400000,-85.3046875
1737460800000,58.3359375
1737475200000,147.074219
1737489600000,26.484375
1737504000000,114.820312
1737518400000,250.804688
1737532800000,11.7304688
1737547200000,-232.894531
1737561600000,-171.925781
1737576000000,-88.4453125
1737590400000,-29.0742188
1737604800000,-18.8398438
1737619200000,84.8398438
1737633600000,122.140625
1737648000000,1.734375
1737662400000,-114.710938
1737676800000,-155.054688
1737691200000,-48.25
1737705600000,20.8398438
1737720000000,51.875
1737734400000,46.5898438
1737748800000,42.5507812
1737763200000,44.640625
1737777600000,105.324219
1737792000000,159.035156
1737806400000,189.390625
1737820800000,91.109375
1737835200000,24.7695312
1737849600000,82.1757812
1737864000000,70.6601562
1737878400000,29.7695312
1737892800000,-15.6953125
1737907200000,-132.214844
1737921600000,-278.644531
1737936000000,-368.714844
1737950400000,-440.839844
1737964800000,-347.445312
1737979200000,-294.75
1737993600000,-279.070312
1738008000000,-186.339844
1738022400000,-154.679688
1738036800000,-151.230469
1738051200000,-161.394531
1738065600000,-164.945312
1738080000000,-216.785156
1738094400000,-240.824219
1738108800000,-104.015625
1738123200000,49.109375
1738137600000,149.125
1738152000000,279.195312
1738166400000,267
1738180800000,292.769531
1738195200000,309.75
1738209600000,207.695312
1738224000000,196.714844
1738238400000,205.660156
1738252800000,176.320312
1738267200000,138.714844
1738281600000,172
1738296000000,201.445312
1738310400000,195.929688
1738324800000,87.7148438
1738339200000,5.80078125
1738353600000,-32.75
1738368000000,-106.964844
1738382400000,-173.125
1738396800000,-225.480469
1738411200000,-241.269531
1738425600000,-308.304688
1738440000000,-410.925781
1738454400000,-416.75
1738468800000,-379.074219
1738483200000,-369.625
1738497600000,-406.125
1738512000000,-510.300781
1738526400000,-571.125
1738540800000,-543.609375
1738555200000,-502.070312
1738569600000,-364.535156
1738584000000,-112.515625
1738598400000,-22.9804688
1738612800000,-58.0742188
1738627200000,-109.714844
1738641600000,-79.5703125
1738656000000,-10.9648438
1738670400000,-3.48046875
1738684800000,-52.8046875
1738699200000,-61.0390625
1738713600000,2.41015625
1738728000000,157.164062
1738742400000,248.019531
1738756800000,178.160156
1738771200000,-4.58984375
1738785600000,-250.304688
1738800000000,-279.964844
1738814400000,-177.929688
1738828800000,-105.945312
1738843200000,-150.640625
1738857600000,-210.859375
1738872000000,-153.894531
1738886400000,-87.7851562
1738900800000,-47.4296875
1738915200000,3.91015625
1738929600000,-32.3554688
1738944000000,-106.410156
1738958400000,-82.7148438
1738972800000,-38.6054688
1738987200000,-59.4648438
1739001600000,-130.714844
1739016000000,-169.410156
1739030400000,-114.644531
1739044800000,16.2148438
1739059200000,65.234375
1739073600000,-13.3046875
1739088000000,-40.3945312
1739102400000,-69.5351562
1739116800000,-125.660156
1739131200000,-68.875
1739145600000,29.734375
1739160000000,68.109375
1739174400000,71.9609375
1739188800000,82.875
1739203200000,104
1739217600000,96.5
1739232000000,102.394531
1739246400000,93.6601562
1739260800000,27.5351562
1739275200000,-57.5546875
1739289600000,-82.015625
1739304000000,-55.0351562
1739318400000,-44.1796875
1739332800000,-41.5
1739347200000,-84.2851562
1739361600000,-75.359375
1739376000000,5.46484375
1739390400000,26.6640625
1739404800000,-45.5546875
1739419200000,-110.519531
1739433600000,-142.109375
1739448000000,-170.839844
1739462400000,-103.570312
1739476800000,62.0546875
1739491200000,118.285156
1739505600000,99.6796875
1739520000000,88.2695312
1739534400000,97.8007812
1739548800000,127.695312
1739563200000,77.5
1739577600000,-1.1796875
1739592000000,-13.5
1739606400000,61
1739620800000,113.484375
1739635200000,113.839844
1739649600000,125.140625
1739664000000,90.6601562
1739678400000,28.6445312
1739692800000,4.9140625
1739707200000,5.4296875
1739721600000,-21.9492188
1739736000000,-91.0195312
1739750400000,-113
1739764800000,-107.75
1739779200000,-118
1739793600000,-135.605469
1739808000000,-140.820312
1739822400000,-113.394531
1739836800000,-123.820312
1739851200000,-145.625
1739865600000,-130.234375
1739880000000,-178.125
1739894400000,-163.445312
1739908800000,-95.9648438
1739923200000,-65.2304688
1739937600000,-8.33984375
1739952000000,1.80078125
1739966400000,-1.21484375
1739980800000,39.5
1739995200000,89.859375
1740009600000,94.3398438
1740024000000,75.8046875
1740038400000,88.3203125
1740052800000,153.125
1740067200000,201.089844
1740081600000,247.660156
1740096000000,240.199219
1740110400000,198.425781
1740124800000,193.285156
1740139200000,47.9648438
1740153600000,-27.6796875
1740168000000,18.875
1740182400000,-2.08984375
1740196800000,-23.390625
1740211200000,-21.5546875
1740225600000,-25.9296875
1740240000000,-28.9101562
1740254400000,-79.9101562
1740268800000,-132.320312
1740283200000,-133.964844
1740297600000,-167.144531
1740312000000,-196.214844
1740326400000,-163.410156
1740340800000,-56.1054688
1740355200000,-4.46484375
1740369600000,-28.8398438
1740384000000,-88.3007812
1740398400000,-165.484375
1740412800000,-277.199219
1740427200000,-342.660156
1740441600000,-419.875
1740456000000,-517.339844
1740470400000,-591.210938
1740484800000,-628.300781
1740499200000,-539.589844
1740513600000,-494.054688
1740528000000,-521.910156
1740542400000,-519.320312
1740556800000,-546.914062
1740571200000,-732.324219
1740585600000,-796.765625
1740600000000,-680.375
1740614400000,-506.519531
1740628800000,-389.765625
1740643200000,-335.890625
1740657600000,-323.75
1740672000000,-277.019531
1740686400000,-360.410156
1740700800000,-610.695312
1740715200000,-641.519531
1740729600000,-468.519531
1740744000000,-316.625
1740758400000,-263.890625
1740772800000,-62.3398438
1740787200000,70.2304688
1740801600000,-4.23046875
1740816000000,-74.7304688
1740830400000,-96.8398438
1740844800000,-25.5546875
1740859200000,80.3203125
1740873600000,115.644531
1740888000000,256.054688
1740902400000,498
1740916800000,763.035156
1740931200000,833.570312
1740945600000,661.109375
1740960000000,582.214844
1740974400000,552.480469
1740988800000,455.695312
1741003200000,222.589844
1741017600000,81.7851562
1741032000000,-3.1953125
1741046400000,-156.515625
1741060800000,-171.234375
1741075200000,-185.339844
1741089600000,-41.375
1741104000000,70.7304688
1741118400000,-245.570312
1741132800000,-479
1741147200000,-341.945312
1741161600000,-247.160156
1741176000000,-251.375
1741190400000,-86.75
1741204800000,238.570312
1741219200000,403.304688
1741233600000,448.695312
1741248000000,538.425781
1741262400000,439.929688
1741276800000,415.289062
1741291200000,205.355469
1741305600000,-5.32421875
1741320000000,115.949219
1741334400000,107.054688
1741348800000,-41.9648438
1741363200000,-128.160156
1741377600000,-192.554688
1741392000000,-294.875
1741406400000,-360.355469
1741420800000,-380.035156
1741435200000,-360.769531
1741449600000,-347.785156
1741464000000,-251.160156
1741478400000,-227.644531
1741492800000,-210.160156
1741507200000,-258.410156
1741521600000,-417.234375
1741536000000,-503.554688
1741550400000,-481.5
1741564800000,-365.410156
1741579200000,-242.445312
1741593600000,-303.070312
1741608000000,-466.980469
1741622400000,-524.734375
1741636800000,-516.894531
1741651200000,-446.035156
1741665600000,-364.5
1741680000000,-328.160156
1741694400000,-238.730469
1741708800000,-72.8203125
1741723200000,-22.25
1741737600000,42.3398438
1741752000000,94.1054688
1741766400000,12.8554688
1741780800000,-45.0898438
1741795200000,107.019531
1741809600000,293.234375
1741824000000,325.910156
1741838400000,285.675781
1741852800000,144.140625
1741867200000,-33.4804688
1741881600000,-59.0703125
1741896000000,-47.5351562
1741910400000,-70.6445312
1741924800000,15.0507812
1741939200000,125.335938
1741953600000,139.695312
1741968000000,138.476562
1741982400000,138.636719
1741996800000,63.1445312
1742011200000,25.7695312
1742025600000,61.4960938
1742040000000,90.6875
1742054400000,167.667969
1742068800000,268.316406
1742083200000,262.871094
1742097600000,132.535156
1742112000000,59.8007812
1742126400000,35.1054688
1742140800000,-83.46875
1742155200000,-109.363281
1742169600000,-48.2695312
1742184000000,-51.4609375
1742198400000,-46.8046875
1742212800000,1.20703125
1742227200000,0.76953125
1742241600000,-53.2734375
1742256000000,-83.7734375
1742270400000,-105.105469
1742284800000,-158.140625
1742299200000,-99.5234375
1742313600000,-25.7617188
1742328000000,-24.6015625
1742342400000,19.7851562
1742356800000,29.8164062
1742371200000,50.5898438
1742385600000,113.015625
1742400000000,189.164062
1742414400000,171.101562
1742428800000,116.992188
1742443200000,149.046875
1742457600000,137.730469
1742472000000,109.613281
1742486400000,148.019531
1742500800000,167.699219
1742515200000,117.863281
1742529600000,77.859375
1742544000000,47.2851562
1742558400000,13.5078125
1742572800000,-22.5585938
1742587200000,-68.4257812
1742601600000,-137.710938
1742616000000,-154.121094
1742630400000,-122.871094
1742644800000,-109.082031
1742659200000,-76.9609375
1742673600000,-26.9296875
1742688000000,6.4140625
1742702400000,13.6132812
1742716800000,56.0585938
1742731200000,81.3476562
1742745600000,126.679688
1742760000000,184.476562
1742774400000,194.292969
1742788800000,225.25
1742803200000,270.625
1742817600000,290.289062
1742832000000,266.648438
1742846400000,206.960938
1742860800000,177.898438
1742875200000,207.03125
1742889600000,238.828125
1742904000000,248.449219
1742918400000,204.082031
1742932800000,158.78125
1742947200000,152.242188
1742961600000,126.746094
1742976000000,46.78125
1742990400000,-46.0429688
1743004800000,-91.5039062
1743019200000,-70.7109375
1743033600000,-23.71875
1743048000000,11.6835938
1743062400000,33.828125
1743076800000,6.23046875
1743091200000,-32.234375
1743105600000,-68.46875
1743120000000,-129.214844
1743134400000,-150.699219
1743148800000,-218.179688
1743163200000,-299.902344
1743177600000,-235.570312
1743192000000,-170.953125
1743206400000,-201.675781
1743220800000,-309.167969
1743235200000,-373.839844
1743249600000,-330.277344
1743264000000,-305.925781
1743278400000,-297.515625
1743292800000,-291.097656
1743307200000,-280.726562
1743321600000,-220.042969
1743336000000,-184.488281
1743350400000,-154.574219
1743364800000,-138.289062
1743379200000,-167.78125
1743393600000,-156.191406
1743408000000,-78.8203125
1743422400000,-3.32421875
1743436800000,12.5507812
1743451200000,13.6367188
1743465600000,38.0664062
1743480000000,60.5742188
1743494400000,110.269531
1743508800000,146.9375
1743523200000,154.867188
1743537600000,160.113281
1743552000000,145.617188
1743566400000,182.101562
1743580800000,281.285156
1743595200000,340.175781
1743609600000,135.167969
1743624000000,3.984375
1743638400000,69.4414062
1743652800000,37.15625
1743667200000,-47.421875
1743681600000,-122.128906
1743696000000,-145.65625
1743710400000,-153.175781
1743724800000,-119.222656
1743739200000,-109.054688
1743753600000,-124.890625
1743768000000,-77.7890625
1743782400000,-124.027344
1743796800000,-221.441406
1743811200000,-82.4609375
1743825600000,34.578125
1743840000000,-31.828125
1743854400000,-39.9179688
1743868800000,44.1601562
1743883200000,101.195312
1743897600000,41.4023438
1743912000000,-5.796875
1743926400000,-51.9960938
1743940800000,-162.90625
1743955200000,-269.503906
1743969600000,-385.082031
1743984000000,-539.738281
1743998400000,-562.164062
1744012800000,-428.453125
1744027200000,-372.152344
1744041600000,-315.324219
1744056000000,-229.125
1744070400000,-249.3125
1744084800000,-262.5625
1744099200000,-280.421875
1744113600000,-375.804688
1744128000000,-437.664062
1744142400000,-386.824219
1744156800000,-188.664062
1744171200000,-77.6484375
1744185600000,24.3632812
1744200000000,278.519531
1744214400000,350.191406
1744228800000,279.875
1744243200000,218.644531
1744257600000,157.585938
1744272000000,43.1015625
1744286400000,-40.5390625
1744300800000,25.7070312
1744315200000,181.605469
1744329600000,319.519531
1744344000000,430.203125
1744358400000,425.332031
1744372800000,444.667969
1744387200000,492.878906
1744401600000,242.929688
1744416000000,61.7734375
1744430400000,101.5625
1744444800000,184.285156
1744459200000,231.621094
1744473600000,343.863281
1744488000000,441.269531
1744502400000,380.449219
1744516800000,305.480469
1744531200000,225.0625
1744545600000,159.757812
1744560000000,111.921875
1744574400000,70.2539062
1744588800000,67.6679688
1744603200000,112.925781
1744617600000,84.8671875
1744632000000,64.1914062
1744646400000,35.2265625
1744660800000,1.76953125
1744675200000,33.546875
1744689600000,23.546875
1744704000000,24.5703125
1744718400000,-0.2421875
1744732800000,-24.6679688
1744747200000,-16.4570312
1744761600000,-23.5429688
1744776000000,-31.3203125
1744790400000,-8.15625
1744804800000,-11.1015625
1744819200000,-22.8125
1744833600000,-33.921875
1744848000000,-28.375
1744862400000,-25.921875
1744876800000,-73.0742188
1744891200000,-69.984375
1744905600000,-25.2851562
1744920000000,31.3554688
1744934400000,66.0820312
1744948800000,71.0234375
1744963200000,70.9882812
1744977600000,54.0820312
1744992000000,4.3046875
1745006400000,5.32421875
1745020800000,61.0625
1745035200000,85.6914062
1745049600000,61.5117188
1745064000000,36.671875
1745078400000,38.2539062
1745092800000,30.3476562
1745107200000,4.9765625
1745121600000,-31.8164062
1745136000000,-36.3554688
1745150400000,-11.53125
1745164800000,28.390625
1745179200000,124.011719
1745193600000,201.613281
1745208000000,182.414062
1745222400000,177.777344
1745236800000,180.4375
1745251200000,161.601562
1745265600000,193.757812
1745280000000,232.660156
1745294400000,246.289062
1745308800000,345.679688
1745323200000,484.207031
1745337600000,589.246094
1745352000000,631.8125
1745366400000,625.566406
1745380800000,545.1875
1745395200000,430.578125
1745409600000,438.707031
1745424000000,434.542969
1745438400000,389.4375
1745452800000,355.957031
1745467200000,326.875
1745481600000,328.355469
1745496000000,346.65625
1745510400000,285.429688
1745524800000,175.277344
1745539200000,78.1875
1745553600000,63.953125
1745568000000,88.171875
1745582400000,102.285156
1745596800000,120.363281
1745611200000,99.7070312
1745625600000,77.7070312
1745640000000,85.5742188
1745654400000,132.609375
1745668800000,140.480469
1745683200000,112.074219
1745697600000,72.609375
1745712000000,24.5898438
1745726400000,23.7929688
1745740800000,25.6640625
1745755200000,-3.015625
1745769600000,-56.7617188
1745784000000,-102.691406
1745798400000,-52.4921875
1745812800000,20.9414062
1745827200000,-6.34765625
1745841600000,-4.30078125
1745856000000,43.609375
1745870400000,32.75
1745884800000,21.796875
1745899200000,44.4179688
1745913600000,62.03125
1745928000000,77.234375
1745942400000,61.484375
1745956800000,33.2109375
1745971200000,52.5507812
1745985600000,78.75
1746000000000,22.0546875
1746014400000,-68.3515625
1746028800000,-32.0742188
1746043200000,9.94921875
1746057600000,-0.3671875
1746072000000,55.0507812
1746086400000,124.785156
1746100800000,120.105469
1746115200000,108.382812
1746129600000,123.628906
1746144000000,140.527344
1746158400000,144.429688
1746172800000,165.496094
1746187200000,159.371094
1746201600000,166.003906
1746216000000,182.207031
1746230400000,156.757812
1746244800000,120.289062
1746259200000,92.0195312
1746273600000,56.1914062
1746288000000,-29.8007812
1746302400000,-65.6054688
1746316800000,-51.7070312
1746331200000,-84.3671875
1746345600000,-95.1445312
1746360000000,-82.9101562
1746374400000,-159.285156
1746388800000,-213.082031
1746403200000,-180.363281
1746417600000,-159.523438
1746432000000,-175.257812
1746446400000,-151.078125
1746460800000,-119.097656
1746475200000,-129.832031
1746489600000,-123.105469
1746504000000,-122.644531
1746518400000,-116.503906
1746532800000,-63.6640625
1746547200000,32.6914062
1746561600000,81.2070312
1746576000000,129.074219
1746590400000,202.558594
1746604800000,184.003906
1746619200000,153.667969
1746633600000,193.089844
1746648000000,289.082031
1746662400000,333.644531
1746676800000,340.238281
1746691200000,406.441406
1746705600000,495.824219
1746720000000,579.304688
1746734400000,579.230469
1746748800000,511.28125
1746763200000,473.882812
1746777600000,441.34375
1746792000000,431.136719
1746806400000,435.347656
1746820800000,467.359375
1746835200000,491.363281
1746849600000,392.8125
1746864000000,292.503906
1746878400000,272.882812
1746892800000,278.175781
1746907200000,241.046875
1746921600000,101.820312
1746936000000,84.03125
1746950400000,97.3085938
1746964800000,73.1132812
1746979200000,99.8554688
1746993600000,79.6171875
1747008000000,89.5
1747022400000,74.2851562
1747036800000,-24.4453125
1747051200000,-100.328125
1747065600000,-68.6835938
1747080000000,-63.53125
1747094400000,-128.058594
1747108800000,-86.5390625
1747123200000,0.8359375
1747137600000,16.5273438
1747152000000,5.1015625
1747166400000,-33.1992188
1747180800000,-48.171875
1747195200000,-22.6796875
1747209600000,-42.5
1747224000000,-51.1914062
1747238400000,20.109375
1747252800000,67.9414062
1747267200000,-3.8203125
1747281600000,-12.4492188
1747296000000,45.375
1747310400000,1.1875
1747324800000,-17.8710938
1747339200000,-25.3671875
1747353600000,-42.9921875
1747368000000,-10.6367188
1747382400000,21.515625
1747396800000,20.7617188
1747411200000,2.3125
1747425600000,5.328125
1747440000000,4.16015625
1747454400000,6.984375
1747468800000,51.2578125
1747483200000,70.2421875
1747497600000,24.0429688
1747512000000,1.1953125
1747526400000,10.8046875
1747540800000,-2.328125
1747555200000,56.8359375
1747569600000,73.1289062
1747584000000,90.40625
1747598400000,65.9492188
1747612800000,-24.0976562
1747627200000,-27.4296875
1747641600000,29.1640625
1747656000000,138.597656
1747670400000,183.898438
1747684800000,185.675781
1747699200000,159.660156
1747713600000,136.351562
1747728000000,119.402344
1747742400000,166.664062
1747756800000,163.910156
1747771200000,153.480469
1747785600000,107.578125
1747800000000,107.976562
1747814400000,312.40625
1747828800000,409.644531
1747843200000,377.148438
1747857600000,397.457031
1747872000000,419.007812
1747886400000,382.269531
1747900800000,410.421875
1747915200000,436.949219
1747929600000,440.640625
1747944000000,371.761719
1747958400000,283.1875
1747972800000,218.160156
1747987200000,165.796875
1748001600000,163.621094
1748016000000,16.1796875
1748030400000,-71.328125
1748044800000,-83.8320312
1748059200000,-165.585938
1748073600000,-167.316406
1748088000000,-146.945312
1748102400000,-197.511719
1748116800000,-235.160156
1748131200000,-253.71875
1748145600000,-280.839844
1748160000000,-270.46875
1748174400000,-182.5
1748188800000,-46.1484375
1748203200000,35.8476562
1748217600000,134.238281
1748232000000,152.207031
1748246400000,137.382812
1748260800000,84.15625
1748275200000,16.3867188
1748289600000,15.9492188
1748304000000,60.640625
1748318400000,115.773438
1748332800000,141.914062
1748347200000,182.542969
1748361600000,164.070312
1748376000000,112.792969
1748390400000,36.15625
1748404800000,-33.1171875
1748419200000,-134.183594
1748433600000,-209.226562
1748448000000,-181.371094
1748462400000,-118.355469
1748476800000,-95.3203125
1748491200000,-60.7226562
1748505600000,-94.2109375
1748520000000,-228.925781
1748534400000,-303.859375
1748548800000,-303.15625
1748563200000,-278.316406
1748577600000,-247.847656
1748592000000,-226.449219
1748606400000,-271.414062
1748620800000,-264.25
1748635200000,-227.890625
1748649600000,-260.171875
1748664000000,-305.917969
1748678400000,-280.535156
1748692800000,-262.984375
1748707200000,-229.878906
1748721600000,-132.121094
1748736000000,-91.4453125
1748750400000,-112.671875
1748764800000,-79.6875
1748779200000,-37.9023438
1748793600000,-21.7421875
1748808000000,12.8515625
1748822400000,57.7578125
1748836800000,63.3671875
1748851200000,38.2851562
1748865600000,57.6210938
1748880000000,79.6289062
1748894400000,75.0351562
1748908800000,48.90625
1748923200000,54.1054688
1748937600000,117.183594
1748952000000,160.742188
1748966400000,102.386719
1748980800000,40.0039062
1748995200000,3.7265625
1749009600000,-0.51171875
1749024000000,6.87109375
1749038400000,27.5976562
1749052800000,40.46875
1749067200000,30.984375
1749081600000,-25.5390625
1749096000000,-71.4140625
1749110400000,-47.15625
1749124800000,-146.195312
1749139200000,-305.617188
1749153600000,-315.925781
1749168000000,-214.074219
1749182400000,-137.558594
1749196800000,-64.7695312
1749211200000,-39.8007812
1749225600000,-66.0117188
1749240000000,-34.75
1749254400000,6.9140625
1749268800000,11.984375
1749283200000,41.4453125
1749297600000,68.7226562
1749312000000,68.7734375
1749326400000,166.328125
1749340800000,269.265625
1749355200000,253.558594
1749369600000,214.324219
1749384000000,184.085938
1749398400000,105.972656
1749412800000,73.1953125
1749427200000,95.2695312
1749441600000,147.234375
1749456000000,200.605469
1749470400000,220.742188
1749484800000,289.953125
1749499200000,304.035156
1749513600000,266.714844
1749528000000,274.820312
1749542400000,273.003906
1749556800000,264.558594
1749571200000,288.441406
1749585600000,273.539062
1749600000000,253.171875
1749614400000,259.042969
1749628800000,275.527344
1749643200000,182.511719
1749657600000,69.2929688
1749672000000,8.15234375
1749686400000,-121.769531
1749700800000,-190.859375
1749715200000,-175.402344
1749729600000,-178.179688
1749744000000,-219.054688
1749758400000,-306.089844
1749772800000,-376.335938
1749787200000,-357.09375
1749801600000,-308.960938
1749816000000,-289.234375
1749830400000,-277.28125
1749844800000,-255.265625
1749859200000,-251.714844
1749873600000,-225.644531
1749888000000,-196.988281
1749902400000,-177.589844
1749916800000,-135.945312
1749931200000,-103.238281
1749945600000,-53.96875
1749960000000,15.6679688
1749974400000,46.9296875
1749988800000,32.640625
1750003200000,13.1953125
1750017600000,32.5507812
1750032000000,62.7617188
1750046400000,92.765625
1750060800000,142.191406
1750075200000,211.199219
1750089600000,196.761719
1750104000000,174.203125
1750118400000,152.71875
1750132800000,52.7695312
1750147200000,-38.796875
1750161600000,-54.53125
1750176000000,-47.8125
1750190400000,-41.2304688
1750204800000,-26.1914062
1750219200000,-60.0703125
1750233600000,-118.886719
1750248000000,-190.96875
1750262400000,-201.921875
1750276800000,-219.039062
1750291200000,-204.886719
1750305600000,-178.230469
1750320000000,-196.332031
1750334400000,-144.394531
1750348800000,-34.0664062
1750363200000,12.4882812
1750377600000,42.9375
1750392000000,74.0976562
1750406400000,1.421875
1750420800000,-81.671875
1750435200000,-108.792969
1750449600000,-65.5429688
1750464000000,-61.8671875
1750478400000,-94.390625
1750492800000,-81.59375
1750507200000,-128.523438
1750521600000,-161.246094
1750536000000,-138.332031
1750550400000,-146.855469
1750564800000,-146.859375
1750579200000,-314.109375
1750593600000,-499.464844
1750608000000,-368.660156
1750622400000,-193.019531
1750636800000,-124.695312
1750651200000,-126.066406
1750665600000,-150.25
1750680000000,-95.7460938
1750694400000,40.7382812
1750708800000,162.5625
1750723200000,200.808594
1750737600000,204.585938
1750752000000,202.898438
1750766400000,206.894531
1750780800000,361.964844
1750795200000,520.269531
1750809600000,466.527344
1750824000000,419.285156
1750838400000,398.925781
1750852800000,414.289062
1750867200000,442.800781
1750881600000,378.832031
1750896000000,255.746094
1750910400000,173.007812
1750924800000,167.367188
1750939200000,165.175781
1750953600000,144.042969
1750968000000,126.109375
1750982400000,93.5820312
1750996800000,54.84375
1751011200000,50.7421875
1751025600000,10.1953125
1751040000000,-13.765625
1751054400000,-16.2695312
1751068800000,-11.1445312
1751083200000,-11.8945312
1751097600000,-30.8515625
1751112000000,-17.4648438
1751126400000,-3.7421875
1751140800000,-10.2460938
1751155200000,4.45703125
1751169600000,51.3710938
1751184000000,67.703125
1751198400000,46.359375
1751212800000,51.5273438
1751227200000,97.7734375
1751241600000,80.875
1751256000000,32.7070312
1751270400000,15.1796875
1751284800000,14.40625
1751299200000,-0.14453125
1751313600000,-13.7109375
1751328000000,-7.08984375
1751342400000,-28.2070312
1751356800000,-74.2460938
1751371200000,-163.027344
1751385600000,-186.710938
1751400000000,-119.730469
1751414400000,-89.8632812
1751428800000,-83.03125
1751443200000,3.75390625
1751457600000,114.492188
1751472000000,118.988281
1751486400000,78.8789062
1751500800000,110.761719
1751515200000,163.402344
1751529600000,156.265625
1751544000000,185.203125
1751558400000,244.40625
1751572800000,267.84375
1751587200000,247.398438
1751601600000,206.238281
1751616000000,116.160156
1751630400000,20
1751644800000,-27.2109375
1751659200000,-83.4492188
1751673600000,-84.3398438
1751688000000,-48.7070312
1751702400000,-64.3125
1751716800000,-96.34375
1751731200000,-84.8242188
1751745600000,-96.234375
1751760000000,-118.578125
1751774400000,-96.890625
1751788800000,-35.25
1751803200000,-7.38671875
1751817600000,43.0820312
1751832000000,124.410156
1751846400000,105.398438
1751860800000,54.5039062
1751875200000,25.6601562
1751889600000,5.7578125
1751904000000,3.3671875
1751918400000,-3.6796875
1751932800000,-1.01171875
1751947200000,34.0273438
1751961600000,32.4140625
1751976000000,31.734375
1751990400000,25.0507812
1752004800000,-5.23046875
1752019200000,-23.9882812
1752033600000,-30.2890625
1752048000000,-12.1679688
1752062400000,111.4375
1752076800000,217.40625
1752091200000,214.984375
1752105600000,216.890625
1752120000000,221.796875
1752134400000,219.886719
1752148800000,270.292969
1752163200000,441.234375
1752177600000,566.230469
1752192000000,600.324219
1752206400000,651.984375
1752220800000,636.164062
1752235200000,619.617188
1752249600000,628.257812
1752264000000,519.207031
1752278400000,446.21875
1752292800000,472.527344
1752307200000,451.4375
1752321600000,442.941406
1752336000000,447.859375
1752350400000,373.804688
1752364800000,230.324219
1752379200000,116.25
1752393600000,84.484375
1752408000000,78.703125
1752422400000,114.664062
1752436800000,170.601562
1752451200000,281.183594
1752465600000,319.734375
1752480000000,211.796875
1752494400000,155.433594
1752508800000,176.636719
1752523200000,88.1601562
1752537600000,-32.6015625
1752552000000,-42.546875
1752566400000,-76.2226562
1752580800000,-113.421875
1752595200000,-91.7304688
1752609600000,-84.3828125
1752624000000,-80.515625
1752638400000,-99.8359375
1752652800000,-200.160156
1752667200000,-208.226562
1752681600000,-121.703125
1752696000000,-109.070312
1752710400000,-121.242188
1752724800000,-27.1875
1752739200000,103.9375
1752753600000,141.367188
1752768000000,165.46875
1752782400000,237.070312
1752796800000,195.707031
1752811200000,119.777344
1752825600000,49.84375
1752840000000,-60.59375
1752854400000,-89.0195312
1752868800000,-71.9375
1752883200000,-47.5234375
1752897600000,-5.9453125
1752912000000,1.75390625
1752926400000,-6.91796875
1752940800000,-36.4609375
1752955200000,-72.578125
1752969600000,-75.7265625
1752984000000,-123.59375
1752998400000,-106.699219
1753012800000,-59.6210938
1753027200000,-56.3085938
1753041600000,17.2382812
1753056000000,87.7773438
1753070400000,40.0039062
1753084800000,-4.515625
1753099200000,-50.234375
1753113600000,-80.7929688
1753128000000,-53.171875
1753142400000,-22.8554688
1753156800000,48.9921875
1753171200000,75.3945312
1753185600000,81.4609375
1753200000000,97.125
1753214400000,64.1289062
1753228800000,55.453125
1753243200000,43.609375
1753257600000,-22.3359375
1753272000000,-15.0039062
1753286400000,25.6796875
1753300800000,75.453125
1753315200000,98.640625
1753329600000,86.6914062
1753344000000,89.8945312
1753358400000,30.7890625
1753372800000,-31.3164062
1753387200000,-161.878906
1753401600000,-309.320312
1753416000000,-244.9375
1753430400000,-169.589844
1753444800000,-159.902344
1753459200000,-99.984375
1753473600000,-66.4882812
1753488000000,-82.7304688
1753502400000,-76.6914062
1753516800000,-35.7460938
1753531200000,-23.125
1753545600000,-57.3632812
1753560000000,-71.0117188
1753574400000,-34.7890625
1753588800000,87.1523438
1753603200000,212.164062
1753617600000,203.554688
1753632000000,217.613281
1753646400000,222.191406
1753660800000,134.152344
1753675200000,88.8320312
1753689600000,75.1757812
1753704000000,38.8554688
1753718400000,4.44140625
1753732800000,12.4726562
1753747200000,50.71875
1753761600000,46.7929688
1753776000000,-14.734375
1753790400000,-49.9726562
1753804800000,-48.421875
1753819200000,-58.375
1753833600000,-82.0859375
1753848000000,-114.902344
1753862400000,-99.1328125
1753876800000,-104.433594
1753891200000,-85.3164062
1753905600000,-4.1640625
1753920000000,30.8164062
1753934400000,3.38671875
1753948800000,-39.3789062
1753963200000,-88.921875
1753977600000,-125.535156
1753992000000,-126.605469
1754006400000,-169.542969
1754020800000,-204.613281
1754035200000,-202.804688
1754049600000,-252.90625
1754064000000,-320.910156
1754078400000,-277.253906
1754092800000,-246.976562
1754107200000,-305.640625
1754121600000,-375.652344
1754136000000,-427.539062
1754150400000,-424.269531
1754164800000,-320.523438
1754179200000,-189.699219
1754193600000,-139.382812
1754208000000,-105.382812
1754222400000,-76.328125
1754236800000,-75.0742188
1754251200000,7.8046875
1754265600000,97.265625
1754280000000,72.2148438
1754294400000,52.8867188
1754308800000,66.8789062
1754323200000,115.488281
1754337600000,152.636719
1754352000000,124.230469
1754366400000,96.3476562
1754380800000,18.5976562
1754395200000,-34.1054688
1754409600000,-0.484375
1754424000000,-20.2851562
1754438400000,-26.4140625
1754452800000,-12.4882812
1754467200000,12.7226562
1754481600000,54.328125
1754496000000,35.1679688
1754510400000,-0.109375
1754524800000,-16.1835938
1754539200000,71.1601562
1754553600000,177.964844
1754568000000,192.621094
1754582400000,258.167969
1754596800000,275.847656
1754611200000,210.066406
1754625600000,219.710938
1754640000000,194.34375
1754654400000,152.417969
1754668800000,126.007812
1754683200000,86.0859375
1754697600000,102.871094
1754712000000,153.890625
1754726400000,166.179688
1754740800000,78.453125
1754755200000,-2.52734375
1754769600000,32.0820312
1754784000000,49.8710938
1754798400000,67.546875
1754812800000,125.898438
1754827200000,132.667969
1754841600000,172.339844
1754856000000,298.128906
1754870400000,361.484375
1754884800000,321.71875
1754899200000,276.03125
1754913600000,199.035156
1754928000000,137.800781
1754942400000,148.171875
1754956800000,170.949219
1754971200000,88.0234375
1754985600000,74.7851562
1755000000000,123.234375
1755014400000,95.0664062
1755028800000,76.3671875
1755043200000,39.5859375
1755057600000,-30.1835938
1755072000000,-61.421875
1755086400000,57.8554688
1755100800000,187.410156
1755115200000,262.957031
1755129600000,264.113281
1755144000000,186.777344
1755158400000,53.390625
1755172800000,-41.109375
1755187200000,-73.2070312
1755201600000,-76.1601562
1755216000000,-59.7460938
1755230400000,-54.2929688
1755244800000,-96.9765625
1755259200000,-210.144531
1755273600000,-254.910156
1755288000000,-313.933594
1755302400000,-391.34375
1755316800000,-417.511719
1755331200000,-360.070312
1755345600000,-265.042969
1755360000000,-152.113281
1755374400000,-43.734375
1755388800000,-21.8671875
1755403200000,-37.8554688
1755417600000,-53.5664062
1755432000000,-78.6679688
1755446400000,-46.2070312
1755460800000,-51.8046875
1755475200000,-132.914062
1755489600000,-165.179688
1755504000000,-143.074219
1755518400000,-93.4453125
1755532800000,-92.5078125
1755547200000,-156.03125
1755561600000,-190.164062
1755576000000,-165.316406
1755590400000,-231.269531
1755604800000,-340.027344
1755619200000,-381.40625
1755633600000,-341.136719
1755648000000,-288.464844
1755662400000,-202.867188
1755676800000,-130.757812
1755691200000,-95.5039062
1755705600000,-94.3671875
1755720000000,-154.238281
1755734400000,-170.5
1755748800000,-145.167969
1755763200000,-138.980469
1755777600000,-198.558594
1755792000000,-166.296875
1755806400000,-52.9257812
1755820800000,2.12109375
1755835200000,-34.5820312
1755849600000,57.7265625
1755864000000,206.371094
1755878400000,232.980469
1755892800000,172.527344
1755907200000,98.8164062
1755921600000,101.289062
1755936000000,81.6289062
1755950400000,106.109375
1755964800000,165.902344
1755979200000,197.332031
1755993600000,190.492188
1756008000000,153.851562
1756022400000,116.578125
1756036800000,61.9726562
1756051200000,-87.765625
1756065600000,-231.050781
1756080000000,-323.550781
1756094400000,-346.539062
1756108800000,-281.78125
1756123200000,-289.988281
1756137600000,-331.109375
1756152000000,-356.570312
1756166400000,-371.503906
1756180800000,-368.828125
1756195200000,-372.613281
1756209600000,-318.171875
1756224000000,-228.1875
1756238400000,-140.132812
1756252800000,-143.011719
1756267200000,-157.730469
1756281600000,-39.3789062
1756296000000,49.3789062
1756310400000,-3.06640625
1756324800000,11.2773438
1756339200000,152.972656
1756353600000,215.804688
1756368000000,193.570312
1756382400000,156.828125
1756396800000,174.15625
1756411200000,123.261719
1756425600000,-42.0585938
1756440000000,-110.925781
1756454400000,-131.730469
1756468800000,-194.839844
1756483200000,-241.40625
1756497600000,-260.855469
1756512000000,-229.121094
1756526400000,-216.859375
1756540800000,-270.695312
1756555200000,-298.558594
1756569600000,-284.945312
1756584000000,-234.363281
1756598400000,-233.230469
1756612800000,-255.621094
1756627200000,-161.289062
1756641600000,-85.3007812
1756656000000,-47.4179688
1756670400000,-25.4960938
1756684800000,16.625
1756699200000,49.3085938
1756713600000,24.0429688
1756728000000,31.9492188
1756742400000,33.2890625
1756756800000,66.609375
1756771200000,105.097656
1756785600000,69.9257812
1756800000000,94.5039062
1756814400000,161.449219
1756828800000,171.8125
1756843200000,161.925781
1756857600000,177.265625
1756872000000,236.578125
1756886400000,235.214844
1756900800000,223.097656
1756915200000,227.007812
1756929600000,173.351562
1756944000000,113.101562
1756958400000,62.4570312
1756972800000,-7.53125
1756987200000,-23.9804688
1757001600000,-2.6171875
1757016000000,13.4609375
1757030400000,79.8789062
1757044800000,108.351562
1757059200000,32.640625
1757073600000,-8
1757088000000,-49.7421875
1757102400000,-96.2890625
1757116800000,-72.8828125
1757131200000,-46.578125
1757145600000,-16.875
1757160000000,-31.3242188
1757174400000,-4.109375
1757188800000,55.7617188
1757203200000,33.546875
1757217600000,2.03515625
1757232000000,-58.8242188
1757246400000,-97.5
1757260800000,-24.1132812
1757275200000,-5.421875
1757289600000,0.5390625
1757304000000,55.0625
1757318400000,98.625
1757332800000,111.273438
1757347200000,106.804688
1757361600000,119.011719
1757376000000,159.171875
1757390400000,163.75
1757404800000,68.5664062
1757419200000,6.18359375
1757433600000,9.2265625
1757448000000,18.5976562
1757462400000,61.0703125
1757476800000,95.6835938
1757491200000,138.253906
1757505600000,148.039062
1757520000000,103.011719
1757534400000,130.503906
1757548800000,155.539062
1757563200000,157.238281
1757577600000,126.511719
1757592000000,113.648438
1757606400000,235.589844
1757620800000,303.511719
1757635200000,267.355469
1757649600000,249.457031
1757664000000,213.902344
1757678400000,249.605469
1757692800000,236.363281
1757707200000,166.199219
1757721600000,153.398438
1757736000000,124.210938
1757750400000,119.328125
1757764800000,126.234375
1757779200000,127.820312
1757793600000,108.867188
1757808000000,57.625
1757822400000,34.2382812
1757836800000,27.8984375
1757851200000,32.3242188
1757865600000,34.0195312
1757880000000,-36.3984375
1757894400000,-51.8515625
1757908800000,-40.0390625
1757923200000,-65.1601562
1757937600000,-57.3203125
1757952000000,-39.5898438
1757966400000,-33.9765625
1757980800000,-21.8320312
1757995200000,-18.2109375
1758009600000,-12.0390625
1758024000000,36.9648438
1758038400000,88.3007812
1758052800000,79.0351562
1758067200000,92.390625
1758081600000,96.8515625
1758096000000,31.53125
1758110400000,22.3320312
1758124800000,75.9648438
1758139200000,136.980469
1758153600000,142.183594
1758168000000,123.363281
1758182400000,124.996094
1758196800000,141.261719
1758211200000,121.511719
1758225600000,50.5546875
1758240000000,12.7460938
1758254400000,6.640625
1758268800000,-45.1640625
1758283200000,-86.9414062
1758297600000,-48.8476562
1758312000000,-15.25
1758326400000,-22.8476562
1758340800000,-75.9960938
1758355200000,-97.921875
1758369600000,-85.7265625
1758384000000,-115.175781
1758398400000,-131.210938
1758412800000,-108.613281
1758427200000,-93.4414062
1758441600000,-97.0820312
1758456000000,-80.2929688
1758470400000,-54.1523438
1758484800000,-39.4453125
1758499200000,-127.761719
1758513600000,-202.148438
1758528000000,-202.453125
1758542400000,-245.476562
1758556800000,-253.226562
1758571200000,-238.609375
1758585600000,-211.710938
1758600000000,-188.128906
1758614400000,-201.5625
1758628800000,-247.429688
1758643200000,-269.492188
1758657600000,-264.207031
1758672000000,-232.65625
1758686400000,-154.566406
1758700800000,-30.6367188
1758715200000,46.359375
1758729600000,34.5234375
1758744000000,29.8476562
1758758400000,-18.9023438
1758772800000,-68.9726562
1758787200000,-90.8984375
1758801600000,-184.914062
1758816000000,-269.140625
1758830400000,-212.523438
1758844800000,-168.5625
1758859200000,-185.460938
1758873600000,-216.554688
1758888000000,-262.804688
1758902400000,-267.789062
1758916800000,-268.167969
1758931200000,-276.789062
1758945600000,-254.425781
1758960000000,-199.304688
1758974400000,-153.414062
1758988800000,-138.953125
1759003200000,-66.1679688
1759017600000,21.9101562
1759032000000,11.0390625
1759046400000,17.5234375
1759060800000,66.7617188
1759075200000,153.632812
1759089600000,207.1875
1759104000000,174.171875
1759118400000,169.457031
1759132800000,248.113281
1759147200000,333.152344
1759161600000,351.550781
1759176000000,353.253906
1759190400000,324.628906
1759204800000,276.847656
1759219200000,258.878906
1759233600000,306.027344
1759248000000,320.117188
1759262400000,280.667969
1759276800000,221.925781
1759291200000,260.042969
1759305600000,375.035156
1759320000000,388.875
1759334400000,361.125
1759348800000,331.953125
1759363200000,310.789062
1759377600000,307.964844
1759392000000,378.609375
1759406400000,498.726562
1759420800000,543.015625
1759435200000,476.355469
1759449600000,412.785156
1759464000000,423.972656
1759478400000,500.046875
1759492800000,488.738281
1759507200000,383.417969
1759521600000,346.246094
1759536000000,307.453125
1759550400000,251.007812
1759564800000,234.886719
1759579200000,231.851562
1759593600000,202.0625
1759608000000,192.390625
1759622400000,253.625
1759636800000,264.660156
1759651200000,228.917969
1759665600000,193.457031
1759680000000,123.550781
1759694400000,86.3242188
1759708800000,83.34375
1759723200000,109.363281
1759737600000,163.941406
1759752000000,215.761719
1759766400000,221.96875
1759780800000,184.289062
1759795200000,130.15625
1759809600000,72.0820312
1759824000000,-75.4257812
1759838400000,-165.363281
1759852800000,-118.289062
1759867200000,-97.59375
1759881600000,-112.175781
1759896000000,-104.222656
1759910400000,-80.0546875
1759924800000,-72.4140625
1759939200000,-90.8085938
1759953600000,-182.4375
1759968000000,-219.242188
1759982400000,-156.199219
1759996800000,-148.367188
1760011200000,-215.515625
1760025600000,-132.855469
1760040000000,-29.96875
1760054400000,-36.1679688
1760068800000,-9.43359375
1760083200000,-87.0742188
1760097600000,-314.777344
1760112000000,-550.257812
1760126400000,-720.925781
1760140800000,-852.8125
1760155200000,-806.210938
1760169600000,-704.988281
1760184000000,-768.523438
1760198400000,-782.914062
1760212800000,-739.65625
1760227200000,-726.835938
1760241600000,-689.125
1760256000000,-604.351562
1760270400000,-531.625
1760284800000,-400.242188
1760299200000,-207.179688
1760313600000,23.1679688
1760328000000,151.203125
1760342400000,206.605469
1760356800000,267.761719
1760371200000,245.851562
1760385600000,201.394531
1760400000000,117.542969
1760414400000,57.578125
1760428800000,69.296875
1760443200000,74.4101562
1760457600000,19.9609375
1760472000000,-90.1054688
1760486400000,-169.5
1760500800000,-190.371094
1760515200000,-268.214844
1760529600000,-269.882812
1760544000000,-235.5
1760558400000,-290.640625
1760572800000,-326.960938
1760587200000,-241.257812
1760601600000,-189.714844
1760616000000,-225.640625
1760630400000,-281.785156
1760644800000,-293.085938
1760659200000,-389.511719
1760673600000,-495.773438
1760688000000,-437.449219
1760702400000,-405.121094
1760716800000,-354.105469
1760731200000,-306.867188
1760745600000,-294.332031
1760760000000,-292.230469
1760774400000,-276.960938
1760788800000,-284.898438
1760803200000,-204.144531
1760817600000,-83.3945312
1760832000000,-84.5390625
1760846400000,-100.042969
1760860800000,53.2148438
1760875200000,220.765625
1760889600000,184.472656
1760904000000,198.457031
1760918400000,301.097656
1760932800000,310.3125
1760947200000,298.488281
1760961600000,285.953125
1760976000000,255.921875
1760990400000,198.671875
1761004800000,103.257812
1761019200000,79.9453125
1761033600000,285.152344
1761048000000,381.074219
1761062400000,137.804688
1761076800000,-30.7304688
1761091200000,-35.9101562
1761105600000,-103.144531
1761120000000,-191.65625
1761134400000,-213.246094
1761148800000,-241.484375
1761163200000,-215.320312
1761177600000,-132.457031
1761192000000,-38.2265625
1761206400000,71.515625
1761220800000,122.359375
1761235200000,-62.5820312
1761249600000,-167.933594
1761264000000,50.3320312
1761278400000,200.054688
1761292800000,161.875
1761307200000,168.253906
1761321600000,201.058594
1761336000000,205.867188
1761350400000,253.199219
1761364800000,254.164062
1761379200000,188.824219
1761393600000,159.097656
1761408000000,145.933594
1761422400000,98.703125
1761436800000,95.890625
1761451200000,159.132812
1761465600000,193.417969
1761480000000,182.035156
1761494400000,249.554688
1761508800000,316.601562
1761523200000,316.980469
1761537600000,315.511719
1761552000000,277.066406
1761566400000,242.839844
1761580800000,216.988281
1761595200000,177.386719
1761609600000,170.605469
1761624000000,200.289062
1761638400000,214.050781
1761652800000,117.835938
1761667200000,-13.8242188
1761681600000,-66.109375
1761696000000,-72.8203125
1761710400000,-100.058594
1761724800000,-208.851562
1761739200000,-311.222656
1761753600000,-343.257812
1761768000000,-325.433594
1761782400000,-247.625
1761796800000,-246.605469
1761811200000,-379.273438
1761825600000,-510.332031
1761840000000,-506.652344
1761854400000,-386.519531
1761868800000,-285.050781
1761883200000,-200.605469
1761897600000,-198.078125
1761912000000,-242.945312
1761926400000,-190.269531
1761940800000,-87.5585938
1761955200000,-18.4648438
1761969600000,-24.9023438
1761984000000,-63.9257812
1761998400000,-20.6210938
1762012800000,102.542969
1762027200000,207.820312
1762041600000,215.820312
1762056000000,160.898438
1762070400000,93.4570312
1762084800000,14.2773438
1762099200000,4.28515625
1762113600000,-51.8984375
1762128000000,-140.367188
1762142400000,-159.0625
1762156800000,-237.054688
1762171200000,-260.414062
1762185600000,-239.882812
1762200000000,-244.34375
1762214400000,-312.3125
1762228800000,-395.066406
1762243200000,-469.523438
1762257600000,-655.226562
1762272000000,-688.738281
1762286400000,-594.273438
1762300800000,-591.71875
1762315200000,-515.207031
1762329600000,-344.179688
1762344000000,-270.574219
1762358400000,-202.789062
1762372800000,-189.464844
1762387200000,-243.589844
1762401600000,-260.613281
1762416000000,-229.054688
1762430400000,-203.808594
1762444800000,-181.839844
1762459200000,-18.6289062
1762473600000,66.859375
1762488000000,-45.5976562
1762502400000,-108.453125
1762516800000,1.0546875
1762531200000,30.9179688
1762545600000,-66.9414062
1762560000000,-107.867188
1762574400000,-120.34375
1762588800000,-117.988281
1762603200000,-98.09375
1762617600000,-32.8203125
1762632000000,22.21875
1762646400000,33.0390625
1762660800000,35.7929688
1762675200000,76.2265625
1762689600000,221.390625
1762704000000,299.839844
1762718400000,236.753906
1762732800000,208.269531
1762747200000,243.019531
1762761600000,227.78125
1762776000000,239.796875
1762790400000,295.558594
1762804800000,313.476562
1762819200000,247.910156
1762833600000,219.351562
1762848000000,186.375
1762862400000,86.6992188
1762876800000,5.77734375
1762891200000,-79.40625
1762905600000,-110.765625
1762920000000,-92.9882812
1762934400000,-189.34375
1762948800000,-328.1875
1762963200000,-296.78125
1762977600000,-253.273438
1762992000000,-222.003906
1763006400000,-216.632812
1763020800000,-247.25
1763035200000,-360.101562
1763049600000,-375.710938
1763064000000,-280.261719
1763078400000,-355.875
1763092800000,-468.066406
1763107200000,-482.96875
1763121600000,-559.675781
1763136000000,-605.777344
1763150400000,-450.070312
1763164800000,-367.367188
1763179200000,-423.351562
1763193600000,-490.179688
1763208000000,-506.410156
1763222400000,-456.464844
1763236800000,-310.136719
1763251200000,-230.722656
1763265600000,-254.449219
1763280000000,-216.605469
1763294400000,-167.707031
1763308800000,-167.078125
1763323200000,-99.96875
1763337600000,27.9375
1763352000000,8.47265625
1763366400000,-115.300781
1763380800000,-228.894531
1763395200000,-290.011719
1763409600000,-333.152344
1763424000000,-369.480469
1763438400000,-337.777344
1763452800000,-268.082031
1763467200000,-200.957031
1763481600000,-144.710938
1763496000000,-133.910156
1763510400000,-162.429688
1763524800000,-231.683594
1763539200000,-348.46875
1763553600000,-442.992188
1763568000000,-326.191406
1763582400000,-57.875
1763596800000,32.6523438
1763611200000,44.4765625
1763625600000,17.453125
1763640000000,-187.113281
1763654400000,-390.265625
1763668800000,-489.539062
1763683200000,-585.753906
1763697600000,-664.808594
1763712000000,-662.367188
1763726400000,-576.875
1763740800000,-429.398438
1763755200000,-329.214844
1763769600000,-405.574219
1763784000000,-546.15625
1763798400000,-583.960938
1763812800000,-545.894531
1763827200000,-441.90625
1763841600000,-202.074219
1763856000000,-48.1171875
1763870400000,-8.359375
1763884800000,131.726562
1763899200000,293.039062
1763913600000,322.359375
1763928000000,258.800781
1763942400000,186.285156
1763956800000,134.628906
1763971200000,139.246094
1763985600000,225.285156
1764000000000,296.257812
1764014400000,259.769531
1764028800000,211.789062
1764043200000,135.570312
1764057600000,81.8945312
1764072000000,62.8984375
1764086400000,30.25
1764100800000,3.140625
1764115200000,32.3320312
1764129600000,26.4921875
1764144000000,-14.625
1764158400000,131.535156
1764172800000,272.683594
1764187200000,238.53125
1764201600000,211.054688
1764216000000,239.515625
1764230400000,254.195312
1764244800000,275.84375
1764259200000,306.050781
1764273600000,312.121094
1764288000000,283.039062
1764302400000,282.800781
1764316800000,314.003906
1764331200000,305.359375
1764345600000,287.660156
1764360000000,168.0625
1764374400000,30.4609375
1764388800000,-9.58984375
1764403200000,-24.1796875
1764417600000,-35.6601562
1764432000000,-28.1289062
1764446400000,-24.7421875
1764460800000,-33.3945312
1764475200000,-17.0234375
1764489600000,14.3789062
1764504000000,21.046875
1764518400000,-69.5820312
1764532800000,-243.011719
1764547200000,-327.707031
1764561600000,-318.816406
1764576000000,-374.429688
1764590400000,-414.371094
1764604800000,-373.730469
1764619200000,-303.644531
1764633600000,-268.925781
1764648000000,-263.089844
1764662400000,-131.9375
1764676800000,25.6523438
1764691200000,26.375
1764705600000,36.8085938
1764720000000,136.09375
1764734400000,332.972656
1764748800000,447.246094
1764763200000,455.683594
1764777600000,560.671875
1764792000000,618.714844
1764806400000,558.648438
1764820800000,467.851562
1764835200000,427.539062
1764849600000,378.347656
1764864000000,209.027344
1764878400000,53.84375
1764892800000,43.5664062
1764907200000,-11.0195312
1764921600000,-136.496094
1764936000000,-211.382812
1764950400000,-228.898438
1764964800000,-228.703125
1764979200000,-257.210938
1764993600000,-277.335938
1765008000000,-270.722656
1765022400000,-256.777344
1765036800000,-260.167969
1765051200000,-214.871094
1765065600000,-177.25
1765080000000,-204.234375
1765094400000,-204.722656
1765108800000,-94.625
1765123200000,0.0234375
1765137600000,48.8789062
1765152000000,130.597656
1765166400000,160.832031
1765180800000,94.3945312
1765195200000,30.4609375
1765209600000,49.3203125
1765224000000,67.0625
1765238400000,80.0195312
1765252800000,68.4179688
1765267200000,142.316406
1765281600000,284.667969
1765296000000,278
1765310400000,147.636719
1765324800000,120.96875
1765339200000,122.496094
1765353600000,54.6132812
1765368000000,52.9492188
1765382400000,109.300781
1765396800000,66.1601562
1765411200000,-20.9335938
1765425600000,-18.5664062
1765440000000,-27.3007812
1765454400000,-5.98046875
1765468800000,9.9296875
1765483200000,-59.9453125
1765497600000,-62.9453125
1765512000000,-9.21875
1765526400000,-101.910156
1765540800000,-169.695312
1765555200000,-131.855469
1765569600000,-157.515625
1765584000000,-154.253906
1765598400000,-44.609375
1765612800000,9.91015625
1765627200000,-7.94140625
1765641600000,11.8867188
1765656000000,-5.8515625
1765670400000,-100.894531
1765684800000,-185.910156
1765699200000,-226.550781
1765713600000,-256.765625
1765728000000,-198.363281
1765742400000,-97.578125
1765756800000,-52.1015625
1765771200000,-42.2734375
1765785600000,-142.359375
1765800000000,-268.566406
1765814400000,-282.09375
1765828800000,-287.664062
1765843200000,-308.566406
1765857600000,-261.675781
1765872000000,-191.175781
1765886400000,-146.652344
1765900800000,-106.777344
1765915200000,-94.6757812
1765929600000,-92.9765625
1765944000000,-123.839844
1765958400000,-174.003906
1765972800000,-221.484375
1765987200000,-159.792969
1766001600000,-13.6875
1766016000000,29.1640625
1766030400000,63.5664062
1766044800000,138.734375
1766059200000,-10.734375
1766073600000,-188.910156
1766088000000,-115.105469
1766102400000,-23.9570312
1766116800000,36.3125
1766131200000,66.375
1766145600000,61.7304688
1766160000000,60.6835938
1766174400000,108.269531
1766188800000,149.84375
1766203200000,132.078125
1766217600000,106.988281
1766232000000,81.4960938
1766246400000,28.7421875
1766260800000,123.394531
1766275200000,224.574219
1766289600000,157.386719
1766304000000,66.7890625
1766318400000,16.4492188
1766332800000,36.65625
1766347200000,59.8554688
1766361600000,72.4257812
1766376000000,100.230469
1766390400000,114.222656
1766404800000,44.3007812
1766419200000,8.22265625
1766433600000,13.0859375
1766448000000,-32.1640625
1766462400000,-38.3242188
1766476800000,-35.6484375
1766491200000,-57.2304688
1766505600000,-52.4414062
1766520000000,-63.3984375
1766534400000,-104.996094
1766548800000,-120.160156
1766563200000,-133.785156
1766577600000,-162.949219
1766592000000,-159.898438
1766606400000,-82.6679688
1766620800000,-36.6445312
1766635200000,-50.8007812
1766649600000,5.80859375
1766664000000,39.3554688
1766678400000,2.67578125
1766692800000,29.1445312
1766707200000,72.2773438
1766721600000,77.1445312
1766736000000,50.203125
1766750400000,17.2539062
1766764800000,20.3085938
1766779200000,9.42578125
1766793600000,-6.21875
1766808000000,-17.6523438
1766822400000,-23.1601562
1766836800000,-8.3828125
1766851200000,-15.7460938
1766865600000,-31.8710938
1766880000000,3.453125
1766894400000,-15.5742188
1766908800000,-56.125
1766923200000,-58.6679688
1766937600000,-7.32421875
1766952000000,123.480469
1766966400000,175.238281
1766980800000,80.6289062
1766995200000,3.73046875
1767009600000,-0.9296875
1767024000000,-17.0078125
1767038400000,-20.6914062
1767052800000,-23.8554688
1767067200000,-11.6367188
1767081600000,48.671875
1767096000000,56.5664062
1767110400000,34.7539062
1767124800000,54.8867188
1767139200000,54.390625
1767153600000,-18.7226562
1767168000000,-102.042969
1767182400000,-61.7929688
1767196800000,-3.1015625
1767211200000,14.03125
1767225600000,28.953125
1767240000000,34.8359375
1767254400000,41.2460938
1767268800000,36.2421875
1767283200000,10.1289062
1767297600000,18.4882812
1767312000000,37.4882812
1767326400000,49.9257812
1767340800000,67.4804688
1767355200000,63.1835938
1767369600000,108.726562
1767384000000,177.164062
1767398400000,173.867188
1767412800000,141.925781
1767427200000,155.960938
1767441600000,163.496094
1767456000000,173.425781
1767470400000,199.507812
1767484800000,202.164062
1767499200000,184.375
1767513600000,176.621094
1767528000000,151.191406
1767542400000,137.65625
1767556800000,183.613281
1767571200000,196.933594
1767585600000,190.285156
1767600000000,255.515625
1767614400000,318.734375
1767628800000,303.925781
1767643200000,271.875
1767657600000,224.726562
1767672000000,187.609375
1767686400000,169.429688
1767700800000,103.984375
1767715200000,114.488281
1767729600000,144.988281
1767744000000,105.660156
1767758400000,17.6640625
1767772800000,-72.4296875
1767787200000,-113.992188
1767801600000,-163.90625
1767816000000,-220.828125
1767830400000,-250.929688
1767844800000,-252.90625
1767859200000,-220.738281
1767873600000,-196.980469
1767888000000,-198.539062
1767902400000,-125.953125
1767916800000,-141.957031
1767931200000,-195.109375
1767945600000,-147.992188
1767960000000,-125.832031
1767974400000,-90.7734375
1767988800000,-47.5585938
1768003200000,-47.140625
1768017600000,-28.7773438
1768032000000,2.78125
1768046400000,19.5898438
1768060800000,4.44921875
1768075200000,-17.8085938
1768089600000,-22.3164062
1768104000000,-31.5898438
1768118400000,-13.5820312
1768132800000,11.671875
1768147200000,1.4765625
1768161600000,46.2304688
1768176000000,80.4179688
1768190400000,27.4296875
1768204800000,35.8632812
1768219200000,77.4296875
1768233600000,64.2148438
1768248000000,51.8789062
1768262400000,82.2695312
1768276800000,99.421875
1768291200000,145.957031
1768305600000,225.800781
1768320000000,291.121094
1768334400000,347.519531
1768348800000,335.949219
1768363200000,263.324219
1768377600000,303.566406
1768392000000,434.058594
1768406400000,432.027344
1768420800000,341.066406
1768435200000,342.539062
1768449600000,380.25
1768464000000,357.980469
1768478400000,298.011719
1768492800000,203.957031
1768507200000,116.789062
1768521600000,48.5976562
1768536000000,-1.4765625
1768550400000,-33.609375
1768564800000,-16.9609375
1768579200000,-37.3789062
1768593600000,-112.910156
1768608000000,-136.515625
1768622400000,-92.0820312
1768636800000,-62.953125
1768651200000,-84.6601562
1768665600000,-102.125
1768680000000,-67.4257812
1768694400000,-30.3164062
1768708800000,-24.859375
1768723200000,-26.6445312
1768737600000,-22.5507812
1768752000000,-34.8710938
1768766400000,-114.964844
1768780800000,-179.066406
1768795200000,-174.183594
1768809600000,-150.300781
1768824000000,-151.882812
1768838400000,-185.566406
1768852800000,-210.210938
1768867200000,-247.632812
1768881600000,-287.1875
1768896000000,-301.863281
1768910400000,-354.902344
1768924800000,-437.292969
1768939200000,-455.703125
1768953600000,-374.753906
1768968000000,-300.984375
1768982400000,-233.320312
1768996800000,-194.519531
1769011200000,-232.066406
1769025600000,-246.425781
1769040000000,-217.335938
1769054400000,-190.117188
1769068800000,-165.882812
1769083200000,-127.628906
1769097600000,-90.734375
1769112000000,-31.7421875
1769126400000,48.9257812
1769140800000,33.21875
1769155200000,9.5390625
1769169600000,59.1679688
1769184000000,16.5273438
1769198400000,-48
1769212800000,-18.4882812
1769227200000,-7.6171875
1769241600000,-32.3476562
1769256000000,-45.0273438
1769270400000,-18.765625
1769284800000,-26.34375
1769299200000,-65.2070312
1769313600000,-82.859375
1769328000000,-89.109375
1769342400000,-135.839844
1769356800000,-204.886719
1769371200000,-205.292969
1769385600000,-153.167969
1769400000000,-123.511719
1769414400000,-135.914062
1769428800000,-123.882812
1769443200000,-86.8710938
1769457600000,-49.8203125
1769472000000,-48.703125
1769486400000,-64.2304688
1769500800000,-55.7070312
1769515200000,-28.359375
1769529600000,21.7265625
1769544000000,120.238281
1769558400000,179.5625
1769572800000,187.148438
1769587200000,151.804688
1769601600000,107.5625
1769616000000,113.824219
1769630400000,57.8125
1769644800000,-1.7890625
1769659200000,-36.96875
1769673600000,-158.453125
1769688000000,-266.238281
1769702400000,-265.222656
1769716800000,-327.105469
1769731200000,-435.023438
1769745600000,-444.601562
1769760000000,-438.667969
1769774400000,-432.183594
1769788800000,-394.628906
1769803200000,-380.453125
1769817600000,-399.566406
1769832000000,-385.738281
1769846400000,-431.554688
1769860800000,-609.910156
1769875200000,-576.863281
1769889600000,-399.65625
1769904000000,-403.996094
1769918400000,-360.605469
1769932800000,-322.8125
1769947200000,-394.652344
1769961600000,-418.828125
1769976000000,-492.199219
1769990400000,-554.152344
1770004800000,-493.511719
1770019200000,-387.929688
1770033600000,-329.929688
1770048000000,-253.699219
1770062400000,-52.3710938
1770076800000,38.21875
1770091200000,-26.265625
1770105600000,-34.5820312
1770120000000,-143.902344
1770134400000,-203.160156
1770148800000,-84.234375
1770163200000,-36.046875
1770177600000,-28.1875
1770192000000,-100.390625
1770206400000,-229.246094
1770220800000,-346.210938
1770235200000,-463.53125
1770249600000,-545.273438
1770264000000,-591.644531
1770278400000,-707.675781
1770292800000,-865.070312
1770307200000,-1005.69141
1770321600000,-929.023438
1770336000000,-773.210938
1770350400000,-749.292969
1770364800000,-638.710938
1770379200000,-467.386719
1770393600000,-313.828125
1770408000000,-229.273438
1770422400000,-280.042969
1770436800000,-289.398438
1770451200000,-167.476562
1770465600000,-85.5117188
1770480000000,35.5742188
1770494400000,206.566406
1770508800000,384.441406
1770523200000,488.320312
1770537600000,472.019531
1770552000000,400.777344
1770566400000,232.957031
1770580800000,81.9179688
1770595200000,15.8867188
1770609600000,-77.5234375
1770624000000,-19.8320312
1770638400000,157.613281
1770652800000,142.433594
1770667200000,41.5625
1770681600000,-9.4609375
1770696000000,-34.3398438
1770710400000,-34.6601562
1770724800000,-82.2109375
1770739200000,-152.355469
1770753600000,-200.207031
1770768000000,-233.238281
1770782400000,-268.542969
1770796800000,-289.683594
1770811200000,-185.34375
1770825600000,-135.496094
1770840000000,-208.53125
1770854400000,-224.558594
1770868800000,-155.464844
1770883200000,-113.160156
1770897600000,-160.496094
1770912000000,-206.671875
1770926400000,-199.222656
1770940800000,-184.089844
1770955200000,-129.832031
1770969600000,22.609375
1770984000000,125.035156
1770998400000,149.300781
1771012800000,132.238281
1771027200000,126.21875
1771041600000,182.335938
1771056000000,197.820312
1771070400000,156.613281
1771084800000,159.683594
1771099200000,245.085938
1771113600000,313.160156
1771128000000,298.015625
1771142400000,238.070312
1771156800000,144.417969
1771171200000,45.8828125
1771185600000,-12.6171875
1771200000000,-26.7070312
1771214400000,-12.5195312
1771228800000,-63.8476562
1771243200000,-153.046875
1771257600000,-124.953125
1771272000000,-82.0820312
1771286400000,-101.074219
1771300800000,-126.546875
1771315200000,-198.285156
1771329600000,-212.15625
1771344000000,-146.34375
1771358400000,-80.5429688
1771372800000,-48.3984375
1771387200000,-62.5078125
1771401600000,-68.8125
1771416000000,-127.402344
1771430400000,-134.703125
1771444800000,-71.1992188
1771459200000,-92.34375
1771473600000,-130.128906
1771488000000,-140.378906
1771502400000,-98.015625
1771516800000,-41.2070312
1771531200000,-27.8710938
1771545600000,-2.73828125
1771560000000,1.80859375
1771574400000,-28.5195312
1771588800000,-7.65234375
1771603200000,22.3867188
1771617600000,65.953125
1771632000000,104.457031
1771646400000,89.8515625
1771660800000,89.9023438
1771675200000,123.765625
1771689600000,129.710938
1771704000000,91.921875
1771718400000,71.6796875
1771732800000,66.4726562
1771747200000,26.0117188
1771761600000,-1.13671875
1771776000000,4.87890625
1771790400000,-95.3476562
1771804800000,-170.742188
1771819200000,-126.320312
1771833600000,-130.394531
1771848000000,-213.3125
1771862400000,-276.332031
1771876800000,-318.84375
1771891200000,-348.625
1771905600000,-342.765625
1771920000000,-315.441406
1771934400000,-278.443359
1771948800000,-263.910156
1771963200000,-200.568359
1771977600000,-163.966797
1771992000000,-74.0878906
1772006400000,70.6777344
1772020800000,154.673828
1772035200000,185.388672
1772049600000,224.011719
1772064000000,254.412109
1772078400000,274.199219
1772092800000,310.601562
1772107200000,306.277344
1772121600000,281.210938
1772136000000,238.566406
1772150400000,242.789062
1772164800000,155.28125
1772179200000,64.4101562
1772193600000,36.6835938
1772208000000,-56.46875
1772222400000,-170.984375
1772236800000,-265.34375
1772251200000,-305.675781
1772265600000,-263.480469
1772280000000,-166.808594
1772294400000,-73.9414062
1772308800000,-17.21875
1772323200000,-14.6484375
1772337600000,-52.1484375
1772352000000,-71.0390625
1772366400000,-36.4335938
1772380800000,-18.0664062
1772395200000,39.1796875
1772409600000,55.734375
1772424000000,25.03125
1772438400000,210.042969
1772452800000,372.460938
1772467200000,325.269531
1772481600000,213.8125
1772496000000,113.558594
1772510400000,24.9296875
1772524800000,2.86328125
1772539200000,90.2578125
1772553600000,123.910156
1772568000000,116.898438
1772582400000,196.359375
1772596800000,286.824219
1772611200000,418.207031
1772625600000,524.3125
1772640000000,387.878906
1772654400000,254.835938
1772668800000,242.804688
1772683200000,279.203125
1772697600000,287.996094
1772712000000,264.066406
1772726400000,252.269531
1772740800000,207.367188
1772755200000,191.871094
1772769600000,186.503906
1772784000000,53.28125
1772798400000,-142.816406
1772812800000,-296.558594
1772827200000,-387.507812
1772841600000,-371.480469
1772856000000,-334.421875
1772870400000,-310.574219
1772884800000,-358.945312
1772899200000,-366.339844
1772913600000,-296.894531
1772928000000,-267.382812
1772942400000,-254.332031
1772956800000,-264.160156
1772971200000,-240.269531
1772985600000,-193.019531
1773000000000,-122.691406
1773014400000,-52.8984375
1773028800000,-32.3203125
1773043200000,25.2226562
1773057600000,72.8945312
1773072000000,55.4648438
1773086400000,104.023438
1773100800000,196.382812
1773115200000,240.679688
1773129600000,273.289062
1773144000000,235.464844
1773158400000,188.566406
1773172800000,176.5625
1773187200000,210.261719
1773201600000,202.121094
1773216000000,166.800781
1773230400000,199.980469
1773244800000,150.574219
1773259200000,63.0546875
1773273600000,65.7578125
1773288000000,85.6875
1773302400000,33.7890625
1773316800000,-7.96875
1773331200000,-35.1445312
1773345600000,18.7460938
1773360000000,107.855469
1773374400000,156.148438
1773388800000,174.839844
1773403200000,149.8125
1773417600000,97.28125
1773432000000,41.1445312
1773446400000,29.9179688
1773460800000,60.703125
1773475200000,73.9765625
1773489600000,37.453125
1773504000000,40.484375
1773518400000,63.8320312
1773532800000,66.3242188
1773547200000,49.4335938
1773561600000,11.1210938
1773576000000,-29.40625
1773590400000,10.6289062
1773604800000,120.574219
1773619200000,174.933594
1773633600000,177.445312
1773648000000,183.527344
1773662400000,210.164062
1773676800000,267.6875
1773691200000,287.054688
1773705600000,243.242188
1773720000000,205.019531
1773734400000,184.105469
1773748800000,183.917969
1773763200000,182.390625
1773777600000,191.230469
1773792000000,142.601562
1773806400000,16.0664062
1773820800000,-92.4726562
1773835200000,-160.441406
1773849600000,-162.652344
1773864000000,-170.417969
1773878400000,-266.140625
1773892800000,-329.175781
1773907200000,-334.433594
1773921600000,-308.203125
1773936000000,-278.335938
1773950400000,-279.851562
1773964800000,-246.246094
1773979200000,-253.910156
1773993600000,-287.9375
1774008000000,-243.988281
1774022400000,-134.789062
1774036800000,-48.1835938
1774051200000,-32.65625
1774065600000,-40.1914062
1774080000000,-5.36328125
1774094400000,30.75
1774108800000,-2.375
1774123200000,-51.2695312
1774137600000,-70.0585938
1774152000000,-126.433594
1774166400000,-160.910156
1774180800000,-151.648438
1774195200000,-152.441406
1774209600000,-146.277344
1774224000000,-152.570312
1774238400000,-97.7421875
1774252800000,-40.4882812
1774267200000,-19.7851562
1774281600000,10.7148438
1774296000000,13.84375
1774310400000,88.9101562
1774324800000,149.167969
1774339200000,98.4179688
1774353600000,74.2070312
1774368000000,99.96875
1774382400000,148.953125
1774396800000,198.183594
1774411200000,237.632812
1774425600000,217.53125
1774440000000,115.804688
1774454400000,69.5351562
1774468800000,50.65625
1774483200000,-21.6289062
1774497600000,-74.5625
1774512000000,-124.652344
1774526400000,-174.691406
1774540800000,-133.074219
1774555200000,-59.5742188
1774569600000,-94.4648438
1774584000000,-216.707031
1774598400000,-315.941406
1774612800000,-374.632812
1774627200000,-361.445312
1774641600000,-325.59375
1774656000000,-338.070312
1774670400000,-335.164062
1774684800000,-273.597656
1774699200000,-194.917969
1774713600000,-182.128906
1774728000000,-154.753906
1774742400000,-134.910156
1774756800000,-147.59375
1774771200000,-141.773438
1774785600000,-83.890625
1774800000000,-16.6523438
1774814400000,35.2890625
1774828800000,83.1367188
1774843200000,94.65625
1774857600000,89.7226562
1774872000000,46.171875
1774886400000,-0.5234375
1774900800000,20.1679688
1774915200000,63.8085938
1774929600000,27.5078125
1774944000000,-5.44921875
1774958400000,39.4609375
1774972800000,99.3125
1774987200000,126.851562
1775001600000,160.921875
1775016000000,152.777344
1775030400000,103.773438
1775044800000,66.1875
1775059200000,36.5429688
1775073600000,19.7695312
1775088000000,7.515625
1775102400000,-46.046875
1775116800000,-68.9179688
1775131200000,-5.61328125
1775145600000,19.390625
1775160000000,-35.2617188
1775174400000,-85.3007812
1775188800000,-81.6835938
1775203200000,-104.746094
1775217600000,-130.246094
1775232000000,-134.761719
1775246400000,-116.742188
1775260800000,-85.7382812
1775275200000,-17.4414062
1775289600000,38.2109375
1775304000000,55.7070312
1775318400000,54.546875
1775332800000,21.8710938
1775347200000,2.3671875
1775361600000,10.6953125
1775376000000,23.1640625
1775390400000,19.9492188
1775404800000,88.1289062
1775419200000,156.414062
1775433600000,155.933594
1775448000000,175.472656
1775462400000,204.339844
1775476800000,196.132812
1775491200000,143.644531
1775505600000,106.15625
1775520000000,100.5
1775534400000,89.734375
1775548800000,90.8984375
1775563200000,120.101562
1775577600000,237.605469
1775592000000,306.910156
1775606400000,236
1775620800000,186.90625
1775635200000,171.324219
1775649600000,140.921875
1775664000000,101.917969
1775678400000,86.4453125
1775692800000,121.820312
1775707200000,160.007812
1775721600000,210.957031
1775736000000,261.53125
1775750400000,265.089844
1775764800000,232.90625
1775779200000,87.1171875
1775793600000,14.5976562
1775808000000,59.7695312
1775822400000,86.34375
1775836800000,116.902344
1775851200000,115.972656
1775865600000,116.996094
1775880000000,130.3125
1775894400000,137.570312
1775908800000,159.792969
1775923200000,124.410156
1775937600000,15.8242188
1775952000000,-20.2617188
1775966400000,-17.125
1775980800000,-34.6367188
1775995200000,-56.9921875
1776009600000,-97.984375
1776024000000,-142.695312
1776038400000,-158.359375
1776052800000,-147.644531
1776067200000,-102.660156
1776081600000,-17.2890625
1776096000000,70.84375
1776110400000,83.2851562
1776124800000,81.6953125
1776139200000,153.515625
1776153600000,229.871094
1776168000000,228.507812
1776182400000,214.234375
1776196800000,232.53125
1776211200000,223.636719
1776225600000,222.589844
1776240000000,223.347656
1776254400000,253.8125
1776268800000,250.582031
1776283200000,159.953125
1776297600000,64.453125
1776312000000,12.8984375
1776326400000,7.61328125
1776340800000,38.0078125
1776355200000,27.3710938
1776369600000,7.296875
1776384000000,46.53125
1776398400000,76.890625
1776412800000,189.273438
1776427200000,259.273438
1776441600000,230.332031
1776456000000,188.082031
1776470400000,150.304688
1776484800000,119.773438
1776499200000,94.1015625
1776513600000,92.2773438
1776528000000,75.8945312
1776542400000,43.1132812
1776556800000,10.6679688
1776571200000,40.1953125
1776585600000,63.8945312
1776600000000,5.4296875
1776614400000,-164.976562
1776628800000,-241.566406
1776643200000,-180.058594
1776657600000,-145.59375
1776672000000,-109.816406
1776686400000,-36.453125
1776700800000,-2.07421875
1776715200000,-8.88671875
1776729600000,17.0429688
1776744000000,48.1015625
1776758400000,53.4960938
1776772800000,-1.76171875
1776787200000,-4.58203125
1776801600000,108.410156
1776816000000,241.601562
1776830400000,280.867188
1776844800000,289.980469
1776859200000,289.402344
1776873600000,217.417969
1776888000000,139.207031
1776902400000,129.96875
1776916800000,148.8125
1776931200000,150.878906
1776945600000,125.222656
1776960000000,130.441406
1776974400000,183.617188
1776988800000,145.925781
1777003200000,74.0625
1777017600000,27.3710938
1777032000000,-21.7617188
1777046400000,-89.203125
1777060800000,-107.785156
1777075200000,-66.6875
1777089600000,-27.3945312
1777104000000,-27.8828125
1777118400000,-38.5664062
1777132800000,-39.9375
1777147200000,-38.0976562
1777161600000,-16.1835938
1777176000000,7.7890625
1777190400000,25.65625
1777204800000,12.34375
1777219200000,20.3945312
1777233600000,73.3242188
1777248000000,57.6914062
1777262400000,10.9140625
1777276800000,-19.9570312
1777291200000,-54.796875
1777305600000,-29.375
1777320000000,-19.2578125
1777334400000,-47.1015625
1777348800000,-70.8046875
1777363200000,-116.960938
1777377600000,-138.097656
1777392000000,-125.796875
1777406400000,-107.207031
1777420800000,-103.113281
1777435200000,-112.390625
1777449600000,-115.128906
1777464000000,-143.027344
1777478400000,-119.671875
1777492800000,-71.9335938
1777507200000,-78.8789062
1777521600000,-72.3867188
1777536000000,-43.4609375
1777550400000,-9.3671875
1777564800000,14.359375
1777579200000,36.1992188
1777593600000,56.1054688
1777608000000,45.4492188
1777622400000,66.3710938
1777636800000,76.4257812
1777651200000,109.554688
1777665600000,185.148438
1777680000000,190.550781
1777694400000,168.316406
1777708800000,164.121094
1777723200000,171.140625
1777737600000,167.53125
1777752000000,145.117188
1777766400000,138.527344
1777780800000,129.265625
1777795200000,110.261719
1777809600000,101.359375
1777824000000,51.2148438
1777838400000,74.78125
1777852800000,122.238281
1777867200000,65.140625
1777881600000,77.4101562
1777896000000,131.558594
1777910400000,116.488281
1777924800000,135.351562
1777939200000,164.59375
1777953600000,178.90625
1777968000000,213.457031
1777982400000,217.882812
1777996800000,184.800781
1778011200000,180.109375
1778025600000,200.777344
1778040000000,179.1875
1778054400000,150.285156
1778068800000,167.089844
1778083200000,145.898438
1778097600000,78.9570312
1778112000000,87.90625
1778126400000,58.6992188
1778140800000,-35.4335938
1778155200000,-66.6640625
1778169600000,-85.84375
1778184000000,-126.644531
1778198400000,-116.074219
1778212800000,-91.515625
1778227200000,-92.8320312
1778241600000,-128.4375
1778256000000,-137.183594
1778270400000,-91.6757812
1778284800000,-81.2148438
1778299200000,-60.3320312
1778313600000,-52.8828125
1778328000000,-33.234375
1778342400000,29.6289062
1778356800000,50.4414062
1778371200000,48.6171875
1778385600000,70.4648438
1778400000000,106.777344
1778414400000,104.867188
1778428800000,117.839844
1778443200000,94.1757812
1778457600000,38.671875
1778472000000,47.90625
1778486400000,71.2226562
1778500800000,100.015625
1778515200000,100.457031
1778529600000,47.0507812
1778544000000,9.86328125
1778558400000,5.33984375
1778572800000,-15.296875
1778587200000,-15.34375
1778601600000,-33.5234375
1778616000000,-39.875
1778630400000,-50.2304688
1778644800000,-51.6757812
1778659200000,-77.453125
1778673600000,-125.230469
1778688000000,-132.058594
1778702400000,-181.183594
1778716800000,-177.21875
1778731200000,-137.023438
1778745600000,-49.1171875
1778760000000,39.5
1778774400000,51.2109375
1778788800000,36.328125
1778803200000,20.3945312
1778817600000,-10.3164062
1778832000000,-89.1796875
1778846400000,-116.5625
1778860800000,-40.171875
1778875200000,-10.234375
1778889600000,-53.2851562
1778904000000,-68.1601562
1778918400000,-88.4335938
1778932800000,-89.4765625
1778947200000,-148.851562
1778961600000,-235.644531
1778976000000,-226.808594
1778990400000,-200.042969
1779004800000,-195.429688
1779019200000,-179.375
1779033600000,-140.230469
1779048000000,-139.464844
1779062400000,-151.066406
1779076800000,-137.675781
1779091200000,-135.152344
1779105600000,-111.835938
1779120000000,-86.2109375
1779134400000,-97.84375
1779148800000,-86.4375
1779163200000,-80.8007812
1779177600000,-107.769531
1779192000000,-117.519531
1779206400000,-101.53125
1779220800000,-105.910156
1779235200000,-69.0976562
1779249600000,7.5625
1779264000000,27.890625
1779278400000,26.5976562
1779292800000,52.9023438
1779307200000,80.4375
1779321600000,71.5585938
1779336000000,44.6484375
1779350400000,14.109375
1779364800000,34.8789062
1779379200000,73.78125
1779393600000,72.7460938
1779408000000,53.359375
1779422400000,44.6054688
1779436800000,6.82421875
1779451200000,-72.5429688
1779465600000,-123.679688
1779480000000,-142.578125
1779494400000,-179.398438
1779508800000,-223.941406
1779523200000,-202.496094
1779537600000,-128.582031
1779552000000,-62.9140625
1779566400000,-54.1835938
1779580800000,-66.0117188
1779595200000,-48.8554688
1779609600000,-55.2734375
1779624000000,-61.1328125
1779638400000,-14.7148438
1779652800000,50.4960938
1779667200000,107.679688
1779681600000,128.125
1779696000000,170.371094
1779710400000,203.769531
1779724800000,159.753906
1779739200000,89.7851562
1779753600000,25.0976562
1779768000000,17.296875
1779782400000,7.0859375
1779796800000,-56.0273438
1779811200000,-62.3476562
1779825600000,-57.1015625
1779840000000,-79.9804688
1779854400000,-85.4492188
1779868800000,-120.960938
1779883200000,-158.394531
1779897600000,-197.933594
1779912000000,-265.144531
1779926400000,-288.296875
1779940800000,-251.367188
1779955200000,-249.550781
1779969600000,-271.339844
1779984000000,-237.753906
1779998400000,-198.894531
1780012800000,-181.292969
1780027200000,-161.617188
1780041600000,-154.003906
1780056000000,-155.984375
1780070400000,-144.25
1780084800000,-119.335938
1780099200000,-85.5742188
1780113600000,-19.1953125
1780128000000,28.0039062
1780142400000,33.6484375
1780156800000,51.3359375
1780171200000,58.9179688
1780185600000,33.8554688
1780200000000,31.03125
1780214400000,26.5273438
1780228800000,6.3046875
1780243200000,-1.53125
1780257600000,3.98046875
1780272000000,-15.3945312
1780286400000,-59.9882812
1780300800000,-123.863281
1780315200000,-158.527344
1780329600000,-160.496094
1780344000000,-198.257812
1780358400000,-243.035156
1780372800000,-300.554688
1780387200000,-401.84375
1780401600000,-472.832031
1780416000000,-483.546875
1780430400000,-521.148438
1780444800000,-505.371094
1780459200000,-469.21875
1780473600000,-479.371094
1780488000000,-491.425781
1780502400000,-499.664062
1780516800000,-506.304688
1780531200000,-535.382812
1780545600000,-577.273438
1780560000000,-520.359375
1780574400000,-428.859375
1780588800000,-328.259766
1780603200000,-282.878906
1780617600000,-291.542969
1780632000000,-266.40625
1780646400000,-377.988281
1780660800000,-479.332031
1780675200000,-416.167969
1780689600000,-345.654297
1780704000000,-278.65625
1780718400000,-236.171875
1780732800000,-225.71875
1780747200000,-168.142578
1780761600000,-173.724609
1780776000000,-172.689453
1780790400000,-118.410156
1780804800000,-52.4375
1780819200000,-36.2089844
1780833600000,-56.7753906
1780848000000,82.1894531
1780862400000,204.474609
1780876800000,179.732422
1780891200000,177.671875
1780905600000,198.158203
1780920000000,191.734375
1780934400000,174.40625
1780948800000,164.103516
1780963200000,163.556641
1780977600000,117.869141
1780992000000,-9.87109375
1781006400000,-65.3496094
1781020800000,-32.9277344
1781035200000,-6.41210938
1781049600000,-52.96875
1781064000000,-135.802734
1781078400000,-98.9628906
1781092800000,-78.0292969
1781107200000,-136.853516
1781121600000,-108.117188
1781136000000,-40.4472656
1781150400000,-8.02539062
1781164800000,-10.828125
1781179200000,13.1816406
1781193600000,118.449219
1781208000000,137.369141
1781222400000,96.2402344
1781236800000,125.052734
1781251200000,147
1781265600000,160.724609
1781280000000,125.728516
1781294400000,91.0585938
1781308800000,141.398438
1781323200000,130.958984
1781337600000,104.322266
1781352000000,101.818359
1781366400000,105.867188
1781380800000,96.8710938
1781395200000,65.1757812
1781409600000,68.6425781
1781424000000,73.5175781
1781438400000,37.8730469
1781452800000,79.8320312
1781467200000,160.419922
1781481600000,158.597656
1781496000000,171.580078
1781510400000,219.25
1781524800000,217.462891
1781539200000,166.892578
1781553600000,138.21875
1781568000000,134.982422
1781582400000,137.732422
1781596800000,119.087891
1781611200000,89.5390625
1781625600000,97.4335938
1781640000000,130.308594
1781654400000,63.8867188
1781668800000,-49.125
1781683200000,-38.5625
1781697600000,-67.265625
1781712000000,-170.070312
1781726400000,-184.832031
1781740800000,-150.333984
1781755200000,-144.621094
1781769600000,-223.306641
1781784000000,-271.792969
1781798400000,-231.392578
1781812800000,-208.417969
1781827200000,-213.167969
1781841600000,-224.054688
1781856000000,-197.839844
1781870400000,-146.966797
1781884800000,-143.292969
1781899200000,-109.332031
1781913600000,-60.7929688
1781928000000,-52.171875
1781942400000,-33.7285156
1781956800000,-13.8574219
1781971200000,67.0332031
1781985600000,121.289062
1782000000000,96.7460938
1782014400000,93.3476562
1782028800000,105.664062
1782043200000,111.777344
1782057600000,57.84375
1782072000000,36.0722656
1782086400000,56.6777344
1782100800000,65.4453125
1782115200000,84.546875
1782129600000,70.75
1782144000000,23.1894531
1782158400000,-1.80273438
1782172800000,-47.2441406
1782187200000,-119.599609
1782201600000,-130.109375
1782216000000,-124.929688
1782230400000,-116.697266
1782244800000,-105.542969
1782259200000,-76.1933594
1782273600000,-61.5449219
1782288000000,-179.191406
1782302400000,-309.890625
1782316800000,-303.707031
1782331200000,-264.970703
1782345600000,-205.890625
1782360000000,-175.300781
1782374400000,-218.117188
1782388800000,-233.091797
1782403200000,-210.882812
1782417600000,-181.076172
1782432000000,-163.332031
1782446400000,-197.523438
1782460800000,-201.652344
1782475200000,-196.171875
1782489600000,-119.214844
1782504000000,6.68164062
1782518400000,-6.14648438
1782532800000,-36.9785156
1782547200000,-56.3183594
1782561600000,-78.2148438
1782576000000,-23.3457031
1782590400000,48.3007812
1782604800000,47.2851562
1782619200000,26.5039062
1782633600000,-12.2148438
1782648000000,-20.5390625
1782662400000,-24.5058594
1782676800000,-16.8222656
1782691200000,8.41015625
1782705600000,-13.8105469
1782720000000,-37.3925781
1782734400000,-22.5820312
1782748800000,-17.5859375
1782763200000,-39.9140625
1782777600000,-36.7792969
1782792000000,-54.0585938
1782806400000,-103.021484
1782820800000,-120.416016
1782835200000,-98.8886719
1782849600000,-55.2578125
1782864000000,-39.3359375
1782878400000,-79.3398438
1782892800000,-45.7109375
1782907200000,7.31054688
1782921600000,10.4472656
1782936000000,31.2109375
1782950400000,19.9492188
1782964800000,59.625
1782979200000,138.011719
1782993600000,157.578125
1783008000000,197.259766
1783022400000,208.601562
1783036800000,206.390625
1783051200000,214.316406
1783065600000,215.341797
1783080000000,242.900391
1783094400000,216.257812
1783108800000,180.521484
1783123200000,185.173828
1783137600000,141.900391
1783152000000,150.476562
1783166400000,169.703125
1783180800000,124.324219
1783195200000,101.314453
1783209600000,99.2148438
1783224000000,96.6640625
1783238400000,79.2851562
1783252800000,62.5898438
1783267200000,89.3828125
1783281600000,100.400391
1783296000000,56.3984375
1783310400000,12.4023438
1783324800000,29.2109375
1783339200000,79.7285156
1783353600000,84.7675781
1783368000000,36.3652344
1783382400000,-5.51367188
1783396800000,20.8789062
1783411200000,55.09375
1783425600000,74.734375
1783440000000,65.2636719
1783454400000,21.8730469
1783468800000,-27.9746094
1783483200000,-62.3964844
1783497600000,-84.6464844
1783512000000,-56.3085938
1783526400000,-52.0214844
1783540800000,-107.878906
1783555200000,-100.089844
1783569600000,-52.0957031
1783584000000,-22.5898438
1783598400000,-13.40625
1783612800000,-29.7246094
1783627200000,-20.1796875
1783641600000,26.34375
1783656000000,82.2617188
1783670400000,101.542969
1783684800000,100.384766
1783699200000,147.152344
1783713600000,155.431641
1783728000000,133.976562
1783742400000,147.136719
1783756800000,121.777344
1783771200000,96.0429688
1783785600000,88.7578125
1783800000000,69.796875
1783814400000,58.1289062
1783828800000,25.3144531
1783843200000,9.2109375
1783857600000,0.306640625
1783872000000,-15.7714844
1783886400000,-49.6894531
1783900800000,-81.7714844
1783915200000,-86.2792969
1783929600000,-100.080078
1783944000000,-124.310547
1783958400000,-135.445312
1783972800000,-128.363281
1783987200000,-108.353516
1784001600000,-96.7832031
1784016000000,-19.1035156
1784030400000,51.5605469
1784044800000,51.0390625
1784059200000,50.75
1784073600000,47.5957031
1784088000000,96.1640625
1784102400000,154.339844
1784116800000,159.435547
1784131200000,150.328125
1784145600000,160.400391
1784160000000,152.089844
1784174400000,128.685547
1784188800000,138.427734
1784203200000,129.771484
1784217600000,18.8398438
1784232000000,-69.2558594
1784246400000,-116.396484
1784260800000,-134.279297
1784275200000,-93.5683594
1784289600000,-59.4960938
1784304000000,-72.7949219
1784318400000,-87.2753906
1784332800000,-61.2050781
1784347200000,-46.5253906
1784361600000,-23.6503906
1784376000000,7.47265625
1784390400000,15.9863281
1784404800000,20.9355469
1784419200000,47.3183594
1784433600000,63.5703125
1784448000000,95.296875
1784462400000,
